`torch_dtype` is deprecated! Use `dtype` instead!
Loading weights:   0%|          | 0/398 [00:00<?, ?it/s]Loading weights:   2%|▏         | 8/398 [00:00<00:04, 78.25it/s]Loading weights:  23%|██▎       | 91/398 [00:00<00:00, 511.28it/s]Loading weights:  36%|███▋      | 145/398 [00:00<00:00, 522.37it/s]Loading weights:  54%|█████▍    | 214/398 [00:00<00:00, 583.43it/s]Loading weights:  70%|███████   | 279/398 [00:00<00:00, 599.48it/s]Loading weights:  85%|████████▌ | 339/398 [00:00<00:00, 589.56it/s]Loading weights: 100%|██████████| 398/398 [00:00<00:00, 564.52it/s]
[15:10:02] Loaded qwen3: class=Qwen3ForCausalLM, GPU=8.05GB, attn=eager
[15:10:16] qwen3: cached/scored 3/3 paired cases
[15:10:26] qwen3: causal patched 3/3 paired cases
[model_utils] GPU memory released, allocated=8.09 GB
{
  "model": "qwen3",
  "n_paired_cases": 3,
  "n_rows": 294,
  "phase": 693,
  "scan_layers": [
    18,
    19,
    20,
    21,
    22,
    23,
    24,
    25
  ],
  "summary": {
    "best_degradation_conditions": [
      {
        "condition": "degradation|late_top8",
        "mean_patched_rank": 2.3333333333333335,
        "mean_pmv_effect": 2.0833333333333335,
        "mean_rank_effect": 1.3333333333333333,
        "mean_short_rank": 2.0,
        "mean_target_delta": 7.2557627360026045,
        "mean_target_delta_fraction": 0.7693116032039838,
        "mean_target_effect": 5.388678232828776,
        "mean_terse_rank": 1.0,
        "n": 3,
        "patched_best_other_route": {
          "continuation": 1,
          "prose": 2
        },
        "patched_top1_rate": 0.0,
        "success_change_rate": 1.0
      },
      {
        "condition": "degradation|late_top16",
        "mean_patched_rank": 2.0,
        "mean_pmv_effect": 2.5833333333333335,
        "mean_rank_effect": 1.0,
        "mean_short_rank": 2.0,
        "mean_target_delta": 7.2557627360026045,
        "mean_target_delta_fraction": 0.8625397378646741,
        "mean_target_effect": 6.015768051147461,
        "mean_terse_rank": 1.0,
        "n": 3,
        "patched_best_other_route": {
          "continuation": 1,
          "prose": 2
        },
        "patched_top1_rate": 0.3333333333333333,
        "success_change_rate": 0.6666666666666666
      },
      {
        "condition": "degradation|all_top16",
        "mean_patched_rank": 1.6666666666666667,
        "mean_pmv_effect": 2.1666666666666665,
        "mean_rank_effect": 0.6666666666666666,
        "mean_short_rank": 2.0,
        "mean_target_delta": 7.2557627360026045,
        "mean_target_delta_fraction": 0.6881905848707094,
        "mean_target_effect": 4.883412043253581,
        "mean_terse_rank": 1.0,
        "n": 3,
        "patched_best_other_route": {
          "continuation": 1,
          "prose": 2
        },
        "patched_top1_rate": 0.3333333333333333,
        "success_change_rate": 0.6666666666666666
      },
      {
        "condition": "degradation|all_top8",
        "mean_patched_rank": 1.3333333333333333,
        "mean_pmv_effect": 1.625,
        "mean_rank_effect": 0.3333333333333333,
        "mean_short_rank": 2.0,
        "mean_target_delta": 7.2557627360026045,
        "mean_target_delta_fraction": 0.5465264173385391,
        "mean_target_effect": 3.7919788360595703,
        "mean_terse_rank": 1.0,
        "n": 3,
        "patched_best_other_route": {
          "continuation": 1,
          "prose": 2
        },
        "patched_top1_rate": 0.6666666666666666,
        "success_change_rate": 0.3333333333333333
      },
      {
        "condition": "degradation|all_random",
        "mean_patched_rank": 1.3333333333333333,
        "mean_pmv_effect": 1.75,
        "mean_rank_effect": 0.3333333333333333,
        "mean_short_rank": 2.0,
        "mean_target_delta": 7.2557627360026045,
        "mean_target_delta_fraction": 0.3800340916577958,
        "mean_target_effect": 2.7799905141194663,
        "mean_terse_rank": 1.0,
        "n": 3,
        "patched_best_other_route": {
          "continuation": 2,
          "prose": 1
        },
        "patched_top1_rate": 0.6666666666666666,
        "success_change_rate": 0.3333333333333333
      },
      {
        "condition": "degradation|L24_top4",
        "mean_patched_rank": 1.0,
        "mean_pmv_effect": 1.0,
        "mean_rank_effect": 0.0,
        "mean_short_rank": 2.0,
        "mean_target_delta": 7.2557627360026045,
        "mean_target_delta_fraction": 0.3328168112469077,
        "mean_target_effect": 2.425802230834961,
        "mean_terse_rank": 1.0,
        "n": 3,
        "patched_best_other_route": {
          "continuation": 2,
          "prose": 1
        },
        "patched_top1_rate": 1.0,
        "success_change_rate": 0.0
      },
      {
        "condition": "degradation|L24_all_heads",
        "mean_patched_rank": 1.0,
        "mean_pmv_effect": 1.2916666666666667,
        "mean_rank_effect": 0.0,
        "mean_short_rank": 2.0,
        "mean_target_delta": 7.2557627360026045,
        "mean_target_delta_fraction": 0.29383789792355514,
        "mean_target_effect": 2.166654586791992,
        "mean_terse_rank": 1.0,
        "n": 3,
        "patched_best_other_route": {
          "continuation": 2,
          "prose": 1
        },
        "patched_top1_rate": 1.0,
        "success_change_rate": 0.0
      },
      {
        "condition": "degradation|L24_top2",
        "mean_patched_rank": 1.0,
        "mean_pmv_effect": 0.75,
        "mean_rank_effect": 0.0,
        "mean_short_rank": 2.0,
        "mean_target_delta": 7.2557627360026045,
        "mean_target_delta_fraction": 0.29165350908729176,
        "mean_target_effect": 2.123418172200521,
        "mean_terse_rank": 1.0,
        "n": 3,
        "patched_best_other_route": {
          "continuation": 2,
          "prose": 1
        },
        "patched_top1_rate": 1.0,
        "success_change_rate": 0.0
      },
      {
        "condition": "degradation|L24_top1",
        "mean_patched_rank": 1.0,
        "mean_pmv_effect": 0.6666666666666666,
        "mean_rank_effect": 0.0,
        "mean_short_rank": 2.0,
        "mean_target_delta": 7.2557627360026045,
        "mean_target_delta_fraction": 0.2659846987560826,
        "mean_target_effect": 1.9096387227376301,
        "mean_terse_rank": 1.0,
        "n": 3,
        "patched_best_other_route": {
          "continuation": 2,
          "prose": 1
        },
        "patched_top1_rate": 1.0,
        "success_change_rate": 0.0
      },
      {
        "condition": "degradation|L20_all_heads",
        "mean_patched_rank": 1.0,
        "mean_pmv_effect": 0.7083333333333334,
        "mean_rank_effect": 0.0,
        "mean_short_rank": 2.0,
        "mean_target_delta": 7.2557627360026045,
        "mean_target_delta_fraction": 0.22760550660245393,
        "mean_target_effect": 1.5541877746582031,
        "mean_terse_rank": 1.0,
        "n": 3,
        "patched_best_other_route": {
          "continuation": 1,
          "prose": 2
        },
        "patched_top1_rate": 1.0,
        "success_change_rate": 0.0
      },
      {
        "condition": "degradation|L23_all_heads",
        "mean_patched_rank": 1.0,
        "mean_pmv_effect": 1.25,
        "mean_rank_effect": 0.0,
        "mean_short_rank": 2.0,
        "mean_target_delta": 7.2557627360026045,
        "mean_target_delta_fraction": 0.1942933173339461,
        "mean_target_effect": 1.480826695760091,
        "mean_terse_rank": 1.0,
        "n": 3,
        "patched_best_other_route": {
          "prose": 3
        },
        "patched_top1_rate": 1.0,
        "success_change_rate": 0.0
      },
      {
        "condition": "degradation|L23_top2",
        "mean_patched_rank": 1.0,
        "mean_pmv_effect": 0.9583333333333334,
        "mean_rank_effect": 0.0,
        "mean_short_rank": 2.0,
        "mean_target_delta": 7.2557627360026045,
        "mean_target_delta_fraction": 0.18029664388986952,
        "mean_target_effect": 1.340863545735677,
        "mean_terse_rank": 1.0,
        "n": 3,
        "patched_best_other_route": {
          "continuation": 1,
          "prose": 2
        },
        "patched_top1_rate": 1.0,
        "success_change_rate": 0.0
      },
      {
        "condition": "degradation|L23_top1",
        "mean_patched_rank": 1.0,
        "mean_pmv_effect": 0.75,
        "mean_rank_effect": 0.0,
        "mean_short_rank": 2.0,
        "mean_target_delta": 7.2557627360026045,
        "mean_target_delta_fraction": 0.16253096715396476,
        "mean_target_effect": 1.1993287404378254,
        "mean_terse_rank": 1.0,
        "n": 3,
        "patched_best_other_route": {
          "continuation": 1,
          "prose": 2
        },
        "patched_top1_rate": 1.0,
        "success_change_rate": 0.0
      },
      {
        "condition": "degradation|L23_top4",
        "mean_patched_rank": 1.0,
        "mean_pmv_effect": 0.9583333333333334,
        "mean_rank_effect": 0.0,
        "mean_short_rank": 2.0,
        "mean_target_delta": 7.2557627360026045,
        "mean_target_delta_fraction": 0.16144946076115166,
        "mean_target_effect": 1.1631882985432942,
        "mean_terse_rank": 1.0,
        "n": 3,
        "patched_best_other_route": {
          "continuation": 1,
          "prose": 2
        },
        "patched_top1_rate": 1.0,
        "success_change_rate": 0.0
      },
      {
        "condition": "degradation|L22_all_heads",
        "mean_patched_rank": 1.0,
        "mean_pmv_effect": 0.625,
        "mean_rank_effect": 0.0,
        "mean_short_rank": 2.0,
        "mean_target_delta": 7.2557627360026045,
        "mean_target_delta_fraction": 0.13002403417816208,
        "mean_target_effect": 0.857537587483724,
        "mean_terse_rank": 1.0,
        "n": 3,
        "patched_best_other_route": {
          "continuation": 1,
          "prose": 2
        },
        "patched_top1_rate": 1.0,
        "success_change_rate": 0.0
      },
      {
        "condition": "degradation|L20_top1",
        "mean_patched_rank": 1.0,
        "mean_pmv_effect": 0.4166666666666667,
        "mean_rank_effect": 0.0,
        "mean_short_rank": 2.0,
        "mean_target_delta": 7.2557627360026045,
        "mean_target_delta_fraction": 0.07168306397825773,
        "mean_target_effect": 0.5618343353271484,
        "mean_terse_rank": 1.0,
        "n": 3,
        "patched_best_other_route": {
          "continuation": 2,
          "prose": 1
        },
        "patched_top1_rate": 1.0,
        "success_change_rate": 0.0
      },
      {
        "condition": "degradation|L18_random4",
        "mean_patched_rank": 1.0,
        "mean_pmv_effect": 0.3333333333333333,
        "mean_rank_effect": 0.0,
        "mean_short_rank": 2.0,
        "mean_target_delta": 7.2557627360026045,
        "mean_target_delta_fraction": 0.07182851119182092,
        "mean_target_effect": 0.49828656514485675,
        "mean_terse_rank": 1.0,
        "n": 3,
        "patched_best_other_route": {
          "continuation": 2,
          "prose": 1
        },
        "patched_top1_rate": 1.0,
        "success_change_rate": 0.0
      },
      {
        "condition": "degradation|L22_random4",
        "mean_patched_rank": 1.0,
        "mean_pmv_effect": 0.4583333333333333,
        "mean_rank_effect": 0.0,
        "mean_short_rank": 2.0,
        "mean_target_delta": 7.2557627360026045,
        "mean_target_delta_fraction": 0.06695942675272597,
        "mean_target_effect": 0.49456024169921875,
        "mean_terse_rank": 1.0,
        "n": 3,
        "patched_best_other_route": {
          "continuation": 2,
          "prose": 1
        },
        "patched_top1_rate": 1.0,
        "success_change_rate": 0.0
      },
      {
        "condition": "degradation|L18_top2",
        "mean_patched_rank": 1.0,
        "mean_pmv_effect": 0.08333333333333333,
        "mean_rank_effect": 0.0,
        "mean_short_rank": 2.0,
        "mean_target_delta": 7.2557627360026045,
        "mean_target_delta_fraction": 0.06219648229231434,
        "mean_target_effect": 0.4338823954264323,
        "mean_terse_rank": 1.0,
        "n": 3,
        "patched_best_other_route": {
          "continuation": 2,
          "prose": 1
        },
        "patched_top1_rate": 1.0,
        "success_change_rate": 0.0
      },
      {
        "condition": "degradation|L18_top1",
        "mean_patched_rank": 1.0,
        "mean_pmv_effect": 0.16666666666666666,
        "mean_rank_effect": 0.0,
        "mean_short_rank": 2.0,
        "mean_target_delta": 7.2557627360026045,
        "mean_target_delta_fraction": 0.04252213019930445,
        "mean_target_effect": 0.2804552714029948,
        "mean_terse_rank": 1.0,
        "n": 3,
        "patched_best_other_route": {
          "continuation": 1,
          "prose": 2
        },
        "patched_top1_rate": 1.0,
        "success_change_rate": 0.0
      },
      {
        "condition": "degradation|L18_all_heads",
        "mean_patched_rank": 1.0,
        "mean_pmv_effect": 0.25,
        "mean_rank_effect": 0.0,
        "mean_short_rank": 2.0,
        "mean_target_delta": 7.2557627360026045,
        "mean_target_delta_fraction": 0.030969278605870124,
        "mean_target_effect": 0.2631041208902995,
        "mean_terse_rank": 1.0,
        "n": 3,
        "patched_best_other_route": {
          "continuation": 2,
          "prose": 1
        },
        "patched_top1_rate": 1.0,
        "success_change_rate": 0.0
      },
      {
        "condition": "degradation|L25_top1",
        "mean_patched_rank": 1.0,
        "mean_pmv_effect": 0.25,
        "mean_rank_effect": 0.0,
        "mean_short_rank": 2.0,
        "mean_target_delta": 7.2557627360026045,
        "mean_target_delta_fraction": 0.03647320884806634,
        "mean_target_effect": 0.23609797159830728,
        "mean_terse_rank": 1.0,
        "n": 3,
        "patched_best_other_route": {
          "continuation": 2,
          "prose": 1
        },
        "patched_top1_rate": 1.0,
        "success_change_rate": 0.0
      },
      {
        "condition": "degradation|L21_random4",
        "mean_patched_rank": 1.0,
        "mean_pmv_effect": 0.0,
        "mean_rank_effect": 0.0,
        "mean_short_rank": 2.0,
        "mean_target_delta": 7.2557627360026045,
        "mean_target_delta_fraction": 0.03030080652865173,
        "mean_target_effect": 0.21289189656575522,
        "mean_terse_rank": 1.0,
        "n": 3,
        "patched_best_other_route": {
          "continuation": 2,
          "prose": 1
        },
        "patched_top1_rate": 1.0,
        "success_change_rate": 0.0
      },
      {
        "condition": "degradation|L20_random4",
        "mean_patched_rank": 1.0,
        "mean_pmv_effect": 0.16666666666666666,
        "mean_rank_effect": 0.0,
        "mean_short_rank": 2.0,
        "mean_target_delta": 7.2557627360026045,
        "mean_target_delta_fraction": 0.0204845599206493,
        "mean_target_effect": 0.21116129557291666,
        "mean_terse_rank": 1.0,
        "n": 3,
        "patched_best_other_route": {
          "continuation": 2,
          "prose": 1
        },
        "patched_top1_rate": 1.0,
        "success_change_rate": 0.0
      },
      {
        "condition": "degradation|L25_top4",
        "mean_patched_rank": 1.0,
        "mean_pmv_effect": 0.08333333333333333,
        "mean_rank_effect": 0.0,
        "mean_short_rank": 2.0,
        "mean_target_delta": 7.2557627360026045,
        "mean_target_delta_fraction": 0.03277658678631249,
        "mean_target_effect": 0.2065601348876953,
        "mean_terse_rank": 1.0,
        "n": 3,
        "patched_best_other_route": {
          "continuation": 2,
          "prose": 1
        },
        "patched_top1_rate": 1.0,
        "success_change_rate": 0.0
      },
      {
        "condition": "degradation|L25_top2",
        "mean_patched_rank": 1.0,
        "mean_pmv_effect": 0.125,
        "mean_rank_effect": 0.0,
        "mean_short_rank": 2.0,
        "mean_target_delta": 7.2557627360026045,
        "mean_target_delta_fraction": 0.020525759050711374,
        "mean_target_effect": 0.14136568705240884,
        "mean_terse_rank": 1.0,
        "n": 3,
        "patched_best_other_route": {
          "continuation": 2,
          "prose": 1
        },
        "patched_top1_rate": 1.0,
        "success_change_rate": 0.0
      },
      {
        "condition": "degradation|L23_random4",
        "mean_patched_rank": 1.0,
        "mean_pmv_effect": 0.20833333333333334,
        "mean_rank_effect": 0.0,
        "mean_short_rank": 2.0,
        "mean_target_delta": 7.2557627360026045,
        "mean_target_delta_fraction": 0.0075443551919360035,
        "mean_target_effect": 0.058870951334635414,
        "mean_terse_rank": 1.0,
        "n": 3,
        "patched_best_other_route": {
          "continuation": 2,
          "prose": 1
        },
        "patched_top1_rate": 1.0,
        "success_change_rate": 0.0
      },
      {
        "condition": "degradation|L25_random4",
        "mean_patched_rank": 1.0,
        "mean_pmv_effect": -0.041666666666666664,
        "mean_rank_effect": 0.0,
        "mean_short_rank": 2.0,
        "mean_target_delta": 7.2557627360026045,
        "mean_target_delta_fraction": -0.008908652007688584,
        "mean_target_effect": -0.0451208750406901,
        "mean_terse_rank": 1.0,
        "n": 3,
        "patched_best_other_route": {
          "continuation": 2,
          "prose": 1
        },
        "patched_top1_rate": 1.0,
        "success_change_rate": 0.0
      },
      {
        "condition": "degradation|L20_top2",
        "mean_patched_rank": 1.0,
        "mean_pmv_effect": 0.25,
        "mean_rank_effect": 0.0,
        "mean_short_rank": 2.0,
        "mean_target_delta": 7.2557627360026045,
        "mean_target_delta_fraction": -0.01906457717086035,
        "mean_target_effect": -0.08434295654296875,
        "mean_terse_rank": 1.0,
        "n": 3,
        "patched_best_other_route": {
          "continuation": 1,
          "prose": 2
        },
        "patched_top1_rate": 1.0,
        "success_change_rate": 0.0
      },
      {
        "condition": "degradation|early_random",
        "mean_patched_rank": 1.0,
        "mean_pmv_effect": 0.041666666666666664,
        "mean_rank_effect": 0.0,
        "mean_short_rank": 2.0,
        "mean_target_delta": 7.2557627360026045,
        "mean_target_delta_fraction": -0.02715356512985906,
        "mean_target_effect": -0.13046709696451822,
        "mean_terse_rank": 1.0,
        "n": 3,
        "patched_best_other_route": {
          "continuation": 2,
          "prose": 1
        },
        "patched_top1_rate": 1.0,
        "success_change_rate": 0.0
      },
      {
        "condition": "degradation|L20_top4",
        "mean_patched_rank": 1.0,
        "mean_pmv_effect": 0.3333333333333333,
        "mean_rank_effect": 0.0,
        "mean_short_rank": 2.0,
        "mean_target_delta": 7.2557627360026045,
        "mean_target_delta_fraction": -0.018172454020388435,
        "mean_target_effect": -0.13521893819173178,
        "mean_terse_rank": 1.0,
        "n": 3,
        "patched_best_other_route": {
          "continuation": 1,
          "prose": 2
        },
        "patched_top1_rate": 1.0,
        "success_change_rate": 0.0
      },
      {
        "condition": "degradation|L25_all_heads",
        "mean_patched_rank": 1.0,
        "mean_pmv_effect": 0.0,
        "mean_rank_effect": 0.0,
        "mean_short_rank": 2.0,
        "mean_target_delta": 7.2557627360026045,
        "mean_target_delta_fraction": -0.0116139344606399,
        "mean_target_effect": -0.13909212748209634,
        "mean_terse_rank": 1.0,
        "n": 3,
        "patched_best_other_route": {
          "continuation": 2,
          "prose": 1
        },
        "patched_top1_rate": 1.0,
        "success_change_rate": 0.0
      },
      {
        "condition": "degradation|L24_random4",
        "mean_patched_rank": 1.0,
        "mean_pmv_effect": 0.041666666666666664,
        "mean_rank_effect": 0.0,
        "mean_short_rank": 2.0,
        "mean_target_delta": 7.2557627360026045,
        "mean_target_delta_fraction": -0.028524113125435027,
        "mean_target_effect": -0.1669623057047526,
        "mean_terse_rank": 1.0,
        "n": 3,
        "patched_best_other_route": {
          "continuation": 2,
          "prose": 1
        },
        "patched_top1_rate": 1.0,
        "success_change_rate": 0.0
      },
      {
        "condition": "degradation|L19_top4",
        "mean_patched_rank": 1.0,
        "mean_pmv_effect": 0.16666666666666666,
        "mean_rank_effect": 0.0,
        "mean_short_rank": 2.0,
        "mean_target_delta": 7.2557627360026045,
        "mean_target_delta_fraction": -0.029904176770247454,
        "mean_target_effect": -0.1806666056315104,
        "mean_terse_rank": 1.0,
        "n": 3,
        "patched_best_other_route": {
          "continuation": 2,
          "prose": 1
        },
        "patched_top1_rate": 1.0,
        "success_change_rate": 0.0
      },
      {
        "condition": "degradation|early_top8",
        "mean_patched_rank": 1.0,
        "mean_pmv_effect": 0.0,
        "mean_rank_effect": 0.0,
        "mean_short_rank": 2.0,
        "mean_target_delta": 7.2557627360026045,
        "mean_target_delta_fraction": -0.02181066835865698,
        "mean_target_effect": -0.1867071787516276,
        "mean_terse_rank": 1.0,
        "n": 3,
        "patched_best_other_route": {
          "continuation": 2,
          "prose": 1
        },
        "patched_top1_rate": 1.0,
        "success_change_rate": 0.0
      },
      {
        "condition": "degradation|L19_top2",
        "mean_patched_rank": 1.0,
        "mean_pmv_effect": 0.08333333333333333,
        "mean_rank_effect": 0.0,
        "mean_short_rank": 2.0,
        "mean_target_delta": 7.2557627360026045,
        "mean_target_delta_fraction": -0.024550372200694826,
        "mean_target_effect": -0.188568115234375,
        "mean_terse_rank": 1.0,
        "n": 3,
        "patched_best_other_route": {
          "continuation": 2,
          "prose": 1
        },
        "patched_top1_rate": 1.0,
        "success_change_rate": 0.0
      },
      {
        "condition": "degradation|late_random",
        "mean_patched_rank": 1.0,
        "mean_pmv_effect": 0.16666666666666666,
        "mean_rank_effect": 0.0,
        "mean_short_rank": 2.0,
        "mean_target_delta": 7.2557627360026045,
        "mean_target_delta_fraction": -0.02454798986142818,
        "mean_target_effect": -0.20294507344563803,
        "mean_terse_rank": 1.0,
        "n": 3,
        "patched_best_other_route": {
          "continuation": 2,
          "prose": 1
        },
        "patched_top1_rate": 1.0,
        "success_change_rate": 0.0
      },
      {
        "condition": "degradation|L19_top1",
        "mean_patched_rank": 1.0,
        "mean_pmv_effect": 0.125,
        "mean_rank_effect": 0.0,
        "mean_short_rank": 2.0,
        "mean_target_delta": 7.2557627360026045,
        "mean_target_delta_fraction": -0.04098490861562524,
        "mean_target_effect": -0.2707061767578125,
        "mean_terse_rank": 1.0,
        "n": 3,
        "patched_best_other_route": {
          "continuation": 2,
          "prose": 1
        },
        "patched_top1_rate": 1.0,
        "success_change_rate": 0.0
      },
      {
        "condition": "degradation|L19_random4",
        "mean_patched_rank": 1.0,
        "mean_pmv_effect": -0.041666666666666664,
        "mean_rank_effect": 0.0,
        "mean_short_rank": 2.0,
        "mean_target_delta": 7.2557627360026045,
        "mean_target_delta_fraction": -0.04452519339916581,
        "mean_target_effect": -0.30076344807942706,
        "mean_terse_rank": 1.0,
        "n": 3,
        "patched_best_other_route": {
          "continuation": 2,
          "prose": 1
        },
        "patched_top1_rate": 1.0,
        "success_change_rate": 0.0
      },
      {
        "condition": "degradation|L18_top4",
        "mean_patched_rank": 1.0,
        "mean_pmv_effect": -0.25,
        "mean_rank_effect": 0.0,
        "mean_short_rank": 2.0,
        "mean_target_delta": 7.2557627360026045,
        "mean_target_delta_fraction": -0.04090231545581565,
        "mean_target_effect": -0.32787322998046875,
        "mean_terse_rank": 1.0,
        "n": 3,
        "patched_best_other_route": {
          "continuation": 2,
          "prose": 1
        },
        "patched_top1_rate": 1.0,
        "success_change_rate": 0.0
      },
      {
        "condition": "degradation|L21_top2",
        "mean_patched_rank": 1.0,
        "mean_pmv_effect": -0.16666666666666666,
        "mean_rank_effect": 0.0,
        "mean_short_rank": 2.0,
        "mean_target_delta": 7.2557627360026045,
        "mean_target_delta_fraction": -0.0767648151124163,
        "mean_target_effect": -0.5369669596354166,
        "mean_terse_rank": 1.0,
        "n": 3,
        "patched_best_other_route": {
          "continuation": 2,
          "prose": 1
        },
        "patched_top1_rate": 1.0,
        "success_change_rate": 0.0
      },
      {
        "condition": "degradation|L21_top4",
        "mean_patched_rank": 1.0,
        "mean_pmv_effect": -0.125,
        "mean_rank_effect": 0.0,
        "mean_short_rank": 2.0,
        "mean_target_delta": 7.2557627360026045,
        "mean_target_delta_fraction": -0.09683939630020909,
        "mean_target_effect": -0.7096754709879557,
        "mean_terse_rank": 1.0,
        "n": 3,
        "patched_best_other_route": {
          "continuation": 2,
          "prose": 1
        },
        "patched_top1_rate": 1.0,
        "success_change_rate": 0.0
      },
      {
        "condition": "degradation|L21_top1",
        "mean_patched_rank": 1.0,
        "mean_pmv_effect": 0.0,
        "mean_rank_effect": 0.0,
        "mean_short_rank": 2.0,
        "mean_target_delta": 7.2557627360026045,
        "mean_target_delta_fraction": -0.10004161283691604,
        "mean_target_effect": -0.7346642812093099,
        "mean_terse_rank": 1.0,
        "n": 3,
        "patched_best_other_route": {
          "continuation": 2,
          "prose": 1
        },
        "patched_top1_rate": 1.0,
        "success_change_rate": 0.0
      },
      {
        "condition": "degradation|L22_top2",
        "mean_patched_rank": 1.0,
        "mean_pmv_effect": -0.6666666666666666,
        "mean_rank_effect": 0.0,
        "mean_short_rank": 2.0,
        "mean_target_delta": 7.2557627360026045,
        "mean_target_delta_fraction": -0.14945404402104398,
        "mean_target_effect": -1.1361993153889973,
        "mean_terse_rank": 1.0,
        "n": 3,
        "patched_best_other_route": {
          "continuation": 2,
          "prose": 1
        },
        "patched_top1_rate": 1.0,
        "success_change_rate": 0.0
      },
      {
        "condition": "degradation|L21_all_heads",
        "mean_patched_rank": 1.0,
        "mean_pmv_effect": -0.5,
        "mean_rank_effect": 0.0,
        "mean_short_rank": 2.0,
        "mean_target_delta": 7.2557627360026045,
        "mean_target_delta_fraction": -0.20557645507357422,
        "mean_target_effect": -1.407641092936198,
        "mean_terse_rank": 1.0,
        "n": 3,
        "patched_best_other_route": {
          "continuation": 2,
          "prose": 1
        },
        "patched_top1_rate": 1.0,
        "success_change_rate": 0.0
      },
      {
        "condition": "degradation|L19_all_heads",
        "mean_patched_rank": 1.0,
        "mean_pmv_effect": -0.20833333333333334,
        "mean_rank_effect": 0.0,
        "mean_short_rank": 2.0,
        "mean_target_delta": 7.2557627360026045,
        "mean_target_delta_fraction": -0.20399875278739632,
        "mean_target_effect": -1.4605236053466797,
        "mean_terse_rank": 1.0,
        "n": 3,
        "patched_best_other_route": {
          "continuation": 1,
          "prose": 2
        },
        "patched_top1_rate": 1.0,
        "success_change_rate": 0.0
      },
      {
        "condition": "degradation|L22_top1",
        "mean_patched_rank": 1.0,
        "mean_pmv_effect": -0.75,
        "mean_rank_effect": 0.0,
        "mean_short_rank": 2.0,
        "mean_target_delta": 7.2557627360026045,
        "mean_target_delta_fraction": -0.2300026743407307,
        "mean_target_effect": -1.6521390279134114,
        "mean_terse_rank": 1.0,
        "n": 3,
        "patched_best_other_route": {
          "continuation": 2,
          "prose": 1
        },
        "patched_top1_rate": 1.0,
        "success_change_rate": 0.0
      },
      {
        "condition": "degradation|L22_top4",
        "mean_patched_rank": 1.0,
        "mean_pmv_effect": -0.7916666666666666,
        "mean_rank_effect": 0.0,
        "mean_short_rank": 2.0,
        "mean_target_delta": 7.2557627360026045,
        "mean_target_delta_fraction": -0.2623862469933795,
        "mean_target_effect": -1.8714148203531902,
        "mean_terse_rank": 1.0,
        "n": 3,
        "patched_best_other_route": {
          "continuation": 2,
          "prose": 1
        },
        "patched_top1_rate": 1.0,
        "success_change_rate": 0.0
      },
      {
        "condition": "degradation|early_top16",
        "mean_patched_rank": 1.0,
        "mean_pmv_effect": -0.5,
        "mean_rank_effect": 0.0,
        "mean_short_rank": 2.0,
        "mean_target_delta": 7.2557627360026045,
        "mean_target_delta_fraction": -0.2609704482683943,
        "mean_target_effect": -1.9378242492675781,
        "mean_terse_rank": 1.0,
        "n": 3,
        "patched_best_other_route": {
          "continuation": 1,
          "prose": 2
        },
        "patched_top1_rate": 1.0,
        "success_change_rate": 0.0
      }
    ],
    "best_restore_conditions": [
      {
        "condition": "restore|late_top16",
        "mean_patched_rank": 1.0,
        "mean_pmv_effect": 1.7083333333333333,
        "mean_rank_effect": 1.0,
        "mean_short_rank": 2.0,
        "mean_target_delta": 7.2557627360026045,
        "mean_target_delta_fraction": 0.7670220593675348,
        "mean_target_effect": 5.4068864186604815,
        "mean_terse_rank": 1.0,
        "n": 3,
        "patched_best_other_route": {
          "continuation": 2,
          "prose": 1
        },
        "patched_top1_rate": 1.0,
        "success_change_rate": 1.0
      },
      {
        "condition": "restore|all_top16",
        "mean_patched_rank": 1.3333333333333333,
        "mean_pmv_effect": 1.8333333333333333,
        "mean_rank_effect": 0.6666666666666666,
        "mean_short_rank": 2.0,
        "mean_target_delta": 7.2557627360026045,
        "mean_target_delta_fraction": 0.7298758546983463,
        "mean_target_effect": 5.24244753519694,
        "mean_terse_rank": 1.0,
        "n": 3,
        "patched_best_other_route": {
          "continuation": 2,
          "prose": 1
        },
        "patched_top1_rate": 0.6666666666666666,
        "success_change_rate": 0.6666666666666666
      },
      {
        "condition": "restore|all_top8",
        "mean_patched_rank": 1.3333333333333333,
        "mean_pmv_effect": 1.125,
        "mean_rank_effect": 0.6666666666666666,
        "mean_short_rank": 2.0,
        "mean_target_delta": 7.2557627360026045,
        "mean_target_delta_fraction": 0.5266487435368649,
        "mean_target_effect": 3.8485495249430337,
        "mean_terse_rank": 1.0,
        "n": 3,
        "patched_best_other_route": {
          "continuation": 2,
          "prose": 1
        },
        "patched_top1_rate": 0.6666666666666666,
        "success_change_rate": 0.6666666666666666
      },
      {
        "condition": "restore|late_top8",
        "mean_patched_rank": 1.3333333333333333,
        "mean_pmv_effect": 0.7916666666666666,
        "mean_rank_effect": 0.6666666666666666,
        "mean_short_rank": 2.0,
        "mean_target_delta": 7.2557627360026045,
        "mean_target_delta_fraction": 0.5094584427103185,
        "mean_target_effect": 3.683923085530599,
        "mean_terse_rank": 1.0,
        "n": 3,
        "patched_best_other_route": {
          "continuation": 2,
          "prose": 1
        },
        "patched_top1_rate": 0.6666666666666666,
        "success_change_rate": 0.6666666666666666
      },
      {
        "condition": "restore|L24_top4",
        "mean_patched_rank": 1.3333333333333333,
        "mean_pmv_effect": 0.6666666666666666,
        "mean_rank_effect": 0.6666666666666666,
        "mean_short_rank": 2.0,
        "mean_target_delta": 7.2557627360026045,
        "mean_target_delta_fraction": 0.34780948398032857,
        "mean_target_effect": 2.5882110595703125,
        "mean_terse_rank": 1.0,
        "n": 3,
        "patched_best_other_route": {
          "continuation": 2,
          "prose": 1
        },
        "patched_top1_rate": 0.6666666666666666,
        "success_change_rate": 0.6666666666666666
      },
      {
        "condition": "restore|L24_top2",
        "mean_patched_rank": 1.3333333333333333,
        "mean_pmv_effect": 0.75,
        "mean_rank_effect": 0.6666666666666666,
        "mean_short_rank": 2.0,
        "mean_target_delta": 7.2557627360026045,
        "mean_target_delta_fraction": 0.34108449233074745,
        "mean_target_effect": 2.4810816446940103,
        "mean_terse_rank": 1.0,
        "n": 3,
        "patched_best_other_route": {
          "continuation": 2,
          "prose": 1
        },
        "patched_top1_rate": 0.6666666666666666,
        "success_change_rate": 0.6666666666666666
      },
      {
        "condition": "restore|L24_all_heads",
        "mean_patched_rank": 1.3333333333333333,
        "mean_pmv_effect": 1.0,
        "mean_rank_effect": 0.6666666666666666,
        "mean_short_rank": 2.0,
        "mean_target_delta": 7.2557627360026045,
        "mean_target_delta_fraction": 0.3287695556525365,
        "mean_target_effect": 2.4518820444742837,
        "mean_terse_rank": 1.0,
        "n": 3,
        "patched_best_other_route": {
          "continuation": 2,
          "prose": 1
        },
        "patched_top1_rate": 0.6666666666666666,
        "success_change_rate": 0.6666666666666666
      },
      {
        "condition": "restore|L23_top4",
        "mean_patched_rank": 1.3333333333333333,
        "mean_pmv_effect": 0.8333333333333334,
        "mean_rank_effect": 0.6666666666666666,
        "mean_short_rank": 2.0,
        "mean_target_delta": 7.2557627360026045,
        "mean_target_delta_fraction": 0.3210666490349507,
        "mean_target_effect": 2.377119700113932,
        "mean_terse_rank": 1.0,
        "n": 3,
        "patched_best_other_route": {
          "continuation": 2,
          "prose": 1
        },
        "patched_top1_rate": 0.6666666666666666,
        "success_change_rate": 0.6666666666666666
      },
      {
        "condition": "restore|L23_top1",
        "mean_patched_rank": 1.3333333333333333,
        "mean_pmv_effect": 0.75,
        "mean_rank_effect": 0.6666666666666666,
        "mean_short_rank": 2.0,
        "mean_target_delta": 7.2557627360026045,
        "mean_target_delta_fraction": 0.31309390658775454,
        "mean_target_effect": 2.3244686126708984,
        "mean_terse_rank": 1.0,
        "n": 3,
        "patched_best_other_route": {
          "continuation": 2,
          "prose": 1
        },
        "patched_top1_rate": 0.6666666666666666,
        "success_change_rate": 0.6666666666666666
      },
      {
        "condition": "restore|L18_all_heads",
        "mean_patched_rank": 1.3333333333333333,
        "mean_pmv_effect": 0.7916666666666666,
        "mean_rank_effect": 0.6666666666666666,
        "mean_short_rank": 2.0,
        "mean_target_delta": 7.2557627360026045,
        "mean_target_delta_fraction": 0.30632349297097866,
        "mean_target_effect": 2.313584645589193,
        "mean_terse_rank": 1.0,
        "n": 3,
        "patched_best_other_route": {
          "continuation": 2,
          "prose": 1
        },
        "patched_top1_rate": 0.6666666666666666,
        "success_change_rate": 0.6666666666666666
      },
      {
        "condition": "restore|L23_top2",
        "mean_patched_rank": 1.3333333333333333,
        "mean_pmv_effect": 0.8333333333333334,
        "mean_rank_effect": 0.6666666666666666,
        "mean_short_rank": 2.0,
        "mean_target_delta": 7.2557627360026045,
        "mean_target_delta_fraction": 0.29424100452378127,
        "mean_target_effect": 2.191049575805664,
        "mean_terse_rank": 1.0,
        "n": 3,
        "patched_best_other_route": {
          "continuation": 2,
          "prose": 1
        },
        "patched_top1_rate": 0.6666666666666666,
        "success_change_rate": 0.6666666666666666
      },
      {
        "condition": "restore|L24_top1",
        "mean_patched_rank": 1.3333333333333333,
        "mean_pmv_effect": 0.4583333333333333,
        "mean_rank_effect": 0.6666666666666666,
        "mean_short_rank": 2.0,
        "mean_target_delta": 7.2557627360026045,
        "mean_target_delta_fraction": 0.23651261403732157,
        "mean_target_effect": 1.7317771911621094,
        "mean_terse_rank": 1.0,
        "n": 3,
        "patched_best_other_route": {
          "continuation": 2,
          "prose": 1
        },
        "patched_top1_rate": 0.6666666666666666,
        "success_change_rate": 0.6666666666666666
      },
      {
        "condition": "restore|L20_all_heads",
        "mean_patched_rank": 1.3333333333333333,
        "mean_pmv_effect": 0.2916666666666667,
        "mean_rank_effect": 0.6666666666666666,
        "mean_short_rank": 2.0,
        "mean_target_delta": 7.2557627360026045,
        "mean_target_delta_fraction": 0.2070705756004333,
        "mean_target_effect": 1.5174630482991536,
        "mean_terse_rank": 1.0,
        "n": 3,
        "patched_best_other_route": {
          "continuation": 2,
          "prose": 1
        },
        "patched_top1_rate": 0.6666666666666666,
        "success_change_rate": 0.6666666666666666
      },
      {
        "condition": "restore|all_random",
        "mean_patched_rank": 1.3333333333333333,
        "mean_pmv_effect": 0.375,
        "mean_rank_effect": 0.6666666666666666,
        "mean_short_rank": 2.0,
        "mean_target_delta": 7.2557627360026045,
        "mean_target_delta_fraction": 0.19024273180755344,
        "mean_target_effect": 1.4998130798339844,
        "mean_terse_rank": 1.0,
        "n": 3,
        "patched_best_other_route": {
          "continuation": 1,
          "prose": 2
        },
        "patched_top1_rate": 0.6666666666666666,
        "success_change_rate": 0.6666666666666666
      },
      {
        "condition": "restore|L22_random4",
        "mean_patched_rank": 1.3333333333333333,
        "mean_pmv_effect": 0.20833333333333334,
        "mean_rank_effect": 0.6666666666666666,
        "mean_short_rank": 2.0,
        "mean_target_delta": 7.2557627360026045,
        "mean_target_delta_fraction": 0.15016371692240496,
        "mean_target_effect": 1.1170196533203125,
        "mean_terse_rank": 1.0,
        "n": 3,
        "patched_best_other_route": {
          "continuation": 1,
          "prose": 2
        },
        "patched_top1_rate": 0.6666666666666666,
        "success_change_rate": 0.6666666666666666
      },
      {
        "condition": "restore|L20_top2",
        "mean_patched_rank": 1.3333333333333333,
        "mean_pmv_effect": 0.20833333333333334,
        "mean_rank_effect": 0.6666666666666666,
        "mean_short_rank": 2.0,
        "mean_target_delta": 7.2557627360026045,
        "mean_target_delta_fraction": 0.12387148064119247,
        "mean_target_effect": 1.0178890228271484,
        "mean_terse_rank": 1.0,
        "n": 3,
        "patched_best_other_route": {
          "continuation": 1,
          "prose": 2
        },
        "patched_top1_rate": 0.6666666666666666,
        "success_change_rate": 0.6666666666666666
      },
      {
        "condition": "restore|L18_random4",
        "mean_patched_rank": 1.3333333333333333,
        "mean_pmv_effect": 0.2916666666666667,
        "mean_rank_effect": 0.6666666666666666,
        "mean_short_rank": 2.0,
        "mean_target_delta": 7.2557627360026045,
        "mean_target_delta_fraction": 0.12874219655726107,
        "mean_target_effect": 0.971490224202474,
        "mean_terse_rank": 1.0,
        "n": 3,
        "patched_best_other_route": {
          "continuation": 2,
          "prose": 1
        },
        "patched_top1_rate": 0.6666666666666666,
        "success_change_rate": 0.6666666666666666
      },
      {
        "condition": "restore|L21_top4",
        "mean_patched_rank": 1.3333333333333333,
        "mean_pmv_effect": 0.2916666666666667,
        "mean_rank_effect": 0.6666666666666666,
        "mean_short_rank": 2.0,
        "mean_target_delta": 7.2557627360026045,
        "mean_target_delta_fraction": 0.1005650735355263,
        "mean_target_effect": 0.7037067413330078,
        "mean_terse_rank": 1.0,
        "n": 3,
        "patched_best_other_route": {
          "continuation": 1,
          "prose": 2
        },
        "patched_top1_rate": 0.6666666666666666,
        "success_change_rate": 0.6666666666666666
      },
      {
        "condition": "restore|L19_top1",
        "mean_patched_rank": 1.3333333333333333,
        "mean_pmv_effect": 0.125,
        "mean_rank_effect": 0.6666666666666666,
        "mean_short_rank": 2.0,
        "mean_target_delta": 7.2557627360026045,
        "mean_target_delta_fraction": 0.03730457528292403,
        "mean_target_effect": 0.39970842997233075,
        "mean_terse_rank": 1.0,
        "n": 3,
        "patched_best_other_route": {
          "continuation": 1,
          "prose": 2
        },
        "patched_top1_rate": 0.6666666666666666,
        "success_change_rate": 0.6666666666666666
      },
      {
        "condition": "restore|L23_all_heads",
        "mean_patched_rank": 1.6666666666666667,
        "mean_pmv_effect": 0.875,
        "mean_rank_effect": 0.3333333333333333,
        "mean_short_rank": 2.0,
        "mean_target_delta": 7.2557627360026045,
        "mean_target_delta_fraction": 0.3130031436072152,
        "mean_target_effect": 2.340752919514974,
        "mean_terse_rank": 1.0,
        "n": 3,
        "patched_best_other_route": {
          "continuation": 2,
          "prose": 1
        },
        "patched_top1_rate": 0.3333333333333333,
        "success_change_rate": 0.3333333333333333
      },
      {
        "condition": "restore|L19_all_heads",
        "mean_patched_rank": 1.6666666666666667,
        "mean_pmv_effect": 0.625,
        "mean_rank_effect": 0.3333333333333333,
        "mean_short_rank": 2.0,
        "mean_target_delta": 7.2557627360026045,
        "mean_target_delta_fraction": 0.27241009044143033,
        "mean_target_effect": 2.0219904581705728,
        "mean_terse_rank": 1.0,
        "n": 3,
        "patched_best_other_route": {
          "continuation": 2,
          "prose": 1
        },
        "patched_top1_rate": 0.3333333333333333,
        "success_change_rate": 0.3333333333333333
      },
      {
        "condition": "restore|L20_top1",
        "mean_patched_rank": 1.6666666666666667,
        "mean_pmv_effect": 0.5416666666666666,
        "mean_rank_effect": 0.3333333333333333,
        "mean_short_rank": 2.0,
        "mean_target_delta": 7.2557627360026045,
        "mean_target_delta_fraction": 0.1865474768645047,
        "mean_target_effect": 1.45806884765625,
        "mean_terse_rank": 1.0,
        "n": 3,
        "patched_best_other_route": {
          "continuation": 2,
          "prose": 1
        },
        "patched_top1_rate": 0.3333333333333333,
        "success_change_rate": 0.3333333333333333
      },
      {
        "condition": "restore|L25_top2",
        "mean_patched_rank": 1.6666666666666667,
        "mean_pmv_effect": 0.4583333333333333,
        "mean_rank_effect": 0.3333333333333333,
        "mean_short_rank": 2.0,
        "mean_target_delta": 7.2557627360026045,
        "mean_target_delta_fraction": 0.20042494112287176,
        "mean_target_effect": 1.4005750020345051,
        "mean_terse_rank": 1.0,
        "n": 3,
        "patched_best_other_route": {
          "continuation": 2,
          "prose": 1
        },
        "patched_top1_rate": 0.3333333333333333,
        "success_change_rate": 0.3333333333333333
      },
      {
        "condition": "restore|L21_random4",
        "mean_patched_rank": 1.6666666666666667,
        "mean_pmv_effect": 0.08333333333333333,
        "mean_rank_effect": 0.3333333333333333,
        "mean_short_rank": 2.0,
        "mean_target_delta": 7.2557627360026045,
        "mean_target_delta_fraction": 0.15596059502808646,
        "mean_target_effect": 1.2586746215820312,
        "mean_terse_rank": 1.0,
        "n": 3,
        "patched_best_other_route": {
          "continuation": 2,
          "prose": 1
        },
        "patched_top1_rate": 0.3333333333333333,
        "success_change_rate": 0.3333333333333333
      },
      {
        "condition": "restore|L23_random4",
        "mean_patched_rank": 1.6666666666666667,
        "mean_pmv_effect": 0.2916666666666667,
        "mean_rank_effect": 0.3333333333333333,
        "mean_short_rank": 2.0,
        "mean_target_delta": 7.2557627360026045,
        "mean_target_delta_fraction": 0.11914497002524684,
        "mean_target_effect": 0.9560489654541016,
        "mean_terse_rank": 1.0,
        "n": 3,
        "patched_best_other_route": {
          "continuation": 2,
          "prose": 1
        },
        "patched_top1_rate": 0.3333333333333333,
        "success_change_rate": 0.3333333333333333
      },
      {
        "condition": "restore|late_random",
        "mean_patched_rank": 1.6666666666666667,
        "mean_pmv_effect": 0.4166666666666667,
        "mean_rank_effect": 0.3333333333333333,
        "mean_short_rank": 2.0,
        "mean_target_delta": 7.2557627360026045,
        "mean_target_delta_fraction": 0.11840602928385968,
        "mean_target_effect": 0.8988126118977865,
        "mean_terse_rank": 1.0,
        "n": 3,
        "patched_best_other_route": {
          "continuation": 2,
          "prose": 1
        },
        "patched_top1_rate": 0.3333333333333333,
        "success_change_rate": 0.3333333333333333
      },
      {
        "condition": "restore|early_random",
        "mean_patched_rank": 1.6666666666666667,
        "mean_pmv_effect": 0.125,
        "mean_rank_effect": 0.3333333333333333,
        "mean_short_rank": 2.0,
        "mean_target_delta": 7.2557627360026045,
        "mean_target_delta_fraction": 0.10559289661189175,
        "mean_target_effect": 0.8671175638834635,
        "mean_terse_rank": 1.0,
        "n": 3,
        "patched_best_other_route": {
          "continuation": 1,
          "prose": 2
        },
        "patched_top1_rate": 0.3333333333333333,
        "success_change_rate": 0.3333333333333333
      },
      {
        "condition": "restore|L25_all_heads",
        "mean_patched_rank": 2.0,
        "mean_pmv_effect": 0.20833333333333334,
        "mean_rank_effect": 0.0,
        "mean_short_rank": 2.0,
        "mean_target_delta": 7.2557627360026045,
        "mean_target_delta_fraction": 0.0952808644049018,
        "mean_target_effect": 0.6447092692057291,
        "mean_terse_rank": 1.0,
        "n": 3,
        "patched_best_other_route": {
          "continuation": 2,
          "prose": 1
        },
        "patched_top1_rate": 0.3333333333333333,
        "success_change_rate": 0.3333333333333333
      },
      {
        "condition": "restore|L19_top2",
        "mean_patched_rank": 1.6666666666666667,
        "mean_pmv_effect": 0.125,
        "mean_rank_effect": 0.3333333333333333,
        "mean_short_rank": 2.0,
        "mean_target_delta": 7.2557627360026045,
        "mean_target_delta_fraction": 0.060967841344202946,
        "mean_target_effect": 0.4998283386230469,
        "mean_terse_rank": 1.0,
        "n": 3,
        "patched_best_other_route": {
          "continuation": 2,
          "prose": 1
        },
        "patched_top1_rate": 0.3333333333333333,
        "success_change_rate": 0.3333333333333333
      },
      {
        "condition": "restore|L21_top2",
        "mean_patched_rank": 2.0,
        "mean_pmv_effect": 0.041666666666666664,
        "mean_rank_effect": 0.0,
        "mean_short_rank": 2.0,
        "mean_target_delta": 7.2557627360026045,
        "mean_target_delta_fraction": 0.04962845516869483,
        "mean_target_effect": 0.41828282674153644,
        "mean_terse_rank": 1.0,
        "n": 3,
        "patched_best_other_route": {
          "continuation": 1,
          "prose": 2
        },
        "patched_top1_rate": 0.3333333333333333,
        "success_change_rate": 0.3333333333333333
      },
      {
        "condition": "restore|L20_top4",
        "mean_patched_rank": 1.6666666666666667,
        "mean_pmv_effect": 0.08333333333333333,
        "mean_rank_effect": 0.3333333333333333,
        "mean_short_rank": 2.0,
        "mean_target_delta": 7.2557627360026045,
        "mean_target_delta_fraction": 0.04848352857226488,
        "mean_target_effect": 0.37714894612630206,
        "mean_terse_rank": 1.0,
        "n": 3,
        "patched_best_other_route": {
          "continuation": 2,
          "prose": 1
        },
        "patched_top1_rate": 0.3333333333333333,
        "success_change_rate": 0.3333333333333333
      },
      {
        "condition": "restore|L18_top2",
        "mean_patched_rank": 2.3333333333333335,
        "mean_pmv_effect": -0.5,
        "mean_rank_effect": -0.3333333333333333,
        "mean_short_rank": 2.0,
        "mean_target_delta": 7.2557627360026045,
        "mean_target_delta_fraction": -0.08759478856495934,
        "mean_target_effect": -0.5972054799397787,
        "mean_terse_rank": 1.0,
        "n": 3,
        "patched_best_other_route": {
          "continuation": 2,
          "prose": 1
        },
        "patched_top1_rate": 0.3333333333333333,
        "success_change_rate": 0.3333333333333333
      },
      {
        "condition": "restore|early_top8",
        "mean_patched_rank": 2.0,
        "mean_pmv_effect": -0.3333333333333333,
        "mean_rank_effect": 0.0,
        "mean_short_rank": 2.0,
        "mean_target_delta": 7.2557627360026045,
        "mean_target_delta_fraction": -0.11836026305049195,
        "mean_target_effect": -0.8222274780273438,
        "mean_terse_rank": 1.0,
        "n": 3,
        "patched_best_other_route": {
          "continuation": 1,
          "prose": 2
        },
        "patched_top1_rate": 0.3333333333333333,
        "success_change_rate": 0.3333333333333333
      },
      {
        "condition": "restore|early_top16",
        "mean_patched_rank": 2.3333333333333335,
        "mean_pmv_effect": -0.7083333333333334,
        "mean_rank_effect": -0.3333333333333333,
        "mean_short_rank": 2.0,
        "mean_target_delta": 7.2557627360026045,
        "mean_target_delta_fraction": -0.19995534251977884,
        "mean_target_effect": -1.5230662027994792,
        "mean_terse_rank": 1.0,
        "n": 3,
        "patched_best_other_route": {
          "continuation": 2,
          "prose": 1
        },
        "patched_top1_rate": 0.3333333333333333,
        "success_change_rate": 0.3333333333333333
      },
      {
        "condition": "restore|L25_top4",
        "mean_patched_rank": 2.3333333333333335,
        "mean_pmv_effect": 0.08333333333333333,
        "mean_rank_effect": -0.3333333333333333,
        "mean_short_rank": 2.0,
        "mean_target_delta": 7.2557627360026045,
        "mean_target_delta_fraction": 0.13244361792530143,
        "mean_target_effect": 0.8650951385498047,
        "mean_terse_rank": 1.0,
        "n": 3,
        "patched_best_other_route": {
          "continuation": 2,
          "prose": 1
        },
        "patched_top1_rate": 0.0,
        "success_change_rate": 0.0
      },
      {
        "condition": "restore|L25_top1",
        "mean_patched_rank": 2.3333333333333335,
        "mean_pmv_effect": 0.125,
        "mean_rank_effect": -0.3333333333333333,
        "mean_short_rank": 2.0,
        "mean_target_delta": 7.2557627360026045,
        "mean_target_delta_fraction": 0.11593322787264082,
        "mean_target_effect": 0.7880172729492188,
        "mean_terse_rank": 1.0,
        "n": 3,
        "patched_best_other_route": {
          "continuation": 2,
          "prose": 1
        },
        "patched_top1_rate": 0.0,
        "success_change_rate": 0.0
      },
      {
        "condition": "restore|L18_top1",
        "mean_patched_rank": 2.0,
        "mean_pmv_effect": 0.08333333333333333,
        "mean_rank_effect": 0.0,
        "mean_short_rank": 2.0,
        "mean_target_delta": 7.2557627360026045,
        "mean_target_delta_fraction": 0.10529158412683755,
        "mean_target_effect": 0.7649784088134766,
        "mean_terse_rank": 1.0,
        "n": 3,
        "patched_best_other_route": {
          "continuation": 2,
          "prose": 1
        },
        "patched_top1_rate": 0.0,
        "success_change_rate": 0.0
      },
      {
        "condition": "restore|L22_all_heads",
        "mean_patched_rank": 2.3333333333333335,
        "mean_pmv_effect": 0.125,
        "mean_rank_effect": -0.3333333333333333,
        "mean_short_rank": 2.0,
        "mean_target_delta": 7.2557627360026045,
        "mean_target_delta_fraction": 0.08742096128718262,
        "mean_target_effect": 0.5943330128987631,
        "mean_terse_rank": 1.0,
        "n": 3,
        "patched_best_other_route": {
          "continuation": 2,
          "prose": 1
        },
        "patched_top1_rate": 0.0,
        "success_change_rate": 0.0
      },
      {
        "condition": "restore|L25_random4",
        "mean_patched_rank": 2.0,
        "mean_pmv_effect": -0.041666666666666664,
        "mean_rank_effect": 0.0,
        "mean_short_rank": 2.0,
        "mean_target_delta": 7.2557627360026045,
        "mean_target_delta_fraction": 0.07141879637689384,
        "mean_target_effect": 0.537774403889974,
        "mean_terse_rank": 1.0,
        "n": 3,
        "patched_best_other_route": {
          "continuation": 1,
          "prose": 2
        },
        "patched_top1_rate": 0.0,
        "success_change_rate": 0.0
      },
      {
        "condition": "restore|L24_random4",
        "mean_patched_rank": 2.0,
        "mean_pmv_effect": 0.0,
        "mean_rank_effect": 0.0,
        "mean_short_rank": 2.0,
        "mean_target_delta": 7.2557627360026045,
        "mean_target_delta_fraction": 0.015034725221451703,
        "mean_target_effect": 0.1402257283528646,
        "mean_terse_rank": 1.0,
        "n": 3,
        "patched_best_other_route": {
          "continuation": 1,
          "prose": 2
        },
        "patched_top1_rate": 0.0,
        "success_change_rate": 0.0
      },
      {
        "condition": "restore|L19_top4",
        "mean_patched_rank": 2.0,
        "mean_pmv_effect": 0.0,
        "mean_rank_effect": 0.0,
        "mean_short_rank": 2.0,
        "mean_target_delta": 7.2557627360026045,
        "mean_target_delta_fraction": 0.011055616832437764,
        "mean_target_effect": 0.12039502461751302,
        "mean_terse_rank": 1.0,
        "n": 3,
        "patched_best_other_route": {
          "continuation": 2,
          "prose": 1
        },
        "patched_top1_rate": 0.0,
        "success_change_rate": 0.0
      },
      {
        "condition": "restore|L19_random4",
        "mean_patched_rank": 2.0,
        "mean_pmv_effect": -0.16666666666666666,
        "mean_rank_effect": 0.0,
        "mean_short_rank": 2.0,
        "mean_target_delta": 7.2557627360026045,
        "mean_target_delta_fraction": -0.0046847452218080855,
        "mean_target_effect": 0.03252983093261719,
        "mean_terse_rank": 1.0,
        "n": 3,
        "patched_best_other_route": {
          "continuation": 1,
          "prose": 2
        },
        "patched_top1_rate": 0.0,
        "success_change_rate": 0.0
      },
      {
        "condition": "restore|L20_random4",
        "mean_patched_rank": 2.0,
        "mean_pmv_effect": -0.25,
        "mean_rank_effect": 0.0,
        "mean_short_rank": 2.0,
        "mean_target_delta": 7.2557627360026045,
        "mean_target_delta_fraction": -0.007697341706019787,
        "mean_target_effect": 6.4849853515625e-05,
        "mean_terse_rank": 1.0,
        "n": 3,
        "patched_best_other_route": {
          "continuation": 1,
          "prose": 2
        },
        "patched_top1_rate": 0.0,
        "success_change_rate": 0.0
      },
      {
        "condition": "restore|L21_all_heads",
        "mean_patched_rank": 2.6666666666666665,
        "mean_pmv_effect": -0.4166666666666667,
        "mean_rank_effect": -0.6666666666666666,
        "mean_short_rank": 2.0,
        "mean_target_delta": 7.2557627360026045,
        "mean_target_delta_fraction": -0.03923002678194509,
        "mean_target_effect": -0.2507133483886719,
        "mean_terse_rank": 1.0,
        "n": 3,
        "patched_best_other_route": {
          "continuation": 2,
          "prose": 1
        },
        "patched_top1_rate": 0.0,
        "success_change_rate": 0.0
      },
      {
        "condition": "restore|L21_top1",
        "mean_patched_rank": 2.3333333333333335,
        "mean_pmv_effect": -0.20833333333333334,
        "mean_rank_effect": -0.3333333333333333,
        "mean_short_rank": 2.0,
        "mean_target_delta": 7.2557627360026045,
        "mean_target_delta_fraction": -0.09786830658547174,
        "mean_target_effect": -0.6626497904459635,
        "mean_terse_rank": 1.0,
        "n": 3,
        "patched_best_other_route": {
          "continuation": 1,
          "prose": 2
        },
        "patched_top1_rate": 0.0,
        "success_change_rate": 0.0
      },
      {
        "condition": "restore|L18_top4",
        "mean_patched_rank": 2.6666666666666665,
        "mean_pmv_effect": -0.75,
        "mean_rank_effect": -0.6666666666666666,
        "mean_short_rank": 2.0,
        "mean_target_delta": 7.2557627360026045,
        "mean_target_delta_fraction": -0.1929304978707258,
        "mean_target_effect": -1.3518422444661458,
        "mean_terse_rank": 1.0,
        "n": 3,
        "patched_best_other_route": {
          "continuation": 1,
          "prose": 2
        },
        "patched_top1_rate": 0.0,
        "success_change_rate": 0.0
      },
      {
        "condition": "restore|L22_top1",
        "mean_patched_rank": 2.6666666666666665,
        "mean_pmv_effect": -0.8333333333333334,
        "mean_rank_effect": -0.6666666666666666,
        "mean_short_rank": 2.0,
        "mean_target_delta": 7.2557627360026045,
        "mean_target_delta_fraction": -0.21150293130056622,
        "mean_target_effect": -1.492458979288737,
        "mean_terse_rank": 1.0,
        "n": 3,
        "patched_best_other_route": {
          "continuation": 2,
          "prose": 1
        },
        "patched_top1_rate": 0.0,
        "success_change_rate": 0.0
      },
      {
        "condition": "restore|L22_top4",
        "mean_patched_rank": 2.6666666666666665,
        "mean_pmv_effect": -0.6666666666666666,
        "mean_rank_effect": -0.6666666666666666,
        "mean_short_rank": 2.0,
        "mean_target_delta": 7.2557627360026045,
        "mean_target_delta_fraction": -0.22015185764526213,
        "mean_target_effect": -1.5036392211914062,
        "mean_terse_rank": 1.0,
        "n": 3,
        "patched_best_other_route": {
          "continuation": 2,
          "prose": 1
        },
        "patched_top1_rate": 0.0,
        "success_change_rate": 0.0
      },
      {
        "condition": "restore|L22_top2",
        "mean_patched_rank": 2.6666666666666665,
        "mean_pmv_effect": -0.7083333333333334,
        "mean_rank_effect": -0.6666666666666666,
        "mean_short_rank": 2.0,
        "mean_target_delta": 7.2557627360026045,
        "mean_target_delta_fraction": -0.23094873645593647,
        "mean_target_effect": -1.6126550038655598,
        "mean_terse_rank": 1.0,
        "n": 3,
        "patched_best_other_route": {
          "continuation": 2,
          "prose": 1
        },
        "patched_top1_rate": 0.0,
        "success_change_rate": 0.0
      }
    ],
    "by_condition": {
      "degradation|L18_all_heads": {
        "mean_patched_rank": 1.0,
        "mean_pmv_effect": 0.25,
        "mean_rank_effect": 0.0,
        "mean_short_rank": 2.0,
        "mean_target_delta": 7.2557627360026045,
        "mean_target_delta_fraction": 0.030969278605870124,
        "mean_target_effect": 0.2631041208902995,
        "mean_terse_rank": 1.0,
        "n": 3,
        "patched_best_other_route": {
          "continuation": 2,
          "prose": 1
        },
        "patched_top1_rate": 1.0,
        "success_change_rate": 0.0
      },
      "degradation|L18_random4": {
        "mean_patched_rank": 1.0,
        "mean_pmv_effect": 0.3333333333333333,
        "mean_rank_effect": 0.0,
        "mean_short_rank": 2.0,
        "mean_target_delta": 7.2557627360026045,
        "mean_target_delta_fraction": 0.07182851119182092,
        "mean_target_effect": 0.49828656514485675,
        "mean_terse_rank": 1.0,
        "n": 3,
        "patched_best_other_route": {
          "continuation": 2,
          "prose": 1
        },
        "patched_top1_rate": 1.0,
        "success_change_rate": 0.0
      },
      "degradation|L18_top1": {
        "mean_patched_rank": 1.0,
        "mean_pmv_effect": 0.16666666666666666,
        "mean_rank_effect": 0.0,
        "mean_short_rank": 2.0,
        "mean_target_delta": 7.2557627360026045,
        "mean_target_delta_fraction": 0.04252213019930445,
        "mean_target_effect": 0.2804552714029948,
        "mean_terse_rank": 1.0,
        "n": 3,
        "patched_best_other_route": {
          "continuation": 1,
          "prose": 2
        },
        "patched_top1_rate": 1.0,
        "success_change_rate": 0.0
      },
      "degradation|L18_top2": {
        "mean_patched_rank": 1.0,
        "mean_pmv_effect": 0.08333333333333333,
        "mean_rank_effect": 0.0,
        "mean_short_rank": 2.0,
        "mean_target_delta": 7.2557627360026045,
        "mean_target_delta_fraction": 0.06219648229231434,
        "mean_target_effect": 0.4338823954264323,
        "mean_terse_rank": 1.0,
        "n": 3,
        "patched_best_other_route": {
          "continuation": 2,
          "prose": 1
        },
        "patched_top1_rate": 1.0,
        "success_change_rate": 0.0
      },
      "degradation|L18_top4": {
        "mean_patched_rank": 1.0,
        "mean_pmv_effect": -0.25,
        "mean_rank_effect": 0.0,
        "mean_short_rank": 2.0,
        "mean_target_delta": 7.2557627360026045,
        "mean_target_delta_fraction": -0.04090231545581565,
        "mean_target_effect": -0.32787322998046875,
        "mean_terse_rank": 1.0,
        "n": 3,
        "patched_best_other_route": {
          "continuation": 2,
          "prose": 1
        },
        "patched_top1_rate": 1.0,
        "success_change_rate": 0.0
      },
      "degradation|L19_all_heads": {
        "mean_patched_rank": 1.0,
        "mean_pmv_effect": -0.20833333333333334,
        "mean_rank_effect": 0.0,
        "mean_short_rank": 2.0,
        "mean_target_delta": 7.2557627360026045,
        "mean_target_delta_fraction": -0.20399875278739632,
        "mean_target_effect": -1.4605236053466797,
        "mean_terse_rank": 1.0,
        "n": 3,
        "patched_best_other_route": {
          "continuation": 1,
          "prose": 2
        },
        "patched_top1_rate": 1.0,
        "success_change_rate": 0.0
      },
      "degradation|L19_random4": {
        "mean_patched_rank": 1.0,
        "mean_pmv_effect": -0.041666666666666664,
        "mean_rank_effect": 0.0,
        "mean_short_rank": 2.0,
        "mean_target_delta": 7.2557627360026045,
        "mean_target_delta_fraction": -0.04452519339916581,
        "mean_target_effect": -0.30076344807942706,
        "mean_terse_rank": 1.0,
        "n": 3,
        "patched_best_other_route": {
          "continuation": 2,
          "prose": 1
        },
        "patched_top1_rate": 1.0,
        "success_change_rate": 0.0
      },
      "degradation|L19_top1": {
        "mean_patched_rank": 1.0,
        "mean_pmv_effect": 0.125,
        "mean_rank_effect": 0.0,
        "mean_short_rank": 2.0,
        "mean_target_delta": 7.2557627360026045,
        "mean_target_delta_fraction": -0.04098490861562524,
        "mean_target_effect": -0.2707061767578125,
        "mean_terse_rank": 1.0,
        "n": 3,
        "patched_best_other_route": {
          "continuation": 2,
          "prose": 1
        },
        "patched_top1_rate": 1.0,
        "success_change_rate": 0.0
      },
      "degradation|L19_top2": {
        "mean_patched_rank": 1.0,
        "mean_pmv_effect": 0.08333333333333333,
        "mean_rank_effect": 0.0,
        "mean_short_rank": 2.0,
        "mean_target_delta": 7.2557627360026045,
        "mean_target_delta_fraction": -0.024550372200694826,
        "mean_target_effect": -0.188568115234375,
        "mean_terse_rank": 1.0,
        "n": 3,
        "patched_best_other_route": {
          "continuation": 2,
          "prose": 1
        },
        "patched_top1_rate": 1.0,
        "success_change_rate": 0.0
      },
      "degradation|L19_top4": {
        "mean_patched_rank": 1.0,
        "mean_pmv_effect": 0.16666666666666666,
        "mean_rank_effect": 0.0,
        "mean_short_rank": 2.0,
        "mean_target_delta": 7.2557627360026045,
        "mean_target_delta_fraction": -0.029904176770247454,
        "mean_target_effect": -0.1806666056315104,
        "mean_terse_rank": 1.0,
        "n": 3,
        "patched_best_other_route": {
          "continuation": 2,
          "prose": 1
        },
        "patched_top1_rate": 1.0,
        "success_change_rate": 0.0
      },
      "degradation|L20_all_heads": {
        "mean_patched_rank": 1.0,
        "mean_pmv_effect": 0.7083333333333334,
        "mean_rank_effect": 0.0,
        "mean_short_rank": 2.0,
        "mean_target_delta": 7.2557627360026045,
        "mean_target_delta_fraction": 0.22760550660245393,
        "mean_target_effect": 1.5541877746582031,
        "mean_terse_rank": 1.0,
        "n": 3,
        "patched_best_other_route": {
          "continuation": 1,
          "prose": 2
        },
        "patched_top1_rate": 1.0,
        "success_change_rate": 0.0
      },
      "degradation|L20_random4": {
        "mean_patched_rank": 1.0,
        "mean_pmv_effect": 0.16666666666666666,
        "mean_rank_effect": 0.0,
        "mean_short_rank": 2.0,
        "mean_target_delta": 7.2557627360026045,
        "mean_target_delta_fraction": 0.0204845599206493,
        "mean_target_effect": 0.21116129557291666,
        "mean_terse_rank": 1.0,
        "n": 3,
        "patched_best_other_route": {
          "continuation": 2,
          "prose": 1
        },
        "patched_top1_rate": 1.0,
        "success_change_rate": 0.0
      },
      "degradation|L20_top1": {
        "mean_patched_rank": 1.0,
        "mean_pmv_effect": 0.4166666666666667,
        "mean_rank_effect": 0.0,
        "mean_short_rank": 2.0,
        "mean_target_delta": 7.2557627360026045,
        "mean_target_delta_fraction": 0.07168306397825773,
        "mean_target_effect": 0.5618343353271484,
        "mean_terse_rank": 1.0,
        "n": 3,
        "patched_best_other_route": {
          "continuation": 2,
          "prose": 1
        },
        "patched_top1_rate": 1.0,
        "success_change_rate": 0.0
      },
      "degradation|L20_top2": {
        "mean_patched_rank": 1.0,
        "mean_pmv_effect": 0.25,
        "mean_rank_effect": 0.0,
        "mean_short_rank": 2.0,
        "mean_target_delta": 7.2557627360026045,
        "mean_target_delta_fraction": -0.01906457717086035,
        "mean_target_effect": -0.08434295654296875,
        "mean_terse_rank": 1.0,
        "n": 3,
        "patched_best_other_route": {
          "continuation": 1,
          "prose": 2
        },
        "patched_top1_rate": 1.0,
        "success_change_rate": 0.0
      },
      "degradation|L20_top4": {
        "mean_patched_rank": 1.0,
        "mean_pmv_effect": 0.3333333333333333,
        "mean_rank_effect": 0.0,
        "mean_short_rank": 2.0,
        "mean_target_delta": 7.2557627360026045,
        "mean_target_delta_fraction": -0.018172454020388435,
        "mean_target_effect": -0.13521893819173178,
        "mean_terse_rank": 1.0,
        "n": 3,
        "patched_best_other_route": {
          "continuation": 1,
          "prose": 2
        },
        "patched_top1_rate": 1.0,
        "success_change_rate": 0.0
      },
      "degradation|L21_all_heads": {
        "mean_patched_rank": 1.0,
        "mean_pmv_effect": -0.5,
        "mean_rank_effect": 0.0,
        "mean_short_rank": 2.0,
        "mean_target_delta": 7.2557627360026045,
        "mean_target_delta_fraction": -0.20557645507357422,
        "mean_target_effect": -1.407641092936198,
        "mean_terse_rank": 1.0,
        "n": 3,
        "patched_best_other_route": {
          "continuation": 2,
          "prose": 1
        },
        "patched_top1_rate": 1.0,
        "success_change_rate": 0.0
      },
      "degradation|L21_random4": {
        "mean_patched_rank": 1.0,
        "mean_pmv_effect": 0.0,
        "mean_rank_effect": 0.0,
        "mean_short_rank": 2.0,
        "mean_target_delta": 7.2557627360026045,
        "mean_target_delta_fraction": 0.03030080652865173,
        "mean_target_effect": 0.21289189656575522,
        "mean_terse_rank": 1.0,
        "n": 3,
        "patched_best_other_route": {
          "continuation": 2,
          "prose": 1
        },
        "patched_top1_rate": 1.0,
        "success_change_rate": 0.0
      },
      "degradation|L21_top1": {
        "mean_patched_rank": 1.0,
        "mean_pmv_effect": 0.0,
        "mean_rank_effect": 0.0,
        "mean_short_rank": 2.0,
        "mean_target_delta": 7.2557627360026045,
        "mean_target_delta_fraction": -0.10004161283691604,
        "mean_target_effect": -0.7346642812093099,
        "mean_terse_rank": 1.0,
        "n": 3,
        "patched_best_other_route": {
          "continuation": 2,
          "prose": 1
        },
        "patched_top1_rate": 1.0,
        "success_change_rate": 0.0
      },
      "degradation|L21_top2": {
        "mean_patched_rank": 1.0,
        "mean_pmv_effect": -0.16666666666666666,
        "mean_rank_effect": 0.0,
        "mean_short_rank": 2.0,
        "mean_target_delta": 7.2557627360026045,
        "mean_target_delta_fraction": -0.0767648151124163,
        "mean_target_effect": -0.5369669596354166,
        "mean_terse_rank": 1.0,
        "n": 3,
        "patched_best_other_route": {
          "continuation": 2,
          "prose": 1
        },
        "patched_top1_rate": 1.0,
        "success_change_rate": 0.0
      },
      "degradation|L21_top4": {
        "mean_patched_rank": 1.0,
        "mean_pmv_effect": -0.125,
        "mean_rank_effect": 0.0,
        "mean_short_rank": 2.0,
        "mean_target_delta": 7.2557627360026045,
        "mean_target_delta_fraction": -0.09683939630020909,
        "mean_target_effect": -0.7096754709879557,
        "mean_terse_rank": 1.0,
        "n": 3,
        "patched_best_other_route": {
          "continuation": 2,
          "prose": 1
        },
        "patched_top1_rate": 1.0,
        "success_change_rate": 0.0
      },
      "degradation|L22_all_heads": {
        "mean_patched_rank": 1.0,
        "mean_pmv_effect": 0.625,
        "mean_rank_effect": 0.0,
        "mean_short_rank": 2.0,
        "mean_target_delta": 7.2557627360026045,
        "mean_target_delta_fraction": 0.13002403417816208,
        "mean_target_effect": 0.857537587483724,
        "mean_terse_rank": 1.0,
        "n": 3,
        "patched_best_other_route": {
          "continuation": 1,
          "prose": 2
        },
        "patched_top1_rate": 1.0,
        "success_change_rate": 0.0
      },
      "degradation|L22_random4": {
        "mean_patched_rank": 1.0,
        "mean_pmv_effect": 0.4583333333333333,
        "mean_rank_effect": 0.0,
        "mean_short_rank": 2.0,
        "mean_target_delta": 7.2557627360026045,
        "mean_target_delta_fraction": 0.06695942675272597,
        "mean_target_effect": 0.49456024169921875,
        "mean_terse_rank": 1.0,
        "n": 3,
        "patched_best_other_route": {
          "continuation": 2,
          "prose": 1
        },
        "patched_top1_rate": 1.0,
        "success_change_rate": 0.0
      },
      "degradation|L22_top1": {
        "mean_patched_rank": 1.0,
        "mean_pmv_effect": -0.75,
        "mean_rank_effect": 0.0,
        "mean_short_rank": 2.0,
        "mean_target_delta": 7.2557627360026045,
        "mean_target_delta_fraction": -0.2300026743407307,
        "mean_target_effect": -1.6521390279134114,
        "mean_terse_rank": 1.0,
        "n": 3,
        "patched_best_other_route": {
          "continuation": 2,
          "prose": 1
        },
        "patched_top1_rate": 1.0,
        "success_change_rate": 0.0
      },
      "degradation|L22_top2": {
        "mean_patched_rank": 1.0,
        "mean_pmv_effect": -0.6666666666666666,
        "mean_rank_effect": 0.0,
        "mean_short_rank": 2.0,
        "mean_target_delta": 7.2557627360026045,
        "mean_target_delta_fraction": -0.14945404402104398,
        "mean_target_effect": -1.1361993153889973,
        "mean_terse_rank": 1.0,
        "n": 3,
        "patched_best_other_route": {
          "continuation": 2,
          "prose": 1
        },
        "patched_top1_rate": 1.0,
        "success_change_rate": 0.0
      },
      "degradation|L22_top4": {
        "mean_patched_rank": 1.0,
        "mean_pmv_effect": -0.7916666666666666,
        "mean_rank_effect": 0.0,
        "mean_short_rank": 2.0,
        "mean_target_delta": 7.2557627360026045,
        "mean_target_delta_fraction": -0.2623862469933795,
        "mean_target_effect": -1.8714148203531902,
        "mean_terse_rank": 1.0,
        "n": 3,
        "patched_best_other_route": {
          "continuation": 2,
          "prose": 1
        },
        "patched_top1_rate": 1.0,
        "success_change_rate": 0.0
      },
      "degradation|L23_all_heads": {
        "mean_patched_rank": 1.0,
        "mean_pmv_effect": 1.25,
        "mean_rank_effect": 0.0,
        "mean_short_rank": 2.0,
        "mean_target_delta": 7.2557627360026045,
        "mean_target_delta_fraction": 0.1942933173339461,
        "mean_target_effect": 1.480826695760091,
        "mean_terse_rank": 1.0,
        "n": 3,
        "patched_best_other_route": {
          "prose": 3
        },
        "patched_top1_rate": 1.0,
        "success_change_rate": 0.0
      },
      "degradation|L23_random4": {
        "mean_patched_rank": 1.0,
        "mean_pmv_effect": 0.20833333333333334,
        "mean_rank_effect": 0.0,
        "mean_short_rank": 2.0,
        "mean_target_delta": 7.2557627360026045,
        "mean_target_delta_fraction": 0.0075443551919360035,
        "mean_target_effect": 0.058870951334635414,
        "mean_terse_rank": 1.0,
        "n": 3,
        "patched_best_other_route": {
          "continuation": 2,
          "prose": 1
        },
        "patched_top1_rate": 1.0,
        "success_change_rate": 0.0
      },
      "degradation|L23_top1": {
        "mean_patched_rank": 1.0,
        "mean_pmv_effect": 0.75,
        "mean_rank_effect": 0.0,
        "mean_short_rank": 2.0,
        "mean_target_delta": 7.2557627360026045,
        "mean_target_delta_fraction": 0.16253096715396476,
        "mean_target_effect": 1.1993287404378254,
        "mean_terse_rank": 1.0,
        "n": 3,
        "patched_best_other_route": {
          "continuation": 1,
          "prose": 2
        },
        "patched_top1_rate": 1.0,
        "success_change_rate": 0.0
      },
      "degradation|L23_top2": {
        "mean_patched_rank": 1.0,
        "mean_pmv_effect": 0.9583333333333334,
        "mean_rank_effect": 0.0,
        "mean_short_rank": 2.0,
        "mean_target_delta": 7.2557627360026045,
        "mean_target_delta_fraction": 0.18029664388986952,
        "mean_target_effect": 1.340863545735677,
        "mean_terse_rank": 1.0,
        "n": 3,
        "patched_best_other_route": {
          "continuation": 1,
          "prose": 2
        },
        "patched_top1_rate": 1.0,
        "success_change_rate": 0.0
      },
      "degradation|L23_top4": {
        "mean_patched_rank": 1.0,
        "mean_pmv_effect": 0.9583333333333334,
        "mean_rank_effect": 0.0,
        "mean_short_rank": 2.0,
        "mean_target_delta": 7.2557627360026045,
        "mean_target_delta_fraction": 0.16144946076115166,
        "mean_target_effect": 1.1631882985432942,
        "mean_terse_rank": 1.0,
        "n": 3,
        "patched_best_other_route": {
          "continuation": 1,
          "prose": 2
        },
        "patched_top1_rate": 1.0,
        "success_change_rate": 0.0
      },
      "degradation|L24_all_heads": {
        "mean_patched_rank": 1.0,
        "mean_pmv_effect": 1.2916666666666667,
        "mean_rank_effect": 0.0,
        "mean_short_rank": 2.0,
        "mean_target_delta": 7.2557627360026045,
        "mean_target_delta_fraction": 0.29383789792355514,
        "mean_target_effect": 2.166654586791992,
        "mean_terse_rank": 1.0,
        "n": 3,
        "patched_best_other_route": {
          "continuation": 2,
          "prose": 1
        },
        "patched_top1_rate": 1.0,
        "success_change_rate": 0.0
      },
      "degradation|L24_random4": {
        "mean_patched_rank": 1.0,
        "mean_pmv_effect": 0.041666666666666664,
        "mean_rank_effect": 0.0,
        "mean_short_rank": 2.0,
        "mean_target_delta": 7.2557627360026045,
        "mean_target_delta_fraction": -0.028524113125435027,
        "mean_target_effect": -0.1669623057047526,
        "mean_terse_rank": 1.0,
        "n": 3,
        "patched_best_other_route": {
          "continuation": 2,
          "prose": 1
        },
        "patched_top1_rate": 1.0,
        "success_change_rate": 0.0
      },
      "degradation|L24_top1": {
        "mean_patched_rank": 1.0,
        "mean_pmv_effect": 0.6666666666666666,
        "mean_rank_effect": 0.0,
        "mean_short_rank": 2.0,
        "mean_target_delta": 7.2557627360026045,
        "mean_target_delta_fraction": 0.2659846987560826,
        "mean_target_effect": 1.9096387227376301,
        "mean_terse_rank": 1.0,
        "n": 3,
        "patched_best_other_route": {
          "continuation": 2,
          "prose": 1
        },
        "patched_top1_rate": 1.0,
        "success_change_rate": 0.0
      },
      "degradation|L24_top2": {
        "mean_patched_rank": 1.0,
        "mean_pmv_effect": 0.75,
        "mean_rank_effect": 0.0,
        "mean_short_rank": 2.0,
        "mean_target_delta": 7.2557627360026045,
        "mean_target_delta_fraction": 0.29165350908729176,
        "mean_target_effect": 2.123418172200521,
        "mean_terse_rank": 1.0,
        "n": 3,
        "patched_best_other_route": {
          "continuation": 2,
          "prose": 1
        },
        "patched_top1_rate": 1.0,
        "success_change_rate": 0.0
      },
      "degradation|L24_top4": {
        "mean_patched_rank": 1.0,
        "mean_pmv_effect": 1.0,
        "mean_rank_effect": 0.0,
        "mean_short_rank": 2.0,
        "mean_target_delta": 7.2557627360026045,
        "mean_target_delta_fraction": 0.3328168112469077,
        "mean_target_effect": 2.425802230834961,
        "mean_terse_rank": 1.0,
        "n": 3,
        "patched_best_other_route": {
          "continuation": 2,
          "prose": 1
        },
        "patched_top1_rate": 1.0,
        "success_change_rate": 0.0
      },
      "degradation|L25_all_heads": {
        "mean_patched_rank": 1.0,
        "mean_pmv_effect": 0.0,
        "mean_rank_effect": 0.0,
        "mean_short_rank": 2.0,
        "mean_target_delta": 7.2557627360026045,
        "mean_target_delta_fraction": -0.0116139344606399,
        "mean_target_effect": -0.13909212748209634,
        "mean_terse_rank": 1.0,
        "n": 3,
        "patched_best_other_route": {
          "continuation": 2,
          "prose": 1
        },
        "patched_top1_rate": 1.0,
        "success_change_rate": 0.0
      },
      "degradation|L25_random4": {
        "mean_patched_rank": 1.0,
        "mean_pmv_effect": -0.041666666666666664,
        "mean_rank_effect": 0.0,
        "mean_short_rank": 2.0,
        "mean_target_delta": 7.2557627360026045,
        "mean_target_delta_fraction": -0.008908652007688584,
        "mean_target_effect": -0.0451208750406901,
        "mean_terse_rank": 1.0,
        "n": 3,
        "patched_best_other_route": {
          "continuation": 2,
          "prose": 1
        },
        "patched_top1_rate": 1.0,
        "success_change_rate": 0.0
      },
      "degradation|L25_top1": {
        "mean_patched_rank": 1.0,
        "mean_pmv_effect": 0.25,
        "mean_rank_effect": 0.0,
        "mean_short_rank": 2.0,
        "mean_target_delta": 7.2557627360026045,
        "mean_target_delta_fraction": 0.03647320884806634,
        "mean_target_effect": 0.23609797159830728,
        "mean_terse_rank": 1.0,
        "n": 3,
        "patched_best_other_route": {
          "continuation": 2,
          "prose": 1
        },
        "patched_top1_rate": 1.0,
        "success_change_rate": 0.0
      },
      "degradation|L25_top2": {
        "mean_patched_rank": 1.0,
        "mean_pmv_effect": 0.125,
        "mean_rank_effect": 0.0,
        "mean_short_rank": 2.0,
        "mean_target_delta": 7.2557627360026045,
        "mean_target_delta_fraction": 0.020525759050711374,
        "mean_target_effect": 0.14136568705240884,
        "mean_terse_rank": 1.0,
        "n": 3,
        "patched_best_other_route": {
          "continuation": 2,
          "prose": 1
        },
        "patched_top1_rate": 1.0,
        "success_change_rate": 0.0
      },
      "degradation|L25_top4": {
        "mean_patched_rank": 1.0,
        "mean_pmv_effect": 0.08333333333333333,
        "mean_rank_effect": 0.0,
        "mean_short_rank": 2.0,
        "mean_target_delta": 7.2557627360026045,
        "mean_target_delta_fraction": 0.03277658678631249,
        "mean_target_effect": 0.2065601348876953,
        "mean_terse_rank": 1.0,
        "n": 3,
        "patched_best_other_route": {
          "continuation": 2,
          "prose": 1
        },
        "patched_top1_rate": 1.0,
        "success_change_rate": 0.0
      },
      "degradation|all_random": {
        "mean_patched_rank": 1.3333333333333333,
        "mean_pmv_effect": 1.75,
        "mean_rank_effect": 0.3333333333333333,
        "mean_short_rank": 2.0,
        "mean_target_delta": 7.2557627360026045,
        "mean_target_delta_fraction": 0.3800340916577958,
        "mean_target_effect": 2.7799905141194663,
        "mean_terse_rank": 1.0,
        "n": 3,
        "patched_best_other_route": {
          "continuation": 2,
          "prose": 1
        },
        "patched_top1_rate": 0.6666666666666666,
        "success_change_rate": 0.3333333333333333
      },
      "degradation|all_top16": {
        "mean_patched_rank": 1.6666666666666667,
        "mean_pmv_effect": 2.1666666666666665,
        "mean_rank_effect": 0.6666666666666666,
        "mean_short_rank": 2.0,
        "mean_target_delta": 7.2557627360026045,
        "mean_target_delta_fraction": 0.6881905848707094,
        "mean_target_effect": 4.883412043253581,
        "mean_terse_rank": 1.0,
        "n": 3,
        "patched_best_other_route": {
          "continuation": 1,
          "prose": 2
        },
        "patched_top1_rate": 0.3333333333333333,
        "success_change_rate": 0.6666666666666666
      },
      "degradation|all_top8": {
        "mean_patched_rank": 1.3333333333333333,
        "mean_pmv_effect": 1.625,
        "mean_rank_effect": 0.3333333333333333,
        "mean_short_rank": 2.0,
        "mean_target_delta": 7.2557627360026045,
        "mean_target_delta_fraction": 0.5465264173385391,
        "mean_target_effect": 3.7919788360595703,
        "mean_terse_rank": 1.0,
        "n": 3,
        "patched_best_other_route": {
          "continuation": 1,
          "prose": 2
        },
        "patched_top1_rate": 0.6666666666666666,
        "success_change_rate": 0.3333333333333333
      },
      "degradation|early_random": {
        "mean_patched_rank": 1.0,
        "mean_pmv_effect": 0.041666666666666664,
        "mean_rank_effect": 0.0,
        "mean_short_rank": 2.0,
        "mean_target_delta": 7.2557627360026045,
        "mean_target_delta_fraction": -0.02715356512985906,
        "mean_target_effect": -0.13046709696451822,
        "mean_terse_rank": 1.0,
        "n": 3,
        "patched_best_other_route": {
          "continuation": 2,
          "prose": 1
        },
        "patched_top1_rate": 1.0,
        "success_change_rate": 0.0
      },
      "degradation|early_top16": {
        "mean_patched_rank": 1.0,
        "mean_pmv_effect": -0.5,
        "mean_rank_effect": 0.0,
        "mean_short_rank": 2.0,
        "mean_target_delta": 7.2557627360026045,
        "mean_target_delta_fraction": -0.2609704482683943,
        "mean_target_effect": -1.9378242492675781,
        "mean_terse_rank": 1.0,
        "n": 3,
        "patched_best_other_route": {
          "continuation": 1,
          "prose": 2
        },
        "patched_top1_rate": 1.0,
        "success_change_rate": 0.0
      },
      "degradation|early_top8": {
        "mean_patched_rank": 1.0,
        "mean_pmv_effect": 0.0,
        "mean_rank_effect": 0.0,
        "mean_short_rank": 2.0,
        "mean_target_delta": 7.2557627360026045,
        "mean_target_delta_fraction": -0.02181066835865698,
        "mean_target_effect": -0.1867071787516276,
        "mean_terse_rank": 1.0,
        "n": 3,
        "patched_best_other_route": {
          "continuation": 2,
          "prose": 1
        },
        "patched_top1_rate": 1.0,
        "success_change_rate": 0.0
      },
      "degradation|late_random": {
        "mean_patched_rank": 1.0,
        "mean_pmv_effect": 0.16666666666666666,
        "mean_rank_effect": 0.0,
        "mean_short_rank": 2.0,
        "mean_target_delta": 7.2557627360026045,
        "mean_target_delta_fraction": -0.02454798986142818,
        "mean_target_effect": -0.20294507344563803,
        "mean_terse_rank": 1.0,
        "n": 3,
        "patched_best_other_route": {
          "continuation": 2,
          "prose": 1
        },
        "patched_top1_rate": 1.0,
        "success_change_rate": 0.0
      },
      "degradation|late_top16": {
        "mean_patched_rank": 2.0,
        "mean_pmv_effect": 2.5833333333333335,
        "mean_rank_effect": 1.0,
        "mean_short_rank": 2.0,
        "mean_target_delta": 7.2557627360026045,
        "mean_target_delta_fraction": 0.8625397378646741,
        "mean_target_effect": 6.015768051147461,
        "mean_terse_rank": 1.0,
        "n": 3,
        "patched_best_other_route": {
          "continuation": 1,
          "prose": 2
        },
        "patched_top1_rate": 0.3333333333333333,
        "success_change_rate": 0.6666666666666666
      },
      "degradation|late_top8": {
        "mean_patched_rank": 2.3333333333333335,
        "mean_pmv_effect": 2.0833333333333335,
        "mean_rank_effect": 1.3333333333333333,
        "mean_short_rank": 2.0,
        "mean_target_delta": 7.2557627360026045,
        "mean_target_delta_fraction": 0.7693116032039838,
        "mean_target_effect": 5.388678232828776,
        "mean_terse_rank": 1.0,
        "n": 3,
        "patched_best_other_route": {
          "continuation": 1,
          "prose": 2
        },
        "patched_top1_rate": 0.0,
        "success_change_rate": 1.0
      },
      "restore|L18_all_heads": {
        "mean_patched_rank": 1.3333333333333333,
        "mean_pmv_effect": 0.7916666666666666,
        "mean_rank_effect": 0.6666666666666666,
        "mean_short_rank": 2.0,
        "mean_target_delta": 7.2557627360026045,
        "mean_target_delta_fraction": 0.30632349297097866,
        "mean_target_effect": 2.313584645589193,
        "mean_terse_rank": 1.0,
        "n": 3,
        "patched_best_other_route": {
          "continuation": 2,
          "prose": 1
        },
        "patched_top1_rate": 0.6666666666666666,
        "success_change_rate": 0.6666666666666666
      },
      "restore|L18_random4": {
        "mean_patched_rank": 1.3333333333333333,
        "mean_pmv_effect": 0.2916666666666667,
        "mean_rank_effect": 0.6666666666666666,
        "mean_short_rank": 2.0,
        "mean_target_delta": 7.2557627360026045,
        "mean_target_delta_fraction": 0.12874219655726107,
        "mean_target_effect": 0.971490224202474,
        "mean_terse_rank": 1.0,
        "n": 3,
        "patched_best_other_route": {
          "continuation": 2,
          "prose": 1
        },
        "patched_top1_rate": 0.6666666666666666,
        "success_change_rate": 0.6666666666666666
      },
      "restore|L18_top1": {
        "mean_patched_rank": 2.0,
        "mean_pmv_effect": 0.08333333333333333,
        "mean_rank_effect": 0.0,
        "mean_short_rank": 2.0,
        "mean_target_delta": 7.2557627360026045,
        "mean_target_delta_fraction": 0.10529158412683755,
        "mean_target_effect": 0.7649784088134766,
        "mean_terse_rank": 1.0,
        "n": 3,
        "patched_best_other_route": {
          "continuation": 2,
          "prose": 1
        },
        "patched_top1_rate": 0.0,
        "success_change_rate": 0.0
      },
      "restore|L18_top2": {
        "mean_patched_rank": 2.3333333333333335,
        "mean_pmv_effect": -0.5,
        "mean_rank_effect": -0.3333333333333333,
        "mean_short_rank": 2.0,
        "mean_target_delta": 7.2557627360026045,
        "mean_target_delta_fraction": -0.08759478856495934,
        "mean_target_effect": -0.5972054799397787,
        "mean_terse_rank": 1.0,
        "n": 3,
        "patched_best_other_route": {
          "continuation": 2,
          "prose": 1
        },
        "patched_top1_rate": 0.3333333333333333,
        "success_change_rate": 0.3333333333333333
      },
      "restore|L18_top4": {
        "mean_patched_rank": 2.6666666666666665,
        "mean_pmv_effect": -0.75,
        "mean_rank_effect": -0.6666666666666666,
        "mean_short_rank": 2.0,
        "mean_target_delta": 7.2557627360026045,
        "mean_target_delta_fraction": -0.1929304978707258,
        "mean_target_effect": -1.3518422444661458,
        "mean_terse_rank": 1.0,
        "n": 3,
        "patched_best_other_route": {
          "continuation": 1,
          "prose": 2
        },
        "patched_top1_rate": 0.0,
        "success_change_rate": 0.0
      },
      "restore|L19_all_heads": {
        "mean_patched_rank": 1.6666666666666667,
        "mean_pmv_effect": 0.625,
        "mean_rank_effect": 0.3333333333333333,
        "mean_short_rank": 2.0,
        "mean_target_delta": 7.2557627360026045,
        "mean_target_delta_fraction": 0.27241009044143033,
        "mean_target_effect": 2.0219904581705728,
        "mean_terse_rank": 1.0,
        "n": 3,
        "patched_best_other_route": {
          "continuation": 2,
          "prose": 1
        },
        "patched_top1_rate": 0.3333333333333333,
        "success_change_rate": 0.3333333333333333
      },
      "restore|L19_random4": {
        "mean_patched_rank": 2.0,
        "mean_pmv_effect": -0.16666666666666666,
        "mean_rank_effect": 0.0,
        "mean_short_rank": 2.0,
        "mean_target_delta": 7.2557627360026045,
        "mean_target_delta_fraction": -0.0046847452218080855,
        "mean_target_effect": 0.03252983093261719,
        "mean_terse_rank": 1.0,
        "n": 3,
        "patched_best_other_route": {
          "continuation": 1,
          "prose": 2
        },
        "patched_top1_rate": 0.0,
        "success_change_rate": 0.0
      },
      "restore|L19_top1": {
        "mean_patched_rank": 1.3333333333333333,
        "mean_pmv_effect": 0.125,
        "mean_rank_effect": 0.6666666666666666,
        "mean_short_rank": 2.0,
        "mean_target_delta": 7.2557627360026045,
        "mean_target_delta_fraction": 0.03730457528292403,
        "mean_target_effect": 0.39970842997233075,
        "mean_terse_rank": 1.0,
        "n": 3,
        "patched_best_other_route": {
          "continuation": 1,
          "prose": 2
        },
        "patched_top1_rate": 0.6666666666666666,
        "success_change_rate": 0.6666666666666666
      },
      "restore|L19_top2": {
        "mean_patched_rank": 1.6666666666666667,
        "mean_pmv_effect": 0.125,
        "mean_rank_effect": 0.3333333333333333,
        "mean_short_rank": 2.0,
        "mean_target_delta": 7.2557627360026045,
        "mean_target_delta_fraction": 0.060967841344202946,
        "mean_target_effect": 0.4998283386230469,
        "mean_terse_rank": 1.0,
        "n": 3,
        "patched_best_other_route": {
          "continuation": 2,
          "prose": 1
        },
        "patched_top1_rate": 0.3333333333333333,
        "success_change_rate": 0.3333333333333333
      },
      "restore|L19_top4": {
        "mean_patched_rank": 2.0,
        "mean_pmv_effect": 0.0,
        "mean_rank_effect": 0.0,
        "mean_short_rank": 2.0,
        "mean_target_delta": 7.2557627360026045,
        "mean_target_delta_fraction": 0.011055616832437764,
        "mean_target_effect": 0.12039502461751302,
        "mean_terse_rank": 1.0,
        "n": 3,
        "patched_best_other_route": {
          "continuation": 2,
          "prose": 1
        },
        "patched_top1_rate": 0.0,
        "success_change_rate": 0.0
      },
      "restore|L20_all_heads": {
        "mean_patched_rank": 1.3333333333333333,
        "mean_pmv_effect": 0.2916666666666667,
        "mean_rank_effect": 0.6666666666666666,
        "mean_short_rank": 2.0,
        "mean_target_delta": 7.2557627360026045,
        "mean_target_delta_fraction": 0.2070705756004333,
        "mean_target_effect": 1.5174630482991536,
        "mean_terse_rank": 1.0,
        "n": 3,
        "patched_best_other_route": {
          "continuation": 2,
          "prose": 1
        },
        "patched_top1_rate": 0.6666666666666666,
        "success_change_rate": 0.6666666666666666
      },
      "restore|L20_random4": {
        "mean_patched_rank": 2.0,
        "mean_pmv_effect": -0.25,
        "mean_rank_effect": 0.0,
        "mean_short_rank": 2.0,
        "mean_target_delta": 7.2557627360026045,
        "mean_target_delta_fraction": -0.007697341706019787,
        "mean_target_effect": 6.4849853515625e-05,
        "mean_terse_rank": 1.0,
        "n": 3,
        "patched_best_other_route": {
          "continuation": 1,
          "prose": 2
        },
        "patched_top1_rate": 0.0,
        "success_change_rate": 0.0
      },
      "restore|L20_top1": {
        "mean_patched_rank": 1.6666666666666667,
        "mean_pmv_effect": 0.5416666666666666,
        "mean_rank_effect": 0.3333333333333333,
        "mean_short_rank": 2.0,
        "mean_target_delta": 7.2557627360026045,
        "mean_target_delta_fraction": 0.1865474768645047,
        "mean_target_effect": 1.45806884765625,
        "mean_terse_rank": 1.0,
        "n": 3,
        "patched_best_other_route": {
          "continuation": 2,
          "prose": 1
        },
        "patched_top1_rate": 0.3333333333333333,
        "success_change_rate": 0.3333333333333333
      },
      "restore|L20_top2": {
        "mean_patched_rank": 1.3333333333333333,
        "mean_pmv_effect": 0.20833333333333334,
        "mean_rank_effect": 0.6666666666666666,
        "mean_short_rank": 2.0,
        "mean_target_delta": 7.2557627360026045,
        "mean_target_delta_fraction": 0.12387148064119247,
        "mean_target_effect": 1.0178890228271484,
        "mean_terse_rank": 1.0,
        "n": 3,
        "patched_best_other_route": {
          "continuation": 1,
          "prose": 2
        },
        "patched_top1_rate": 0.6666666666666666,
        "success_change_rate": 0.6666666666666666
      },
      "restore|L20_top4": {
        "mean_patched_rank": 1.6666666666666667,
        "mean_pmv_effect": 0.08333333333333333,
        "mean_rank_effect": 0.3333333333333333,
        "mean_short_rank": 2.0,
        "mean_target_delta": 7.2557627360026045,
        "mean_target_delta_fraction": 0.04848352857226488,
        "mean_target_effect": 0.37714894612630206,
        "mean_terse_rank": 1.0,
        "n": 3,
        "patched_best_other_route": {
          "continuation": 2,
          "prose": 1
        },
        "patched_top1_rate": 0.3333333333333333,
        "success_change_rate": 0.3333333333333333
      },
      "restore|L21_all_heads": {
        "mean_patched_rank": 2.6666666666666665,
        "mean_pmv_effect": -0.4166666666666667,
        "mean_rank_effect": -0.6666666666666666,
        "mean_short_rank": 2.0,
        "mean_target_delta": 7.2557627360026045,
        "mean_target_delta_fraction": -0.03923002678194509,
        "mean_target_effect": -0.2507133483886719,
        "mean_terse_rank": 1.0,
        "n": 3,
        "patched_best_other_route": {
          "continuation": 2,
          "prose": 1
        },
        "patched_top1_rate": 0.0,
        "success_change_rate": 0.0
      },
      "restore|L21_random4": {
        "mean_patched_rank": 1.6666666666666667,
        "mean_pmv_effect": 0.08333333333333333,
        "mean_rank_effect": 0.3333333333333333,
        "mean_short_rank": 2.0,
        "mean_target_delta": 7.2557627360026045,
        "mean_target_delta_fraction": 0.15596059502808646,
        "mean_target_effect": 1.2586746215820312,
        "mean_terse_rank": 1.0,
        "n": 3,
        "patched_best_other_route": {
          "continuation": 2,
          "prose": 1
        },
        "patched_top1_rate": 0.3333333333333333,
        "success_change_rate": 0.3333333333333333
      },
      "restore|L21_top1": {
        "mean_patched_rank": 2.3333333333333335,
        "mean_pmv_effect": -0.20833333333333334,
        "mean_rank_effect": -0.3333333333333333,
        "mean_short_rank": 2.0,
        "mean_target_delta": 7.2557627360026045,
        "mean_target_delta_fraction": -0.09786830658547174,
        "mean_target_effect": -0.6626497904459635,
        "mean_terse_rank": 1.0,
        "n": 3,
        "patched_best_other_route": {
          "continuation": 1,
          "prose": 2
        },
        "patched_top1_rate": 0.0,
        "success_change_rate": 0.0
      },
      "restore|L21_top2": {
        "mean_patched_rank": 2.0,
        "mean_pmv_effect": 0.041666666666666664,
        "mean_rank_effect": 0.0,
        "mean_short_rank": 2.0,
        "mean_target_delta": 7.2557627360026045,
        "mean_target_delta_fraction": 0.04962845516869483,
        "mean_target_effect": 0.41828282674153644,
        "mean_terse_rank": 1.0,
        "n": 3,
        "patched_best_other_route": {
          "continuation": 1,
          "prose": 2
        },
        "patched_top1_rate": 0.3333333333333333,
        "success_change_rate": 0.3333333333333333
      },
      "restore|L21_top4": {
        "mean_patched_rank": 1.3333333333333333,
        "mean_pmv_effect": 0.2916666666666667,
        "mean_rank_effect": 0.6666666666666666,
        "mean_short_rank": 2.0,
        "mean_target_delta": 7.2557627360026045,
        "mean_target_delta_fraction": 0.1005650735355263,
        "mean_target_effect": 0.7037067413330078,
        "mean_terse_rank": 1.0,
        "n": 3,
        "patched_best_other_route": {
          "continuation": 1,
          "prose": 2
        },
        "patched_top1_rate": 0.6666666666666666,
        "success_change_rate": 0.6666666666666666
      },
      "restore|L22_all_heads": {
        "mean_patched_rank": 2.3333333333333335,
        "mean_pmv_effect": 0.125,
        "mean_rank_effect": -0.3333333333333333,
        "mean_short_rank": 2.0,
        "mean_target_delta": 7.2557627360026045,
        "mean_target_delta_fraction": 0.08742096128718262,
        "mean_target_effect": 0.5943330128987631,
        "mean_terse_rank": 1.0,
        "n": 3,
        "patched_best_other_route": {
          "continuation": 2,
          "prose": 1
        },
        "patched_top1_rate": 0.0,
        "success_change_rate": 0.0
      },
      "restore|L22_random4": {
        "mean_patched_rank": 1.3333333333333333,
        "mean_pmv_effect": 0.20833333333333334,
        "mean_rank_effect": 0.6666666666666666,
        "mean_short_rank": 2.0,
        "mean_target_delta": 7.2557627360026045,
        "mean_target_delta_fraction": 0.15016371692240496,
        "mean_target_effect": 1.1170196533203125,
        "mean_terse_rank": 1.0,
        "n": 3,
        "patched_best_other_route": {
          "continuation": 1,
          "prose": 2
        },
        "patched_top1_rate": 0.6666666666666666,
        "success_change_rate": 0.6666666666666666
      },
      "restore|L22_top1": {
        "mean_patched_rank": 2.6666666666666665,
        "mean_pmv_effect": -0.8333333333333334,
        "mean_rank_effect": -0.6666666666666666,
        "mean_short_rank": 2.0,
        "mean_target_delta": 7.2557627360026045,
        "mean_target_delta_fraction": -0.21150293130056622,
        "mean_target_effect": -1.492458979288737,
        "mean_terse_rank": 1.0,
        "n": 3,
        "patched_best_other_route": {
          "continuation": 2,
          "prose": 1
        },
        "patched_top1_rate": 0.0,
        "success_change_rate": 0.0
      },
      "restore|L22_top2": {
        "mean_patched_rank": 2.6666666666666665,
        "mean_pmv_effect": -0.7083333333333334,
        "mean_rank_effect": -0.6666666666666666,
        "mean_short_rank": 2.0,
        "mean_target_delta": 7.2557627360026045,
        "mean_target_delta_fraction": -0.23094873645593647,
        "mean_target_effect": -1.6126550038655598,
        "mean_terse_rank": 1.0,
        "n": 3,
        "patched_best_other_route": {
          "continuation": 2,
          "prose": 1
        },
        "patched_top1_rate": 0.0,
        "success_change_rate": 0.0
      },
      "restore|L22_top4": {
        "mean_patched_rank": 2.6666666666666665,
        "mean_pmv_effect": -0.6666666666666666,
        "mean_rank_effect": -0.6666666666666666,
        "mean_short_rank": 2.0,
        "mean_target_delta": 7.2557627360026045,
        "mean_target_delta_fraction": -0.22015185764526213,
        "mean_target_effect": -1.5036392211914062,
        "mean_terse_rank": 1.0,
        "n": 3,
        "patched_best_other_route": {
          "continuation": 2,
          "prose": 1
        },
        "patched_top1_rate": 0.0,
        "success_change_rate": 0.0
      },
      "restore|L23_all_heads": {
        "mean_patched_rank": 1.6666666666666667,
        "mean_pmv_effect": 0.875,
        "mean_rank_effect": 0.3333333333333333,
        "mean_short_rank": 2.0,
        "mean_target_delta": 7.2557627360026045,
        "mean_target_delta_fraction": 0.3130031436072152,
        "mean_target_effect": 2.340752919514974,
        "mean_terse_rank": 1.0,
        "n": 3,
        "patched_best_other_route": {
          "continuation": 2,
          "prose": 1
        },
        "patched_top1_rate": 0.3333333333333333,
        "success_change_rate": 0.3333333333333333
      },
      "restore|L23_random4": {
        "mean_patched_rank": 1.6666666666666667,
        "mean_pmv_effect": 0.2916666666666667,
        "mean_rank_effect": 0.3333333333333333,
        "mean_short_rank": 2.0,
        "mean_target_delta": 7.2557627360026045,
        "mean_target_delta_fraction": 0.11914497002524684,
        "mean_target_effect": 0.9560489654541016,
        "mean_terse_rank": 1.0,
        "n": 3,
        "patched_best_other_route": {
          "continuation": 2,
          "prose": 1
        },
        "patched_top1_rate": 0.3333333333333333,
        "success_change_rate": 0.3333333333333333
      },
      "restore|L23_top1": {
        "mean_patched_rank": 1.3333333333333333,
        "mean_pmv_effect": 0.75,
        "mean_rank_effect": 0.6666666666666666,
        "mean_short_rank": 2.0,
        "mean_target_delta": 7.2557627360026045,
        "mean_target_delta_fraction": 0.31309390658775454,
        "mean_target_effect": 2.3244686126708984,
        "mean_terse_rank": 1.0,
        "n": 3,
        "patched_best_other_route": {
          "continuation": 2,
          "prose": 1
        },
        "patched_top1_rate": 0.6666666666666666,
        "success_change_rate": 0.6666666666666666
      },
      "restore|L23_top2": {
        "mean_patched_rank": 1.3333333333333333,
        "mean_pmv_effect": 0.8333333333333334,
        "mean_rank_effect": 0.6666666666666666,
        "mean_short_rank": 2.0,
        "mean_target_delta": 7.2557627360026045,
        "mean_target_delta_fraction": 0.29424100452378127,
        "mean_target_effect": 2.191049575805664,
        "mean_terse_rank": 1.0,
        "n": 3,
        "patched_best_other_route": {
          "continuation": 2,
          "prose": 1
        },
        "patched_top1_rate": 0.6666666666666666,
        "success_change_rate": 0.6666666666666666
      },
      "restore|L23_top4": {
        "mean_patched_rank": 1.3333333333333333,
        "mean_pmv_effect": 0.8333333333333334,
        "mean_rank_effect": 0.6666666666666666,
        "mean_short_rank": 2.0,
        "mean_target_delta": 7.2557627360026045,
        "mean_target_delta_fraction": 0.3210666490349507,
        "mean_target_effect": 2.377119700113932,
        "mean_terse_rank": 1.0,
        "n": 3,
        "patched_best_other_route": {
          "continuation": 2,
          "prose": 1
        },
        "patched_top1_rate": 0.6666666666666666,
        "success_change_rate": 0.6666666666666666
      },
      "restore|L24_all_heads": {
        "mean_patched_rank": 1.3333333333333333,
        "mean_pmv_effect": 1.0,
        "mean_rank_effect": 0.6666666666666666,
        "mean_short_rank": 2.0,
        "mean_target_delta": 7.2557627360026045,
        "mean_target_delta_fraction": 0.3287695556525365,
        "mean_target_effect": 2.4518820444742837,
        "mean_terse_rank": 1.0,
        "n": 3,
        "patched_best_other_route": {
          "continuation": 2,
          "prose": 1
        },
        "patched_top1_rate": 0.6666666666666666,
        "success_change_rate": 0.6666666666666666
      },
      "restore|L24_random4": {
        "mean_patched_rank": 2.0,
        "mean_pmv_effect": 0.0,
        "mean_rank_effect": 0.0,
        "mean_short_rank": 2.0,
        "mean_target_delta": 7.2557627360026045,
        "mean_target_delta_fraction": 0.015034725221451703,
        "mean_target_effect": 0.1402257283528646,
        "mean_terse_rank": 1.0,
        "n": 3,
        "patched_best_other_route": {
          "continuation": 1,
          "prose": 2
        },
        "patched_top1_rate": 0.0,
        "success_change_rate": 0.0
      },
      "restore|L24_top1": {
        "mean_patched_rank": 1.3333333333333333,
        "mean_pmv_effect": 0.4583333333333333,
        "mean_rank_effect": 0.6666666666666666,
        "mean_short_rank": 2.0,
        "mean_target_delta": 7.2557627360026045,
        "mean_target_delta_fraction": 0.23651261403732157,
        "mean_target_effect": 1.7317771911621094,
        "mean_terse_rank": 1.0,
        "n": 3,
        "patched_best_other_route": {
          "continuation": 2,
          "prose": 1
        },
        "patched_top1_rate": 0.6666666666666666,
        "success_change_rate": 0.6666666666666666
      },
      "restore|L24_top2": {
        "mean_patched_rank": 1.3333333333333333,
        "mean_pmv_effect": 0.75,
        "mean_rank_effect": 0.6666666666666666,
        "mean_short_rank": 2.0,
        "mean_target_delta": 7.2557627360026045,
        "mean_target_delta_fraction": 0.34108449233074745,
        "mean_target_effect": 2.4810816446940103,
        "mean_terse_rank": 1.0,
        "n": 3,
        "patched_best_other_route": {
          "continuation": 2,
          "prose": 1
        },
        "patched_top1_rate": 0.6666666666666666,
        "success_change_rate": 0.6666666666666666
      },
      "restore|L24_top4": {
        "mean_patched_rank": 1.3333333333333333,
        "mean_pmv_effect": 0.6666666666666666,
        "mean_rank_effect": 0.6666666666666666,
        "mean_short_rank": 2.0,
        "mean_target_delta": 7.2557627360026045,
        "mean_target_delta_fraction": 0.34780948398032857,
        "mean_target_effect": 2.5882110595703125,
        "mean_terse_rank": 1.0,
        "n": 3,
        "patched_best_other_route": {
          "continuation": 2,
          "prose": 1
        },
        "patched_top1_rate": 0.6666666666666666,
        "success_change_rate": 0.6666666666666666
      },
      "restore|L25_all_heads": {
        "mean_patched_rank": 2.0,
        "mean_pmv_effect": 0.20833333333333334,
        "mean_rank_effect": 0.0,
        "mean_short_rank": 2.0,
        "mean_target_delta": 7.2557627360026045,
        "mean_target_delta_fraction": 0.0952808644049018,
        "mean_target_effect": 0.6447092692057291,
        "mean_terse_rank": 1.0,
        "n": 3,
        "patched_best_other_route": {
          "continuation": 2,
          "prose": 1
        },
        "patched_top1_rate": 0.3333333333333333,
        "success_change_rate": 0.3333333333333333
      },
      "restore|L25_random4": {
        "mean_patched_rank": 2.0,
        "mean_pmv_effect": -0.041666666666666664,
        "mean_rank_effect": 0.0,
        "mean_short_rank": 2.0,
        "mean_target_delta": 7.2557627360026045,
        "mean_target_delta_fraction": 0.07141879637689384,
        "mean_target_effect": 0.537774403889974,
        "mean_terse_rank": 1.0,
        "n": 3,
        "patched_best_other_route": {
          "continuation": 1,
          "prose": 2
        },
        "patched_top1_rate": 0.0,
        "success_change_rate": 0.0
      },
      "restore|L25_top1": {
        "mean_patched_rank": 2.3333333333333335,
        "mean_pmv_effect": 0.125,
        "mean_rank_effect": -0.3333333333333333,
        "mean_short_rank": 2.0,
        "mean_target_delta": 7.2557627360026045,
        "mean_target_delta_fraction": 0.11593322787264082,
        "mean_target_effect": 0.7880172729492188,
        "mean_terse_rank": 1.0,
        "n": 3,
        "patched_best_other_route": {
          "continuation": 2,
          "prose": 1
        },
        "patched_top1_rate": 0.0,
        "success_change_rate": 0.0
      },
      "restore|L25_top2": {
        "mean_patched_rank": 1.6666666666666667,
        "mean_pmv_effect": 0.4583333333333333,
        "mean_rank_effect": 0.3333333333333333,
        "mean_short_rank": 2.0,
        "mean_target_delta": 7.2557627360026045,
        "mean_target_delta_fraction": 0.20042494112287176,
        "mean_target_effect": 1.4005750020345051,
        "mean_terse_rank": 1.0,
        "n": 3,
        "patched_best_other_route": {
          "continuation": 2,
          "prose": 1
        },
        "patched_top1_rate": 0.3333333333333333,
        "success_change_rate": 0.3333333333333333
      },
      "restore|L25_top4": {
        "mean_patched_rank": 2.3333333333333335,
        "mean_pmv_effect": 0.08333333333333333,
        "mean_rank_effect": -0.3333333333333333,
        "mean_short_rank": 2.0,
        "mean_target_delta": 7.2557627360026045,
        "mean_target_delta_fraction": 0.13244361792530143,
        "mean_target_effect": 0.8650951385498047,
        "mean_terse_rank": 1.0,
        "n": 3,
        "patched_best_other_route": {
          "continuation": 2,
          "prose": 1
        },
        "patched_top1_rate": 0.0,
        "success_change_rate": 0.0
      },
      "restore|all_random": {
        "mean_patched_rank": 1.3333333333333333,
        "mean_pmv_effect": 0.375,
        "mean_rank_effect": 0.6666666666666666,
        "mean_short_rank": 2.0,
        "mean_target_delta": 7.2557627360026045,
        "mean_target_delta_fraction": 0.19024273180755344,
        "mean_target_effect": 1.4998130798339844,
        "mean_terse_rank": 1.0,
        "n": 3,
        "patched_best_other_route": {
          "continuation": 1,
          "prose": 2
        },
        "patched_top1_rate": 0.6666666666666666,
        "success_change_rate": 0.6666666666666666
      },
      "restore|all_top16": {
        "mean_patched_rank": 1.3333333333333333,
        "mean_pmv_effect": 1.8333333333333333,
        "mean_rank_effect": 0.6666666666666666,
        "mean_short_rank": 2.0,
        "mean_target_delta": 7.2557627360026045,
        "mean_target_delta_fraction": 0.7298758546983463,
        "mean_target_effect": 5.24244753519694,
        "mean_terse_rank": 1.0,
        "n": 3,
        "patched_best_other_route": {
          "continuation": 2,
          "prose": 1
        },
        "patched_top1_rate": 0.6666666666666666,
        "success_change_rate": 0.6666666666666666
      },
      "restore|all_top8": {
        "mean_patched_rank": 1.3333333333333333,
        "mean_pmv_effect": 1.125,
        "mean_rank_effect": 0.6666666666666666,
        "mean_short_rank": 2.0,
        "mean_target_delta": 7.2557627360026045,
        "mean_target_delta_fraction": 0.5266487435368649,
        "mean_target_effect": 3.8485495249430337,
        "mean_terse_rank": 1.0,
        "n": 3,
        "patched_best_other_route": {
          "continuation": 2,
          "prose": 1
        },
        "patched_top1_rate": 0.6666666666666666,
        "success_change_rate": 0.6666666666666666
      },
      "restore|early_random": {
        "mean_patched_rank": 1.6666666666666667,
        "mean_pmv_effect": 0.125,
        "mean_rank_effect": 0.3333333333333333,
        "mean_short_rank": 2.0,
        "mean_target_delta": 7.2557627360026045,
        "mean_target_delta_fraction": 0.10559289661189175,
        "mean_target_effect": 0.8671175638834635,
        "mean_terse_rank": 1.0,
        "n": 3,
        "patched_best_other_route": {
          "continuation": 1,
          "prose": 2
        },
        "patched_top1_rate": 0.3333333333333333,
        "success_change_rate": 0.3333333333333333
      },
      "restore|early_top16": {
        "mean_patched_rank": 2.3333333333333335,
        "mean_pmv_effect": -0.7083333333333334,
        "mean_rank_effect": -0.3333333333333333,
        "mean_short_rank": 2.0,
        "mean_target_delta": 7.2557627360026045,
        "mean_target_delta_fraction": -0.19995534251977884,
        "mean_target_effect": -1.5230662027994792,
        "mean_terse_rank": 1.0,
        "n": 3,
        "patched_best_other_route": {
          "continuation": 2,
          "prose": 1
        },
        "patched_top1_rate": 0.3333333333333333,
        "success_change_rate": 0.3333333333333333
      },
      "restore|early_top8": {
        "mean_patched_rank": 2.0,
        "mean_pmv_effect": -0.3333333333333333,
        "mean_rank_effect": 0.0,
        "mean_short_rank": 2.0,
        "mean_target_delta": 7.2557627360026045,
        "mean_target_delta_fraction": -0.11836026305049195,
        "mean_target_effect": -0.8222274780273438,
        "mean_terse_rank": 1.0,
        "n": 3,
        "patched_best_other_route": {
          "continuation": 1,
          "prose": 2
        },
        "patched_top1_rate": 0.3333333333333333,
        "success_change_rate": 0.3333333333333333
      },
      "restore|late_random": {
        "mean_patched_rank": 1.6666666666666667,
        "mean_pmv_effect": 0.4166666666666667,
        "mean_rank_effect": 0.3333333333333333,
        "mean_short_rank": 2.0,
        "mean_target_delta": 7.2557627360026045,
        "mean_target_delta_fraction": 0.11840602928385968,
        "mean_target_effect": 0.8988126118977865,
        "mean_terse_rank": 1.0,
        "n": 3,
        "patched_best_other_route": {
          "continuation": 2,
          "prose": 1
        },
        "patched_top1_rate": 0.3333333333333333,
        "success_change_rate": 0.3333333333333333
      },
      "restore|late_top16": {
        "mean_patched_rank": 1.0,
        "mean_pmv_effect": 1.7083333333333333,
        "mean_rank_effect": 1.0,
        "mean_short_rank": 2.0,
        "mean_target_delta": 7.2557627360026045,
        "mean_target_delta_fraction": 0.7670220593675348,
        "mean_target_effect": 5.4068864186604815,
        "mean_terse_rank": 1.0,
        "n": 3,
        "patched_best_other_route": {
          "continuation": 2,
          "prose": 1
        },
        "patched_top1_rate": 1.0,
        "success_change_rate": 1.0
      },
      "restore|late_top8": {
        "mean_patched_rank": 1.3333333333333333,
        "mean_pmv_effect": 0.7916666666666666,
        "mean_rank_effect": 0.6666666666666666,
        "mean_short_rank": 2.0,
        "mean_target_delta": 7.2557627360026045,
        "mean_target_delta_fraction": 0.5094584427103185,
        "mean_target_effect": 3.683923085530599,
        "mean_terse_rank": 1.0,
        "n": 3,
        "patched_best_other_route": {
          "continuation": 2,
          "prose": 1
        },
        "patched_top1_rate": 0.6666666666666666,
        "success_change_rate": 0.6666666666666666
      }
    },
    "model": "qwen3",
    "n_paired_cases": 3,
    "top_candidate_heads": [
      {
        "head": 16,
        "head_key": "L22H16",
        "layer": 22,
        "mean_delta_norm": 2.577904462814331,
        "mean_direct_effect": 0.11941391477982204
      },
      {
        "head": 18,
        "head_key": "L23H18",
        "layer": 23,
        "mean_delta_norm": 2.4604466756184897,
        "mean_direct_effect": 0.08843219776948293
      },
      {
        "head": 16,
        "head_key": "L20H16",
        "layer": 20,
        "mean_delta_norm": 2.7680979569753013,
        "mean_direct_effect": 0.08689998835325241
      },
      {
        "head": 27,
        "head_key": "L23H27",
        "layer": 23,
        "mean_delta_norm": 1.37901775042216,
        "mean_direct_effect": 0.08680392305056255
      },
      {
        "head": 2,
        "head_key": "L23H2",
        "layer": 23,
        "mean_delta_norm": 1.9988083044687908,
        "mean_direct_effect": 0.08461223045984904
      },
      {
        "head": 28,
        "head_key": "L24H28",
        "layer": 24,
        "mean_delta_norm": 0.9208249648412069,
        "mean_direct_effect": 0.06623584404587746
      },
      {
        "head": 30,
        "head_key": "L25H30",
        "layer": 25,
        "mean_delta_norm": 1.4078962802886963,
        "mean_direct_effect": 0.06434368466337521
      },
      {
        "head": 20,
        "head_key": "L19H20",
        "layer": 19,
        "mean_delta_norm": 1.8753029505411785,
        "mean_direct_effect": 0.04507466902335485
      },
      {
        "head": 21,
        "head_key": "L24H21",
        "layer": 24,
        "mean_delta_norm": 0.9156981905301412,
        "mean_direct_effect": 0.0437914195160071
      },
      {
        "head": 8,
        "head_key": "L24H8",
        "layer": 24,
        "mean_delta_norm": 1.0074204603830974,
        "mean_direct_effect": 0.04362592349449793
      },
      {
        "head": 17,
        "head_key": "L24H17",
        "layer": 24,
        "mean_delta_norm": 1.491626222928365,
        "mean_direct_effect": 0.042061811313033104
      },
      {
        "head": 23,
        "head_key": "L24H23",
        "layer": 24,
        "mean_delta_norm": 0.8949114481608073,
        "mean_direct_effect": 0.04151611650983492
      },
      {
        "head": 8,
        "head_key": "L23H8",
        "layer": 23,
        "mean_delta_norm": 1.6669665575027466,
        "mean_direct_effect": 0.038436880335211754
      },
      {
        "head": 29,
        "head_key": "L23H29",
        "layer": 23,
        "mean_delta_norm": 0.9356342951456705,
        "mean_direct_effect": 0.03809961552421252
      },
      {
        "head": 24,
        "head_key": "L18H24",
        "layer": 18,
        "mean_delta_norm": 1.5260101954142253,
        "mean_direct_effect": 0.03743585695823034
      },
      {
        "head": 12,
        "head_key": "L25H12",
        "layer": 25,
        "mean_delta_norm": 1.7976187467575073,
        "mean_direct_effect": 0.03581691316018502
      },
      {
        "head": 14,
        "head_key": "L22H14",
        "layer": 22,
        "mean_delta_norm": 1.738089124361674,
        "mean_direct_effect": 0.03507919361193975
      },
      {
        "head": 22,
        "head_key": "L19H22",
        "layer": 19,
        "mean_delta_norm": 0.9371212720870972,
        "mean_direct_effect": 0.03179490566253662
      },
      {
        "head": 16,
        "head_key": "L18H16",
        "layer": 18,
        "mean_delta_norm": 1.5714461008707683,
        "mean_direct_effect": 0.03126368671655655
      },
      {
        "head": 22,
        "head_key": "L18H22",
        "layer": 18,
        "mean_delta_norm": 0.6581793626149496,
        "mean_direct_effect": 0.03125986953576406
      },
      {
        "head": 11,
        "head_key": "L24H11",
        "layer": 24,
        "mean_delta_norm": 0.865536630153656,
        "mean_direct_effect": 0.031049898515144985
      },
      {
        "head": 12,
        "head_key": "L20H12",
        "layer": 20,
        "mean_delta_norm": 1.4030202229817708,
        "mean_direct_effect": 0.03096369778116544
      },
      {
        "head": 18,
        "head_key": "L21H18",
        "layer": 21,
        "mean_delta_norm": 1.6573131879170735,
        "mean_direct_effect": 0.029547500734527905
      },
      {
        "head": 28,
        "head_key": "L25H28",
        "layer": 25,
        "mean_delta_norm": 0.7545653978983561,
        "mean_direct_effect": 0.028239869823058445
      },
      {
        "head": 9,
        "head_key": "L23H9",
        "layer": 23,
        "mean_delta_norm": 0.891326904296875,
        "mean_direct_effect": 0.02367490033308665
      },
      {
        "head": 31,
        "head_key": "L21H31",
        "layer": 21,
        "mean_delta_norm": 0.7818127870559692,
        "mean_direct_effect": 0.023541989425818127
      },
      {
        "head": 31,
        "head_key": "L23H31",
        "layer": 23,
        "mean_delta_norm": 0.900168796380361,
        "mean_direct_effect": 0.0232642429570357
      },
      {
        "head": 13,
        "head_key": "L20H13",
        "layer": 20,
        "mean_delta_norm": 0.6761738459269205,
        "mean_direct_effect": 0.02303995192050934
      },
      {
        "head": 29,
        "head_key": "L20H29",
        "layer": 20,
        "mean_delta_norm": 0.819086492061615,
        "mean_direct_effect": 0.0218373890966177
      },
      {
        "head": 18,
        "head_key": "L18H18",
        "layer": 18,
        "mean_delta_norm": 0.6066975990931193,
        "mean_direct_effect": 0.01977484238644441
      },
      {
        "head": 12,
        "head_key": "L24H12",
        "layer": 24,
        "mean_delta_norm": 0.511230081319809,
        "mean_direct_effect": 0.019728461901346844
      },
      {
        "head": 11,
        "head_key": "L20H11",
        "layer": 20,
        "mean_delta_norm": 2.312048594156901,
        "mean_direct_effect": 0.01932844581703345
      }
    ]
  },
  "target_layer": 33,
  "timestamp": "2026-06-26 15:10:26",
  "title": "Boundary Attention Head Candidate Audit"
}
