`torch_dtype` is deprecated! Use `dtype` instead!
Loading weights:   0%|          | 0/443 [00:00<?, ?it/s]Loading weights:   0%|          | 2/443 [00:00<00:46,  9.55it/s]Loading weights:   6%|▌         | 26/443 [00:00<00:04, 100.42it/s]Loading weights:  12%|█▏        | 52/443 [00:00<00:02, 151.36it/s]Loading weights:  21%|██        | 93/443 [00:00<00:01, 229.02it/s]Loading weights:  28%|██▊       | 126/443 [00:00<00:01, 254.74it/s]Loading weights:  36%|███▌      | 159/443 [00:00<00:01, 269.10it/s]Loading weights:  44%|████▎     | 193/443 [00:00<00:00, 287.91it/s]Loading weights:  51%|█████     | 226/443 [00:00<00:00, 299.53it/s]Loading weights:  58%|█████▊    | 258/443 [00:01<00:00, 299.54it/s]Loading weights:  66%|██████▌   | 291/443 [00:01<00:00, 307.80it/s]Loading weights:  73%|███████▎  | 323/443 [00:01<00:00, 306.74it/s]Loading weights:  81%|████████  | 357/443 [00:01<00:00, 311.63it/s]Loading weights:  88%|████████▊ | 389/443 [00:01<00:00, 312.65it/s]Loading weights:  95%|█████████▌| 423/443 [00:01<00:00, 318.93it/s]Loading weights: 100%|██████████| 443/443 [00:01<00:00, 272.97it/s]
[15:10:36] Loaded glm4: class=GlmForCausalLM, GPU=18.80GB, attn=eager
[15:11:11] glm4: cached/scored 5/5 paired cases
[15:11:34] glm4: causal patched 5/5 paired cases
[model_utils] GPU memory released, allocated=18.84 GB
{
  "model": "glm4",
  "n_paired_cases": 5,
  "n_rows": 490,
  "phase": 693,
  "scan_layers": [
    23,
    24,
    25,
    26,
    27,
    28,
    29,
    30
  ],
  "summary": {
    "best_degradation_conditions": [
      {
        "condition": "degradation|all_top16",
        "mean_patched_rank": 1.0,
        "mean_pmv_effect": 0.125,
        "mean_rank_effect": 0.0,
        "mean_short_rank": 2.0,
        "mean_target_delta": 1.5801040172576903,
        "mean_target_delta_fraction": 0.3186151203786225,
        "mean_target_effect": 0.5077818870544434,
        "mean_terse_rank": 1.0,
        "n": 5,
        "patched_best_other_route": {
          "prose": 5
        },
        "patched_top1_rate": 1.0,
        "success_change_rate": 0.0
      },
      {
        "condition": "degradation|late_top16",
        "mean_patched_rank": 1.0,
        "mean_pmv_effect": 0.1,
        "mean_rank_effect": 0.0,
        "mean_short_rank": 2.0,
        "mean_target_delta": 1.5801040172576903,
        "mean_target_delta_fraction": 0.2820375547734774,
        "mean_target_effect": 0.44272141456604003,
        "mean_terse_rank": 1.0,
        "n": 5,
        "patched_best_other_route": {
          "prose": 5
        },
        "patched_top1_rate": 1.0,
        "success_change_rate": 0.0
      },
      {
        "condition": "degradation|early_top16",
        "mean_patched_rank": 1.0,
        "mean_pmv_effect": 0.225,
        "mean_rank_effect": 0.0,
        "mean_short_rank": 2.0,
        "mean_target_delta": 1.5801040172576903,
        "mean_target_delta_fraction": 0.2640258006771237,
        "mean_target_effect": 0.3944124460220337,
        "mean_terse_rank": 1.0,
        "n": 5,
        "patched_best_other_route": {
          "prose": 5
        },
        "patched_top1_rate": 1.0,
        "success_change_rate": 0.0
      },
      {
        "condition": "degradation|all_top8",
        "mean_patched_rank": 1.0,
        "mean_pmv_effect": 0.0875,
        "mean_rank_effect": 0.0,
        "mean_short_rank": 2.0,
        "mean_target_delta": 1.5801040172576903,
        "mean_target_delta_fraction": 0.19725617244377072,
        "mean_target_effect": 0.3257836580276489,
        "mean_terse_rank": 1.0,
        "n": 5,
        "patched_best_other_route": {
          "prose": 5
        },
        "patched_top1_rate": 1.0,
        "success_change_rate": 0.0
      },
      {
        "condition": "degradation|late_top8",
        "mean_patched_rank": 1.0,
        "mean_pmv_effect": 0.025,
        "mean_rank_effect": 0.0,
        "mean_short_rank": 2.0,
        "mean_target_delta": 1.5801040172576903,
        "mean_target_delta_fraction": 0.17050706717822375,
        "mean_target_effect": 0.2588137865066528,
        "mean_terse_rank": 1.0,
        "n": 5,
        "patched_best_other_route": {
          "prose": 5
        },
        "patched_top1_rate": 1.0,
        "success_change_rate": 0.0
      },
      {
        "condition": "degradation|early_top8",
        "mean_patched_rank": 1.0,
        "mean_pmv_effect": 0.05,
        "mean_rank_effect": 0.0,
        "mean_short_rank": 2.0,
        "mean_target_delta": 1.5801040172576903,
        "mean_target_delta_fraction": 0.14344146421958223,
        "mean_target_effect": 0.24737894535064697,
        "mean_terse_rank": 1.0,
        "n": 5,
        "patched_best_other_route": {
          "prose": 5
        },
        "patched_top1_rate": 1.0,
        "success_change_rate": 0.0
      },
      {
        "condition": "degradation|L27_all_heads",
        "mean_patched_rank": 1.0,
        "mean_pmv_effect": 0.025,
        "mean_rank_effect": 0.0,
        "mean_short_rank": 2.0,
        "mean_target_delta": 1.5801040172576903,
        "mean_target_delta_fraction": 0.1585529705904391,
        "mean_target_effect": 0.24486002922058106,
        "mean_terse_rank": 1.0,
        "n": 5,
        "patched_best_other_route": {
          "prose": 5
        },
        "patched_top1_rate": 1.0,
        "success_change_rate": 0.0
      },
      {
        "condition": "degradation|L23_all_heads",
        "mean_patched_rank": 1.0,
        "mean_pmv_effect": 0.1625,
        "mean_rank_effect": 0.0,
        "mean_short_rank": 2.0,
        "mean_target_delta": 1.5801040172576903,
        "mean_target_delta_fraction": 0.163171011552648,
        "mean_target_effect": 0.21880717277526857,
        "mean_terse_rank": 1.0,
        "n": 5,
        "patched_best_other_route": {
          "continuation": 1,
          "prose": 4
        },
        "patched_top1_rate": 1.0,
        "success_change_rate": 0.0
      },
      {
        "condition": "degradation|L29_top4",
        "mean_patched_rank": 1.0,
        "mean_pmv_effect": 0.05,
        "mean_rank_effect": 0.0,
        "mean_short_rank": 2.0,
        "mean_target_delta": 1.5801040172576903,
        "mean_target_delta_fraction": 0.11146670849722388,
        "mean_target_effect": 0.16056313514709472,
        "mean_terse_rank": 1.0,
        "n": 5,
        "patched_best_other_route": {
          "prose": 5
        },
        "patched_top1_rate": 1.0,
        "success_change_rate": 0.0
      },
      {
        "condition": "degradation|L27_top4",
        "mean_patched_rank": 1.0,
        "mean_pmv_effect": -0.0125,
        "mean_rank_effect": 0.0,
        "mean_short_rank": 2.0,
        "mean_target_delta": 1.5801040172576903,
        "mean_target_delta_fraction": 0.0831906603338,
        "mean_target_effect": 0.14528121948242187,
        "mean_terse_rank": 1.0,
        "n": 5,
        "patched_best_other_route": {
          "prose": 5
        },
        "patched_top1_rate": 1.0,
        "success_change_rate": 0.0
      },
      {
        "condition": "degradation|L26_top4",
        "mean_patched_rank": 1.0,
        "mean_pmv_effect": 0.0125,
        "mean_rank_effect": 0.0,
        "mean_short_rank": 2.0,
        "mean_target_delta": 1.5801040172576903,
        "mean_target_delta_fraction": 0.08354598706025582,
        "mean_target_effect": 0.12483425140380859,
        "mean_terse_rank": 1.0,
        "n": 5,
        "patched_best_other_route": {
          "prose": 5
        },
        "patched_top1_rate": 1.0,
        "success_change_rate": 0.0
      },
      {
        "condition": "degradation|L29_top2",
        "mean_patched_rank": 1.0,
        "mean_pmv_effect": 0.0,
        "mean_rank_effect": 0.0,
        "mean_short_rank": 2.0,
        "mean_target_delta": 1.5801040172576903,
        "mean_target_delta_fraction": 0.08176230493428743,
        "mean_target_effect": 0.12226414680480957,
        "mean_terse_rank": 1.0,
        "n": 5,
        "patched_best_other_route": {
          "prose": 5
        },
        "patched_top1_rate": 1.0,
        "success_change_rate": 0.0
      },
      {
        "condition": "degradation|L29_all_heads",
        "mean_patched_rank": 1.0,
        "mean_pmv_effect": -0.05,
        "mean_rank_effect": 0.0,
        "mean_short_rank": 2.0,
        "mean_target_delta": 1.5801040172576903,
        "mean_target_delta_fraction": 0.0786353649588993,
        "mean_target_effect": 0.12031259536743164,
        "mean_terse_rank": 1.0,
        "n": 5,
        "patched_best_other_route": {
          "prose": 5
        },
        "patched_top1_rate": 1.0,
        "success_change_rate": 0.0
      },
      {
        "condition": "degradation|L26_top2",
        "mean_patched_rank": 1.0,
        "mean_pmv_effect": -0.0375,
        "mean_rank_effect": 0.0,
        "mean_short_rank": 2.0,
        "mean_target_delta": 1.5801040172576903,
        "mean_target_delta_fraction": 0.07125870871568789,
        "mean_target_effect": 0.11669244766235351,
        "mean_terse_rank": 1.0,
        "n": 5,
        "patched_best_other_route": {
          "prose": 5
        },
        "patched_top1_rate": 1.0,
        "success_change_rate": 0.0
      },
      {
        "condition": "degradation|L23_top4",
        "mean_patched_rank": 1.0,
        "mean_pmv_effect": 0.0875,
        "mean_rank_effect": 0.0,
        "mean_short_rank": 2.0,
        "mean_target_delta": 1.5801040172576903,
        "mean_target_delta_fraction": 0.06610835915518597,
        "mean_target_effect": 0.09896934032440186,
        "mean_terse_rank": 1.0,
        "n": 5,
        "patched_best_other_route": {
          "prose": 5
        },
        "patched_top1_rate": 1.0,
        "success_change_rate": 0.0
      },
      {
        "condition": "degradation|L28_all_heads",
        "mean_patched_rank": 1.0,
        "mean_pmv_effect": -0.0375,
        "mean_rank_effect": 0.0,
        "mean_short_rank": 2.0,
        "mean_target_delta": 1.5801040172576903,
        "mean_target_delta_fraction": 0.04681086937559425,
        "mean_target_effect": 0.07986364364624024,
        "mean_terse_rank": 1.0,
        "n": 5,
        "patched_best_other_route": {
          "prose": 5
        },
        "patched_top1_rate": 1.0,
        "success_change_rate": 0.0
      },
      {
        "condition": "degradation|L28_top4",
        "mean_patched_rank": 1.0,
        "mean_pmv_effect": 0.0125,
        "mean_rank_effect": 0.0,
        "mean_short_rank": 2.0,
        "mean_target_delta": 1.5801040172576903,
        "mean_target_delta_fraction": 0.043387176923672305,
        "mean_target_effect": 0.06480565071105956,
        "mean_terse_rank": 1.0,
        "n": 5,
        "patched_best_other_route": {
          "prose": 5
        },
        "patched_top1_rate": 1.0,
        "success_change_rate": 0.0
      },
      {
        "condition": "degradation|L27_top2",
        "mean_patched_rank": 1.0,
        "mean_pmv_effect": -0.025,
        "mean_rank_effect": 0.0,
        "mean_short_rank": 2.0,
        "mean_target_delta": 1.5801040172576903,
        "mean_target_delta_fraction": 0.038513705530669705,
        "mean_target_effect": 0.05889406204223633,
        "mean_terse_rank": 1.0,
        "n": 5,
        "patched_best_other_route": {
          "prose": 5
        },
        "patched_top1_rate": 1.0,
        "success_change_rate": 0.0
      },
      {
        "condition": "degradation|L23_top2",
        "mean_patched_rank": 1.0,
        "mean_pmv_effect": 0.0875,
        "mean_rank_effect": 0.0,
        "mean_short_rank": 2.0,
        "mean_target_delta": 1.5801040172576903,
        "mean_target_delta_fraction": 0.05062126192239713,
        "mean_target_effect": 0.05571131706237793,
        "mean_terse_rank": 1.0,
        "n": 5,
        "patched_best_other_route": {
          "prose": 5
        },
        "patched_top1_rate": 1.0,
        "success_change_rate": 0.0
      },
      {
        "condition": "degradation|L27_top1",
        "mean_patched_rank": 1.0,
        "mean_pmv_effect": -0.05,
        "mean_rank_effect": 0.0,
        "mean_short_rank": 2.0,
        "mean_target_delta": 1.5801040172576903,
        "mean_target_delta_fraction": 0.03836522966666272,
        "mean_target_effect": 0.05361840724945068,
        "mean_terse_rank": 1.0,
        "n": 5,
        "patched_best_other_route": {
          "prose": 5
        },
        "patched_top1_rate": 1.0,
        "success_change_rate": 0.0
      },
      {
        "condition": "degradation|L26_top1",
        "mean_patched_rank": 1.0,
        "mean_pmv_effect": -0.05,
        "mean_rank_effect": 0.0,
        "mean_short_rank": 2.0,
        "mean_target_delta": 1.5801040172576903,
        "mean_target_delta_fraction": 0.03820133291725589,
        "mean_target_effect": 0.052550864219665525,
        "mean_terse_rank": 1.0,
        "n": 5,
        "patched_best_other_route": {
          "prose": 5
        },
        "patched_top1_rate": 1.0,
        "success_change_rate": 0.0
      },
      {
        "condition": "degradation|L24_top4",
        "mean_patched_rank": 1.0,
        "mean_pmv_effect": 0.0,
        "mean_rank_effect": 0.0,
        "mean_short_rank": 2.0,
        "mean_target_delta": 1.5801040172576903,
        "mean_target_delta_fraction": 0.04521835899604011,
        "mean_target_effect": 0.04264359474182129,
        "mean_terse_rank": 1.0,
        "n": 5,
        "patched_best_other_route": {
          "prose": 5
        },
        "patched_top1_rate": 1.0,
        "success_change_rate": 0.0
      },
      {
        "condition": "degradation|L29_top1",
        "mean_patched_rank": 1.0,
        "mean_pmv_effect": -0.0125,
        "mean_rank_effect": 0.0,
        "mean_short_rank": 2.0,
        "mean_target_delta": 1.5801040172576903,
        "mean_target_delta_fraction": 0.034953230337953584,
        "mean_target_effect": 0.04103701114654541,
        "mean_terse_rank": 1.0,
        "n": 5,
        "patched_best_other_route": {
          "prose": 5
        },
        "patched_top1_rate": 1.0,
        "success_change_rate": 0.0
      },
      {
        "condition": "degradation|L23_top1",
        "mean_patched_rank": 1.0,
        "mean_pmv_effect": 0.0,
        "mean_rank_effect": 0.0,
        "mean_short_rank": 2.0,
        "mean_target_delta": 1.5801040172576903,
        "mean_target_delta_fraction": 0.024175095914710523,
        "mean_target_effect": 0.03065369129180908,
        "mean_terse_rank": 1.0,
        "n": 5,
        "patched_best_other_route": {
          "prose": 5
        },
        "patched_top1_rate": 1.0,
        "success_change_rate": 0.0
      },
      {
        "condition": "degradation|L24_top2",
        "mean_patched_rank": 1.0,
        "mean_pmv_effect": -0.0125,
        "mean_rank_effect": 0.0,
        "mean_short_rank": 2.0,
        "mean_target_delta": 1.5801040172576903,
        "mean_target_delta_fraction": 0.019023060111516568,
        "mean_target_effect": 0.025646495819091796,
        "mean_terse_rank": 1.0,
        "n": 5,
        "patched_best_other_route": {
          "prose": 5
        },
        "patched_top1_rate": 1.0,
        "success_change_rate": 0.0
      },
      {
        "condition": "degradation|L25_top2",
        "mean_patched_rank": 1.0,
        "mean_pmv_effect": 0.0125,
        "mean_rank_effect": 0.0,
        "mean_short_rank": 2.0,
        "mean_target_delta": 1.5801040172576903,
        "mean_target_delta_fraction": 0.024645216631766387,
        "mean_target_effect": 0.022888946533203124,
        "mean_terse_rank": 1.0,
        "n": 5,
        "patched_best_other_route": {
          "prose": 5
        },
        "patched_top1_rate": 1.0,
        "success_change_rate": 0.0
      },
      {
        "condition": "degradation|L30_top1",
        "mean_patched_rank": 1.0,
        "mean_pmv_effect": -0.0375,
        "mean_rank_effect": 0.0,
        "mean_short_rank": 2.0,
        "mean_target_delta": 1.5801040172576903,
        "mean_target_delta_fraction": 0.02142497324202489,
        "mean_target_effect": 0.016547250747680663,
        "mean_terse_rank": 1.0,
        "n": 5,
        "patched_best_other_route": {
          "prose": 5
        },
        "patched_top1_rate": 1.0,
        "success_change_rate": 0.0
      },
      {
        "condition": "degradation|L25_top4",
        "mean_patched_rank": 1.0,
        "mean_pmv_effect": -0.05,
        "mean_rank_effect": 0.0,
        "mean_short_rank": 2.0,
        "mean_target_delta": 1.5801040172576903,
        "mean_target_delta_fraction": 0.027526283880354285,
        "mean_target_effect": 0.014995813369750977,
        "mean_terse_rank": 1.0,
        "n": 5,
        "patched_best_other_route": {
          "prose": 5
        },
        "patched_top1_rate": 1.0,
        "success_change_rate": 0.0
      },
      {
        "condition": "degradation|L30_top2",
        "mean_patched_rank": 1.0,
        "mean_pmv_effect": -0.0125,
        "mean_rank_effect": 0.0,
        "mean_short_rank": 2.0,
        "mean_target_delta": 1.5801040172576903,
        "mean_target_delta_fraction": 0.008437914365506836,
        "mean_target_effect": 0.010278153419494628,
        "mean_terse_rank": 1.0,
        "n": 5,
        "patched_best_other_route": {
          "prose": 5
        },
        "patched_top1_rate": 1.0,
        "success_change_rate": 0.0
      },
      {
        "condition": "degradation|L24_top1",
        "mean_patched_rank": 1.0,
        "mean_pmv_effect": 0.0,
        "mean_rank_effect": 0.0,
        "mean_short_rank": 2.0,
        "mean_target_delta": 1.5801040172576903,
        "mean_target_delta_fraction": 0.019003504703102175,
        "mean_target_effect": 0.010267829895019532,
        "mean_terse_rank": 1.0,
        "n": 5,
        "patched_best_other_route": {
          "prose": 5
        },
        "patched_top1_rate": 1.0,
        "success_change_rate": 0.0
      },
      {
        "condition": "degradation|L28_top2",
        "mean_patched_rank": 1.0,
        "mean_pmv_effect": -0.0375,
        "mean_rank_effect": 0.0,
        "mean_short_rank": 2.0,
        "mean_target_delta": 1.5801040172576903,
        "mean_target_delta_fraction": 0.010149165133806988,
        "mean_target_effect": 0.009742164611816406,
        "mean_terse_rank": 1.0,
        "n": 5,
        "patched_best_other_route": {
          "prose": 5
        },
        "patched_top1_rate": 1.0,
        "success_change_rate": 0.0
      },
      {
        "condition": "degradation|L28_top1",
        "mean_patched_rank": 1.0,
        "mean_pmv_effect": -0.0125,
        "mean_rank_effect": 0.0,
        "mean_short_rank": 2.0,
        "mean_target_delta": 1.5801040172576903,
        "mean_target_delta_fraction": -0.0040567640061729094,
        "mean_target_effect": -0.012603974342346192,
        "mean_terse_rank": 1.0,
        "n": 5,
        "patched_best_other_route": {
          "prose": 5
        },
        "patched_top1_rate": 1.0,
        "success_change_rate": 0.0
      },
      {
        "condition": "degradation|L30_all_heads",
        "mean_patched_rank": 1.0,
        "mean_pmv_effect": 0.0125,
        "mean_rank_effect": 0.0,
        "mean_short_rank": 2.0,
        "mean_target_delta": 1.5801040172576903,
        "mean_target_delta_fraction": -0.0019740604664072628,
        "mean_target_effect": -0.01486053466796875,
        "mean_terse_rank": 1.0,
        "n": 5,
        "patched_best_other_route": {
          "prose": 5
        },
        "patched_top1_rate": 1.0,
        "success_change_rate": 0.0
      },
      {
        "condition": "degradation|L30_top4",
        "mean_patched_rank": 1.0,
        "mean_pmv_effect": -0.025,
        "mean_rank_effect": 0.0,
        "mean_short_rank": 2.0,
        "mean_target_delta": 1.5801040172576903,
        "mean_target_delta_fraction": -0.00408420561370334,
        "mean_target_effect": -0.01605217456817627,
        "mean_terse_rank": 1.0,
        "n": 5,
        "patched_best_other_route": {
          "prose": 5
        },
        "patched_top1_rate": 1.0,
        "success_change_rate": 0.0
      },
      {
        "condition": "degradation|L25_random4",
        "mean_patched_rank": 1.0,
        "mean_pmv_effect": -0.0375,
        "mean_rank_effect": 0.0,
        "mean_short_rank": 2.0,
        "mean_target_delta": 1.5801040172576903,
        "mean_target_delta_fraction": -0.005285851716753824,
        "mean_target_effect": -0.022640061378479005,
        "mean_terse_rank": 1.0,
        "n": 5,
        "patched_best_other_route": {
          "prose": 5
        },
        "patched_top1_rate": 1.0,
        "success_change_rate": 0.0
      },
      {
        "condition": "degradation|L26_random4",
        "mean_patched_rank": 1.0,
        "mean_pmv_effect": -0.05,
        "mean_rank_effect": 0.0,
        "mean_short_rank": 2.0,
        "mean_target_delta": 1.5801040172576903,
        "mean_target_delta_fraction": -0.003142566618441264,
        "mean_target_effect": -0.02280564308166504,
        "mean_terse_rank": 1.0,
        "n": 5,
        "patched_best_other_route": {
          "prose": 5
        },
        "patched_top1_rate": 1.0,
        "success_change_rate": 0.0
      },
      {
        "condition": "degradation|L25_top1",
        "mean_patched_rank": 1.0,
        "mean_pmv_effect": -0.0625,
        "mean_rank_effect": 0.0,
        "mean_short_rank": 2.0,
        "mean_target_delta": 1.5801040172576903,
        "mean_target_delta_fraction": -0.012299130642608819,
        "mean_target_effect": -0.023043060302734376,
        "mean_terse_rank": 1.0,
        "n": 5,
        "patched_best_other_route": {
          "prose": 5
        },
        "patched_top1_rate": 1.0,
        "success_change_rate": 0.0
      },
      {
        "condition": "degradation|L25_all_heads",
        "mean_patched_rank": 1.0,
        "mean_pmv_effect": 0.0625,
        "mean_rank_effect": 0.0,
        "mean_short_rank": 2.0,
        "mean_target_delta": 1.5801040172576903,
        "mean_target_delta_fraction": 0.03884757991730086,
        "mean_target_effect": -0.027166056632995605,
        "mean_terse_rank": 1.0,
        "n": 5,
        "patched_best_other_route": {
          "prose": 5
        },
        "patched_top1_rate": 1.0,
        "success_change_rate": 0.0
      },
      {
        "condition": "degradation|L29_random4",
        "mean_patched_rank": 1.0,
        "mean_pmv_effect": 0.0,
        "mean_rank_effect": 0.0,
        "mean_short_rank": 2.0,
        "mean_target_delta": 1.5801040172576903,
        "mean_target_delta_fraction": -0.026904981498752034,
        "mean_target_effect": -0.031130170822143553,
        "mean_terse_rank": 1.0,
        "n": 5,
        "patched_best_other_route": {
          "prose": 5
        },
        "patched_top1_rate": 1.0,
        "success_change_rate": 0.0
      },
      {
        "condition": "degradation|L23_random4",
        "mean_patched_rank": 1.0,
        "mean_pmv_effect": -0.1125,
        "mean_rank_effect": 0.0,
        "mean_short_rank": 2.0,
        "mean_target_delta": 1.5801040172576903,
        "mean_target_delta_fraction": -0.006000582945432224,
        "mean_target_effect": -0.031317949295043945,
        "mean_terse_rank": 1.0,
        "n": 5,
        "patched_best_other_route": {
          "prose": 5
        },
        "patched_top1_rate": 1.0,
        "success_change_rate": 0.0
      },
      {
        "condition": "degradation|L24_all_heads",
        "mean_patched_rank": 1.0,
        "mean_pmv_effect": -0.125,
        "mean_rank_effect": 0.0,
        "mean_short_rank": 2.0,
        "mean_target_delta": 1.5801040172576903,
        "mean_target_delta_fraction": -0.034462282227186995,
        "mean_target_effect": -0.034592509269714355,
        "mean_terse_rank": 1.0,
        "n": 5,
        "patched_best_other_route": {
          "continuation": 1,
          "prose": 4
        },
        "patched_top1_rate": 1.0,
        "success_change_rate": 0.0
      },
      {
        "condition": "degradation|L30_random4",
        "mean_patched_rank": 1.0,
        "mean_pmv_effect": -0.05,
        "mean_rank_effect": 0.0,
        "mean_short_rank": 2.0,
        "mean_target_delta": 1.5801040172576903,
        "mean_target_delta_fraction": -0.02151558883620858,
        "mean_target_effect": -0.037198567390441896,
        "mean_terse_rank": 1.0,
        "n": 5,
        "patched_best_other_route": {
          "prose": 5
        },
        "patched_top1_rate": 1.0,
        "success_change_rate": 0.0
      },
      {
        "condition": "degradation|all_random",
        "mean_patched_rank": 1.0,
        "mean_pmv_effect": 0.025,
        "mean_rank_effect": 0.0,
        "mean_short_rank": 2.0,
        "mean_target_delta": 1.5801040172576903,
        "mean_target_delta_fraction": 0.032111206529619976,
        "mean_target_effect": -0.056349682807922366,
        "mean_terse_rank": 1.0,
        "n": 5,
        "patched_best_other_route": {
          "prose": 5
        },
        "patched_top1_rate": 1.0,
        "success_change_rate": 0.0
      },
      {
        "condition": "degradation|early_random",
        "mean_patched_rank": 1.0,
        "mean_pmv_effect": -0.1125,
        "mean_rank_effect": 0.0,
        "mean_short_rank": 2.0,
        "mean_target_delta": 1.5801040172576903,
        "mean_target_delta_fraction": -0.032510490713953955,
        "mean_target_effect": -0.07421057224273682,
        "mean_terse_rank": 1.0,
        "n": 5,
        "patched_best_other_route": {
          "prose": 5
        },
        "patched_top1_rate": 1.0,
        "success_change_rate": 0.0
      },
      {
        "condition": "degradation|L28_random4",
        "mean_patched_rank": 1.0,
        "mean_pmv_effect": -0.0125,
        "mean_rank_effect": 0.0,
        "mean_short_rank": 2.0,
        "mean_target_delta": 1.5801040172576903,
        "mean_target_delta_fraction": -0.04420490999654579,
        "mean_target_effect": -0.07974820137023926,
        "mean_terse_rank": 1.0,
        "n": 5,
        "patched_best_other_route": {
          "prose": 5
        },
        "patched_top1_rate": 1.0,
        "success_change_rate": 0.0
      },
      {
        "condition": "degradation|L26_all_heads",
        "mean_patched_rank": 1.0,
        "mean_pmv_effect": -0.075,
        "mean_rank_effect": 0.0,
        "mean_short_rank": 2.0,
        "mean_target_delta": 1.5801040172576903,
        "mean_target_delta_fraction": -0.06735147332393893,
        "mean_target_effect": -0.09827971458435059,
        "mean_terse_rank": 1.0,
        "n": 5,
        "patched_best_other_route": {
          "prose": 5
        },
        "patched_top1_rate": 1.0,
        "success_change_rate": 0.0
      },
      {
        "condition": "degradation|L27_random4",
        "mean_patched_rank": 1.0,
        "mean_pmv_effect": -0.1125,
        "mean_rank_effect": 0.0,
        "mean_short_rank": 2.0,
        "mean_target_delta": 1.5801040172576903,
        "mean_target_delta_fraction": -0.058333038161983784,
        "mean_target_effect": -0.12087075710296631,
        "mean_terse_rank": 1.0,
        "n": 5,
        "patched_best_other_route": {
          "prose": 5
        },
        "patched_top1_rate": 1.0,
        "success_change_rate": 0.0
      },
      {
        "condition": "degradation|late_random",
        "mean_patched_rank": 1.0,
        "mean_pmv_effect": -0.1125,
        "mean_rank_effect": 0.0,
        "mean_short_rank": 2.0,
        "mean_target_delta": 1.5801040172576903,
        "mean_target_delta_fraction": -0.07632165575175742,
        "mean_target_effect": -0.13478465080261232,
        "mean_terse_rank": 1.0,
        "n": 5,
        "patched_best_other_route": {
          "prose": 5
        },
        "patched_top1_rate": 1.0,
        "success_change_rate": 0.0
      },
      {
        "condition": "degradation|L24_random4",
        "mean_patched_rank": 1.0,
        "mean_pmv_effect": -0.0625,
        "mean_rank_effect": 0.0,
        "mean_short_rank": 2.0,
        "mean_target_delta": 1.5801040172576903,
        "mean_target_delta_fraction": -0.1105296559369324,
        "mean_target_effect": -0.180902099609375,
        "mean_terse_rank": 1.0,
        "n": 5,
        "patched_best_other_route": {
          "prose": 5
        },
        "patched_top1_rate": 1.0,
        "success_change_rate": 0.0
      }
    ],
    "best_restore_conditions": [
      {
        "condition": "restore|all_top16",
        "mean_patched_rank": 1.2,
        "mean_pmv_effect": 0.3875,
        "mean_rank_effect": 0.8,
        "mean_short_rank": 2.0,
        "mean_target_delta": 1.5801040172576903,
        "mean_target_delta_fraction": 0.39530254272579335,
        "mean_target_effect": 0.6176984786987305,
        "mean_terse_rank": 1.0,
        "n": 5,
        "patched_best_other_route": {
          "continuation": 5
        },
        "patched_top1_rate": 0.8,
        "success_change_rate": 0.8
      },
      {
        "condition": "restore|late_top16",
        "mean_patched_rank": 1.2,
        "mean_pmv_effect": 0.4375,
        "mean_rank_effect": 0.8,
        "mean_short_rank": 2.0,
        "mean_target_delta": 1.5801040172576903,
        "mean_target_delta_fraction": 0.358627838444552,
        "mean_target_effect": 0.5530450820922852,
        "mean_terse_rank": 1.0,
        "n": 5,
        "patched_best_other_route": {
          "continuation": 5
        },
        "patched_top1_rate": 0.8,
        "success_change_rate": 0.8
      },
      {
        "condition": "restore|all_top8",
        "mean_patched_rank": 1.2,
        "mean_pmv_effect": 0.325,
        "mean_rank_effect": 0.8,
        "mean_short_rank": 2.0,
        "mean_target_delta": 1.5801040172576903,
        "mean_target_delta_fraction": 0.27576338055458305,
        "mean_target_effect": 0.44333763122558595,
        "mean_terse_rank": 1.0,
        "n": 5,
        "patched_best_other_route": {
          "continuation": 5
        },
        "patched_top1_rate": 0.8,
        "success_change_rate": 0.8
      },
      {
        "condition": "restore|late_top8",
        "mean_patched_rank": 1.2,
        "mean_pmv_effect": 0.325,
        "mean_rank_effect": 0.8,
        "mean_short_rank": 2.0,
        "mean_target_delta": 1.5801040172576903,
        "mean_target_delta_fraction": 0.2585809280429985,
        "mean_target_effect": 0.41614952087402346,
        "mean_terse_rank": 1.0,
        "n": 5,
        "patched_best_other_route": {
          "continuation": 5
        },
        "patched_top1_rate": 0.8,
        "success_change_rate": 0.8
      },
      {
        "condition": "restore|L27_all_heads",
        "mean_patched_rank": 1.2,
        "mean_pmv_effect": 0.2375,
        "mean_rank_effect": 0.8,
        "mean_short_rank": 2.0,
        "mean_target_delta": 1.5801040172576903,
        "mean_target_delta_fraction": 0.22354797580598715,
        "mean_target_effect": 0.34292101860046387,
        "mean_terse_rank": 1.0,
        "n": 5,
        "patched_best_other_route": {
          "continuation": 5
        },
        "patched_top1_rate": 0.8,
        "success_change_rate": 0.8
      },
      {
        "condition": "restore|early_top16",
        "mean_patched_rank": 1.2,
        "mean_pmv_effect": 0.3625,
        "mean_rank_effect": 0.8,
        "mean_short_rank": 2.0,
        "mean_target_delta": 1.5801040172576903,
        "mean_target_delta_fraction": 0.19192240472969835,
        "mean_target_effect": 0.3032491207122803,
        "mean_terse_rank": 1.0,
        "n": 5,
        "patched_best_other_route": {
          "continuation": 5
        },
        "patched_top1_rate": 0.8,
        "success_change_rate": 0.8
      },
      {
        "condition": "restore|L27_top4",
        "mean_patched_rank": 1.2,
        "mean_pmv_effect": 0.2125,
        "mean_rank_effect": 0.8,
        "mean_short_rank": 2.0,
        "mean_target_delta": 1.5801040172576903,
        "mean_target_delta_fraction": 0.12046074953532966,
        "mean_target_effect": 0.20036349296569825,
        "mean_terse_rank": 1.0,
        "n": 5,
        "patched_best_other_route": {
          "continuation": 5
        },
        "patched_top1_rate": 0.8,
        "success_change_rate": 0.8
      },
      {
        "condition": "restore|L24_all_heads",
        "mean_patched_rank": 1.2,
        "mean_pmv_effect": 0.2375,
        "mean_rank_effect": 0.8,
        "mean_short_rank": 2.0,
        "mean_target_delta": 1.5801040172576903,
        "mean_target_delta_fraction": 0.02759652042353119,
        "mean_target_effect": 0.07310147285461426,
        "mean_terse_rank": 1.0,
        "n": 5,
        "patched_best_other_route": {
          "continuation": 5
        },
        "patched_top1_rate": 0.8,
        "success_change_rate": 0.8
      },
      {
        "condition": "restore|L23_all_heads",
        "mean_patched_rank": 1.2,
        "mean_pmv_effect": 0.2,
        "mean_rank_effect": 0.8,
        "mean_short_rank": 2.0,
        "mean_target_delta": 1.5801040172576903,
        "mean_target_delta_fraction": 0.04481787828648187,
        "mean_target_effect": 0.03828873634338379,
        "mean_terse_rank": 1.0,
        "n": 5,
        "patched_best_other_route": {
          "continuation": 5
        },
        "patched_top1_rate": 0.8,
        "success_change_rate": 0.8
      },
      {
        "condition": "restore|all_random",
        "mean_patched_rank": 1.4,
        "mean_pmv_effect": 0.1875,
        "mean_rank_effect": 0.6,
        "mean_short_rank": 2.0,
        "mean_target_delta": 1.5801040172576903,
        "mean_target_delta_fraction": 0.11971586706874074,
        "mean_target_effect": 0.09760136604309082,
        "mean_terse_rank": 1.0,
        "n": 5,
        "patched_best_other_route": {
          "continuation": 5
        },
        "patched_top1_rate": 0.6,
        "success_change_rate": 0.6
      },
      {
        "condition": "restore|L27_top2",
        "mean_patched_rank": 1.4,
        "mean_pmv_effect": 0.125,
        "mean_rank_effect": 0.6,
        "mean_short_rank": 2.0,
        "mean_target_delta": 1.5801040172576903,
        "mean_target_delta_fraction": 0.04918087024405073,
        "mean_target_effect": 0.09172229766845703,
        "mean_terse_rank": 1.0,
        "n": 5,
        "patched_best_other_route": {
          "continuation": 5
        },
        "patched_top1_rate": 0.6,
        "success_change_rate": 0.6
      },
      {
        "condition": "restore|L29_top4",
        "mean_patched_rank": 1.6,
        "mean_pmv_effect": 0.2375,
        "mean_rank_effect": 0.4,
        "mean_short_rank": 2.0,
        "mean_target_delta": 1.5801040172576903,
        "mean_target_delta_fraction": 0.19249250528405928,
        "mean_target_effect": 0.30696444511413573,
        "mean_terse_rank": 1.0,
        "n": 5,
        "patched_best_other_route": {
          "continuation": 5
        },
        "patched_top1_rate": 0.4,
        "success_change_rate": 0.4
      },
      {
        "condition": "restore|L29_all_heads",
        "mean_patched_rank": 1.6,
        "mean_pmv_effect": 0.1375,
        "mean_rank_effect": 0.4,
        "mean_short_rank": 2.0,
        "mean_target_delta": 1.5801040172576903,
        "mean_target_delta_fraction": 0.168122065109754,
        "mean_target_effect": 0.25429906845092776,
        "mean_terse_rank": 1.0,
        "n": 5,
        "patched_best_other_route": {
          "continuation": 5
        },
        "patched_top1_rate": 0.4,
        "success_change_rate": 0.4
      },
      {
        "condition": "restore|L27_top1",
        "mean_patched_rank": 1.6,
        "mean_pmv_effect": 0.1125,
        "mean_rank_effect": 0.4,
        "mean_short_rank": 2.0,
        "mean_target_delta": 1.5801040172576903,
        "mean_target_delta_fraction": 0.046068790938053016,
        "mean_target_effect": 0.07887015342712403,
        "mean_terse_rank": 1.0,
        "n": 5,
        "patched_best_other_route": {
          "continuation": 5
        },
        "patched_top1_rate": 0.4,
        "success_change_rate": 0.4
      },
      {
        "condition": "restore|L23_top4",
        "mean_patched_rank": 1.6,
        "mean_pmv_effect": 0.2,
        "mean_rank_effect": 0.4,
        "mean_short_rank": 2.0,
        "mean_target_delta": 1.5801040172576903,
        "mean_target_delta_fraction": 0.006769380668360153,
        "mean_target_effect": 0.02432093620300293,
        "mean_terse_rank": 1.0,
        "n": 5,
        "patched_best_other_route": {
          "continuation": 5
        },
        "patched_top1_rate": 0.4,
        "success_change_rate": 0.4
      },
      {
        "condition": "restore|L23_top2",
        "mean_patched_rank": 1.6,
        "mean_pmv_effect": 0.175,
        "mean_rank_effect": 0.4,
        "mean_short_rank": 2.0,
        "mean_target_delta": 1.5801040172576903,
        "mean_target_delta_fraction": -0.003041368299107939,
        "mean_target_effect": 0.00208282470703125,
        "mean_terse_rank": 1.0,
        "n": 5,
        "patched_best_other_route": {
          "continuation": 5
        },
        "patched_top1_rate": 0.4,
        "success_change_rate": 0.4
      },
      {
        "condition": "restore|L29_top2",
        "mean_patched_rank": 1.8,
        "mean_pmv_effect": 0.1875,
        "mean_rank_effect": 0.2,
        "mean_short_rank": 2.0,
        "mean_target_delta": 1.5801040172576903,
        "mean_target_delta_fraction": 0.175268059526283,
        "mean_target_effect": 0.29674243927001953,
        "mean_terse_rank": 1.0,
        "n": 5,
        "patched_best_other_route": {
          "continuation": 5
        },
        "patched_top1_rate": 0.2,
        "success_change_rate": 0.2
      },
      {
        "condition": "restore|early_top8",
        "mean_patched_rank": 1.8,
        "mean_pmv_effect": 0.125,
        "mean_rank_effect": 0.2,
        "mean_short_rank": 2.0,
        "mean_target_delta": 1.5801040172576903,
        "mean_target_delta_fraction": 0.1144253177841454,
        "mean_target_effect": 0.2136258602142334,
        "mean_terse_rank": 1.0,
        "n": 5,
        "patched_best_other_route": {
          "continuation": 5
        },
        "patched_top1_rate": 0.2,
        "success_change_rate": 0.2
      },
      {
        "condition": "restore|L25_all_heads",
        "mean_patched_rank": 1.8,
        "mean_pmv_effect": 0.15,
        "mean_rank_effect": 0.2,
        "mean_short_rank": 2.0,
        "mean_target_delta": 1.5801040172576903,
        "mean_target_delta_fraction": 0.1206630671890804,
        "mean_target_effect": 0.13370075225830078,
        "mean_terse_rank": 1.0,
        "n": 5,
        "patched_best_other_route": {
          "continuation": 5
        },
        "patched_top1_rate": 0.2,
        "success_change_rate": 0.2
      },
      {
        "condition": "restore|L24_top4",
        "mean_patched_rank": 1.8,
        "mean_pmv_effect": 0.0875,
        "mean_rank_effect": 0.2,
        "mean_short_rank": 2.0,
        "mean_target_delta": 1.5801040172576903,
        "mean_target_delta_fraction": 0.08951381663298583,
        "mean_target_effect": 0.12923116683959962,
        "mean_terse_rank": 1.0,
        "n": 5,
        "patched_best_other_route": {
          "continuation": 5
        },
        "patched_top1_rate": 0.2,
        "success_change_rate": 0.2
      },
      {
        "condition": "restore|L23_top1",
        "mean_patched_rank": 1.8,
        "mean_pmv_effect": 0.0375,
        "mean_rank_effect": 0.2,
        "mean_short_rank": 2.0,
        "mean_target_delta": 1.5801040172576903,
        "mean_target_delta_fraction": 0.031250089120361146,
        "mean_target_effect": 0.06153750419616699,
        "mean_terse_rank": 1.0,
        "n": 5,
        "patched_best_other_route": {
          "continuation": 5
        },
        "patched_top1_rate": 0.2,
        "success_change_rate": 0.2
      },
      {
        "condition": "restore|L30_all_heads",
        "mean_patched_rank": 1.8,
        "mean_pmv_effect": 0.0375,
        "mean_rank_effect": 0.2,
        "mean_short_rank": 2.0,
        "mean_target_delta": 1.5801040172576903,
        "mean_target_delta_fraction": 0.02181690710657511,
        "mean_target_effect": 0.03920183181762695,
        "mean_terse_rank": 1.0,
        "n": 5,
        "patched_best_other_route": {
          "continuation": 5
        },
        "patched_top1_rate": 0.2,
        "success_change_rate": 0.2
      },
      {
        "condition": "restore|L26_top4",
        "mean_patched_rank": 1.8,
        "mean_pmv_effect": 0.0,
        "mean_rank_effect": 0.2,
        "mean_short_rank": 2.0,
        "mean_target_delta": 1.5801040172576903,
        "mean_target_delta_fraction": 0.0042501480869684,
        "mean_target_effect": 0.025226306915283204,
        "mean_terse_rank": 1.0,
        "n": 5,
        "patched_best_other_route": {
          "continuation": 5
        },
        "patched_top1_rate": 0.2,
        "success_change_rate": 0.2
      },
      {
        "condition": "restore|L30_random4",
        "mean_patched_rank": 1.8,
        "mean_pmv_effect": -0.0125,
        "mean_rank_effect": 0.2,
        "mean_short_rank": 2.0,
        "mean_target_delta": 1.5801040172576903,
        "mean_target_delta_fraction": -0.017290019898868504,
        "mean_target_effect": -0.015816354751586915,
        "mean_terse_rank": 1.0,
        "n": 5,
        "patched_best_other_route": {
          "continuation": 5
        },
        "patched_top1_rate": 0.2,
        "success_change_rate": 0.2
      },
      {
        "condition": "restore|L28_random4",
        "mean_patched_rank": 1.8,
        "mean_pmv_effect": 0.0375,
        "mean_rank_effect": 0.2,
        "mean_short_rank": 2.0,
        "mean_target_delta": 1.5801040172576903,
        "mean_target_delta_fraction": -0.02611174316928727,
        "mean_target_effect": -0.02167487144470215,
        "mean_terse_rank": 1.0,
        "n": 5,
        "patched_best_other_route": {
          "continuation": 5
        },
        "patched_top1_rate": 0.2,
        "success_change_rate": 0.2
      },
      {
        "condition": "restore|L26_all_heads",
        "mean_patched_rank": 1.8,
        "mean_pmv_effect": -0.35,
        "mean_rank_effect": 0.2,
        "mean_short_rank": 2.0,
        "mean_target_delta": 1.5801040172576903,
        "mean_target_delta_fraction": -0.25877035699624384,
        "mean_target_effect": -0.43242974281311036,
        "mean_terse_rank": 1.0,
        "n": 5,
        "patched_best_other_route": {
          "continuation": 5
        },
        "patched_top1_rate": 0.2,
        "success_change_rate": 0.2
      },
      {
        "condition": "restore|L29_top1",
        "mean_patched_rank": 2.0,
        "mean_pmv_effect": 0.0375,
        "mean_rank_effect": 0.0,
        "mean_short_rank": 2.0,
        "mean_target_delta": 1.5801040172576903,
        "mean_target_delta_fraction": 0.07363047827214979,
        "mean_target_effect": 0.125473690032959,
        "mean_terse_rank": 1.0,
        "n": 5,
        "patched_best_other_route": {
          "continuation": 5
        },
        "patched_top1_rate": 0.0,
        "success_change_rate": 0.0
      },
      {
        "condition": "restore|L26_top2",
        "mean_patched_rank": 2.0,
        "mean_pmv_effect": 0.0,
        "mean_rank_effect": 0.0,
        "mean_short_rank": 2.0,
        "mean_target_delta": 1.5801040172576903,
        "mean_target_delta_fraction": 0.047252080797830824,
        "mean_target_effect": 0.08759713172912598,
        "mean_terse_rank": 1.0,
        "n": 5,
        "patched_best_other_route": {
          "continuation": 5
        },
        "patched_top1_rate": 0.0,
        "success_change_rate": 0.0
      },
      {
        "condition": "restore|L24_top2",
        "mean_patched_rank": 2.0,
        "mean_pmv_effect": 0.0125,
        "mean_rank_effect": 0.0,
        "mean_short_rank": 2.0,
        "mean_target_delta": 1.5801040172576903,
        "mean_target_delta_fraction": 0.04247814423891414,
        "mean_target_effect": 0.06693735122680664,
        "mean_terse_rank": 1.0,
        "n": 5,
        "patched_best_other_route": {
          "continuation": 5
        },
        "patched_top1_rate": 0.0,
        "success_change_rate": 0.0
      },
      {
        "condition": "restore|L28_all_heads",
        "mean_patched_rank": 2.0,
        "mean_pmv_effect": 0.025,
        "mean_rank_effect": 0.0,
        "mean_short_rank": 2.0,
        "mean_target_delta": 1.5801040172576903,
        "mean_target_delta_fraction": 0.021045923643802263,
        "mean_target_effect": 0.05836162567138672,
        "mean_terse_rank": 1.0,
        "n": 5,
        "patched_best_other_route": {
          "continuation": 5
        },
        "patched_top1_rate": 0.0,
        "success_change_rate": 0.0
      },
      {
        "condition": "restore|L25_top4",
        "mean_patched_rank": 2.0,
        "mean_pmv_effect": -0.025,
        "mean_rank_effect": 0.0,
        "mean_short_rank": 2.0,
        "mean_target_delta": 1.5801040172576903,
        "mean_target_delta_fraction": 0.024441600304081858,
        "mean_target_effect": 0.0416865348815918,
        "mean_terse_rank": 1.0,
        "n": 5,
        "patched_best_other_route": {
          "continuation": 5
        },
        "patched_top1_rate": 0.0,
        "success_change_rate": 0.0
      },
      {
        "condition": "restore|L30_top1",
        "mean_patched_rank": 2.0,
        "mean_pmv_effect": 0.025,
        "mean_rank_effect": 0.0,
        "mean_short_rank": 2.0,
        "mean_target_delta": 1.5801040172576903,
        "mean_target_delta_fraction": 0.01624402055898911,
        "mean_target_effect": 0.03174772262573242,
        "mean_terse_rank": 1.0,
        "n": 5,
        "patched_best_other_route": {
          "continuation": 5
        },
        "patched_top1_rate": 0.0,
        "success_change_rate": 0.0
      },
      {
        "condition": "restore|L26_top1",
        "mean_patched_rank": 2.0,
        "mean_pmv_effect": 0.0,
        "mean_rank_effect": 0.0,
        "mean_short_rank": 2.0,
        "mean_target_delta": 1.5801040172576903,
        "mean_target_delta_fraction": 0.011560117111958899,
        "mean_target_effect": 0.03117971420288086,
        "mean_terse_rank": 1.0,
        "n": 5,
        "patched_best_other_route": {
          "continuation": 5
        },
        "patched_top1_rate": 0.0,
        "success_change_rate": 0.0
      },
      {
        "condition": "restore|L28_top4",
        "mean_patched_rank": 2.0,
        "mean_pmv_effect": 0.025,
        "mean_rank_effect": 0.0,
        "mean_short_rank": 2.0,
        "mean_target_delta": 1.5801040172576903,
        "mean_target_delta_fraction": 0.011264764794886627,
        "mean_target_effect": 0.02443246841430664,
        "mean_terse_rank": 1.0,
        "n": 5,
        "patched_best_other_route": {
          "continuation": 5
        },
        "patched_top1_rate": 0.0,
        "success_change_rate": 0.0
      },
      {
        "condition": "restore|L24_top1",
        "mean_patched_rank": 2.0,
        "mean_pmv_effect": 0.0,
        "mean_rank_effect": 0.0,
        "mean_short_rank": 2.0,
        "mean_target_delta": 1.5801040172576903,
        "mean_target_delta_fraction": 0.013891925855869089,
        "mean_target_effect": 0.02215890884399414,
        "mean_terse_rank": 1.0,
        "n": 5,
        "patched_best_other_route": {
          "continuation": 5
        },
        "patched_top1_rate": 0.0,
        "success_change_rate": 0.0
      },
      {
        "condition": "restore|L23_random4",
        "mean_patched_rank": 2.0,
        "mean_pmv_effect": -0.0625,
        "mean_rank_effect": 0.0,
        "mean_short_rank": 2.0,
        "mean_target_delta": 1.5801040172576903,
        "mean_target_delta_fraction": 0.01360761493554683,
        "mean_target_effect": 0.021808338165283204,
        "mean_terse_rank": 1.0,
        "n": 5,
        "patched_best_other_route": {
          "continuation": 5
        },
        "patched_top1_rate": 0.0,
        "success_change_rate": 0.0
      },
      {
        "condition": "restore|L26_random4",
        "mean_patched_rank": 2.0,
        "mean_pmv_effect": 0.0,
        "mean_rank_effect": 0.0,
        "mean_short_rank": 2.0,
        "mean_target_delta": 1.5801040172576903,
        "mean_target_delta_fraction": 0.015471594165168034,
        "mean_target_effect": 0.021095705032348634,
        "mean_terse_rank": 1.0,
        "n": 5,
        "patched_best_other_route": {
          "continuation": 5
        },
        "patched_top1_rate": 0.0,
        "success_change_rate": 0.0
      },
      {
        "condition": "restore|L30_top2",
        "mean_patched_rank": 2.0,
        "mean_pmv_effect": 0.0,
        "mean_rank_effect": 0.0,
        "mean_short_rank": 2.0,
        "mean_target_delta": 1.5801040172576903,
        "mean_target_delta_fraction": 0.009722212369163263,
        "mean_target_effect": 0.020440101623535156,
        "mean_terse_rank": 1.0,
        "n": 5,
        "patched_best_other_route": {
          "continuation": 5
        },
        "patched_top1_rate": 0.0,
        "success_change_rate": 0.0
      },
      {
        "condition": "restore|L25_random4",
        "mean_patched_rank": 2.0,
        "mean_pmv_effect": 0.0125,
        "mean_rank_effect": 0.0,
        "mean_short_rank": 2.0,
        "mean_target_delta": 1.5801040172576903,
        "mean_target_delta_fraction": 0.006387227802392476,
        "mean_target_effect": 0.010900211334228516,
        "mean_terse_rank": 1.0,
        "n": 5,
        "patched_best_other_route": {
          "continuation": 5
        },
        "patched_top1_rate": 0.0,
        "success_change_rate": 0.0
      },
      {
        "condition": "restore|L28_top2",
        "mean_patched_rank": 2.0,
        "mean_pmv_effect": -0.0125,
        "mean_rank_effect": 0.0,
        "mean_short_rank": 2.0,
        "mean_target_delta": 1.5801040172576903,
        "mean_target_delta_fraction": -0.0019119275421511516,
        "mean_target_effect": 0.007776021957397461,
        "mean_terse_rank": 1.0,
        "n": 5,
        "patched_best_other_route": {
          "continuation": 5
        },
        "patched_top1_rate": 0.0,
        "success_change_rate": 0.0
      },
      {
        "condition": "restore|L25_top2",
        "mean_patched_rank": 2.0,
        "mean_pmv_effect": -0.0375,
        "mean_rank_effect": 0.0,
        "mean_short_rank": 2.0,
        "mean_target_delta": 1.5801040172576903,
        "mean_target_delta_fraction": 0.003965442232684871,
        "mean_target_effect": 0.007372045516967773,
        "mean_terse_rank": 1.0,
        "n": 5,
        "patched_best_other_route": {
          "continuation": 5
        },
        "patched_top1_rate": 0.0,
        "success_change_rate": 0.0
      },
      {
        "condition": "restore|L30_top4",
        "mean_patched_rank": 2.0,
        "mean_pmv_effect": 0.0,
        "mean_rank_effect": 0.0,
        "mean_short_rank": 2.0,
        "mean_target_delta": 1.5801040172576903,
        "mean_target_delta_fraction": -0.010184506376541775,
        "mean_target_effect": -0.006421899795532227,
        "mean_terse_rank": 1.0,
        "n": 5,
        "patched_best_other_route": {
          "continuation": 5
        },
        "patched_top1_rate": 0.0,
        "success_change_rate": 0.0
      },
      {
        "condition": "restore|L28_top1",
        "mean_patched_rank": 2.0,
        "mean_pmv_effect": -0.0125,
        "mean_rank_effect": 0.0,
        "mean_short_rank": 2.0,
        "mean_target_delta": 1.5801040172576903,
        "mean_target_delta_fraction": -0.013599058302969782,
        "mean_target_effect": -0.006910896301269532,
        "mean_terse_rank": 1.0,
        "n": 5,
        "patched_best_other_route": {
          "continuation": 5
        },
        "patched_top1_rate": 0.0,
        "success_change_rate": 0.0
      },
      {
        "condition": "restore|L25_top1",
        "mean_patched_rank": 2.0,
        "mean_pmv_effect": -0.0125,
        "mean_rank_effect": 0.0,
        "mean_short_rank": 2.0,
        "mean_target_delta": 1.5801040172576903,
        "mean_target_delta_fraction": -0.008300922835148068,
        "mean_target_effect": -0.008949947357177735,
        "mean_terse_rank": 1.0,
        "n": 5,
        "patched_best_other_route": {
          "continuation": 5
        },
        "patched_top1_rate": 0.0,
        "success_change_rate": 0.0
      },
      {
        "condition": "restore|early_random",
        "mean_patched_rank": 2.0,
        "mean_pmv_effect": -0.1,
        "mean_rank_effect": 0.0,
        "mean_short_rank": 2.0,
        "mean_target_delta": 1.5801040172576903,
        "mean_target_delta_fraction": -0.06021763908701834,
        "mean_target_effect": -0.08186984062194824,
        "mean_terse_rank": 1.0,
        "n": 5,
        "patched_best_other_route": {
          "continuation": 5
        },
        "patched_top1_rate": 0.0,
        "success_change_rate": 0.0
      },
      {
        "condition": "restore|L29_random4",
        "mean_patched_rank": 2.0,
        "mean_pmv_effect": -0.025,
        "mean_rank_effect": 0.0,
        "mean_short_rank": 2.0,
        "mean_target_delta": 1.5801040172576903,
        "mean_target_delta_fraction": -0.07260141358934243,
        "mean_target_effect": -0.1256953239440918,
        "mean_terse_rank": 1.0,
        "n": 5,
        "patched_best_other_route": {
          "continuation": 5
        },
        "patched_top1_rate": 0.0,
        "success_change_rate": 0.0
      },
      {
        "condition": "restore|L24_random4",
        "mean_patched_rank": 2.0,
        "mean_pmv_effect": 0.025,
        "mean_rank_effect": 0.0,
        "mean_short_rank": 2.0,
        "mean_target_delta": 1.5801040172576903,
        "mean_target_delta_fraction": -0.11045989783494428,
        "mean_target_effect": -0.1426414966583252,
        "mean_terse_rank": 1.0,
        "n": 5,
        "patched_best_other_route": {
          "continuation": 5
        },
        "patched_top1_rate": 0.0,
        "success_change_rate": 0.0
      },
      {
        "condition": "restore|L27_random4",
        "mean_patched_rank": 2.0,
        "mean_pmv_effect": -0.1625,
        "mean_rank_effect": 0.0,
        "mean_short_rank": 2.0,
        "mean_target_delta": 1.5801040172576903,
        "mean_target_delta_fraction": -0.14207972192962257,
        "mean_target_effect": -0.19000558853149413,
        "mean_terse_rank": 1.0,
        "n": 5,
        "patched_best_other_route": {
          "continuation": 5
        },
        "patched_top1_rate": 0.0,
        "success_change_rate": 0.0
      },
      {
        "condition": "restore|late_random",
        "mean_patched_rank": 2.0,
        "mean_pmv_effect": -0.25,
        "mean_rank_effect": 0.0,
        "mean_short_rank": 2.0,
        "mean_target_delta": 1.5801040172576903,
        "mean_target_delta_fraction": -0.14392011147090983,
        "mean_target_effect": -0.19273824691772462,
        "mean_terse_rank": 1.0,
        "n": 5,
        "patched_best_other_route": {
          "continuation": 5
        },
        "patched_top1_rate": 0.0,
        "success_change_rate": 0.0
      }
    ],
    "by_condition": {
      "degradation|L23_all_heads": {
        "mean_patched_rank": 1.0,
        "mean_pmv_effect": 0.1625,
        "mean_rank_effect": 0.0,
        "mean_short_rank": 2.0,
        "mean_target_delta": 1.5801040172576903,
        "mean_target_delta_fraction": 0.163171011552648,
        "mean_target_effect": 0.21880717277526857,
        "mean_terse_rank": 1.0,
        "n": 5,
        "patched_best_other_route": {
          "continuation": 1,
          "prose": 4
        },
        "patched_top1_rate": 1.0,
        "success_change_rate": 0.0
      },
      "degradation|L23_random4": {
        "mean_patched_rank": 1.0,
        "mean_pmv_effect": -0.1125,
        "mean_rank_effect": 0.0,
        "mean_short_rank": 2.0,
        "mean_target_delta": 1.5801040172576903,
        "mean_target_delta_fraction": -0.006000582945432224,
        "mean_target_effect": -0.031317949295043945,
        "mean_terse_rank": 1.0,
        "n": 5,
        "patched_best_other_route": {
          "prose": 5
        },
        "patched_top1_rate": 1.0,
        "success_change_rate": 0.0
      },
      "degradation|L23_top1": {
        "mean_patched_rank": 1.0,
        "mean_pmv_effect": 0.0,
        "mean_rank_effect": 0.0,
        "mean_short_rank": 2.0,
        "mean_target_delta": 1.5801040172576903,
        "mean_target_delta_fraction": 0.024175095914710523,
        "mean_target_effect": 0.03065369129180908,
        "mean_terse_rank": 1.0,
        "n": 5,
        "patched_best_other_route": {
          "prose": 5
        },
        "patched_top1_rate": 1.0,
        "success_change_rate": 0.0
      },
      "degradation|L23_top2": {
        "mean_patched_rank": 1.0,
        "mean_pmv_effect": 0.0875,
        "mean_rank_effect": 0.0,
        "mean_short_rank": 2.0,
        "mean_target_delta": 1.5801040172576903,
        "mean_target_delta_fraction": 0.05062126192239713,
        "mean_target_effect": 0.05571131706237793,
        "mean_terse_rank": 1.0,
        "n": 5,
        "patched_best_other_route": {
          "prose": 5
        },
        "patched_top1_rate": 1.0,
        "success_change_rate": 0.0
      },
      "degradation|L23_top4": {
        "mean_patched_rank": 1.0,
        "mean_pmv_effect": 0.0875,
        "mean_rank_effect": 0.0,
        "mean_short_rank": 2.0,
        "mean_target_delta": 1.5801040172576903,
        "mean_target_delta_fraction": 0.06610835915518597,
        "mean_target_effect": 0.09896934032440186,
        "mean_terse_rank": 1.0,
        "n": 5,
        "patched_best_other_route": {
          "prose": 5
        },
        "patched_top1_rate": 1.0,
        "success_change_rate": 0.0
      },
      "degradation|L24_all_heads": {
        "mean_patched_rank": 1.0,
        "mean_pmv_effect": -0.125,
        "mean_rank_effect": 0.0,
        "mean_short_rank": 2.0,
        "mean_target_delta": 1.5801040172576903,
        "mean_target_delta_fraction": -0.034462282227186995,
        "mean_target_effect": -0.034592509269714355,
        "mean_terse_rank": 1.0,
        "n": 5,
        "patched_best_other_route": {
          "continuation": 1,
          "prose": 4
        },
        "patched_top1_rate": 1.0,
        "success_change_rate": 0.0
      },
      "degradation|L24_random4": {
        "mean_patched_rank": 1.0,
        "mean_pmv_effect": -0.0625,
        "mean_rank_effect": 0.0,
        "mean_short_rank": 2.0,
        "mean_target_delta": 1.5801040172576903,
        "mean_target_delta_fraction": -0.1105296559369324,
        "mean_target_effect": -0.180902099609375,
        "mean_terse_rank": 1.0,
        "n": 5,
        "patched_best_other_route": {
          "prose": 5
        },
        "patched_top1_rate": 1.0,
        "success_change_rate": 0.0
      },
      "degradation|L24_top1": {
        "mean_patched_rank": 1.0,
        "mean_pmv_effect": 0.0,
        "mean_rank_effect": 0.0,
        "mean_short_rank": 2.0,
        "mean_target_delta": 1.5801040172576903,
        "mean_target_delta_fraction": 0.019003504703102175,
        "mean_target_effect": 0.010267829895019532,
        "mean_terse_rank": 1.0,
        "n": 5,
        "patched_best_other_route": {
          "prose": 5
        },
        "patched_top1_rate": 1.0,
        "success_change_rate": 0.0
      },
      "degradation|L24_top2": {
        "mean_patched_rank": 1.0,
        "mean_pmv_effect": -0.0125,
        "mean_rank_effect": 0.0,
        "mean_short_rank": 2.0,
        "mean_target_delta": 1.5801040172576903,
        "mean_target_delta_fraction": 0.019023060111516568,
        "mean_target_effect": 0.025646495819091796,
        "mean_terse_rank": 1.0,
        "n": 5,
        "patched_best_other_route": {
          "prose": 5
        },
        "patched_top1_rate": 1.0,
        "success_change_rate": 0.0
      },
      "degradation|L24_top4": {
        "mean_patched_rank": 1.0,
        "mean_pmv_effect": 0.0,
        "mean_rank_effect": 0.0,
        "mean_short_rank": 2.0,
        "mean_target_delta": 1.5801040172576903,
        "mean_target_delta_fraction": 0.04521835899604011,
        "mean_target_effect": 0.04264359474182129,
        "mean_terse_rank": 1.0,
        "n": 5,
        "patched_best_other_route": {
          "prose": 5
        },
        "patched_top1_rate": 1.0,
        "success_change_rate": 0.0
      },
      "degradation|L25_all_heads": {
        "mean_patched_rank": 1.0,
        "mean_pmv_effect": 0.0625,
        "mean_rank_effect": 0.0,
        "mean_short_rank": 2.0,
        "mean_target_delta": 1.5801040172576903,
        "mean_target_delta_fraction": 0.03884757991730086,
        "mean_target_effect": -0.027166056632995605,
        "mean_terse_rank": 1.0,
        "n": 5,
        "patched_best_other_route": {
          "prose": 5
        },
        "patched_top1_rate": 1.0,
        "success_change_rate": 0.0
      },
      "degradation|L25_random4": {
        "mean_patched_rank": 1.0,
        "mean_pmv_effect": -0.0375,
        "mean_rank_effect": 0.0,
        "mean_short_rank": 2.0,
        "mean_target_delta": 1.5801040172576903,
        "mean_target_delta_fraction": -0.005285851716753824,
        "mean_target_effect": -0.022640061378479005,
        "mean_terse_rank": 1.0,
        "n": 5,
        "patched_best_other_route": {
          "prose": 5
        },
        "patched_top1_rate": 1.0,
        "success_change_rate": 0.0
      },
      "degradation|L25_top1": {
        "mean_patched_rank": 1.0,
        "mean_pmv_effect": -0.0625,
        "mean_rank_effect": 0.0,
        "mean_short_rank": 2.0,
        "mean_target_delta": 1.5801040172576903,
        "mean_target_delta_fraction": -0.012299130642608819,
        "mean_target_effect": -0.023043060302734376,
        "mean_terse_rank": 1.0,
        "n": 5,
        "patched_best_other_route": {
          "prose": 5
        },
        "patched_top1_rate": 1.0,
        "success_change_rate": 0.0
      },
      "degradation|L25_top2": {
        "mean_patched_rank": 1.0,
        "mean_pmv_effect": 0.0125,
        "mean_rank_effect": 0.0,
        "mean_short_rank": 2.0,
        "mean_target_delta": 1.5801040172576903,
        "mean_target_delta_fraction": 0.024645216631766387,
        "mean_target_effect": 0.022888946533203124,
        "mean_terse_rank": 1.0,
        "n": 5,
        "patched_best_other_route": {
          "prose": 5
        },
        "patched_top1_rate": 1.0,
        "success_change_rate": 0.0
      },
      "degradation|L25_top4": {
        "mean_patched_rank": 1.0,
        "mean_pmv_effect": -0.05,
        "mean_rank_effect": 0.0,
        "mean_short_rank": 2.0,
        "mean_target_delta": 1.5801040172576903,
        "mean_target_delta_fraction": 0.027526283880354285,
        "mean_target_effect": 0.014995813369750977,
        "mean_terse_rank": 1.0,
        "n": 5,
        "patched_best_other_route": {
          "prose": 5
        },
        "patched_top1_rate": 1.0,
        "success_change_rate": 0.0
      },
      "degradation|L26_all_heads": {
        "mean_patched_rank": 1.0,
        "mean_pmv_effect": -0.075,
        "mean_rank_effect": 0.0,
        "mean_short_rank": 2.0,
        "mean_target_delta": 1.5801040172576903,
        "mean_target_delta_fraction": -0.06735147332393893,
        "mean_target_effect": -0.09827971458435059,
        "mean_terse_rank": 1.0,
        "n": 5,
        "patched_best_other_route": {
          "prose": 5
        },
        "patched_top1_rate": 1.0,
        "success_change_rate": 0.0
      },
      "degradation|L26_random4": {
        "mean_patched_rank": 1.0,
        "mean_pmv_effect": -0.05,
        "mean_rank_effect": 0.0,
        "mean_short_rank": 2.0,
        "mean_target_delta": 1.5801040172576903,
        "mean_target_delta_fraction": -0.003142566618441264,
        "mean_target_effect": -0.02280564308166504,
        "mean_terse_rank": 1.0,
        "n": 5,
        "patched_best_other_route": {
          "prose": 5
        },
        "patched_top1_rate": 1.0,
        "success_change_rate": 0.0
      },
      "degradation|L26_top1": {
        "mean_patched_rank": 1.0,
        "mean_pmv_effect": -0.05,
        "mean_rank_effect": 0.0,
        "mean_short_rank": 2.0,
        "mean_target_delta": 1.5801040172576903,
        "mean_target_delta_fraction": 0.03820133291725589,
        "mean_target_effect": 0.052550864219665525,
        "mean_terse_rank": 1.0,
        "n": 5,
        "patched_best_other_route": {
          "prose": 5
        },
        "patched_top1_rate": 1.0,
        "success_change_rate": 0.0
      },
      "degradation|L26_top2": {
        "mean_patched_rank": 1.0,
        "mean_pmv_effect": -0.0375,
        "mean_rank_effect": 0.0,
        "mean_short_rank": 2.0,
        "mean_target_delta": 1.5801040172576903,
        "mean_target_delta_fraction": 0.07125870871568789,
        "mean_target_effect": 0.11669244766235351,
        "mean_terse_rank": 1.0,
        "n": 5,
        "patched_best_other_route": {
          "prose": 5
        },
        "patched_top1_rate": 1.0,
        "success_change_rate": 0.0
      },
      "degradation|L26_top4": {
        "mean_patched_rank": 1.0,
        "mean_pmv_effect": 0.0125,
        "mean_rank_effect": 0.0,
        "mean_short_rank": 2.0,
        "mean_target_delta": 1.5801040172576903,
        "mean_target_delta_fraction": 0.08354598706025582,
        "mean_target_effect": 0.12483425140380859,
        "mean_terse_rank": 1.0,
        "n": 5,
        "patched_best_other_route": {
          "prose": 5
        },
        "patched_top1_rate": 1.0,
        "success_change_rate": 0.0
      },
      "degradation|L27_all_heads": {
        "mean_patched_rank": 1.0,
        "mean_pmv_effect": 0.025,
        "mean_rank_effect": 0.0,
        "mean_short_rank": 2.0,
        "mean_target_delta": 1.5801040172576903,
        "mean_target_delta_fraction": 0.1585529705904391,
        "mean_target_effect": 0.24486002922058106,
        "mean_terse_rank": 1.0,
        "n": 5,
        "patched_best_other_route": {
          "prose": 5
        },
        "patched_top1_rate": 1.0,
        "success_change_rate": 0.0
      },
      "degradation|L27_random4": {
        "mean_patched_rank": 1.0,
        "mean_pmv_effect": -0.1125,
        "mean_rank_effect": 0.0,
        "mean_short_rank": 2.0,
        "mean_target_delta": 1.5801040172576903,
        "mean_target_delta_fraction": -0.058333038161983784,
        "mean_target_effect": -0.12087075710296631,
        "mean_terse_rank": 1.0,
        "n": 5,
        "patched_best_other_route": {
          "prose": 5
        },
        "patched_top1_rate": 1.0,
        "success_change_rate": 0.0
      },
      "degradation|L27_top1": {
        "mean_patched_rank": 1.0,
        "mean_pmv_effect": -0.05,
        "mean_rank_effect": 0.0,
        "mean_short_rank": 2.0,
        "mean_target_delta": 1.5801040172576903,
        "mean_target_delta_fraction": 0.03836522966666272,
        "mean_target_effect": 0.05361840724945068,
        "mean_terse_rank": 1.0,
        "n": 5,
        "patched_best_other_route": {
          "prose": 5
        },
        "patched_top1_rate": 1.0,
        "success_change_rate": 0.0
      },
      "degradation|L27_top2": {
        "mean_patched_rank": 1.0,
        "mean_pmv_effect": -0.025,
        "mean_rank_effect": 0.0,
        "mean_short_rank": 2.0,
        "mean_target_delta": 1.5801040172576903,
        "mean_target_delta_fraction": 0.038513705530669705,
        "mean_target_effect": 0.05889406204223633,
        "mean_terse_rank": 1.0,
        "n": 5,
        "patched_best_other_route": {
          "prose": 5
        },
        "patched_top1_rate": 1.0,
        "success_change_rate": 0.0
      },
      "degradation|L27_top4": {
        "mean_patched_rank": 1.0,
        "mean_pmv_effect": -0.0125,
        "mean_rank_effect": 0.0,
        "mean_short_rank": 2.0,
        "mean_target_delta": 1.5801040172576903,
        "mean_target_delta_fraction": 0.0831906603338,
        "mean_target_effect": 0.14528121948242187,
        "mean_terse_rank": 1.0,
        "n": 5,
        "patched_best_other_route": {
          "prose": 5
        },
        "patched_top1_rate": 1.0,
        "success_change_rate": 0.0
      },
      "degradation|L28_all_heads": {
        "mean_patched_rank": 1.0,
        "mean_pmv_effect": -0.0375,
        "mean_rank_effect": 0.0,
        "mean_short_rank": 2.0,
        "mean_target_delta": 1.5801040172576903,
        "mean_target_delta_fraction": 0.04681086937559425,
        "mean_target_effect": 0.07986364364624024,
        "mean_terse_rank": 1.0,
        "n": 5,
        "patched_best_other_route": {
          "prose": 5
        },
        "patched_top1_rate": 1.0,
        "success_change_rate": 0.0
      },
      "degradation|L28_random4": {
        "mean_patched_rank": 1.0,
        "mean_pmv_effect": -0.0125,
        "mean_rank_effect": 0.0,
        "mean_short_rank": 2.0,
        "mean_target_delta": 1.5801040172576903,
        "mean_target_delta_fraction": -0.04420490999654579,
        "mean_target_effect": -0.07974820137023926,
        "mean_terse_rank": 1.0,
        "n": 5,
        "patched_best_other_route": {
          "prose": 5
        },
        "patched_top1_rate": 1.0,
        "success_change_rate": 0.0
      },
      "degradation|L28_top1": {
        "mean_patched_rank": 1.0,
        "mean_pmv_effect": -0.0125,
        "mean_rank_effect": 0.0,
        "mean_short_rank": 2.0,
        "mean_target_delta": 1.5801040172576903,
        "mean_target_delta_fraction": -0.0040567640061729094,
        "mean_target_effect": -0.012603974342346192,
        "mean_terse_rank": 1.0,
        "n": 5,
        "patched_best_other_route": {
          "prose": 5
        },
        "patched_top1_rate": 1.0,
        "success_change_rate": 0.0
      },
      "degradation|L28_top2": {
        "mean_patched_rank": 1.0,
        "mean_pmv_effect": -0.0375,
        "mean_rank_effect": 0.0,
        "mean_short_rank": 2.0,
        "mean_target_delta": 1.5801040172576903,
        "mean_target_delta_fraction": 0.010149165133806988,
        "mean_target_effect": 0.009742164611816406,
        "mean_terse_rank": 1.0,
        "n": 5,
        "patched_best_other_route": {
          "prose": 5
        },
        "patched_top1_rate": 1.0,
        "success_change_rate": 0.0
      },
      "degradation|L28_top4": {
        "mean_patched_rank": 1.0,
        "mean_pmv_effect": 0.0125,
        "mean_rank_effect": 0.0,
        "mean_short_rank": 2.0,
        "mean_target_delta": 1.5801040172576903,
        "mean_target_delta_fraction": 0.043387176923672305,
        "mean_target_effect": 0.06480565071105956,
        "mean_terse_rank": 1.0,
        "n": 5,
        "patched_best_other_route": {
          "prose": 5
        },
        "patched_top1_rate": 1.0,
        "success_change_rate": 0.0
      },
      "degradation|L29_all_heads": {
        "mean_patched_rank": 1.0,
        "mean_pmv_effect": -0.05,
        "mean_rank_effect": 0.0,
        "mean_short_rank": 2.0,
        "mean_target_delta": 1.5801040172576903,
        "mean_target_delta_fraction": 0.0786353649588993,
        "mean_target_effect": 0.12031259536743164,
        "mean_terse_rank": 1.0,
        "n": 5,
        "patched_best_other_route": {
          "prose": 5
        },
        "patched_top1_rate": 1.0,
        "success_change_rate": 0.0
      },
      "degradation|L29_random4": {
        "mean_patched_rank": 1.0,
        "mean_pmv_effect": 0.0,
        "mean_rank_effect": 0.0,
        "mean_short_rank": 2.0,
        "mean_target_delta": 1.5801040172576903,
        "mean_target_delta_fraction": -0.026904981498752034,
        "mean_target_effect": -0.031130170822143553,
        "mean_terse_rank": 1.0,
        "n": 5,
        "patched_best_other_route": {
          "prose": 5
        },
        "patched_top1_rate": 1.0,
        "success_change_rate": 0.0
      },
      "degradation|L29_top1": {
        "mean_patched_rank": 1.0,
        "mean_pmv_effect": -0.0125,
        "mean_rank_effect": 0.0,
        "mean_short_rank": 2.0,
        "mean_target_delta": 1.5801040172576903,
        "mean_target_delta_fraction": 0.034953230337953584,
        "mean_target_effect": 0.04103701114654541,
        "mean_terse_rank": 1.0,
        "n": 5,
        "patched_best_other_route": {
          "prose": 5
        },
        "patched_top1_rate": 1.0,
        "success_change_rate": 0.0
      },
      "degradation|L29_top2": {
        "mean_patched_rank": 1.0,
        "mean_pmv_effect": 0.0,
        "mean_rank_effect": 0.0,
        "mean_short_rank": 2.0,
        "mean_target_delta": 1.5801040172576903,
        "mean_target_delta_fraction": 0.08176230493428743,
        "mean_target_effect": 0.12226414680480957,
        "mean_terse_rank": 1.0,
        "n": 5,
        "patched_best_other_route": {
          "prose": 5
        },
        "patched_top1_rate": 1.0,
        "success_change_rate": 0.0
      },
      "degradation|L29_top4": {
        "mean_patched_rank": 1.0,
        "mean_pmv_effect": 0.05,
        "mean_rank_effect": 0.0,
        "mean_short_rank": 2.0,
        "mean_target_delta": 1.5801040172576903,
        "mean_target_delta_fraction": 0.11146670849722388,
        "mean_target_effect": 0.16056313514709472,
        "mean_terse_rank": 1.0,
        "n": 5,
        "patched_best_other_route": {
          "prose": 5
        },
        "patched_top1_rate": 1.0,
        "success_change_rate": 0.0
      },
      "degradation|L30_all_heads": {
        "mean_patched_rank": 1.0,
        "mean_pmv_effect": 0.0125,
        "mean_rank_effect": 0.0,
        "mean_short_rank": 2.0,
        "mean_target_delta": 1.5801040172576903,
        "mean_target_delta_fraction": -0.0019740604664072628,
        "mean_target_effect": -0.01486053466796875,
        "mean_terse_rank": 1.0,
        "n": 5,
        "patched_best_other_route": {
          "prose": 5
        },
        "patched_top1_rate": 1.0,
        "success_change_rate": 0.0
      },
      "degradation|L30_random4": {
        "mean_patched_rank": 1.0,
        "mean_pmv_effect": -0.05,
        "mean_rank_effect": 0.0,
        "mean_short_rank": 2.0,
        "mean_target_delta": 1.5801040172576903,
        "mean_target_delta_fraction": -0.02151558883620858,
        "mean_target_effect": -0.037198567390441896,
        "mean_terse_rank": 1.0,
        "n": 5,
        "patched_best_other_route": {
          "prose": 5
        },
        "patched_top1_rate": 1.0,
        "success_change_rate": 0.0
      },
      "degradation|L30_top1": {
        "mean_patched_rank": 1.0,
        "mean_pmv_effect": -0.0375,
        "mean_rank_effect": 0.0,
        "mean_short_rank": 2.0,
        "mean_target_delta": 1.5801040172576903,
        "mean_target_delta_fraction": 0.02142497324202489,
        "mean_target_effect": 0.016547250747680663,
        "mean_terse_rank": 1.0,
        "n": 5,
        "patched_best_other_route": {
          "prose": 5
        },
        "patched_top1_rate": 1.0,
        "success_change_rate": 0.0
      },
      "degradation|L30_top2": {
        "mean_patched_rank": 1.0,
        "mean_pmv_effect": -0.0125,
        "mean_rank_effect": 0.0,
        "mean_short_rank": 2.0,
        "mean_target_delta": 1.5801040172576903,
        "mean_target_delta_fraction": 0.008437914365506836,
        "mean_target_effect": 0.010278153419494628,
        "mean_terse_rank": 1.0,
        "n": 5,
        "patched_best_other_route": {
          "prose": 5
        },
        "patched_top1_rate": 1.0,
        "success_change_rate": 0.0
      },
      "degradation|L30_top4": {
        "mean_patched_rank": 1.0,
        "mean_pmv_effect": -0.025,
        "mean_rank_effect": 0.0,
        "mean_short_rank": 2.0,
        "mean_target_delta": 1.5801040172576903,
        "mean_target_delta_fraction": -0.00408420561370334,
        "mean_target_effect": -0.01605217456817627,
        "mean_terse_rank": 1.0,
        "n": 5,
        "patched_best_other_route": {
          "prose": 5
        },
        "patched_top1_rate": 1.0,
        "success_change_rate": 0.0
      },
      "degradation|all_random": {
        "mean_patched_rank": 1.0,
        "mean_pmv_effect": 0.025,
        "mean_rank_effect": 0.0,
        "mean_short_rank": 2.0,
        "mean_target_delta": 1.5801040172576903,
        "mean_target_delta_fraction": 0.032111206529619976,
        "mean_target_effect": -0.056349682807922366,
        "mean_terse_rank": 1.0,
        "n": 5,
        "patched_best_other_route": {
          "prose": 5
        },
        "patched_top1_rate": 1.0,
        "success_change_rate": 0.0
      },
      "degradation|all_top16": {
        "mean_patched_rank": 1.0,
        "mean_pmv_effect": 0.125,
        "mean_rank_effect": 0.0,
        "mean_short_rank": 2.0,
        "mean_target_delta": 1.5801040172576903,
        "mean_target_delta_fraction": 0.3186151203786225,
        "mean_target_effect": 0.5077818870544434,
        "mean_terse_rank": 1.0,
        "n": 5,
        "patched_best_other_route": {
          "prose": 5
        },
        "patched_top1_rate": 1.0,
        "success_change_rate": 0.0
      },
      "degradation|all_top8": {
        "mean_patched_rank": 1.0,
        "mean_pmv_effect": 0.0875,
        "mean_rank_effect": 0.0,
        "mean_short_rank": 2.0,
        "mean_target_delta": 1.5801040172576903,
        "mean_target_delta_fraction": 0.19725617244377072,
        "mean_target_effect": 0.3257836580276489,
        "mean_terse_rank": 1.0,
        "n": 5,
        "patched_best_other_route": {
          "prose": 5
        },
        "patched_top1_rate": 1.0,
        "success_change_rate": 0.0
      },
      "degradation|early_random": {
        "mean_patched_rank": 1.0,
        "mean_pmv_effect": -0.1125,
        "mean_rank_effect": 0.0,
        "mean_short_rank": 2.0,
        "mean_target_delta": 1.5801040172576903,
        "mean_target_delta_fraction": -0.032510490713953955,
        "mean_target_effect": -0.07421057224273682,
        "mean_terse_rank": 1.0,
        "n": 5,
        "patched_best_other_route": {
          "prose": 5
        },
        "patched_top1_rate": 1.0,
        "success_change_rate": 0.0
      },
      "degradation|early_top16": {
        "mean_patched_rank": 1.0,
        "mean_pmv_effect": 0.225,
        "mean_rank_effect": 0.0,
        "mean_short_rank": 2.0,
        "mean_target_delta": 1.5801040172576903,
        "mean_target_delta_fraction": 0.2640258006771237,
        "mean_target_effect": 0.3944124460220337,
        "mean_terse_rank": 1.0,
        "n": 5,
        "patched_best_other_route": {
          "prose": 5
        },
        "patched_top1_rate": 1.0,
        "success_change_rate": 0.0
      },
      "degradation|early_top8": {
        "mean_patched_rank": 1.0,
        "mean_pmv_effect": 0.05,
        "mean_rank_effect": 0.0,
        "mean_short_rank": 2.0,
        "mean_target_delta": 1.5801040172576903,
        "mean_target_delta_fraction": 0.14344146421958223,
        "mean_target_effect": 0.24737894535064697,
        "mean_terse_rank": 1.0,
        "n": 5,
        "patched_best_other_route": {
          "prose": 5
        },
        "patched_top1_rate": 1.0,
        "success_change_rate": 0.0
      },
      "degradation|late_random": {
        "mean_patched_rank": 1.0,
        "mean_pmv_effect": -0.1125,
        "mean_rank_effect": 0.0,
        "mean_short_rank": 2.0,
        "mean_target_delta": 1.5801040172576903,
        "mean_target_delta_fraction": -0.07632165575175742,
        "mean_target_effect": -0.13478465080261232,
        "mean_terse_rank": 1.0,
        "n": 5,
        "patched_best_other_route": {
          "prose": 5
        },
        "patched_top1_rate": 1.0,
        "success_change_rate": 0.0
      },
      "degradation|late_top16": {
        "mean_patched_rank": 1.0,
        "mean_pmv_effect": 0.1,
        "mean_rank_effect": 0.0,
        "mean_short_rank": 2.0,
        "mean_target_delta": 1.5801040172576903,
        "mean_target_delta_fraction": 0.2820375547734774,
        "mean_target_effect": 0.44272141456604003,
        "mean_terse_rank": 1.0,
        "n": 5,
        "patched_best_other_route": {
          "prose": 5
        },
        "patched_top1_rate": 1.0,
        "success_change_rate": 0.0
      },
      "degradation|late_top8": {
        "mean_patched_rank": 1.0,
        "mean_pmv_effect": 0.025,
        "mean_rank_effect": 0.0,
        "mean_short_rank": 2.0,
        "mean_target_delta": 1.5801040172576903,
        "mean_target_delta_fraction": 0.17050706717822375,
        "mean_target_effect": 0.2588137865066528,
        "mean_terse_rank": 1.0,
        "n": 5,
        "patched_best_other_route": {
          "prose": 5
        },
        "patched_top1_rate": 1.0,
        "success_change_rate": 0.0
      },
      "restore|L23_all_heads": {
        "mean_patched_rank": 1.2,
        "mean_pmv_effect": 0.2,
        "mean_rank_effect": 0.8,
        "mean_short_rank": 2.0,
        "mean_target_delta": 1.5801040172576903,
        "mean_target_delta_fraction": 0.04481787828648187,
        "mean_target_effect": 0.03828873634338379,
        "mean_terse_rank": 1.0,
        "n": 5,
        "patched_best_other_route": {
          "continuation": 5
        },
        "patched_top1_rate": 0.8,
        "success_change_rate": 0.8
      },
      "restore|L23_random4": {
        "mean_patched_rank": 2.0,
        "mean_pmv_effect": -0.0625,
        "mean_rank_effect": 0.0,
        "mean_short_rank": 2.0,
        "mean_target_delta": 1.5801040172576903,
        "mean_target_delta_fraction": 0.01360761493554683,
        "mean_target_effect": 0.021808338165283204,
        "mean_terse_rank": 1.0,
        "n": 5,
        "patched_best_other_route": {
          "continuation": 5
        },
        "patched_top1_rate": 0.0,
        "success_change_rate": 0.0
      },
      "restore|L23_top1": {
        "mean_patched_rank": 1.8,
        "mean_pmv_effect": 0.0375,
        "mean_rank_effect": 0.2,
        "mean_short_rank": 2.0,
        "mean_target_delta": 1.5801040172576903,
        "mean_target_delta_fraction": 0.031250089120361146,
        "mean_target_effect": 0.06153750419616699,
        "mean_terse_rank": 1.0,
        "n": 5,
        "patched_best_other_route": {
          "continuation": 5
        },
        "patched_top1_rate": 0.2,
        "success_change_rate": 0.2
      },
      "restore|L23_top2": {
        "mean_patched_rank": 1.6,
        "mean_pmv_effect": 0.175,
        "mean_rank_effect": 0.4,
        "mean_short_rank": 2.0,
        "mean_target_delta": 1.5801040172576903,
        "mean_target_delta_fraction": -0.003041368299107939,
        "mean_target_effect": 0.00208282470703125,
        "mean_terse_rank": 1.0,
        "n": 5,
        "patched_best_other_route": {
          "continuation": 5
        },
        "patched_top1_rate": 0.4,
        "success_change_rate": 0.4
      },
      "restore|L23_top4": {
        "mean_patched_rank": 1.6,
        "mean_pmv_effect": 0.2,
        "mean_rank_effect": 0.4,
        "mean_short_rank": 2.0,
        "mean_target_delta": 1.5801040172576903,
        "mean_target_delta_fraction": 0.006769380668360153,
        "mean_target_effect": 0.02432093620300293,
        "mean_terse_rank": 1.0,
        "n": 5,
        "patched_best_other_route": {
          "continuation": 5
        },
        "patched_top1_rate": 0.4,
        "success_change_rate": 0.4
      },
      "restore|L24_all_heads": {
        "mean_patched_rank": 1.2,
        "mean_pmv_effect": 0.2375,
        "mean_rank_effect": 0.8,
        "mean_short_rank": 2.0,
        "mean_target_delta": 1.5801040172576903,
        "mean_target_delta_fraction": 0.02759652042353119,
        "mean_target_effect": 0.07310147285461426,
        "mean_terse_rank": 1.0,
        "n": 5,
        "patched_best_other_route": {
          "continuation": 5
        },
        "patched_top1_rate": 0.8,
        "success_change_rate": 0.8
      },
      "restore|L24_random4": {
        "mean_patched_rank": 2.0,
        "mean_pmv_effect": 0.025,
        "mean_rank_effect": 0.0,
        "mean_short_rank": 2.0,
        "mean_target_delta": 1.5801040172576903,
        "mean_target_delta_fraction": -0.11045989783494428,
        "mean_target_effect": -0.1426414966583252,
        "mean_terse_rank": 1.0,
        "n": 5,
        "patched_best_other_route": {
          "continuation": 5
        },
        "patched_top1_rate": 0.0,
        "success_change_rate": 0.0
      },
      "restore|L24_top1": {
        "mean_patched_rank": 2.0,
        "mean_pmv_effect": 0.0,
        "mean_rank_effect": 0.0,
        "mean_short_rank": 2.0,
        "mean_target_delta": 1.5801040172576903,
        "mean_target_delta_fraction": 0.013891925855869089,
        "mean_target_effect": 0.02215890884399414,
        "mean_terse_rank": 1.0,
        "n": 5,
        "patched_best_other_route": {
          "continuation": 5
        },
        "patched_top1_rate": 0.0,
        "success_change_rate": 0.0
      },
      "restore|L24_top2": {
        "mean_patched_rank": 2.0,
        "mean_pmv_effect": 0.0125,
        "mean_rank_effect": 0.0,
        "mean_short_rank": 2.0,
        "mean_target_delta": 1.5801040172576903,
        "mean_target_delta_fraction": 0.04247814423891414,
        "mean_target_effect": 0.06693735122680664,
        "mean_terse_rank": 1.0,
        "n": 5,
        "patched_best_other_route": {
          "continuation": 5
        },
        "patched_top1_rate": 0.0,
        "success_change_rate": 0.0
      },
      "restore|L24_top4": {
        "mean_patched_rank": 1.8,
        "mean_pmv_effect": 0.0875,
        "mean_rank_effect": 0.2,
        "mean_short_rank": 2.0,
        "mean_target_delta": 1.5801040172576903,
        "mean_target_delta_fraction": 0.08951381663298583,
        "mean_target_effect": 0.12923116683959962,
        "mean_terse_rank": 1.0,
        "n": 5,
        "patched_best_other_route": {
          "continuation": 5
        },
        "patched_top1_rate": 0.2,
        "success_change_rate": 0.2
      },
      "restore|L25_all_heads": {
        "mean_patched_rank": 1.8,
        "mean_pmv_effect": 0.15,
        "mean_rank_effect": 0.2,
        "mean_short_rank": 2.0,
        "mean_target_delta": 1.5801040172576903,
        "mean_target_delta_fraction": 0.1206630671890804,
        "mean_target_effect": 0.13370075225830078,
        "mean_terse_rank": 1.0,
        "n": 5,
        "patched_best_other_route": {
          "continuation": 5
        },
        "patched_top1_rate": 0.2,
        "success_change_rate": 0.2
      },
      "restore|L25_random4": {
        "mean_patched_rank": 2.0,
        "mean_pmv_effect": 0.0125,
        "mean_rank_effect": 0.0,
        "mean_short_rank": 2.0,
        "mean_target_delta": 1.5801040172576903,
        "mean_target_delta_fraction": 0.006387227802392476,
        "mean_target_effect": 0.010900211334228516,
        "mean_terse_rank": 1.0,
        "n": 5,
        "patched_best_other_route": {
          "continuation": 5
        },
        "patched_top1_rate": 0.0,
        "success_change_rate": 0.0
      },
      "restore|L25_top1": {
        "mean_patched_rank": 2.0,
        "mean_pmv_effect": -0.0125,
        "mean_rank_effect": 0.0,
        "mean_short_rank": 2.0,
        "mean_target_delta": 1.5801040172576903,
        "mean_target_delta_fraction": -0.008300922835148068,
        "mean_target_effect": -0.008949947357177735,
        "mean_terse_rank": 1.0,
        "n": 5,
        "patched_best_other_route": {
          "continuation": 5
        },
        "patched_top1_rate": 0.0,
        "success_change_rate": 0.0
      },
      "restore|L25_top2": {
        "mean_patched_rank": 2.0,
        "mean_pmv_effect": -0.0375,
        "mean_rank_effect": 0.0,
        "mean_short_rank": 2.0,
        "mean_target_delta": 1.5801040172576903,
        "mean_target_delta_fraction": 0.003965442232684871,
        "mean_target_effect": 0.007372045516967773,
        "mean_terse_rank": 1.0,
        "n": 5,
        "patched_best_other_route": {
          "continuation": 5
        },
        "patched_top1_rate": 0.0,
        "success_change_rate": 0.0
      },
      "restore|L25_top4": {
        "mean_patched_rank": 2.0,
        "mean_pmv_effect": -0.025,
        "mean_rank_effect": 0.0,
        "mean_short_rank": 2.0,
        "mean_target_delta": 1.5801040172576903,
        "mean_target_delta_fraction": 0.024441600304081858,
        "mean_target_effect": 0.0416865348815918,
        "mean_terse_rank": 1.0,
        "n": 5,
        "patched_best_other_route": {
          "continuation": 5
        },
        "patched_top1_rate": 0.0,
        "success_change_rate": 0.0
      },
      "restore|L26_all_heads": {
        "mean_patched_rank": 1.8,
        "mean_pmv_effect": -0.35,
        "mean_rank_effect": 0.2,
        "mean_short_rank": 2.0,
        "mean_target_delta": 1.5801040172576903,
        "mean_target_delta_fraction": -0.25877035699624384,
        "mean_target_effect": -0.43242974281311036,
        "mean_terse_rank": 1.0,
        "n": 5,
        "patched_best_other_route": {
          "continuation": 5
        },
        "patched_top1_rate": 0.2,
        "success_change_rate": 0.2
      },
      "restore|L26_random4": {
        "mean_patched_rank": 2.0,
        "mean_pmv_effect": 0.0,
        "mean_rank_effect": 0.0,
        "mean_short_rank": 2.0,
        "mean_target_delta": 1.5801040172576903,
        "mean_target_delta_fraction": 0.015471594165168034,
        "mean_target_effect": 0.021095705032348634,
        "mean_terse_rank": 1.0,
        "n": 5,
        "patched_best_other_route": {
          "continuation": 5
        },
        "patched_top1_rate": 0.0,
        "success_change_rate": 0.0
      },
      "restore|L26_top1": {
        "mean_patched_rank": 2.0,
        "mean_pmv_effect": 0.0,
        "mean_rank_effect": 0.0,
        "mean_short_rank": 2.0,
        "mean_target_delta": 1.5801040172576903,
        "mean_target_delta_fraction": 0.011560117111958899,
        "mean_target_effect": 0.03117971420288086,
        "mean_terse_rank": 1.0,
        "n": 5,
        "patched_best_other_route": {
          "continuation": 5
        },
        "patched_top1_rate": 0.0,
        "success_change_rate": 0.0
      },
      "restore|L26_top2": {
        "mean_patched_rank": 2.0,
        "mean_pmv_effect": 0.0,
        "mean_rank_effect": 0.0,
        "mean_short_rank": 2.0,
        "mean_target_delta": 1.5801040172576903,
        "mean_target_delta_fraction": 0.047252080797830824,
        "mean_target_effect": 0.08759713172912598,
        "mean_terse_rank": 1.0,
        "n": 5,
        "patched_best_other_route": {
          "continuation": 5
        },
        "patched_top1_rate": 0.0,
        "success_change_rate": 0.0
      },
      "restore|L26_top4": {
        "mean_patched_rank": 1.8,
        "mean_pmv_effect": 0.0,
        "mean_rank_effect": 0.2,
        "mean_short_rank": 2.0,
        "mean_target_delta": 1.5801040172576903,
        "mean_target_delta_fraction": 0.0042501480869684,
        "mean_target_effect": 0.025226306915283204,
        "mean_terse_rank": 1.0,
        "n": 5,
        "patched_best_other_route": {
          "continuation": 5
        },
        "patched_top1_rate": 0.2,
        "success_change_rate": 0.2
      },
      "restore|L27_all_heads": {
        "mean_patched_rank": 1.2,
        "mean_pmv_effect": 0.2375,
        "mean_rank_effect": 0.8,
        "mean_short_rank": 2.0,
        "mean_target_delta": 1.5801040172576903,
        "mean_target_delta_fraction": 0.22354797580598715,
        "mean_target_effect": 0.34292101860046387,
        "mean_terse_rank": 1.0,
        "n": 5,
        "patched_best_other_route": {
          "continuation": 5
        },
        "patched_top1_rate": 0.8,
        "success_change_rate": 0.8
      },
      "restore|L27_random4": {
        "mean_patched_rank": 2.0,
        "mean_pmv_effect": -0.1625,
        "mean_rank_effect": 0.0,
        "mean_short_rank": 2.0,
        "mean_target_delta": 1.5801040172576903,
        "mean_target_delta_fraction": -0.14207972192962257,
        "mean_target_effect": -0.19000558853149413,
        "mean_terse_rank": 1.0,
        "n": 5,
        "patched_best_other_route": {
          "continuation": 5
        },
        "patched_top1_rate": 0.0,
        "success_change_rate": 0.0
      },
      "restore|L27_top1": {
        "mean_patched_rank": 1.6,
        "mean_pmv_effect": 0.1125,
        "mean_rank_effect": 0.4,
        "mean_short_rank": 2.0,
        "mean_target_delta": 1.5801040172576903,
        "mean_target_delta_fraction": 0.046068790938053016,
        "mean_target_effect": 0.07887015342712403,
        "mean_terse_rank": 1.0,
        "n": 5,
        "patched_best_other_route": {
          "continuation": 5
        },
        "patched_top1_rate": 0.4,
        "success_change_rate": 0.4
      },
      "restore|L27_top2": {
        "mean_patched_rank": 1.4,
        "mean_pmv_effect": 0.125,
        "mean_rank_effect": 0.6,
        "mean_short_rank": 2.0,
        "mean_target_delta": 1.5801040172576903,
        "mean_target_delta_fraction": 0.04918087024405073,
        "mean_target_effect": 0.09172229766845703,
        "mean_terse_rank": 1.0,
        "n": 5,
        "patched_best_other_route": {
          "continuation": 5
        },
        "patched_top1_rate": 0.6,
        "success_change_rate": 0.6
      },
      "restore|L27_top4": {
        "mean_patched_rank": 1.2,
        "mean_pmv_effect": 0.2125,
        "mean_rank_effect": 0.8,
        "mean_short_rank": 2.0,
        "mean_target_delta": 1.5801040172576903,
        "mean_target_delta_fraction": 0.12046074953532966,
        "mean_target_effect": 0.20036349296569825,
        "mean_terse_rank": 1.0,
        "n": 5,
        "patched_best_other_route": {
          "continuation": 5
        },
        "patched_top1_rate": 0.8,
        "success_change_rate": 0.8
      },
      "restore|L28_all_heads": {
        "mean_patched_rank": 2.0,
        "mean_pmv_effect": 0.025,
        "mean_rank_effect": 0.0,
        "mean_short_rank": 2.0,
        "mean_target_delta": 1.5801040172576903,
        "mean_target_delta_fraction": 0.021045923643802263,
        "mean_target_effect": 0.05836162567138672,
        "mean_terse_rank": 1.0,
        "n": 5,
        "patched_best_other_route": {
          "continuation": 5
        },
        "patched_top1_rate": 0.0,
        "success_change_rate": 0.0
      },
      "restore|L28_random4": {
        "mean_patched_rank": 1.8,
        "mean_pmv_effect": 0.0375,
        "mean_rank_effect": 0.2,
        "mean_short_rank": 2.0,
        "mean_target_delta": 1.5801040172576903,
        "mean_target_delta_fraction": -0.02611174316928727,
        "mean_target_effect": -0.02167487144470215,
        "mean_terse_rank": 1.0,
        "n": 5,
        "patched_best_other_route": {
          "continuation": 5
        },
        "patched_top1_rate": 0.2,
        "success_change_rate": 0.2
      },
      "restore|L28_top1": {
        "mean_patched_rank": 2.0,
        "mean_pmv_effect": -0.0125,
        "mean_rank_effect": 0.0,
        "mean_short_rank": 2.0,
        "mean_target_delta": 1.5801040172576903,
        "mean_target_delta_fraction": -0.013599058302969782,
        "mean_target_effect": -0.006910896301269532,
        "mean_terse_rank": 1.0,
        "n": 5,
        "patched_best_other_route": {
          "continuation": 5
        },
        "patched_top1_rate": 0.0,
        "success_change_rate": 0.0
      },
      "restore|L28_top2": {
        "mean_patched_rank": 2.0,
        "mean_pmv_effect": -0.0125,
        "mean_rank_effect": 0.0,
        "mean_short_rank": 2.0,
        "mean_target_delta": 1.5801040172576903,
        "mean_target_delta_fraction": -0.0019119275421511516,
        "mean_target_effect": 0.007776021957397461,
        "mean_terse_rank": 1.0,
        "n": 5,
        "patched_best_other_route": {
          "continuation": 5
        },
        "patched_top1_rate": 0.0,
        "success_change_rate": 0.0
      },
      "restore|L28_top4": {
        "mean_patched_rank": 2.0,
        "mean_pmv_effect": 0.025,
        "mean_rank_effect": 0.0,
        "mean_short_rank": 2.0,
        "mean_target_delta": 1.5801040172576903,
        "mean_target_delta_fraction": 0.011264764794886627,
        "mean_target_effect": 0.02443246841430664,
        "mean_terse_rank": 1.0,
        "n": 5,
        "patched_best_other_route": {
          "continuation": 5
        },
        "patched_top1_rate": 0.0,
        "success_change_rate": 0.0
      },
      "restore|L29_all_heads": {
        "mean_patched_rank": 1.6,
        "mean_pmv_effect": 0.1375,
        "mean_rank_effect": 0.4,
        "mean_short_rank": 2.0,
        "mean_target_delta": 1.5801040172576903,
        "mean_target_delta_fraction": 0.168122065109754,
        "mean_target_effect": 0.25429906845092776,
        "mean_terse_rank": 1.0,
        "n": 5,
        "patched_best_other_route": {
          "continuation": 5
        },
        "patched_top1_rate": 0.4,
        "success_change_rate": 0.4
      },
      "restore|L29_random4": {
        "mean_patched_rank": 2.0,
        "mean_pmv_effect": -0.025,
        "mean_rank_effect": 0.0,
        "mean_short_rank": 2.0,
        "mean_target_delta": 1.5801040172576903,
        "mean_target_delta_fraction": -0.07260141358934243,
        "mean_target_effect": -0.1256953239440918,
        "mean_terse_rank": 1.0,
        "n": 5,
        "patched_best_other_route": {
          "continuation": 5
        },
        "patched_top1_rate": 0.0,
        "success_change_rate": 0.0
      },
      "restore|L29_top1": {
        "mean_patched_rank": 2.0,
        "mean_pmv_effect": 0.0375,
        "mean_rank_effect": 0.0,
        "mean_short_rank": 2.0,
        "mean_target_delta": 1.5801040172576903,
        "mean_target_delta_fraction": 0.07363047827214979,
        "mean_target_effect": 0.125473690032959,
        "mean_terse_rank": 1.0,
        "n": 5,
        "patched_best_other_route": {
          "continuation": 5
        },
        "patched_top1_rate": 0.0,
        "success_change_rate": 0.0
      },
      "restore|L29_top2": {
        "mean_patched_rank": 1.8,
        "mean_pmv_effect": 0.1875,
        "mean_rank_effect": 0.2,
        "mean_short_rank": 2.0,
        "mean_target_delta": 1.5801040172576903,
        "mean_target_delta_fraction": 0.175268059526283,
        "mean_target_effect": 0.29674243927001953,
        "mean_terse_rank": 1.0,
        "n": 5,
        "patched_best_other_route": {
          "continuation": 5
        },
        "patched_top1_rate": 0.2,
        "success_change_rate": 0.2
      },
      "restore|L29_top4": {
        "mean_patched_rank": 1.6,
        "mean_pmv_effect": 0.2375,
        "mean_rank_effect": 0.4,
        "mean_short_rank": 2.0,
        "mean_target_delta": 1.5801040172576903,
        "mean_target_delta_fraction": 0.19249250528405928,
        "mean_target_effect": 0.30696444511413573,
        "mean_terse_rank": 1.0,
        "n": 5,
        "patched_best_other_route": {
          "continuation": 5
        },
        "patched_top1_rate": 0.4,
        "success_change_rate": 0.4
      },
      "restore|L30_all_heads": {
        "mean_patched_rank": 1.8,
        "mean_pmv_effect": 0.0375,
        "mean_rank_effect": 0.2,
        "mean_short_rank": 2.0,
        "mean_target_delta": 1.5801040172576903,
        "mean_target_delta_fraction": 0.02181690710657511,
        "mean_target_effect": 0.03920183181762695,
        "mean_terse_rank": 1.0,
        "n": 5,
        "patched_best_other_route": {
          "continuation": 5
        },
        "patched_top1_rate": 0.2,
        "success_change_rate": 0.2
      },
      "restore|L30_random4": {
        "mean_patched_rank": 1.8,
        "mean_pmv_effect": -0.0125,
        "mean_rank_effect": 0.2,
        "mean_short_rank": 2.0,
        "mean_target_delta": 1.5801040172576903,
        "mean_target_delta_fraction": -0.017290019898868504,
        "mean_target_effect": -0.015816354751586915,
        "mean_terse_rank": 1.0,
        "n": 5,
        "patched_best_other_route": {
          "continuation": 5
        },
        "patched_top1_rate": 0.2,
        "success_change_rate": 0.2
      },
      "restore|L30_top1": {
        "mean_patched_rank": 2.0,
        "mean_pmv_effect": 0.025,
        "mean_rank_effect": 0.0,
        "mean_short_rank": 2.0,
        "mean_target_delta": 1.5801040172576903,
        "mean_target_delta_fraction": 0.01624402055898911,
        "mean_target_effect": 0.03174772262573242,
        "mean_terse_rank": 1.0,
        "n": 5,
        "patched_best_other_route": {
          "continuation": 5
        },
        "patched_top1_rate": 0.0,
        "success_change_rate": 0.0
      },
      "restore|L30_top2": {
        "mean_patched_rank": 2.0,
        "mean_pmv_effect": 0.0,
        "mean_rank_effect": 0.0,
        "mean_short_rank": 2.0,
        "mean_target_delta": 1.5801040172576903,
        "mean_target_delta_fraction": 0.009722212369163263,
        "mean_target_effect": 0.020440101623535156,
        "mean_terse_rank": 1.0,
        "n": 5,
        "patched_best_other_route": {
          "continuation": 5
        },
        "patched_top1_rate": 0.0,
        "success_change_rate": 0.0
      },
      "restore|L30_top4": {
        "mean_patched_rank": 2.0,
        "mean_pmv_effect": 0.0,
        "mean_rank_effect": 0.0,
        "mean_short_rank": 2.0,
        "mean_target_delta": 1.5801040172576903,
        "mean_target_delta_fraction": -0.010184506376541775,
        "mean_target_effect": -0.006421899795532227,
        "mean_terse_rank": 1.0,
        "n": 5,
        "patched_best_other_route": {
          "continuation": 5
        },
        "patched_top1_rate": 0.0,
        "success_change_rate": 0.0
      },
      "restore|all_random": {
        "mean_patched_rank": 1.4,
        "mean_pmv_effect": 0.1875,
        "mean_rank_effect": 0.6,
        "mean_short_rank": 2.0,
        "mean_target_delta": 1.5801040172576903,
        "mean_target_delta_fraction": 0.11971586706874074,
        "mean_target_effect": 0.09760136604309082,
        "mean_terse_rank": 1.0,
        "n": 5,
        "patched_best_other_route": {
          "continuation": 5
        },
        "patched_top1_rate": 0.6,
        "success_change_rate": 0.6
      },
      "restore|all_top16": {
        "mean_patched_rank": 1.2,
        "mean_pmv_effect": 0.3875,
        "mean_rank_effect": 0.8,
        "mean_short_rank": 2.0,
        "mean_target_delta": 1.5801040172576903,
        "mean_target_delta_fraction": 0.39530254272579335,
        "mean_target_effect": 0.6176984786987305,
        "mean_terse_rank": 1.0,
        "n": 5,
        "patched_best_other_route": {
          "continuation": 5
        },
        "patched_top1_rate": 0.8,
        "success_change_rate": 0.8
      },
      "restore|all_top8": {
        "mean_patched_rank": 1.2,
        "mean_pmv_effect": 0.325,
        "mean_rank_effect": 0.8,
        "mean_short_rank": 2.0,
        "mean_target_delta": 1.5801040172576903,
        "mean_target_delta_fraction": 0.27576338055458305,
        "mean_target_effect": 0.44333763122558595,
        "mean_terse_rank": 1.0,
        "n": 5,
        "patched_best_other_route": {
          "continuation": 5
        },
        "patched_top1_rate": 0.8,
        "success_change_rate": 0.8
      },
      "restore|early_random": {
        "mean_patched_rank": 2.0,
        "mean_pmv_effect": -0.1,
        "mean_rank_effect": 0.0,
        "mean_short_rank": 2.0,
        "mean_target_delta": 1.5801040172576903,
        "mean_target_delta_fraction": -0.06021763908701834,
        "mean_target_effect": -0.08186984062194824,
        "mean_terse_rank": 1.0,
        "n": 5,
        "patched_best_other_route": {
          "continuation": 5
        },
        "patched_top1_rate": 0.0,
        "success_change_rate": 0.0
      },
      "restore|early_top16": {
        "mean_patched_rank": 1.2,
        "mean_pmv_effect": 0.3625,
        "mean_rank_effect": 0.8,
        "mean_short_rank": 2.0,
        "mean_target_delta": 1.5801040172576903,
        "mean_target_delta_fraction": 0.19192240472969835,
        "mean_target_effect": 0.3032491207122803,
        "mean_terse_rank": 1.0,
        "n": 5,
        "patched_best_other_route": {
          "continuation": 5
        },
        "patched_top1_rate": 0.8,
        "success_change_rate": 0.8
      },
      "restore|early_top8": {
        "mean_patched_rank": 1.8,
        "mean_pmv_effect": 0.125,
        "mean_rank_effect": 0.2,
        "mean_short_rank": 2.0,
        "mean_target_delta": 1.5801040172576903,
        "mean_target_delta_fraction": 0.1144253177841454,
        "mean_target_effect": 0.2136258602142334,
        "mean_terse_rank": 1.0,
        "n": 5,
        "patched_best_other_route": {
          "continuation": 5
        },
        "patched_top1_rate": 0.2,
        "success_change_rate": 0.2
      },
      "restore|late_random": {
        "mean_patched_rank": 2.0,
        "mean_pmv_effect": -0.25,
        "mean_rank_effect": 0.0,
        "mean_short_rank": 2.0,
        "mean_target_delta": 1.5801040172576903,
        "mean_target_delta_fraction": -0.14392011147090983,
        "mean_target_effect": -0.19273824691772462,
        "mean_terse_rank": 1.0,
        "n": 5,
        "patched_best_other_route": {
          "continuation": 5
        },
        "patched_top1_rate": 0.0,
        "success_change_rate": 0.0
      },
      "restore|late_top16": {
        "mean_patched_rank": 1.2,
        "mean_pmv_effect": 0.4375,
        "mean_rank_effect": 0.8,
        "mean_short_rank": 2.0,
        "mean_target_delta": 1.5801040172576903,
        "mean_target_delta_fraction": 0.358627838444552,
        "mean_target_effect": 0.5530450820922852,
        "mean_terse_rank": 1.0,
        "n": 5,
        "patched_best_other_route": {
          "continuation": 5
        },
        "patched_top1_rate": 0.8,
        "success_change_rate": 0.8
      },
      "restore|late_top8": {
        "mean_patched_rank": 1.2,
        "mean_pmv_effect": 0.325,
        "mean_rank_effect": 0.8,
        "mean_short_rank": 2.0,
        "mean_target_delta": 1.5801040172576903,
        "mean_target_delta_fraction": 0.2585809280429985,
        "mean_target_effect": 0.41614952087402346,
        "mean_terse_rank": 1.0,
        "n": 5,
        "patched_best_other_route": {
          "continuation": 5
        },
        "patched_top1_rate": 0.8,
        "success_change_rate": 0.8
      }
    },
    "model": "glm4",
    "n_paired_cases": 5,
    "top_candidate_heads": [
      {
        "head": 28,
        "head_key": "L29H28",
        "layer": 29,
        "mean_delta_norm": 18.339069747924803,
        "mean_direct_effect": 0.11064031049609184
      },
      {
        "head": 18,
        "head_key": "L29H18",
        "layer": 29,
        "mean_delta_norm": 22.15734920501709,
        "mean_direct_effect": 0.08262127116322518
      },
      {
        "head": 15,
        "head_key": "L26H15",
        "layer": 26,
        "mean_delta_norm": 8.487716722488404,
        "mean_direct_effect": 0.07456139009445906
      },
      {
        "head": 9,
        "head_key": "L26H9",
        "layer": 26,
        "mean_delta_norm": 6.258140754699707,
        "mean_direct_effect": 0.061767400987446305
      },
      {
        "head": 20,
        "head_key": "L30H20",
        "layer": 30,
        "mean_delta_norm": 6.492753028869629,
        "mean_direct_effect": 0.03061787225306034
      },
      {
        "head": 24,
        "head_key": "L27H24",
        "layer": 27,
        "mean_delta_norm": 11.170039939880372,
        "mean_direct_effect": 0.0284217968583107
      },
      {
        "head": 17,
        "head_key": "L26H17",
        "layer": 26,
        "mean_delta_norm": 9.125492286682128,
        "mean_direct_effect": 0.027157887071371078
      },
      {
        "head": 21,
        "head_key": "L29H21",
        "layer": 29,
        "mean_delta_norm": 7.841281509399414,
        "mean_direct_effect": 0.022527922689914704
      },
      {
        "head": 2,
        "head_key": "L28H2",
        "layer": 28,
        "mean_delta_norm": 5.3921212434768675,
        "mean_direct_effect": 0.022048347815871238
      },
      {
        "head": 6,
        "head_key": "L28H6",
        "layer": 28,
        "mean_delta_norm": 4.26112470626831,
        "mean_direct_effect": 0.02166711613535881
      },
      {
        "head": 29,
        "head_key": "L29H29",
        "layer": 29,
        "mean_delta_norm": 4.545223188400269,
        "mean_direct_effect": 0.021305512730032207
      },
      {
        "head": 9,
        "head_key": "L24H9",
        "layer": 24,
        "mean_delta_norm": 3.2716798543930055,
        "mean_direct_effect": 0.018606674019247295
      },
      {
        "head": 7,
        "head_key": "L27H7",
        "layer": 27,
        "mean_delta_norm": 4.194474792480468,
        "mean_direct_effect": 0.01828601388260722
      },
      {
        "head": 12,
        "head_key": "L24H12",
        "layer": 24,
        "mean_delta_norm": 4.348096179962158,
        "mean_direct_effect": 0.013983962312340736
      },
      {
        "head": 26,
        "head_key": "L29H26",
        "layer": 29,
        "mean_delta_norm": 19.743421363830567,
        "mean_direct_effect": 0.013415559474378825
      },
      {
        "head": 14,
        "head_key": "L29H14",
        "layer": 29,
        "mean_delta_norm": 6.758461284637451,
        "mean_direct_effect": 0.013073595054447652
      },
      {
        "head": 12,
        "head_key": "L26H12",
        "layer": 26,
        "mean_delta_norm": 3.332659459114075,
        "mean_direct_effect": 0.010898195952177048
      },
      {
        "head": 31,
        "head_key": "L26H31",
        "layer": 26,
        "mean_delta_norm": 5.149613642692566,
        "mean_direct_effect": 0.010508605418726802
      },
      {
        "head": 12,
        "head_key": "L28H12",
        "layer": 28,
        "mean_delta_norm": 3.292085385322571,
        "mean_direct_effect": 0.010445684287697076
      },
      {
        "head": 26,
        "head_key": "L28H26",
        "layer": 28,
        "mean_delta_norm": 6.437203693389892,
        "mean_direct_effect": 0.010260724322870373
      },
      {
        "head": 15,
        "head_key": "L29H15",
        "layer": 29,
        "mean_delta_norm": 6.895615530014038,
        "mean_direct_effect": 0.010128692071884871
      },
      {
        "head": 8,
        "head_key": "L27H8",
        "layer": 27,
        "mean_delta_norm": 1.19389009475708,
        "mean_direct_effect": 0.010059165116399527
      },
      {
        "head": 25,
        "head_key": "L27H25",
        "layer": 27,
        "mean_delta_norm": 8.977189445495606,
        "mean_direct_effect": 0.010023035109043121
      },
      {
        "head": 13,
        "head_key": "L30H13",
        "layer": 30,
        "mean_delta_norm": 3.7905241012573243,
        "mean_direct_effect": 0.009888148866593838
      },
      {
        "head": 1,
        "head_key": "L29H1",
        "layer": 29,
        "mean_delta_norm": 5.638667738437652,
        "mean_direct_effect": 0.009639196185162291
      },
      {
        "head": 29,
        "head_key": "L28H29",
        "layer": 28,
        "mean_delta_norm": 5.826195430755615,
        "mean_direct_effect": 0.00927051082253456
      },
      {
        "head": 23,
        "head_key": "L29H23",
        "layer": 29,
        "mean_delta_norm": 3.7264337658882143,
        "mean_direct_effect": 0.008342499355785548
      },
      {
        "head": 24,
        "head_key": "L23H24",
        "layer": 23,
        "mean_delta_norm": 3.94100341796875,
        "mean_direct_effect": 0.008120144600979984
      },
      {
        "head": 20,
        "head_key": "L28H20",
        "layer": 28,
        "mean_delta_norm": 2.777983570098877,
        "mean_direct_effect": 0.007955912407487631
      },
      {
        "head": 25,
        "head_key": "L26H25",
        "layer": 26,
        "mean_delta_norm": 3.636270546913147,
        "mean_direct_effect": 0.007851325836963952
      },
      {
        "head": 13,
        "head_key": "L29H13",
        "layer": 29,
        "mean_delta_norm": 2.6545586347579957,
        "mean_direct_effect": 0.0078030691482126715
      },
      {
        "head": 6,
        "head_key": "L26H6",
        "layer": 26,
        "mean_delta_norm": 2.3022518336772917,
        "mean_direct_effect": 0.007515224069356919
      }
    ]
  },
  "target_layer": 38,
  "timestamp": "2026-06-26 15:11:34",
  "title": "Boundary Attention Head Candidate Audit"
}
