model,source,scope,category,subtype,pair,patch_type,alpha,progress,both_progress,progress_drop,kl_ratio,both_kl_ratio,kl_ratio_vs_both,max_abs_norm_z,max_norm_z,max_z_metric,norm_ratio_flag,numeric_illegal,off_manifold,functional_failure,labels
qwen3,phase290,L0,logical,and_or,logic_and_or_catdog,cross_battn_amlp,1.000000,0.037204,0.984416,0.947212,0.905378,0.003201,282.803794,1.029363,-1.029363,L0.mlp,0.000000,0.000000,0.000000,1.000000,norm_normal_functional_failure
qwen3,phase290,L0,logical,and_or,logic_and_or_tea,cross_battn_amlp,1.000000,0.122667,1.001116,0.878449,0.940080,0.014612,64.335452,1.911404,-1.911404,L0.next_layer_out,0.000000,0.000000,0.000000,1.000000,norm_normal_functional_failure
qwen3,phase290,L0,logical,and_or,logic_and_or_keys,cross_battn_amlp,1.000000,0.069977,0.954628,0.884652,1.035660,0.011155,92.845742,0.690161,0.690161,L0.attn,0.000000,0.000000,0.000000,1.000000,norm_normal_functional_failure
qwen3,phase290,L0,logical,and_or,logic_and_or_phone,cross_battn_amlp,1.000000,0.053485,0.906876,0.853390,0.949283,0.027562,34.441198,1.758509,1.758509,L0.attn,0.000000,0.000000,0.000000,1.000000,norm_normal_functional_failure
qwen3,phase290,L0,logical,and_or,logic_and_or_milk,cross_battn_amlp,1.000000,0.084039,1.033927,0.949888,0.979281,0.003811,256.961403,1.418171,1.418171,L0.next_layer_out,0.000000,0.000000,0.000000,1.000000,norm_normal_functional_failure
qwen3,phase290,L0,logical,and_or,logic_and_or_judge,cross_battn_amlp,1.000000,-0.009701,0.996916,1.006617,1.067541,0.007085,150.679211,0.563017,-0.563017,L0.next_layer_out,0.000000,0.000000,0.000000,1.000000,norm_normal_functional_failure
qwen3,phase290,L0,logical,and_or,logic_and_or_train,cross_battn_amlp,1.000000,0.002019,0.985826,0.983808,0.934562,0.001464,638.209331,0.698987,-0.698987,L0.next_layer_out,0.000000,0.000000,0.000000,1.000000,norm_normal_functional_failure
qwen3,phase290,L0,logical,and_or,logic_and_or_report,cross_battn_amlp,1.000000,0.051015,1.032262,0.981247,1.063417,0.016556,64.229889,1.031456,1.031456,L0.attn,0.000000,0.000000,0.000000,1.000000,norm_normal_functional_failure
qwen3,phase290,L0,logical,causal,logic_because_rain,cross_battn_amlp,1.000000,-0.038618,1.053017,1.091634,1.022548,0.002013,507.856907,1.406288,-1.406288,L0.next_layer_out,0.000000,0.000000,0.000000,1.000000,norm_normal_functional_failure
qwen3,phase290,L6,logical,causal,logic_because_rain,attn,1.000000,0.031534,0.079549,0.048015,0.941071,0.891082,1.056100,3.007562,-3.007562,L6.next_resid_in,1.000000,0.000000,1.000000,0.000000,off_manifold_no_drop
qwen3,phase290,L0,logical,causal,logic_because_tired,cross_battn_amlp,1.000000,-0.121982,1.008781,1.130763,1.189414,0.002448,485.882452,1.285779,1.285779,L0.mlp,0.000000,0.000000,0.000000,1.000000,norm_normal_functional_failure
qwen3,phase290,L0,logical,causal,logic_because_noise,attn,0.500000,-0.008747,0.993682,1.002429,0.896091,0.001955,458.428525,1.755212,-1.755212,L0.next_layer_out,1.000000,0.000000,1.000000,0.000000,off_manifold_no_drop
qwen3,phase290,L0,logical,causal,logic_because_noise,cross_battn_amlp,1.000000,-0.043122,0.993682,1.036804,0.663173,0.001955,339.270885,1.381585,-1.381585,L0.next_layer_out,0.000000,0.000000,0.000000,1.000000,norm_normal_functional_failure
qwen3,phase290,L0,logical,causal,logic_because_dark,cross_battn_amlp,1.000000,0.010913,0.996031,0.985117,1.027761,0.000365,2816.777301,1.756692,1.756692,L0.mlp,0.000000,0.000000,0.000000,1.000000,norm_normal_functional_failure
qwen3,phase290,L0,logical,causal,logic_because_sale,cross_battn_amlp,1.000000,0.147603,1.006871,0.859267,1.032300,0.011541,89.445618,1.548535,-1.548535,L0.attn,0.000000,0.000000,0.000000,1.000000,norm_normal_functional_failure
qwen3,phase290,L0,logical,causal,logic_because_error,attn,0.500000,0.157711,0.992384,0.834673,1.142814,0.000863,1324.804680,1.649223,-1.649223,L0.next_layer_out,1.000000,0.000000,1.000000,0.000000,off_manifold_no_drop
qwen3,phase290,L0,logical,causal,logic_because_error,cross_battn_amlp,1.000000,0.155217,0.992384,0.837168,1.049400,0.000863,1216.514980,1.145540,-1.145540,L0.next_layer_out,0.000000,0.000000,0.000000,1.000000,norm_normal_functional_failure
qwen3,phase290,L1,logical,causal,logic_because_error,attn,0.750000,0.050843,0.087288,0.036445,0.926711,0.669287,1.384624,1.608940,-1.608940,L1.next_resid_in,1.000000,0.000000,1.000000,0.000000,off_manifold_no_drop
qwen3,phase290,L1,logical,causal,logic_because_error,attn,1.000000,0.103195,0.087288,-0.015907,0.848067,0.669287,1.267121,1.702659,-1.702659,L1.next_resid_in,1.000000,0.000000,1.000000,0.000000,off_manifold_no_drop
qwen3,phase290,L6,logical,causal,logic_because_error,attn,0.750000,-0.019249,0.012768,0.032017,1.427476,1.099571,1.298211,2.743435,-2.743435,L6.next_resid_in,1.000000,0.000000,1.000000,0.000000,off_manifold_no_drop
qwen3,phase290,L6,logical,causal,logic_because_error,attn,1.000000,-0.066604,0.012768,0.079371,1.530675,1.099571,1.392065,3.773560,-3.773560,L6.next_layer_out,1.000000,0.000000,1.000000,0.000000,off_manifold_no_drop
qwen3,phase290,L0,logical,causal,logic_because_wind,attn,0.250000,0.001801,1.013846,1.012045,0.945798,0.002940,321.698031,1.380177,-1.380177,L0.next_layer_out,1.000000,0.000000,1.000000,0.000000,off_manifold_no_drop
qwen3,phase290,L0,logical,causal,logic_because_wind,cross_battn_amlp,1.000000,0.007172,1.013846,1.006674,0.887086,0.002940,301.727835,1.290336,1.290336,L0.attn,0.000000,0.000000,0.000000,1.000000,norm_normal_functional_failure
qwen3,phase290,L6,logical,causal,logic_because_wind,attn,0.750000,0.228318,0.246321,0.018003,1.061222,1.228605,0.863762,2.743313,-2.743313,L6.next_resid_in,1.000000,0.000000,1.000000,0.000000,off_manifold_no_drop
qwen3,phase290,L6,logical,causal,logic_because_wind,attn,1.000000,0.252554,0.246321,-0.006233,1.099085,1.228605,0.894580,3.773309,-3.773309,L6.next_layer_out,1.000000,0.000000,1.000000,0.000000,off_manifold_no_drop
qwen3,phase290,L0,logical,causal,logic_because_busy,cross_battn_amlp,1.000000,0.022824,0.989060,0.966236,1.161467,0.001390,835.326047,1.095473,1.095473,L0.attn,0.000000,0.000000,0.000000,1.000000,norm_normal_functional_failure
qwen3,phase290,L6,logical,causal,logic_because_busy,attn,0.750000,0.171243,0.215730,0.044486,3.365000,2.696200,1.248053,2.743450,-2.743450,L6.next_resid_in,1.000000,0.000000,1.000000,0.000000,off_manifold_no_drop
qwen3,phase290,L6,logical,causal,logic_because_busy,attn,1.000000,0.201110,0.215730,0.014620,2.997381,2.696200,1.111706,3.773591,-3.773591,L6.next_layer_out,1.000000,0.000000,1.000000,0.000000,off_manifold_no_drop
qwen3,phase290,L0,logical,conditional,logic_if_rain,cross_battn_amlp,1.000000,0.332438,0.991521,0.659083,1.070513,0.000506,2116.926170,0.937572,-0.937572,L0.next_layer_out,0.000000,0.000000,0.000000,1.000000,norm_normal_functional_failure
qwen3,phase290,L3,logical,conditional,logic_if_rain,cross_battn_amlp,1.000000,-0.138543,0.610278,0.748821,0.961794,1.523028,0.631501,0.898031,0.898031,L3.mlp,0.000000,0.000000,0.000000,1.000000,norm_normal_functional_failure
qwen3,phase290,L0,logical,conditional,logic_if_hungry,cross_battn_amlp,1.000000,0.022526,0.990295,0.967769,1.812725,0.002191,827.525790,1.070730,-1.070730,L0.attn,0.000000,0.000000,0.000000,1.000000,norm_normal_functional_failure
qwen3,phase290,L5,logical,conditional,logic_if_hungry,both,1.000000,-0.294631,-0.294631,0.000000,1.577678,1.577678,1.000000,2.663500,-2.663500,L5.next_layer_out,1.000000,0.000000,1.000000,0.000000,off_manifold_no_drop
qwen3,phase290,L6,logical,conditional,logic_if_hungry,attn,1.000000,-0.059283,-0.168597,-0.109314,1.512269,1.346956,1.122731,2.505243,-2.505243,L6.next_resid_in,1.000000,0.000000,1.000000,0.000000,off_manifold_no_drop
qwen3,phase290,L0,logical,conditional,logic_if_alarm,cross_battn_amlp,1.000000,0.252865,0.991191,0.738325,1.366057,0.005592,244.280907,0.855427,-0.855427,L0.next_layer_out,0.000000,0.000000,0.000000,1.000000,norm_normal_functional_failure
qwen3,phase290,L6,logical,conditional,logic_if_alarm,attn,1.000000,0.156698,-0.082332,-0.239030,0.740083,0.516840,1.431939,2.108372,-2.108372,L6.next_resid_in,1.000000,0.000000,1.000000,0.000000,off_manifold_no_drop
qwen3,phase290,L0,logical,conditional,logic_if_late,cross_battn_amlp,1.000000,-0.005285,0.987894,0.993179,0.796958,0.004221,188.800361,0.951316,0.951316,L0.attn,0.000000,0.000000,0.000000,1.000000,norm_normal_functional_failure
qwen3,phase290,L6,logical,conditional,logic_if_late,attn,1.000000,0.189434,-0.293375,-0.482808,0.439590,0.970956,0.452739,2.160849,-2.160849,L6.next_resid_in,1.000000,0.000000,1.000000,0.000000,off_manifold_no_drop
qwen3,phase290,L0,logical,conditional,logic_if_ready,cross_battn_amlp,1.000000,0.039793,0.995728,0.955935,0.967883,0.010375,93.287641,1.234937,1.234937,L0.attn,0.000000,0.000000,0.000000,1.000000,norm_normal_functional_failure
qwen3,phase290,L0,logical,conditional,logic_if_sick,cross_battn_amlp,1.000000,0.033086,0.996846,0.963760,0.785971,0.001542,509.675502,0.993662,-0.993662,L0.next_layer_out,0.000000,0.000000,0.000000,1.000000,norm_normal_functional_failure
qwen3,phase290,L0,logical,conditional,logic_if_safe,attn,0.500000,0.079635,0.977519,0.897884,0.787510,0.001336,589.484173,2.138787,-2.138787,L0.next_resid_in,1.000000,0.000000,1.000000,0.000000,off_manifold_no_drop
qwen3,phase290,L0,logical,conditional,logic_if_safe,cross_battn_amlp,1.000000,-0.054886,0.977519,1.032405,1.049108,0.001336,785.301017,0.898959,-0.898959,L0.next_layer_out,0.000000,0.000000,0.000000,1.000000,norm_normal_functional_failure
qwen3,phase290,L0,logical,conditional,logic_if_needed,cross_battn_amlp,1.000000,0.131042,0.985200,0.854157,0.900330,0.000668,1346.837942,0.929667,-0.929667,L0.next_layer_out,0.000000,0.000000,0.000000,1.000000,norm_normal_functional_failure
qwen3,phase290,L0,logical,contrast,logic_although_rain,cross_battn_amlp,1.000000,0.082126,1.026586,0.944460,1.044851,0.001348,775.279706,1.451565,-1.451565,L0.next_layer_out,0.000000,0.000000,0.000000,1.000000,norm_normal_functional_failure
qwen3,phase290,L3,logical,contrast,logic_although_rain,cross_battn_amlp,1.000000,0.001171,0.522402,0.521231,0.983684,1.421895,0.691812,1.443264,1.443264,L3.attn,0.000000,0.000000,0.000000,1.000000,norm_normal_functional_failure
qwen3,phase290,L0,logical,contrast,logic_although_tired,attn,0.500000,0.032077,1.001972,0.969895,1.274350,0.000685,1859.488483,1.830711,-1.830711,L0.next_layer_out,1.000000,0.000000,1.000000,0.000000,off_manifold_no_drop
qwen3,phase290,L0,logical,contrast,logic_although_tired,cross_battn_amlp,1.000000,0.039665,1.001972,0.962307,0.763343,0.000685,1113.844731,1.820942,1.820942,L0.mlp,0.000000,0.000000,0.000000,1.000000,norm_normal_functional_failure
qwen3,phase290,L0,logical,contrast,logic_although_expensive,attn,0.500000,0.261542,1.011287,0.749744,0.718178,0.002663,269.718330,2.065912,-2.065912,L0.next_resid_in,1.000000,0.000000,1.000000,0.000000,off_manifold_no_drop
qwen3,phase290,L0,logical,contrast,logic_although_expensive,attn,0.750000,0.862518,1.011287,0.148769,0.520469,0.002663,195.466841,2.233219,-2.233219,L0.next_resid_in,1.000000,0.000000,1.000000,0.000000,off_manifold_no_drop
qwen3,phase290,L0,logical,contrast,logic_although_expensive,cross_battn_amlp,1.000000,0.281408,1.011287,0.729879,0.640665,0.002663,240.607844,1.274585,-1.274585,L0.next_layer_out,0.000000,0.000000,0.000000,1.000000,norm_normal_functional_failure
qwen3,phase290,L6,logical,contrast,logic_although_expensive,attn,1.000000,-0.470449,-0.582173,-0.111724,2.228325,2.003203,1.112381,1.948168,-1.948168,L6.next_layer_out,1.000000,0.000000,1.000000,0.000000,off_manifold_no_drop
qwen3,phase290,L0,logical,contrast,logic_although_small,cross_battn_amlp,1.000000,-0.021446,0.992226,1.013671,1.152348,0.001835,628.126793,1.523822,1.523822,L0.mlp,0.000000,0.000000,0.000000,1.000000,norm_normal_functional_failure
qwen3,phase290,L6,logical,contrast,logic_although_small,attn,0.750000,-0.004419,0.104447,0.108866,1.536672,1.310704,1.172401,2.582487,-2.582487,L6.next_resid_in,1.000000,0.000000,1.000000,0.000000,off_manifold_no_drop
qwen3,phase290,L6,logical,contrast,logic_although_small,attn,1.000000,0.057569,0.104447,0.046878,1.055863,1.310704,0.805569,3.680891,-3.680891,L6.next_resid_in,1.000000,0.000000,1.000000,0.000000,off_manifold_no_drop
qwen3,phase290,L0,logical,contrast,logic_although_late,cross_battn_amlp,1.000000,-0.027520,1.026658,1.054178,0.662508,0.003818,173.521322,1.302104,1.302104,L0.mlp,0.000000,0.000000,0.000000,1.000000,norm_normal_functional_failure
qwen3,phase290,L6,logical,contrast,logic_although_late,attn,0.750000,0.085727,-0.053998,-0.139725,2.351901,1.327076,1.772242,2.582473,-2.582473,L6.next_resid_in,1.000000,0.000000,1.000000,0.000000,off_manifold_no_drop
qwen3,phase290,L6,logical,contrast,logic_although_late,attn,1.000000,0.132712,-0.053998,-0.186710,2.892222,1.327076,2.179394,3.680841,-3.680841,L6.next_resid_in,1.000000,0.000000,1.000000,0.000000,off_manifold_no_drop
qwen3,phase290,L0,logical,contrast,logic_although_new,cross_battn_amlp,1.000000,0.036914,1.049234,1.012320,0.916658,0.001503,609.836973,1.174107,-1.174107,L0.next_layer_out,0.000000,0.000000,0.000000,1.000000,norm_normal_functional_failure
qwen3,phase290,L6,logical,contrast,logic_although_new,attn,0.750000,0.093072,0.061433,-0.031639,0.883406,0.904606,0.976564,2.582491,-2.582491,L6.next_resid_in,1.000000,0.000000,1.000000,0.000000,off_manifold_no_drop
qwen3,phase290,L6,logical,contrast,logic_although_new,attn,1.000000,0.087983,0.061433,-0.026550,0.805755,0.904606,0.890725,3.680898,-3.680898,L6.next_layer_out,1.000000,0.000000,1.000000,0.000000,off_manifold_no_drop
qwen3,phase290,L0,logical,contrast,logic_although_cold,attn,0.500000,0.197116,1.003430,0.806314,0.938909,0.000458,2048.638667,1.857992,-1.857992,L0.next_layer_out,1.000000,0.000000,1.000000,0.000000,off_manifold_no_drop
qwen3,phase290,L0,logical,contrast,logic_although_cold,mlp,0.500000,0.334673,1.003430,0.668757,0.552483,0.000458,1205.483186,1.403141,-1.403141,L0.next_layer_out,1.000000,0.000000,1.000000,0.000000,off_manifold_no_drop
qwen3,phase290,L0,logical,contrast,logic_although_cold,both,0.500000,1.008295,1.003430,-0.004865,0.130651,0.000458,285.071452,1.422279,-1.422279,L0.next_layer_out,1.000000,0.000000,1.000000,0.000000,off_manifold_no_drop
qwen3,phase290,L0,logical,contrast,logic_although_cold,resid,0.500000,1.001220,1.003430,0.002210,0.163244,0.000458,356.188631,1.402166,-1.402166,L0.next_layer_out,1.000000,0.000000,1.000000,0.000000,off_manifold_no_drop
qwen3,phase290,L0,logical,contrast,logic_although_cold,mlp,0.750000,0.919354,1.003430,0.084077,0.159550,0.000458,348.128761,1.375823,-1.375823,L0.next_layer_out,1.000000,0.000000,1.000000,0.000000,off_manifold_no_drop
qwen3,phase290,L0,logical,contrast,logic_although_cold,cross_battn_amlp,1.000000,-0.008069,1.003430,1.011499,0.984563,0.000458,2148.253588,1.391091,-1.391091,L0.next_layer_out,1.000000,0.000000,1.000000,1.000000,off_manifold_functional_failure
qwen3,phase290,L1,logical,contrast,logic_although_cold,attn,0.750000,0.208810,0.276482,0.067672,0.801418,0.612403,1.308646,1.487282,-1.487282,L1.next_resid_in,1.000000,0.000000,1.000000,0.000000,off_manifold_no_drop
qwen3,phase290,L1,logical,contrast,logic_although_cold,attn,1.000000,0.106604,0.276482,0.169878,0.989809,0.612403,1.616272,1.527000,-1.527000,L1.next_resid_in,1.000000,0.000000,1.000000,0.000000,off_manifold_no_drop
qwen3,phase290,L6,logical,contrast,logic_although_cold,cross_aattn_bmlp,1.000000,-0.095827,0.443548,0.539375,0.613889,0.303049,2.025709,0.855803,0.855803,L6.next_resid_in,0.000000,0.000000,0.000000,1.000000,norm_normal_functional_failure
qwen3,phase290,L0,logical,contrast,logic_although_busy,cross_battn_amlp,1.000000,0.050704,1.030037,0.979332,0.986318,0.000562,1755.763085,1.242088,-1.242088,L0.next_layer_out,0.000000,0.000000,0.000000,1.000000,norm_normal_functional_failure
qwen3,phase290,L6,logical,contrast,logic_although_busy,attn,1.000000,-0.041202,-0.001853,0.039348,0.897790,0.737568,1.217231,1.948607,-1.948607,L6.next_layer_out,1.000000,0.000000,1.000000,0.000000,off_manifold_no_drop
qwen3,phase290,L0,logical,inference,logic_therefore_rain,cross_battn_amlp,1.000000,0.077962,1.022593,0.944631,1.106566,0.004804,230.349786,1.308684,1.308684,L0.attn,0.000000,0.000000,0.000000,1.000000,norm_normal_functional_failure
qwen3,phase290,L0,logical,inference,logic_therefore_study,cross_battn_amlp,1.000000,-0.041390,0.992661,1.034051,1.157614,0.006784,170.634993,1.985895,1.985895,L0.mlp,0.000000,0.000000,0.000000,1.000000,norm_normal_functional_failure
qwen3,phase290,L0,logical,inference,logic_therefore_heat,cross_battn_amlp,1.000000,0.043053,0.996906,0.953853,0.859634,0.012314,69.810709,0.758341,-0.758341,L0.next_layer_out,0.000000,0.000000,0.000000,1.000000,norm_normal_functional_failure
qwen3,phase290,L0,logical,inference,logic_therefore_save,cross_battn_amlp,1.000000,0.039311,0.972801,0.933489,0.969594,0.034769,27.886355,1.222032,-1.222032,L0.next_layer_out,0.000000,0.000000,0.000000,1.000000,norm_normal_functional_failure
qwen3,phase290,L0,logical,inference,logic_therefore_alarm,cross_battn_amlp,1.000000,-0.011705,0.995633,1.007339,0.956359,0.000438,2182.344865,1.207578,-1.207578,L0.next_layer_out,0.000000,0.000000,0.000000,1.000000,norm_normal_functional_failure
qwen3,phase290,L5,logical,inference,logic_therefore_alarm,both,1.000000,0.017370,0.017370,0.000000,1.124643,1.124643,1.000000,2.770427,-2.770427,L5.next_layer_out,1.000000,0.000000,1.000000,0.000000,off_manifold_no_drop
qwen3,phase290,L6,logical,inference,logic_therefore_alarm,attn,0.500000,0.005371,-0.064942,-0.070313,0.921476,0.878921,1.048417,2.903778,-2.903778,L6.next_resid_in,1.000000,0.000000,1.000000,0.000000,off_manifold_no_drop
qwen3,phase290,L6,logical,inference,logic_therefore_alarm,attn,0.750000,0.001155,-0.064942,-0.066098,0.909811,0.878921,1.035145,3.868134,-3.868134,L6.next_resid_in,1.000000,0.000000,1.000000,0.000000,off_manifold_no_drop
qwen3,phase290,L6,logical,inference,logic_therefore_alarm,attn,1.000000,0.027010,-0.064942,-0.091952,0.969653,0.878921,1.103231,4.482701,-4.482701,L6.next_resid_in,1.000000,0.000000,1.000000,0.000000,off_manifold_no_drop
qwen3,phase290,L0,logical,inference,logic_therefore_traffic,cross_battn_amlp,1.000000,-0.115576,1.006305,1.121880,0.997519,0.003661,272.465168,1.558477,-1.558477,L0.next_layer_out,0.000000,0.000000,0.000000,1.000000,norm_normal_functional_failure
qwen3,phase290,L6,logical,inference,logic_therefore_traffic,attn,0.750000,-0.027061,0.338408,0.365469,0.736790,0.444791,1.656486,2.503878,-2.503878,L6.next_resid_in,1.000000,0.000000,1.000000,0.000000,off_manifold_no_drop
qwen3,phase290,L6,logical,inference,logic_therefore_traffic,attn,1.000000,0.140184,0.338408,0.198224,0.680551,0.444791,1.530048,3.708013,-3.708013,L6.next_resid_in,1.000000,0.000000,1.000000,0.000000,off_manifold_no_drop
qwen3,phase290,L0,logical,inference,logic_therefore_battery,cross_battn_amlp,1.000000,0.192832,0.987771,0.794939,1.418774,0.019580,72.460194,0.806088,0.806088,L0.attn,0.000000,0.000000,0.000000,1.000000,norm_normal_functional_failure
qwen3,phase290,L0,logical,inference,logic_therefore_training,cross_battn_amlp,1.000000,0.007829,0.989998,0.982169,1.131424,0.002743,412.527907,1.211402,1.211402,L0.mlp,0.000000,0.000000,0.000000,1.000000,norm_normal_functional_failure
qwen3,phase290,L5,logical,inference,logic_therefore_training,both,0.750000,0.089808,0.138577,0.048769,0.826098,0.809440,1.020581,2.901259,-2.901259,L5.next_layer_out,1.000000,0.000000,1.000000,0.000000,off_manifold_no_drop
qwen3,phase290,L5,logical,inference,logic_therefore_training,mlp,1.000000,0.135460,0.138577,0.003117,0.746689,0.809440,0.922477,2.452261,-2.452261,L5.next_layer_out,1.000000,0.000000,1.000000,0.000000,off_manifold_no_drop
qwen3,phase290,L5,logical,inference,logic_therefore_training,both,1.000000,0.138577,0.138577,0.000000,0.809440,0.809440,1.000000,3.629535,-3.629535,L5.next_layer_out,1.000000,0.000000,1.000000,0.000000,off_manifold_no_drop
qwen3,phase290,L5,logical,inference,logic_therefore_training,cross_aattn_bmlp,1.000000,0.135460,0.138577,0.003117,0.746689,0.809440,0.922477,2.452261,-2.452261,L5.next_layer_out,1.000000,0.000000,1.000000,0.000000,off_manifold_no_drop
qwen3,phase290,L6,logical,inference,logic_therefore_training,attn,0.500000,0.017108,0.251458,0.234350,0.942616,0.991370,0.950821,2.929822,-2.929822,L6.next_resid_in,1.000000,0.000000,1.000000,0.000000,off_manifold_no_drop
qwen3,phase290,L6,logical,inference,logic_therefore_training,attn,0.750000,0.018246,0.251458,0.233212,0.947269,0.991370,0.955515,3.880189,-3.880189,L6.next_resid_in,1.000000,0.000000,1.000000,0.000000,off_manifold_no_drop
qwen3,phase290,L6,logical,inference,logic_therefore_training,attn,1.000000,0.077907,0.251458,0.173551,0.886187,0.991370,0.893901,4.456219,-4.456219,L6.next_resid_in,1.000000,0.000000,1.000000,0.000000,off_manifold_no_drop
qwen3,phase290,L0,negation,existential_no,neg_found_nothing,cross_battn_amlp,1.000000,0.044836,0.983437,0.938600,1.040387,0.005272,197.343449,2.131113,-2.131113,L0.attn,0.000000,0.000000,0.000000,1.000000,norm_normal_functional_failure
qwen3,phase290,L0,negation,existential_no,neg_no_one_came,mlp,1.000000,0.365320,0.543763,0.178442,0.241795,0.175670,1.376418,1.295736,-1.295736,L0.next_layer_out,1.000000,0.000000,1.000000,0.000000,off_manifold_no_drop
qwen3,phase290,L0,negation,existential_no,neg_no_one_came,cross_aattn_bmlp,1.000000,0.365320,0.543763,0.178442,0.241795,0.175670,1.376418,1.295736,-1.295736,L0.next_layer_out,1.000000,0.000000,1.000000,0.000000,off_manifold_no_drop
qwen3,phase290,L7,negation,existential_no,neg_no_one_came,cross_battn_amlp,1.000000,0.010581,0.984042,0.973462,1.125732,0.309866,3.632968,1.544024,1.544024,L7.next_resid_in,0.000000,0.000000,0.000000,1.000000,norm_normal_functional_failure
qwen3,phase290,L8,negation,existential_no,neg_no_one_came,cross_battn_amlp,1.000000,-0.025149,0.621312,0.646461,0.979249,0.358448,2.731917,1.544013,1.544013,L8.next_resid_in,0.000000,0.000000,0.000000,1.000000,norm_normal_functional_failure
qwen3,phase290,L0,negation,existential_no,neg_no_food,cross_battn_amlp,1.000000,0.006076,0.986724,0.980648,1.020994,0.003384,301.756365,1.162503,-1.162503,L0.next_resid_in,0.000000,0.000000,0.000000,1.000000,norm_normal_functional_failure
qwen3,phase290,L0,negation,existential_no,neg_no_idea,cross_battn_amlp,1.000000,0.222453,1.008740,0.786287,0.672814,0.009781,68.787509,1.114043,-1.114043,L0.next_layer_out,0.000000,0.000000,0.000000,1.000000,norm_normal_functional_failure
qwen3,phase290,L6,negation,existential_no,neg_no_idea,cross_battn_amlp,1.000000,0.080931,0.589394,0.508463,0.705541,0.730071,0.966401,1.442466,-1.442466,L6.attn,0.000000,0.000000,0.000000,1.000000,norm_normal_functional_failure
qwen3,phase290,L0,negation,existential_no,neg_no_reason,cross_battn_amlp,1.000000,0.086698,0.998344,0.911646,0.894797,0.007506,119.214542,1.163418,-1.163418,L0.next_resid_in,0.000000,0.000000,0.000000,1.000000,norm_normal_functional_failure
qwen3,phase290,L7,negation,existential_no,neg_no_reason,cross_battn_amlp,1.000000,0.144145,0.694009,0.549865,0.546612,0.295012,1.852849,0.565264,0.565264,L7.next_layer_out,0.000000,0.000000,0.000000,1.000000,norm_normal_functional_failure
qwen3,phase290,L0,negation,existential_no,neg_no_choice,cross_battn_amlp,1.000000,0.053757,1.013960,0.960203,0.888413,0.016525,53.761746,1.214348,1.214348,L0.next_layer_out,0.000000,0.000000,0.000000,1.000000,norm_normal_functional_failure
qwen3,phase290,L4,negation,lexical_not_adj,neg_happy,cross_battn_amlp,1.000000,0.009353,1.487397,1.478044,1.032182,0.634541,1.626657,1.973676,-1.973676,L4.attn,0.000000,0.000000,0.000000,1.000000,norm_normal_functional_failure
qwen3,phase290,L5,negation,lexical_not_adj,neg_happy,cross_battn_amlp,1.000000,-0.224181,0.854993,1.079174,1.037921,0.435887,2.381167,1.813393,-1.813393,L5.next_resid_in,0.000000,0.000000,0.000000,1.000000,norm_normal_functional_failure
qwen3,phase290,L2,negation,lexical_not_adj,neg_open,cross_battn_amlp,1.000000,-0.039615,0.628650,0.668265,0.356944,0.265667,1.343575,1.385561,-1.385561,L2.attn,0.000000,0.000000,0.000000,1.000000,norm_normal_functional_failure
qwen3,phase290,L3,negation,lexical_not_adj,neg_possible,cross_battn_amlp,1.000000,0.242905,1.014363,0.771458,0.896717,0.493200,1.818159,1.607368,1.607368,L3.mlp,0.000000,0.000000,0.000000,1.000000,norm_normal_functional_failure
qwen3,phase290,L4,negation,lexical_not_adj,neg_possible,cross_battn_amlp,1.000000,0.089455,1.019939,0.930484,1.120713,0.507122,2.209949,0.893999,-0.893999,L4.next_layer_out,0.000000,0.000000,0.000000,1.000000,norm_normal_functional_failure
qwen3,phase290,L6,negation,lexical_not_adj,neg_possible,cross_battn_amlp,1.000000,0.091730,0.626858,0.535128,0.748443,0.669076,1.118622,0.839992,-0.839992,L6.next_layer_out,0.000000,0.000000,0.000000,1.000000,norm_normal_functional_failure
qwen3,phase290,L3,negation,lexical_not_adj,neg_ready,cross_battn_amlp,1.000000,-0.029821,0.529168,0.558989,1.358526,0.220479,6.161690,1.630225,-1.630225,L3.next_layer_out,0.000000,0.000000,0.000000,1.000000,norm_normal_functional_failure
qwen3,phase290,L1,negation,lexical_not_adj,neg_important,cross_aattn_bmlp,1.000000,-0.144039,0.622981,0.767020,0.768289,1.017697,0.754930,1.207624,-1.207624,L1.next_layer_out,0.000000,0.000000,0.000000,1.000000,norm_normal_functional_failure
qwen3,phase290,L2,negation,lexical_not_adj,neg_important,cross_battn_amlp,1.000000,-0.088608,0.672086,0.760694,0.636908,0.168640,3.776731,1.551208,-1.551208,L2.mlp,0.000000,0.000000,0.000000,1.000000,norm_normal_functional_failure
qwen3,phase290,L3,negation,lexical_not_adj,neg_important,cross_battn_amlp,1.000000,0.133106,0.804141,0.671035,0.653624,0.333131,1.962065,1.457974,-1.457974,L3.next_layer_out,0.000000,0.000000,0.000000,1.000000,norm_normal_functional_failure
qwen3,phase290,L4,negation,lexical_not_adj,neg_important,cross_battn_amlp,1.000000,-0.146111,0.923863,1.069974,0.679345,0.645362,1.052658,1.855830,-1.855830,L4.attn,0.000000,0.000000,0.000000,1.000000,norm_normal_functional_failure
qwen3,phase290,L4,negation,lexical_not_adj,neg_important,cross_aattn_bmlp,1.000000,0.398972,0.923863,0.524891,0.333804,0.645362,0.517236,1.870005,-1.870005,L4.attn,0.000000,0.000000,0.000000,1.000000,norm_normal_functional_failure
qwen3,phase290,L5,negation,lexical_not_adj,neg_important,cross_battn_amlp,1.000000,-0.020619,1.047479,1.068098,0.351972,0.283486,1.241585,1.519603,-1.519603,L5.next_resid_in,0.000000,0.000000,0.000000,1.000000,norm_normal_functional_failure
qwen3,phase290,L8,negation,lexical_not_adj,neg_important,cross_battn_amlp,1.000000,-0.104614,0.500509,0.605123,0.617524,0.339022,1.821487,2.114398,-2.114398,L8.attn,0.000000,0.000000,0.000000,1.000000,norm_normal_functional_failure
qwen3,phase290,L3,negation,lexical_not_adj,neg_clear,cross_battn_amlp,1.000000,0.220082,0.814074,0.593992,1.161611,0.280280,4.144466,1.479311,-1.479311,L3.mlp,0.000000,0.000000,0.000000,1.000000,norm_normal_functional_failure
qwen3,phase290,L8,negation,lexical_not_adj,neg_clear,cross_battn_amlp,1.000000,-0.749340,0.775955,1.525296,0.765853,0.462297,1.656626,1.202765,-1.202765,L8.attn,0.000000,0.000000,0.000000,1.000000,norm_normal_functional_failure
qwen3,phase290,L5,negation,lexical_not_adj,neg_fair,cross_battn_amlp,1.000000,0.103073,0.747784,0.644711,1.145227,0.155877,7.346978,1.433382,-1.433382,L5.mlp,0.000000,0.000000,0.000000,1.000000,norm_normal_functional_failure
qwen3,phase290,L6,negation,lexical_not_adj,neg_fair,cross_battn_amlp,1.000000,-0.074601,0.645577,0.720179,0.782877,2.956928,0.264760,0.785866,-0.785866,L6.next_layer_out,0.000000,0.000000,0.000000,1.000000,norm_normal_functional_failure
qwen3,phase290,L0,negation,morphological_neg,neg_impossible,cross_battn_amlp,1.000000,0.114995,0.993133,0.878139,0.904951,0.005226,173.161019,1.872695,-1.872695,L0.next_resid_in,0.000000,0.000000,0.000000,1.000000,norm_normal_functional_failure
qwen3,phase290,L0,negation,morphological_neg,neg_unacceptable,cross_battn_amlp,1.000000,0.019882,0.989519,0.969637,0.939141,0.005816,161.485879,1.497556,-1.497556,L0.next_resid_in,0.000000,0.000000,0.000000,1.000000,norm_normal_functional_failure
qwen3,phase290,L0,negation,morphological_neg,neg_incomplete,cross_battn_amlp,1.000000,0.026495,0.991131,0.964637,1.001163,0.001955,512.163784,1.824016,-1.824016,L0.next_resid_in,0.000000,0.000000,0.000000,1.000000,norm_normal_functional_failure
qwen3,phase290,L0,negation,morphological_neg,neg_irrelevant,cross_battn_amlp,1.000000,0.012605,0.994733,0.982127,0.998388,0.008174,122.139163,1.706028,-1.706028,L0.next_resid_in,0.000000,0.000000,0.000000,1.000000,norm_normal_functional_failure
qwen3,phase290,L0,negation,morphological_neg,neg_dishonest,cross_battn_amlp,1.000000,-0.008001,0.972144,0.980145,1.190848,0.008155,146.034559,1.927280,-1.927280,L0.next_resid_in,0.000000,0.000000,0.000000,1.000000,norm_normal_functional_failure
qwen3,phase290,L0,negation,morphological_neg,neg_incorrect,cross_battn_amlp,1.000000,0.052931,0.982817,0.929886,1.200308,0.011028,108.841677,2.336590,-2.336590,L0.mlp,0.000000,0.000000,0.000000,1.000000,norm_normal_functional_failure
qwen3,phase290,L0,negation,never,neg_seen_before,cross_battn_amlp,1.000000,0.193821,0.768163,0.574342,0.739384,0.035974,20.553037,1.415330,-1.415330,L0.next_resid_in,0.000000,0.000000,0.000000,1.000000,norm_normal_functional_failure
qwen3,phase290,L6,negation,never,neg_seen_before,cross_battn_amlp,1.000000,0.106187,0.721139,0.614952,0.946870,0.481179,1.967811,0.468648,-0.468648,L6.attn,0.000000,0.000000,0.000000,1.000000,norm_normal_functional_failure
qwen3,phase290,L0,negation,never,neg_been_paris,cross_battn_amlp,1.000000,0.524356,1.100245,0.575889,1.118810,0.020993,53.294110,1.269057,-1.269057,L0.next_resid_in,0.000000,0.000000,0.000000,1.000000,norm_normal_functional_failure
qwen3,phase290,L2,negation,never,neg_been_paris,cross_battn_amlp,1.000000,0.251914,0.899193,0.647279,0.770728,0.349184,2.207227,1.245708,-1.245708,L2.next_layer_out,0.000000,0.000000,0.000000,1.000000,norm_normal_functional_failure
qwen3,phase290,L5,negation,never,neg_been_paris,cross_battn_amlp,1.000000,-0.126439,0.411252,0.537691,0.928269,0.443003,2.095402,1.242804,-1.242804,L5.next_resid_in,0.000000,0.000000,0.000000,1.000000,norm_normal_functional_failure
qwen3,phase290,L2,negation,never,neg_told_secret,cross_battn_amlp,1.000000,0.053653,0.582125,0.528472,0.717533,0.206270,3.478610,1.025307,-1.025307,L2.next_layer_out,0.000000,0.000000,0.000000,1.000000,norm_normal_functional_failure
qwen3,phase290,L3,negation,never,neg_told_secret,cross_battn_amlp,1.000000,0.228622,1.002426,0.773804,0.817626,0.960400,0.851339,1.065793,-1.065793,L3.next_layer_out,0.000000,0.000000,0.000000,1.000000,norm_normal_functional_failure
qwen3,phase290,L0,negation,never,neg_gives_up,cross_battn_amlp,1.000000,0.107517,1.000734,0.893217,0.919199,0.006959,132.088231,2.040650,-2.040650,L0.attn,0.000000,0.000000,0.000000,1.000000,norm_normal_functional_failure
qwen3,phase290,L7,negation,never,neg_gives_up,cross_battn_amlp,1.000000,-0.035816,0.572876,0.608692,1.434329,0.704334,2.036433,1.061395,-1.061395,L7.mlp,0.000000,0.000000,0.000000,1.000000,norm_normal_functional_failure
qwen3,phase290,L0,negation,never,neg_forgets_face,cross_battn_amlp,1.000000,0.254497,1.001978,0.747482,3.111248,0.279076,11.148401,0.982908,-0.982908,L0.next_layer_out,0.000000,0.000000,0.000000,1.000000,norm_normal_functional_failure
qwen3,phase290,L0,negation,never,neg_late,cross_battn_amlp,1.000000,-0.018766,1.003978,1.022744,0.955624,0.033204,28.780133,1.874258,-1.874258,L0.attn,0.000000,0.000000,0.000000,1.000000,norm_normal_functional_failure
qwen3,phase290,L3,negation,scope_quantifier,neg_not_all,cross_battn_amlp,1.000000,0.118604,0.762018,0.643413,0.926557,0.394394,2.349318,1.511444,-1.511444,L3.next_resid_in,0.000000,0.000000,0.000000,1.000000,norm_normal_functional_failure
qwen3,phase290,L5,negation,scope_quantifier,neg_not_all,cross_battn_amlp,1.000000,0.202641,0.788167,0.585526,0.765527,0.291209,2.628787,1.308789,-1.308789,L5.next_resid_in,0.000000,0.000000,0.000000,1.000000,norm_normal_functional_failure
qwen3,phase290,L0,negation,scope_quantifier,neg_not_everyone,cross_battn_amlp,1.000000,0.315855,1.076675,0.760820,0.785742,0.029773,26.391273,2.602519,-2.602519,L0.attn,0.000000,0.000000,0.000000,1.000000,norm_normal_functional_failure
qwen3,phase290,L2,negation,scope_quantifier,neg_not_everyone,cross_battn_amlp,1.000000,0.058616,0.649137,0.590521,0.976777,0.777796,1.255826,2.556155,-2.556155,L2.mlp,0.000000,0.000000,0.000000,1.000000,norm_normal_functional_failure
qwen3,phase290,L6,negation,scope_quantifier,neg_not_everyone,cross_battn_amlp,1.000000,-0.256168,0.469554,0.725722,1.128571,0.589363,1.914900,1.757448,1.757448,L6.next_resid_in,0.000000,0.000000,0.000000,1.000000,norm_normal_functional_failure
qwen3,phase290,L5,negation,scope_quantifier,neg_not_entirely,cross_battn_amlp,1.000000,0.009692,0.736145,0.726452,0.762007,0.141627,5.380373,0.863794,-0.863794,L5.attn,0.000000,0.000000,0.000000,1.000000,norm_normal_functional_failure
qwen3,phase290,L0,negation,scope_quantifier,neg_not_necessarily,cross_battn_amlp,1.000000,0.212383,0.881147,0.668764,1.178036,0.918721,1.282257,1.764347,1.764347,L0.mlp,0.000000,0.000000,0.000000,1.000000,norm_normal_functional_failure
qwen3,phase290,L5,negation,scope_quantifier,neg_not_completely,cross_battn_amlp,1.000000,0.154878,0.700468,0.545590,0.752100,0.307955,2.442236,0.862077,-0.862077,L5.next_resid_in,0.000000,0.000000,0.000000,1.000000,norm_normal_functional_failure
qwen3,phase290,L1,negation,syntactic_do_not,neg_agree,cross_battn_amlp,1.000000,0.492857,1.188618,0.695761,0.203056,0.179388,1.131935,1.234590,1.234590,L1.mlp,0.000000,0.000000,0.000000,1.000000,norm_normal_functional_failure
qwen3,phase290,L0,negation,syntactic_do_not,neg_understand,cross_battn_amlp,1.000000,-0.085100,0.723864,0.808964,0.937421,0.715409,1.310329,1.295936,-1.295936,L0.next_resid_in,0.000000,0.000000,0.000000,1.000000,norm_normal_functional_failure
qwen3,phase290,L4,negation,syntactic_do_not,neg_know,cross_battn_amlp,1.000000,0.214097,0.841629,0.627532,0.369131,0.270669,1.363772,1.138252,-1.138252,L4.mlp,0.000000,0.000000,0.000000,1.000000,norm_normal_functional_failure
qwen3,phase290,L6,negation,syntactic_do_not,neg_know,cross_battn_amlp,1.000000,0.352146,0.861177,0.509031,0.698421,0.216768,3.221968,0.716184,0.716184,L6.attn,0.000000,0.000000,0.000000,1.000000,norm_normal_functional_failure
qwen3,phase290,L7,negation,syntactic_do_not,neg_know,cross_battn_amlp,1.000000,0.095766,0.685226,0.589460,0.670902,0.225570,2.974252,0.666482,-0.666482,L7.attn,0.000000,0.000000,0.000000,1.000000,norm_normal_functional_failure
qwen3,phase290,L1,negation,syntactic_do_not,neg_believe,cross_battn_amlp,1.000000,0.066139,0.716572,0.650433,1.287204,1.389304,0.926510,0.417078,-0.417078,L1.attn,0.000000,0.000000,0.000000,1.000000,norm_normal_functional_failure
qwen3,phase290,L1,negation,syntactic_do_not,neg_believe,cross_aattn_bmlp,1.000000,-0.011385,0.716572,0.727956,0.599358,1.389304,0.431409,0.950661,-0.950661,L1.attn,0.000000,0.000000,0.000000,1.000000,norm_normal_functional_failure
qwen3,phase290,L0,negation,syntactic_do_not,neg_support,both,0.500000,0.137621,0.295018,0.157397,0.588232,0.869543,0.676484,1.963797,-1.963797,L0.mlp,1.000000,0.000000,1.000000,0.000000,off_manifold_no_drop
qwen3,phase290,L0,negation,syntactic_do_not,neg_support,resid,0.500000,0.055860,0.295018,0.239158,0.600027,0.869543,0.690049,1.711886,-1.711886,L0.resid,1.000000,0.000000,1.000000,0.000000,off_manifold_no_drop
qwen3,phase290,L0,negation,syntactic_do_not,neg_support,attn,0.750000,-0.256486,0.295018,0.551504,0.608556,0.869543,0.699857,2.376488,-2.376488,L0.next_resid_in,1.000000,0.000000,1.000000,0.000000,off_manifold_no_drop
qwen3,phase290,L0,negation,syntactic_do_not,neg_support,mlp,0.750000,-0.031560,0.295018,0.326578,1.012430,0.869543,1.164325,1.518125,-1.518125,L0.mlp,1.000000,0.000000,1.000000,0.000000,off_manifold_no_drop
qwen3,phase290,L1,passive,by_phrase,pass_dog_cat,cross_battn_amlp,1.000000,0.380293,0.974995,0.594702,0.626061,0.044029,14.219205,0.698007,-0.698007,L1.next_resid_in,0.000000,0.000000,0.000000,1.000000,norm_normal_functional_failure
qwen3,phase290,L2,passive,by_phrase,pass_dog_cat,cross_battn_amlp,1.000000,0.469177,0.983266,0.514089,0.433957,0.105598,4.109517,0.694004,-0.694004,L2.next_layer_out,0.000000,0.000000,0.000000,1.000000,norm_normal_functional_failure
qwen3,phase290,L6,passive,by_phrase,pass_dog_cat,cross_battn_amlp,1.000000,0.153673,0.682587,0.528914,0.812814,0.244917,3.318730,1.181393,1.181393,L6.attn,0.000000,0.000000,0.000000,1.000000,norm_normal_functional_failure
qwen3,phase290,L2,passive,by_phrase,pass_teacher_student,cross_battn_amlp,1.000000,-0.101682,0.555619,0.657300,0.808807,0.346584,2.333654,0.746656,0.746656,L2.mlp,0.000000,0.000000,0.000000,1.000000,norm_normal_functional_failure
qwen3,phase290,L3,passive,by_phrase,pass_teacher_student,cross_battn_amlp,1.000000,0.084687,0.626530,0.541843,0.769754,0.118699,6.484942,1.043570,-1.043570,L3.mlp,0.000000,0.000000,0.000000,1.000000,norm_normal_functional_failure
qwen3,phase290,L4,passive,by_phrase,pass_teacher_student,cross_battn_amlp,1.000000,0.072649,0.856919,0.784270,0.754203,0.107785,6.997277,0.691549,0.691549,L4.next_resid_in,0.000000,0.000000,0.000000,1.000000,norm_normal_functional_failure
qwen3,phase290,L0,passive,by_phrase,pass_author_book,cross_battn_amlp,1.000000,0.412958,1.007965,0.595007,0.763133,0.395202,1.930993,0.778176,-0.778176,L0.next_layer_out,0.000000,0.000000,0.000000,1.000000,norm_normal_functional_failure
qwen3,phase290,L8,passive,by_phrase,pass_author_book,cross_battn_amlp,1.000000,0.166729,0.667064,0.500335,1.092370,0.786965,1.388080,0.785744,-0.785744,L8.next_layer_out,0.000000,0.000000,0.000000,1.000000,norm_normal_functional_failure
qwen3,phase290,L1,passive,by_phrase,pass_workers_bridge,cross_battn_amlp,1.000000,0.479385,1.024731,0.545346,1.641909,1.370705,1.197857,0.613556,-0.613556,L1.mlp,0.000000,0.000000,0.000000,1.000000,norm_normal_functional_failure
qwen3,phase290,L1,passive,by_phrase,pass_workers_bridge,cross_aattn_bmlp,1.000000,0.248203,1.024731,0.776528,1.333988,1.370705,0.973213,1.241991,1.241991,L1.mlp,0.000000,0.000000,0.000000,1.000000,norm_normal_functional_failure
qwen3,phase290,L6,passive,by_phrase,pass_workers_bridge,cross_battn_amlp,1.000000,0.129457,1.230020,1.100564,0.617164,1.051367,0.587011,1.162820,1.162820,L6.attn,0.000000,0.000000,0.000000,1.000000,norm_normal_functional_failure
qwen3,phase290,L0,passive,by_phrase,pass_chef_meal,cross_battn_amlp,1.000000,0.306708,0.881233,0.574525,0.277315,0.052257,5.306746,0.800431,-0.800431,L0.next_layer_out,0.000000,0.000000,0.000000,1.000000,norm_normal_functional_failure
qwen3,phase290,L3,passive,by_phrase,pass_chef_meal,cross_battn_amlp,1.000000,-0.006452,0.697785,0.704237,0.924138,0.380269,2.430221,1.685628,1.685628,L3.mlp,0.000000,0.000000,0.000000,1.000000,norm_normal_functional_failure
qwen3,phase290,L3,passive,by_phrase,pass_artist_picture,cross_battn_amlp,1.000000,-0.036491,0.559555,0.596046,2.212647,0.941596,2.349889,1.526689,1.526689,L3.mlp,0.000000,0.000000,0.000000,1.000000,norm_normal_functional_failure
qwen3,phase290,L5,passive,by_phrase,pass_artist_picture,cross_battn_amlp,1.000000,-0.014725,0.619299,0.634024,1.209069,1.099442,1.099712,0.995466,-0.995466,L5.mlp,0.000000,0.000000,0.000000,1.000000,norm_normal_functional_failure
qwen3,phase290,L6,passive,by_phrase,pass_artist_picture,cross_aattn_bmlp,1.000000,-0.153470,0.447432,0.600902,0.710344,2.452900,0.289593,0.785756,-0.785756,L6.next_resid_in,0.000000,0.000000,0.000000,1.000000,norm_normal_functional_failure
qwen3,phase290,L0,passive,by_phrase,pass_storm_roof,cross_battn_amlp,1.000000,0.179976,1.107740,0.927764,0.206263,0.140847,1.464447,0.785627,-0.785627,L0.next_layer_out,0.000000,0.000000,0.000000,1.000000,norm_normal_functional_failure
qwen3,phase290,L2,passive,by_phrase,pass_storm_roof,cross_battn_amlp,1.000000,0.265808,0.790814,0.525006,1.438901,0.251053,5.731458,2.785029,2.785029,L2.mlp,0.000000,0.000000,0.000000,1.000000,norm_normal_functional_failure
qwen3,phase290,L5,passive,by_phrase,pass_storm_roof,cross_battn_amlp,1.000000,0.012495,0.734620,0.722124,1.054209,0.540763,1.949486,0.785729,-0.785729,L5.next_layer_out,0.000000,0.000000,0.000000,1.000000,norm_normal_functional_failure
qwen3,phase290,L6,passive,by_phrase,pass_storm_roof,cross_battn_amlp,1.000000,-0.033164,0.858797,0.891961,0.681380,0.864172,0.788477,1.191130,1.191130,L6.attn,0.000000,0.000000,0.000000,1.000000,norm_normal_functional_failure
qwen3,phase290,L6,passive,by_phrase,pass_storm_roof,cross_aattn_bmlp,1.000000,0.099784,0.858797,0.759013,0.744344,0.864172,0.861338,0.785752,-0.785752,L6.next_layer_out,0.000000,0.000000,0.000000,1.000000,norm_normal_functional_failure
qwen3,phase290,L7,passive,by_phrase,pass_storm_roof,cross_battn_amlp,1.000000,0.058405,0.614567,0.556162,0.945350,0.411854,2.295353,0.785726,-0.785726,L7.next_layer_out,0.000000,0.000000,0.000000,1.000000,norm_normal_functional_failure
qwen3,phase290,L3,passive,by_phrase,pass_police_driver,cross_battn_amlp,1.000000,0.033935,0.897880,0.863945,0.800176,2.141833,0.373594,0.584830,-0.584830,L3.attn,0.000000,0.000000,0.000000,1.000000,norm_normal_functional_failure
qwen3,phase290,L5,passive,by_phrase,pass_police_driver,cross_battn_amlp,1.000000,0.066348,0.587020,0.520673,0.730768,2.576807,0.283594,0.785754,-0.785754,L5.next_layer_out,0.000000,0.000000,0.000000,1.000000,norm_normal_functional_failure
qwen3,phase290,L7,passive,by_phrase,pass_police_driver,cross_battn_amlp,1.000000,-0.021444,0.686592,0.708036,0.794723,2.229299,0.356490,0.785728,-0.785728,L7.next_layer_out,0.000000,0.000000,0.000000,1.000000,norm_normal_functional_failure
qwen3,phase290,L0,passive,dative_passive,pass_gift_given,cross_battn_amlp,1.000000,0.421765,0.955799,0.534034,0.254629,0.034985,7.278184,1.239343,1.239343,L0.attn,0.000000,0.000000,0.000000,1.000000,norm_normal_functional_failure
qwen3,phase290,L4,passive,dative_passive,pass_gift_given,cross_battn_amlp,1.000000,0.019373,0.583342,0.563969,1.467805,0.842568,1.742062,0.949480,0.949480,L4.next_layer_out,0.000000,0.000000,0.000000,1.000000,norm_normal_functional_failure
qwen3,phase290,L0,passive,dative_passive,pass_award_given,cross_battn_amlp,1.000000,0.083620,0.958837,0.875217,1.420190,0.152310,9.324340,1.183452,1.183452,L0.attn,0.000000,0.000000,0.000000,1.000000,norm_normal_functional_failure
qwen3,phase290,L3,passive,dative_passive,pass_award_given,cross_battn_amlp,1.000000,0.230732,0.801430,0.570698,1.329371,1.282615,1.036454,0.953312,0.953312,L3.next_resid_in,0.000000,0.000000,0.000000,1.000000,norm_normal_functional_failure
qwen3,phase290,L0,passive,dative_passive,pass_offer_made,attn,0.250000,0.023111,0.670986,0.647875,0.823049,0.132177,6.226878,1.075466,-1.075466,L0.next_layer_out,1.000000,0.000000,1.000000,0.000000,off_manifold_no_drop
qwen3,phase290,L0,passive,dative_passive,pass_offer_made,attn,0.500000,0.602962,0.670986,0.068024,0.381278,0.132177,2.884603,1.515436,-1.515436,L0.next_resid_in,1.000000,0.000000,1.000000,0.000000,off_manifold_no_drop
qwen3,phase290,L0,passive,dative_passive,pass_offer_made,attn,0.750000,0.461361,0.670986,0.209625,0.185906,0.132177,1.406494,1.457482,-1.457482,L0.next_layer_out,1.000000,0.000000,1.000000,0.000000,off_manifold_no_drop
qwen3,phase290,L0,passive,dative_passive,pass_offer_made,cross_battn_amlp,1.000000,0.371949,0.670986,0.299037,0.586685,0.132177,4.438635,1.150778,-1.150778,L0.next_layer_out,1.000000,0.000000,1.000000,0.000000,off_manifold_no_drop
qwen3,phase290,L4,passive,dative_passive,pass_offer_made,cross_battn_amlp,1.000000,0.065921,0.725211,0.659290,1.061903,0.565321,1.878407,0.664830,-0.664830,L4.next_resid_in,0.000000,0.000000,0.000000,1.000000,norm_normal_functional_failure
qwen3,phase290,L6,passive,dative_passive,pass_offer_made,attn,0.750000,0.093934,0.077322,-0.016612,0.780870,0.567608,1.375721,3.127287,-3.127287,L6.next_resid_in,1.000000,0.000000,1.000000,0.000000,off_manifold_no_drop
qwen3,phase290,L6,passive,dative_passive,pass_offer_made,attn,1.000000,0.002116,0.077322,0.075206,0.851704,0.567608,1.500516,3.855423,-3.855423,L6.next_resid_in,1.000000,0.000000,1.000000,0.000000,off_manifold_no_drop
qwen3,phase290,L0,passive,dative_passive,pass_task_assigned,cross_battn_amlp,1.000000,-0.011302,0.730282,0.741584,0.969822,0.135242,7.171018,0.791565,-0.791565,L0.next_layer_out,0.000000,0.000000,0.000000,1.000000,norm_normal_functional_failure
qwen3,phase290,L4,passive,dative_passive,pass_task_assigned,cross_battn_amlp,1.000000,-0.336918,0.484882,0.821801,1.040031,1.295761,0.802641,0.688624,-0.688624,L4.next_resid_in,0.000000,0.000000,0.000000,1.000000,norm_normal_functional_failure
qwen3,phase290,L5,passive,dative_passive,pass_task_assigned,cross_battn_amlp,1.000000,0.011023,0.621152,0.610128,0.642902,2.570613,0.250097,0.839931,-0.839931,L5.next_layer_out,0.000000,0.000000,0.000000,1.000000,norm_normal_functional_failure
qwen3,phase290,L1,passive,dative_passive,pass_ticket_sent,cross_battn_amlp,1.000000,0.221950,0.752534,0.530584,1.111384,0.504439,2.203209,0.570263,-0.570263,L1.mlp,0.000000,0.000000,0.000000,1.000000,norm_normal_functional_failure
qwen3,phase290,L4,passive,dative_passive,pass_ticket_sent,cross_battn_amlp,1.000000,-0.020376,0.602223,0.622600,0.919305,0.177721,5.172738,1.168098,1.168098,L4.attn,0.000000,0.000000,0.000000,1.000000,norm_normal_functional_failure
qwen3,phase290,L5,passive,dative_passive,pass_ticket_sent,cross_battn_amlp,1.000000,-0.020424,0.490330,0.510753,0.942813,0.406409,2.319866,0.785614,-0.785614,L5.next_layer_out,0.000000,0.000000,0.000000,1.000000,norm_normal_functional_failure
qwen3,phase290,L0,passive,dative_passive,pass_chance_given,cross_battn_amlp,1.000000,0.364607,0.919753,0.555147,2.394692,0.049685,48.197775,1.135182,1.135182,L0.attn,0.000000,0.000000,0.000000,1.000000,norm_normal_functional_failure
qwen3,phase290,L1,passive,dative_passive,pass_chance_given,cross_battn_amlp,1.000000,0.117299,0.847772,0.730472,1.843158,3.827092,0.481608,0.841751,0.841751,L1.next_layer_out,0.000000,0.000000,0.000000,1.000000,norm_normal_functional_failure
qwen3,phase290,L5,passive,dative_passive,pass_chance_given,cross_battn_amlp,1.000000,-0.080973,0.578770,0.659743,2.211105,2.776580,0.796341,1.044328,1.044328,L5.attn,0.000000,0.000000,0.000000,1.000000,norm_normal_functional_failure
qwen3,phase290,L3,passive,dative_passive,pass_warning_given,cross_battn_amlp,1.000000,-0.091625,0.598311,0.689936,0.921223,0.311296,2.959314,1.062708,1.062708,L3.mlp,0.000000,0.000000,0.000000,1.000000,norm_normal_functional_failure
qwen3,phase290,L2,passive,dative_passive,pass_role_offered,cross_battn_amlp,1.000000,0.579953,1.606514,1.026561,0.800325,1.595715,0.501546,1.804266,1.804266,L2.mlp,0.000000,0.000000,0.000000,1.000000,norm_normal_functional_failure
qwen3,phase290,L2,passive,dative_passive,pass_role_offered,cross_aattn_bmlp,1.000000,0.403951,1.606514,1.202563,0.717800,1.595715,0.449829,1.727886,1.727886,L2.mlp,0.000000,0.000000,0.000000,1.000000,norm_normal_functional_failure
qwen3,phase290,L0,passive,get_passive,pass_get_hired,attn,0.500000,0.476031,0.431546,-0.044485,1.057696,1.723104,0.613832,1.572853,-1.572853,L0.next_resid_in,1.000000,0.000000,1.000000,0.000000,off_manifold_no_drop
qwen3,phase290,L4,passive,get_passive,pass_get_hired,cross_battn_amlp,1.000000,-0.006907,0.739717,0.746624,0.873207,1.075986,0.811541,0.897215,-0.897215,L4.next_layer_out,0.000000,0.000000,0.000000,1.000000,norm_normal_functional_failure
qwen3,phase290,L6,passive,get_passive,pass_get_hired,attn,0.750000,0.235126,0.342292,0.107166,1.248274,1.805694,0.691299,3.127400,-3.127400,L6.next_resid_in,1.000000,0.000000,1.000000,0.000000,off_manifold_no_drop
qwen3,phase290,L6,passive,get_passive,pass_get_hired,attn,1.000000,0.174294,0.342292,0.167998,1.847921,1.805694,1.023385,3.855664,-3.855664,L6.next_resid_in,1.000000,0.000000,1.000000,0.000000,off_manifold_no_drop
qwen3,phase290,L2,passive,get_passive,pass_get_promoted,cross_aattn_bmlp,1.000000,0.165623,0.666715,0.501091,0.423205,0.983955,0.430106,0.863933,-0.863933,L2.attn,0.000000,0.000000,0.000000,1.000000,norm_normal_functional_failure
qwen3,phase290,L3,passive,get_passive,pass_get_promoted,cross_battn_amlp,1.000000,0.293876,0.814545,0.520669,0.569657,0.512014,1.112583,0.871695,-0.871695,L3.next_layer_out,0.000000,0.000000,0.000000,1.000000,norm_normal_functional_failure
qwen3,phase290,L5,passive,get_passive,pass_get_promoted,cross_battn_amlp,1.000000,0.039445,0.575443,0.535998,0.968893,0.390279,2.482562,0.909552,-0.909552,L5.next_resid_in,0.000000,0.000000,0.000000,1.000000,norm_normal_functional_failure
qwen3,phase290,L7,passive,get_passive,pass_get_promoted,cross_battn_amlp,1.000000,0.251789,0.792652,0.540863,0.603145,2.407022,0.250577,0.785794,-0.785794,L7.next_resid_in,0.000000,0.000000,0.000000,1.000000,norm_normal_functional_failure
qwen3,phase290,L0,passive,get_passive,pass_get_selected,cross_battn_amlp,1.000000,0.509091,1.071803,0.562711,1.566529,0.246465,6.355979,0.799268,-0.799268,L0.next_layer_out,0.000000,0.000000,0.000000,1.000000,norm_normal_functional_failure
qwen3,phase290,L0,passive,get_passive,pass_get_invited,attn,0.500000,0.748990,1.039728,0.290738,0.321908,0.023648,13.612469,1.500881,-1.500881,L0.next_resid_in,1.000000,0.000000,1.000000,0.000000,off_manifold_no_drop
qwen3,phase290,L0,passive,get_passive,pass_get_invited,cross_battn_amlp,1.000000,0.230330,1.039728,0.809398,0.691241,0.023648,29.230370,1.139183,-1.139183,L0.next_layer_out,0.000000,0.000000,0.000000,1.000000,norm_normal_functional_failure
qwen3,phase290,L4,passive,get_passive,pass_get_invited,cross_battn_amlp,1.000000,0.021667,0.572975,0.551308,0.927341,0.328840,2.820036,0.840622,-0.840622,L4.next_layer_out,0.000000,0.000000,0.000000,1.000000,norm_normal_functional_failure
qwen3,phase290,L5,passive,get_passive,pass_get_invited,cross_battn_amlp,1.000000,0.066975,0.838242,0.771268,0.831723,0.332607,2.500617,0.846219,-0.846219,L5.next_resid_in,0.000000,0.000000,0.000000,1.000000,norm_normal_functional_failure
qwen3,phase290,L6,passive,get_passive,pass_get_invited,attn,0.750000,0.207867,0.801003,0.593136,0.642703,0.187536,3.427088,2.639905,-2.639905,L6.next_resid_in,1.000000,0.000000,1.000000,0.000000,off_manifold_no_drop
qwen3,phase290,L6,passive,get_passive,pass_get_invited,attn,1.000000,0.349583,0.801003,0.451420,0.638393,0.187536,3.404107,3.351589,-3.351589,L6.next_resid_in,1.000000,0.000000,1.000000,0.000000,off_manifold_no_drop
qwen3,phase290,L8,passive,get_passive,pass_get_invited,cross_battn_amlp,1.000000,0.120588,0.770766,0.650177,0.787337,0.141147,5.578129,0.785752,-0.785752,L8.next_layer_out,0.000000,0.000000,0.000000,1.000000,norm_normal_functional_failure
qwen3,phase290,L2,passive,get_passive,pass_get_caught,cross_aattn_bmlp,1.000000,0.148333,0.755333,0.607000,0.684174,0.326066,2.098266,1.214671,1.214671,L2.mlp,0.000000,0.000000,0.000000,1.000000,norm_normal_functional_failure
qwen3,phase290,L5,passive,get_passive,pass_get_caught,cross_battn_amlp,1.000000,0.551881,1.132602,0.580721,0.545416,0.247182,2.206536,0.785742,-0.785742,L5.next_layer_out,0.000000,0.000000,0.000000,1.000000,norm_normal_functional_failure
qwen3,phase290,L7,passive,get_passive,pass_get_caught,cross_battn_amlp,1.000000,0.107282,1.190924,1.083643,1.097352,0.116216,9.442364,0.785716,-0.785716,L7.next_layer_out,0.000000,0.000000,0.000000,1.000000,norm_normal_functional_failure
qwen3,phase290,L8,passive,get_passive,pass_get_caught,cross_battn_amlp,1.000000,0.466014,1.248181,0.782167,0.566186,0.122151,4.635117,0.785714,-0.785714,L8.next_layer_out,0.000000,0.000000,0.000000,1.000000,norm_normal_functional_failure
qwen3,phase290,L0,passive,get_passive,pass_get_helped,cross_battn_amlp,1.000000,0.342658,0.907071,0.564413,1.826802,0.080496,22.694396,0.751144,-0.751144,L0.next_layer_out,0.000000,0.000000,0.000000,1.000000,norm_normal_functional_failure
qwen3,phase290,L3,passive,get_passive,pass_get_helped,cross_battn_amlp,1.000000,0.035364,0.536878,0.501514,1.358146,0.794746,1.708906,0.711865,0.711865,L3.next_resid_in,0.000000,0.000000,0.000000,1.000000,norm_normal_functional_failure
qwen3,phase290,L0,passive,no_agent,pass_window_broken,attn,0.500000,0.139771,1.014733,0.874962,0.665582,0.003469,191.843288,2.821143,-2.821143,L0.next_resid_in,1.000000,0.000000,1.000000,0.000000,off_manifold_no_drop
qwen3,phase290,L0,passive,no_agent,pass_window_broken,attn,0.750000,1.610037,1.014733,-0.595304,0.805537,0.003469,232.183127,3.314552,-3.314552,L0.next_resid_in,1.000000,0.000000,1.000000,0.000000,off_manifold_no_drop
qwen3,phase290,L0,passive,no_agent,pass_window_broken,cross_battn_amlp,1.000000,-0.139218,1.014733,1.153951,0.749888,0.003469,216.143094,1.364992,-1.364992,L0.attn,0.000000,0.000000,0.000000,1.000000,norm_normal_functional_failure
qwen3,phase290,L1,passive,no_agent,pass_window_broken,attn,1.000000,0.234666,-1.095409,-1.330075,0.741023,1.166630,0.635182,2.028409,-2.028409,L1.attn,1.000000,0.000000,1.000000,0.000000,off_manifold_no_drop
qwen3,phase290,L6,passive,no_agent,pass_window_broken,attn,1.000000,-0.013655,0.692778,0.706433,1.044845,0.606504,1.722733,2.823972,-2.823972,L6.next_resid_in,1.000000,0.000000,1.000000,0.000000,off_manifold_no_drop
qwen3,phase290,L6,passive,no_agent,pass_window_broken,cross_battn_amlp,1.000000,-0.161816,0.692778,0.854594,1.042331,0.606504,1.718588,1.544965,1.544965,L6.next_resid_in,0.000000,0.000000,0.000000,1.000000,norm_normal_functional_failure
qwen3,phase290,L6,passive,no_agent,pass_window_broken,cross_aattn_bmlp,1.000000,-0.093651,0.692778,0.786429,0.752395,0.606504,1.240544,0.785765,-0.785765,L6.mlp,0.000000,0.000000,0.000000,1.000000,norm_normal_functional_failure
qwen3,phase290,L7,passive,no_agent,pass_window_broken,cross_battn_amlp,1.000000,-0.201005,0.577317,0.778322,0.998430,0.636511,1.568600,2.039181,-2.039181,L7.attn,0.000000,0.000000,0.000000,1.000000,norm_normal_functional_failure
qwen3,phase290,L0,passive,no_agent,pass_letter_sent,attn,0.500000,0.197792,0.961679,0.763886,0.805540,0.000687,1172.475359,2.848486,-2.848486,L0.next_resid_in,1.000000,0.000000,1.000000,0.000000,off_manifold_no_drop
qwen3,phase290,L0,passive,no_agent,pass_letter_sent,cross_battn_amlp,1.000000,-0.088972,0.961679,1.050651,1.111198,0.000687,1617.365273,1.189991,-1.189991,L0.attn,0.000000,0.000000,0.000000,1.000000,norm_normal_functional_failure
qwen3,phase290,L1,passive,no_agent,pass_letter_sent,attn,1.000000,0.026988,0.142572,0.115583,0.972892,0.849758,1.144906,2.081327,-2.081327,L1.attn,1.000000,0.000000,1.000000,0.000000,off_manifold_no_drop
qwen3,phase290,L6,passive,no_agent,pass_letter_sent,attn,1.000000,0.049498,0.400561,0.351063,1.028406,0.866123,1.187367,2.824015,-2.824015,L6.next_layer_out,1.000000,0.000000,1.000000,0.000000,off_manifold_no_drop
qwen3,phase290,L0,passive,no_agent,pass_cake_eaten,attn,0.500000,0.020447,1.078725,1.058278,0.958041,0.003571,268.282471,2.540358,-2.540358,L0.next_resid_in,1.000000,0.000000,1.000000,0.000000,off_manifold_no_drop
qwen3,phase290,L0,passive,no_agent,pass_cake_eaten,attn,0.750000,0.597413,1.078725,0.481312,0.194207,0.003571,54.384121,3.003701,-3.003701,L0.next_resid_in,1.000000,0.000000,1.000000,0.000000,off_manifold_no_drop
qwen3,phase290,L0,passive,no_agent,pass_cake_eaten,cross_battn_amlp,1.000000,0.041844,1.078725,1.036881,1.071537,0.003571,300.064817,1.332708,-1.332708,L0.attn,0.000000,0.000000,0.000000,1.000000,norm_normal_functional_failure
qwen3,phase290,L1,passive,no_agent,pass_cake_eaten,attn,0.750000,0.045099,0.142919,0.097820,1.028891,1.110548,0.926471,2.812212,-2.812212,L1.attn,1.000000,0.000000,1.000000,0.000000,off_manifold_no_drop
qwen3,phase290,L1,passive,no_agent,pass_cake_eaten,attn,1.000000,0.047671,0.142919,0.095248,1.053381,1.110548,0.948523,1.971065,-1.971065,L1.attn,1.000000,0.000000,1.000000,0.000000,off_manifold_no_drop
qwen3,phase290,L6,passive,no_agent,pass_cake_eaten,attn,1.000000,0.205961,0.114370,-0.091590,0.982526,1.011339,0.971510,2.823838,-2.823838,L6.next_layer_out,1.000000,0.000000,1.000000,0.000000,off_manifold_no_drop
qwen3,phase290,L0,passive,no_agent,pass_door_closed,cross_battn_amlp,1.000000,0.042993,0.999051,0.956059,0.870427,0.008754,99.436672,1.276527,-1.276527,L0.attn,0.000000,0.000000,0.000000,1.000000,norm_normal_functional_failure
qwen3,phase290,L6,passive,no_agent,pass_door_closed,attn,1.000000,0.084135,0.212947,0.128813,1.004435,0.652798,1.538662,2.824222,-2.824222,L6.next_layer_out,1.000000,0.000000,1.000000,0.000000,off_manifold_no_drop
qwen3,phase290,L0,passive,no_agent,pass_mistake_made,cross_battn_amlp,1.000000,0.117086,1.026273,0.909187,1.041910,0.005000,208.382431,1.364299,-1.364299,L0.attn,0.000000,0.000000,0.000000,1.000000,norm_normal_functional_failure
qwen3,phase290,L6,passive,no_agent,pass_mistake_made,attn,1.000000,0.198458,0.663602,0.465144,0.860285,0.795930,1.080856,3.404931,-3.404931,L6.next_layer_out,1.000000,0.000000,1.000000,0.000000,off_manifold_no_drop
qwen3,phase290,L0,passive,no_agent,pass_meeting_cancelled,cross_battn_amlp,1.000000,0.000159,1.004733,1.004573,1.024874,0.003216,318.657738,1.317593,-1.317593,L0.attn,0.000000,0.000000,0.000000,1.000000,norm_normal_functional_failure
qwen3,phase290,L6,passive,no_agent,pass_meeting_cancelled,attn,1.000000,0.002245,0.038643,0.036398,0.586982,0.370527,1.584180,2.824110,-2.824110,L6.next_layer_out,1.000000,0.000000,1.000000,0.000000,off_manifold_no_drop
qwen3,phase290,L0,passive,no_agent,pass_car_repaired,cross_battn_amlp,1.000000,0.215968,1.002864,0.786896,0.897660,0.008223,109.168794,1.174879,-1.174879,L0.attn,0.000000,0.000000,0.000000,1.000000,norm_normal_functional_failure
qwen3,phase290,L6,passive,no_agent,pass_car_repaired,attn,1.000000,0.002438,0.295332,0.292893,1.082391,0.735529,1.471582,2.824119,-2.824119,L6.next_layer_out,1.000000,0.000000,1.000000,0.000000,off_manifold_no_drop
qwen3,phase290,L0,passive,no_agent,pass_package_delivered,attn,0.500000,0.109248,0.996119,0.886870,0.607737,0.031019,19.592399,3.103920,-3.103920,L0.next_resid_in,1.000000,0.000000,1.000000,0.000000,off_manifold_no_drop
qwen3,phase290,L0,passive,no_agent,pass_package_delivered,cross_battn_amlp,1.000000,0.117120,0.996119,0.878999,0.996698,0.031019,32.131821,1.274284,-1.274284,L0.attn,0.000000,0.000000,0.000000,1.000000,norm_normal_functional_failure
qwen3,phase290,L1,passive,no_agent,pass_package_delivered,attn,1.000000,-0.006596,0.198925,0.205521,1.123380,0.748613,1.500616,2.242828,-2.242828,L1.attn,1.000000,0.000000,1.000000,0.000000,off_manifold_no_drop
qwen3,phase290,L6,passive,no_agent,pass_package_delivered,attn,1.000000,0.279869,0.336988,0.057119,0.674264,0.437324,1.541796,2.824048,-2.824048,L6.next_layer_out,1.000000,0.000000,1.000000,0.000000,off_manifold_no_drop
qwen3,phase290,L5,recursive,complement_clause,rec_comp_believe_win,cross_battn_amlp,1.000000,0.252892,0.753875,0.500983,0.983584,0.511141,1.924291,0.967095,0.967095,L5.attn,0.000000,0.000000,0.000000,1.000000,norm_normal_functional_failure
qwen3,phase290,L6,recursive,complement_clause,rec_comp_hear_ready,cross_battn_amlp,1.000000,0.081145,0.708388,0.627243,0.664614,0.750025,0.886123,0.898294,0.898294,L6.attn,0.000000,0.000000,0.000000,1.000000,norm_normal_functional_failure
qwen3,phase290,L1,recursive,complement_clause,rec_comp_expect_arrive,cross_battn_amlp,1.000000,0.062707,0.643596,0.580888,0.969343,0.106084,9.137507,1.504874,1.504874,L1.attn,0.000000,0.000000,0.000000,1.000000,norm_normal_functional_failure
qwen3,phase290,L0,recursive,complement_clause,rec_comp_fear_lost,cross_battn_amlp,1.000000,0.039233,0.607212,0.567979,1.177769,0.795956,1.479690,1.263925,1.263925,L0.attn,0.000000,0.000000,0.000000,1.000000,norm_normal_functional_failure
qwen3,phase290,L5,recursive,complement_clause,rec_comp_fear_lost,cross_battn_amlp,1.000000,0.032264,0.942556,0.910292,1.053165,0.386362,2.725847,1.379079,1.379079,L5.mlp,0.000000,0.000000,0.000000,1.000000,norm_normal_functional_failure
qwen3,phase290,L5,recursive,complement_clause,rec_comp_fear_lost,cross_aattn_bmlp,1.000000,0.098458,0.942556,0.844098,0.597301,0.386362,1.545960,1.283879,1.283879,L5.mlp,0.000000,0.000000,0.000000,1.000000,norm_normal_functional_failure
qwen3,phase290,L0,recursive,possessive_chain,rec_poss_jacket,cross_battn_amlp,1.000000,-0.012317,0.674011,0.686328,3.234742,1.243258,2.601826,0.755781,-0.755781,L0.next_layer_out,0.000000,0.000000,0.000000,1.000000,norm_normal_functional_failure
qwen3,phase290,L4,recursive,possessive_chain,rec_poss_jacket,cross_battn_amlp,1.000000,-0.093257,1.494984,1.588241,1.187360,0.297008,3.997738,0.950949,0.950949,L4.mlp,0.000000,0.000000,0.000000,1.000000,norm_normal_functional_failure
qwen3,phase290,L7,recursive,possessive_chain,rec_poss_jacket,cross_battn_amlp,1.000000,0.040858,0.958534,0.917676,0.755197,5.672094,0.133143,0.785679,-0.785679,L7.next_layer_out,0.000000,0.000000,0.000000,1.000000,norm_normal_functional_failure
qwen3,phase290,L0,recursive,possessive_chain,rec_poss_car,cross_battn_amlp,1.000000,0.167703,0.959362,0.791659,0.967170,2.111646,0.458017,0.776294,-0.776294,L0.next_layer_out,0.000000,0.000000,0.000000,1.000000,norm_normal_functional_failure
qwen3,phase290,L4,recursive,possessive_chain,rec_poss_car,cross_battn_amlp,1.000000,0.137160,0.735399,0.598239,1.101883,0.422912,2.605468,1.052742,1.052742,L4.attn,0.000000,0.000000,0.000000,1.000000,norm_normal_functional_failure
qwen3,phase290,L5,recursive,possessive_chain,rec_poss_car,cross_battn_amlp,1.000000,-0.106152,0.463640,0.569793,0.923004,0.329688,2.799628,0.785690,-0.785690,L5.next_layer_out,0.000000,0.000000,0.000000,1.000000,norm_normal_functional_failure
qwen3,phase290,L3,recursive,possessive_chain,rec_poss_book,cross_battn_amlp,1.000000,-0.011103,0.619842,0.630945,0.820640,0.448873,1.828226,0.730824,-0.730824,L3.next_resid_in,0.000000,0.000000,0.000000,1.000000,norm_normal_functional_failure
qwen3,phase290,L6,recursive,possessive_chain,rec_poss_book,cross_battn_amlp,1.000000,1.048224,1.615348,0.567124,0.837329,0.375480,2.230021,0.785697,-0.785697,L6.mlp,0.000000,0.000000,0.000000,1.000000,norm_normal_functional_failure
qwen3,phase290,L6,recursive,possessive_chain,rec_poss_book,cross_aattn_bmlp,1.000000,0.549993,1.615348,1.065355,0.900146,0.375480,2.397320,0.785707,-0.785707,L6.mlp,0.000000,0.000000,0.000000,1.000000,norm_normal_functional_failure
qwen3,phase290,L8,recursive,possessive_chain,rec_poss_book,cross_battn_amlp,1.000000,0.188988,0.790415,0.601426,1.065199,0.763482,1.395186,0.785712,-0.785712,L8.next_layer_out,0.000000,0.000000,0.000000,1.000000,norm_normal_functional_failure
qwen3,phase290,L0,recursive,possessive_chain,rec_poss_phone,cross_battn_amlp,1.000000,0.285012,0.984437,0.699424,0.459696,1.004713,0.457540,0.729843,-0.729843,L0.next_layer_out,0.000000,0.000000,0.000000,1.000000,norm_normal_functional_failure
qwen3,phase290,L4,recursive,possessive_chain,rec_poss_house,cross_battn_amlp,1.000000,-0.082377,0.447474,0.529851,0.752068,0.966329,0.778273,1.682295,1.682295,L4.attn,0.000000,0.000000,0.000000,1.000000,norm_normal_functional_failure
qwen3,phase290,L5,recursive,possessive_chain,rec_poss_house,cross_battn_amlp,1.000000,0.229284,1.374246,1.144961,1.116127,2.057609,0.542439,0.785656,-0.785656,L5.next_layer_out,0.000000,0.000000,0.000000,1.000000,norm_normal_functional_failure
qwen3,phase290,L5,recursive,possessive_chain,rec_poss_house,cross_aattn_bmlp,1.000000,0.218889,1.374246,1.155357,1.994089,2.057609,0.969129,0.785688,-0.785688,L5.next_layer_out,0.000000,0.000000,0.000000,1.000000,norm_normal_functional_failure
qwen3,phase290,L0,recursive,possessive_chain,rec_poss_plan,cross_battn_amlp,1.000000,0.217339,0.885603,0.668264,1.155187,1.833180,0.630155,0.715512,-0.715512,L0.next_layer_out,0.000000,0.000000,0.000000,1.000000,norm_normal_functional_failure
qwen3,phase290,L3,recursive,possessive_chain,rec_poss_plan,cross_battn_amlp,1.000000,-0.036308,0.636206,0.672514,0.754145,0.415604,1.814573,0.681586,-0.681586,L3.next_resid_in,0.000000,0.000000,0.000000,1.000000,norm_normal_functional_failure
qwen3,phase290,L2,recursive,possessive_chain,rec_poss_note,cross_battn_amlp,1.000000,0.412170,0.921320,0.509151,2.028393,1.204842,1.683534,0.739733,-0.739733,L2.mlp,0.000000,0.000000,0.000000,1.000000,norm_normal_functional_failure
qwen3,phase290,L4,recursive,possessive_chain,rec_poss_note,cross_battn_amlp,1.000000,-0.078874,0.424551,0.503425,1.161901,0.503861,2.305995,1.661276,1.661276,L4.mlp,0.000000,0.000000,0.000000,1.000000,norm_normal_functional_failure
qwen3,phase290,L4,recursive,possessive_chain,rec_poss_note,cross_aattn_bmlp,1.000000,-0.078757,0.424551,0.503308,0.996834,0.503861,1.978391,2.055092,2.055092,L4.mlp,0.000000,0.000000,0.000000,1.000000,norm_normal_functional_failure
qwen3,phase290,L1,recursive,possessive_chain,rec_poss_song,cross_battn_amlp,1.000000,0.119417,0.758728,0.639311,1.009083,0.104183,9.685685,0.731877,-0.731877,L1.mlp,0.000000,0.000000,0.000000,1.000000,norm_normal_functional_failure
qwen3,phase290,L2,recursive,possessive_chain,rec_poss_song,cross_battn_amlp,1.000000,-0.112422,0.674964,0.787386,0.614513,0.386711,1.589075,0.655912,-0.655912,L2.next_resid_in,0.000000,0.000000,0.000000,1.000000,norm_normal_functional_failure
qwen3,phase290,L3,recursive,possessive_chain,rec_poss_song,cross_battn_amlp,1.000000,0.151256,0.673001,0.521745,0.681689,0.398045,1.712591,1.168403,1.168403,L3.mlp,0.000000,0.000000,0.000000,1.000000,norm_normal_functional_failure
qwen3,phase290,L4,recursive,possessive_chain,rec_poss_song,cross_battn_amlp,1.000000,0.135541,0.741023,0.605482,0.910641,0.223680,4.071178,0.955759,0.955759,L4.attn,0.000000,0.000000,0.000000,1.000000,norm_normal_functional_failure
qwen3,phase290,L8,recursive,possessive_chain,rec_poss_song,cross_battn_amlp,1.000000,-0.082310,0.536480,0.618790,1.163803,0.238628,4.877057,0.785629,-0.785629,L8.next_resid_in,0.000000,0.000000,0.000000,1.000000,norm_normal_functional_failure
qwen3,phase290,L0,recursive,pp_chain,rec_pp_key_drawer,attn,0.500000,0.484098,0.599813,0.115715,0.401356,0.461760,0.869187,1.174935,1.174935,L0.attn,1.000000,0.000000,1.000000,0.000000,off_manifold_no_drop
qwen3,phase290,L0,recursive,pp_chain,rec_pp_photo_album,attn,0.500000,0.138220,0.765446,0.627225,0.334816,0.143476,2.333600,1.228272,1.228272,L0.attn,1.000000,0.000000,1.000000,0.000000,off_manifold_no_drop
qwen3,phase290,L0,recursive,pp_chain,rec_pp_photo_album,cross_battn_amlp,1.000000,0.285316,0.765446,0.480130,0.378316,0.143476,2.636785,1.986733,1.986733,L0.attn,1.000000,0.000000,1.000000,0.000000,off_manifold_no_drop
qwen3,phase290,L7,recursive,pp_chain,rec_pp_photo_album,cross_battn_amlp,1.000000,0.025375,0.848878,0.823503,1.042899,2.192724,0.475618,1.121496,1.121496,L7.attn,0.000000,0.000000,0.000000,1.000000,norm_normal_functional_failure
qwen3,phase290,L1,recursive,pp_chain,rec_pp_bag_chair,cross_battn_amlp,1.000000,0.146951,0.676577,0.529626,0.638902,0.781012,0.818044,1.091603,1.091603,L1.mlp,0.000000,0.000000,0.000000,1.000000,norm_normal_functional_failure
qwen3,phase290,L5,recursive,pp_chain,rec_pp_bag_chair,cross_battn_amlp,1.000000,0.425886,1.403902,0.978016,0.612261,0.884016,0.692591,1.189439,1.189439,L5.next_resid_in,0.000000,0.000000,0.000000,1.000000,norm_normal_functional_failure
qwen3,phase290,L5,recursive,pp_chain,rec_pp_bag_chair,cross_aattn_bmlp,1.000000,0.670540,1.403902,0.733362,0.487083,0.884016,0.550989,1.238309,1.238309,L5.next_resid_in,0.000000,0.000000,0.000000,1.000000,norm_normal_functional_failure
qwen3,phase290,L6,recursive,pp_chain,rec_pp_path_forest,cross_battn_amlp,1.000000,-0.193260,0.400569,0.593829,1.341895,0.593249,2.261943,1.205298,1.205298,L6.attn,0.000000,0.000000,0.000000,1.000000,norm_normal_functional_failure
qwen3,phase290,L0,recursive,pp_chain,rec_pp_note_book,cross_battn_amlp,1.000000,-0.162982,0.584404,0.747386,1.007108,4.526426,0.222495,1.801000,1.801000,L0.attn,0.000000,0.000000,0.000000,1.000000,norm_normal_functional_failure
qwen3,phase290,L7,recursive,pp_chain,rec_pp_lamp_sofa,cross_battn_amlp,1.000000,0.058927,0.768389,0.709462,0.715250,0.524084,1.364763,1.697524,1.697524,L7.attn,0.000000,0.000000,0.000000,1.000000,norm_normal_functional_failure
qwen3,phase290,L7,recursive,pp_chain,rec_pp_lamp_sofa,cross_aattn_bmlp,1.000000,-0.064059,0.768389,0.832447,0.437268,0.524084,0.834348,0.937031,0.937031,L7.mlp,0.000000,0.000000,0.000000,1.000000,norm_normal_functional_failure
qwen3,phase290,L8,recursive,pp_chain,rec_pp_ring_box,cross_battn_amlp,1.000000,-0.092742,1.356134,1.448876,0.847764,1.398337,0.606266,1.572417,1.572417,L8.attn,0.000000,0.000000,0.000000,1.000000,norm_normal_functional_failure
qwen3,phase290,L4,recursive,relative_clause,rec_rel_book_shelf,cross_battn_amlp,1.000000,-0.029760,0.820220,0.849980,1.001163,1.130327,0.885728,1.365919,1.365919,L4.next_resid_in,0.000000,0.000000,0.000000,1.000000,norm_normal_functional_failure
qwen3,phase290,L4,recursive,relative_clause,rec_rel_book_shelf,cross_aattn_bmlp,1.000000,0.217978,0.820220,0.602242,1.046476,1.130327,0.925816,1.387065,1.387065,L4.next_resid_in,0.000000,0.000000,0.000000,1.000000,norm_normal_functional_failure
qwen3,phase290,L5,recursive,relative_clause,rec_rel_book_shelf,cross_battn_amlp,1.000000,0.197077,0.869270,0.672193,1.008907,1.493639,0.675469,1.329379,1.329379,L5.next_resid_in,0.000000,0.000000,0.000000,1.000000,norm_normal_functional_failure
qwen3,phase290,L5,recursive,relative_clause,rec_rel_book_shelf,cross_aattn_bmlp,1.000000,0.252432,0.869270,0.616838,1.063789,1.493639,0.712213,1.500399,1.500399,L5.next_resid_in,0.000000,0.000000,0.000000,1.000000,norm_normal_functional_failure
qwen3,phase290,L8,recursive,relative_clause,rec_rel_book_shelf,cross_battn_amlp,1.000000,0.039219,0.695990,0.656770,0.931395,1.042001,0.893853,1.225413,1.225413,L8.mlp,0.000000,0.000000,0.000000,1.000000,norm_normal_functional_failure
qwen3,phase290,L0,recursive,relative_clause,rec_rel_student_question,cross_battn_amlp,1.000000,0.219568,0.725798,0.506230,1.004570,0.307797,3.263744,0.785431,-0.785431,L0.next_layer_out,0.000000,0.000000,0.000000,1.000000,norm_normal_functional_failure
qwen3,phase290,L7,recursive,relative_clause,rec_rel_student_question,cross_battn_amlp,1.000000,-0.017003,1.286890,1.303893,0.883253,0.409615,2.156299,0.785761,-0.785761,L7.next_resid_in,0.000000,0.000000,0.000000,1.000000,norm_normal_functional_failure
qwen3,phase290,L1,recursive,relative_clause,rec_rel_woman_car,cross_battn_amlp,1.000000,-0.052111,0.573626,0.625737,1.558430,0.771160,2.020891,0.507273,-0.507273,L1.attn,0.000000,0.000000,0.000000,1.000000,norm_normal_functional_failure
qwen3,phase290,L8,recursive,relative_clause,rec_rel_woman_car,cross_battn_amlp,1.000000,0.007474,0.510719,0.503245,1.651132,1.608903,1.026247,0.785733,-0.785733,L8.next_resid_in,0.000000,0.000000,0.000000,1.000000,norm_normal_functional_failure
qwen3,phase290,L1,recursive,relative_clause,rec_rel_city_river,cross_battn_amlp,1.000000,0.169671,0.832583,0.662912,1.156916,1.301981,0.888581,0.931507,0.931507,L1.mlp,0.000000,0.000000,0.000000,1.000000,norm_normal_functional_failure
qwen3,phase290,L6,recursive,relative_clause,rec_rel_teacher_lesson,cross_battn_amlp,1.000000,-0.108500,0.906084,1.014584,0.998904,0.175633,5.687444,1.099119,1.099119,L6.attn,0.000000,0.000000,0.000000,1.000000,norm_normal_functional_failure
qwen3,phase290,L8,recursive,relative_clause,rec_rel_teacher_lesson,cross_battn_amlp,1.000000,0.287550,0.854978,0.567428,0.712879,0.616164,1.156962,0.785727,-0.785727,L8.next_resid_in,0.000000,0.000000,0.000000,1.000000,norm_normal_functional_failure
qwen3,phase291,L0,logical,and_or,logic_and_or_catdog,cross_battn_amlp,1.000000,0.037204,0.984416,0.947212,0.905378,0.003201,282.803794,1.029363,-1.029363,L0.mlp,0.000000,0.000000,0.000000,1.000000,norm_normal_functional_failure
qwen3,phase291,L0-L2,logical,and_or,logic_and_or_catdog,cross_battn_amlp,1.000000,0.144767,0.994000,0.849233,0.968290,0.009405,102.949980,1.029363,-1.029363,L0.mlp,0.000000,0.000000,0.000000,1.000000,norm_normal_functional_failure
qwen3,phase291,L0-L4,logical,and_or,logic_and_or_catdog,cross_battn_amlp,1.000000,0.135261,0.980181,0.844920,0.881432,0.000842,1046.858771,1.029363,-1.029363,L0.mlp,0.000000,0.000000,0.000000,1.000000,norm_normal_functional_failure
qwen3,phase291,L0-L8,logical,and_or,logic_and_or_catdog,cross_battn_amlp,1.000000,0.153551,0.973368,0.819817,0.766136,0.000840,911.906051,1.029363,-1.029363,L0.mlp,0.000000,0.000000,0.000000,1.000000,norm_normal_functional_failure
qwen3,phase291,L4-L8,logical,and_or,logic_and_or_catdog,cross_battn_amlp,1.000000,0.091676,0.840415,0.748739,0.791101,0.036354,21.760814,1.001278,-1.001278,L5.mlp,0.000000,0.000000,0.000000,1.000000,norm_normal_functional_failure
qwen3,phase291,L0,logical,and_or,logic_and_or_tea,cross_battn_amlp,1.000000,0.122667,1.001116,0.878449,0.940080,0.014612,64.335452,1.297096,-1.297096,L0.mlp,0.000000,0.000000,0.000000,1.000000,norm_normal_functional_failure
qwen3,phase291,L0-L2,logical,and_or,logic_and_or_tea,cross_battn_amlp,1.000000,0.193088,0.989999,0.796912,0.813893,0.019248,42.285255,2.030319,-2.030319,L1.mlp,0.000000,0.000000,0.000000,1.000000,norm_normal_functional_failure
qwen3,phase291,L0-L4,logical,and_or,logic_and_or_tea,cross_battn_amlp,1.000000,0.316174,1.008660,0.692485,0.749625,0.018114,41.384346,2.030319,-2.030319,L1.mlp,0.000000,0.000000,0.000000,1.000000,norm_normal_functional_failure
qwen3,phase291,L0-L8,logical,and_or,logic_and_or_tea,cross_battn_amlp,1.000000,0.048655,1.005996,0.957342,0.862305,0.014205,60.705449,2.232709,2.232709,L6.mlp,0.000000,0.000000,0.000000,1.000000,norm_normal_functional_failure
qwen3,phase291,L4-L8,logical,and_or,logic_and_or_tea,cross_battn_amlp,1.000000,-0.044653,0.776226,0.820879,1.033262,0.094971,10.879740,2.232709,2.232709,L6.mlp,0.000000,0.000000,0.000000,1.000000,norm_normal_functional_failure
qwen3,phase291,L0,logical,and_or,logic_and_or_keys,cross_battn_amlp,1.000000,0.069977,0.954607,0.884630,1.035660,0.011155,92.840352,0.690161,0.690161,L0.attn,0.000000,0.000000,0.000000,1.000000,norm_normal_functional_failure
qwen3,phase291,L0-L2,logical,and_or,logic_and_or_keys,cross_battn_amlp,1.000000,0.078665,1.000885,0.922220,0.879406,0.006896,127.522639,0.701394,-0.701394,L1.mlp,0.000000,0.000000,0.000000,1.000000,norm_normal_functional_failure
qwen3,phase291,L0-L4,logical,and_or,logic_and_or_keys,cross_battn_amlp,1.000000,0.209902,0.968457,0.758555,0.872584,0.007505,116.263965,0.701394,-0.701394,L1.mlp,0.000000,0.000000,0.000000,1.000000,norm_normal_functional_failure
qwen3,phase291,L0-L8,logical,and_or,logic_and_or_keys,cross_battn_amlp,1.000000,0.132473,1.019967,0.887494,0.545878,0.009075,60.150575,0.785747,-0.785747,L6.mlp,0.000000,0.000000,0.000000,1.000000,norm_normal_functional_failure
qwen3,phase291,L4-L8,logical,and_or,logic_and_or_keys,cross_battn_amlp,1.000000,0.145741,0.870031,0.724290,0.619123,0.039641,15.618055,0.785747,-0.785747,L6.mlp,0.000000,0.000000,0.000000,1.000000,norm_normal_functional_failure
qwen3,phase291,L0,logical,and_or,logic_and_or_phone,cross_battn_amlp,1.000000,0.053485,0.906876,0.853390,0.949283,0.027562,34.441198,1.758509,1.758509,L0.attn,0.000000,0.000000,0.000000,1.000000,norm_normal_functional_failure
qwen3,phase291,L0-L2,logical,and_or,logic_and_or_phone,cross_battn_amlp,1.000000,0.052740,0.915464,0.862725,1.071574,0.010481,102.243393,1.758509,1.758509,L0.attn,0.000000,0.000000,0.000000,1.000000,norm_normal_functional_failure
qwen3,phase291,L0-L4,logical,and_or,logic_and_or_phone,cross_battn_amlp,1.000000,0.076597,0.941973,0.865376,1.002750,0.010224,98.081978,1.758509,1.758509,L0.attn,0.000000,0.000000,0.000000,1.000000,norm_normal_functional_failure
qwen3,phase291,L0-L8,logical,and_or,logic_and_or_phone,cross_battn_amlp,1.000000,0.212475,0.962358,0.749883,0.851233,0.001343,633.952447,1.758509,1.758509,L0.attn,0.000000,0.000000,0.000000,1.000000,norm_normal_functional_failure
qwen3,phase291,L4-L8,logical,and_or,logic_and_or_phone,cross_battn_amlp,1.000000,0.169628,0.777554,0.607926,1.011693,0.125002,8.093401,1.321214,1.321214,L7.attn,0.000000,0.000000,0.000000,1.000000,norm_normal_functional_failure
qwen3,phase291,L0,logical,and_or,logic_and_or_milk,cross_battn_amlp,1.000000,0.084039,1.033927,0.949888,0.979281,0.003811,256.961403,0.976471,0.976471,L0.attn,0.000000,0.000000,0.000000,1.000000,norm_normal_functional_failure
qwen3,phase291,L0-L2,logical,and_or,logic_and_or_milk,cross_battn_amlp,1.000000,0.310838,0.990011,0.679172,1.025562,0.014245,71.992705,2.439913,2.439913,L2.mlp,0.000000,0.000000,0.000000,1.000000,norm_normal_functional_failure
qwen3,phase291,L0-L4,logical,and_or,logic_and_or_milk,cross_battn_amlp,1.000000,0.168109,1.001996,0.833887,1.086170,0.014253,76.208652,2.439913,2.439913,L2.mlp,0.000000,0.000000,0.000000,1.000000,norm_normal_functional_failure
qwen3,phase291,L0-L8,logical,and_or,logic_and_or_milk,cross_battn_amlp,1.000000,0.253952,1.003820,0.749869,0.746186,0.010262,72.713417,2.439913,2.439913,L2.mlp,0.000000,0.000000,0.000000,1.000000,norm_normal_functional_failure
qwen3,phase291,L4-L8,logical,and_or,logic_and_or_milk,cross_battn_amlp,1.000000,0.227901,0.841239,0.613338,0.822186,0.077278,10.639356,1.437561,1.437561,L4.mlp,0.000000,0.000000,0.000000,1.000000,norm_normal_functional_failure
qwen3,phase291,L0,logical,and_or,logic_and_or_judge,cross_battn_amlp,1.000000,-0.009701,0.996916,1.006617,1.067541,0.007085,150.679211,0.297613,0.297613,L0.mlp,0.000000,0.000000,0.000000,1.000000,norm_normal_functional_failure
qwen3,phase291,L0-L2,logical,and_or,logic_and_or_judge,cross_battn_amlp,1.000000,0.022208,0.996451,0.974243,1.004021,0.009391,106.918635,1.373617,1.373617,L2.attn,0.000000,0.000000,0.000000,1.000000,norm_normal_functional_failure
qwen3,phase291,L0-L4,logical,and_or,logic_and_or_judge,cross_battn_amlp,1.000000,0.002169,0.996284,0.994116,0.986832,0.000316,3118.063396,1.373617,1.373617,L2.attn,0.000000,0.000000,0.000000,1.000000,norm_normal_functional_failure
qwen3,phase291,L0-L8,logical,and_or,logic_and_or_judge,cross_battn_amlp,1.000000,0.132070,1.027084,0.895014,0.831395,0.001309,635.161123,1.373617,1.373617,L2.attn,0.000000,0.000000,0.000000,1.000000,norm_normal_functional_failure
qwen3,phase291,L4-L8,logical,and_or,logic_and_or_judge,cross_battn_amlp,1.000000,0.157914,0.884304,0.726390,0.844575,0.049640,17.013899,0.933146,0.933146,L4.attn,0.000000,0.000000,0.000000,1.000000,norm_normal_functional_failure
qwen3,phase291,L0,logical,and_or,logic_and_or_train,cross_battn_amlp,1.000000,0.002019,0.985826,0.983808,0.934562,0.001464,638.209331,0.215963,0.215963,L0.attn,0.000000,0.000000,0.000000,1.000000,norm_normal_functional_failure
qwen3,phase291,L0-L2,logical,and_or,logic_and_or_train,cross_battn_amlp,1.000000,0.019292,0.999668,0.980376,0.919014,0.001821,504.675356,0.731123,-0.731123,L1.mlp,0.000000,0.000000,0.000000,1.000000,norm_normal_functional_failure
qwen3,phase291,L0-L4,logical,and_or,logic_and_or_train,cross_battn_amlp,1.000000,0.010895,1.009573,0.998678,0.997330,0.000264,3783.886736,1.114947,1.114947,L4.mlp,0.000000,0.000000,0.000000,1.000000,norm_normal_functional_failure
qwen3,phase291,L0-L8,logical,and_or,logic_and_or_train,cross_battn_amlp,1.000000,0.058200,0.997005,0.938804,0.860614,0.001935,444.666382,1.114947,1.114947,L4.mlp,0.000000,0.000000,0.000000,1.000000,norm_normal_functional_failure
qwen3,phase291,L4-L8,logical,and_or,logic_and_or_train,cross_battn_amlp,1.000000,0.060515,0.879567,0.819053,0.962307,0.028014,34.350431,1.114947,1.114947,L4.mlp,0.000000,0.000000,0.000000,1.000000,norm_normal_functional_failure
qwen3,phase291,L0,logical,and_or,logic_and_or_report,cross_battn_amlp,1.000000,0.051015,1.032262,0.981247,1.063417,0.016556,64.229889,1.031456,1.031456,L0.attn,0.000000,0.000000,0.000000,1.000000,norm_normal_functional_failure
qwen3,phase291,L0-L2,logical,and_or,logic_and_or_report,cross_battn_amlp,1.000000,-0.006668,0.985327,0.991995,0.913965,0.008128,112.445410,1.031456,1.031456,L0.attn,0.000000,0.000000,0.000000,1.000000,norm_normal_functional_failure
qwen3,phase291,L0-L4,logical,and_or,logic_and_or_report,cross_battn_amlp,1.000000,-0.203545,1.016254,1.219799,1.659160,0.013966,118.801530,1.031456,1.031456,L0.attn,0.000000,0.000000,0.000000,1.000000,norm_normal_functional_failure
qwen3,phase291,L0-L8,logical,and_or,logic_and_or_report,cross_battn_amlp,1.000000,0.038090,1.049811,1.011721,1.536521,0.005426,283.184804,1.075411,1.075411,L6.attn,0.000000,0.000000,0.000000,1.000000,norm_normal_functional_failure
qwen3,phase291,L4-L8,logical,and_or,logic_and_or_report,cross_battn_amlp,1.000000,0.043400,0.930584,0.887183,1.229983,0.081303,15.128472,1.075411,1.075411,L6.attn,0.000000,0.000000,0.000000,1.000000,norm_normal_functional_failure
qwen3,phase291,L0,logical,causal,logic_because_rain,cross_battn_amlp,1.000000,-0.038618,1.053017,1.091634,1.022548,0.002013,507.856907,0.507616,-0.507616,L0.mlp,0.000000,0.000000,0.000000,1.000000,norm_normal_functional_failure
qwen3,phase291,L0-L2,logical,causal,logic_because_rain,cross_battn_amlp,1.000000,0.038807,1.021257,0.982449,0.915039,0.000672,1362.342481,1.361037,-1.361037,L1.mlp,0.000000,0.000000,0.000000,1.000000,norm_normal_functional_failure
qwen3,phase291,L0-L4,logical,causal,logic_because_rain,cross_battn_amlp,1.000000,0.105285,1.021178,0.915893,0.968928,0.000183,5284.893557,2.091698,2.091698,L3.mlp,0.000000,0.000000,0.000000,1.000000,norm_normal_functional_failure
qwen3,phase291,L0-L8,logical,causal,logic_because_rain,cross_battn_amlp,1.000000,0.278986,1.001768,0.722783,1.229403,0.000510,2412.153160,2.091698,2.091698,L3.mlp,0.000000,0.000000,0.000000,1.000000,norm_normal_functional_failure
qwen3,phase291,L0,logical,causal,logic_because_tired,cross_battn_amlp,1.000000,-0.121982,1.008781,1.130763,1.189414,0.002448,485.882452,1.285779,1.285779,L0.mlp,0.000000,0.000000,0.000000,1.000000,norm_normal_functional_failure
qwen3,phase291,L0-L2,logical,causal,logic_because_tired,cross_battn_amlp,1.000000,-0.047200,0.996461,1.043661,0.955288,0.001287,742.022560,1.795224,1.795224,L2.attn,0.000000,0.000000,0.000000,1.000000,norm_normal_functional_failure
qwen3,phase291,L0-L4,logical,causal,logic_because_tired,cross_battn_amlp,1.000000,-0.072398,0.990576,1.062974,0.940554,0.001038,905.827069,1.795224,1.795224,L2.attn,0.000000,0.000000,0.000000,1.000000,norm_normal_functional_failure
qwen3,phase291,L0-L8,logical,causal,logic_because_tired,cross_battn_amlp,1.000000,-0.072611,0.989322,1.061933,1.071609,0.001143,937.141987,2.297395,2.297395,L5.mlp,0.000000,0.000000,0.000000,1.000000,norm_normal_functional_failure
qwen3,phase291,L4-L8,logical,causal,logic_because_tired,cross_battn_amlp,1.000000,-0.060817,0.923426,0.984243,1.124774,0.069634,16.152695,2.297395,2.297395,L5.mlp,0.000000,0.000000,0.000000,1.000000,norm_normal_functional_failure
qwen3,phase291,L0,logical,causal,logic_because_noise,cross_battn_amlp,1.000000,-0.043122,0.993682,1.036804,0.663173,0.001955,339.270885,1.306530,1.306530,L0.mlp,0.000000,0.000000,0.000000,1.000000,norm_normal_functional_failure
qwen3,phase291,L0-L2,logical,causal,logic_because_noise,cross_battn_amlp,1.000000,0.142496,1.004360,0.861863,0.786454,0.000238,3298.752894,1.306530,1.306530,L0.mlp,0.000000,0.000000,0.000000,1.000000,norm_normal_functional_failure
qwen3,phase291,L0-L4,logical,causal,logic_because_noise,cross_battn_amlp,1.000000,0.122705,1.009854,0.887149,0.709450,0.000289,2457.182239,1.306530,1.306530,L0.mlp,0.000000,0.000000,0.000000,1.000000,norm_normal_functional_failure
qwen3,phase291,L0-L8,logical,causal,logic_because_noise,cross_battn_amlp,1.000000,-0.053197,0.998720,1.051917,0.503824,0.000063,7938.744800,1.806234,1.806234,L6.mlp,0.000000,0.000000,0.000000,1.000000,norm_normal_functional_failure
qwen3,phase291,L4-L8,logical,causal,logic_because_noise,cross_battn_amlp,1.000000,-0.142269,0.724754,0.867024,0.464964,0.420084,1.106835,1.806234,1.806234,L6.mlp,0.000000,0.000000,0.000000,1.000000,norm_normal_functional_failure
qwen3,phase291,L0,logical,causal,logic_because_dark,cross_battn_amlp,1.000000,0.010913,0.996031,0.985117,1.027761,0.000365,2816.777301,1.756692,1.756692,L0.mlp,0.000000,0.000000,0.000000,1.000000,norm_normal_functional_failure
qwen3,phase291,L0-L2,logical,causal,logic_because_dark,cross_battn_amlp,1.000000,0.078552,0.986383,0.907831,1.003916,0.000518,1937.795533,2.213591,2.213591,L2.mlp,0.000000,0.000000,0.000000,1.000000,norm_normal_functional_failure
qwen3,phase291,L0-L4,logical,causal,logic_because_dark,cross_battn_amlp,1.000000,0.011173,0.993547,0.982374,0.996068,0.000387,2574.478575,2.213591,2.213591,L2.mlp,0.000000,0.000000,0.000000,1.000000,norm_normal_functional_failure
qwen3,phase291,L0-L8,logical,causal,logic_because_dark,cross_battn_amlp,1.000000,0.213559,0.994588,0.781029,0.910518,0.000080,11428.460844,2.213591,2.213591,L2.mlp,0.000000,0.000000,0.000000,1.000000,norm_normal_functional_failure
qwen3,phase291,L4-L8,logical,causal,logic_because_dark,cross_battn_amlp,1.000000,0.211912,0.761535,0.549624,1.005182,0.067455,14.901610,1.806220,1.806220,L6.mlp,0.000000,0.000000,0.000000,1.000000,norm_normal_functional_failure
qwen3,phase291,L0,logical,causal,logic_because_sale,cross_battn_amlp,1.000000,0.147603,1.006871,0.859267,1.032300,0.011541,89.445618,1.548535,-1.548535,L0.attn,0.000000,0.000000,0.000000,1.000000,norm_normal_functional_failure
qwen3,phase291,L0-L2,logical,causal,logic_because_sale,cross_battn_amlp,1.000000,0.223068,1.004225,0.781157,1.458824,0.003755,388.510672,1.548535,-1.548535,L0.attn,0.000000,0.000000,0.000000,1.000000,norm_normal_functional_failure
qwen3,phase291,L0-L4,logical,causal,logic_because_sale,cross_battn_amlp,1.000000,0.284342,1.003395,0.719054,2.467606,0.009794,251.959647,1.548535,-1.548535,L0.attn,0.000000,0.000000,0.000000,1.000000,norm_normal_functional_failure
qwen3,phase291,L0-L8,logical,causal,logic_because_sale,cross_battn_amlp,1.000000,0.081539,1.003140,0.921601,1.561830,0.011766,132.740993,2.124976,2.124976,L5.attn,0.000000,0.000000,0.000000,1.000000,norm_normal_functional_failure
qwen3,phase291,L4-L8,logical,causal,logic_because_sale,cross_battn_amlp,1.000000,0.062825,0.966990,0.904165,1.579229,0.655108,2.410641,2.124976,2.124976,L5.attn,0.000000,0.000000,0.000000,1.000000,norm_normal_functional_failure
qwen3,phase291,L0,logical,causal,logic_because_error,cross_battn_amlp,1.000000,0.155217,0.992384,0.837168,1.049400,0.000863,1216.514980,0.767611,0.767611,L0.attn,0.000000,0.000000,0.000000,1.000000,norm_normal_functional_failure
qwen3,phase291,L0-L2,logical,causal,logic_because_error,cross_battn_amlp,1.000000,0.105965,0.988497,0.882532,1.161519,0.001067,1088.401300,1.174584,1.174584,L2.attn,0.000000,0.000000,0.000000,1.000000,norm_normal_functional_failure
qwen3,phase291,L0-L4,logical,causal,logic_because_error,cross_battn_amlp,1.000000,-0.135688,0.996392,1.132081,1.162400,0.000479,2429.075954,1.447867,1.447867,L3.mlp,0.000000,0.000000,0.000000,1.000000,norm_normal_functional_failure
qwen3,phase291,L0-L8,logical,causal,logic_because_error,cross_battn_amlp,1.000000,0.038684,1.006425,0.967740,0.986124,0.000522,1890.547128,1.806222,1.806222,L6.mlp,0.000000,0.000000,0.000000,1.000000,norm_normal_functional_failure
qwen3,phase291,L4-L8,logical,causal,logic_because_error,cross_battn_amlp,1.000000,0.066511,1.021083,0.954572,1.189106,0.052097,22.824731,1.806222,1.806222,L6.mlp,0.000000,0.000000,0.000000,1.000000,norm_normal_functional_failure
qwen3,phase291,L0,logical,causal,logic_because_wind,cross_battn_amlp,1.000000,0.007172,1.013846,1.006674,0.887086,0.002940,301.727835,1.290336,1.290336,L0.attn,0.000000,0.000000,0.000000,1.000000,norm_normal_functional_failure
qwen3,phase291,L0-L2,logical,causal,logic_because_wind,cross_battn_amlp,1.000000,-0.001374,1.023755,1.025128,0.981181,0.001899,516.635046,1.453012,1.453012,L2.mlp,0.000000,0.000000,0.000000,1.000000,norm_normal_functional_failure
qwen3,phase291,L0-L4,logical,causal,logic_because_wind,cross_battn_amlp,1.000000,0.055083,1.011367,0.956284,1.122364,0.002159,519.734683,1.453012,1.453012,L2.mlp,0.000000,0.000000,0.000000,1.000000,norm_normal_functional_failure
qwen3,phase291,L0-L8,logical,causal,logic_because_wind,cross_battn_amlp,1.000000,0.135023,1.027105,0.892082,0.981918,0.003044,322.569859,1.806228,1.806228,L6.mlp,0.000000,0.000000,0.000000,1.000000,norm_normal_functional_failure
qwen3,phase291,L4-L8,logical,causal,logic_because_wind,cross_battn_amlp,1.000000,0.126921,0.803471,0.676550,1.070902,0.060637,17.660990,1.806228,1.806228,L6.mlp,0.000000,0.000000,0.000000,1.000000,norm_normal_functional_failure
qwen3,phase291,L0,logical,causal,logic_because_busy,cross_battn_amlp,1.000000,0.022824,0.989060,0.966236,1.161467,0.001390,835.326047,1.095473,1.095473,L0.attn,0.000000,0.000000,0.000000,1.000000,norm_normal_functional_failure
qwen3,phase291,L0-L2,logical,causal,logic_because_busy,cross_battn_amlp,1.000000,-0.010616,0.994050,1.004666,1.216147,0.003671,331.266982,1.095473,1.095473,L0.attn,0.000000,0.000000,0.000000,1.000000,norm_normal_functional_failure
qwen3,phase291,L0-L4,logical,causal,logic_because_busy,cross_battn_amlp,1.000000,0.006298,0.989206,0.982908,0.667356,0.005120,130.345483,1.860990,1.860990,L3.mlp,0.000000,0.000000,0.000000,1.000000,norm_normal_functional_failure
qwen3,phase291,L0-L8,logical,causal,logic_because_busy,cross_battn_amlp,1.000000,0.089437,0.999030,0.909593,2.063309,0.000936,2203.707449,1.860990,1.860990,L3.mlp,0.000000,0.000000,0.000000,1.000000,norm_normal_functional_failure
qwen3,phase291,L4-L8,logical,causal,logic_because_busy,cross_battn_amlp,1.000000,0.091870,0.987460,0.895590,2.241440,0.132845,16.872544,1.806233,1.806233,L6.mlp,0.000000,0.000000,0.000000,1.000000,norm_normal_functional_failure
qwen3,phase291,L0,logical,conditional,logic_if_rain,cross_battn_amlp,1.000000,0.332438,0.991521,0.659083,1.070513,0.000506,2116.926170,0.366454,-0.366454,L0.attn,0.000000,0.000000,0.000000,1.000000,norm_normal_functional_failure
qwen3,phase291,L0-L2,logical,conditional,logic_if_rain,cross_battn_amlp,1.000000,0.477457,0.991739,0.514283,0.919727,0.000637,1443.249920,1.219214,1.219214,L1.attn,0.000000,0.000000,0.000000,1.000000,norm_normal_functional_failure
qwen3,phase291,L0-L4,logical,conditional,logic_if_rain,cross_battn_amlp,1.000000,0.282732,1.005996,0.723264,1.121212,0.000493,2273.856319,1.219214,1.219214,L1.attn,0.000000,0.000000,0.000000,1.000000,norm_normal_functional_failure
qwen3,phase291,L0-L8,logical,conditional,logic_if_rain,cross_battn_amlp,1.000000,0.146860,1.013707,0.866847,1.023842,0.000611,1676.063539,1.219214,1.219214,L1.attn,0.000000,0.000000,0.000000,1.000000,norm_normal_functional_failure
qwen3,phase291,L4-L8,logical,conditional,logic_if_rain,cross_battn_amlp,1.000000,0.310728,0.864709,0.553981,0.953074,0.008885,107.272843,0.963096,-0.963096,L6.attn,0.000000,0.000000,0.000000,1.000000,norm_normal_functional_failure
qwen3,phase291,L0,logical,conditional,logic_if_hungry,cross_battn_amlp,1.000000,0.022526,0.990295,0.967769,1.812725,0.002191,827.525790,1.070730,-1.070730,L0.attn,0.000000,0.000000,0.000000,1.000000,norm_normal_functional_failure
qwen3,phase291,L0-L2,logical,conditional,logic_if_hungry,cross_battn_amlp,1.000000,-0.080970,1.001494,1.082464,1.497884,0.003973,376.990994,1.521788,1.521788,L2.attn,0.000000,0.000000,0.000000,1.000000,norm_normal_functional_failure
qwen3,phase291,L0-L4,logical,conditional,logic_if_hungry,cross_battn_amlp,1.000000,-0.249445,1.033377,1.282822,1.899228,0.004316,440.028907,2.809090,2.809090,L3.attn,0.000000,0.000000,0.000000,1.000000,norm_normal_functional_failure
qwen3,phase291,L0-L8,logical,conditional,logic_if_hungry,cross_battn_amlp,1.000000,0.213136,1.025947,0.812811,1.666413,0.006520,255.601225,2.809090,2.809090,L3.attn,0.000000,0.000000,0.000000,1.000000,norm_normal_functional_failure
qwen3,phase291,L4-L8,logical,conditional,logic_if_hungry,cross_battn_amlp,1.000000,0.017397,1.012757,0.995360,1.347702,0.138455,9.733880,1.899194,1.899194,L5.attn,0.000000,0.000000,0.000000,1.000000,norm_normal_functional_failure
qwen3,phase291,L0,logical,conditional,logic_if_alarm,cross_battn_amlp,1.000000,0.252865,0.991191,0.738325,1.366057,0.005592,244.280907,0.432940,0.432940,L0.attn,0.000000,0.000000,0.000000,1.000000,norm_normal_functional_failure
qwen3,phase291,L0-L2,logical,conditional,logic_if_alarm,cross_battn_amlp,1.000000,-0.140766,0.986213,1.126979,1.549808,0.000738,2099.211860,1.144727,1.144727,L2.mlp,0.000000,0.000000,0.000000,1.000000,norm_normal_functional_failure
qwen3,phase291,L0-L4,logical,conditional,logic_if_alarm,cross_battn_amlp,1.000000,-0.028515,0.981736,1.010251,1.113606,0.000226,4925.513158,1.436347,1.436347,L4.mlp,0.000000,0.000000,0.000000,1.000000,norm_normal_functional_failure
qwen3,phase291,L0-L8,logical,conditional,logic_if_alarm,cross_battn_amlp,1.000000,0.189170,0.987004,0.797834,0.449798,0.001302,345.564999,1.436347,1.436347,L4.mlp,0.000000,0.000000,0.000000,1.000000,norm_normal_functional_failure
qwen3,phase291,L4-L8,logical,conditional,logic_if_alarm,cross_battn_amlp,1.000000,0.249551,0.849751,0.600200,0.479362,0.044921,10.671329,1.436347,1.436347,L4.mlp,0.000000,0.000000,0.000000,1.000000,norm_normal_functional_failure
qwen3,phase291,L0,logical,conditional,logic_if_late,cross_battn_amlp,1.000000,-0.005285,0.987894,0.993179,0.796958,0.004221,188.800361,0.951316,0.951316,L0.attn,0.000000,0.000000,0.000000,1.000000,norm_normal_functional_failure
qwen3,phase291,L0-L2,logical,conditional,logic_if_late,cross_battn_amlp,1.000000,-0.102190,0.979593,1.081783,1.059620,0.004724,224.325598,0.951316,0.951316,L0.attn,0.000000,0.000000,0.000000,1.000000,norm_normal_functional_failure
qwen3,phase291,L0-L4,logical,conditional,logic_if_late,cross_battn_amlp,1.000000,0.094160,1.011169,0.917009,0.973432,0.001347,722.541831,2.177942,2.177942,L3.mlp,0.000000,0.000000,0.000000,1.000000,norm_normal_functional_failure
qwen3,phase291,L0-L8,logical,conditional,logic_if_late,cross_battn_amlp,1.000000,-0.064405,0.992237,1.056643,1.029465,0.001830,562.474026,2.177942,2.177942,L3.mlp,0.000000,0.000000,0.000000,1.000000,norm_normal_functional_failure
qwen3,phase291,L4-L8,logical,conditional,logic_if_late,cross_battn_amlp,1.000000,-0.130547,0.933562,1.064109,1.209481,0.050266,24.061515,1.099058,1.099058,L5.attn,0.000000,0.000000,0.000000,1.000000,norm_normal_functional_failure
qwen3,phase291,L0,logical,conditional,logic_if_ready,cross_battn_amlp,1.000000,0.039793,0.995728,0.955935,0.967883,0.010375,93.287641,1.234937,1.234937,L0.attn,0.000000,0.000000,0.000000,1.000000,norm_normal_functional_failure
qwen3,phase291,L0-L2,logical,conditional,logic_if_ready,cross_battn_amlp,1.000000,0.100965,1.006368,0.905403,1.312557,0.010259,127.941448,1.234937,1.234937,L0.attn,0.000000,0.000000,0.000000,1.000000,norm_normal_functional_failure
qwen3,phase291,L0-L4,logical,conditional,logic_if_ready,cross_battn_amlp,1.000000,0.060274,1.006574,0.946300,1.166741,0.003653,319.368638,1.234937,1.234937,L0.attn,0.000000,0.000000,0.000000,1.000000,norm_normal_functional_failure
qwen3,phase291,L0-L8,logical,conditional,logic_if_ready,cross_battn_amlp,1.000000,0.212487,1.000261,0.787774,0.585861,0.003629,161.416913,1.263640,1.263640,L5.attn,0.000000,0.000000,0.000000,1.000000,norm_normal_functional_failure
qwen3,phase291,L4-L8,logical,conditional,logic_if_ready,cross_battn_amlp,1.000000,0.253122,0.935903,0.682781,0.512929,0.081127,6.322548,1.263640,1.263640,L5.attn,0.000000,0.000000,0.000000,1.000000,norm_normal_functional_failure
qwen3,phase291,L0,logical,conditional,logic_if_sick,cross_battn_amlp,1.000000,0.033086,0.996846,0.963760,0.785971,0.001542,509.675502,0.553510,-0.553510,L0.attn,0.000000,0.000000,0.000000,1.000000,norm_normal_functional_failure
qwen3,phase291,L0-L2,logical,conditional,logic_if_sick,cross_battn_amlp,1.000000,-0.102479,1.002289,1.104768,1.096013,0.001294,846.832523,1.593507,1.593507,L1.attn,0.000000,0.000000,0.000000,1.000000,norm_normal_functional_failure
qwen3,phase291,L0-L4,logical,conditional,logic_if_sick,cross_battn_amlp,1.000000,-0.096565,1.013819,1.110385,1.268952,0.000963,1317.248761,1.593507,1.593507,L1.attn,0.000000,0.000000,0.000000,1.000000,norm_normal_functional_failure
qwen3,phase291,L0-L8,logical,conditional,logic_if_sick,cross_battn_amlp,1.000000,0.147741,1.005042,0.857301,0.863801,0.000389,2221.900401,1.593507,1.593507,L1.attn,0.000000,0.000000,0.000000,1.000000,norm_normal_functional_failure
qwen3,phase291,L4-L8,logical,conditional,logic_if_sick,cross_battn_amlp,1.000000,0.037692,0.959287,0.921596,0.993798,0.056537,17.577689,1.519015,-1.519015,L6.attn,0.000000,0.000000,0.000000,1.000000,norm_normal_functional_failure
qwen3,phase291,L0,logical,conditional,logic_if_safe,cross_battn_amlp,1.000000,-0.054886,0.977519,1.032405,1.049108,0.001336,785.301017,0.774108,0.774108,L0.attn,0.000000,0.000000,0.000000,1.000000,norm_normal_functional_failure
qwen3,phase291,L0-L2,logical,conditional,logic_if_safe,cross_battn_amlp,1.000000,0.109442,0.993166,0.883724,0.634039,0.000744,852.058141,0.774108,0.774108,L0.attn,0.000000,0.000000,0.000000,1.000000,norm_normal_functional_failure
qwen3,phase291,L0-L4,logical,conditional,logic_if_safe,cross_battn_amlp,1.000000,0.159672,1.001227,0.841556,0.610297,0.000766,797.073637,1.215376,1.215376,L4.mlp,0.000000,0.000000,0.000000,1.000000,norm_normal_functional_failure
qwen3,phase291,L0-L8,logical,conditional,logic_if_safe,cross_battn_amlp,1.000000,0.249002,1.011250,0.762248,0.633853,0.000079,8003.144383,1.215376,1.215376,L4.mlp,0.000000,0.000000,0.000000,1.000000,norm_normal_functional_failure
qwen3,phase291,L4-L8,logical,conditional,logic_if_safe,cross_battn_amlp,1.000000,0.165794,0.958553,0.792759,0.709302,0.035200,20.150914,1.215376,1.215376,L4.mlp,0.000000,0.000000,0.000000,1.000000,norm_normal_functional_failure
qwen3,phase291,L0,logical,conditional,logic_if_needed,cross_battn_amlp,1.000000,0.131042,0.985200,0.854157,0.900330,0.000668,1346.837942,0.110272,-0.110272,L0.mlp,0.000000,0.000000,0.000000,1.000000,norm_normal_functional_failure
qwen3,phase291,L0-L2,logical,conditional,logic_if_needed,cross_battn_amlp,1.000000,-0.011962,0.969909,0.981871,0.971673,0.000580,1675.145882,1.244609,1.244609,L1.attn,0.000000,0.000000,0.000000,1.000000,norm_normal_functional_failure
qwen3,phase291,L0-L4,logical,conditional,logic_if_needed,cross_battn_amlp,1.000000,0.098152,0.988332,0.890179,1.307009,0.000068,19321.591269,1.251214,1.251214,L3.attn,0.000000,0.000000,0.000000,1.000000,norm_normal_functional_failure
qwen3,phase291,L0-L8,logical,conditional,logic_if_needed,cross_battn_amlp,1.000000,0.183548,0.984941,0.801393,0.660581,0.001078,612.547700,1.822165,1.822165,L5.attn,0.000000,0.000000,0.000000,1.000000,norm_normal_functional_failure
qwen3,phase291,L4-L8,logical,conditional,logic_if_needed,cross_battn_amlp,1.000000,0.191698,0.957555,0.765856,0.687935,0.021850,31.484580,1.822165,1.822165,L5.attn,0.000000,0.000000,0.000000,1.000000,norm_normal_functional_failure
qwen3,phase291,L0,logical,contrast,logic_although_rain,cross_battn_amlp,1.000000,0.082126,1.026586,0.944460,1.044851,0.001348,775.279706,0.447714,0.447714,L0.mlp,0.000000,0.000000,0.000000,1.000000,norm_normal_functional_failure
qwen3,phase291,L0-L2,logical,contrast,logic_although_rain,cross_battn_amlp,1.000000,0.016126,0.974503,0.958378,1.041889,0.000631,1650.374700,1.633878,1.633878,L1.attn,0.000000,0.000000,0.000000,1.000000,norm_normal_functional_failure
qwen3,phase291,L0-L4,logical,contrast,logic_although_rain,cross_battn_amlp,1.000000,-0.043437,0.975337,1.018773,0.985627,0.000632,1559.886174,2.029587,2.029587,L4.mlp,0.000000,0.000000,0.000000,1.000000,norm_normal_functional_failure
qwen3,phase291,L0-L8,logical,contrast,logic_although_rain,cross_battn_amlp,1.000000,0.036242,0.981005,0.944763,0.929706,0.000145,6428.844115,2.935029,2.935029,L5.mlp,0.000000,0.000000,0.000000,1.000000,norm_normal_functional_failure
qwen3,phase291,L4-L8,logical,contrast,logic_although_rain,cross_battn_amlp,1.000000,0.056216,0.935327,0.879111,0.979810,0.140106,6.993362,2.935029,2.935029,L5.mlp,0.000000,0.000000,0.000000,1.000000,norm_normal_functional_failure
qwen3,phase291,L0,logical,contrast,logic_although_tired,cross_battn_amlp,1.000000,0.039665,1.001972,0.962307,0.763343,0.000685,1113.844731,1.820942,1.820942,L0.mlp,0.000000,0.000000,0.000000,1.000000,norm_normal_functional_failure
qwen3,phase291,L0-L2,logical,contrast,logic_although_tired,cross_battn_amlp,1.000000,-0.291564,1.015084,1.306648,1.346801,0.001539,875.299389,1.820942,1.820942,L0.mlp,0.000000,0.000000,0.000000,1.000000,norm_normal_functional_failure
qwen3,phase291,L0-L4,logical,contrast,logic_although_tired,cross_battn_amlp,1.000000,-0.036914,1.019540,1.056454,0.882778,0.001092,808.600280,1.820942,1.820942,L0.mlp,0.000000,0.000000,0.000000,1.000000,norm_normal_functional_failure
qwen3,phase291,L0-L8,logical,contrast,logic_although_tired,cross_battn_amlp,1.000000,-0.207075,1.014606,1.221681,1.085243,0.000760,1428.509364,2.676773,2.676773,L5.mlp,0.000000,0.000000,0.000000,1.000000,norm_normal_functional_failure
qwen3,phase291,L4-L8,logical,contrast,logic_although_tired,cross_battn_amlp,1.000000,-0.227931,0.953832,1.181763,1.164796,0.062760,18.559471,2.676773,2.676773,L5.mlp,0.000000,0.000000,0.000000,1.000000,norm_normal_functional_failure
qwen3,phase291,L0,logical,contrast,logic_although_expensive,cross_battn_amlp,1.000000,0.281408,1.011287,0.729879,0.640665,0.002663,240.607844,0.690146,0.690146,L0.mlp,0.000000,0.000000,0.000000,1.000000,norm_normal_functional_failure
qwen3,phase291,L0-L2,logical,contrast,logic_although_expensive,cross_battn_amlp,1.000000,0.220585,1.004643,0.784058,0.798329,0.000788,1013.202594,0.693834,0.693834,L2.attn,0.000000,0.000000,0.000000,1.000000,norm_normal_functional_failure
qwen3,phase291,L0-L4,logical,contrast,logic_although_expensive,cross_battn_amlp,1.000000,0.363472,0.999263,0.635791,0.760737,0.000885,859.798044,1.541382,1.541382,L3.mlp,0.000000,0.000000,0.000000,1.000000,norm_normal_functional_failure
qwen3,phase291,L0-L8,logical,contrast,logic_although_expensive,cross_battn_amlp,1.000000,-0.622608,1.011951,1.634559,3.112974,0.000719,4332.152445,2.442376,2.442376,L6.mlp,0.000000,0.000000,0.000000,1.000000,norm_normal_functional_failure
qwen3,phase291,L4-L8,logical,contrast,logic_although_expensive,cross_battn_amlp,1.000000,-0.740692,0.772889,1.513581,3.366028,0.244968,13.740684,2.442376,2.442376,L6.mlp,0.000000,0.000000,0.000000,1.000000,norm_normal_functional_failure
qwen3,phase291,L0,logical,contrast,logic_although_small,cross_battn_amlp,1.000000,-0.021446,0.992226,1.013671,1.152348,0.001835,628.126793,1.523822,1.523822,L0.mlp,0.000000,0.000000,0.000000,1.000000,norm_normal_functional_failure
qwen3,phase291,L0-L2,logical,contrast,logic_although_small,cross_battn_amlp,1.000000,-0.020844,0.990055,1.010898,0.913905,0.002137,427.604633,1.685204,1.685204,L2.attn,0.000000,0.000000,0.000000,1.000000,norm_normal_functional_failure
qwen3,phase291,L0-L4,logical,contrast,logic_although_small,cross_battn_amlp,1.000000,0.031753,0.990180,0.958428,1.110727,0.002651,418.983437,1.685204,1.685204,L2.attn,0.000000,0.000000,0.000000,1.000000,norm_normal_functional_failure
qwen3,phase291,L0-L8,logical,contrast,logic_although_small,cross_battn_amlp,1.000000,0.207583,0.993807,0.786224,1.963618,0.001200,1636.290742,2.442383,2.442383,L6.mlp,0.000000,0.000000,0.000000,1.000000,norm_normal_functional_failure
qwen3,phase291,L4-L8,logical,contrast,logic_although_small,cross_battn_amlp,1.000000,0.220109,0.887826,0.667718,1.743396,0.218777,7.968834,2.442383,2.442383,L6.mlp,0.000000,0.000000,0.000000,1.000000,norm_normal_functional_failure
qwen3,phase291,L0,logical,contrast,logic_although_late,cross_battn_amlp,1.000000,-0.027520,1.026658,1.054178,0.662508,0.003818,173.521322,1.302104,1.302104,L0.mlp,0.000000,0.000000,0.000000,1.000000,norm_normal_functional_failure
qwen3,phase291,L0-L2,logical,contrast,logic_although_late,cross_battn_amlp,1.000000,0.110215,1.013017,0.902802,1.164427,0.006855,169.864601,1.302104,1.302104,L0.mlp,0.000000,0.000000,0.000000,1.000000,norm_normal_functional_failure
qwen3,phase291,L0-L4,logical,contrast,logic_although_late,cross_battn_amlp,1.000000,0.129757,1.007498,0.877741,1.337684,0.006814,196.314719,1.302104,1.302104,L0.mlp,0.000000,0.000000,0.000000,1.000000,norm_normal_functional_failure
qwen3,phase291,L0-L8,logical,contrast,logic_although_late,cross_battn_amlp,1.000000,-0.021203,0.999838,1.021041,1.845371,0.002689,686.353030,2.442382,2.442382,L6.mlp,0.000000,0.000000,0.000000,1.000000,norm_normal_functional_failure
qwen3,phase291,L4-L8,logical,contrast,logic_although_late,cross_battn_amlp,1.000000,0.026962,0.915041,0.888079,1.819704,0.082486,22.060775,2.442382,2.442382,L6.mlp,0.000000,0.000000,0.000000,1.000000,norm_normal_functional_failure
qwen3,phase291,L0,logical,contrast,logic_although_new,cross_battn_amlp,1.000000,0.036914,1.049234,1.012320,0.916658,0.001503,609.836973,0.559955,0.559955,L0.mlp,0.000000,0.000000,0.000000,1.000000,norm_normal_functional_failure
qwen3,phase291,L0-L2,logical,contrast,logic_although_new,cross_battn_amlp,1.000000,0.096010,1.035472,0.939462,0.877035,0.004001,219.210746,1.307922,1.307922,L2.attn,0.000000,0.000000,0.000000,1.000000,norm_normal_functional_failure
qwen3,phase291,L0-L4,logical,contrast,logic_although_new,cross_battn_amlp,1.000000,0.056542,1.008619,0.952078,0.959428,0.006213,154.432914,1.307922,1.307922,L2.attn,0.000000,0.000000,0.000000,1.000000,norm_normal_functional_failure
qwen3,phase291,L0-L8,logical,contrast,logic_although_new,cross_battn_amlp,1.000000,0.111523,1.002821,0.891299,0.894664,0.000346,2587.377705,2.442385,2.442385,L6.mlp,0.000000,0.000000,0.000000,1.000000,norm_normal_functional_failure
qwen3,phase291,L4-L8,logical,contrast,logic_although_new,cross_battn_amlp,1.000000,0.100121,0.946550,0.846430,0.918211,0.112266,8.178858,2.442385,2.442385,L6.mlp,0.000000,0.000000,0.000000,1.000000,norm_normal_functional_failure
qwen3,phase291,L0,logical,contrast,logic_although_cold,cross_battn_amlp,1.000000,-0.008069,1.003430,1.011499,0.984563,0.000458,2148.253588,0.994078,0.994078,L0.mlp,0.000000,0.000000,0.000000,1.000000,norm_normal_functional_failure
qwen3,phase291,L0-L2,logical,contrast,logic_although_cold,cross_battn_amlp,1.000000,-0.034719,1.005213,1.039932,0.687658,0.000108,6375.138293,1.137294,1.137294,L1.attn,0.000000,0.000000,0.000000,1.000000,norm_normal_functional_failure
qwen3,phase291,L0-L4,logical,contrast,logic_although_cold,cross_battn_amlp,1.000000,-0.015169,1.003302,1.018472,0.749393,0.000358,2092.207846,1.137294,1.137294,L1.attn,0.000000,0.000000,0.000000,1.000000,norm_normal_functional_failure
qwen3,phase291,L0-L8,logical,contrast,logic_although_cold,cross_battn_amlp,1.000000,0.331760,0.998174,0.666414,0.867141,0.000338,2568.741628,2.442382,2.442382,L6.mlp,0.000000,0.000000,0.000000,1.000000,norm_normal_functional_failure
qwen3,phase291,L4-L8,logical,contrast,logic_although_cold,cross_battn_amlp,1.000000,0.295028,0.882522,0.587493,0.893190,0.046942,19.027417,2.442382,2.442382,L6.mlp,0.000000,0.000000,0.000000,1.000000,norm_normal_functional_failure
qwen3,phase291,L0,logical,contrast,logic_although_busy,cross_battn_amlp,1.000000,0.050704,1.030037,0.979332,0.986318,0.000562,1755.763085,1.119334,1.119334,L0.mlp,0.000000,0.000000,0.000000,1.000000,norm_normal_functional_failure
qwen3,phase291,L0-L2,logical,contrast,logic_although_busy,cross_battn_amlp,1.000000,0.069105,1.003901,0.934796,1.026365,0.000645,1591.701493,1.700216,1.700216,L1.attn,0.000000,0.000000,0.000000,1.000000,norm_normal_functional_failure
qwen3,phase291,L0-L4,logical,contrast,logic_although_busy,cross_battn_amlp,1.000000,-0.037779,0.997226,1.035006,0.939941,0.001350,696.260471,1.945428,1.945428,L3.mlp,0.000000,0.000000,0.000000,1.000000,norm_normal_functional_failure
qwen3,phase291,L0-L8,logical,contrast,logic_although_busy,cross_battn_amlp,1.000000,0.034458,1.035307,1.000849,0.872569,0.001661,525.240707,2.527167,2.527167,L5.mlp,0.000000,0.000000,0.000000,1.000000,norm_normal_functional_failure
qwen3,phase291,L0-L8,logical,contrast,logic_although_busy,cross_aattn_bmlp,1.000000,0.488370,1.035307,0.546938,0.142044,0.001661,85.503207,2.013965,2.013965,L3.mlp,0.000000,0.000000,0.000000,1.000000,norm_normal_functional_failure
qwen3,phase291,L4-L8,logical,contrast,logic_although_busy,cross_battn_amlp,1.000000,-0.016601,0.820795,0.837395,0.968635,0.358676,2.700585,2.527167,2.527167,L5.mlp,0.000000,0.000000,0.000000,1.000000,norm_normal_functional_failure
qwen3,phase291,L0,logical,inference,logic_therefore_rain,cross_battn_amlp,1.000000,0.077962,1.022593,0.944631,1.106566,0.004804,230.349786,1.308684,1.308684,L0.attn,0.000000,0.000000,0.000000,1.000000,norm_normal_functional_failure
qwen3,phase291,L0-L2,logical,inference,logic_therefore_rain,cross_battn_amlp,1.000000,0.308906,1.013033,0.704128,2.872747,0.004817,596.412687,1.400152,1.400152,L1.attn,0.000000,0.000000,0.000000,1.000000,norm_normal_functional_failure
qwen3,phase291,L0-L4,logical,inference,logic_therefore_rain,cross_battn_amlp,1.000000,0.116254,1.001692,0.885438,1.483717,0.003462,428.632508,2.560099,2.560099,L3.mlp,0.000000,0.000000,0.000000,1.000000,norm_normal_functional_failure
qwen3,phase291,L0-L8,logical,inference,logic_therefore_rain,cross_battn_amlp,1.000000,0.255590,1.004056,0.748466,2.316745,0.002645,875.904642,2.560099,2.560099,L3.mlp,0.000000,0.000000,0.000000,1.000000,norm_normal_functional_failure
qwen3,phase291,L4-L8,logical,inference,logic_therefore_rain,cross_battn_amlp,1.000000,0.251217,1.054136,0.802919,2.480056,0.246151,10.075359,2.344288,2.344288,L4.attn,0.000000,0.000000,0.000000,1.000000,norm_normal_functional_failure
qwen3,phase291,L0,logical,inference,logic_therefore_study,cross_battn_amlp,1.000000,-0.041390,0.992661,1.034051,1.157614,0.006784,170.634993,1.985895,1.985895,L0.mlp,0.000000,0.000000,0.000000,1.000000,norm_normal_functional_failure
qwen3,phase291,L0-L2,logical,inference,logic_therefore_study,cross_battn_amlp,1.000000,-0.067381,1.007320,1.074701,1.362634,0.007981,170.741598,1.985895,1.985895,L0.mlp,0.000000,0.000000,0.000000,1.000000,norm_normal_functional_failure
qwen3,phase291,L0-L4,logical,inference,logic_therefore_study,cross_battn_amlp,1.000000,-0.116484,1.003404,1.119887,1.604156,0.009782,163.987178,1.985895,1.985895,L0.mlp,0.000000,0.000000,0.000000,1.000000,norm_normal_functional_failure
qwen3,phase291,L0-L8,logical,inference,logic_therefore_study,cross_battn_amlp,1.000000,0.130324,1.018028,0.887704,1.096421,0.004442,246.816060,1.985895,1.985895,L0.mlp,0.000000,0.000000,0.000000,1.000000,norm_normal_functional_failure
qwen3,phase291,L4-L8,logical,inference,logic_therefore_study,cross_battn_amlp,1.000000,0.107530,0.791274,0.683744,1.022057,0.537100,1.902916,1.759736,1.759736,L4.attn,0.000000,0.000000,0.000000,1.000000,norm_normal_functional_failure
qwen3,phase291,L0,logical,inference,logic_therefore_heat,cross_battn_amlp,1.000000,0.043053,0.996906,0.953853,0.859634,0.012314,69.810709,0.110832,-0.110832,L0.mlp,0.000000,0.000000,0.000000,1.000000,norm_normal_functional_failure
qwen3,phase291,L0-L2,logical,inference,logic_therefore_heat,cross_battn_amlp,1.000000,0.099644,0.994616,0.894972,0.902021,0.013320,67.718328,0.736761,-0.736761,L1.mlp,0.000000,0.000000,0.000000,1.000000,norm_normal_functional_failure
qwen3,phase291,L0-L4,logical,inference,logic_therefore_heat,cross_battn_amlp,1.000000,0.093972,1.011966,0.917994,0.785043,0.009421,83.329332,0.795545,0.795545,L3.mlp,0.000000,0.000000,0.000000,1.000000,norm_normal_functional_failure
qwen3,phase291,L0-L8,logical,inference,logic_therefore_heat,cross_battn_amlp,1.000000,0.105567,1.018672,0.913105,0.941449,0.008742,107.686760,1.034918,1.034918,L7.attn,0.000000,0.000000,0.000000,1.000000,norm_normal_functional_failure
qwen3,phase291,L4-L8,logical,inference,logic_therefore_heat,cross_battn_amlp,1.000000,0.079800,0.884874,0.805073,0.976268,2.032622,0.480300,1.034918,1.034918,L7.attn,0.000000,0.000000,0.000000,1.000000,norm_normal_functional_failure
qwen3,phase291,L0,logical,inference,logic_therefore_save,cross_battn_amlp,1.000000,0.039311,0.972801,0.933489,0.969594,0.034769,27.886355,0.366522,-0.366522,L0.attn,0.000000,0.000000,0.000000,1.000000,norm_normal_functional_failure
qwen3,phase291,L0-L2,logical,inference,logic_therefore_save,cross_battn_amlp,1.000000,0.101697,0.975918,0.874221,0.915582,0.011112,82.394886,1.361974,1.361974,L1.attn,0.000000,0.000000,0.000000,1.000000,norm_normal_functional_failure
qwen3,phase291,L0-L4,logical,inference,logic_therefore_save,cross_battn_amlp,1.000000,0.130413,1.002405,0.871992,0.872795,0.001484,588.183869,1.361974,1.361974,L1.attn,0.000000,0.000000,0.000000,1.000000,norm_normal_functional_failure
qwen3,phase291,L0-L8,logical,inference,logic_therefore_save,cross_battn_amlp,1.000000,0.287154,1.011333,0.724178,0.834566,0.002895,288.262213,1.442845,-1.442845,L6.attn,0.000000,0.000000,0.000000,1.000000,norm_normal_functional_failure
qwen3,phase291,L4-L8,logical,inference,logic_therefore_save,cross_battn_amlp,1.000000,0.199120,0.905884,0.706764,0.822526,0.121272,6.782497,1.442845,-1.442845,L6.attn,0.000000,0.000000,0.000000,1.000000,norm_normal_functional_failure
qwen3,phase291,L0,logical,inference,logic_therefore_alarm,cross_battn_amlp,1.000000,-0.011705,0.995633,1.007339,0.956359,0.000438,2182.344865,0.852945,0.852945,L0.mlp,0.000000,0.000000,0.000000,1.000000,norm_normal_functional_failure
qwen3,phase291,L0-L2,logical,inference,logic_therefore_alarm,cross_battn_amlp,1.000000,-0.035351,0.987565,1.022916,0.812883,0.001106,734.769117,0.852945,0.852945,L0.mlp,0.000000,0.000000,0.000000,1.000000,norm_normal_functional_failure
qwen3,phase291,L0-L4,logical,inference,logic_therefore_alarm,cross_battn_amlp,1.000000,0.020847,0.964977,0.944130,0.783712,0.001148,682.465564,0.852945,0.852945,L0.mlp,0.000000,0.000000,0.000000,1.000000,norm_normal_functional_failure
qwen3,phase291,L0-L8,logical,inference,logic_therefore_alarm,cross_battn_amlp,1.000000,-0.004220,1.051167,1.055387,0.869113,0.000287,3027.494069,0.946155,0.946155,L5.attn,0.000000,0.000000,0.000000,1.000000,norm_normal_functional_failure
qwen3,phase291,L4-L8,logical,inference,logic_therefore_alarm,cross_battn_amlp,1.000000,0.018592,1.549340,1.530748,1.010959,0.349938,2.888966,0.946155,0.946155,L5.attn,0.000000,0.000000,0.000000,1.000000,norm_normal_functional_failure
qwen3,phase291,L0,logical,inference,logic_therefore_traffic,cross_battn_amlp,1.000000,-0.115576,1.006305,1.121880,0.997519,0.003661,272.465168,1.174881,1.174881,L0.mlp,0.000000,0.000000,0.000000,1.000000,norm_normal_functional_failure
qwen3,phase291,L0-L2,logical,inference,logic_therefore_traffic,cross_battn_amlp,1.000000,-0.108225,1.010247,1.118472,0.909748,0.004243,214.401715,1.174881,1.174881,L0.mlp,0.000000,0.000000,0.000000,1.000000,norm_normal_functional_failure
qwen3,phase291,L0-L4,logical,inference,logic_therefore_traffic,cross_battn_amlp,1.000000,-0.254859,1.002687,1.257546,1.182676,0.001078,1096.604389,2.208331,2.208331,L4.mlp,0.000000,0.000000,0.000000,1.000000,norm_normal_functional_failure
qwen3,phase291,L0-L8,logical,inference,logic_therefore_traffic,cross_battn_amlp,1.000000,-0.119147,1.017211,1.136358,0.718362,0.003498,205.374003,2.234849,2.234849,L5.mlp,0.000000,0.000000,0.000000,1.000000,norm_normal_functional_failure
qwen3,phase291,L4-L8,logical,inference,logic_therefore_traffic,cross_battn_amlp,1.000000,-0.014047,0.592333,0.606380,0.790288,0.100980,7.826175,2.234849,2.234849,L5.mlp,0.000000,0.000000,0.000000,1.000000,norm_normal_functional_failure
qwen3,phase291,L0,logical,inference,logic_therefore_battery,cross_battn_amlp,1.000000,0.192832,0.987771,0.794939,1.418774,0.019580,72.460194,0.806088,0.806088,L0.attn,0.000000,0.000000,0.000000,1.000000,norm_normal_functional_failure
qwen3,phase291,L0-L2,logical,inference,logic_therefore_battery,cross_battn_amlp,1.000000,0.008892,1.025712,1.016820,1.882148,0.010261,183.419692,0.877909,0.877909,L2.attn,0.000000,0.000000,0.000000,1.000000,norm_normal_functional_failure
qwen3,phase291,L0-L4,logical,inference,logic_therefore_battery,cross_battn_amlp,1.000000,0.058383,1.017388,0.959005,1.323235,0.010003,132.278966,1.047230,1.047230,L4.attn,0.000000,0.000000,0.000000,1.000000,norm_normal_functional_failure
qwen3,phase291,L0-L8,logical,inference,logic_therefore_battery,cross_battn_amlp,1.000000,0.174751,0.997501,0.822750,2.244063,0.011933,188.057284,1.047230,1.047230,L4.attn,0.000000,0.000000,0.000000,1.000000,norm_normal_functional_failure
qwen3,phase291,L4-L8,logical,inference,logic_therefore_battery,cross_battn_amlp,1.000000,0.123732,0.901493,0.777761,3.136194,1.051565,2.982406,1.047230,1.047230,L4.attn,0.000000,0.000000,0.000000,1.000000,norm_normal_functional_failure
qwen3,phase291,L0,logical,inference,logic_therefore_training,cross_battn_amlp,1.000000,0.007829,0.989998,0.982169,1.131424,0.002743,412.527907,1.211402,1.211402,L0.mlp,0.000000,0.000000,0.000000,1.000000,norm_normal_functional_failure
qwen3,phase291,L0-L2,logical,inference,logic_therefore_training,cross_battn_amlp,1.000000,0.048806,1.000283,0.951477,0.997600,0.003520,283.383535,1.211402,1.211402,L0.mlp,0.000000,0.000000,0.000000,1.000000,norm_normal_functional_failure
qwen3,phase291,L0-L4,logical,inference,logic_therefore_training,cross_battn_amlp,1.000000,0.000915,0.999880,0.998964,1.054345,0.003957,266.467264,1.211402,1.211402,L0.mlp,0.000000,0.000000,0.000000,1.000000,norm_normal_functional_failure
qwen3,phase291,L0-L8,logical,inference,logic_therefore_training,cross_battn_amlp,1.000000,0.115312,1.008005,0.892693,0.767272,0.003803,201.741534,1.878731,1.878731,L5.attn,0.000000,0.000000,0.000000,1.000000,norm_normal_functional_failure
qwen3,phase291,L4-L8,logical,inference,logic_therefore_training,cross_battn_amlp,1.000000,0.093054,0.864349,0.771295,0.870342,0.126894,6.858808,1.878731,1.878731,L5.attn,0.000000,0.000000,0.000000,1.000000,norm_normal_functional_failure
qwen3,phase291,L0,negation,existential_no,neg_found_nothing,cross_battn_amlp,1.000000,0.044836,0.983437,0.938600,1.040387,0.005272,197.343449,2.131113,-2.131113,L0.attn,0.000000,0.000000,0.000000,1.000000,norm_normal_functional_failure
qwen3,phase291,L0-L2,negation,existential_no,neg_found_nothing,cross_battn_amlp,1.000000,0.015004,0.994442,0.979438,0.956586,0.003565,268.317030,2.131113,-2.131113,L0.attn,0.000000,0.000000,0.000000,1.000000,norm_normal_functional_failure
qwen3,phase291,L0-L4,negation,existential_no,neg_found_nothing,cross_battn_amlp,1.000000,-0.008487,0.996130,1.004617,0.928861,0.005364,173.166740,2.131113,-2.131113,L0.attn,0.000000,0.000000,0.000000,1.000000,norm_normal_functional_failure
qwen3,phase291,L0-L8,negation,existential_no,neg_found_nothing,cross_battn_amlp,1.000000,0.087515,0.994579,0.907065,0.810973,0.005305,152.869904,2.131113,-2.131113,L0.attn,0.000000,0.000000,0.000000,1.000000,norm_normal_functional_failure
qwen3,phase291,L4-L8,negation,existential_no,neg_found_nothing,cross_battn_amlp,1.000000,0.043412,0.865220,0.821808,0.950372,0.063149,15.049742,1.791164,-1.791164,L4.mlp,0.000000,0.000000,0.000000,1.000000,norm_normal_functional_failure
qwen3,phase291,L0,negation,existential_no,neg_no_food,cross_battn_amlp,1.000000,0.006076,0.986724,0.980648,1.020994,0.003384,301.756365,0.996810,-0.996810,L0.attn,0.000000,0.000000,0.000000,1.000000,norm_normal_functional_failure
qwen3,phase291,L0-L2,negation,existential_no,neg_no_food,cross_battn_amlp,1.000000,0.016356,0.986134,0.969777,1.112766,0.002204,504.818220,1.395740,-1.395740,L2.mlp,0.000000,0.000000,0.000000,1.000000,norm_normal_functional_failure
qwen3,phase291,L0-L4,negation,existential_no,neg_no_food,cross_battn_amlp,1.000000,0.019724,0.977620,0.957896,1.046030,0.002469,423.669865,1.395740,-1.395740,L2.mlp,0.000000,0.000000,0.000000,1.000000,norm_normal_functional_failure
qwen3,phase291,L0-L8,negation,existential_no,neg_no_food,cross_battn_amlp,1.000000,0.473731,0.992233,0.518503,0.338022,0.001430,236.354071,1.409394,-1.409394,L8.attn,0.000000,0.000000,0.000000,1.000000,norm_normal_functional_failure
qwen3,phase291,L4-L8,negation,existential_no,neg_no_food,cross_battn_amlp,1.000000,0.431639,0.973311,0.541671,0.361103,0.008281,43.607187,1.409394,-1.409394,L8.attn,0.000000,0.000000,0.000000,1.000000,norm_normal_functional_failure
qwen3,phase291,L0,negation,existential_no,neg_no_idea,cross_battn_amlp,1.000000,0.222453,1.008740,0.786287,0.672814,0.009781,68.787509,0.303884,-0.303884,L0.attn,0.000000,0.000000,0.000000,1.000000,norm_normal_functional_failure
qwen3,phase291,L0-L2,negation,existential_no,neg_no_idea,cross_battn_amlp,1.000000,0.373421,1.014089,0.640668,0.635627,0.014845,42.818741,1.414962,1.414962,L1.attn,0.000000,0.000000,0.000000,1.000000,norm_normal_functional_failure
qwen3,phase291,L0,negation,existential_no,neg_no_reason,cross_battn_amlp,1.000000,0.086698,0.998344,0.911646,0.894797,0.007506,119.214542,0.912632,-0.912632,L0.mlp,0.000000,0.000000,0.000000,1.000000,norm_normal_functional_failure
qwen3,phase291,L0-L2,negation,existential_no,neg_no_reason,cross_battn_amlp,1.000000,0.304097,1.010783,0.706685,0.460819,0.003125,147.443910,1.275927,1.275927,L2.mlp,0.000000,0.000000,0.000000,1.000000,norm_normal_functional_failure
qwen3,phase291,L0-L4,negation,existential_no,neg_no_reason,cross_battn_amlp,1.000000,0.254325,1.016056,0.761731,0.486894,0.002586,188.305515,1.275927,1.275927,L2.mlp,0.000000,0.000000,0.000000,1.000000,norm_normal_functional_failure
qwen3,phase291,L0-L8,negation,existential_no,neg_no_reason,cross_battn_amlp,1.000000,0.469098,1.016458,0.547360,0.215190,0.001274,168.890405,1.275927,1.275927,L2.mlp,0.000000,0.000000,0.000000,1.000000,norm_normal_functional_failure
qwen3,phase291,L0,negation,existential_no,neg_no_choice,cross_battn_amlp,1.000000,0.053757,1.013960,0.960203,0.888413,0.016525,53.761746,0.410925,0.410925,L0.mlp,0.000000,0.000000,0.000000,1.000000,norm_normal_functional_failure
qwen3,phase291,L0-L2,negation,existential_no,neg_no_choice,cross_battn_amlp,1.000000,0.139216,0.992810,0.853594,1.464541,0.004026,363.756017,1.839227,1.839227,L1.mlp,0.000000,0.000000,0.000000,1.000000,norm_normal_functional_failure
qwen3,phase291,L0-L4,negation,existential_no,neg_no_choice,cross_battn_amlp,1.000000,0.258671,0.988243,0.729572,1.372510,0.003282,418.154959,1.839227,1.839227,L1.mlp,0.000000,0.000000,0.000000,1.000000,norm_normal_functional_failure
qwen3,phase291,L0-L8,negation,existential_no,neg_no_choice,cross_battn_amlp,1.000000,0.395649,1.000392,0.604742,0.694939,0.014642,47.461814,1.839227,1.839227,L1.mlp,0.000000,0.000000,0.000000,1.000000,norm_normal_functional_failure
qwen3,phase291,L0-L2,negation,lexical_not_adj,neg_happy,cross_battn_amlp,1.000000,0.246790,0.908875,0.662085,0.701684,0.068092,10.304961,2.293859,-2.293859,L0.mlp,0.000000,0.000000,0.000000,1.000000,norm_normal_functional_failure
qwen3,phase291,L0-L4,negation,lexical_not_adj,neg_happy,cross_battn_amlp,1.000000,0.009716,0.917303,0.907587,0.895511,0.066431,13.480418,2.293859,-2.293859,L0.mlp,0.000000,0.000000,0.000000,1.000000,norm_normal_functional_failure
qwen3,phase291,L0-L8,negation,lexical_not_adj,neg_happy,cross_battn_amlp,1.000000,-0.171884,0.950152,1.122036,0.891281,0.053454,16.673737,2.293859,-2.293859,L0.mlp,0.000000,0.000000,0.000000,1.000000,norm_normal_functional_failure
qwen3,phase291,L4-L8,negation,lexical_not_adj,neg_happy,cross_battn_amlp,1.000000,-0.178168,0.826184,1.004352,0.964325,0.051509,18.721541,1.973676,-1.973676,L4.attn,0.000000,0.000000,0.000000,1.000000,norm_normal_functional_failure
qwen3,phase291,L0-L2,negation,lexical_not_adj,neg_possible,cross_battn_amlp,1.000000,0.641577,1.202986,0.561409,0.821668,0.131388,6.253736,1.953290,-1.953290,L0.mlp,0.000000,0.000000,0.000000,1.000000,norm_normal_functional_failure
qwen3,phase291,L0-L4,negation,lexical_not_adj,neg_possible,cross_battn_amlp,1.000000,0.595134,1.187368,0.592234,0.997982,0.176011,5.669987,1.953290,-1.953290,L0.mlp,0.000000,0.000000,0.000000,1.000000,norm_normal_functional_failure
qwen3,phase291,L0-L8,negation,lexical_not_adj,neg_possible,cross_battn_amlp,1.000000,0.069038,1.199788,1.130750,1.061321,0.047608,22.292916,1.953290,-1.953290,L0.mlp,0.000000,0.000000,0.000000,1.000000,norm_normal_functional_failure
qwen3,phase291,L4-L8,negation,lexical_not_adj,neg_possible,cross_battn_amlp,1.000000,-0.013349,0.981646,0.994995,1.201953,0.156649,7.672906,1.265996,-1.265996,L5.mlp,0.000000,0.000000,0.000000,1.000000,norm_normal_functional_failure
qwen3,phase291,L0-L4,negation,lexical_not_adj,neg_important,cross_battn_amlp,1.000000,0.046813,1.185849,1.139035,0.428596,0.029280,14.637697,1.855830,-1.855830,L4.attn,0.000000,0.000000,0.000000,1.000000,norm_normal_functional_failure
qwen3,phase291,L0-L8,negation,lexical_not_adj,neg_important,cross_battn_amlp,1.000000,0.408482,1.215060,0.806578,0.384466,0.028567,13.458302,2.232904,-2.232904,L7.attn,0.000000,0.000000,0.000000,1.000000,norm_normal_functional_failure
qwen3,phase291,L4-L8,negation,lexical_not_adj,neg_important,cross_battn_amlp,1.000000,0.389136,1.260176,0.871040,0.417071,0.022678,18.391119,2.232904,-2.232904,L7.attn,0.000000,0.000000,0.000000,1.000000,norm_normal_functional_failure
qwen3,phase291,L0-L4,negation,lexical_not_adj,neg_clear,cross_battn_amlp,1.000000,0.631448,1.293635,0.662187,0.622109,0.033763,18.425754,1.655191,-1.655191,L0.mlp,0.000000,0.000000,0.000000,1.000000,norm_normal_functional_failure
qwen3,phase291,L0-L8,negation,lexical_not_adj,neg_clear,cross_battn_amlp,1.000000,-0.176147,1.272760,1.448907,0.659913,0.016644,39.647606,1.655191,-1.655191,L0.mlp,0.000000,0.000000,0.000000,1.000000,norm_normal_functional_failure
qwen3,phase291,L4-L8,negation,lexical_not_adj,neg_clear,cross_battn_amlp,1.000000,-0.363625,1.242363,1.605988,0.590796,0.016710,35.355014,1.526846,-1.526846,L5.mlp,0.000000,0.000000,0.000000,1.000000,norm_normal_functional_failure
qwen3,phase291,L0-L4,negation,lexical_not_adj,neg_safe,cross_battn_amlp,1.000000,0.070781,0.759690,0.688909,0.548343,0.105824,5.181636,1.757956,-1.757956,L2.attn,0.000000,0.000000,0.000000,1.000000,norm_normal_functional_failure
qwen3,phase291,L0-L8,negation,lexical_not_adj,neg_safe,cross_battn_amlp,1.000000,0.088256,0.850317,0.762061,0.866316,0.070554,12.278850,1.757956,-1.757956,L2.attn,0.000000,0.000000,0.000000,1.000000,norm_normal_functional_failure
qwen3,phase291,L4-L8,negation,lexical_not_adj,neg_safe,cross_battn_amlp,1.000000,0.096279,0.720865,0.624586,0.993381,0.146789,6.767386,1.654375,-1.654375,L4.mlp,0.000000,0.000000,0.000000,1.000000,norm_normal_functional_failure
qwen3,phase291,L0-L4,negation,lexical_not_adj,neg_fair,cross_battn_amlp,1.000000,0.260855,0.770757,0.509901,1.239428,0.473278,2.618818,1.526753,-1.526753,L0.mlp,0.000000,0.000000,0.000000,1.000000,norm_normal_functional_failure
qwen3,phase291,L4-L8,negation,lexical_not_adj,neg_fair,cross_battn_amlp,1.000000,0.147997,0.674821,0.526824,0.721733,0.435411,1.657591,1.568843,-1.568843,L7.mlp,0.000000,0.000000,0.000000,1.000000,norm_normal_functional_failure
qwen3,phase291,L0,negation,morphological_neg,neg_impossible,cross_battn_amlp,1.000000,0.114995,0.993133,0.878139,0.904951,0.005226,173.161019,1.849268,-1.849268,L0.mlp,0.000000,0.000000,0.000000,1.000000,norm_normal_functional_failure
qwen3,phase291,L0-L2,negation,morphological_neg,neg_impossible,cross_battn_amlp,1.000000,0.036565,0.964636,0.928072,0.862624,0.005386,160.150695,2.206800,-2.206800,L1.attn,0.000000,0.000000,0.000000,1.000000,norm_normal_functional_failure
qwen3,phase291,L0-L4,negation,morphological_neg,neg_impossible,cross_battn_amlp,1.000000,0.052718,0.980782,0.928064,0.866581,0.005445,159.159741,2.206800,-2.206800,L1.attn,0.000000,0.000000,0.000000,1.000000,norm_normal_functional_failure
qwen3,phase291,L0-L8,negation,morphological_neg,neg_impossible,cross_battn_amlp,1.000000,0.019885,0.967765,0.947880,0.885365,0.001580,560.299432,2.206800,-2.206800,L1.attn,0.000000,0.000000,0.000000,1.000000,norm_normal_functional_failure
qwen3,phase291,L4-L8,negation,morphological_neg,neg_impossible,cross_battn_amlp,1.000000,-0.044550,0.645018,0.689568,0.892619,0.177649,5.024622,2.188163,-2.188163,L5.mlp,0.000000,0.000000,0.000000,1.000000,norm_normal_functional_failure
qwen3,phase291,L0,negation,morphological_neg,neg_unacceptable,cross_battn_amlp,1.000000,0.019882,0.989519,0.969637,0.939141,0.005816,161.485879,1.329173,-1.329173,L0.attn,0.000000,0.000000,0.000000,1.000000,norm_normal_functional_failure
qwen3,phase291,L0-L2,negation,morphological_neg,neg_unacceptable,cross_battn_amlp,1.000000,0.030308,0.982090,0.951783,0.912963,0.005642,161.823432,2.099314,-2.099314,L1.attn,0.000000,0.000000,0.000000,1.000000,norm_normal_functional_failure
qwen3,phase291,L0-L4,negation,morphological_neg,neg_unacceptable,cross_battn_amlp,1.000000,0.029738,0.985533,0.955796,0.897321,0.004070,220.448786,2.099314,-2.099314,L1.attn,0.000000,0.000000,0.000000,1.000000,norm_normal_functional_failure
qwen3,phase291,L0-L8,negation,morphological_neg,neg_unacceptable,cross_battn_amlp,1.000000,0.039145,0.993984,0.954839,0.855945,0.002875,297.692813,2.247664,-2.247664,L8.mlp,0.000000,0.000000,0.000000,1.000000,norm_normal_functional_failure
qwen3,phase291,L4-L8,negation,morphological_neg,neg_unacceptable,cross_battn_amlp,1.000000,0.025845,0.739270,0.713425,0.868304,0.137383,6.320325,2.247664,-2.247664,L8.mlp,0.000000,0.000000,0.000000,1.000000,norm_normal_functional_failure
qwen3,phase291,L0,negation,morphological_neg,neg_incomplete,cross_battn_amlp,1.000000,0.026495,0.991131,0.964637,1.001163,0.001955,512.163784,1.731329,-1.731329,L0.mlp,0.000000,0.000000,0.000000,1.000000,norm_normal_functional_failure
qwen3,phase291,L0-L2,negation,morphological_neg,neg_incomplete,cross_battn_amlp,1.000000,0.017254,0.996850,0.979595,0.987014,0.002882,342.517500,2.137977,-2.137977,L1.attn,0.000000,0.000000,0.000000,1.000000,norm_normal_functional_failure
qwen3,phase291,L0-L4,negation,morphological_neg,neg_incomplete,cross_battn_amlp,1.000000,0.024466,0.999931,0.975465,1.046171,0.001482,706.008103,2.177813,-2.177813,L4.attn,0.000000,0.000000,0.000000,1.000000,norm_normal_functional_failure
qwen3,phase291,L0-L8,negation,morphological_neg,neg_incomplete,cross_battn_amlp,1.000000,0.016257,0.993582,0.977324,1.006125,0.001533,656.221556,2.266347,-2.266347,L5.attn,0.000000,0.000000,0.000000,1.000000,norm_normal_functional_failure
qwen3,phase291,L4-L8,negation,morphological_neg,neg_incomplete,cross_battn_amlp,1.000000,-0.001456,0.865948,0.867404,1.009729,0.044302,22.791834,2.266347,-2.266347,L5.attn,0.000000,0.000000,0.000000,1.000000,norm_normal_functional_failure
qwen3,phase291,L0,negation,morphological_neg,neg_irrelevant,cross_battn_amlp,1.000000,0.012605,0.994733,0.982127,0.998388,0.008174,122.139163,1.546765,-1.546765,L0.mlp,0.000000,0.000000,0.000000,1.000000,norm_normal_functional_failure
qwen3,phase291,L0-L2,negation,morphological_neg,neg_irrelevant,cross_battn_amlp,1.000000,0.013178,1.003707,0.990529,1.024749,0.012516,81.875617,2.231842,-2.231842,L1.attn,0.000000,0.000000,0.000000,1.000000,norm_normal_functional_failure
qwen3,phase291,L0-L4,negation,morphological_neg,neg_irrelevant,cross_battn_amlp,1.000000,0.016164,0.993148,0.976984,0.933223,0.002146,434.958160,2.231842,-2.231842,L1.attn,0.000000,0.000000,0.000000,1.000000,norm_normal_functional_failure
qwen3,phase291,L0-L8,negation,morphological_neg,neg_irrelevant,cross_battn_amlp,1.000000,0.023068,0.999779,0.976711,1.004204,0.012305,81.609866,2.231842,-2.231842,L1.attn,0.000000,0.000000,0.000000,1.000000,norm_normal_functional_failure
qwen3,phase291,L4-L8,negation,morphological_neg,neg_irrelevant,cross_battn_amlp,1.000000,0.007896,0.818521,0.810625,1.005618,0.076024,13.227562,2.209166,-2.209166,L7.mlp,0.000000,0.000000,0.000000,1.000000,norm_normal_functional_failure
qwen3,phase291,L0,negation,morphological_neg,neg_dishonest,cross_battn_amlp,1.000000,-0.008001,0.972144,0.980145,1.190848,0.008155,146.034559,1.834724,-1.834724,L0.mlp,0.000000,0.000000,0.000000,1.000000,norm_normal_functional_failure
qwen3,phase291,L0-L2,negation,morphological_neg,neg_dishonest,cross_battn_amlp,1.000000,-0.017017,0.967562,0.984579,1.257928,0.010508,119.706373,2.210084,-2.210084,L2.attn,0.000000,0.000000,0.000000,1.000000,norm_normal_functional_failure
qwen3,phase291,L0-L4,negation,morphological_neg,neg_dishonest,cross_battn_amlp,1.000000,0.043004,0.992693,0.949688,1.005016,0.017445,57.611924,2.210084,-2.210084,L2.attn,0.000000,0.000000,0.000000,1.000000,norm_normal_functional_failure
qwen3,phase291,L0-L8,negation,morphological_neg,neg_dishonest,cross_battn_amlp,1.000000,0.024396,0.997009,0.972613,1.254974,0.014569,86.142813,2.210084,-2.210084,L2.attn,0.000000,0.000000,0.000000,1.000000,norm_normal_functional_failure
qwen3,phase291,L4-L8,negation,morphological_neg,neg_dishonest,cross_battn_amlp,1.000000,-0.017562,0.497602,0.515164,1.195112,0.312617,3.822923,2.191414,-2.191414,L5.attn,0.000000,0.000000,0.000000,1.000000,norm_normal_functional_failure
qwen3,phase291,L0,negation,morphological_neg,neg_incorrect,cross_battn_amlp,1.000000,0.052931,0.982817,0.929886,1.200308,0.011028,108.841677,2.336590,-2.336590,L0.mlp,0.000000,0.000000,0.000000,1.000000,norm_normal_functional_failure
qwen3,phase291,L0-L2,negation,morphological_neg,neg_incorrect,cross_battn_amlp,1.000000,0.049388,0.987368,0.937980,1.070312,0.002426,441.261971,2.336590,-2.336590,L0.mlp,0.000000,0.000000,0.000000,1.000000,norm_normal_functional_failure
qwen3,phase291,L0-L4,negation,morphological_neg,neg_incorrect,cross_battn_amlp,1.000000,0.032789,0.990111,0.957322,1.125402,0.016245,69.275635,2.336590,-2.336590,L0.mlp,0.000000,0.000000,0.000000,1.000000,norm_normal_functional_failure
qwen3,phase291,L0-L8,negation,morphological_neg,neg_incorrect,cross_battn_amlp,1.000000,0.023204,0.989338,0.966134,0.954554,0.015443,61.812757,2.423035,-2.423035,L7.mlp,0.000000,0.000000,0.000000,1.000000,norm_normal_functional_failure
qwen3,phase291,L4-L8,negation,morphological_neg,neg_incorrect,cross_battn_amlp,1.000000,0.004777,0.825578,0.820801,1.075956,0.049464,21.752229,2.423035,-2.423035,L7.mlp,0.000000,0.000000,0.000000,1.000000,norm_normal_functional_failure
qwen3,phase291,L0,negation,never,neg_seen_before,cross_battn_amlp,1.000000,0.193821,0.768163,0.574342,0.739384,0.035974,20.553037,0.935921,-0.935921,L0.attn,0.000000,0.000000,0.000000,1.000000,norm_normal_functional_failure
qwen3,phase291,L0-L8,negation,never,neg_seen_before,cross_battn_amlp,1.000000,0.331711,0.844551,0.512840,0.504275,0.032405,15.561693,0.935921,-0.935921,L0.attn,0.000000,0.000000,0.000000,1.000000,norm_normal_functional_failure
qwen3,phase291,L4-L8,negation,never,neg_seen_before,cross_battn_amlp,1.000000,0.308174,0.910325,0.602151,0.881976,0.052539,16.787231,0.899732,0.899732,L5.attn,0.000000,0.000000,0.000000,1.000000,norm_normal_functional_failure
qwen3,phase291,L0,negation,never,neg_been_paris,cross_battn_amlp,1.000000,0.524356,1.100245,0.575889,1.118810,0.020993,53.294110,1.047200,-1.047200,L0.attn,0.000000,0.000000,0.000000,1.000000,norm_normal_functional_failure
qwen3,phase291,L0-L2,negation,never,neg_been_paris,cross_battn_amlp,1.000000,0.482194,1.056723,0.574529,0.978966,0.041059,23.842800,1.150205,-1.150205,L1.mlp,0.000000,0.000000,0.000000,1.000000,norm_normal_functional_failure
qwen3,phase291,L0-L4,negation,never,neg_been_paris,cross_battn_amlp,1.000000,0.134633,1.063024,0.928391,0.888898,0.032209,27.597647,1.150205,-1.150205,L1.mlp,0.000000,0.000000,0.000000,1.000000,norm_normal_functional_failure
qwen3,phase291,L0-L8,negation,never,neg_been_paris,cross_battn_amlp,1.000000,0.314953,1.052907,0.737954,0.775497,0.081425,9.524065,1.503947,-1.503947,L6.attn,0.000000,0.000000,0.000000,1.000000,norm_normal_functional_failure
qwen3,phase291,L4-L8,negation,never,neg_been_paris,cross_battn_amlp,1.000000,0.219505,1.027719,0.808214,0.916507,0.080996,11.315428,1.503947,-1.503947,L6.attn,0.000000,0.000000,0.000000,1.000000,norm_normal_functional_failure
qwen3,phase291,L0-L4,negation,never,neg_told_secret,cross_battn_amlp,1.000000,0.272050,0.899992,0.627942,0.447582,0.143719,3.114286,0.932005,-0.932005,L1.mlp,0.000000,0.000000,0.000000,1.000000,norm_normal_functional_failure
qwen3,phase291,L0-L8,negation,never,neg_told_secret,cross_battn_amlp,1.000000,0.303173,0.854185,0.551011,0.313406,0.054182,5.784379,0.933847,-0.933847,L6.attn,0.000000,0.000000,0.000000,1.000000,norm_normal_functional_failure
qwen3,phase291,L0,negation,never,neg_gives_up,cross_battn_amlp,1.000000,0.107517,1.000734,0.893217,0.919199,0.006959,132.088231,2.040650,-2.040650,L0.attn,0.000000,0.000000,0.000000,1.000000,norm_normal_functional_failure
qwen3,phase291,L0-L2,negation,never,neg_gives_up,cross_battn_amlp,1.000000,0.158854,0.994392,0.835538,0.919359,0.007310,125.762225,2.040650,-2.040650,L0.attn,0.000000,0.000000,0.000000,1.000000,norm_normal_functional_failure
qwen3,phase291,L0-L4,negation,never,neg_gives_up,cross_battn_amlp,1.000000,0.138619,0.990312,0.851693,1.089277,0.006979,156.070038,2.040650,-2.040650,L0.attn,0.000000,0.000000,0.000000,1.000000,norm_normal_functional_failure
qwen3,phase291,L0-L8,negation,never,neg_gives_up,cross_battn_amlp,1.000000,0.344602,0.986088,0.641485,0.753182,0.002496,301.758939,2.040650,-2.040650,L0.attn,0.000000,0.000000,0.000000,1.000000,norm_normal_functional_failure
qwen3,phase291,L4-L8,negation,never,neg_gives_up,cross_battn_amlp,1.000000,0.299024,0.902678,0.603654,0.889917,0.031165,28.555258,1.690328,-1.690328,L6.attn,0.000000,0.000000,0.000000,1.000000,norm_normal_functional_failure
qwen3,phase291,L0,negation,never,neg_forgets_face,cross_battn_amlp,1.000000,0.254497,1.001978,0.747482,3.111248,0.279076,11.148401,0.903103,-0.903103,L0.attn,0.000000,0.000000,0.000000,1.000000,norm_normal_functional_failure
qwen3,phase291,L0-L2,negation,never,neg_forgets_face,cross_battn_amlp,1.000000,0.395952,0.997533,0.601580,0.664027,0.268381,2.474192,0.999064,-0.999064,L2.mlp,0.000000,0.000000,0.000000,1.000000,norm_normal_functional_failure
qwen3,phase291,L0-L4,negation,never,neg_forgets_face,cross_battn_amlp,1.000000,0.117642,0.997406,0.879764,0.994758,0.286602,3.470873,1.858816,1.858816,L3.mlp,0.000000,0.000000,0.000000,1.000000,norm_normal_functional_failure
qwen3,phase291,L0-L8,negation,never,neg_forgets_face,cross_battn_amlp,1.000000,0.239150,1.006234,0.767085,0.717368,0.317998,2.255891,1.858816,1.858816,L3.mlp,0.000000,0.000000,0.000000,1.000000,norm_normal_functional_failure
qwen3,phase291,L4-L8,negation,never,neg_forgets_face,cross_battn_amlp,1.000000,0.209102,0.981824,0.772722,0.754228,0.362690,2.079539,1.108229,-1.108229,L6.attn,0.000000,0.000000,0.000000,1.000000,norm_normal_functional_failure
qwen3,phase291,L0,negation,never,neg_late,cross_battn_amlp,1.000000,-0.018766,1.003978,1.022744,0.955624,0.033204,28.780133,1.874258,-1.874258,L0.attn,0.000000,0.000000,0.000000,1.000000,norm_normal_functional_failure
qwen3,phase291,L0-L2,negation,never,neg_late,cross_battn_amlp,1.000000,0.017838,1.002178,0.984340,0.940363,0.035504,26.485777,1.874258,-1.874258,L0.attn,0.000000,0.000000,0.000000,1.000000,norm_normal_functional_failure
qwen3,phase291,L0-L4,negation,never,neg_late,cross_battn_amlp,1.000000,-0.000978,0.998380,0.999358,1.138902,0.020404,55.816940,1.874258,-1.874258,L0.attn,0.000000,0.000000,0.000000,1.000000,norm_normal_functional_failure
qwen3,phase291,L0-L8,negation,never,neg_late,cross_battn_amlp,1.000000,0.127869,0.997508,0.869639,2.240590,0.002022,1108.174608,1.874258,-1.874258,L0.attn,0.000000,0.000000,0.000000,1.000000,norm_normal_functional_failure
qwen3,phase291,L4-L8,negation,never,neg_late,cross_battn_amlp,1.000000,0.077948,0.836143,0.758195,1.572690,0.376722,4.174671,1.857129,-1.857129,L4.attn,0.000000,0.000000,0.000000,1.000000,norm_normal_functional_failure
qwen3,phase291,L4-L8,negation,never,neg_late,cross_aattn_bmlp,1.000000,0.291301,0.836143,0.544842,0.672949,0.376722,1.786328,2.014403,-2.014403,L4.attn,0.000000,0.000000,0.000000,1.000000,norm_normal_functional_failure
qwen3,phase291,L0-L2,negation,scope_quantifier,neg_not_all,cross_battn_amlp,1.000000,0.272790,0.860571,0.587781,0.664071,0.062365,10.648159,2.103535,-2.103535,L2.mlp,0.000000,0.000000,0.000000,1.000000,norm_normal_functional_failure
qwen3,phase291,L0-L4,negation,scope_quantifier,neg_not_all,cross_battn_amlp,1.000000,0.045644,0.854642,0.808997,1.117634,0.068139,16.402301,2.103535,-2.103535,L2.mlp,0.000000,0.000000,0.000000,1.000000,norm_normal_functional_failure
qwen3,phase291,L0,negation,scope_quantifier,neg_not_everyone,cross_battn_amlp,1.000000,0.315855,1.076675,0.760820,0.785742,0.029773,26.391273,2.602519,-2.602519,L0.attn,0.000000,0.000000,0.000000,1.000000,norm_normal_functional_failure
qwen3,phase291,L0-L4,negation,scope_quantifier,neg_not_everyone,cross_battn_amlp,1.000000,0.068142,1.032203,0.964060,0.613755,0.182473,3.363546,2.602519,-2.602519,L0.attn,0.000000,0.000000,0.000000,1.000000,norm_normal_functional_failure
qwen3,phase291,L0-L8,negation,scope_quantifier,neg_not_everyone,cross_battn_amlp,1.000000,0.125300,1.246525,1.121225,0.880841,0.028699,30.691924,2.602519,-2.602519,L0.attn,0.000000,0.000000,0.000000,1.000000,norm_normal_functional_failure
qwen3,phase291,L4-L8,negation,scope_quantifier,neg_not_everyone,cross_battn_amlp,1.000000,0.001866,0.772089,0.770223,0.981251,0.054432,18.027037,2.119528,-2.119528,L8.mlp,0.000000,0.000000,0.000000,1.000000,norm_normal_functional_failure
qwen3,phase291,L0-L8,negation,scope_quantifier,neg_not_always,cross_aattn_bmlp,1.000000,0.494519,1.196104,0.701585,0.518793,0.076637,6.769466,1.225512,1.225512,L1.mlp,0.000000,0.000000,0.000000,1.000000,norm_normal_functional_failure
qwen3,phase291,L4-L8,negation,scope_quantifier,neg_not_always,cross_aattn_bmlp,1.000000,0.177358,1.249320,1.071962,1.382185,0.046059,30.008915,0.921882,0.921882,L7.mlp,0.000000,0.000000,0.000000,1.000000,norm_normal_functional_failure
qwen3,phase291,L0-L4,negation,scope_quantifier,neg_not_entirely,cross_battn_amlp,1.000000,0.144679,0.755801,0.611122,0.385637,0.131908,2.923536,0.946557,-0.946557,L3.mlp,0.000000,0.000000,0.000000,1.000000,norm_normal_functional_failure
qwen3,phase291,L0-L8,negation,scope_quantifier,neg_not_entirely,cross_battn_amlp,1.000000,-0.084956,0.755700,0.840656,2.078077,0.094116,22.079899,0.946557,-0.946557,L3.mlp,0.000000,0.000000,0.000000,1.000000,norm_normal_functional_failure
qwen3,phase291,L4-L8,negation,scope_quantifier,neg_not_entirely,cross_battn_amlp,1.000000,-0.159461,0.693822,0.853283,1.798290,0.050843,35.369406,0.863794,-0.863794,L5.attn,0.000000,0.000000,0.000000,1.000000,norm_normal_functional_failure
qwen3,phase291,L0,negation,scope_quantifier,neg_not_necessarily,cross_battn_amlp,1.000000,0.212383,0.881147,0.668764,1.178036,0.918721,1.282257,1.764347,1.764347,L0.mlp,0.000000,0.000000,0.000000,1.000000,norm_normal_functional_failure
qwen3,phase291,L0-L2,negation,scope_quantifier,neg_not_necessarily,cross_battn_amlp,1.000000,-0.043322,1.128859,1.172181,1.736865,1.525185,1.138790,2.238863,-2.238863,L2.mlp,0.000000,0.000000,0.000000,1.000000,norm_normal_functional_failure
qwen3,phase291,L0-L4,negation,scope_quantifier,neg_not_necessarily,cross_battn_amlp,1.000000,0.088457,1.138445,1.049988,1.474434,1.524313,0.967278,2.477312,2.477312,L3.attn,0.000000,0.000000,0.000000,1.000000,norm_normal_functional_failure
qwen3,phase291,L0-L8,negation,scope_quantifier,neg_not_necessarily,cross_battn_amlp,1.000000,0.148693,0.917293,0.768600,0.833682,0.688421,1.211007,2.477312,2.477312,L3.attn,0.000000,0.000000,0.000000,1.000000,norm_normal_functional_failure
qwen3,phase291,L4-L8,negation,scope_quantifier,neg_not_necessarily,cross_battn_amlp,1.000000,0.110616,0.761163,0.650547,0.978755,0.699887,1.398447,2.344510,2.344510,L5.mlp,0.000000,0.000000,0.000000,1.000000,norm_normal_functional_failure
qwen3,phase291,L0-L8,negation,scope_quantifier,neg_not_completely,cross_battn_amlp,1.000000,0.224284,0.928349,0.704065,0.520782,0.097188,5.358505,1.647308,-1.647308,L3.mlp,0.000000,0.000000,0.000000,1.000000,norm_normal_functional_failure
qwen3,phase291,L4-L8,negation,scope_quantifier,neg_not_completely,cross_battn_amlp,1.000000,0.167987,0.957137,0.789150,0.573065,0.151061,3.793595,1.098656,-1.098656,L8.attn,0.000000,0.000000,0.000000,1.000000,norm_normal_functional_failure
qwen3,phase291,L0-L8,negation,syntactic_do_not,neg_remember,cross_battn_amlp,1.000000,0.224705,0.842716,0.618011,1.169008,0.158671,7.367478,1.731368,-1.731368,L4.mlp,0.000000,0.000000,0.000000,1.000000,norm_normal_functional_failure
qwen3,phase291,L4-L8,negation,syntactic_do_not,neg_remember,cross_battn_amlp,1.000000,0.222667,0.838727,0.616060,1.246530,0.239220,5.210803,1.731368,-1.731368,L4.mlp,0.000000,0.000000,0.000000,1.000000,norm_normal_functional_failure
qwen3,phase291,L0,negation,syntactic_do_not,neg_understand,cross_battn_amlp,1.000000,-0.085100,0.723864,0.808964,0.937421,0.715409,1.310329,1.218977,-1.218977,L0.mlp,0.000000,0.000000,0.000000,1.000000,norm_normal_functional_failure
qwen3,phase291,L4-L8,negation,syntactic_do_not,neg_understand,cross_battn_amlp,1.000000,0.198108,0.939543,0.741435,1.045707,2.641896,0.395817,1.457319,-1.457319,L5.mlp,0.000000,0.000000,0.000000,1.000000,norm_normal_functional_failure
qwen3,phase291,L4-L8,negation,syntactic_do_not,neg_understand,cross_aattn_bmlp,1.000000,0.311984,0.939543,0.627558,0.505137,2.641896,0.191202,1.836128,-1.836128,L4.attn,0.000000,0.000000,0.000000,1.000000,norm_normal_functional_failure
qwen3,phase291,L0-L4,negation,syntactic_do_not,neg_know,cross_battn_amlp,1.000000,0.451302,1.091527,0.640225,0.417838,0.023162,18.039717,1.327949,-1.327949,L3.mlp,0.000000,0.000000,0.000000,1.000000,norm_normal_functional_failure
qwen3,phase291,L0-L8,negation,syntactic_do_not,neg_know,cross_battn_amlp,1.000000,0.243377,1.080813,0.837436,0.355772,0.044841,7.934071,1.327949,-1.327949,L3.mlp,0.000000,0.000000,0.000000,1.000000,norm_normal_functional_failure
qwen3,phase291,L4-L8,negation,syntactic_do_not,neg_know,cross_battn_amlp,1.000000,0.065228,0.897233,0.832005,0.662164,0.068724,9.635120,1.138252,-1.138252,L4.mlp,0.000000,0.000000,0.000000,1.000000,norm_normal_functional_failure
qwen3,phase291,L4-L8,negation,syntactic_do_not,neg_support,cross_battn_amlp,1.000000,0.215525,1.257769,1.042244,1.169484,0.294184,3.975344,1.186590,-1.186590,L4.attn,0.000000,0.000000,0.000000,1.000000,norm_normal_functional_failure
qwen3,phase291,L4-L8,negation,syntactic_do_not,neg_support,cross_aattn_bmlp,1.000000,0.714040,1.257769,0.543729,0.246173,0.294184,0.836800,1.293244,-1.293244,L5.attn,0.000000,0.000000,0.000000,1.000000,norm_normal_functional_failure
qwen3,phase291,L0-L4,negation,syntactic_do_not,neg_accept,cross_battn_amlp,1.000000,-0.243327,0.684890,0.928217,0.983090,0.063629,15.450368,1.113471,-1.113471,L2.attn,0.000000,0.000000,0.000000,1.000000,norm_normal_functional_failure
qwen3,phase291,L0-L8,negation,syntactic_do_not,neg_expect,cross_battn_amlp,1.000000,0.338260,0.987595,0.649335,0.663425,0.115089,5.764426,1.562139,-1.562139,L7.attn,0.000000,0.000000,0.000000,1.000000,norm_normal_functional_failure
qwen3,phase291,L0-L2,passive,by_phrase,pass_dog_cat,cross_battn_amlp,1.000000,0.549633,1.170556,0.620924,0.222325,0.018970,11.720012,1.361156,-1.361156,L0.mlp,0.000000,0.000000,0.000000,1.000000,norm_normal_functional_failure
qwen3,phase291,L0-L8,passive,by_phrase,pass_dog_cat,cross_battn_amlp,1.000000,0.362970,1.144918,0.781948,0.691945,0.024947,27.737153,1.361156,-1.361156,L0.mlp,0.000000,0.000000,0.000000,1.000000,norm_normal_functional_failure
qwen3,phase291,L4-L8,passive,by_phrase,pass_dog_cat,cross_battn_amlp,1.000000,0.236972,1.062214,0.825243,0.909643,0.041158,22.101044,1.181393,1.181393,L6.attn,0.000000,0.000000,0.000000,1.000000,norm_normal_functional_failure
qwen3,phase291,L0,passive,by_phrase,pass_author_book,cross_battn_amlp,1.000000,0.412958,1.007965,0.595007,0.763133,0.395202,1.930993,0.293578,0.293578,L0.attn,0.000000,0.000000,0.000000,1.000000,norm_normal_functional_failure
qwen3,phase291,L0-L4,passive,by_phrase,pass_author_book,cross_battn_amlp,1.000000,0.460472,0.974708,0.514235,0.840425,0.164941,5.095317,0.893559,-0.893559,L4.mlp,0.000000,0.000000,0.000000,1.000000,norm_normal_functional_failure
qwen3,phase291,L4-L8,passive,by_phrase,pass_workers_bridge,cross_battn_amlp,1.000000,0.412926,1.163571,0.750645,0.537124,1.698462,0.316241,1.162820,1.162820,L6.attn,0.000000,0.000000,0.000000,1.000000,norm_normal_functional_failure
qwen3,phase291,L4-L8,passive,by_phrase,pass_workers_bridge,cross_aattn_bmlp,1.000000,0.479502,1.163571,0.684068,0.115082,1.698462,0.067757,0.896457,-0.896457,L4.mlp,0.000000,0.000000,0.000000,1.000000,norm_normal_functional_failure
qwen3,phase291,L0,passive,by_phrase,pass_chef_meal,cross_battn_amlp,1.000000,0.306708,0.881233,0.574525,0.277315,0.052257,5.306746,0.702202,-0.702202,L0.mlp,0.000000,0.000000,0.000000,1.000000,norm_normal_functional_failure
qwen3,phase291,L0-L2,passive,by_phrase,pass_chef_meal,cross_battn_amlp,1.000000,0.310873,0.877752,0.566879,0.388981,0.031654,12.288422,0.702202,-0.702202,L0.mlp,0.000000,0.000000,0.000000,1.000000,norm_normal_functional_failure
qwen3,phase291,L0-L4,passive,by_phrase,pass_chef_meal,cross_battn_amlp,1.000000,0.206307,0.868784,0.662477,1.174522,0.036700,32.003001,1.685628,1.685628,L3.mlp,0.000000,0.000000,0.000000,1.000000,norm_normal_functional_failure
qwen3,phase291,L0-L8,passive,by_phrase,pass_chef_meal,cross_battn_amlp,1.000000,0.278363,0.894968,0.616605,1.128882,0.032163,35.099304,1.685628,1.685628,L3.mlp,0.000000,0.000000,0.000000,1.000000,norm_normal_functional_failure
qwen3,phase291,L4-L8,passive,by_phrase,pass_chef_meal,cross_battn_amlp,1.000000,0.251430,0.761487,0.510057,1.190848,0.047496,25.072504,1.170666,1.170666,L6.attn,0.000000,0.000000,0.000000,1.000000,norm_normal_functional_failure
qwen3,phase291,L0-L4,passive,by_phrase,pass_artist_picture,cross_battn_amlp,1.000000,0.157251,0.784429,0.627177,1.536085,0.196435,7.819818,1.526689,1.526689,L3.mlp,0.000000,0.000000,0.000000,1.000000,norm_normal_functional_failure
qwen3,phase291,L0-L8,passive,by_phrase,pass_artist_picture,cross_battn_amlp,1.000000,0.207255,0.865158,0.657904,0.991507,0.230437,4.302718,1.526689,1.526689,L3.mlp,0.000000,0.000000,0.000000,1.000000,norm_normal_functional_failure
qwen3,phase291,L0,passive,by_phrase,pass_storm_roof,cross_battn_amlp,1.000000,0.179976,1.107740,0.927764,0.206263,0.140847,1.464447,0.424513,0.424513,L0.attn,0.000000,0.000000,0.000000,1.000000,norm_normal_functional_failure
qwen3,phase291,L0-L2,passive,by_phrase,pass_storm_roof,cross_battn_amlp,1.000000,0.418148,1.069979,0.651831,0.569389,0.121868,4.672190,2.785029,2.785029,L2.mlp,0.000000,0.000000,0.000000,1.000000,norm_normal_functional_failure
qwen3,phase291,L0-L4,passive,by_phrase,pass_storm_roof,cross_battn_amlp,1.000000,0.458102,1.069803,0.611700,0.384155,0.113300,3.390594,2.785029,2.785029,L2.mlp,0.000000,0.000000,0.000000,1.000000,norm_normal_functional_failure
qwen3,phase291,L0-L8,passive,by_phrase,pass_storm_roof,cross_battn_amlp,1.000000,0.118365,1.052912,0.934547,0.327089,0.058859,5.557136,2.785029,2.785029,L2.mlp,0.000000,0.000000,0.000000,1.000000,norm_normal_functional_failure
qwen3,phase291,L4-L8,passive,by_phrase,pass_storm_roof,cross_battn_amlp,1.000000,0.047381,1.323143,1.275761,0.376005,0.238438,1.576953,1.191130,1.191130,L6.attn,0.000000,0.000000,0.000000,1.000000,norm_normal_functional_failure
qwen3,phase291,L0-L8,passive,by_phrase,pass_police_driver,cross_battn_amlp,1.000000,0.355621,0.892560,0.536939,0.354664,0.035502,9.989927,1.173678,1.173678,L6.attn,0.000000,0.000000,0.000000,1.000000,norm_normal_functional_failure
qwen3,phase291,L4-L8,passive,by_phrase,pass_police_driver,cross_battn_amlp,1.000000,0.315876,1.030703,0.714826,0.516320,0.221788,2.327992,1.173678,1.173678,L6.attn,0.000000,0.000000,0.000000,1.000000,norm_normal_functional_failure
qwen3,phase291,L0,passive,dative_passive,pass_gift_given,cross_battn_amlp,1.000000,0.421765,0.955799,0.534034,0.254629,0.034985,7.278184,1.239343,1.239343,L0.attn,0.000000,0.000000,0.000000,1.000000,norm_normal_functional_failure
qwen3,phase291,L0-L4,passive,dative_passive,pass_gift_given,cross_battn_amlp,1.000000,0.334611,0.963818,0.629207,2.053186,0.033547,61.202540,1.239343,1.239343,L0.attn,0.000000,0.000000,0.000000,1.000000,norm_normal_functional_failure
qwen3,phase291,L0-L8,passive,dative_passive,pass_gift_given,cross_battn_amlp,1.000000,0.456471,0.992710,0.536240,0.617549,0.028667,21.542081,1.753753,1.753753,L8.attn,0.000000,0.000000,0.000000,1.000000,norm_normal_functional_failure
qwen3,phase291,L4-L8,passive,dative_passive,pass_gift_given,cross_battn_amlp,1.000000,0.352275,0.902337,0.550062,0.785466,0.047502,16.535417,1.753753,1.753753,L8.attn,0.000000,0.000000,0.000000,1.000000,norm_normal_functional_failure
qwen3,phase291,L0,passive,dative_passive,pass_award_given,cross_battn_amlp,1.000000,0.083620,0.958837,0.875217,1.420190,0.152310,9.324340,1.183452,1.183452,L0.attn,0.000000,0.000000,0.000000,1.000000,norm_normal_functional_failure
qwen3,phase291,L0-L8,passive,dative_passive,pass_award_given,cross_battn_amlp,1.000000,0.312017,1.008339,0.696322,0.844080,0.091930,9.181781,1.211861,1.211861,L6.attn,0.000000,0.000000,0.000000,1.000000,norm_normal_functional_failure
qwen3,phase291,L4-L8,passive,dative_passive,pass_award_given,cross_battn_amlp,1.000000,0.160800,0.875557,0.714757,0.869727,0.232311,3.743805,1.211861,1.211861,L6.attn,0.000000,0.000000,0.000000,1.000000,norm_normal_functional_failure
qwen3,phase291,L4-L8,passive,dative_passive,pass_offer_made,cross_battn_amlp,1.000000,0.210324,0.770036,0.559712,1.069278,0.067310,15.885925,1.528512,1.528512,L6.attn,0.000000,0.000000,0.000000,1.000000,norm_normal_functional_failure
qwen3,phase291,L0,passive,dative_passive,pass_task_assigned,cross_battn_amlp,1.000000,-0.011302,0.730282,0.741584,0.969822,0.135242,7.171018,0.697266,0.697266,L0.attn,0.000000,0.000000,0.000000,1.000000,norm_normal_functional_failure
qwen3,phase291,L0-L8,passive,dative_passive,pass_task_assigned,cross_battn_amlp,1.000000,-0.093582,0.568769,0.662351,0.739421,0.064992,11.377087,1.567000,1.567000,L8.mlp,0.000000,0.000000,0.000000,1.000000,norm_normal_functional_failure
qwen3,phase291,L0-L8,passive,dative_passive,pass_ticket_sent,cross_battn_amlp,1.000000,0.054012,0.655287,0.601275,0.636118,0.021042,30.230719,1.846356,1.846356,L8.attn,0.000000,0.000000,0.000000,1.000000,norm_normal_functional_failure
qwen3,phase291,L4-L8,passive,dative_passive,pass_ticket_sent,cross_battn_amlp,1.000000,0.006059,0.843751,0.837693,0.802071,0.193510,4.144850,1.846356,1.846356,L8.attn,0.000000,0.000000,0.000000,1.000000,norm_normal_functional_failure
qwen3,phase291,L0,passive,dative_passive,pass_chance_given,cross_battn_amlp,1.000000,0.364607,0.919753,0.555147,2.394692,0.049685,48.197775,1.135182,1.135182,L0.attn,0.000000,0.000000,0.000000,1.000000,norm_normal_functional_failure
qwen3,phase291,L0-L2,passive,dative_passive,pass_chance_given,cross_battn_amlp,1.000000,0.340411,1.001524,0.661113,0.173193,0.032740,5.289881,1.246024,1.246024,L2.attn,0.000000,0.000000,0.000000,1.000000,norm_normal_functional_failure
qwen3,phase291,L0-L4,passive,dative_passive,pass_chance_given,cross_battn_amlp,1.000000,0.125395,1.013098,0.887702,2.918083,0.038725,75.354250,1.324407,1.324407,L4.attn,0.000000,0.000000,0.000000,1.000000,norm_normal_functional_failure
qwen3,phase291,L0-L8,passive,dative_passive,pass_chance_given,cross_battn_amlp,1.000000,0.257357,1.017405,0.760048,1.353115,0.031205,43.362436,1.799395,1.799395,L8.attn,0.000000,0.000000,0.000000,1.000000,norm_normal_functional_failure
qwen3,phase291,L0-L4,passive,dative_passive,pass_warning_given,cross_battn_amlp,1.000000,-0.304721,0.762310,1.067031,1.347425,0.032298,41.718121,1.273201,1.273201,L4.attn,0.000000,0.000000,0.000000,1.000000,norm_normal_functional_failure
qwen3,phase291,L0-L8,passive,dative_passive,pass_warning_given,cross_battn_amlp,1.000000,0.018777,0.805642,0.786864,0.981527,0.038954,25.196819,1.908595,1.908595,L8.attn,0.000000,0.000000,0.000000,1.000000,norm_normal_functional_failure
qwen3,phase291,L4-L8,passive,dative_passive,pass_warning_given,cross_battn_amlp,1.000000,0.041414,1.547274,1.505861,1.444526,0.103540,13.951329,1.908595,1.908595,L8.attn,0.000000,0.000000,0.000000,1.000000,norm_normal_functional_failure
qwen3,phase291,L4-L8,passive,dative_passive,pass_warning_given,cross_aattn_bmlp,1.000000,0.824981,1.547274,0.722294,0.285659,0.103540,2.758919,1.551249,1.551249,L8.attn,0.000000,0.000000,0.000000,1.000000,norm_normal_functional_failure
qwen3,phase291,L4-L8,passive,dative_passive,pass_role_offered,cross_battn_amlp,1.000000,0.172304,0.702463,0.530159,1.059163,0.216561,4.890827,1.497532,1.497532,L7.mlp,0.000000,0.000000,0.000000,1.000000,norm_normal_functional_failure
qwen3,phase291,L4-L8,passive,get_passive,pass_get_paid,cross_battn_amlp,1.000000,0.074124,0.632239,0.558115,1.032032,0.632222,1.632389,1.155991,1.155991,L4.attn,0.000000,0.000000,0.000000,1.000000,norm_normal_functional_failure
qwen3,phase291,L0,passive,get_passive,pass_get_selected,cross_battn_amlp,1.000000,0.509091,1.071803,0.562711,1.566529,0.246465,6.355979,0.548893,-0.548893,L0.mlp,0.000000,0.000000,0.000000,1.000000,norm_normal_functional_failure
qwen3,phase291,L0-L2,passive,get_passive,pass_get_selected,cross_battn_amlp,1.000000,0.603073,1.104599,0.501526,1.441253,0.100412,14.353409,0.703269,-0.703269,L1.mlp,0.000000,0.000000,0.000000,1.000000,norm_normal_functional_failure
qwen3,phase291,L0-L8,passive,get_passive,pass_get_selected,cross_battn_amlp,1.000000,0.473994,1.074078,0.600084,1.751854,0.081011,21.624802,1.168280,1.168280,L6.attn,0.000000,0.000000,0.000000,1.000000,norm_normal_functional_failure
qwen3,phase291,L4-L8,passive,get_passive,pass_get_selected,cross_battn_amlp,1.000000,0.343421,1.027945,0.684524,1.737459,0.382125,4.546836,1.168280,1.168280,L6.attn,0.000000,0.000000,0.000000,1.000000,norm_normal_functional_failure
qwen3,phase291,L0,passive,get_passive,pass_get_invited,cross_battn_amlp,1.000000,0.230330,1.039728,0.809398,0.691241,0.023648,29.230370,0.605509,-0.605509,L0.mlp,0.000000,0.000000,0.000000,1.000000,norm_normal_functional_failure
qwen3,phase291,L4-L8,passive,get_passive,pass_get_invited,cross_battn_amlp,1.000000,0.454591,0.991367,0.536776,0.564448,0.048909,11.540796,0.845521,0.845521,L6.attn,0.000000,0.000000,0.000000,1.000000,norm_normal_functional_failure
qwen3,phase291,L0,passive,get_passive,pass_get_helped,cross_battn_amlp,1.000000,0.342658,0.907071,0.564413,1.826802,0.080496,22.694396,0.624748,0.624748,L0.mlp,0.000000,0.000000,0.000000,1.000000,norm_normal_functional_failure
qwen3,phase291,L0-L4,passive,get_passive,pass_get_helped,cross_battn_amlp,1.000000,0.388214,0.904554,0.516340,1.545822,0.065663,23.541652,0.652762,0.652762,L2.mlp,0.000000,0.000000,0.000000,1.000000,norm_normal_functional_failure
qwen3,phase291,L0-L8,passive,get_passive,pass_get_helped,cross_battn_amlp,1.000000,0.314927,0.888291,0.573364,0.566950,0.044923,12.620355,1.154300,1.154300,L6.attn,0.000000,0.000000,0.000000,1.000000,norm_normal_functional_failure
qwen3,phase291,L4-L8,passive,get_passive,pass_get_helped,cross_battn_amlp,1.000000,0.297503,0.832385,0.534881,0.693363,0.100015,6.932566,1.154300,1.154300,L6.attn,0.000000,0.000000,0.000000,1.000000,norm_normal_functional_failure
qwen3,phase291,L0-L8,passive,get_passive,pass_get_moved,cross_battn_amlp,1.000000,0.027148,0.675142,0.647995,0.870879,0.050364,17.291537,1.142374,1.142374,L6.attn,0.000000,0.000000,0.000000,1.000000,norm_normal_functional_failure
qwen3,phase291,L4-L8,passive,get_passive,pass_get_moved,cross_battn_amlp,1.000000,0.072397,1.004142,0.931745,0.892041,0.110744,8.055004,1.142374,1.142374,L6.attn,0.000000,0.000000,0.000000,1.000000,norm_normal_functional_failure
qwen3,phase291,L4-L8,passive,get_passive,pass_get_moved,cross_aattn_bmlp,1.000000,0.369838,1.004142,0.634304,0.089353,0.110744,0.806842,0.785728,-0.785728,L6.mlp,0.000000,0.000000,0.000000,1.000000,norm_normal_functional_failure
qwen3,phase291,L0,passive,no_agent,pass_window_broken,cross_battn_amlp,1.000000,-0.139218,1.014733,1.153951,0.749888,0.003469,216.143094,1.364992,-1.364992,L0.attn,0.000000,0.000000,0.000000,1.000000,norm_normal_functional_failure
qwen3,phase291,L0-L2,passive,no_agent,pass_window_broken,cross_battn_amlp,1.000000,-0.701283,0.983268,1.684550,0.634406,0.007445,85.215576,2.028409,-2.028409,L1.attn,0.000000,0.000000,0.000000,1.000000,norm_normal_functional_failure
qwen3,phase291,L0-L4,passive,no_agent,pass_window_broken,cross_battn_amlp,1.000000,-0.628916,0.974506,1.603422,0.979918,0.008762,111.834016,2.028409,-2.028409,L1.attn,0.000000,0.000000,0.000000,1.000000,norm_normal_functional_failure
qwen3,phase291,L0-L8,passive,no_agent,pass_window_broken,cross_battn_amlp,1.000000,-1.016727,1.004208,2.020935,0.978811,0.000968,1011.582444,2.092275,-2.092275,L5.attn,0.000000,0.000000,0.000000,1.000000,norm_normal_functional_failure
qwen3,phase291,L4-L8,passive,no_agent,pass_window_broken,cross_battn_amlp,1.000000,-0.733688,1.153404,1.887093,0.871070,0.265932,3.275542,2.092275,-2.092275,L5.attn,0.000000,0.000000,0.000000,1.000000,norm_normal_functional_failure
qwen3,phase291,L0,passive,no_agent,pass_letter_sent,cross_battn_amlp,1.000000,-0.088972,0.961679,1.050651,1.111198,0.000687,1617.365273,1.189991,-1.189991,L0.attn,0.000000,0.000000,0.000000,1.000000,norm_normal_functional_failure
qwen3,phase291,L0-L2,passive,no_agent,pass_letter_sent,cross_battn_amlp,1.000000,0.076010,0.945454,0.869444,1.047534,0.002836,369.308346,2.191117,-2.191117,L2.attn,0.000000,0.000000,0.000000,1.000000,norm_normal_functional_failure
qwen3,phase291,L0-L4,passive,no_agent,pass_letter_sent,cross_battn_amlp,1.000000,0.171718,0.977763,0.806045,0.747407,0.002012,371.504019,2.191117,-2.191117,L2.attn,0.000000,0.000000,0.000000,1.000000,norm_normal_functional_failure
qwen3,phase291,L0-L8,passive,no_agent,pass_letter_sent,cross_battn_amlp,1.000000,0.006626,0.993305,0.986679,0.994963,0.001419,701.254335,2.191117,-2.191117,L2.attn,0.000000,0.000000,0.000000,1.000000,norm_normal_functional_failure
qwen3,phase291,L4-L8,passive,no_agent,pass_letter_sent,cross_battn_amlp,1.000000,0.000447,0.679385,0.678938,0.991814,0.251749,3.939694,1.988745,-1.988745,L7.mlp,0.000000,0.000000,0.000000,1.000000,norm_normal_functional_failure
qwen3,phase291,L0,passive,no_agent,pass_cake_eaten,cross_battn_amlp,1.000000,0.041844,1.078725,1.036881,1.071537,0.003571,300.064817,1.332708,-1.332708,L0.attn,0.000000,0.000000,0.000000,1.000000,norm_normal_functional_failure
qwen3,phase291,L0-L2,passive,no_agent,pass_cake_eaten,cross_battn_amlp,1.000000,0.239521,1.023286,0.783765,1.040687,0.000557,1869.337814,1.971065,-1.971065,L1.attn,0.000000,0.000000,0.000000,1.000000,norm_normal_functional_failure
qwen3,phase291,L0-L4,passive,no_agent,pass_cake_eaten,cross_battn_amlp,1.000000,0.164631,0.960955,0.796324,1.131591,0.000755,1499.245960,2.261373,-2.261373,L4.mlp,0.000000,0.000000,0.000000,1.000000,norm_normal_functional_failure
qwen3,phase291,L0-L8,passive,no_agent,pass_cake_eaten,cross_battn_amlp,1.000000,-0.077831,0.977381,1.055212,0.972851,0.000369,2634.727831,2.283724,-2.283724,L8.attn,0.000000,0.000000,0.000000,1.000000,norm_normal_functional_failure
qwen3,phase291,L0-L8,passive,no_agent,pass_cake_eaten,cross_aattn_bmlp,1.000000,0.458311,0.977381,0.519069,0.149984,0.000369,406.196005,2.317203,-2.317203,L8.mlp,0.000000,0.000000,0.000000,1.000000,norm_normal_functional_failure
qwen3,phase291,L0,passive,no_agent,pass_door_closed,cross_battn_amlp,1.000000,0.042993,0.999051,0.956059,0.870427,0.008754,99.436672,1.276527,-1.276527,L0.attn,0.000000,0.000000,0.000000,1.000000,norm_normal_functional_failure
qwen3,phase291,L0-L2,passive,no_agent,pass_door_closed,cross_battn_amlp,1.000000,0.189805,0.993433,0.803628,0.900139,0.005080,177.197304,2.162158,-2.162158,L1.attn,0.000000,0.000000,0.000000,1.000000,norm_normal_functional_failure
qwen3,phase291,L0-L4,passive,no_agent,pass_door_closed,cross_battn_amlp,1.000000,0.171081,0.997717,0.826637,1.144144,0.002219,515.654810,2.163333,-2.163333,L3.attn,0.000000,0.000000,0.000000,1.000000,norm_normal_functional_failure
qwen3,phase291,L0-L8,passive,no_agent,pass_door_closed,cross_battn_amlp,1.000000,0.126886,0.996821,0.869936,1.170335,0.003743,312.656851,2.250375,-2.250375,L7.attn,0.000000,0.000000,0.000000,1.000000,norm_normal_functional_failure
qwen3,phase291,L4-L8,passive,no_agent,pass_door_closed,cross_battn_amlp,1.000000,0.063272,0.924604,0.861332,1.169816,0.200571,5.832418,2.250375,-2.250375,L7.attn,0.000000,0.000000,0.000000,1.000000,norm_normal_functional_failure
qwen3,phase291,L0,passive,no_agent,pass_mistake_made,cross_battn_amlp,1.000000,0.117086,1.026273,0.909187,1.041910,0.005000,208.382431,1.364299,-1.364299,L0.attn,0.000000,0.000000,0.000000,1.000000,norm_normal_functional_failure
qwen3,phase291,L0-L2,passive,no_agent,pass_mistake_made,cross_battn_amlp,1.000000,0.240259,0.992103,0.751843,0.817572,0.003908,209.222997,1.784253,-1.784253,L1.attn,0.000000,0.000000,0.000000,1.000000,norm_normal_functional_failure
qwen3,phase291,L0-L4,passive,no_agent,pass_mistake_made,cross_battn_amlp,1.000000,0.271800,1.016925,0.745124,0.898449,0.003204,280.437697,1.784253,-1.784253,L1.attn,0.000000,0.000000,0.000000,1.000000,norm_normal_functional_failure
qwen3,phase291,L4-L8,passive,no_agent,pass_mistake_made,cross_battn_amlp,1.000000,0.388104,1.049855,0.661750,0.824119,0.505743,1.629522,2.170083,-2.170083,L8.attn,0.000000,0.000000,0.000000,1.000000,norm_normal_functional_failure
qwen3,phase291,L0,passive,no_agent,pass_meeting_cancelled,cross_battn_amlp,1.000000,0.000159,1.004733,1.004573,1.024874,0.003216,318.657738,1.317593,-1.317593,L0.attn,0.000000,0.000000,0.000000,1.000000,norm_normal_functional_failure
qwen3,phase291,L0-L2,passive,no_agent,pass_meeting_cancelled,cross_battn_amlp,1.000000,0.212881,1.008051,0.795170,1.019013,0.001888,539.760964,2.125910,-2.125910,L1.attn,0.000000,0.000000,0.000000,1.000000,norm_normal_functional_failure
qwen3,phase291,L0-L4,passive,no_agent,pass_meeting_cancelled,cross_battn_amlp,1.000000,-0.046451,1.016818,1.063269,0.870462,0.002803,310.524450,2.125910,-2.125910,L1.attn,0.000000,0.000000,0.000000,1.000000,norm_normal_functional_failure
qwen3,phase291,L0-L8,passive,no_agent,pass_meeting_cancelled,cross_battn_amlp,1.000000,0.190327,1.006484,0.816157,0.492515,0.002755,178.760316,2.170418,-2.170418,L7.mlp,0.000000,0.000000,0.000000,1.000000,norm_normal_functional_failure
qwen3,phase291,L4-L8,passive,no_agent,pass_meeting_cancelled,cross_battn_amlp,1.000000,0.122466,0.693024,0.570558,0.652454,0.181679,3.591245,2.170418,-2.170418,L7.mlp,0.000000,0.000000,0.000000,1.000000,norm_normal_functional_failure
qwen3,phase291,L0,passive,no_agent,pass_car_repaired,cross_battn_amlp,1.000000,0.215968,1.002864,0.786896,0.897660,0.008223,109.168794,1.174879,-1.174879,L0.attn,0.000000,0.000000,0.000000,1.000000,norm_normal_functional_failure
qwen3,phase291,L0-L2,passive,no_agent,pass_car_repaired,cross_battn_amlp,1.000000,0.048007,0.999010,0.951004,0.969386,0.012603,76.916974,2.095757,-2.095757,L1.attn,0.000000,0.000000,0.000000,1.000000,norm_normal_functional_failure
qwen3,phase291,L0-L4,passive,no_agent,pass_car_repaired,cross_battn_amlp,1.000000,-0.127538,0.994402,1.121940,1.290716,0.015984,80.751033,2.095757,-2.095757,L1.attn,0.000000,0.000000,0.000000,1.000000,norm_normal_functional_failure
qwen3,phase291,L0-L8,passive,no_agent,pass_car_repaired,cross_battn_amlp,1.000000,-0.169906,1.004522,1.174428,1.080562,0.002212,488.423326,2.150114,-2.150114,L7.mlp,0.000000,0.000000,0.000000,1.000000,norm_normal_functional_failure
qwen3,phase291,L4-L8,passive,no_agent,pass_car_repaired,cross_battn_amlp,1.000000,-0.194752,0.947912,1.142663,1.125116,0.335661,3.351939,2.150114,-2.150114,L7.mlp,0.000000,0.000000,0.000000,1.000000,norm_normal_functional_failure
qwen3,phase291,L0,passive,no_agent,pass_package_delivered,cross_battn_amlp,1.000000,0.117120,0.996119,0.878999,0.996698,0.031019,32.131821,1.274284,-1.274284,L0.attn,0.000000,0.000000,0.000000,1.000000,norm_normal_functional_failure
qwen3,phase291,L0-L2,passive,no_agent,pass_package_delivered,cross_battn_amlp,1.000000,0.086780,0.976702,0.889923,1.100639,0.009639,114.189573,2.242828,-2.242828,L1.attn,0.000000,0.000000,0.000000,1.000000,norm_normal_functional_failure
qwen3,phase291,L0-L4,passive,no_agent,pass_package_delivered,cross_battn_amlp,1.000000,0.152665,0.991504,0.838839,1.066848,0.007489,142.455758,2.242828,-2.242828,L1.attn,0.000000,0.000000,0.000000,1.000000,norm_normal_functional_failure
qwen3,phase291,L0-L8,passive,no_agent,pass_package_delivered,cross_battn_amlp,1.000000,0.105095,0.983718,0.878624,0.762614,0.002483,307.171308,2.242828,-2.242828,L1.attn,0.000000,0.000000,0.000000,1.000000,norm_normal_functional_failure
qwen3,phase291,L4-L8,passive,no_agent,pass_package_delivered,cross_battn_amlp,1.000000,0.132301,0.820991,0.688690,0.739762,0.168678,4.385635,2.014693,-2.014693,L7.attn,0.000000,0.000000,0.000000,1.000000,norm_normal_functional_failure
qwen3,phase291,L0-L8,recursive,complement_clause,rec_comp_think_leave,cross_battn_amlp,1.000000,-0.058398,0.579884,0.638282,0.651946,0.065514,9.951230,1.556191,1.556191,L7.attn,0.000000,0.000000,0.000000,1.000000,norm_normal_functional_failure
qwen3,phase291,L0-L4,recursive,complement_clause,rec_comp_know_safe,cross_battn_amlp,1.000000,0.192561,0.700875,0.508314,1.088777,0.441348,2.466936,1.494723,1.494723,L4.attn,0.000000,0.000000,0.000000,1.000000,norm_normal_functional_failure
qwen3,phase291,L0-L8,recursive,complement_clause,rec_comp_know_safe,cross_battn_amlp,1.000000,0.120057,0.843990,0.723933,0.747089,0.676162,1.104896,1.543443,1.543443,L7.attn,0.000000,0.000000,0.000000,1.000000,norm_normal_functional_failure
qwen3,phase291,L4-L8,recursive,complement_clause,rec_comp_know_safe,cross_battn_amlp,1.000000,0.064618,0.874189,0.809571,1.120509,0.803399,1.394710,1.543443,1.543443,L7.attn,0.000000,0.000000,0.000000,1.000000,norm_normal_functional_failure
qwen3,phase291,L0-L8,recursive,complement_clause,rec_comp_expect_arrive,cross_battn_amlp,1.000000,0.289859,0.792578,0.502719,0.595535,0.026978,22.074843,2.741060,2.741060,L8.mlp,0.000000,0.000000,0.000000,1.000000,norm_normal_functional_failure
qwen3,phase291,L0,recursive,complement_clause,rec_comp_fear_lost,cross_battn_amlp,1.000000,0.039241,0.607212,0.567972,1.177768,0.795956,1.479689,1.263925,1.263925,L0.attn,0.000000,0.000000,0.000000,1.000000,norm_normal_functional_failure
qwen3,phase291,L0-L4,recursive,complement_clause,rec_comp_fear_lost,cross_battn_amlp,1.000000,0.066321,0.839317,0.772996,0.424525,0.238569,1.779460,1.879061,1.879061,L4.mlp,0.000000,0.000000,0.000000,1.000000,norm_normal_functional_failure
qwen3,phase291,L0-L8,recursive,complement_clause,rec_comp_fear_lost,cross_battn_amlp,1.000000,0.028836,0.735542,0.706706,1.334713,0.251535,5.306269,2.392865,2.392865,L7.attn,0.000000,0.000000,0.000000,1.000000,norm_normal_functional_failure
qwen3,phase291,L4-L8,recursive,complement_clause,rec_comp_fear_lost,cross_battn_amlp,1.000000,0.174985,0.693453,0.518468,1.156027,0.332176,3.480168,2.392865,2.392865,L7.attn,0.000000,0.000000,0.000000,1.000000,norm_normal_functional_failure
qwen3,phase291,L0,recursive,possessive_chain,rec_poss_jacket,cross_battn_amlp,1.000000,-0.012317,0.674011,0.686328,3.234742,1.243258,2.601826,0.715593,0.715593,L0.attn,0.000000,0.000000,0.000000,1.000000,norm_normal_functional_failure
qwen3,phase291,L0-L4,recursive,possessive_chain,rec_poss_jacket,cross_battn_amlp,1.000000,0.270408,0.836547,0.566139,0.596759,0.310260,1.923419,0.950949,0.950949,L4.mlp,0.000000,0.000000,0.000000,1.000000,norm_normal_functional_failure
qwen3,phase291,L0,recursive,possessive_chain,rec_poss_car,cross_battn_amlp,1.000000,0.167703,0.959362,0.791659,0.967170,2.111646,0.458017,0.720803,-0.720803,L0.mlp,0.000000,0.000000,0.000000,1.000000,norm_normal_functional_failure
qwen3,phase291,L0-L2,recursive,possessive_chain,rec_poss_car,cross_battn_amlp,1.000000,0.011683,0.827441,0.815758,1.743183,1.350432,1.290834,0.816032,-0.816032,L2.mlp,0.000000,0.000000,0.000000,1.000000,norm_normal_functional_failure
qwen3,phase291,L4-L8,recursive,possessive_chain,rec_poss_car,cross_battn_amlp,1.000000,0.044399,0.607894,0.563495,1.319838,0.040036,32.965939,1.052742,1.052742,L4.attn,0.000000,0.000000,0.000000,1.000000,norm_normal_functional_failure
qwen3,phase291,L0-L2,recursive,possessive_chain,rec_poss_book,cross_battn_amlp,1.000000,0.230671,1.259644,1.028974,0.939409,0.482273,1.947877,0.753434,-0.753434,L1.mlp,0.000000,0.000000,0.000000,1.000000,norm_normal_functional_failure
qwen3,phase291,L0-L4,recursive,possessive_chain,rec_poss_book,cross_battn_amlp,1.000000,0.351120,1.309400,0.958279,0.800157,0.425682,1.879704,1.006970,1.006970,L4.attn,0.000000,0.000000,0.000000,1.000000,norm_normal_functional_failure
qwen3,phase291,L0-L8,recursive,possessive_chain,rec_poss_book,cross_battn_amlp,1.000000,0.473217,1.268881,0.795664,1.061244,0.417926,2.539308,1.633747,1.633747,L7.attn,0.000000,0.000000,0.000000,1.000000,norm_normal_functional_failure
qwen3,phase291,L4-L8,recursive,possessive_chain,rec_poss_book,cross_battn_amlp,1.000000,0.530050,1.159842,0.629792,1.059731,0.381998,2.774182,1.633747,1.633747,L7.attn,0.000000,0.000000,0.000000,1.000000,norm_normal_functional_failure
qwen3,phase291,L0,recursive,possessive_chain,rec_poss_phone,cross_battn_amlp,1.000000,0.285012,0.984437,0.699424,0.459696,1.004713,0.457540,0.527412,0.527412,L0.attn,0.000000,0.000000,0.000000,1.000000,norm_normal_functional_failure
qwen3,phase291,L0-L2,recursive,possessive_chain,rec_poss_phone,cross_battn_amlp,1.000000,0.449385,0.960601,0.511216,0.406101,0.874424,0.464421,0.742059,-0.742059,L1.mlp,0.000000,0.000000,0.000000,1.000000,norm_normal_functional_failure
qwen3,phase291,L0-L4,recursive,possessive_chain,rec_poss_phone,cross_battn_amlp,1.000000,0.402661,0.949604,0.546944,0.310599,0.763952,0.406569,1.958429,1.958429,L4.attn,0.000000,0.000000,0.000000,1.000000,norm_normal_functional_failure
qwen3,phase291,L0-L8,recursive,possessive_chain,rec_poss_phone,cross_battn_amlp,1.000000,0.127383,0.761904,0.634521,0.927804,0.265727,3.491571,1.958429,1.958429,L4.attn,0.000000,0.000000,0.000000,1.000000,norm_normal_functional_failure
qwen3,phase291,L4-L8,recursive,possessive_chain,rec_poss_phone,cross_battn_amlp,1.000000,0.094318,0.816878,0.722559,1.094749,0.431331,2.538072,1.958429,1.958429,L4.attn,0.000000,0.000000,0.000000,1.000000,norm_normal_functional_failure
qwen3,phase291,L0-L4,recursive,possessive_chain,rec_poss_house,cross_battn_amlp,1.000000,-0.036492,0.731631,0.768123,1.391476,0.292027,4.764885,1.872610,1.872610,L3.mlp,0.000000,0.000000,0.000000,1.000000,norm_normal_functional_failure
qwen3,phase291,L0,recursive,possessive_chain,rec_poss_plan,cross_battn_amlp,1.000000,0.217339,0.885603,0.668264,1.155187,1.833180,0.630155,0.577163,0.577163,L0.attn,0.000000,0.000000,0.000000,1.000000,norm_normal_functional_failure
qwen3,phase291,L0-L2,recursive,possessive_chain,rec_poss_note,cross_battn_amlp,1.000000,0.137299,0.794263,0.656964,1.285821,0.199356,6.449858,0.748863,-0.748863,L1.mlp,0.000000,0.000000,0.000000,1.000000,norm_normal_functional_failure
qwen3,phase291,L4-L8,recursive,possessive_chain,rec_poss_note,cross_battn_amlp,1.000000,0.229371,1.023293,0.793922,1.746520,0.272495,6.409375,1.661276,1.661276,L4.mlp,0.000000,0.000000,0.000000,1.000000,norm_normal_functional_failure
qwen3,phase291,L0-L4,recursive,possessive_chain,rec_poss_song,cross_battn_amlp,1.000000,0.343145,0.863010,0.519866,0.317990,0.360097,0.883068,1.168403,1.168403,L3.mlp,0.000000,0.000000,0.000000,1.000000,norm_normal_functional_failure
qwen3,phase291,L0-L8,recursive,possessive_chain,rec_poss_song,cross_battn_amlp,1.000000,-0.048407,0.940339,0.988747,0.543307,0.168746,3.219677,1.755151,1.755151,L7.mlp,0.000000,0.000000,0.000000,1.000000,norm_normal_functional_failure
qwen3,phase291,L4-L8,recursive,possessive_chain,rec_poss_song,cross_battn_amlp,1.000000,0.022089,0.942717,0.920629,0.648060,0.107517,6.027496,1.755151,1.755151,L7.mlp,0.000000,0.000000,0.000000,1.000000,norm_normal_functional_failure
qwen3,phase291,L0-L8,recursive,pp_chain,rec_pp_key_drawer,cross_battn_amlp,1.000000,0.236829,0.761558,0.524729,0.755232,0.063133,11.962628,2.022226,2.022226,L6.attn,0.000000,0.000000,0.000000,1.000000,norm_normal_functional_failure
qwen3,phase291,L0-L8,recursive,pp_chain,rec_pp_cup_table,cross_battn_amlp,1.000000,0.187630,0.720526,0.532896,0.403080,0.203244,1.983230,2.294797,2.294797,L8.attn,0.000000,0.000000,0.000000,1.000000,norm_normal_functional_failure
qwen3,phase291,L4-L8,recursive,pp_chain,rec_pp_cup_table,cross_battn_amlp,1.000000,0.041669,0.607074,0.565405,0.801701,0.149987,5.345142,2.294797,2.294797,L8.attn,0.000000,0.000000,0.000000,1.000000,norm_normal_functional_failure
qwen3,phase291,L0-L2,recursive,pp_chain,rec_pp_photo_album,cross_battn_amlp,1.000000,0.206301,0.880581,0.674279,0.353510,0.181008,1.953006,1.986733,1.986733,L0.attn,0.000000,0.000000,0.000000,1.000000,norm_normal_functional_failure
qwen3,phase291,L0-L4,recursive,pp_chain,rec_pp_photo_album,cross_battn_amlp,1.000000,-0.011238,0.941761,0.953000,0.611154,0.165821,3.685628,1.986733,1.986733,L0.attn,0.000000,0.000000,0.000000,1.000000,norm_normal_functional_failure
qwen3,phase291,L0-L8,recursive,pp_chain,rec_pp_photo_album,cross_battn_amlp,1.000000,-0.025908,0.988573,1.014481,0.981962,0.171259,5.733789,2.250906,2.250906,L6.attn,0.000000,0.000000,0.000000,1.000000,norm_normal_functional_failure
qwen3,phase291,L4-L8,recursive,pp_chain,rec_pp_photo_album,cross_battn_amlp,1.000000,-0.032852,0.794467,0.827319,1.191694,0.237040,5.027388,2.250906,2.250906,L6.attn,0.000000,0.000000,0.000000,1.000000,norm_normal_functional_failure
qwen3,phase291,L0,recursive,pp_chain,rec_pp_note_book,cross_battn_amlp,1.000000,-0.162982,0.584404,0.747386,1.007108,4.526426,0.222495,1.801000,1.801000,L0.attn,0.000000,0.000000,0.000000,1.000000,norm_normal_functional_failure
qwen3,phase291,L0-L4,recursive,pp_chain,rec_pp_ring_box,cross_battn_amlp,1.000000,-0.189073,0.410878,0.599951,0.115527,0.156372,0.738798,2.015582,2.015582,L0.attn,0.000000,0.000000,0.000000,1.000000,norm_normal_functional_failure
qwen3,phase291,L0-L8,recursive,pp_chain,rec_pp_ring_box,cross_battn_amlp,1.000000,-0.220365,0.647082,0.867447,0.818682,0.128358,6.378100,2.015582,2.015582,L0.attn,0.000000,0.000000,0.000000,1.000000,norm_normal_functional_failure
qwen3,phase291,L0-L4,recursive,relative_clause,rec_rel_book_shelf,cross_battn_amlp,1.000000,0.177886,0.704889,0.527003,0.921586,0.198138,4.651241,1.998134,1.998134,L2.mlp,0.000000,0.000000,0.000000,1.000000,norm_normal_functional_failure
qwen3,phase291,L0-L8,recursive,relative_clause,rec_rel_book_shelf,cross_battn_amlp,1.000000,0.144934,0.783567,0.638632,0.762963,0.164714,4.632042,1.998134,1.998134,L2.mlp,0.000000,0.000000,0.000000,1.000000,norm_normal_functional_failure
qwen3,phase291,L4-L8,recursive,relative_clause,rec_rel_book_shelf,cross_battn_amlp,1.000000,0.138351,0.774305,0.635955,1.020302,0.171749,5.940661,1.344252,1.344252,L6.attn,0.000000,0.000000,0.000000,1.000000,norm_normal_functional_failure
qwen3,phase291,L4-L8,recursive,relative_clause,rec_rel_book_shelf,cross_aattn_bmlp,1.000000,0.053781,0.774305,0.720524,0.275929,0.171749,1.606586,1.269856,1.269856,L6.attn,0.000000,0.000000,0.000000,1.000000,norm_normal_functional_failure
qwen3,phase291,L0,recursive,relative_clause,rec_rel_student_question,cross_battn_amlp,1.000000,0.219568,0.725277,0.505709,1.004570,0.315533,3.183724,0.173126,0.173126,L0.attn,0.000000,0.000000,0.000000,1.000000,norm_normal_functional_failure
qwen3,phase291,L0-L8,recursive,relative_clause,rec_rel_woman_car,cross_battn_amlp,1.000000,0.330402,0.914062,0.583660,0.816196,0.092305,8.842345,1.086222,1.086222,L6.attn,0.000000,0.000000,0.000000,1.000000,norm_normal_functional_failure
qwen3,phase291,L4-L8,recursive,relative_clause,rec_rel_woman_car,cross_battn_amlp,1.000000,0.268920,0.879946,0.611026,0.848870,0.154505,5.494135,1.086222,1.086222,L6.attn,0.000000,0.000000,0.000000,1.000000,norm_normal_functional_failure
qwen3,phase291,L0-L4,recursive,relative_clause,rec_rel_song_radio,cross_battn_amlp,1.000000,0.023453,0.615977,0.592523,0.865430,0.387392,2.233991,1.396030,1.396030,L1.mlp,0.000000,0.000000,0.000000,1.000000,norm_normal_functional_failure
qwen3,phase291,L0-L8,recursive,relative_clause,rec_rel_song_radio,cross_battn_amlp,1.000000,-0.058947,0.606474,0.665421,0.878140,0.353034,2.487407,1.396030,1.396030,L1.mlp,0.000000,0.000000,0.000000,1.000000,norm_normal_functional_failure
qwen3,phase291,L4-L8,recursive,relative_clause,rec_rel_song_radio,cross_battn_amlp,1.000000,-0.027072,0.483012,0.510084,1.029759,0.408256,2.522338,1.234989,1.234989,L6.attn,0.000000,0.000000,0.000000,1.000000,norm_normal_functional_failure
qwen3,phase291,L0-L8,recursive,relative_clause,rec_rel_box_table,cross_battn_amlp,1.000000,0.352521,0.893636,0.541115,0.560212,0.103177,5.429632,2.023076,2.023076,L8.mlp,0.000000,0.000000,0.000000,1.000000,norm_normal_functional_failure
qwen3,phase291,L0-L2,recursive,relative_clause,rec_rel_teacher_lesson,cross_battn_amlp,1.000000,0.763614,1.371104,0.607490,0.251866,0.088107,2.858621,0.584138,0.584138,L1.mlp,0.000000,0.000000,0.000000,1.000000,norm_normal_functional_failure
qwen3,phase291,L0-L8,recursive,relative_clause,rec_rel_teacher_lesson,cross_battn_amlp,1.000000,0.736683,1.358677,0.621993,0.485303,0.063154,7.684466,1.099119,1.099119,L6.attn,0.000000,0.000000,0.000000,1.000000,norm_normal_functional_failure
qwen3,phase291,L4-L8,recursive,relative_clause,rec_rel_teacher_lesson,cross_battn_amlp,1.000000,0.738548,1.438406,0.699858,0.570829,0.062814,9.087646,1.099119,1.099119,L6.attn,0.000000,0.000000,0.000000,1.000000,norm_normal_functional_failure
glm4,phase290,L0,logical,and_or,logic_and_or_keys,cross_battn_amlp,1.000000,0.001254,0.681671,0.680417,0.979193,0.199319,4.912699,0.585811,0.585811,L0.mlp,0.000000,0.000000,0.000000,1.000000,norm_normal_functional_failure
glm4,phase290,L1,logical,and_or,logic_and_or_keys,cross_battn_amlp,1.000000,0.016337,0.530201,0.513864,0.997893,0.339842,2.936342,0.508477,0.508477,L1.mlp,0.000000,0.000000,0.000000,1.000000,norm_normal_functional_failure
glm4,phase290,L0,logical,and_or,logic_and_or_phone,cross_battn_amlp,1.000000,0.008910,0.579286,0.570376,0.964433,0.248619,3.879163,1.556945,1.556945,L0.next_resid_in,0.000000,0.000000,0.000000,1.000000,norm_normal_functional_failure
glm4,phase290,L0,logical,and_or,logic_and_or_judge,cross_battn_amlp,1.000000,-0.010498,0.630624,0.641122,1.022119,0.179370,5.698384,2.121645,2.121645,L0.mlp,0.000000,0.000000,0.000000,1.000000,norm_normal_functional_failure
glm4,phase290,L4,logical,and_or,logic_and_or_judge,cross_battn_amlp,1.000000,0.082500,0.634220,0.551720,0.794325,0.196333,4.045798,1.805439,1.805439,L4.mlp,0.000000,0.000000,0.000000,1.000000,norm_normal_functional_failure
glm4,phase290,L0,logical,and_or,logic_and_or_train,cross_battn_amlp,1.000000,0.015512,1.114921,1.099410,1.005806,0.178960,5.620294,0.443647,0.443647,L0.next_layer_out,0.000000,0.000000,0.000000,1.000000,norm_normal_functional_failure
glm4,phase290,L4,logical,and_or,logic_and_or_train,cross_battn_amlp,1.000000,0.084003,0.586596,0.502592,0.990870,0.247632,4.001384,0.850763,0.850763,L4.mlp,0.000000,0.000000,0.000000,1.000000,norm_normal_functional_failure
glm4,phase290,L0,logical,and_or,logic_and_or_report,cross_battn_amlp,1.000000,-0.014037,0.873678,0.887715,1.019469,1.526895,0.667674,0.569091,-0.569091,L0.mlp,0.000000,0.000000,0.000000,1.000000,norm_normal_functional_failure
glm4,phase290,L1,logical,and_or,logic_and_or_report,cross_battn_amlp,1.000000,0.014100,0.766182,0.752082,0.985547,3.181545,0.309770,0.644814,0.644814,L1.mlp,0.000000,0.000000,0.000000,1.000000,norm_normal_functional_failure
glm4,phase290,L4,logical,and_or,logic_and_or_report,cross_battn_amlp,1.000000,0.085046,0.789603,0.704558,0.912284,2.646915,0.344659,1.494131,1.494131,L4.mlp,0.000000,0.000000,0.000000,1.000000,norm_normal_functional_failure
glm4,phase290,L4,logical,and_or,logic_and_or_report,cross_aattn_bmlp,1.000000,0.023809,0.789603,0.765794,1.066660,2.646915,0.402982,1.805439,1.805439,L4.mlp,0.000000,0.000000,0.000000,1.000000,norm_normal_functional_failure
glm4,phase290,L0,logical,causal,logic_because_rain,cross_battn_amlp,1.000000,0.006829,0.993805,0.986976,0.999870,0.014911,67.054494,0.800600,-0.800600,L0.next_resid_in,0.000000,0.000000,0.000000,1.000000,norm_normal_functional_failure
glm4,phase290,L1,logical,causal,logic_because_rain,cross_battn_amlp,1.000000,0.001717,0.557461,0.555745,1.009643,0.373770,2.701239,0.450465,-0.450465,L1.next_layer_out,0.000000,0.000000,0.000000,1.000000,norm_normal_functional_failure
glm4,phase290,L0,logical,causal,logic_because_tired,cross_battn_amlp,1.000000,-0.001901,1.013762,1.015662,1.005167,0.013441,74.781664,0.517593,0.517593,L0.attn,0.000000,0.000000,0.000000,1.000000,norm_normal_functional_failure
glm4,phase290,L1,logical,causal,logic_because_tired,cross_battn_amlp,1.000000,0.006275,0.684383,0.678108,0.939926,0.473643,1.984462,0.682482,0.682482,L1.attn,0.000000,0.000000,0.000000,1.000000,norm_normal_functional_failure
glm4,phase290,L0,logical,causal,logic_because_noise,cross_battn_amlp,1.000000,0.000686,0.974670,0.973984,0.918455,0.022058,41.637362,0.915396,0.915396,L0.next_resid_in,0.000000,0.000000,0.000000,1.000000,norm_normal_functional_failure
glm4,phase290,L0,logical,causal,logic_because_dark,cross_battn_amlp,1.000000,0.008408,1.001206,0.992798,1.006660,0.002375,423.939559,3.508863,3.508863,L0.mlp,0.000000,0.000000,0.000000,1.000000,norm_normal_functional_failure
glm4,phase290,L0,logical,causal,logic_because_sale,cross_battn_amlp,1.000000,-0.009219,1.014530,1.023749,1.005866,0.009259,108.640239,1.845713,-1.845713,L0.attn,0.000000,0.000000,0.000000,1.000000,norm_normal_functional_failure
glm4,phase290,L0,logical,causal,logic_because_error,cross_battn_amlp,1.000000,0.009374,1.008421,0.999047,0.997999,0.011522,86.614885,1.426314,1.426314,L0.mlp,0.000000,0.000000,0.000000,1.000000,norm_normal_functional_failure
glm4,phase290,L1,logical,causal,logic_because_error,cross_battn_amlp,1.000000,0.004998,0.769600,0.764603,1.013948,0.483901,2.095365,1.013312,1.013312,L1.next_resid_in,0.000000,0.000000,0.000000,1.000000,norm_normal_functional_failure
glm4,phase290,L0,logical,causal,logic_because_wind,cross_battn_amlp,1.000000,0.003546,1.001661,0.998116,0.992769,0.004333,229.092049,1.004798,1.004798,L0.next_layer_out,0.000000,0.000000,0.000000,1.000000,norm_normal_functional_failure
glm4,phase290,L1,logical,causal,logic_because_wind,cross_battn_amlp,1.000000,0.016677,0.859549,0.842873,0.988480,0.336346,2.938875,1.511901,1.511901,L1.attn,0.000000,0.000000,0.000000,1.000000,norm_normal_functional_failure
glm4,phase290,L0,logical,causal,logic_because_busy,cross_battn_amlp,1.000000,0.007298,0.981046,0.973748,1.038931,0.036427,28.521031,1.080518,1.080518,L0.next_layer_out,0.000000,0.000000,0.000000,1.000000,norm_normal_functional_failure
glm4,phase290,L0,logical,conditional,logic_if_rain,cross_battn_amlp,1.000000,-0.003720,0.976396,0.980116,1.017814,0.015571,65.367747,0.775996,-0.775996,L0.next_resid_in,0.000000,0.000000,0.000000,1.000000,norm_normal_functional_failure
glm4,phase290,L1,logical,conditional,logic_if_rain,cross_battn_amlp,1.000000,0.011458,0.546373,0.534914,0.981309,0.895167,1.096230,0.541803,-0.541803,L1.next_resid_in,0.000000,0.000000,0.000000,1.000000,norm_normal_functional_failure
glm4,phase290,L0,logical,conditional,logic_if_hungry,cross_battn_amlp,1.000000,-0.003938,0.967068,0.971006,1.037520,0.034536,30.041985,0.554779,-0.554779,L0.attn,0.000000,0.000000,0.000000,1.000000,norm_normal_functional_failure
glm4,phase290,L1,logical,conditional,logic_if_hungry,cross_battn_amlp,1.000000,0.005592,0.767528,0.761936,0.955754,0.777610,1.229092,0.803885,-0.803885,L1.next_layer_out,0.000000,0.000000,0.000000,1.000000,norm_normal_functional_failure
glm4,phase290,L0,logical,conditional,logic_if_alarm,cross_battn_amlp,1.000000,0.021566,0.942284,0.920718,0.966719,0.087481,11.050559,0.940212,-0.940212,L0.mlp,0.000000,0.000000,0.000000,1.000000,norm_normal_functional_failure
glm4,phase290,L1,logical,conditional,logic_if_alarm,cross_battn_amlp,1.000000,0.018266,0.788688,0.770422,1.018861,0.388333,2.623678,0.570352,0.570352,L1.mlp,0.000000,0.000000,0.000000,1.000000,norm_normal_functional_failure
glm4,phase290,L0,logical,conditional,logic_if_late,cross_battn_amlp,1.000000,-0.005928,0.959865,0.965793,1.004593,0.046681,21.520337,1.033149,-1.033149,L0.mlp,0.000000,0.000000,0.000000,1.000000,norm_normal_functional_failure
glm4,phase290,L1,logical,conditional,logic_if_late,cross_battn_amlp,1.000000,0.004920,0.731397,0.726477,0.954994,0.964104,0.990552,0.462996,0.462996,L1.attn,0.000000,0.000000,0.000000,1.000000,norm_normal_functional_failure
glm4,phase290,L2,logical,conditional,logic_if_late,cross_battn_amlp,1.000000,-0.009601,0.527042,0.536643,1.071305,0.793785,1.349615,0.516895,0.516895,L2.attn,0.000000,0.000000,0.000000,1.000000,norm_normal_functional_failure
glm4,phase290,L0,logical,conditional,logic_if_ready,cross_battn_amlp,1.000000,-0.000221,0.986818,0.987039,0.994903,0.025997,38.269864,1.147533,-1.147533,L0.mlp,0.000000,0.000000,0.000000,1.000000,norm_normal_functional_failure
glm4,phase290,L1,logical,conditional,logic_if_ready,cross_battn_amlp,1.000000,0.005618,0.790203,0.784585,0.972708,0.282557,3.442517,0.223869,0.223869,L1.next_layer_out,0.000000,0.000000,0.000000,1.000000,norm_normal_functional_failure
glm4,phase290,L0,logical,conditional,logic_if_sick,cross_battn_amlp,1.000000,0.008352,0.981053,0.972701,1.022335,0.015615,65.469552,0.951410,-0.951410,L0.next_resid_in,0.000000,0.000000,0.000000,1.000000,norm_normal_functional_failure
glm4,phase290,L1,logical,conditional,logic_if_sick,cross_battn_amlp,1.000000,0.009119,0.747496,0.738376,0.933064,0.723435,1.289770,0.570164,0.570164,L1.mlp,0.000000,0.000000,0.000000,1.000000,norm_normal_functional_failure
glm4,phase290,L0,logical,conditional,logic_if_safe,cross_battn_amlp,1.000000,0.000871,0.981727,0.980856,0.979593,0.024366,40.202935,0.745989,-0.745989,L0.mlp,0.000000,0.000000,0.000000,1.000000,norm_normal_functional_failure
glm4,phase290,L1,logical,conditional,logic_if_safe,cross_battn_amlp,1.000000,0.014015,0.658096,0.644080,0.992730,1.144406,0.867463,0.651524,-0.651524,L1.mlp,0.000000,0.000000,0.000000,1.000000,norm_normal_functional_failure
glm4,phase290,L0,logical,conditional,logic_if_needed,cross_battn_amlp,1.000000,0.001754,0.999242,0.997488,1.041974,0.004407,236.423169,1.264892,-1.264892,L0.mlp,0.000000,0.000000,0.000000,1.000000,norm_normal_functional_failure
glm4,phase290,L1,logical,conditional,logic_if_needed,cross_battn_amlp,1.000000,0.025975,0.973314,0.947339,0.994901,0.397902,2.500368,1.025503,-1.025503,L1.mlp,0.000000,0.000000,0.000000,1.000000,norm_normal_functional_failure
glm4,phase290,L0,logical,contrast,logic_although_rain,cross_battn_amlp,1.000000,0.006416,0.980663,0.974247,1.000028,0.007329,136.439830,0.613031,-0.613031,L0.next_resid_in,0.000000,0.000000,0.000000,1.000000,norm_normal_functional_failure
glm4,phase290,L0,logical,contrast,logic_although_tired,cross_battn_amlp,1.000000,-0.002815,1.019466,1.022281,0.988588,0.025522,38.734829,0.581480,0.581480,L0.mlp,0.000000,0.000000,0.000000,1.000000,norm_normal_functional_failure
glm4,phase290,L0,logical,contrast,logic_although_expensive,cross_battn_amlp,1.000000,-0.004361,0.992267,0.996628,1.031964,0.016506,62.518817,0.412920,0.412920,L0.next_resid_in,0.000000,0.000000,0.000000,1.000000,norm_normal_functional_failure
glm4,phase290,L0,logical,contrast,logic_although_small,cross_battn_amlp,1.000000,0.006460,1.022595,1.016135,0.963631,0.084870,11.354247,0.603553,0.603553,L0.mlp,0.000000,0.000000,0.000000,1.000000,norm_normal_functional_failure
glm4,phase290,L0,logical,contrast,logic_although_late,cross_battn_amlp,1.000000,-0.004418,0.967763,0.972181,0.994352,0.049096,20.253338,0.246374,0.246374,L0.attn,0.000000,0.000000,0.000000,1.000000,norm_normal_functional_failure
glm4,phase290,L0,logical,contrast,logic_although_new,cross_battn_amlp,1.000000,0.010654,1.014170,1.003516,0.985471,0.027642,35.650792,0.609975,0.609975,L0.attn,0.000000,0.000000,0.000000,1.000000,norm_normal_functional_failure
glm4,phase290,L0,logical,contrast,logic_although_cold,cross_battn_amlp,1.000000,0.013757,0.970487,0.956730,0.968607,0.021976,44.076410,0.660163,0.660163,L0.next_layer_out,0.000000,0.000000,0.000000,1.000000,norm_normal_functional_failure
glm4,phase290,L1,logical,contrast,logic_although_cold,cross_battn_amlp,1.000000,0.019570,0.768906,0.749336,0.995504,0.979796,1.016032,0.660989,0.660989,L1.attn,0.000000,0.000000,0.000000,1.000000,norm_normal_functional_failure
glm4,phase290,L0,logical,contrast,logic_although_busy,cross_battn_amlp,1.000000,0.011376,1.064227,1.052851,0.979700,0.013500,72.571868,0.722373,0.722373,L0.mlp,0.000000,0.000000,0.000000,1.000000,norm_normal_functional_failure
glm4,phase290,L0,logical,inference,logic_therefore_rain,cross_battn_amlp,1.000000,-0.004723,0.998029,1.002751,1.246634,0.044361,28.101819,1.107326,1.107326,L0.attn,0.000000,0.000000,0.000000,1.000000,norm_normal_functional_failure
glm4,phase290,L1,logical,inference,logic_therefore_rain,cross_battn_amlp,1.000000,0.010846,0.632164,0.621317,1.161375,1.228030,0.945722,1.815740,1.815740,L1.attn,0.000000,0.000000,0.000000,1.000000,norm_normal_functional_failure
glm4,phase290,L0,logical,inference,logic_therefore_study,cross_battn_amlp,1.000000,0.009348,1.010108,1.000760,0.997229,0.004422,225.528512,2.071811,2.071811,L0.mlp,0.000000,0.000000,0.000000,1.000000,norm_normal_functional_failure
glm4,phase290,L1,logical,inference,logic_therefore_study,cross_battn_amlp,1.000000,0.024811,0.623008,0.598198,0.998244,2.138219,0.466858,1.600375,1.600375,L1.attn,0.000000,0.000000,0.000000,1.000000,norm_normal_functional_failure
glm4,phase290,L0,logical,inference,logic_therefore_heat,cross_battn_amlp,1.000000,0.009464,1.020209,1.010745,0.953339,0.007302,130.559082,0.598999,0.598999,L0.next_layer_out,0.000000,0.000000,0.000000,1.000000,norm_normal_functional_failure
glm4,phase290,L1,logical,inference,logic_therefore_heat,cross_battn_amlp,1.000000,0.002458,0.542422,0.539964,0.972926,0.797690,1.219679,0.933861,0.933861,L1.mlp,0.000000,0.000000,0.000000,1.000000,norm_normal_functional_failure
glm4,phase290,L0,logical,inference,logic_therefore_save,cross_battn_amlp,1.000000,-0.001176,0.995559,0.996734,1.003797,0.004159,241.369354,0.515991,0.515991,L0.mlp,0.000000,0.000000,0.000000,1.000000,norm_normal_functional_failure
glm4,phase290,L1,logical,inference,logic_therefore_save,cross_battn_amlp,1.000000,0.001097,0.831380,0.830282,0.999410,0.199008,5.021957,0.371129,0.371129,L1.mlp,0.000000,0.000000,0.000000,1.000000,norm_normal_functional_failure
glm4,phase290,L0,logical,inference,logic_therefore_alarm,cross_battn_amlp,1.000000,-0.003149,1.018037,1.021186,1.055426,0.005070,208.158734,0.951826,-0.951826,L0.attn,0.000000,0.000000,0.000000,1.000000,norm_normal_functional_failure
glm4,phase290,L1,logical,inference,logic_therefore_alarm,cross_battn_amlp,1.000000,-0.004367,0.650538,0.654905,1.017928,0.415188,2.451727,1.144777,1.144777,L1.mlp,0.000000,0.000000,0.000000,1.000000,norm_normal_functional_failure
glm4,phase290,L0,logical,inference,logic_therefore_traffic,cross_battn_amlp,1.000000,0.009658,0.986844,0.977187,0.971607,0.013310,72.999947,2.401604,2.401604,L0.mlp,0.000000,0.000000,0.000000,1.000000,norm_normal_functional_failure
glm4,phase290,L1,logical,inference,logic_therefore_traffic,cross_battn_amlp,1.000000,-0.015178,0.611862,0.627040,1.016982,0.614918,1.653850,1.461870,1.461870,L1.next_resid_in,0.000000,0.000000,0.000000,1.000000,norm_normal_functional_failure
glm4,phase290,L0,logical,inference,logic_therefore_battery,cross_battn_amlp,1.000000,-0.001587,0.983609,0.985195,0.964320,0.022843,42.215381,0.778963,0.778963,L0.next_resid_in,0.000000,0.000000,0.000000,1.000000,norm_normal_functional_failure
glm4,phase290,L0,logical,inference,logic_therefore_training,cross_battn_amlp,1.000000,0.006448,0.991464,0.985015,0.978735,0.014266,68.605774,0.702609,-0.702609,L0.attn,0.000000,0.000000,0.000000,1.000000,norm_normal_functional_failure
glm4,phase290,L0,negation,existential_no,neg_found_nothing,cross_battn_amlp,1.000000,0.012436,0.963006,0.950571,1.003862,0.009643,104.102870,1.878609,-1.878609,L0.next_resid_in,0.000000,0.000000,0.000000,1.000000,norm_normal_functional_failure
glm4,phase290,L0,negation,existential_no,neg_no_one_came,cross_battn_amlp,1.000000,-0.029955,1.045829,1.075785,0.988349,0.020641,47.882576,0.949982,-0.949982,L0.next_layer_out,0.000000,0.000000,0.000000,1.000000,norm_normal_functional_failure
glm4,phase290,L1,negation,existential_no,neg_no_one_came,cross_battn_amlp,1.000000,-0.037621,0.774296,0.811917,1.055501,0.089322,11.816783,1.686529,-1.686529,L1.mlp,0.000000,0.000000,0.000000,1.000000,norm_normal_functional_failure
glm4,phase290,L2,negation,existential_no,neg_no_one_came,cross_battn_amlp,1.000000,0.096793,0.836733,0.739940,0.867170,0.100896,8.594654,1.180553,-1.180553,L2.mlp,0.000000,0.000000,0.000000,1.000000,norm_normal_functional_failure
glm4,phase290,L3,negation,existential_no,neg_no_one_came,cross_battn_amlp,1.000000,-0.014224,0.509907,0.524131,0.987366,0.331962,2.974331,1.031107,-1.031107,L3.next_resid_in,0.000000,0.000000,0.000000,1.000000,norm_normal_functional_failure
glm4,phase290,L4,negation,existential_no,neg_no_one_came,cross_battn_amlp,1.000000,0.290370,0.799259,0.508888,0.434035,0.093923,4.621168,1.463000,1.463000,L4.mlp,0.000000,0.000000,0.000000,1.000000,norm_normal_functional_failure
glm4,phase290,L5,negation,existential_no,neg_no_one_came,cross_battn_amlp,1.000000,-0.005129,0.534994,0.540123,1.002918,0.350765,2.859227,0.568299,-0.568299,L5.next_layer_out,0.000000,0.000000,0.000000,1.000000,norm_normal_functional_failure
glm4,phase290,L0,negation,existential_no,neg_no_food,cross_battn_amlp,1.000000,0.000776,1.015504,1.014727,0.973642,0.002155,451.785651,0.977465,-0.977465,L0.next_layer_out,0.000000,0.000000,0.000000,1.000000,norm_normal_functional_failure
glm4,phase290,L1,negation,existential_no,neg_no_food,cross_battn_amlp,1.000000,-0.006177,1.018812,1.024989,0.969920,0.019616,49.444766,1.149247,-1.149247,L1.next_layer_out,0.000000,0.000000,0.000000,1.000000,norm_normal_functional_failure
glm4,phase290,L0,negation,existential_no,neg_no_idea,cross_battn_amlp,1.000000,0.004853,0.967727,0.962874,1.020820,0.004647,219.666496,0.329979,0.329979,L0.attn,0.000000,0.000000,0.000000,1.000000,norm_normal_functional_failure
glm4,phase290,L1,negation,existential_no,neg_no_idea,cross_battn_amlp,1.000000,0.057616,0.903380,0.845764,1.026796,0.012115,84.751607,0.823367,0.823367,L1.attn,0.000000,0.000000,0.000000,1.000000,norm_normal_functional_failure
glm4,phase290,L2,negation,existential_no,neg_no_idea,cross_battn_amlp,1.000000,0.006419,0.548460,0.542041,0.934536,0.230235,4.059048,0.316202,0.316202,L2.attn,0.000000,0.000000,0.000000,1.000000,norm_normal_functional_failure
glm4,phase290,L0,negation,existential_no,neg_no_reason,cross_battn_amlp,1.000000,0.006666,0.997992,0.991325,0.989618,0.007112,139.150919,0.875292,-0.875292,L0.next_resid_in,0.000000,0.000000,0.000000,1.000000,norm_normal_functional_failure
glm4,phase290,L1,negation,existential_no,neg_no_reason,cross_battn_amlp,1.000000,0.071457,0.996077,0.924621,0.905592,0.036146,25.053380,0.866789,-0.866789,L1.next_layer_out,0.000000,0.000000,0.000000,1.000000,norm_normal_functional_failure
glm4,phase290,L2,negation,existential_no,neg_no_reason,cross_battn_amlp,1.000000,0.075834,0.901133,0.825298,0.946018,0.136679,6.921451,1.040569,1.040569,L2.attn,0.000000,0.000000,0.000000,1.000000,norm_normal_functional_failure
glm4,phase290,L4,negation,existential_no,neg_no_reason,cross_battn_amlp,1.000000,0.247897,0.895540,0.647643,0.720030,0.070114,10.269352,2.230892,2.230892,L4.mlp,0.000000,0.000000,0.000000,1.000000,norm_normal_functional_failure
glm4,phase290,L0,negation,existential_no,neg_no_choice,cross_battn_amlp,1.000000,-0.002579,0.902947,0.905526,0.994702,0.022952,43.337438,0.416750,0.416750,L0.attn,0.000000,0.000000,0.000000,1.000000,norm_normal_functional_failure
glm4,phase290,L1,negation,existential_no,neg_no_choice,cross_battn_amlp,1.000000,0.005456,0.761183,0.755727,1.017268,0.158740,6.408394,0.363368,0.363368,L1.attn,0.000000,0.000000,0.000000,1.000000,norm_normal_functional_failure
glm4,phase290,L0,negation,lexical_not_adj,neg_happy,cross_battn_amlp,1.000000,0.003863,0.995701,0.991838,1.118608,0.005960,187.687852,1.415881,-1.415881,L0.next_layer_out,0.000000,0.000000,0.000000,1.000000,norm_normal_functional_failure
glm4,phase290,L1,negation,lexical_not_adj,neg_happy,cross_battn_amlp,1.000000,0.300387,0.878677,0.578290,0.490863,0.073319,6.694932,2.109867,-2.109867,L1.mlp,0.000000,0.000000,0.000000,1.000000,norm_normal_functional_failure
glm4,phase290,L2,negation,lexical_not_adj,neg_happy,cross_battn_amlp,1.000000,0.173747,0.916396,0.742649,0.538268,0.021282,25.292415,1.583172,-1.583172,L2.next_layer_out,0.000000,0.000000,0.000000,1.000000,norm_normal_functional_failure
glm4,phase290,L4,negation,lexical_not_adj,neg_happy,cross_battn_amlp,1.000000,-0.014793,0.636719,0.651511,1.039880,0.352511,2.949923,1.845081,-1.845081,L4.attn,0.000000,0.000000,0.000000,1.000000,norm_normal_functional_failure
glm4,phase290,L0,negation,lexical_not_adj,neg_open,cross_battn_amlp,1.000000,-0.004491,1.042771,1.047262,1.027713,0.008536,120.401335,1.532224,-1.532224,L0.next_resid_in,0.000000,0.000000,0.000000,1.000000,norm_normal_functional_failure
glm4,phase290,L1,negation,lexical_not_adj,neg_open,cross_battn_amlp,1.000000,0.029228,0.855351,0.826124,0.993972,0.096280,10.323792,1.490255,-1.490255,L1.next_resid_in,0.000000,0.000000,0.000000,1.000000,norm_normal_functional_failure
glm4,phase290,L2,negation,lexical_not_adj,neg_open,cross_battn_amlp,1.000000,0.018644,0.937234,0.918590,0.977538,0.267104,3.659767,1.230532,-1.230532,L2.next_resid_in,0.000000,0.000000,0.000000,1.000000,norm_normal_functional_failure
glm4,phase290,L3,negation,lexical_not_adj,neg_open,cross_battn_amlp,1.000000,0.005722,0.672188,0.666466,0.957175,0.329307,2.906633,1.094098,-1.094098,L3.next_resid_in,0.000000,0.000000,0.000000,1.000000,norm_normal_functional_failure
glm4,phase290,L4,negation,lexical_not_adj,neg_open,cross_battn_amlp,1.000000,0.026896,0.545928,0.519032,0.953348,0.548827,1.737065,1.037491,-1.037491,L4.next_layer_out,0.000000,0.000000,0.000000,1.000000,norm_normal_functional_failure
glm4,phase290,L5,negation,lexical_not_adj,neg_open,cross_battn_amlp,1.000000,0.002524,0.708176,0.705653,0.956224,0.546178,1.750754,1.228933,-1.228933,L5.attn,0.000000,0.000000,0.000000,1.000000,norm_normal_functional_failure
glm4,phase290,L0,negation,lexical_not_adj,neg_possible,cross_battn_amlp,1.000000,0.222888,0.955211,0.732324,1.636563,0.020697,79.073740,1.611800,-1.611800,L0.next_layer_out,0.000000,0.000000,0.000000,1.000000,norm_normal_functional_failure
glm4,phase290,L1,negation,lexical_not_adj,neg_possible,cross_battn_amlp,1.000000,0.124709,0.931917,0.807208,1.176549,0.036189,32.511528,1.714549,-1.714549,L1.mlp,0.000000,0.000000,0.000000,1.000000,norm_normal_functional_failure
glm4,phase290,L2,negation,lexical_not_adj,neg_possible,cross_battn_amlp,1.000000,0.028247,0.890644,0.862397,1.180614,0.073387,16.087417,1.217671,-1.217671,L2.next_layer_out,0.000000,0.000000,0.000000,1.000000,norm_normal_functional_failure
glm4,phase290,L0,negation,lexical_not_adj,neg_ready,cross_battn_amlp,1.000000,-0.000604,0.952946,0.953549,1.028105,0.010847,94.784201,1.295994,-1.295994,L0.next_layer_out,0.000000,0.000000,0.000000,1.000000,norm_normal_functional_failure
glm4,phase290,L1,negation,lexical_not_adj,neg_ready,cross_battn_amlp,1.000000,0.198301,0.936973,0.738672,1.006946,0.011228,89.679734,1.684067,-1.684067,L1.attn,0.000000,0.000000,0.000000,1.000000,norm_normal_functional_failure
glm4,phase290,L2,negation,lexical_not_adj,neg_ready,cross_battn_amlp,1.000000,0.152268,0.928728,0.776459,0.924407,0.010175,90.853007,1.688960,-1.688960,L2.next_layer_out,0.000000,0.000000,0.000000,1.000000,norm_normal_functional_failure
glm4,phase290,L3,negation,lexical_not_adj,neg_ready,cross_battn_amlp,1.000000,0.024676,0.684246,0.659571,0.987651,0.262745,3.758967,1.807734,-1.807734,L3.attn,0.000000,0.000000,0.000000,1.000000,norm_normal_functional_failure
glm4,phase290,L4,negation,lexical_not_adj,neg_ready,cross_battn_amlp,1.000000,0.054953,0.856277,0.801324,0.929897,0.165733,5.610821,1.848308,-1.848308,L4.attn,0.000000,0.000000,0.000000,1.000000,norm_normal_functional_failure
glm4,phase290,L5,negation,lexical_not_adj,neg_ready,cross_battn_amlp,1.000000,0.000193,0.747338,0.747145,0.989239,0.129868,7.617283,1.762233,-1.762233,L5.next_resid_in,0.000000,0.000000,0.000000,1.000000,norm_normal_functional_failure
glm4,phase290,L6,negation,lexical_not_adj,neg_ready,cross_battn_amlp,1.000000,0.012676,0.762692,0.750016,1.007833,0.314661,3.202916,1.829990,-1.829990,L6.next_layer_out,0.000000,0.000000,0.000000,1.000000,norm_normal_functional_failure
glm4,phase290,L7,negation,lexical_not_adj,neg_ready,cross_battn_amlp,1.000000,0.008616,0.641691,0.633075,1.007060,0.413875,2.433244,1.903389,-1.903389,L7.mlp,0.000000,0.000000,0.000000,1.000000,norm_normal_functional_failure
glm4,phase290,L0,negation,lexical_not_adj,neg_important,cross_battn_amlp,1.000000,-0.030127,0.964280,0.994407,1.004632,0.042948,23.392034,1.617998,-1.617998,L0.next_layer_out,0.000000,0.000000,0.000000,1.000000,norm_normal_functional_failure
glm4,phase290,L3,negation,lexical_not_adj,neg_important,cross_battn_amlp,1.000000,0.014163,0.725780,0.711617,1.022148,0.208328,4.906445,1.870776,-1.870776,L3.attn,0.000000,0.000000,0.000000,1.000000,norm_normal_functional_failure
glm4,phase290,L4,negation,lexical_not_adj,neg_important,cross_battn_amlp,1.000000,0.152344,0.905882,0.753538,0.921113,0.062496,14.738861,1.772060,-1.772060,L4.next_layer_out,0.000000,0.000000,0.000000,1.000000,norm_normal_functional_failure
glm4,phase290,L5,negation,lexical_not_adj,neg_important,cross_battn_amlp,1.000000,0.070921,0.688880,0.617959,1.012029,0.234744,4.311196,1.823202,-1.823202,L5.next_layer_out,0.000000,0.000000,0.000000,1.000000,norm_normal_functional_failure
glm4,phase290,L7,negation,lexical_not_adj,neg_important,cross_battn_amlp,1.000000,0.033005,0.623283,0.590278,1.019094,0.338804,3.007915,1.776967,-1.776967,L7.next_resid_in,0.000000,0.000000,0.000000,1.000000,norm_normal_functional_failure
glm4,phase290,L0,negation,lexical_not_adj,neg_clear,cross_battn_amlp,1.000000,-0.024806,1.001922,1.026728,1.069088,0.057561,18.573187,1.625024,-1.625024,L0.next_resid_in,0.000000,0.000000,0.000000,1.000000,norm_normal_functional_failure
glm4,phase290,L1,negation,lexical_not_adj,neg_clear,cross_battn_amlp,1.000000,0.051342,0.893609,0.842267,1.043977,0.076851,13.584442,1.336493,-1.336493,L1.next_layer_out,0.000000,0.000000,0.000000,1.000000,norm_normal_functional_failure
glm4,phase290,L2,negation,lexical_not_adj,neg_clear,cross_battn_amlp,1.000000,0.090067,0.886104,0.796037,0.982226,0.093702,10.482443,1.267766,-1.267766,L2.next_resid_in,0.000000,0.000000,0.000000,1.000000,norm_normal_functional_failure
glm4,phase290,L3,negation,lexical_not_adj,neg_clear,cross_battn_amlp,1.000000,0.016827,0.572151,0.555324,1.024879,0.305679,3.352800,1.169904,-1.169904,L3.next_layer_out,0.000000,0.000000,0.000000,1.000000,norm_normal_functional_failure
glm4,phase290,L4,negation,lexical_not_adj,neg_clear,cross_battn_amlp,1.000000,0.041631,0.664305,0.622674,0.979083,0.707991,1.382903,1.192266,-1.192266,L4.next_layer_out,0.000000,0.000000,0.000000,1.000000,norm_normal_functional_failure
glm4,phase290,L5,negation,lexical_not_adj,neg_clear,cross_battn_amlp,1.000000,-0.035788,0.519930,0.555718,1.040927,0.400680,2.597905,1.187353,-1.187353,L5.next_resid_in,0.000000,0.000000,0.000000,1.000000,norm_normal_functional_failure
glm4,phase290,L6,negation,lexical_not_adj,neg_clear,cross_battn_amlp,1.000000,0.001551,0.503009,0.501459,1.012408,0.303351,3.337418,1.148841,-1.148841,L6.next_layer_out,0.000000,0.000000,0.000000,1.000000,norm_normal_functional_failure
glm4,phase290,L0,negation,lexical_not_adj,neg_safe,cross_battn_amlp,1.000000,0.081957,1.020847,0.938890,1.061679,0.016311,65.088556,1.514411,-1.514411,L0.next_resid_in,0.000000,0.000000,0.000000,1.000000,norm_normal_functional_failure
glm4,phase290,L1,negation,lexical_not_adj,neg_safe,cross_battn_amlp,1.000000,0.146057,0.958308,0.812251,0.883505,0.069478,12.716265,1.369930,-1.369930,L1.next_resid_in,0.000000,0.000000,0.000000,1.000000,norm_normal_functional_failure
glm4,phase290,L2,negation,lexical_not_adj,neg_safe,cross_battn_amlp,1.000000,0.037330,0.906179,0.868850,1.033517,0.090965,11.361696,1.281130,-1.281130,L2.attn,0.000000,0.000000,0.000000,1.000000,norm_normal_functional_failure
glm4,phase290,L5,negation,lexical_not_adj,neg_safe,cross_battn_amlp,1.000000,0.011597,0.588939,0.577342,1.093035,0.440179,2.483158,1.342084,-1.342084,L5.attn,0.000000,0.000000,0.000000,1.000000,norm_normal_functional_failure
glm4,phase290,L0,negation,lexical_not_adj,neg_fair,cross_battn_amlp,1.000000,-0.018437,0.964453,0.982890,1.081383,0.011381,95.014941,1.424042,-1.424042,L0.next_resid_in,0.000000,0.000000,0.000000,1.000000,norm_normal_functional_failure
glm4,phase290,L1,negation,lexical_not_adj,neg_fair,cross_battn_amlp,1.000000,0.016213,1.037548,1.021335,1.029516,0.007064,145.749424,1.148448,-1.148448,L1.next_layer_out,0.000000,0.000000,0.000000,1.000000,norm_normal_functional_failure
glm4,phase290,L5,negation,lexical_not_adj,neg_fair,cross_battn_amlp,1.000000,0.037514,0.586384,0.548870,1.018776,0.353654,2.880714,1.299299,-1.299299,L5.mlp,0.000000,0.000000,0.000000,1.000000,norm_normal_functional_failure
glm4,phase290,L6,negation,lexical_not_adj,neg_fair,cross_battn_amlp,1.000000,-0.009487,0.721178,0.730665,1.064890,0.131856,8.076143,1.226425,-1.226425,L6.mlp,0.000000,0.000000,0.000000,1.000000,norm_normal_functional_failure
glm4,phase290,L7,negation,lexical_not_adj,neg_fair,cross_battn_amlp,1.000000,-0.016462,0.596279,0.612740,1.044843,0.362083,2.885646,1.239275,-1.239275,L7.mlp,0.000000,0.000000,0.000000,1.000000,norm_normal_functional_failure
glm4,phase290,L0,negation,morphological_neg,neg_impossible,cross_battn_amlp,1.000000,-0.046651,0.971975,1.018626,1.002046,0.004011,249.798038,2.005779,-2.005779,L0.next_resid_in,0.000000,0.000000,0.000000,1.000000,norm_normal_functional_failure
glm4,phase290,L1,negation,morphological_neg,neg_impossible,cross_battn_amlp,1.000000,0.017161,0.739705,0.722545,0.941407,0.101488,9.276035,1.787114,-1.787114,L1.next_layer_out,0.000000,0.000000,0.000000,1.000000,norm_normal_functional_failure
glm4,phase290,L0,negation,morphological_neg,neg_unacceptable,cross_battn_amlp,1.000000,0.008627,0.968551,0.959924,0.983213,0.003674,267.645978,1.694568,-1.694568,L0.attn,0.000000,0.000000,0.000000,1.000000,norm_normal_functional_failure
glm4,phase290,L4,negation,morphological_neg,neg_unacceptable,cross_battn_amlp,1.000000,-0.001510,0.528355,0.529865,1.036961,0.114881,9.026411,1.504984,-1.504984,L4.attn,0.000000,0.000000,0.000000,1.000000,norm_normal_functional_failure
glm4,phase290,L0,negation,morphological_neg,neg_incomplete,cross_battn_amlp,1.000000,0.012991,0.984798,0.971807,1.001579,0.000910,1101.128184,1.983354,-1.983354,L0.next_resid_in,0.000000,0.000000,0.000000,1.000000,norm_normal_functional_failure
glm4,phase290,L2,negation,morphological_neg,neg_incomplete,cross_battn_amlp,1.000000,-0.000916,0.611694,0.612610,0.990350,0.097432,10.164515,1.909596,-1.909596,L2.next_resid_in,0.000000,0.000000,0.000000,1.000000,norm_normal_functional_failure
glm4,phase290,L0,negation,morphological_neg,neg_irrelevant,cross_battn_amlp,1.000000,0.001262,0.979768,0.978506,0.999089,0.006435,155.250110,1.674777,-1.674777,L0.next_resid_in,0.000000,0.000000,0.000000,1.000000,norm_normal_functional_failure
glm4,phase290,L0,negation,morphological_neg,neg_dishonest,cross_battn_amlp,1.000000,-0.001155,0.992916,0.994071,1.023332,0.009043,113.160965,1.819959,-1.819959,L0.next_layer_out,0.000000,0.000000,0.000000,1.000000,norm_normal_functional_failure
glm4,phase290,L0,negation,morphological_neg,neg_incorrect,cross_battn_amlp,1.000000,-0.003244,0.963506,0.966749,1.002760,0.004071,246.338926,1.649049,-1.649049,L0.attn,0.000000,0.000000,0.000000,1.000000,norm_normal_functional_failure
glm4,phase290,L2,negation,morphological_neg,neg_incorrect,cross_battn_amlp,1.000000,0.001848,0.794645,0.792796,1.014092,0.098132,10.333948,1.925140,-1.925140,L2.mlp,0.000000,0.000000,0.000000,1.000000,norm_normal_functional_failure
glm4,phase290,L0,negation,never,neg_seen_before,cross_battn_amlp,1.000000,0.028571,0.926107,0.897536,1.360483,0.019045,71.433816,2.025764,-2.025764,L0.mlp,0.000000,0.000000,0.000000,1.000000,norm_normal_functional_failure
glm4,phase290,L1,negation,never,neg_seen_before,cross_battn_amlp,1.000000,-0.044042,0.913661,0.957703,1.410652,0.019542,72.186786,1.793665,-1.793665,L1.next_resid_in,0.000000,0.000000,0.000000,1.000000,norm_normal_functional_failure
glm4,phase290,L2,negation,never,neg_seen_before,cross_battn_amlp,1.000000,0.241959,0.775694,0.533735,0.596375,0.084664,7.044043,1.277372,-1.277372,L2.next_resid_in,0.000000,0.000000,0.000000,1.000000,norm_normal_functional_failure
glm4,phase290,L4,negation,never,neg_seen_before,cross_battn_amlp,1.000000,0.330226,0.932320,0.602094,0.516589,0.044504,11.607672,2.251646,2.251646,L4.mlp,0.000000,0.000000,0.000000,1.000000,norm_normal_functional_failure
glm4,phase290,L0,negation,never,neg_been_paris,cross_battn_amlp,1.000000,0.000762,0.907588,0.906826,1.002613,0.028217,35.531844,0.634445,0.634445,L0.mlp,0.000000,0.000000,0.000000,1.000000,norm_normal_functional_failure
glm4,phase290,L1,negation,never,neg_been_paris,cross_battn_amlp,1.000000,0.020629,0.771739,0.751111,0.926637,0.093511,9.909398,0.993695,-0.993695,L1.mlp,0.000000,0.000000,0.000000,1.000000,norm_normal_functional_failure
glm4,phase290,L2,negation,never,neg_been_paris,cross_battn_amlp,1.000000,0.040032,0.758184,0.718152,1.054094,0.117345,8.982884,0.529313,-0.529313,L2.next_layer_out,0.000000,0.000000,0.000000,1.000000,norm_normal_functional_failure
glm4,phase290,L6,negation,never,neg_been_paris,cross_battn_amlp,1.000000,-0.013763,0.584528,0.598291,0.996002,0.335426,2.969363,0.515541,-0.515541,L6.attn,0.000000,0.000000,0.000000,1.000000,norm_normal_functional_failure
glm4,phase290,L0,negation,never,neg_told_secret,cross_battn_amlp,1.000000,0.307164,0.980588,0.673424,1.169033,0.026434,44.225420,1.220419,-1.220419,L0.next_resid_in,0.000000,0.000000,0.000000,1.000000,norm_normal_functional_failure
glm4,phase290,L1,negation,never,neg_told_secret,cross_battn_amlp,1.000000,0.148164,0.823906,0.675741,0.648069,0.126555,5.120843,1.091123,-1.091123,L1.next_resid_in,0.000000,0.000000,0.000000,1.000000,norm_normal_functional_failure
glm4,phase290,L2,negation,never,neg_told_secret,cross_battn_amlp,1.000000,0.086580,0.788417,0.701837,0.796333,0.206317,3.859753,0.769680,-0.769680,L2.next_layer_out,0.000000,0.000000,0.000000,1.000000,norm_normal_functional_failure
glm4,phase290,L4,negation,never,neg_told_secret,cross_battn_amlp,1.000000,0.165752,0.737036,0.571283,0.966477,0.178055,5.427953,1.525262,1.525262,L4.mlp,0.000000,0.000000,0.000000,1.000000,norm_normal_functional_failure
glm4,phase290,L0,negation,never,neg_gives_up,cross_battn_amlp,1.000000,0.002479,1.001321,0.998843,1.031611,0.002274,453.601568,1.677982,-1.677982,L0.attn,0.000000,0.000000,0.000000,1.000000,norm_normal_functional_failure
glm4,phase290,L1,negation,never,neg_gives_up,cross_battn_amlp,1.000000,0.022642,0.836012,0.813371,1.003034,0.060552,16.564883,1.865214,-1.865214,L1.mlp,0.000000,0.000000,0.000000,1.000000,norm_normal_functional_failure
glm4,phase290,L0,negation,never,neg_forgets_face,cross_battn_amlp,1.000000,-0.043067,0.989044,1.032111,1.034220,0.026259,39.384855,1.307326,-1.307326,L0.next_layer_out,0.000000,0.000000,0.000000,1.000000,norm_normal_functional_failure
glm4,phase290,L1,negation,never,neg_forgets_face,cross_battn_amlp,1.000000,-0.014417,0.901411,0.915828,1.037688,0.043695,23.748274,1.307639,-1.307639,L1.next_resid_in,0.000000,0.000000,0.000000,1.000000,norm_normal_functional_failure
glm4,phase290,L2,negation,never,neg_forgets_face,cross_battn_amlp,1.000000,0.046895,0.672228,0.625333,0.982795,0.136103,7.220967,0.908752,-0.908752,L2.next_resid_in,0.000000,0.000000,0.000000,1.000000,norm_normal_functional_failure
glm4,phase290,L3,negation,never,neg_forgets_face,cross_battn_amlp,1.000000,-0.008935,0.599269,0.608203,1.016234,0.637820,1.593293,0.878376,-0.878376,L3.next_resid_in,0.000000,0.000000,0.000000,1.000000,norm_normal_functional_failure
glm4,phase290,L6,negation,never,neg_forgets_face,cross_battn_amlp,1.000000,0.082768,0.607466,0.524698,0.953643,0.269761,3.535137,0.788613,-0.788613,L6.attn,0.000000,0.000000,0.000000,1.000000,norm_normal_functional_failure
glm4,phase290,L7,negation,never,neg_forgets_face,cross_battn_amlp,1.000000,-0.019315,0.590076,0.609391,1.016090,0.418248,2.429395,0.756313,-0.756313,L7.mlp,0.000000,0.000000,0.000000,1.000000,norm_normal_functional_failure
glm4,phase290,L0,negation,never,neg_late,cross_battn_amlp,1.000000,0.006662,1.011556,1.004895,0.983794,0.002684,366.587398,1.542031,-1.542031,L0.attn,0.000000,0.000000,0.000000,1.000000,norm_normal_functional_failure
glm4,phase290,L1,negation,never,neg_late,cross_battn_amlp,1.000000,-0.002346,0.882967,0.885314,1.010219,0.126268,8.000579,1.870342,-1.870342,L1.mlp,0.000000,0.000000,0.000000,1.000000,norm_normal_functional_failure
glm4,phase290,L0,negation,scope_quantifier,neg_not_all,cross_battn_amlp,1.000000,-0.033378,0.939209,0.972587,1.046128,0.018998,55.065011,1.475668,-1.475668,L0.next_layer_out,0.000000,0.000000,0.000000,1.000000,norm_normal_functional_failure
glm4,phase290,L2,negation,scope_quantifier,neg_not_all,cross_battn_amlp,1.000000,-0.070350,0.995377,1.065727,1.106029,0.094562,11.696304,1.169650,-1.169650,L2.next_resid_in,0.000000,0.000000,0.000000,1.000000,norm_normal_functional_failure
glm4,phase290,L4,negation,scope_quantifier,neg_not_all,cross_battn_amlp,1.000000,0.163284,0.673042,0.509758,0.961284,0.304837,3.153440,0.949048,-0.949048,L4.next_layer_out,0.000000,0.000000,0.000000,1.000000,norm_normal_functional_failure
glm4,phase290,L5,negation,scope_quantifier,neg_not_all,cross_battn_amlp,1.000000,0.037816,0.544769,0.506953,1.018492,0.287649,3.540740,0.944954,-0.944954,L5.next_layer_out,0.000000,0.000000,0.000000,1.000000,norm_normal_functional_failure
glm4,phase290,L6,negation,scope_quantifier,neg_not_all,cross_battn_amlp,1.000000,-0.044137,0.624227,0.668364,1.050033,0.490819,2.139349,0.835100,0.835100,L6.attn,0.000000,0.000000,0.000000,1.000000,norm_normal_functional_failure
glm4,phase290,L0,negation,scope_quantifier,neg_not_everyone,cross_battn_amlp,1.000000,0.254421,0.893293,0.638873,1.724167,0.010929,157.759032,2.235663,-2.235663,L0.attn,0.000000,0.000000,0.000000,1.000000,norm_normal_functional_failure
glm4,phase290,L1,negation,scope_quantifier,neg_not_everyone,cross_battn_amlp,1.000000,0.087762,0.859182,0.771419,1.301055,0.117341,11.087828,2.002542,-2.002542,L1.next_layer_out,0.000000,0.000000,0.000000,1.000000,norm_normal_functional_failure
glm4,phase290,L2,negation,scope_quantifier,neg_not_everyone,cross_battn_amlp,1.000000,0.039778,0.663451,0.623673,0.778392,0.705524,1.103282,2.096919,-2.096919,L2.mlp,0.000000,0.000000,0.000000,1.000000,norm_normal_functional_failure
glm4,phase290,L3,negation,scope_quantifier,neg_not_everyone,cross_battn_amlp,1.000000,0.042940,0.548763,0.505822,0.670154,0.326524,2.052390,2.273383,-2.273383,L3.next_layer_out,0.000000,0.000000,0.000000,1.000000,norm_normal_functional_failure
glm4,phase290,L0,negation,scope_quantifier,neg_not_always,cross_battn_amlp,1.000000,0.337624,0.914532,0.576908,1.681924,0.262347,6.411063,0.884190,0.884190,L0.mlp,0.000000,0.000000,0.000000,1.000000,norm_normal_functional_failure
glm4,phase290,L1,negation,scope_quantifier,neg_not_always,cross_battn_amlp,1.000000,0.293512,0.827132,0.533620,0.820159,0.425535,1.927361,0.275570,-0.275570,L1.mlp,0.000000,0.000000,0.000000,1.000000,norm_normal_functional_failure
glm4,phase290,L6,negation,scope_quantifier,neg_not_always,cross_battn_amlp,1.000000,0.022254,0.530834,0.508580,0.949665,0.993695,0.955691,0.262445,0.262445,L6.mlp,0.000000,0.000000,0.000000,1.000000,norm_normal_functional_failure
glm4,phase290,L0,negation,scope_quantifier,neg_not_entirely,cross_battn_amlp,1.000000,0.425552,0.997375,0.571823,2.501335,0.020315,123.126820,0.795632,-0.795632,L0.next_layer_out,0.000000,0.000000,0.000000,1.000000,norm_normal_functional_failure
glm4,phase290,L1,negation,scope_quantifier,neg_not_entirely,cross_battn_amlp,1.000000,0.301019,0.882029,0.581010,0.896382,0.109819,8.162331,0.916834,-0.916834,L1.mlp,0.000000,0.000000,0.000000,1.000000,norm_normal_functional_failure
glm4,phase290,L7,negation,scope_quantifier,neg_not_entirely,cross_battn_amlp,1.000000,0.065751,0.610773,0.545023,1.024165,0.879893,1.163966,0.666663,-0.666663,L7.mlp,0.000000,0.000000,0.000000,1.000000,norm_normal_functional_failure
glm4,phase290,L8,negation,scope_quantifier,neg_not_entirely,cross_battn_amlp,1.000000,0.074861,0.620452,0.545591,0.798564,0.521446,1.531440,0.823694,-0.823694,L8.attn,0.000000,0.000000,0.000000,1.000000,norm_normal_functional_failure
glm4,phase290,L0,negation,scope_quantifier,neg_not_necessarily,cross_battn_amlp,1.000000,0.014131,0.757011,0.742880,1.005017,0.127861,7.860217,2.369564,2.369564,L0.mlp,0.000000,0.000000,0.000000,1.000000,norm_normal_functional_failure
glm4,phase290,L2,negation,scope_quantifier,neg_not_necessarily,cross_battn_amlp,1.000000,0.043545,0.693338,0.649793,0.949084,0.233139,4.070895,1.075686,1.075686,L2.attn,0.000000,0.000000,0.000000,1.000000,norm_normal_functional_failure
glm4,phase290,L6,negation,scope_quantifier,neg_not_necessarily,cross_battn_amlp,1.000000,0.002595,0.687166,0.684571,0.985688,0.355728,2.770907,0.504400,-0.504400,L6.next_layer_out,0.000000,0.000000,0.000000,1.000000,norm_normal_functional_failure
glm4,phase290,L6,negation,scope_quantifier,neg_not_necessarily,cross_aattn_bmlp,1.000000,0.152631,0.687166,0.534534,1.016772,0.355728,2.858288,0.996944,-0.996944,L6.attn,0.000000,0.000000,0.000000,1.000000,norm_normal_functional_failure
glm4,phase290,L0,negation,scope_quantifier,neg_not_completely,cross_battn_amlp,1.000000,-0.026696,1.015903,1.042599,1.078042,0.089816,12.002731,1.122925,-1.122925,L0.next_resid_in,0.000000,0.000000,0.000000,1.000000,norm_normal_functional_failure
glm4,phase290,L1,negation,scope_quantifier,neg_not_completely,cross_battn_amlp,1.000000,0.094818,0.857246,0.762429,0.947496,0.040980,23.120703,0.945506,-0.945506,L1.next_resid_in,0.000000,0.000000,0.000000,1.000000,norm_normal_functional_failure
glm4,phase290,L2,negation,scope_quantifier,neg_not_completely,cross_battn_amlp,1.000000,-0.003339,0.823425,0.826763,1.016247,0.292930,3.469247,0.682277,-0.682277,L2.next_layer_out,0.000000,0.000000,0.000000,1.000000,norm_normal_functional_failure
glm4,phase290,L3,negation,scope_quantifier,neg_not_completely,cross_battn_amlp,1.000000,0.112355,0.713482,0.601127,0.993974,0.274812,3.616920,0.828785,-0.828785,L3.attn,0.000000,0.000000,0.000000,1.000000,norm_normal_functional_failure
glm4,phase290,L4,negation,scope_quantifier,neg_not_completely,cross_battn_amlp,1.000000,0.041658,0.671615,0.629957,0.919610,0.261123,3.521755,0.774503,-0.774503,L4.attn,0.000000,0.000000,0.000000,1.000000,norm_normal_functional_failure
glm4,phase290,L5,negation,scope_quantifier,neg_not_completely,cross_battn_amlp,1.000000,-0.016823,0.733448,0.750271,0.996403,0.248852,4.004005,0.825734,-0.825734,L5.attn,0.000000,0.000000,0.000000,1.000000,norm_normal_functional_failure
glm4,phase290,L6,negation,scope_quantifier,neg_not_completely,cross_battn_amlp,1.000000,0.010929,0.659486,0.648557,0.990922,0.504814,1.962945,0.668909,-0.668909,L6.next_layer_out,0.000000,0.000000,0.000000,1.000000,norm_normal_functional_failure
glm4,phase290,L0,negation,syntactic_do_not,neg_agree,cross_battn_amlp,1.000000,-0.044180,0.965267,1.009447,0.980209,0.029529,33.194832,0.486690,0.486690,L0.next_resid_in,0.000000,0.000000,0.000000,1.000000,norm_normal_functional_failure
glm4,phase290,L1,negation,syntactic_do_not,neg_agree,cross_battn_amlp,1.000000,0.073604,0.773112,0.699508,0.935317,0.173245,5.398796,0.538921,0.538921,L1.mlp,0.000000,0.000000,0.000000,1.000000,norm_normal_functional_failure
glm4,phase290,L2,negation,syntactic_do_not,neg_agree,cross_battn_amlp,1.000000,0.011542,0.933391,0.921849,1.000390,0.058015,17.243768,1.114430,1.114430,L2.attn,0.000000,0.000000,0.000000,1.000000,norm_normal_functional_failure
glm4,phase290,L4,negation,syntactic_do_not,neg_agree,cross_battn_amlp,1.000000,0.249867,0.829794,0.579927,0.562010,0.129370,4.344225,1.068678,1.068678,L4.mlp,0.000000,0.000000,0.000000,1.000000,norm_normal_functional_failure
glm4,phase290,L7,negation,syntactic_do_not,neg_agree,cross_battn_amlp,1.000000,-0.000404,0.501922,0.502326,1.004994,0.466719,2.153317,0.363673,-0.363673,L7.attn,0.000000,0.000000,0.000000,1.000000,norm_normal_functional_failure
glm4,phase290,L0,negation,syntactic_do_not,neg_remember,cross_battn_amlp,1.000000,-0.039261,0.981080,1.020341,0.984544,0.584143,1.685451,1.688822,-1.688822,L0.mlp,0.000000,0.000000,0.000000,1.000000,norm_normal_functional_failure
glm4,phase290,L1,negation,syntactic_do_not,neg_remember,cross_battn_amlp,1.000000,0.074960,0.730438,0.655479,0.998271,0.097816,10.205554,1.599311,-1.599311,L1.next_resid_in,0.000000,0.000000,0.000000,1.000000,norm_normal_functional_failure
glm4,phase290,L2,negation,syntactic_do_not,neg_remember,cross_battn_amlp,1.000000,0.004236,0.925878,0.921642,1.020612,0.084620,12.061105,0.982568,-0.982568,L2.next_resid_in,0.000000,0.000000,0.000000,1.000000,norm_normal_functional_failure
glm4,phase290,L3,negation,syntactic_do_not,neg_remember,cross_battn_amlp,1.000000,-0.005930,0.672070,0.677999,1.033052,0.258482,3.996605,1.302900,-1.302900,L3.attn,0.000000,0.000000,0.000000,1.000000,norm_normal_functional_failure
glm4,phase290,L5,negation,syntactic_do_not,neg_remember,cross_battn_amlp,1.000000,-0.007519,0.764670,0.772189,1.003277,0.459847,2.181763,0.711612,-0.711612,L5.next_layer_out,0.000000,0.000000,0.000000,1.000000,norm_normal_functional_failure
glm4,phase290,L6,negation,syntactic_do_not,neg_remember,cross_battn_amlp,1.000000,-0.002219,0.815900,0.818119,0.985492,0.404799,2.434521,0.535227,-0.535227,L6.next_resid_in,0.000000,0.000000,0.000000,1.000000,norm_normal_functional_failure
glm4,phase290,L0,negation,syntactic_do_not,neg_understand,cross_battn_amlp,1.000000,-0.052192,0.989322,1.041514,1.012123,0.032000,31.628721,1.253956,-1.253956,L0.next_layer_out,0.000000,0.000000,0.000000,1.000000,norm_normal_functional_failure
glm4,phase290,L1,negation,syntactic_do_not,neg_understand,cross_battn_amlp,1.000000,0.315308,0.987335,0.672027,0.542134,0.022819,23.757613,1.188065,-1.188065,L1.next_resid_in,0.000000,0.000000,0.000000,1.000000,norm_normal_functional_failure
glm4,phase290,L2,negation,syntactic_do_not,neg_understand,cross_battn_amlp,1.000000,-0.010420,0.722714,0.733133,0.924728,0.271286,3.408684,1.058687,-1.058687,L2.next_layer_out,0.000000,0.000000,0.000000,1.000000,norm_normal_functional_failure
glm4,phase290,L0,negation,syntactic_do_not,neg_know,cross_battn_amlp,1.000000,-0.065859,0.932721,0.998580,1.009349,0.033242,30.363445,0.669453,-0.669453,L0.next_layer_out,0.000000,0.000000,0.000000,1.000000,norm_normal_functional_failure
glm4,phase290,L1,negation,syntactic_do_not,neg_know,cross_battn_amlp,1.000000,-0.006766,0.920293,0.927059,1.053230,0.007522,140.018249,0.960052,-0.960052,L1.mlp,0.000000,0.000000,0.000000,1.000000,norm_normal_functional_failure
glm4,phase290,L2,negation,syntactic_do_not,neg_know,cross_battn_amlp,1.000000,-0.036743,0.708999,0.745742,1.025515,0.169658,6.044608,0.653653,-0.653653,L2.next_layer_out,0.000000,0.000000,0.000000,1.000000,norm_normal_functional_failure
glm4,phase290,L3,negation,syntactic_do_not,neg_know,cross_battn_amlp,1.000000,0.125259,0.650673,0.525414,0.887921,0.364098,2.438684,0.845992,-0.845992,L3.mlp,0.000000,0.000000,0.000000,1.000000,norm_normal_functional_failure
glm4,phase290,L5,negation,syntactic_do_not,neg_know,cross_battn_amlp,1.000000,0.049357,0.785674,0.736317,0.896339,0.308835,2.902327,0.825527,-0.825527,L5.next_layer_out,0.000000,0.000000,0.000000,1.000000,norm_normal_functional_failure
glm4,phase290,L6,negation,syntactic_do_not,neg_know,cross_battn_amlp,1.000000,0.142157,0.694579,0.552422,0.832986,0.274116,3.038804,0.861969,-0.861969,L6.next_layer_out,0.000000,0.000000,0.000000,1.000000,norm_normal_functional_failure
glm4,phase290,L0,negation,syntactic_do_not,neg_believe,cross_battn_amlp,1.000000,0.032551,0.858070,0.825519,0.953907,0.041413,23.034159,1.332148,-1.332148,L0.next_layer_out,0.000000,0.000000,0.000000,1.000000,norm_normal_functional_failure
glm4,phase290,L1,negation,syntactic_do_not,neg_believe,cross_battn_amlp,1.000000,-0.012995,0.828648,0.841643,1.037144,0.033660,30.812634,1.199647,-1.199647,L1.next_resid_in,0.000000,0.000000,0.000000,1.000000,norm_normal_functional_failure
glm4,phase290,L2,negation,syntactic_do_not,neg_believe,cross_battn_amlp,1.000000,0.200858,0.744597,0.543740,0.946990,0.082860,11.428752,0.989640,-0.989640,L2.next_layer_out,0.000000,0.000000,0.000000,1.000000,norm_normal_functional_failure
glm4,phase290,L5,negation,syntactic_do_not,neg_believe,cross_battn_amlp,1.000000,0.034806,0.571176,0.536369,0.987889,0.241136,4.096817,1.162654,-1.162654,L5.mlp,0.000000,0.000000,0.000000,1.000000,norm_normal_functional_failure
glm4,phase290,L6,negation,syntactic_do_not,neg_believe,cross_battn_amlp,1.000000,-0.011884,0.680926,0.692810,0.973803,0.503300,1.934837,0.984331,-0.984331,L6.next_layer_out,0.000000,0.000000,0.000000,1.000000,norm_normal_functional_failure
glm4,phase290,L8,negation,syntactic_do_not,neg_believe,cross_battn_amlp,1.000000,-0.015635,0.504252,0.519887,1.033847,0.607524,1.701739,0.887567,-0.887567,L8.mlp,0.000000,0.000000,0.000000,1.000000,norm_normal_functional_failure
glm4,phase290,L0,negation,syntactic_do_not,neg_support,cross_battn_amlp,1.000000,0.020965,0.889334,0.868369,1.012097,0.087776,11.530449,0.595893,-0.595893,L0.next_layer_out,0.000000,0.000000,0.000000,1.000000,norm_normal_functional_failure
glm4,phase290,L1,negation,syntactic_do_not,neg_support,cross_battn_amlp,1.000000,-0.037104,0.921705,0.958809,1.021193,0.127978,7.979414,0.660804,-0.660804,L1.next_layer_out,0.000000,0.000000,0.000000,1.000000,norm_normal_functional_failure
glm4,phase290,L2,negation,syntactic_do_not,neg_support,cross_battn_amlp,1.000000,0.030172,0.777022,0.746850,1.023795,0.103039,9.935960,0.641496,-0.641496,L2.next_layer_out,0.000000,0.000000,0.000000,1.000000,norm_normal_functional_failure
glm4,phase290,L7,negation,syntactic_do_not,neg_support,cross_battn_amlp,1.000000,0.029152,0.589073,0.559921,1.009256,0.414300,2.436052,0.949933,-0.949933,L7.mlp,0.000000,0.000000,0.000000,1.000000,norm_normal_functional_failure
glm4,phase290,L0,negation,syntactic_do_not,neg_accept,cross_battn_amlp,1.000000,-0.057236,0.971325,1.028561,0.998879,0.044081,22.659896,0.616651,0.616651,L0.mlp,0.000000,0.000000,0.000000,1.000000,norm_normal_functional_failure
glm4,phase290,L1,negation,syntactic_do_not,neg_accept,cross_battn_amlp,1.000000,-0.065504,0.919091,0.984595,1.007853,0.031780,31.713013,0.440444,-0.440444,L1.mlp,0.000000,0.000000,0.000000,1.000000,norm_normal_functional_failure
glm4,phase290,L2,negation,syntactic_do_not,neg_accept,cross_battn_amlp,1.000000,0.071818,0.760041,0.688223,0.982621,0.099260,9.899442,0.551586,-0.551586,L2.next_layer_out,0.000000,0.000000,0.000000,1.000000,norm_normal_functional_failure
glm4,phase290,L5,negation,syntactic_do_not,neg_accept,cross_battn_amlp,1.000000,-0.011019,0.616897,0.627917,0.986996,0.311515,3.168379,0.676936,-0.676936,L5.attn,0.000000,0.000000,0.000000,1.000000,norm_normal_functional_failure
glm4,phase290,L6,negation,syntactic_do_not,neg_accept,cross_battn_amlp,1.000000,0.043357,0.614066,0.570709,0.986673,0.181868,5.425227,0.649141,-0.649141,L6.attn,0.000000,0.000000,0.000000,1.000000,norm_normal_functional_failure
glm4,phase290,L0,negation,syntactic_do_not,neg_expect,cross_battn_amlp,1.000000,-0.039978,0.936519,0.976497,1.050081,0.164979,6.364948,1.218935,-1.218935,L0.attn,0.000000,0.000000,0.000000,1.000000,norm_normal_functional_failure
glm4,phase290,L1,negation,syntactic_do_not,neg_expect,cross_battn_amlp,1.000000,0.141619,0.780629,0.639011,0.965025,0.140633,6.861984,1.219996,-1.219996,L1.next_layer_out,0.000000,0.000000,0.000000,1.000000,norm_normal_functional_failure
glm4,phase290,L2,negation,syntactic_do_not,neg_expect,cross_battn_amlp,1.000000,-0.011912,0.754472,0.766384,1.016513,0.195040,5.211821,1.240666,-1.240666,L2.next_layer_out,0.000000,0.000000,0.000000,1.000000,norm_normal_functional_failure
glm4,phase290,L5,negation,syntactic_do_not,neg_expect,cross_battn_amlp,1.000000,0.015103,0.671120,0.656017,1.078346,0.519643,2.075168,1.312647,-1.312647,L5.next_resid_in,0.000000,0.000000,0.000000,1.000000,norm_normal_functional_failure
glm4,phase290,L6,negation,syntactic_do_not,neg_expect,cross_battn_amlp,1.000000,-0.007255,0.753525,0.760781,1.009282,0.340135,2.967301,1.121649,-1.121649,L6.next_layer_out,0.000000,0.000000,0.000000,1.000000,norm_normal_functional_failure
glm4,phase290,L0,passive,by_phrase,pass_dog_cat,cross_battn_amlp,1.000000,-0.117798,0.936755,1.054554,1.013303,0.013438,75.405739,0.537866,0.537866,L0.next_layer_out,0.000000,0.000000,0.000000,1.000000,norm_normal_functional_failure
glm4,phase290,L1,passive,by_phrase,pass_dog_cat,cross_battn_amlp,1.000000,0.110392,0.827829,0.717438,0.830841,0.177887,4.670606,1.606627,1.606627,L1.mlp,0.000000,0.000000,0.000000,1.000000,norm_normal_functional_failure
glm4,phase290,L2,passive,by_phrase,pass_dog_cat,cross_battn_amlp,1.000000,0.052529,0.929352,0.876824,0.880173,0.211087,4.169718,0.719409,0.719409,L2.mlp,0.000000,0.000000,0.000000,1.000000,norm_normal_functional_failure
glm4,phase290,L4,passive,by_phrase,pass_dog_cat,cross_battn_amlp,1.000000,-0.056207,0.631032,0.687239,1.007898,0.231900,4.346269,1.919585,1.919585,L4.mlp,0.000000,0.000000,0.000000,1.000000,norm_normal_functional_failure
glm4,phase290,L6,passive,by_phrase,pass_dog_cat,cross_battn_amlp,1.000000,-0.086208,0.648408,0.734616,1.068058,0.178568,5.981232,0.977594,0.977594,L6.attn,0.000000,0.000000,0.000000,1.000000,norm_normal_functional_failure
glm4,phase290,L0,passive,by_phrase,pass_teacher_student,cross_battn_amlp,1.000000,-0.008816,1.194105,1.202921,1.010677,0.104804,9.643457,0.250639,0.250639,L0.next_layer_out,0.000000,0.000000,0.000000,1.000000,norm_normal_functional_failure
glm4,phase290,L1,passive,by_phrase,pass_teacher_student,cross_battn_amlp,1.000000,0.044342,0.785739,0.741397,0.974746,0.248618,3.920651,0.546402,0.546402,L1.mlp,0.000000,0.000000,0.000000,1.000000,norm_normal_functional_failure
glm4,phase290,L2,passive,by_phrase,pass_teacher_student,cross_battn_amlp,1.000000,-0.007336,0.696575,0.703911,1.033248,0.272766,3.788034,0.342663,-0.342663,L2.mlp,0.000000,0.000000,0.000000,1.000000,norm_normal_functional_failure
glm4,phase290,L3,passive,by_phrase,pass_teacher_student,cross_battn_amlp,1.000000,-0.010950,0.658826,0.669776,0.994439,0.493676,2.014356,0.751956,-0.751956,L3.attn,0.000000,0.000000,0.000000,1.000000,norm_normal_functional_failure
glm4,phase290,L4,passive,by_phrase,pass_teacher_student,cross_battn_amlp,1.000000,0.137221,0.789278,0.652057,0.899358,0.393849,2.283512,1.006416,1.006416,L4.mlp,0.000000,0.000000,0.000000,1.000000,norm_normal_functional_failure
glm4,phase290,L5,passive,by_phrase,pass_teacher_student,cross_battn_amlp,1.000000,0.023405,0.625708,0.602303,0.965108,0.628870,1.534669,0.156490,0.156490,L5.next_resid_in,0.000000,0.000000,0.000000,1.000000,norm_normal_functional_failure
glm4,phase290,L6,passive,by_phrase,pass_teacher_student,cross_battn_amlp,1.000000,0.062794,0.755697,0.692904,0.898185,0.488538,1.838518,1.477979,1.477979,L6.attn,0.000000,0.000000,0.000000,1.000000,norm_normal_functional_failure
glm4,phase290,L0,passive,by_phrase,pass_author_book,cross_battn_amlp,1.000000,-0.003134,1.105448,1.108583,1.033688,0.119943,8.618197,0.548061,-0.548061,L0.mlp,0.000000,0.000000,0.000000,1.000000,norm_normal_functional_failure
glm4,phase290,L1,passive,by_phrase,pass_author_book,cross_battn_amlp,1.000000,0.049036,0.569413,0.520376,1.057178,0.455146,2.322725,0.604006,0.604006,L1.attn,0.000000,0.000000,0.000000,1.000000,norm_normal_functional_failure
glm4,phase290,L2,passive,by_phrase,pass_author_book,cross_battn_amlp,1.000000,-0.016262,0.728565,0.744826,1.057407,0.285639,3.701896,1.156633,1.156633,L2.attn,0.000000,0.000000,0.000000,1.000000,norm_normal_functional_failure
glm4,phase290,L5,passive,by_phrase,pass_author_book,cross_battn_amlp,1.000000,0.015884,0.517563,0.501679,1.071465,0.382385,2.802060,0.068957,-0.068957,L5.mlp,0.000000,0.000000,0.000000,1.000000,norm_normal_functional_failure
glm4,phase290,L0,passive,by_phrase,pass_workers_bridge,cross_battn_amlp,1.000000,0.049074,0.768207,0.719132,1.060371,0.071873,14.753415,0.300925,-0.300925,L0.mlp,0.000000,0.000000,0.000000,1.000000,norm_normal_functional_failure
glm4,phase290,L1,passive,by_phrase,pass_workers_bridge,cross_battn_amlp,1.000000,0.029202,0.590564,0.561362,0.942192,0.272839,3.453295,0.529157,0.529157,L1.mlp,0.000000,0.000000,0.000000,1.000000,norm_normal_functional_failure
glm4,phase290,L2,passive,by_phrase,pass_workers_bridge,cross_battn_amlp,1.000000,0.020574,0.675492,0.654917,1.022421,0.259884,3.934143,0.339780,0.339780,L2.attn,0.000000,0.000000,0.000000,1.000000,norm_normal_functional_failure
glm4,phase290,L5,passive,by_phrase,pass_workers_bridge,cross_battn_amlp,1.000000,-0.008117,0.495319,0.503436,1.000644,0.647018,1.546548,0.540228,-0.540228,L5.mlp,0.000000,0.000000,0.000000,1.000000,norm_normal_functional_failure
glm4,phase290,L6,passive,by_phrase,pass_workers_bridge,cross_battn_amlp,1.000000,-0.004467,0.550084,0.554551,0.955217,0.421320,2.267200,0.571568,-0.571568,L6.mlp,0.000000,0.000000,0.000000,1.000000,norm_normal_functional_failure
glm4,phase290,L0,passive,by_phrase,pass_chef_meal,cross_battn_amlp,1.000000,0.002344,1.093043,1.090699,0.991784,0.183848,5.394578,0.822276,0.822276,L0.next_layer_out,0.000000,0.000000,0.000000,1.000000,norm_normal_functional_failure
glm4,phase290,L1,passive,by_phrase,pass_chef_meal,cross_battn_amlp,1.000000,0.021036,0.706945,0.685910,0.956514,0.197575,4.841275,1.795875,1.795875,L1.mlp,0.000000,0.000000,0.000000,1.000000,norm_normal_functional_failure
glm4,phase290,L2,passive,by_phrase,pass_chef_meal,cross_battn_amlp,1.000000,-0.015966,0.565103,0.581069,1.016858,0.261657,3.886233,1.234645,1.234645,L2.attn,0.000000,0.000000,0.000000,1.000000,norm_normal_functional_failure
glm4,phase290,L3,passive,by_phrase,pass_chef_meal,cross_battn_amlp,1.000000,-0.005565,0.506705,0.512270,0.985835,0.406238,2.426745,0.870964,0.870964,L3.mlp,0.000000,0.000000,0.000000,1.000000,norm_normal_functional_failure
glm4,phase290,L6,passive,by_phrase,pass_chef_meal,cross_battn_amlp,1.000000,0.001653,0.548037,0.546384,0.984051,0.382890,2.570061,0.666393,0.666393,L6.next_resid_in,0.000000,0.000000,0.000000,1.000000,norm_normal_functional_failure
glm4,phase290,L0,passive,by_phrase,pass_artist_picture,cross_battn_amlp,1.000000,0.003467,1.003264,0.999797,1.013627,0.077293,13.114065,0.532168,0.532168,L0.next_resid_in,0.000000,0.000000,0.000000,1.000000,norm_normal_functional_failure
glm4,phase290,L2,passive,by_phrase,pass_artist_picture,cross_battn_amlp,1.000000,0.012139,0.569831,0.557692,1.002654,0.333919,3.002685,0.736803,0.736803,L2.attn,0.000000,0.000000,0.000000,1.000000,norm_normal_functional_failure
glm4,phase290,L0,passive,by_phrase,pass_storm_roof,cross_battn_amlp,1.000000,0.010355,1.093593,1.083238,1.064830,0.021195,50.240471,0.991119,0.991119,L0.next_layer_out,0.000000,0.000000,0.000000,1.000000,norm_normal_functional_failure
glm4,phase290,L1,passive,by_phrase,pass_storm_roof,cross_battn_amlp,1.000000,0.031756,1.014290,0.982534,0.916231,0.122315,7.490741,1.995122,1.995122,L1.mlp,0.000000,0.000000,0.000000,1.000000,norm_normal_functional_failure
glm4,phase290,L2,passive,by_phrase,pass_storm_roof,cross_battn_amlp,1.000000,0.008884,0.814474,0.805589,1.023187,0.160383,6.379653,0.585737,0.585737,L2.next_resid_in,0.000000,0.000000,0.000000,1.000000,norm_normal_functional_failure
glm4,phase290,L3,passive,by_phrase,pass_storm_roof,cross_battn_amlp,1.000000,0.012962,0.658407,0.645445,0.980415,0.402627,2.435043,1.237020,1.237020,L3.mlp,0.000000,0.000000,0.000000,1.000000,norm_normal_functional_failure
glm4,phase290,L4,passive,by_phrase,pass_storm_roof,cross_battn_amlp,1.000000,-0.007058,0.710221,0.717279,0.974549,0.149686,6.510644,1.369608,1.369608,L4.mlp,0.000000,0.000000,0.000000,1.000000,norm_normal_functional_failure
glm4,phase290,L5,passive,by_phrase,pass_storm_roof,cross_battn_amlp,1.000000,-0.005578,0.503510,0.509088,1.057815,0.474451,2.229554,0.520089,0.520089,L5.next_resid_in,0.000000,0.000000,0.000000,1.000000,norm_normal_functional_failure
glm4,phase290,L7,passive,by_phrase,pass_storm_roof,cross_battn_amlp,1.000000,0.003949,0.562399,0.558450,1.003007,0.387500,2.588406,0.481360,0.481360,L7.next_layer_out,0.000000,0.000000,0.000000,1.000000,norm_normal_functional_failure
glm4,phase290,L0,passive,by_phrase,pass_police_driver,cross_battn_amlp,1.000000,0.015793,0.998731,0.982938,1.020403,0.024253,42.073537,0.299908,0.299908,L0.next_layer_out,0.000000,0.000000,0.000000,1.000000,norm_normal_functional_failure
glm4,phase290,L1,passive,by_phrase,pass_police_driver,cross_battn_amlp,1.000000,-0.008360,0.833102,0.841462,1.037888,0.150223,6.908969,0.433921,0.433921,L1.mlp,0.000000,0.000000,0.000000,1.000000,norm_normal_functional_failure
glm4,phase290,L2,passive,by_phrase,pass_police_driver,cross_battn_amlp,1.000000,0.012280,0.846344,0.834064,1.057268,0.191258,5.527953,0.561507,0.561507,L2.mlp,0.000000,0.000000,0.000000,1.000000,norm_normal_functional_failure
glm4,phase290,L6,passive,by_phrase,pass_police_driver,cross_battn_amlp,1.000000,0.013144,0.601647,0.588503,0.961862,0.401797,2.393899,0.440400,0.440400,L6.next_resid_in,0.000000,0.000000,0.000000,1.000000,norm_normal_functional_failure
glm4,phase290,L0,passive,dative_passive,pass_gift_given,cross_battn_amlp,1.000000,0.015234,1.011292,0.996058,0.991566,0.101350,9.783534,1.058293,1.058293,L0.next_layer_out,0.000000,0.000000,0.000000,1.000000,norm_normal_functional_failure
glm4,phase290,L1,passive,dative_passive,pass_gift_given,cross_battn_amlp,1.000000,0.013873,0.739916,0.726043,0.960246,0.276705,3.470288,1.483538,1.483538,L1.attn,0.000000,0.000000,0.000000,1.000000,norm_normal_functional_failure
glm4,phase290,L2,passive,dative_passive,pass_gift_given,cross_battn_amlp,1.000000,-0.001849,0.602682,0.604531,0.992817,0.669860,1.482126,1.252329,1.252329,L2.next_layer_out,0.000000,0.000000,0.000000,1.000000,norm_normal_functional_failure
glm4,phase290,L3,passive,dative_passive,pass_gift_given,cross_battn_amlp,1.000000,0.005442,0.700608,0.695165,0.998459,0.215844,4.625832,1.362088,1.362088,L3.mlp,0.000000,0.000000,0.000000,1.000000,norm_normal_functional_failure
glm4,phase290,L4,passive,dative_passive,pass_gift_given,cross_battn_amlp,1.000000,0.008559,0.525076,0.516517,1.026709,0.426142,2.409311,1.878077,1.878077,L4.mlp,0.000000,0.000000,0.000000,1.000000,norm_normal_functional_failure
glm4,phase290,L5,passive,dative_passive,pass_gift_given,cross_battn_amlp,1.000000,-0.010029,0.548829,0.558858,1.024882,0.568216,1.803684,1.333274,1.333274,L5.next_resid_in,0.000000,0.000000,0.000000,1.000000,norm_normal_functional_failure
glm4,phase290,L6,passive,dative_passive,pass_gift_given,cross_battn_amlp,1.000000,-0.006612,0.524737,0.531349,1.010117,0.640753,1.576453,1.465636,1.465636,L6.next_resid_in,0.000000,0.000000,0.000000,1.000000,norm_normal_functional_failure
glm4,phase290,L0,passive,dative_passive,pass_award_given,cross_battn_amlp,1.000000,0.022242,1.070511,1.048268,1.030551,0.065707,15.684058,0.977221,0.977221,L0.next_layer_out,0.000000,0.000000,0.000000,1.000000,norm_normal_functional_failure
glm4,phase290,L1,passive,dative_passive,pass_award_given,cross_battn_amlp,1.000000,0.026950,0.606956,0.580006,1.004745,0.322020,3.120136,1.867342,1.867342,L1.attn,0.000000,0.000000,0.000000,1.000000,norm_normal_functional_failure
glm4,phase290,L2,passive,dative_passive,pass_award_given,cross_battn_amlp,1.000000,0.011738,0.728875,0.717137,1.001334,0.180731,5.540464,1.625504,1.625504,L2.mlp,0.000000,0.000000,0.000000,1.000000,norm_normal_functional_failure
glm4,phase290,L3,passive,dative_passive,pass_award_given,cross_battn_amlp,1.000000,-0.003238,0.782226,0.785464,0.987481,0.187443,5.268162,1.749861,1.749861,L3.mlp,0.000000,0.000000,0.000000,1.000000,norm_normal_functional_failure
glm4,phase290,L5,passive,dative_passive,pass_award_given,cross_battn_amlp,1.000000,-0.005635,0.545509,0.551144,1.037368,0.567596,1.827650,1.551924,1.551924,L5.next_resid_in,0.000000,0.000000,0.000000,1.000000,norm_normal_functional_failure
glm4,phase290,L6,passive,dative_passive,pass_award_given,cross_battn_amlp,1.000000,0.011174,0.530224,0.519051,1.009347,0.528253,1.910726,1.423485,1.423485,L6.next_layer_out,0.000000,0.000000,0.000000,1.000000,norm_normal_functional_failure
glm4,phase290,L0,passive,dative_passive,pass_offer_made,cross_battn_amlp,1.000000,-0.008119,1.160914,1.169033,1.086864,0.126030,8.623873,0.899510,-0.899510,L0.mlp,0.000000,0.000000,0.000000,1.000000,norm_normal_functional_failure
glm4,phase290,L1,passive,dative_passive,pass_offer_made,cross_battn_amlp,1.000000,-0.001724,0.654009,0.655732,0.918583,0.287357,3.196662,1.094772,1.094772,L1.attn,0.000000,0.000000,0.000000,1.000000,norm_normal_functional_failure
glm4,phase290,L2,passive,dative_passive,pass_offer_made,cross_battn_amlp,1.000000,0.140845,0.655640,0.514794,1.023158,0.223012,4.587912,0.735873,0.735873,L2.mlp,0.000000,0.000000,0.000000,1.000000,norm_normal_functional_failure
glm4,phase290,L3,passive,dative_passive,pass_offer_made,cross_battn_amlp,1.000000,-0.022000,0.517592,0.539592,1.026757,0.417784,2.457629,0.510999,0.510999,L3.mlp,0.000000,0.000000,0.000000,1.000000,norm_normal_functional_failure
glm4,phase290,L0,passive,dative_passive,pass_task_assigned,cross_battn_amlp,1.000000,-0.017371,1.127087,1.144457,1.020974,0.035038,29.139042,0.807508,0.807508,L0.attn,0.000000,0.000000,0.000000,1.000000,norm_normal_functional_failure
glm4,phase290,L1,passive,dative_passive,pass_task_assigned,cross_battn_amlp,1.000000,0.161860,0.677555,0.515695,0.914542,0.119235,7.670053,0.676551,0.676551,L1.mlp,0.000000,0.000000,0.000000,1.000000,norm_normal_functional_failure
glm4,phase290,L3,passive,dative_passive,pass_task_assigned,cross_battn_amlp,1.000000,0.033495,0.538431,0.504936,0.973638,0.171615,5.673376,0.722718,0.722718,L3.attn,0.000000,0.000000,0.000000,1.000000,norm_normal_functional_failure
glm4,phase290,L5,passive,dative_passive,pass_task_assigned,cross_battn_amlp,1.000000,0.000817,0.582353,0.581536,1.008228,0.321960,3.131528,1.324157,1.324157,L5.mlp,0.000000,0.000000,0.000000,1.000000,norm_normal_functional_failure
glm4,phase290,L6,passive,dative_passive,pass_task_assigned,cross_battn_amlp,1.000000,0.021782,0.664350,0.642568,0.983340,0.228647,4.300694,0.997114,0.997114,L6.next_resid_in,0.000000,0.000000,0.000000,1.000000,norm_normal_functional_failure
glm4,phase290,L0,passive,dative_passive,pass_ticket_sent,cross_battn_amlp,1.000000,0.011064,1.195818,1.184754,0.969356,0.061607,15.734542,0.937997,0.937997,L0.attn,0.000000,0.000000,0.000000,1.000000,norm_normal_functional_failure
glm4,phase290,L1,passive,dative_passive,pass_ticket_sent,cross_battn_amlp,1.000000,0.140537,0.670252,0.529715,0.975923,0.318146,3.067527,1.316879,1.316879,L1.attn,0.000000,0.000000,0.000000,1.000000,norm_normal_functional_failure
glm4,phase290,L2,passive,dative_passive,pass_ticket_sent,cross_battn_amlp,1.000000,0.051197,0.780307,0.729110,0.926280,0.204141,4.537446,1.183361,1.183361,L2.mlp,0.000000,0.000000,0.000000,1.000000,norm_normal_functional_failure
glm4,phase290,L5,passive,dative_passive,pass_ticket_sent,cross_battn_amlp,1.000000,0.026030,0.576661,0.550630,0.999316,0.495992,2.014783,1.470852,1.470852,L5.next_resid_in,0.000000,0.000000,0.000000,1.000000,norm_normal_functional_failure
glm4,phase290,L6,passive,dative_passive,pass_ticket_sent,cross_battn_amlp,1.000000,0.019734,0.619892,0.600157,0.970220,0.311677,3.112905,1.381118,1.381118,L6.next_resid_in,0.000000,0.000000,0.000000,1.000000,norm_normal_functional_failure
glm4,phase290,L0,passive,dative_passive,pass_chance_given,cross_battn_amlp,1.000000,-0.011502,1.109867,1.121369,0.969191,0.178624,5.425870,0.856438,0.856438,L0.attn,0.000000,0.000000,0.000000,1.000000,norm_normal_functional_failure
glm4,phase290,L1,passive,dative_passive,pass_chance_given,cross_battn_amlp,1.000000,-0.016116,0.690517,0.706633,0.964389,0.277741,3.472254,1.335093,1.335093,L1.attn,0.000000,0.000000,0.000000,1.000000,norm_normal_functional_failure
glm4,phase290,L2,passive,dative_passive,pass_chance_given,cross_battn_amlp,1.000000,0.023903,0.667481,0.643578,1.013010,0.361891,2.799213,1.607623,1.607623,L2.mlp,0.000000,0.000000,0.000000,1.000000,norm_normal_functional_failure
glm4,phase290,L3,passive,dative_passive,pass_chance_given,cross_battn_amlp,1.000000,-0.009926,0.568243,0.578168,0.924017,0.541557,1.706224,1.709377,1.709377,L3.mlp,0.000000,0.000000,0.000000,1.000000,norm_normal_functional_failure
glm4,phase290,L6,passive,dative_passive,pass_chance_given,cross_battn_amlp,1.000000,0.007249,0.637079,0.629830,0.958722,0.219060,4.376536,1.401732,1.401732,L6.next_layer_out,0.000000,0.000000,0.000000,1.000000,norm_normal_functional_failure
glm4,phase290,L0,passive,dative_passive,pass_warning_given,cross_battn_amlp,1.000000,0.000372,1.116060,1.115689,0.997464,0.085430,11.675816,1.262132,1.262132,L0.next_layer_out,0.000000,0.000000,0.000000,1.000000,norm_normal_functional_failure
glm4,phase290,L1,passive,dative_passive,pass_warning_given,cross_battn_amlp,1.000000,0.028469,0.854436,0.825967,0.952485,0.113582,8.385904,1.910732,1.910732,L1.mlp,0.000000,0.000000,0.000000,1.000000,norm_normal_functional_failure
glm4,phase290,L2,passive,dative_passive,pass_warning_given,cross_battn_amlp,1.000000,-0.026547,0.556695,0.583243,1.015635,0.252319,4.025204,1.541674,1.541674,L2.next_layer_out,0.000000,0.000000,0.000000,1.000000,norm_normal_functional_failure
glm4,phase290,L3,passive,dative_passive,pass_warning_given,cross_battn_amlp,1.000000,0.020129,0.705763,0.685633,0.962224,0.369499,2.604130,1.519455,1.519455,L3.next_resid_in,0.000000,0.000000,0.000000,1.000000,norm_normal_functional_failure
glm4,phase290,L0,passive,dative_passive,pass_role_offered,cross_battn_amlp,1.000000,0.011629,1.059377,1.047748,0.975793,0.112335,8.686461,0.908889,0.908889,L0.next_layer_out,0.000000,0.000000,0.000000,1.000000,norm_normal_functional_failure
glm4,phase290,L1,passive,dative_passive,pass_role_offered,cross_battn_amlp,1.000000,-0.003717,0.790560,0.794277,0.996185,0.126789,7.857018,1.863091,1.863091,L1.mlp,0.000000,0.000000,0.000000,1.000000,norm_normal_functional_failure
glm4,phase290,L2,passive,dative_passive,pass_role_offered,cross_battn_amlp,1.000000,0.021417,0.589224,0.567807,1.068758,0.426364,2.506680,1.463457,1.463457,L2.next_layer_out,0.000000,0.000000,0.000000,1.000000,norm_normal_functional_failure
glm4,phase290,L4,passive,dative_passive,pass_role_offered,cross_battn_amlp,1.000000,-0.042467,0.702845,0.745312,0.906367,0.482769,1.877432,2.635591,2.635591,L4.mlp,0.000000,0.000000,0.000000,1.000000,norm_normal_functional_failure
glm4,phase290,L5,passive,dative_passive,pass_role_offered,cross_battn_amlp,1.000000,-0.008484,0.685410,0.693894,0.986679,0.392564,2.513418,1.505246,1.505246,L5.next_resid_in,0.000000,0.000000,0.000000,1.000000,norm_normal_functional_failure
glm4,phase290,L6,passive,dative_passive,pass_role_offered,cross_battn_amlp,1.000000,0.056988,0.597815,0.540827,0.873750,0.226983,3.849408,1.525615,1.525615,L6.attn,0.000000,0.000000,0.000000,1.000000,norm_normal_functional_failure
glm4,phase290,L7,passive,dative_passive,pass_role_offered,cross_battn_amlp,1.000000,0.026905,0.739578,0.712673,0.940906,0.338424,2.780260,1.845007,1.845007,L7.attn,0.000000,0.000000,0.000000,1.000000,norm_normal_functional_failure
glm4,phase290,L8,passive,dative_passive,pass_role_offered,cross_battn_amlp,1.000000,0.048576,0.553764,0.505188,0.988684,0.365766,2.703051,1.848600,1.848600,L8.next_resid_in,0.000000,0.000000,0.000000,1.000000,norm_normal_functional_failure
glm4,phase290,L0,passive,get_passive,pass_get_hired,cross_battn_amlp,1.000000,0.169514,1.052333,0.882818,2.018864,0.205182,9.839387,0.746951,-0.746951,L0.attn,0.000000,0.000000,0.000000,1.000000,norm_normal_functional_failure
glm4,phase290,L1,passive,get_passive,pass_get_hired,cross_battn_amlp,1.000000,0.171093,0.795886,0.624792,1.853889,0.318519,5.820335,0.885829,0.885829,L1.attn,0.000000,0.000000,0.000000,1.000000,norm_normal_functional_failure
glm4,phase290,L2,passive,get_passive,pass_get_hired,cross_battn_amlp,1.000000,0.080026,0.605675,0.525649,1.083964,0.725223,1.494663,0.490653,-0.490653,L2.attn,0.000000,0.000000,0.000000,1.000000,norm_normal_functional_failure
glm4,phase290,L0,passive,get_passive,pass_get_promoted,cross_battn_amlp,1.000000,-0.068314,1.034679,1.102993,0.995026,0.116484,8.542168,0.920602,-0.920602,L0.next_resid_in,0.000000,0.000000,0.000000,1.000000,norm_normal_functional_failure
glm4,phase290,L1,passive,get_passive,pass_get_promoted,cross_battn_amlp,1.000000,0.081755,0.828346,0.746591,1.088926,0.160615,6.779743,0.896276,-0.896276,L1.next_layer_out,0.000000,0.000000,0.000000,1.000000,norm_normal_functional_failure
glm4,phase290,L2,passive,get_passive,pass_get_promoted,cross_battn_amlp,1.000000,0.160469,0.819857,0.659388,0.925376,0.143743,6.437724,0.660560,-0.660560,L2.next_resid_in,0.000000,0.000000,0.000000,1.000000,norm_normal_functional_failure
glm4,phase290,L3,passive,get_passive,pass_get_promoted,cross_battn_amlp,1.000000,-0.032221,0.734878,0.767098,1.011895,0.164083,6.166962,0.804337,-0.804337,L3.attn,0.000000,0.000000,0.000000,1.000000,norm_normal_functional_failure
glm4,phase290,L4,passive,get_passive,pass_get_promoted,cross_battn_amlp,1.000000,0.079358,0.610362,0.531003,1.006048,0.294590,3.415085,0.548219,0.548219,L4.attn,0.000000,0.000000,0.000000,1.000000,norm_normal_functional_failure
glm4,phase290,L5,passive,get_passive,pass_get_promoted,cross_battn_amlp,1.000000,-0.035376,0.566325,0.601701,0.962021,0.568727,1.691533,0.653865,-0.653865,L5.attn,0.000000,0.000000,0.000000,1.000000,norm_normal_functional_failure
glm4,phase290,L6,passive,get_passive,pass_get_promoted,cross_battn_amlp,1.000000,-0.039535,0.499492,0.539027,1.027820,0.217333,4.729244,0.436421,-0.436421,L6.next_layer_out,0.000000,0.000000,0.000000,1.000000,norm_normal_functional_failure
glm4,phase290,L8,passive,get_passive,pass_get_promoted,cross_battn_amlp,1.000000,-0.009404,0.567621,0.577024,0.979442,0.270591,3.619645,0.480701,-0.480701,L8.next_layer_out,0.000000,0.000000,0.000000,1.000000,norm_normal_functional_failure
glm4,phase290,L0,passive,get_passive,pass_get_paid,cross_battn_amlp,1.000000,-0.039416,1.076055,1.115471,1.144936,0.014069,81.382803,0.299244,-0.299244,L0.next_layer_out,0.000000,0.000000,0.000000,1.000000,norm_normal_functional_failure
glm4,phase290,L1,passive,get_passive,pass_get_paid,cross_battn_amlp,1.000000,0.092550,0.636518,0.543969,0.694804,0.374772,1.853936,0.827500,0.827500,L1.attn,0.000000,0.000000,0.000000,1.000000,norm_normal_functional_failure
glm4,phase290,L2,passive,get_passive,pass_get_paid,cross_battn_amlp,1.000000,-0.012538,0.701343,0.713881,1.089051,0.169141,6.438700,0.294672,0.294672,L2.mlp,0.000000,0.000000,0.000000,1.000000,norm_normal_functional_failure
glm4,phase290,L6,passive,get_passive,pass_get_paid,cross_battn_amlp,1.000000,-0.030054,0.495423,0.525476,1.072378,0.605636,1.770664,0.615886,0.615886,L6.attn,0.000000,0.000000,0.000000,1.000000,norm_normal_functional_failure
glm4,phase290,L0,passive,get_passive,pass_get_selected,cross_battn_amlp,1.000000,-0.007875,1.104878,1.112753,1.062291,0.019596,54.210589,0.314176,-0.314176,L0.attn,0.000000,0.000000,0.000000,1.000000,norm_normal_functional_failure
glm4,phase290,L1,passive,get_passive,pass_get_selected,cross_battn_amlp,1.000000,-0.014119,0.791017,0.805135,1.053829,0.159702,6.598705,0.652869,0.652869,L1.attn,0.000000,0.000000,0.000000,1.000000,norm_normal_functional_failure
glm4,phase290,L2,passive,get_passive,pass_get_selected,cross_battn_amlp,1.000000,0.051898,1.000327,0.948429,1.002576,0.115465,8.682912,0.818956,0.818956,L2.mlp,0.000000,0.000000,0.000000,1.000000,norm_normal_functional_failure
glm4,phase290,L3,passive,get_passive,pass_get_selected,cross_battn_amlp,1.000000,0.057463,0.713940,0.656477,0.950006,0.107025,8.876483,0.362148,0.362148,L3.mlp,0.000000,0.000000,0.000000,1.000000,norm_normal_functional_failure
glm4,phase290,L4,passive,get_passive,pass_get_selected,cross_battn_amlp,1.000000,0.086652,0.745518,0.658866,1.105843,0.301200,3.671464,1.054889,1.054889,L4.attn,0.000000,0.000000,0.000000,1.000000,norm_normal_functional_failure
glm4,phase290,L5,passive,get_passive,pass_get_selected,cross_battn_amlp,1.000000,-0.016187,0.656084,0.672271,1.010764,0.459076,2.201738,0.263688,-0.263688,L5.mlp,0.000000,0.000000,0.000000,1.000000,norm_normal_functional_failure
glm4,phase290,L0,passive,get_passive,pass_get_invited,cross_battn_amlp,1.000000,-0.064644,1.092601,1.157245,0.981755,0.033454,29.346381,1.165888,-1.165888,L0.next_resid_in,0.000000,0.000000,0.000000,1.000000,norm_normal_functional_failure
glm4,phase290,L1,passive,get_passive,pass_get_invited,cross_battn_amlp,1.000000,0.057551,0.930915,0.873365,1.010603,0.068226,14.812645,0.830159,-0.830159,L1.next_layer_out,0.000000,0.000000,0.000000,1.000000,norm_normal_functional_failure
glm4,phase290,L2,passive,get_passive,pass_get_invited,cross_battn_amlp,1.000000,0.038898,0.914409,0.875511,0.993624,0.027884,35.634316,0.753625,-0.753625,L2.next_layer_out,0.000000,0.000000,0.000000,1.000000,norm_normal_functional_failure
glm4,phase290,L3,passive,get_passive,pass_get_invited,cross_battn_amlp,1.000000,0.047254,0.726437,0.679183,0.924022,0.286541,3.224741,0.832388,-0.832388,L3.next_layer_out,0.000000,0.000000,0.000000,1.000000,norm_normal_functional_failure
glm4,phase290,L5,passive,get_passive,pass_get_invited,cross_battn_amlp,1.000000,0.003208,0.570998,0.567789,1.000738,0.241775,4.139139,0.632606,-0.632606,L5.next_layer_out,0.000000,0.000000,0.000000,1.000000,norm_normal_functional_failure
glm4,phase290,L6,passive,get_passive,pass_get_invited,cross_battn_amlp,1.000000,0.077833,0.697306,0.619473,0.942332,0.332989,2.829920,0.547906,-0.547906,L6.next_layer_out,0.000000,0.000000,0.000000,1.000000,norm_normal_functional_failure
glm4,phase290,L0,passive,get_passive,pass_get_caught,cross_battn_amlp,1.000000,-0.010608,1.124314,1.134922,1.035932,0.050256,20.612935,1.714517,1.714517,L0.mlp,0.000000,0.000000,0.000000,1.000000,norm_normal_functional_failure
glm4,phase290,L1,passive,get_passive,pass_get_caught,cross_battn_amlp,1.000000,-0.017137,0.797912,0.815049,1.087745,0.297297,3.658783,1.040667,1.040667,L1.attn,0.000000,0.000000,0.000000,1.000000,norm_normal_functional_failure
glm4,phase290,L2,passive,get_passive,pass_get_caught,cross_battn_amlp,1.000000,-0.025665,0.849587,0.875252,1.063461,0.208076,5.110932,0.706686,0.706686,L2.mlp,0.000000,0.000000,0.000000,1.000000,norm_normal_functional_failure
glm4,phase290,L3,passive,get_passive,pass_get_caught,cross_battn_amlp,1.000000,0.132462,0.639322,0.506860,0.913656,0.453997,2.012471,0.948541,0.948541,L3.mlp,0.000000,0.000000,0.000000,1.000000,norm_normal_functional_failure
glm4,phase290,L4,passive,get_passive,pass_get_caught,cross_battn_amlp,1.000000,0.199869,0.714240,0.514371,0.945652,0.355233,2.662058,1.961092,1.961092,L4.mlp,0.000000,0.000000,0.000000,1.000000,norm_normal_functional_failure
glm4,phase290,L6,passive,get_passive,pass_get_caught,cross_battn_amlp,1.000000,-0.041053,0.564091,0.605143,0.999975,0.489038,2.044778,0.443109,0.443109,L6.attn,0.000000,0.000000,0.000000,1.000000,norm_normal_functional_failure
glm4,phase290,L0,passive,get_passive,pass_get_helped,cross_battn_amlp,1.000000,-0.011784,1.034998,1.046783,1.006118,0.060205,16.711660,0.353787,-0.353787,L0.attn,0.000000,0.000000,0.000000,1.000000,norm_normal_functional_failure
glm4,phase290,L2,passive,get_passive,pass_get_helped,cross_battn_amlp,1.000000,-0.002000,0.791051,0.793051,0.982930,0.113851,8.633516,0.237796,0.237796,L2.next_layer_out,0.000000,0.000000,0.000000,1.000000,norm_normal_functional_failure
glm4,phase290,L3,passive,get_passive,pass_get_helped,cross_battn_amlp,1.000000,0.003408,0.615691,0.612283,0.997301,0.385585,2.586465,0.422424,0.422424,L3.mlp,0.000000,0.000000,0.000000,1.000000,norm_normal_functional_failure
glm4,phase290,L4,passive,get_passive,pass_get_helped,cross_battn_amlp,1.000000,0.030892,0.625795,0.594903,0.944726,0.329063,2.870961,0.605687,0.605687,L4.attn,0.000000,0.000000,0.000000,1.000000,norm_normal_functional_failure
glm4,phase290,L5,passive,get_passive,pass_get_helped,cross_battn_amlp,1.000000,0.010807,0.527465,0.516658,1.019667,0.638420,1.597174,0.370378,-0.370378,L5.mlp,0.000000,0.000000,0.000000,1.000000,norm_normal_functional_failure
glm4,phase290,L6,passive,get_passive,pass_get_helped,cross_battn_amlp,1.000000,-0.008124,0.658989,0.667114,1.023411,0.466212,2.195160,0.270698,-0.270698,L6.mlp,0.000000,0.000000,0.000000,1.000000,norm_normal_functional_failure
glm4,phase290,L0,passive,get_passive,pass_get_moved,cross_battn_amlp,1.000000,0.003534,0.995803,0.992269,0.994889,0.018948,52.507511,1.611509,1.611509,L0.mlp,0.000000,0.000000,0.000000,1.000000,norm_normal_functional_failure
glm4,phase290,L1,passive,get_passive,pass_get_moved,cross_battn_amlp,1.000000,0.047404,0.838764,0.791360,1.044745,0.222897,4.687108,0.896270,0.896270,L1.attn,0.000000,0.000000,0.000000,1.000000,norm_normal_functional_failure
glm4,phase290,L2,passive,get_passive,pass_get_moved,cross_battn_amlp,1.000000,0.056601,0.574793,0.518192,0.996472,0.281019,3.545924,0.446642,0.446642,L2.next_layer_out,0.000000,0.000000,0.000000,1.000000,norm_normal_functional_failure
glm4,phase290,L3,passive,get_passive,pass_get_moved,cross_battn_amlp,1.000000,0.007833,0.688281,0.680449,0.964544,0.360158,2.678116,0.760921,0.760921,L3.mlp,0.000000,0.000000,0.000000,1.000000,norm_normal_functional_failure
glm4,phase290,L4,passive,get_passive,pass_get_moved,cross_battn_amlp,1.000000,0.025856,0.723967,0.698111,0.953363,0.264485,3.604607,0.871516,0.871516,L4.mlp,0.000000,0.000000,0.000000,1.000000,norm_normal_functional_failure
glm4,phase290,L5,passive,get_passive,pass_get_moved,cross_battn_amlp,1.000000,0.012605,0.589083,0.576477,0.947004,0.268162,3.531466,0.483238,0.483238,L5.next_resid_in,0.000000,0.000000,0.000000,1.000000,norm_normal_functional_failure
glm4,phase290,L6,passive,get_passive,pass_get_moved,cross_battn_amlp,1.000000,-0.004887,0.657218,0.662105,0.989896,0.372316,2.658752,0.557990,0.557990,L6.next_resid_in,0.000000,0.000000,0.000000,1.000000,norm_normal_functional_failure
glm4,phase290,L8,passive,get_passive,pass_get_moved,cross_battn_amlp,1.000000,0.008971,0.546816,0.537846,0.921684,0.424836,2.169508,0.794641,0.794641,L8.next_resid_in,0.000000,0.000000,0.000000,1.000000,norm_normal_functional_failure
glm4,phase290,L0,passive,no_agent,pass_window_broken,cross_battn_amlp,1.000000,-0.007722,0.975692,0.983414,1.003820,0.020215,49.658037,1.465045,-1.465045,L0.attn,0.000000,0.000000,0.000000,1.000000,norm_normal_functional_failure
glm4,phase290,L0,passive,no_agent,pass_letter_sent,cross_battn_amlp,1.000000,0.004409,0.987248,0.982840,0.992253,0.006805,145.818624,1.383361,-1.383361,L0.attn,0.000000,0.000000,0.000000,1.000000,norm_normal_functional_failure
glm4,phase290,L1,passive,no_agent,pass_letter_sent,cross_battn_amlp,1.000000,0.074588,0.605518,0.530930,0.838509,0.367518,2.281546,1.611903,-1.611903,L1.mlp,0.000000,0.000000,0.000000,1.000000,norm_normal_functional_failure
glm4,phase290,L0,passive,no_agent,pass_cake_eaten,cross_battn_amlp,1.000000,0.003707,1.020237,1.016530,1.009630,0.007688,131.318398,1.742447,-1.742447,L0.attn,0.000000,0.000000,0.000000,1.000000,norm_normal_functional_failure
glm4,phase290,L1,passive,no_agent,pass_cake_eaten,cross_battn_amlp,1.000000,-0.003104,0.572578,0.575682,0.997241,0.705703,1.413118,1.503445,-1.503445,L1.mlp,0.000000,0.000000,0.000000,1.000000,norm_normal_functional_failure
glm4,phase290,L0,passive,no_agent,pass_door_closed,cross_battn_amlp,1.000000,0.000410,1.000625,1.000215,0.990409,0.015687,63.136222,1.473007,-1.473007,L0.next_layer_out,0.000000,0.000000,0.000000,1.000000,norm_normal_functional_failure
glm4,phase290,L1,passive,no_agent,pass_door_closed,cross_battn_amlp,1.000000,-0.007586,0.620174,0.627761,0.950103,0.664288,1.430258,1.932170,-1.932170,L1.mlp,0.000000,0.000000,0.000000,1.000000,norm_normal_functional_failure
glm4,phase290,L0,passive,no_agent,pass_mistake_made,cross_battn_amlp,1.000000,-0.007754,0.959297,0.967052,0.978648,0.078147,12.523198,1.316560,-1.316560,L0.next_layer_out,0.000000,0.000000,0.000000,1.000000,norm_normal_functional_failure
glm4,phase290,L0,passive,no_agent,pass_meeting_cancelled,cross_battn_amlp,1.000000,0.007501,1.010281,1.002779,0.988663,0.004236,233.380945,1.623333,-1.623333,L0.attn,0.000000,0.000000,0.000000,1.000000,norm_normal_functional_failure
glm4,phase290,L0,passive,no_agent,pass_car_repaired,cross_battn_amlp,1.000000,-0.000414,0.966195,0.966609,1.004625,0.031555,31.837715,1.597468,-1.597468,L0.attn,0.000000,0.000000,0.000000,1.000000,norm_normal_functional_failure
glm4,phase290,L0,passive,no_agent,pass_package_delivered,cross_battn_amlp,1.000000,0.015615,0.981061,0.965446,1.003238,0.041146,24.382483,1.583482,-1.583482,L0.attn,0.000000,0.000000,0.000000,1.000000,norm_normal_functional_failure
glm4,phase290,L0,recursive,complement_clause,rec_comp_think_leave,cross_battn_amlp,1.000000,0.019286,0.935929,0.916643,0.987095,0.172935,5.707899,1.496634,-1.496634,L0.mlp,0.000000,0.000000,0.000000,1.000000,norm_normal_functional_failure
glm4,phase290,L3,recursive,complement_clause,rec_comp_think_leave,cross_battn_amlp,1.000000,0.140238,0.742265,0.602026,1.018573,0.446495,2.281267,0.788992,0.788992,L3.mlp,0.000000,0.000000,0.000000,1.000000,norm_normal_functional_failure
glm4,phase290,L4,recursive,complement_clause,rec_comp_think_leave,cross_battn_amlp,1.000000,0.235192,0.781946,0.546754,1.051932,0.125002,8.415324,1.639408,1.639408,L4.mlp,0.000000,0.000000,0.000000,1.000000,norm_normal_functional_failure
glm4,phase290,L5,recursive,complement_clause,rec_comp_think_leave,cross_battn_amlp,1.000000,-0.023442,0.709565,0.733007,1.030006,0.358607,2.872244,1.454327,1.454327,L5.attn,0.000000,0.000000,0.000000,1.000000,norm_normal_functional_failure
glm4,phase290,L7,recursive,complement_clause,rec_comp_think_leave,cross_battn_amlp,1.000000,-0.008259,0.528207,0.536466,0.961798,0.573346,1.677517,0.792511,0.792511,L7.attn,0.000000,0.000000,0.000000,1.000000,norm_normal_functional_failure
glm4,phase290,L0,recursive,complement_clause,rec_comp_believe_win,cross_battn_amlp,1.000000,0.028011,0.909894,0.881883,0.950549,0.046435,20.470509,1.206753,1.206753,L0.attn,0.000000,0.000000,0.000000,1.000000,norm_normal_functional_failure
glm4,phase290,L1,recursive,complement_clause,rec_comp_believe_win,cross_battn_amlp,1.000000,0.027922,0.955463,0.927540,1.075148,0.039846,26.982725,1.556995,1.556995,L1.attn,0.000000,0.000000,0.000000,1.000000,norm_normal_functional_failure
glm4,phase290,L2,recursive,complement_clause,rec_comp_believe_win,cross_battn_amlp,1.000000,-0.010275,0.915338,0.925613,1.016411,0.018747,54.216281,1.997525,1.997525,L2.mlp,0.000000,0.000000,0.000000,1.000000,norm_normal_functional_failure
glm4,phase290,L3,recursive,complement_clause,rec_comp_believe_win,cross_battn_amlp,1.000000,-0.017684,0.688543,0.706227,0.951992,0.192449,4.946733,1.766905,1.766905,L3.next_resid_in,0.000000,0.000000,0.000000,1.000000,norm_normal_functional_failure
glm4,phase290,L4,recursive,complement_clause,rec_comp_believe_win,cross_battn_amlp,1.000000,0.000080,0.630300,0.630220,0.967355,0.243887,3.966404,1.743177,1.743177,L4.mlp,0.000000,0.000000,0.000000,1.000000,norm_normal_functional_failure
glm4,phase290,L0,recursive,complement_clause,rec_comp_know_safe,cross_battn_amlp,1.000000,0.030540,0.877116,0.846575,0.958928,0.171984,5.575682,1.525595,1.525595,L0.attn,0.000000,0.000000,0.000000,1.000000,norm_normal_functional_failure
glm4,phase290,L1,recursive,complement_clause,rec_comp_know_safe,cross_battn_amlp,1.000000,-0.005639,0.882048,0.887687,0.943613,0.131845,7.156981,1.211804,1.211804,L1.attn,0.000000,0.000000,0.000000,1.000000,norm_normal_functional_failure
glm4,phase290,L2,recursive,complement_clause,rec_comp_know_safe,cross_battn_amlp,1.000000,-0.002443,0.827927,0.830370,1.021961,0.236132,4.327919,1.299763,1.299763,L2.attn,0.000000,0.000000,0.000000,1.000000,norm_normal_functional_failure
glm4,phase290,L4,recursive,complement_clause,rec_comp_know_safe,cross_battn_amlp,1.000000,-0.024493,0.615170,0.639663,0.952728,0.335645,2.838494,2.365792,2.365792,L4.mlp,0.000000,0.000000,0.000000,1.000000,norm_normal_functional_failure
glm4,phase290,L5,recursive,complement_clause,rec_comp_know_safe,cross_battn_amlp,1.000000,0.026112,0.663032,0.636920,0.996212,0.460681,2.162476,1.411619,1.411619,L5.mlp,0.000000,0.000000,0.000000,1.000000,norm_normal_functional_failure
glm4,phase290,L6,recursive,complement_clause,rec_comp_know_safe,cross_battn_amlp,1.000000,0.007496,0.791675,0.784179,0.998758,0.292921,3.409645,2.015623,2.015623,L6.attn,0.000000,0.000000,0.000000,1.000000,norm_normal_functional_failure
glm4,phase290,L0,recursive,complement_clause,rec_comp_hear_ready,cross_battn_amlp,1.000000,-0.000183,0.933862,0.934045,0.968433,0.201531,4.805381,1.181682,1.181682,L0.attn,0.000000,0.000000,0.000000,1.000000,norm_normal_functional_failure
glm4,phase290,L1,recursive,complement_clause,rec_comp_hear_ready,cross_battn_amlp,1.000000,0.038610,1.032046,0.993436,0.950236,0.013070,72.705848,1.704312,1.704312,L1.attn,0.000000,0.000000,0.000000,1.000000,norm_normal_functional_failure
glm4,phase290,L2,recursive,complement_clause,rec_comp_hear_ready,cross_battn_amlp,1.000000,-0.015927,0.859834,0.875762,0.993173,0.122239,8.124843,1.941079,1.941079,L2.attn,0.000000,0.000000,0.000000,1.000000,norm_normal_functional_failure
glm4,phase290,L4,recursive,complement_clause,rec_comp_hear_ready,cross_battn_amlp,1.000000,0.007110,0.820432,0.813322,0.983816,0.428218,2.297467,2.635591,2.635591,L4.mlp,0.000000,0.000000,0.000000,1.000000,norm_normal_functional_failure
glm4,phase290,L4,recursive,complement_clause,rec_comp_hear_ready,cross_aattn_bmlp,1.000000,0.051573,0.820432,0.768859,1.117976,0.428218,2.610767,2.780868,2.780868,L4.mlp,0.000000,0.000000,0.000000,1.000000,norm_normal_functional_failure
glm4,phase290,L0,recursive,complement_clause,rec_comp_expect_arrive,cross_battn_amlp,1.000000,-0.007421,0.821116,0.828538,0.969824,0.089927,10.784623,2.109761,2.109761,L0.next_resid_in,0.000000,0.000000,0.000000,1.000000,norm_normal_functional_failure
glm4,phase290,L1,recursive,complement_clause,rec_comp_expect_arrive,cross_battn_amlp,1.000000,0.011882,1.056920,1.045038,0.935226,0.056514,16.548598,1.607863,1.607863,L1.next_resid_in,0.000000,0.000000,0.000000,1.000000,norm_normal_functional_failure
glm4,phase290,L2,recursive,complement_clause,rec_comp_expect_arrive,cross_battn_amlp,1.000000,-0.004104,0.823947,0.828052,1.006111,0.143763,6.998414,2.106079,2.106079,L2.attn,0.000000,0.000000,0.000000,1.000000,norm_normal_functional_failure
glm4,phase290,L3,recursive,complement_clause,rec_comp_expect_arrive,cross_battn_amlp,1.000000,0.092155,0.739348,0.647193,0.917937,0.026684,34.400263,2.165341,2.165341,L3.mlp,0.000000,0.000000,0.000000,1.000000,norm_normal_functional_failure
glm4,phase290,L4,recursive,complement_clause,rec_comp_expect_arrive,cross_battn_amlp,1.000000,0.021761,0.628041,0.606280,0.963365,0.398142,2.419653,3.133683,3.133683,L4.mlp,0.000000,0.000000,0.000000,1.000000,norm_normal_functional_failure
glm4,phase290,L5,recursive,complement_clause,rec_comp_expect_arrive,cross_battn_amlp,1.000000,-0.013406,0.786740,0.800146,0.948278,0.179648,5.278545,2.321836,2.321836,L5.next_layer_out,0.000000,0.000000,0.000000,1.000000,norm_normal_functional_failure
glm4,phase290,L6,recursive,complement_clause,rec_comp_expect_arrive,cross_battn_amlp,1.000000,0.001525,0.568331,0.566806,1.007904,0.344464,2.926006,2.731563,2.731563,L6.next_resid_in,0.000000,0.000000,0.000000,1.000000,norm_normal_functional_failure
glm4,phase290,L0,recursive,complement_clause,rec_comp_say_return,cross_battn_amlp,1.000000,-0.010169,1.133671,1.143839,1.030851,0.032074,32.139827,0.331773,0.331773,L0.next_layer_out,0.000000,0.000000,0.000000,1.000000,norm_normal_functional_failure
glm4,phase290,L1,recursive,complement_clause,rec_comp_say_return,cross_battn_amlp,1.000000,0.497619,1.023508,0.525889,0.436651,0.052376,8.336880,1.208907,1.208907,L1.attn,0.000000,0.000000,0.000000,1.000000,norm_normal_functional_failure
glm4,phase290,L2,recursive,complement_clause,rec_comp_say_return,cross_battn_amlp,1.000000,-0.016483,0.849510,0.865992,1.000127,0.109738,9.113772,1.108400,1.108400,L2.mlp,0.000000,0.000000,0.000000,1.000000,norm_normal_functional_failure
glm4,phase290,L3,recursive,complement_clause,rec_comp_say_return,cross_battn_amlp,1.000000,0.022374,0.793314,0.770939,0.928883,0.407669,2.278522,1.002191,1.002191,L3.mlp,0.000000,0.000000,0.000000,1.000000,norm_normal_functional_failure
glm4,phase290,L5,recursive,complement_clause,rec_comp_say_return,cross_battn_amlp,1.000000,-0.046404,0.485580,0.531984,1.015162,0.345586,2.937508,0.810127,0.810127,L5.attn,0.000000,0.000000,0.000000,1.000000,norm_normal_functional_failure
glm4,phase290,L6,recursive,complement_clause,rec_comp_say_return,cross_battn_amlp,1.000000,0.001833,0.507312,0.505479,1.069032,0.650275,1.643969,1.790008,1.790008,L6.attn,0.000000,0.000000,0.000000,1.000000,norm_normal_functional_failure
glm4,phase290,L0,recursive,complement_clause,rec_comp_notice_missing,cross_battn_amlp,1.000000,-0.043545,0.978415,1.021961,0.998030,0.244833,4.076365,1.999478,1.999478,L0.attn,0.000000,0.000000,0.000000,1.000000,norm_normal_functional_failure
glm4,phase290,L1,recursive,complement_clause,rec_comp_notice_missing,cross_battn_amlp,1.000000,0.035419,0.978818,0.943399,0.991014,0.152533,6.497061,1.584340,1.584340,L1.attn,0.000000,0.000000,0.000000,1.000000,norm_normal_functional_failure
glm4,phase290,L2,recursive,complement_clause,rec_comp_notice_missing,cross_battn_amlp,1.000000,0.174273,0.800392,0.626119,0.996151,0.271551,3.668373,2.628602,2.628602,L2.mlp,0.000000,0.000000,0.000000,1.000000,norm_normal_functional_failure
glm4,phase290,L3,recursive,complement_clause,rec_comp_notice_missing,cross_battn_amlp,1.000000,0.014909,0.648737,0.633828,0.973910,0.412545,2.360740,2.177520,2.177520,L3.next_layer_out,0.000000,0.000000,0.000000,1.000000,norm_normal_functional_failure
glm4,phase290,L4,recursive,complement_clause,rec_comp_notice_missing,cross_battn_amlp,1.000000,0.035485,0.756139,0.720654,0.990830,0.602498,1.644537,4.119490,4.119490,L4.mlp,0.000000,0.000000,0.000000,1.000000,norm_normal_functional_failure
glm4,phase290,L5,recursive,complement_clause,rec_comp_notice_missing,cross_battn_amlp,1.000000,-0.076301,0.817370,0.893672,1.024176,0.551517,1.857016,2.535760,2.535760,L5.mlp,0.000000,0.000000,0.000000,1.000000,norm_normal_functional_failure
glm4,phase290,L0,recursive,complement_clause,rec_comp_fear_lost,cross_battn_amlp,1.000000,-0.002630,0.956399,0.959029,1.000192,0.209009,4.785391,1.515824,1.515824,L0.attn,0.000000,0.000000,0.000000,1.000000,norm_normal_functional_failure
glm4,phase290,L1,recursive,complement_clause,rec_comp_fear_lost,cross_battn_amlp,1.000000,-0.013501,0.976141,0.989642,1.013132,0.079358,12.766603,1.348769,1.348769,L1.attn,0.000000,0.000000,0.000000,1.000000,norm_normal_functional_failure
glm4,phase290,L2,recursive,complement_clause,rec_comp_fear_lost,cross_battn_amlp,1.000000,-0.019025,0.990216,1.009241,0.973926,0.085242,11.425433,1.797901,1.797901,L2.attn,0.000000,0.000000,0.000000,1.000000,norm_normal_functional_failure
glm4,phase290,L3,recursive,complement_clause,rec_comp_fear_lost,cross_battn_amlp,1.000000,-0.032831,0.665173,0.698004,1.042752,0.313175,3.329613,1.239511,1.239511,L3.next_resid_in,0.000000,0.000000,0.000000,1.000000,norm_normal_functional_failure
glm4,phase290,L3,recursive,complement_clause,rec_comp_fear_lost,cross_aattn_bmlp,1.000000,0.123707,0.665173,0.541467,0.862420,0.313175,2.753794,0.841325,0.841325,L3.next_layer_out,0.000000,0.000000,0.000000,1.000000,norm_normal_functional_failure
glm4,phase290,L4,recursive,complement_clause,rec_comp_fear_lost,cross_battn_amlp,1.000000,0.031741,1.008410,0.976669,0.925400,0.297526,3.110318,3.154437,3.154437,L4.mlp,0.000000,0.000000,0.000000,1.000000,norm_normal_functional_failure
glm4,phase290,L6,recursive,complement_clause,rec_comp_fear_lost,cross_battn_amlp,1.000000,-0.001049,0.712171,0.713219,0.955085,0.435694,2.192102,2.663706,2.663706,L6.attn,0.000000,0.000000,0.000000,1.000000,norm_normal_functional_failure
glm4,phase290,L6,recursive,complement_clause,rec_comp_fear_lost,cross_aattn_bmlp,1.000000,0.093889,0.712171,0.618282,1.174589,0.435694,2.695906,1.318648,1.318648,L6.next_resid_in,0.000000,0.000000,0.000000,1.000000,norm_normal_functional_failure
glm4,phase290,L0,recursive,possessive_chain,rec_poss_jacket,cross_battn_amlp,1.000000,0.005331,0.855341,0.850010,1.021488,0.136718,7.471480,0.910266,0.910266,L0.next_layer_out,0.000000,0.000000,0.000000,1.000000,norm_normal_functional_failure
glm4,phase290,L1,recursive,possessive_chain,rec_poss_jacket,cross_battn_amlp,1.000000,0.002002,0.771727,0.769725,1.002422,0.130949,7.655081,1.850786,1.850786,L1.attn,0.000000,0.000000,0.000000,1.000000,norm_normal_functional_failure
glm4,phase290,L2,recursive,possessive_chain,rec_poss_jacket,cross_battn_amlp,1.000000,0.004419,0.955241,0.950822,1.023087,0.077373,13.222826,1.834364,1.834364,L2.attn,0.000000,0.000000,0.000000,1.000000,norm_normal_functional_failure
glm4,phase290,L5,recursive,possessive_chain,rec_poss_jacket,cross_battn_amlp,1.000000,-0.009949,0.518630,0.528579,0.987605,0.462379,2.135924,0.853963,0.853963,L5.attn,0.000000,0.000000,0.000000,1.000000,norm_normal_functional_failure
glm4,phase290,L0,recursive,possessive_chain,rec_poss_car,cross_battn_amlp,1.000000,0.011500,0.643894,0.632395,1.002860,0.244088,4.108605,0.426274,0.426274,L0.next_layer_out,0.000000,0.000000,0.000000,1.000000,norm_normal_functional_failure
glm4,phase290,L1,recursive,possessive_chain,rec_poss_car,cross_battn_amlp,1.000000,-0.004543,0.627633,0.632176,0.993016,0.213853,4.643447,1.694730,1.694730,L1.attn,0.000000,0.000000,0.000000,1.000000,norm_normal_functional_failure
glm4,phase290,L2,recursive,possessive_chain,rec_poss_car,cross_battn_amlp,1.000000,0.004756,0.857787,0.853032,1.036393,0.106926,9.692657,1.178997,1.178997,L2.attn,0.000000,0.000000,0.000000,1.000000,norm_normal_functional_failure
glm4,phase290,L4,recursive,possessive_chain,rec_poss_car,cross_battn_amlp,1.000000,0.010013,0.734412,0.724399,0.973251,0.293782,3.312830,1.047924,1.047924,L4.mlp,0.000000,0.000000,0.000000,1.000000,norm_normal_functional_failure
glm4,phase290,L5,recursive,possessive_chain,rec_poss_car,cross_battn_amlp,1.000000,-0.008687,0.516918,0.525605,0.994994,0.551594,1.803851,0.953312,0.953312,L5.attn,0.000000,0.000000,0.000000,1.000000,norm_normal_functional_failure
glm4,phase290,L0,recursive,possessive_chain,rec_poss_book,cross_battn_amlp,1.000000,-0.003975,0.792298,0.796273,1.000042,0.131958,7.578466,0.544251,0.544251,L0.next_layer_out,0.000000,0.000000,0.000000,1.000000,norm_normal_functional_failure
glm4,phase290,L1,recursive,possessive_chain,rec_poss_book,cross_battn_amlp,1.000000,0.014755,0.803280,0.788525,0.992169,0.112651,8.807448,1.494502,1.494502,L1.attn,0.000000,0.000000,0.000000,1.000000,norm_normal_functional_failure
glm4,phase290,L2,recursive,possessive_chain,rec_poss_book,cross_battn_amlp,1.000000,0.016848,0.762441,0.745594,1.003436,0.178749,5.613673,0.933475,0.933475,L2.attn,0.000000,0.000000,0.000000,1.000000,norm_normal_functional_failure
glm4,phase290,L3,recursive,possessive_chain,rec_poss_book,cross_battn_amlp,1.000000,0.089290,0.654588,0.565298,0.973473,0.539715,1.803682,1.208684,1.208684,L3.mlp,0.000000,0.000000,0.000000,1.000000,norm_normal_functional_failure
glm4,phase290,L3,recursive,possessive_chain,rec_poss_book,cross_aattn_bmlp,1.000000,0.057872,0.654588,0.596717,1.002516,0.539715,1.857492,0.844932,0.844932,L3.mlp,0.000000,0.000000,0.000000,1.000000,norm_normal_functional_failure
glm4,phase290,L0,recursive,possessive_chain,rec_poss_phone,cross_battn_amlp,1.000000,-0.019389,0.775006,0.794394,0.993307,0.195827,5.072383,0.583880,0.583880,L0.next_layer_out,0.000000,0.000000,0.000000,1.000000,norm_normal_functional_failure
glm4,phase290,L1,recursive,possessive_chain,rec_poss_phone,cross_battn_amlp,1.000000,-0.000810,0.661713,0.662523,0.992743,0.172958,5.739803,1.142670,1.142670,L1.attn,0.000000,0.000000,0.000000,1.000000,norm_normal_functional_failure
glm4,phase290,L2,recursive,possessive_chain,rec_poss_phone,cross_battn_amlp,1.000000,0.005037,0.711214,0.706178,1.042141,0.207923,5.012152,2.158889,2.158889,L2.attn,0.000000,0.000000,0.000000,1.000000,norm_normal_functional_failure
glm4,phase290,L4,recursive,possessive_chain,rec_poss_phone,cross_battn_amlp,1.000000,0.020989,0.610042,0.589053,0.969250,0.737782,1.313734,2.645968,2.645968,L4.mlp,0.000000,0.000000,0.000000,1.000000,norm_normal_functional_failure
glm4,phase290,L5,recursive,possessive_chain,rec_poss_phone,cross_battn_amlp,1.000000,0.000043,0.572973,0.572930,0.975010,0.413552,2.357645,1.155544,1.155544,L5.attn,0.000000,0.000000,0.000000,1.000000,norm_normal_functional_failure
glm4,phase290,L0,recursive,possessive_chain,rec_poss_house,cross_battn_amlp,1.000000,0.019695,0.844267,0.824572,0.979566,0.102461,9.560358,0.451733,-0.451733,L0.mlp,0.000000,0.000000,0.000000,1.000000,norm_normal_functional_failure
glm4,phase290,L1,recursive,possessive_chain,rec_poss_house,cross_battn_amlp,1.000000,0.011336,0.919297,0.907961,0.958225,0.148101,6.470079,1.767431,1.767431,L1.attn,0.000000,0.000000,0.000000,1.000000,norm_normal_functional_failure
glm4,phase290,L2,recursive,possessive_chain,rec_poss_house,cross_battn_amlp,1.000000,0.006774,0.885645,0.878872,1.020101,0.149614,6.818222,1.841100,1.841100,L2.attn,0.000000,0.000000,0.000000,1.000000,norm_normal_functional_failure
glm4,phase290,L3,recursive,possessive_chain,rec_poss_house,cross_battn_amlp,1.000000,0.004905,0.757208,0.752303,0.995850,0.493497,2.017945,1.264943,1.264943,L3.mlp,0.000000,0.000000,0.000000,1.000000,norm_normal_functional_failure
glm4,phase290,L0,recursive,possessive_chain,rec_poss_plan,cross_battn_amlp,1.000000,-0.034301,0.886297,0.920598,1.024237,0.065498,15.637800,0.475982,0.475982,L0.next_layer_out,0.000000,0.000000,0.000000,1.000000,norm_normal_functional_failure
glm4,phase290,L1,recursive,possessive_chain,rec_poss_plan,cross_battn_amlp,1.000000,0.055153,0.809563,0.754411,0.935371,0.038960,24.008393,1.090007,1.090007,L1.mlp,0.000000,0.000000,0.000000,1.000000,norm_normal_functional_failure
glm4,phase290,L2,recursive,possessive_chain,rec_poss_plan,cross_battn_amlp,1.000000,-0.006524,0.846729,0.853253,1.018024,0.297422,3.422831,1.929383,1.929383,L2.attn,0.000000,0.000000,0.000000,1.000000,norm_normal_functional_failure
glm4,phase290,L3,recursive,possessive_chain,rec_poss_plan,cross_battn_amlp,1.000000,0.343658,0.917424,0.573766,1.000251,0.458156,2.183212,1.345421,1.345421,L3.mlp,0.000000,0.000000,0.000000,1.000000,norm_normal_functional_failure
glm4,phase290,L5,recursive,possessive_chain,rec_poss_plan,cross_battn_amlp,1.000000,0.065572,0.684577,0.619005,1.008395,0.378463,2.664444,0.544657,0.544657,L5.next_resid_in,0.000000,0.000000,0.000000,1.000000,norm_normal_functional_failure
glm4,phase290,L0,recursive,possessive_chain,rec_poss_note,cross_battn_amlp,1.000000,-0.020744,0.878509,0.899253,0.985386,0.105673,9.324879,0.531937,-0.531937,L0.mlp,0.000000,0.000000,0.000000,1.000000,norm_normal_functional_failure
glm4,phase290,L1,recursive,possessive_chain,rec_poss_note,cross_battn_amlp,1.000000,0.025995,0.738801,0.712806,0.968029,0.117033,8.271397,1.282324,1.282324,L1.attn,0.000000,0.000000,0.000000,1.000000,norm_normal_functional_failure
glm4,phase290,L2,recursive,possessive_chain,rec_poss_note,cross_battn_amlp,1.000000,-0.030220,0.696395,0.726615,1.017723,0.093771,10.853297,1.873613,1.873613,L2.attn,0.000000,0.000000,0.000000,1.000000,norm_normal_functional_failure
glm4,phase290,L3,recursive,possessive_chain,rec_poss_note,cross_battn_amlp,1.000000,-0.048781,0.633321,0.682102,0.997771,0.225905,4.416768,1.698657,1.698657,L3.attn,0.000000,0.000000,0.000000,1.000000,norm_normal_functional_failure
glm4,phase290,L4,recursive,possessive_chain,rec_poss_note,cross_battn_amlp,1.000000,0.077057,0.615667,0.538610,0.990093,0.523180,1.892449,2.936522,2.936522,L4.mlp,0.000000,0.000000,0.000000,1.000000,norm_normal_functional_failure
glm4,phase290,L5,recursive,possessive_chain,rec_poss_note,cross_battn_amlp,1.000000,-0.041280,0.477464,0.518745,1.001466,0.661924,1.512963,1.719526,1.719526,L5.attn,0.000000,0.000000,0.000000,1.000000,norm_normal_functional_failure
glm4,phase290,L6,recursive,possessive_chain,rec_poss_note,cross_battn_amlp,1.000000,-0.006636,0.608834,0.615469,0.974747,0.525188,1.855995,1.676802,1.676802,L6.attn,0.000000,0.000000,0.000000,1.000000,norm_normal_functional_failure
glm4,phase290,L7,recursive,possessive_chain,rec_poss_note,cross_battn_amlp,1.000000,0.014005,0.521638,0.507634,1.009082,0.682837,1.477780,1.315785,1.315785,L7.attn,0.000000,0.000000,0.000000,1.000000,norm_normal_functional_failure
glm4,phase290,L0,recursive,possessive_chain,rec_poss_song,cross_battn_amlp,1.000000,0.009601,0.593915,0.584314,1.015284,0.484015,2.097630,0.834356,0.834356,L0.mlp,0.000000,0.000000,0.000000,1.000000,norm_normal_functional_failure
glm4,phase290,L1,recursive,possessive_chain,rec_poss_song,cross_battn_amlp,1.000000,0.034784,0.875954,0.841170,0.966085,0.095346,10.132461,1.787757,1.787757,L1.attn,0.000000,0.000000,0.000000,1.000000,norm_normal_functional_failure
glm4,phase290,L2,recursive,possessive_chain,rec_poss_song,cross_battn_amlp,1.000000,-0.000030,0.927524,0.927554,1.031385,0.103045,10.009035,1.679329,1.679329,L2.attn,0.000000,0.000000,0.000000,1.000000,norm_normal_functional_failure
glm4,phase290,L3,recursive,possessive_chain,rec_poss_song,cross_battn_amlp,1.000000,-0.001723,0.684592,0.686315,1.049177,0.660210,1.589156,1.004606,1.004606,L3.mlp,0.000000,0.000000,0.000000,1.000000,norm_normal_functional_failure
glm4,phase290,L4,recursive,possessive_chain,rec_poss_song,cross_battn_amlp,1.000000,0.019878,0.757202,0.737324,0.992015,0.291813,3.399490,2.012977,2.012977,L4.mlp,0.000000,0.000000,0.000000,1.000000,norm_normal_functional_failure
glm4,phase290,L0,recursive,pp_chain,rec_pp_key_drawer,cross_battn_amlp,1.000000,0.006611,0.950199,0.943588,0.998665,0.353035,2.828803,1.521150,1.521150,L0.next_resid_in,0.000000,0.000000,0.000000,1.000000,norm_normal_functional_failure
glm4,phase290,L1,recursive,pp_chain,rec_pp_key_drawer,cross_battn_amlp,1.000000,0.005496,1.111056,1.105560,0.991605,0.066805,14.843287,1.184996,1.184996,L1.attn,0.000000,0.000000,0.000000,1.000000,norm_normal_functional_failure
glm4,phase290,L2,recursive,pp_chain,rec_pp_key_drawer,cross_battn_amlp,1.000000,-0.017196,0.811481,0.828676,1.021200,0.338058,3.020787,1.578822,1.578822,L2.mlp,0.000000,0.000000,0.000000,1.000000,norm_normal_functional_failure
glm4,phase290,L3,recursive,pp_chain,rec_pp_key_drawer,cross_battn_amlp,1.000000,-0.004888,0.560334,0.565222,0.991547,0.381812,2.596948,2.144777,2.144777,L3.attn,0.000000,0.000000,0.000000,1.000000,norm_normal_functional_failure
glm4,phase290,L0,recursive,pp_chain,rec_pp_cup_table,cross_battn_amlp,1.000000,0.003147,0.923070,0.919923,1.022156,0.216724,4.716392,1.320381,1.320381,L0.attn,0.000000,0.000000,0.000000,1.000000,norm_normal_functional_failure
glm4,phase290,L1,recursive,pp_chain,rec_pp_cup_table,cross_battn_amlp,1.000000,0.059635,0.777159,0.717524,0.946183,0.060353,15.677583,1.865551,1.865551,L1.attn,0.000000,0.000000,0.000000,1.000000,norm_normal_functional_failure
glm4,phase290,L2,recursive,pp_chain,rec_pp_cup_table,cross_battn_amlp,1.000000,0.002234,0.729945,0.727711,0.995909,0.196753,5.061722,1.489313,1.489313,L2.mlp,0.000000,0.000000,0.000000,1.000000,norm_normal_functional_failure
glm4,phase290,L4,recursive,pp_chain,rec_pp_cup_table,cross_battn_amlp,1.000000,0.061633,0.651247,0.589614,0.921584,0.440342,2.092883,2.531822,2.531822,L4.mlp,0.000000,0.000000,0.000000,1.000000,norm_normal_functional_failure
glm4,phase290,L5,recursive,pp_chain,rec_pp_cup_table,cross_battn_amlp,1.000000,0.015592,0.602986,0.587394,0.945063,0.410405,2.302758,1.919654,1.919654,L5.attn,0.000000,0.000000,0.000000,1.000000,norm_normal_functional_failure
glm4,phase290,L0,recursive,pp_chain,rec_pp_photo_album,cross_battn_amlp,1.000000,0.016789,0.841123,0.824333,0.995931,0.097812,10.182128,1.350412,1.350412,L0.attn,0.000000,0.000000,0.000000,1.000000,norm_normal_functional_failure
glm4,phase290,L1,recursive,pp_chain,rec_pp_photo_album,cross_battn_amlp,1.000000,-0.002547,0.778623,0.781170,0.941046,0.184622,5.097146,1.711780,1.711780,L1.attn,0.000000,0.000000,0.000000,1.000000,norm_normal_functional_failure
glm4,phase290,L2,recursive,pp_chain,rec_pp_photo_album,cross_battn_amlp,1.000000,-0.017558,0.597786,0.615344,0.963946,0.216043,4.461819,1.460267,1.460267,L2.attn,0.000000,0.000000,0.000000,1.000000,norm_normal_functional_failure
glm4,phase290,L3,recursive,pp_chain,rec_pp_photo_album,cross_battn_amlp,1.000000,0.003242,0.685741,0.682499,0.979522,0.225184,4.349870,1.476775,1.476775,L3.mlp,0.000000,0.000000,0.000000,1.000000,norm_normal_functional_failure
glm4,phase290,L4,recursive,pp_chain,rec_pp_photo_album,cross_battn_amlp,1.000000,0.040101,0.779139,0.739038,0.964895,0.191207,5.046332,2.438430,2.438430,L4.mlp,0.000000,0.000000,0.000000,1.000000,norm_normal_functional_failure
glm4,phase290,L5,recursive,pp_chain,rec_pp_photo_album,cross_battn_amlp,1.000000,0.032880,0.768194,0.735314,0.982178,0.255074,3.850566,1.941431,1.941431,L5.attn,0.000000,0.000000,0.000000,1.000000,norm_normal_functional_failure
glm4,phase290,L7,recursive,pp_chain,rec_pp_photo_album,cross_battn_amlp,1.000000,-0.003042,0.714668,0.717710,0.979150,0.434586,2.253065,2.287806,2.287806,L7.attn,0.000000,0.000000,0.000000,1.000000,norm_normal_functional_failure
glm4,phase290,L0,recursive,pp_chain,rec_pp_bag_chair,cross_battn_amlp,1.000000,-0.008327,0.730483,0.738811,0.984862,0.257578,3.823554,1.298624,1.298624,L0.next_resid_in,0.000000,0.000000,0.000000,1.000000,norm_normal_functional_failure
glm4,phase290,L1,recursive,pp_chain,rec_pp_bag_chair,cross_battn_amlp,1.000000,0.003065,0.910695,0.907631,0.982616,0.133419,7.364889,1.748545,1.748545,L1.attn,0.000000,0.000000,0.000000,1.000000,norm_normal_functional_failure
glm4,phase290,L2,recursive,pp_chain,rec_pp_bag_chair,cross_battn_amlp,1.000000,-0.003712,0.694619,0.698331,0.967982,0.166148,5.826021,1.921059,1.921059,L2.mlp,0.000000,0.000000,0.000000,1.000000,norm_normal_functional_failure
glm4,phase290,L3,recursive,pp_chain,rec_pp_bag_chair,cross_battn_amlp,1.000000,0.013586,0.656231,0.642645,0.979402,0.752411,1.301685,1.903496,1.903496,L3.mlp,0.000000,0.000000,0.000000,1.000000,norm_normal_functional_failure
glm4,phase290,L6,recursive,pp_chain,rec_pp_bag_chair,cross_battn_amlp,1.000000,0.007077,0.526557,0.519480,0.972083,0.578151,1.681367,2.089328,2.089328,L6.mlp,0.000000,0.000000,0.000000,1.000000,norm_normal_functional_failure
glm4,phase290,L0,recursive,pp_chain,rec_pp_path_forest,cross_battn_amlp,1.000000,-0.012599,0.750759,0.763358,0.998812,0.053746,18.583780,0.897127,0.897127,L0.attn,0.000000,0.000000,0.000000,1.000000,norm_normal_functional_failure
glm4,phase290,L1,recursive,pp_chain,rec_pp_path_forest,cross_battn_amlp,1.000000,-0.013116,0.770697,0.783812,0.965051,0.013286,72.636600,1.746272,1.746272,L1.attn,0.000000,0.000000,0.000000,1.000000,norm_normal_functional_failure
glm4,phase290,L2,recursive,pp_chain,rec_pp_path_forest,cross_battn_amlp,1.000000,-0.023803,0.784896,0.808699,1.008475,0.188450,5.351421,1.516130,1.516130,L2.mlp,0.000000,0.000000,0.000000,1.000000,norm_normal_functional_failure
glm4,phase290,L4,recursive,pp_chain,rec_pp_path_forest,cross_battn_amlp,1.000000,0.043925,1.036161,0.992236,0.930967,0.022797,40.837799,2.822376,2.822376,L4.mlp,0.000000,0.000000,0.000000,1.000000,norm_normal_functional_failure
glm4,phase290,L5,recursive,pp_chain,rec_pp_path_forest,cross_battn_amlp,1.000000,0.006311,0.671627,0.665316,0.994912,0.313760,3.170931,1.497741,1.497741,L5.attn,0.000000,0.000000,0.000000,1.000000,norm_normal_functional_failure
glm4,phase290,L6,recursive,pp_chain,rec_pp_path_forest,cross_battn_amlp,1.000000,0.014371,0.600422,0.586051,0.982865,0.561092,1.751702,1.687244,1.687244,L6.next_layer_out,0.000000,0.000000,0.000000,1.000000,norm_normal_functional_failure
glm4,phase290,L0,recursive,pp_chain,rec_pp_note_book,cross_battn_amlp,1.000000,0.019549,0.823901,0.804351,1.039873,0.203923,5.099331,1.233945,1.233945,L0.attn,0.000000,0.000000,0.000000,1.000000,norm_normal_functional_failure
glm4,phase290,L1,recursive,pp_chain,rec_pp_note_book,cross_battn_amlp,1.000000,0.011158,0.876933,0.865775,0.969347,0.174141,5.566457,2.260514,2.260514,L1.attn,0.000000,0.000000,0.000000,1.000000,norm_normal_functional_failure
glm4,phase290,L2,recursive,pp_chain,rec_pp_note_book,cross_battn_amlp,1.000000,0.008251,0.916345,0.908093,0.970508,0.194999,4.976983,1.793366,1.793366,L2.attn,0.000000,0.000000,0.000000,1.000000,norm_normal_functional_failure
glm4,phase290,L3,recursive,pp_chain,rec_pp_note_book,cross_battn_amlp,1.000000,0.044651,0.645757,0.601107,0.910468,0.420908,2.163103,1.749045,1.749045,L3.mlp,0.000000,0.000000,0.000000,1.000000,norm_normal_functional_failure
glm4,phase290,L4,recursive,pp_chain,rec_pp_note_book,cross_battn_amlp,1.000000,0.055418,0.805803,0.750385,0.982770,0.208923,4.703990,2.749738,2.749738,L4.mlp,0.000000,0.000000,0.000000,1.000000,norm_normal_functional_failure
glm4,phase290,L4,recursive,pp_chain,rec_pp_note_book,cross_aattn_bmlp,1.000000,0.271948,0.805803,0.533855,0.866923,0.208923,4.149490,4.057228,4.057228,L4.mlp,0.000000,0.000000,0.000000,1.000000,norm_normal_functional_failure
glm4,phase290,L5,recursive,pp_chain,rec_pp_note_book,cross_battn_amlp,1.000000,-0.000539,0.515756,0.516295,1.001943,0.577555,1.734801,1.985056,1.985056,L5.attn,0.000000,0.000000,0.000000,1.000000,norm_normal_functional_failure
glm4,phase290,L1,recursive,pp_chain,rec_pp_lamp_sofa,cross_battn_amlp,1.000000,0.004434,0.786380,0.781946,0.976500,0.140266,6.961779,2.473073,2.473073,L1.attn,0.000000,0.000000,0.000000,1.000000,norm_normal_functional_failure
glm4,phase290,L2,recursive,pp_chain,rec_pp_lamp_sofa,cross_battn_amlp,1.000000,-0.000991,0.846618,0.847609,1.000853,0.312765,3.200016,1.687941,1.687941,L2.mlp,0.000000,0.000000,0.000000,1.000000,norm_normal_functional_failure
glm4,phase290,L3,recursive,pp_chain,rec_pp_lamp_sofa,cross_battn_amlp,1.000000,0.004865,0.637420,0.632554,0.912448,0.645474,1.413608,1.825844,1.825844,L3.mlp,0.000000,0.000000,0.000000,1.000000,norm_normal_functional_failure
glm4,phase290,L4,recursive,pp_chain,rec_pp_lamp_sofa,cross_battn_amlp,1.000000,0.052797,0.669855,0.617057,0.949424,0.806355,1.177426,2.545972,2.545972,L4.attn,0.000000,0.000000,0.000000,1.000000,norm_normal_functional_failure
glm4,phase290,L5,recursive,pp_chain,rec_pp_lamp_sofa,cross_battn_amlp,1.000000,0.017461,0.625387,0.607926,0.960167,0.293962,3.266303,2.120017,2.120017,L5.attn,0.000000,0.000000,0.000000,1.000000,norm_normal_functional_failure
glm4,phase290,L0,recursive,pp_chain,rec_pp_ring_box,cross_battn_amlp,1.000000,-0.010531,0.777940,0.788470,1.058547,0.341001,3.104238,1.550803,1.550803,L0.attn,0.000000,0.000000,0.000000,1.000000,norm_normal_functional_failure
glm4,phase290,L1,recursive,pp_chain,rec_pp_ring_box,cross_battn_amlp,1.000000,0.059724,0.875294,0.815570,0.991793,0.208355,4.760109,1.445897,1.445897,L1.attn,0.000000,0.000000,0.000000,1.000000,norm_normal_functional_failure
glm4,phase290,L2,recursive,pp_chain,rec_pp_ring_box,cross_battn_amlp,1.000000,-0.030871,0.644171,0.675042,1.028141,0.227924,4.510890,1.717472,1.717472,L2.mlp,0.000000,0.000000,0.000000,1.000000,norm_normal_functional_failure
glm4,phase290,L0,recursive,relative_clause,rec_rel_man_dog,cross_battn_amlp,1.000000,0.021696,0.860557,0.838860,1.060431,0.024451,43.369157,0.473818,-0.473818,L0.attn,0.000000,0.000000,0.000000,1.000000,norm_normal_functional_failure
glm4,phase290,L1,recursive,relative_clause,rec_rel_man_dog,cross_battn_amlp,1.000000,0.116798,0.867795,0.750997,1.052531,0.042626,24.692308,1.052993,1.052993,L1.attn,0.000000,0.000000,0.000000,1.000000,norm_normal_functional_failure
glm4,phase290,L2,recursive,relative_clause,rec_rel_man_dog,cross_battn_amlp,1.000000,0.002924,0.749909,0.746985,1.027149,0.415557,2.471741,0.398844,0.398844,L2.mlp,0.000000,0.000000,0.000000,1.000000,norm_normal_functional_failure
glm4,phase290,L3,recursive,relative_clause,rec_rel_man_dog,cross_battn_amlp,1.000000,0.016252,0.547705,0.531453,0.992241,0.477925,2.076142,0.349724,-0.349724,L3.attn,0.000000,0.000000,0.000000,1.000000,norm_normal_functional_failure
glm4,phase290,L4,recursive,relative_clause,rec_rel_man_dog,cross_battn_amlp,1.000000,0.047940,0.625138,0.577198,0.964422,0.399322,2.415150,0.497948,0.497948,L4.mlp,0.000000,0.000000,0.000000,1.000000,norm_normal_functional_failure
glm4,phase290,L5,recursive,relative_clause,rec_rel_man_dog,cross_battn_amlp,1.000000,-0.002225,0.556463,0.558687,0.984864,0.429671,2.292134,0.909536,0.909536,L5.attn,0.000000,0.000000,0.000000,1.000000,norm_normal_functional_failure
glm4,phase290,L7,recursive,relative_clause,rec_rel_man_dog,cross_battn_amlp,1.000000,0.001442,0.613913,0.612470,0.996815,0.648163,1.537908,0.431805,-0.431805,L7.mlp,0.000000,0.000000,0.000000,1.000000,norm_normal_functional_failure
glm4,phase290,L0,recursive,relative_clause,rec_rel_book_shelf,cross_battn_amlp,1.000000,0.004653,0.935943,0.931290,0.961097,0.020242,47.480783,0.494990,0.494990,L0.next_resid_in,0.000000,0.000000,0.000000,1.000000,norm_normal_functional_failure
glm4,phase290,L1,recursive,relative_clause,rec_rel_book_shelf,cross_battn_amlp,1.000000,0.043499,1.011491,0.967992,0.945563,0.004959,190.675971,0.943583,0.943583,L1.attn,0.000000,0.000000,0.000000,1.000000,norm_normal_functional_failure
glm4,phase290,L2,recursive,relative_clause,rec_rel_book_shelf,cross_battn_amlp,1.000000,0.075413,0.793593,0.718180,0.988086,0.123239,8.017614,2.081843,2.081843,L2.attn,0.000000,0.000000,0.000000,1.000000,norm_normal_functional_failure
glm4,phase290,L3,recursive,relative_clause,rec_rel_book_shelf,cross_battn_amlp,1.000000,0.011908,0.626422,0.614514,0.958141,0.435348,2.200860,0.596743,0.596743,L3.mlp,0.000000,0.000000,0.000000,1.000000,norm_normal_functional_failure
glm4,phase290,L5,recursive,relative_clause,rec_rel_book_shelf,cross_battn_amlp,1.000000,0.007022,0.708602,0.701581,0.936403,0.446372,2.097809,1.508945,1.508945,L5.attn,0.000000,0.000000,0.000000,1.000000,norm_normal_functional_failure
glm4,phase290,L7,recursive,relative_clause,rec_rel_book_shelf,cross_battn_amlp,1.000000,0.027320,0.815094,0.787774,0.972325,0.172851,5.625224,0.985253,0.985253,L7.attn,0.000000,0.000000,0.000000,1.000000,norm_normal_functional_failure
glm4,phase290,L0,recursive,relative_clause,rec_rel_student_question,cross_battn_amlp,1.000000,-0.018050,0.968767,0.986817,1.027484,0.071045,14.462417,0.579214,-0.579214,L0.mlp,0.000000,0.000000,0.000000,1.000000,norm_normal_functional_failure
glm4,phase290,L1,recursive,relative_clause,rec_rel_student_question,cross_battn_amlp,1.000000,0.003560,0.865862,0.862302,1.082271,0.079999,13.528480,0.646080,0.646080,L1.attn,0.000000,0.000000,0.000000,1.000000,norm_normal_functional_failure
glm4,phase290,L0,recursive,relative_clause,rec_rel_woman_car,cross_battn_amlp,1.000000,0.017223,1.064628,1.047405,1.065516,0.021872,48.716711,0.478642,-0.478642,L0.attn,0.000000,0.000000,0.000000,1.000000,norm_normal_functional_failure
glm4,phase290,L1,recursive,relative_clause,rec_rel_woman_car,cross_battn_amlp,1.000000,0.007618,0.789867,0.782249,1.037575,0.080780,12.844399,0.832822,0.832822,L1.attn,0.000000,0.000000,0.000000,1.000000,norm_normal_functional_failure
glm4,phase290,L2,recursive,relative_clause,rec_rel_woman_car,cross_battn_amlp,1.000000,0.021244,0.615722,0.594478,0.996814,0.285737,3.488566,0.225133,-0.225133,L2.attn,0.000000,0.000000,0.000000,1.000000,norm_normal_functional_failure
glm4,phase290,L3,recursive,relative_clause,rec_rel_woman_car,cross_battn_amlp,1.000000,0.001267,0.586292,0.585025,1.062278,0.705612,1.505470,0.208110,0.208110,L3.attn,0.000000,0.000000,0.000000,1.000000,norm_normal_functional_failure
glm4,phase290,L5,recursive,relative_clause,rec_rel_woman_car,cross_battn_amlp,1.000000,-0.012007,0.509149,0.521156,1.080157,0.729368,1.480950,0.821355,0.821355,L5.attn,0.000000,0.000000,0.000000,1.000000,norm_normal_functional_failure
glm4,phase290,L0,recursive,relative_clause,rec_rel_city_river,cross_battn_amlp,1.000000,0.046471,0.941929,0.895458,1.019596,0.093255,10.933391,0.843061,0.843061,L0.next_layer_out,0.000000,0.000000,0.000000,1.000000,norm_normal_functional_failure
glm4,phase290,L1,recursive,relative_clause,rec_rel_city_river,cross_battn_amlp,1.000000,0.040782,0.850802,0.810020,0.967811,0.036147,26.774633,1.500506,1.500506,L1.attn,0.000000,0.000000,0.000000,1.000000,norm_normal_functional_failure
glm4,phase290,L2,recursive,relative_clause,rec_rel_city_river,cross_battn_amlp,1.000000,0.046094,0.702067,0.655972,1.039471,0.196801,5.281833,0.817159,0.817159,L2.mlp,0.000000,0.000000,0.000000,1.000000,norm_normal_functional_failure
glm4,phase290,L3,recursive,relative_clause,rec_rel_city_river,cross_battn_amlp,1.000000,0.008581,0.546469,0.537888,1.025564,0.543481,1.887028,0.802795,0.802795,L3.next_layer_out,0.000000,0.000000,0.000000,1.000000,norm_normal_functional_failure
glm4,phase290,L7,recursive,relative_clause,rec_rel_city_river,cross_battn_amlp,1.000000,0.006552,0.611066,0.604514,0.994161,0.390719,2.544440,0.993995,0.993995,L7.mlp,0.000000,0.000000,0.000000,1.000000,norm_normal_functional_failure
glm4,phase290,L0,recursive,relative_clause,rec_rel_song_radio,cross_battn_amlp,1.000000,0.014168,0.988610,0.974442,1.043210,0.199516,5.228713,0.526222,0.526222,L0.next_layer_out,0.000000,0.000000,0.000000,1.000000,norm_normal_functional_failure
glm4,phase290,L1,recursive,relative_clause,rec_rel_song_radio,cross_battn_amlp,1.000000,-0.019969,0.947659,0.967628,0.999981,0.094304,10.603848,1.362719,1.362719,L1.attn,0.000000,0.000000,0.000000,1.000000,norm_normal_functional_failure
glm4,phase290,L2,recursive,relative_clause,rec_rel_song_radio,cross_battn_amlp,1.000000,0.039457,0.723445,0.683988,0.969630,0.138427,7.004651,0.629341,0.629341,L2.mlp,0.000000,0.000000,0.000000,1.000000,norm_normal_functional_failure
glm4,phase290,L3,recursive,relative_clause,rec_rel_song_radio,cross_battn_amlp,1.000000,0.118058,0.732828,0.614770,1.024902,0.456526,2.245001,1.116030,1.116030,L3.mlp,0.000000,0.000000,0.000000,1.000000,norm_normal_functional_failure
glm4,phase290,L4,recursive,relative_clause,rec_rel_song_radio,cross_battn_amlp,1.000000,-0.003719,0.733493,0.737212,0.952396,0.847073,1.124338,3.164814,3.164814,L4.mlp,0.000000,0.000000,0.000000,1.000000,norm_normal_functional_failure
glm4,phase290,L5,recursive,relative_clause,rec_rel_song_radio,cross_battn_amlp,1.000000,0.004151,0.520301,0.516150,1.057039,0.572925,1.844985,1.751647,1.751647,L5.attn,0.000000,0.000000,0.000000,1.000000,norm_normal_functional_failure
glm4,phase290,L6,recursive,relative_clause,rec_rel_song_radio,cross_battn_amlp,1.000000,-0.026534,0.483206,0.509740,1.029540,0.631143,1.631229,1.075633,1.075633,L6.attn,0.000000,0.000000,0.000000,1.000000,norm_normal_functional_failure
glm4,phase290,L7,recursive,relative_clause,rec_rel_song_radio,cross_battn_amlp,1.000000,0.012243,0.622652,0.610409,0.994513,0.422131,2.355934,1.250676,1.250676,L7.attn,0.000000,0.000000,0.000000,1.000000,norm_normal_functional_failure
glm4,phase290,L8,recursive,relative_clause,rec_rel_song_radio,cross_battn_amlp,1.000000,-0.014979,0.710817,0.725797,0.934181,0.454914,2.053534,0.699903,0.699903,L8.next_resid_in,0.000000,0.000000,0.000000,1.000000,norm_normal_functional_failure
glm4,phase290,L0,recursive,relative_clause,rec_rel_box_table,cross_battn_amlp,1.000000,0.046620,0.950131,0.903511,1.018831,0.211758,4.811301,0.971470,-0.971470,L0.mlp,0.000000,0.000000,0.000000,1.000000,norm_normal_functional_failure
glm4,phase290,L1,recursive,relative_clause,rec_rel_box_table,cross_battn_amlp,1.000000,0.057977,0.938223,0.880246,1.056842,0.082897,12.748801,0.463834,0.463834,L1.attn,0.000000,0.000000,0.000000,1.000000,norm_normal_functional_failure
glm4,phase290,L2,recursive,relative_clause,rec_rel_box_table,cross_battn_amlp,1.000000,0.091956,0.818821,0.726865,1.067834,0.106899,9.989222,0.812924,0.812924,L2.attn,0.000000,0.000000,0.000000,1.000000,norm_normal_functional_failure
glm4,phase290,L3,recursive,relative_clause,rec_rel_box_table,cross_battn_amlp,1.000000,0.000916,0.884525,0.883608,1.116595,0.256649,4.350675,0.590770,0.590770,L3.mlp,0.000000,0.000000,0.000000,1.000000,norm_normal_functional_failure
glm4,phase290,L5,recursive,relative_clause,rec_rel_box_table,cross_battn_amlp,1.000000,0.085708,0.717079,0.631372,1.147964,0.377788,3.038644,1.719902,1.719902,L5.attn,0.000000,0.000000,0.000000,1.000000,norm_normal_functional_failure
glm4,phase290,L6,recursive,relative_clause,rec_rel_box_table,cross_battn_amlp,1.000000,0.012003,0.587929,0.575926,1.008067,0.412851,2.441722,0.320866,0.320866,L6.next_layer_out,0.000000,0.000000,0.000000,1.000000,norm_normal_functional_failure
glm4,phase290,L7,recursive,relative_clause,rec_rel_box_table,cross_battn_amlp,1.000000,0.029549,0.687343,0.657794,0.961553,0.373431,2.574913,0.575908,0.575908,L7.mlp,0.000000,0.000000,0.000000,1.000000,norm_normal_functional_failure
glm4,phase290,L0,recursive,relative_clause,rec_rel_teacher_lesson,cross_battn_amlp,1.000000,-0.017479,0.905214,0.922693,1.021543,0.067619,15.107226,0.401770,-0.401770,L0.attn,0.000000,0.000000,0.000000,1.000000,norm_normal_functional_failure
glm4,phase290,L1,recursive,relative_clause,rec_rel_teacher_lesson,cross_battn_amlp,1.000000,0.063712,0.848899,0.785187,0.989369,0.062700,15.779296,0.869587,0.869587,L1.mlp,0.000000,0.000000,0.000000,1.000000,norm_normal_functional_failure
glm4,phase290,L2,recursive,relative_clause,rec_rel_teacher_lesson,cross_battn_amlp,1.000000,-0.020537,0.781031,0.801568,0.981978,0.143407,6.847480,0.320059,-0.320059,L2.attn,0.000000,0.000000,0.000000,1.000000,norm_normal_functional_failure
glm4,phase290,L3,recursive,relative_clause,rec_rel_teacher_lesson,cross_battn_amlp,1.000000,0.102938,0.700786,0.597848,1.007766,0.338754,2.974916,0.427578,-0.427578,L3.attn,0.000000,0.000000,0.000000,1.000000,norm_normal_functional_failure
glm4,phase290,L4,recursive,relative_clause,rec_rel_teacher_lesson,cross_battn_amlp,1.000000,0.060904,0.735159,0.674256,1.047434,0.201326,5.202672,0.560209,0.560209,L4.mlp,0.000000,0.000000,0.000000,1.000000,norm_normal_functional_failure
glm4,phase290,L5,recursive,relative_clause,rec_rel_teacher_lesson,cross_battn_amlp,1.000000,0.029263,0.661807,0.632543,0.922561,0.181276,5.089248,0.704649,0.704649,L5.attn,0.000000,0.000000,0.000000,1.000000,norm_normal_functional_failure
glm4,phase290,L6,recursive,relative_clause,rec_rel_teacher_lesson,cross_battn_amlp,1.000000,0.002260,0.640192,0.637932,0.954622,0.148759,6.417235,0.542644,0.542644,L6.attn,0.000000,0.000000,0.000000,1.000000,norm_normal_functional_failure
glm4,phase290,L8,recursive,relative_clause,rec_rel_teacher_lesson,cross_battn_amlp,1.000000,0.076624,0.724548,0.647924,0.993924,0.199302,4.987027,0.446406,0.446406,L8.attn,0.000000,0.000000,0.000000,1.000000,norm_normal_functional_failure
glm4,phase291,L0-L1,logical,and_or,logic_and_or_catdog,cross_battn_amlp,1.000000,-0.001108,0.998839,0.999947,1.032694,0.012085,85.451266,0.378046,0.378046,L1.attn,0.000000,0.000000,0.000000,1.000000,norm_normal_functional_failure
glm4,phase291,L0-L2,logical,and_or,logic_and_or_catdog,cross_battn_amlp,1.000000,0.004905,0.998704,0.993798,1.028760,0.001373,749.335030,0.775537,0.775537,L2.attn,0.000000,0.000000,0.000000,1.000000,norm_normal_functional_failure
glm4,phase291,L0-L4,logical,and_or,logic_and_or_catdog,cross_battn_amlp,1.000000,0.074370,0.996495,0.922125,0.853019,0.000241,3542.388204,2.158254,2.158254,L4.mlp,0.000000,0.000000,0.000000,1.000000,norm_normal_functional_failure
glm4,phase291,L0-L8,logical,and_or,logic_and_or_catdog,cross_battn_amlp,1.000000,0.226748,0.998546,0.771799,0.629429,0.000238,2649.861035,2.158254,2.158254,L4.mlp,0.000000,0.000000,0.000000,1.000000,norm_normal_functional_failure
glm4,phase291,L4-L8,logical,and_or,logic_and_or_catdog,cross_battn_amlp,1.000000,0.167628,0.853853,0.686225,0.720619,0.037558,19.186964,2.158254,2.158254,L4.mlp,0.000000,0.000000,0.000000,1.000000,norm_normal_functional_failure
glm4,phase291,L0-L1,logical,and_or,logic_and_or_tea,cross_battn_amlp,1.000000,0.042401,0.948365,0.905964,0.964350,0.009775,98.658723,1.267985,-1.267985,L0.attn,0.000000,0.000000,0.000000,1.000000,norm_normal_functional_failure
glm4,phase291,L0-L2,logical,and_or,logic_and_or_tea,cross_battn_amlp,1.000000,0.062162,0.986296,0.924134,0.879446,0.003560,247.030832,1.267985,-1.267985,L0.attn,0.000000,0.000000,0.000000,1.000000,norm_normal_functional_failure
glm4,phase291,L0-L4,logical,and_or,logic_and_or_tea,cross_battn_amlp,1.000000,0.350042,0.988758,0.638716,0.424034,0.001653,256.581765,1.396873,-1.396873,L3.mlp,0.000000,0.000000,0.000000,1.000000,norm_normal_functional_failure
glm4,phase291,L0-L8,logical,and_or,logic_and_or_tea,cross_battn_amlp,1.000000,0.143629,1.001213,0.857584,0.745973,0.000589,1266.751831,1.396873,-1.396873,L3.mlp,0.000000,0.000000,0.000000,1.000000,norm_normal_functional_failure
glm4,phase291,L4-L8,logical,and_or,logic_and_or_tea,cross_battn_amlp,1.000000,0.119395,0.944766,0.825371,0.819561,0.015702,52.193897,1.165568,-1.165568,L7.mlp,0.000000,0.000000,0.000000,1.000000,norm_normal_functional_failure
glm4,phase291,L0,logical,and_or,logic_and_or_keys,cross_battn_amlp,1.000000,0.001254,0.681671,0.680417,0.979193,0.199319,4.912699,0.585811,0.585811,L0.mlp,0.000000,0.000000,0.000000,1.000000,norm_normal_functional_failure
glm4,phase291,L0-L1,logical,and_or,logic_and_or_keys,cross_battn_amlp,1.000000,0.022717,0.940433,0.917716,0.960063,0.018983,50.574957,0.585811,0.585811,L0.mlp,0.000000,0.000000,0.000000,1.000000,norm_normal_functional_failure
glm4,phase291,L0-L2,logical,and_or,logic_and_or_keys,cross_battn_amlp,1.000000,0.042509,0.988324,0.945814,0.904256,0.006678,135.409104,0.814323,0.814323,L2.attn,0.000000,0.000000,0.000000,1.000000,norm_normal_functional_failure
glm4,phase291,L0-L4,logical,and_or,logic_and_or_keys,cross_battn_amlp,1.000000,0.250776,0.987293,0.736517,0.608335,0.003135,194.070097,1.058301,1.058301,L4.mlp,0.000000,0.000000,0.000000,1.000000,norm_normal_functional_failure
glm4,phase291,L0,logical,and_or,logic_and_or_phone,cross_battn_amlp,1.000000,0.008910,0.579286,0.570376,0.964433,0.248619,3.879163,1.344055,1.344055,L0.attn,0.000000,0.000000,0.000000,1.000000,norm_normal_functional_failure
glm4,phase291,L0-L1,logical,and_or,logic_and_or_phone,cross_battn_amlp,1.000000,0.015925,0.998274,0.982349,0.959461,0.015771,60.838519,1.344055,1.344055,L0.attn,0.000000,0.000000,0.000000,1.000000,norm_normal_functional_failure
glm4,phase291,L0-L2,logical,and_or,logic_and_or_phone,cross_battn_amlp,1.000000,0.020176,1.001115,0.980939,0.942818,0.004221,223.389665,1.344055,1.344055,L0.attn,0.000000,0.000000,0.000000,1.000000,norm_normal_functional_failure
glm4,phase291,L0-L4,logical,and_or,logic_and_or_phone,cross_battn_amlp,1.000000,0.186539,0.990227,0.803687,0.735385,0.002353,312.556044,2.355415,2.355415,L4.mlp,0.000000,0.000000,0.000000,1.000000,norm_normal_functional_failure
glm4,phase291,L0-L8,logical,and_or,logic_and_or_phone,cross_battn_amlp,1.000000,0.254928,1.000303,0.745376,0.706611,0.001296,545.099315,2.355415,2.355415,L4.mlp,0.000000,0.000000,0.000000,1.000000,norm_normal_functional_failure
glm4,phase291,L0-L8,logical,and_or,logic_and_or_phone,cross_aattn_bmlp,1.000000,0.382477,1.000303,0.617827,0.448447,0.001296,345.943949,2.687476,2.687476,L4.mlp,0.000000,0.000000,0.000000,1.000000,norm_normal_functional_failure
glm4,phase291,L4-L8,logical,and_or,logic_and_or_phone,cross_battn_amlp,1.000000,0.182801,0.884078,0.701277,0.820316,0.026343,31.139990,2.355415,2.355415,L4.mlp,0.000000,0.000000,0.000000,1.000000,norm_normal_functional_failure
glm4,phase291,L4-L8,logical,and_or,logic_and_or_phone,cross_aattn_bmlp,1.000000,0.264724,0.884078,0.619355,0.611850,0.026343,23.226401,2.687476,2.687476,L4.mlp,0.000000,0.000000,0.000000,1.000000,norm_normal_functional_failure
glm4,phase291,L0-L1,logical,and_or,logic_and_or_milk,cross_battn_amlp,1.000000,-0.022069,0.896754,0.918823,1.090590,0.022563,48.336265,1.097611,1.097611,L0.attn,0.000000,0.000000,0.000000,1.000000,norm_normal_functional_failure
glm4,phase291,L0-L2,logical,and_or,logic_and_or_milk,cross_battn_amlp,1.000000,0.026614,0.970295,0.943681,0.875824,0.021660,40.435522,1.097611,1.097611,L0.attn,0.000000,0.000000,0.000000,1.000000,norm_normal_functional_failure
glm4,phase291,L0-L4,logical,and_or,logic_and_or_milk,cross_battn_amlp,1.000000,0.252439,0.995991,0.743552,0.676938,0.001662,407.413092,3.611021,3.611021,L4.mlp,0.000000,0.000000,0.000000,1.000000,norm_normal_functional_failure
glm4,phase291,L0-L8,logical,and_or,logic_and_or_milk,cross_battn_amlp,1.000000,0.224866,0.988839,0.763973,0.775402,0.000770,1007.246846,3.611021,3.611021,L4.mlp,0.000000,0.000000,0.000000,1.000000,norm_normal_functional_failure
glm4,phase291,L4-L8,logical,and_or,logic_and_or_milk,cross_battn_amlp,1.000000,0.214671,0.857717,0.643046,0.913317,0.045617,20.021584,3.611021,3.611021,L4.mlp,0.000000,0.000000,0.000000,1.000000,norm_normal_functional_failure
glm4,phase291,L0,logical,and_or,logic_and_or_judge,cross_battn_amlp,1.000000,-0.010498,0.630624,0.641122,1.022119,0.179370,5.698384,2.121645,2.121645,L0.mlp,0.000000,0.000000,0.000000,1.000000,norm_normal_functional_failure
glm4,phase291,L0-L1,logical,and_or,logic_and_or_judge,cross_battn_amlp,1.000000,0.017668,0.927488,0.909820,1.005806,0.012341,81.498348,2.121645,2.121645,L0.mlp,0.000000,0.000000,0.000000,1.000000,norm_normal_functional_failure
glm4,phase291,L0-L2,logical,and_or,logic_and_or_judge,cross_battn_amlp,1.000000,0.001629,0.980510,0.978881,1.006661,0.004867,206.831580,2.121645,2.121645,L0.mlp,0.000000,0.000000,0.000000,1.000000,norm_normal_functional_failure
glm4,phase291,L0-L4,logical,and_or,logic_and_or_judge,cross_battn_amlp,1.000000,0.157590,0.993788,0.836198,0.650229,0.001555,418.069379,2.121645,2.121645,L0.mlp,0.000000,0.000000,0.000000,1.000000,norm_normal_functional_failure
glm4,phase291,L0-L8,logical,and_or,logic_and_or_judge,cross_battn_amlp,1.000000,0.047924,1.000991,0.953067,0.922341,0.000489,1886.166016,2.121645,2.121645,L0.mlp,0.000000,0.000000,0.000000,1.000000,norm_normal_functional_failure
glm4,phase291,L4-L8,logical,and_or,logic_and_or_judge,cross_battn_amlp,1.000000,0.011940,0.869279,0.857339,1.022878,0.018414,55.547565,1.805439,1.805439,L4.mlp,0.000000,0.000000,0.000000,1.000000,norm_normal_functional_failure
glm4,phase291,L0,logical,and_or,logic_and_or_train,cross_battn_amlp,1.000000,0.015512,1.114921,1.099410,1.005806,0.178960,5.620294,0.379018,-0.379018,L0.attn,0.000000,0.000000,0.000000,1.000000,norm_normal_functional_failure
glm4,phase291,L0-L1,logical,and_or,logic_and_or_train,cross_battn_amlp,1.000000,0.001083,1.028634,1.027550,0.994760,0.002667,372.985804,0.763152,0.763152,L1.mlp,0.000000,0.000000,0.000000,1.000000,norm_normal_functional_failure
glm4,phase291,L0-L2,logical,and_or,logic_and_or_train,cross_battn_amlp,1.000000,0.018953,1.023803,1.004850,0.990893,0.002340,423.394081,0.763152,0.763152,L1.mlp,0.000000,0.000000,0.000000,1.000000,norm_normal_functional_failure
glm4,phase291,L0-L4,logical,and_or,logic_and_or_train,cross_battn_amlp,1.000000,0.193659,1.006452,0.812793,0.871199,0.001427,610.545987,0.850763,0.850763,L4.mlp,0.000000,0.000000,0.000000,1.000000,norm_normal_functional_failure
glm4,phase291,L0-L8,logical,and_or,logic_and_or_train,cross_battn_amlp,1.000000,0.291580,1.012863,0.721282,0.665526,0.000401,1661.043634,0.877376,0.877376,L7.attn,0.000000,0.000000,0.000000,1.000000,norm_normal_functional_failure
glm4,phase291,L4-L8,logical,and_or,logic_and_or_train,cross_battn_amlp,1.000000,0.268490,0.961237,0.692747,0.726956,0.020886,34.806160,0.877376,0.877376,L7.attn,0.000000,0.000000,0.000000,1.000000,norm_normal_functional_failure
glm4,phase291,L0,logical,and_or,logic_and_or_report,cross_battn_amlp,1.000000,-0.014037,0.873678,0.887715,1.019469,1.526895,0.667674,0.569091,-0.569091,L0.mlp,0.000000,0.000000,0.000000,1.000000,norm_normal_functional_failure
glm4,phase291,L0-L1,logical,and_or,logic_and_or_report,cross_battn_amlp,1.000000,0.017731,1.102911,1.085180,1.024338,1.409352,0.726815,0.644814,0.644814,L1.mlp,0.000000,0.000000,0.000000,1.000000,norm_normal_functional_failure
glm4,phase291,L0-L2,logical,and_or,logic_and_or_report,cross_battn_amlp,1.000000,0.019224,1.054903,1.035679,1.031366,0.354777,2.907080,0.644814,0.644814,L1.mlp,0.000000,0.000000,0.000000,1.000000,norm_normal_functional_failure
glm4,phase291,L0-L4,logical,and_or,logic_and_or_report,cross_battn_amlp,1.000000,0.161632,0.994839,0.833207,0.727072,0.029783,24.412602,1.494131,1.494131,L4.mlp,0.000000,0.000000,0.000000,1.000000,norm_normal_functional_failure
glm4,phase291,L0-L8,logical,and_or,logic_and_or_report,cross_battn_amlp,1.000000,0.437689,0.994710,0.557020,0.592787,0.005570,106.421574,1.494131,1.494131,L4.mlp,0.000000,0.000000,0.000000,1.000000,norm_normal_functional_failure
glm4,phase291,L4-L8,logical,and_or,logic_and_or_report,cross_battn_amlp,1.000000,0.301250,0.901038,0.599788,0.696450,0.215533,3.231298,1.494131,1.494131,L4.mlp,0.000000,0.000000,0.000000,1.000000,norm_normal_functional_failure
glm4,phase291,L0,logical,causal,logic_because_rain,cross_battn_amlp,1.000000,0.006829,0.993805,0.986976,0.999870,0.014911,67.054494,0.716298,-0.716298,L0.mlp,0.000000,0.000000,0.000000,1.000000,norm_normal_functional_failure
glm4,phase291,L0-L1,logical,causal,logic_because_rain,cross_battn_amlp,1.000000,0.000877,1.011917,1.011040,1.004930,0.000569,1766.846531,0.716298,-0.716298,L0.mlp,0.000000,0.000000,0.000000,1.000000,norm_normal_functional_failure
glm4,phase291,L0-L2,logical,causal,logic_because_rain,cross_battn_amlp,1.000000,0.007383,1.003197,0.995813,1.019402,0.001365,746.718781,0.843175,0.843175,L2.mlp,0.000000,0.000000,0.000000,1.000000,norm_normal_functional_failure
glm4,phase291,L0-L4,logical,causal,logic_because_rain,cross_battn_amlp,1.000000,0.003946,0.997384,0.993438,0.999757,0.000241,4147.403423,2.417676,2.417676,L4.mlp,0.000000,0.000000,0.000000,1.000000,norm_normal_functional_failure
glm4,phase291,L0-L8,logical,causal,logic_because_rain,cross_battn_amlp,1.000000,-0.002186,0.995362,0.997547,1.013383,0.000172,5888.097950,2.417676,2.417676,L4.mlp,0.000000,0.000000,0.000000,1.000000,norm_normal_functional_failure
glm4,phase291,L4-L8,logical,causal,logic_because_rain,cross_battn_amlp,1.000000,-0.000203,0.906601,0.906804,1.011028,0.025787,39.206822,2.417676,2.417676,L4.mlp,0.000000,0.000000,0.000000,1.000000,norm_normal_functional_failure
glm4,phase291,L0,logical,causal,logic_because_tired,cross_battn_amlp,1.000000,-0.001901,1.013762,1.015662,1.005167,0.013441,74.781664,0.517593,0.517593,L0.attn,0.000000,0.000000,0.000000,1.000000,norm_normal_functional_failure
glm4,phase291,L0-L1,logical,causal,logic_because_tired,cross_battn_amlp,1.000000,0.012429,1.008796,0.996367,0.933055,0.001813,514.524125,0.682482,0.682482,L1.attn,0.000000,0.000000,0.000000,1.000000,norm_normal_functional_failure
glm4,phase291,L0-L2,logical,causal,logic_because_tired,cross_battn_amlp,1.000000,0.024097,1.010080,0.985983,0.954621,0.000965,989.726160,1.443368,1.443368,L2.attn,0.000000,0.000000,0.000000,1.000000,norm_normal_functional_failure
glm4,phase291,L0-L4,logical,causal,logic_because_tired,cross_battn_amlp,1.000000,0.039325,1.000890,0.961566,0.932544,0.001208,771.654200,2.033731,2.033731,L4.mlp,0.000000,0.000000,0.000000,1.000000,norm_normal_functional_failure
glm4,phase291,L0-L8,logical,causal,logic_because_tired,cross_battn_amlp,1.000000,0.056419,1.002910,0.946491,0.839784,0.000405,2073.492083,2.033731,2.033731,L4.mlp,0.000000,0.000000,0.000000,1.000000,norm_normal_functional_failure
glm4,phase291,L4-L8,logical,causal,logic_because_tired,cross_battn_amlp,1.000000,0.038769,0.909969,0.871200,0.891339,0.057102,15.609574,2.033731,2.033731,L4.mlp,0.000000,0.000000,0.000000,1.000000,norm_normal_functional_failure
glm4,phase291,L0,logical,causal,logic_because_noise,cross_battn_amlp,1.000000,0.000686,0.974670,0.973984,0.918455,0.022058,41.637362,0.775077,0.775077,L0.mlp,0.000000,0.000000,0.000000,1.000000,norm_normal_functional_failure
glm4,phase291,L0-L1,logical,causal,logic_because_noise,cross_battn_amlp,1.000000,-0.009840,0.996175,1.006015,0.998757,0.006481,154.102706,1.306361,1.306361,L1.attn,0.000000,0.000000,0.000000,1.000000,norm_normal_functional_failure
glm4,phase291,L0-L2,logical,causal,logic_because_noise,cross_battn_amlp,1.000000,0.035059,0.999428,0.964369,0.978052,0.002577,379.512438,1.366583,1.366583,L2.attn,0.000000,0.000000,0.000000,1.000000,norm_normal_functional_failure
glm4,phase291,L0-L4,logical,causal,logic_because_noise,cross_battn_amlp,1.000000,0.071793,1.003646,0.931853,1.058972,0.002175,486.906737,2.936522,2.936522,L4.mlp,0.000000,0.000000,0.000000,1.000000,norm_normal_functional_failure
glm4,phase291,L0-L8,logical,causal,logic_because_noise,cross_battn_amlp,1.000000,0.051231,1.003572,0.952341,1.547657,0.000493,3139.570219,2.936522,2.936522,L4.mlp,0.000000,0.000000,0.000000,1.000000,norm_normal_functional_failure
glm4,phase291,L4-L8,logical,causal,logic_because_noise,cross_battn_amlp,1.000000,0.042108,0.783914,0.741805,1.371866,0.167545,8.188023,2.936522,2.936522,L4.mlp,0.000000,0.000000,0.000000,1.000000,norm_normal_functional_failure
glm4,phase291,L0,logical,causal,logic_because_dark,cross_battn_amlp,1.000000,0.008408,1.001206,0.992798,1.006660,0.002375,423.939559,3.508863,3.508863,L0.mlp,0.000000,0.000000,0.000000,1.000000,norm_normal_functional_failure
glm4,phase291,L0-L1,logical,causal,logic_because_dark,cross_battn_amlp,1.000000,0.019032,1.010718,0.991686,1.028271,0.001005,1023.012168,3.508863,3.508863,L0.mlp,0.000000,0.000000,0.000000,1.000000,norm_normal_functional_failure
glm4,phase291,L0-L2,logical,causal,logic_because_dark,cross_battn_amlp,1.000000,0.019055,1.011650,0.992594,1.002353,0.000719,1393.956478,3.508863,3.508863,L0.mlp,0.000000,0.000000,0.000000,1.000000,norm_normal_functional_failure
glm4,phase291,L0-L4,logical,causal,logic_because_dark,cross_battn_amlp,1.000000,0.033027,1.000742,0.967715,0.982101,0.000133,7384.187823,3.508863,3.508863,L0.mlp,0.000000,0.000000,0.000000,1.000000,norm_normal_functional_failure
glm4,phase291,L0-L8,logical,causal,logic_because_dark,cross_battn_amlp,1.000000,0.070051,0.997522,0.927470,0.958085,0.000085,11304.049538,3.508863,3.508863,L0.mlp,0.000000,0.000000,0.000000,1.000000,norm_normal_functional_failure
glm4,phase291,L4-L8,logical,causal,logic_because_dark,cross_battn_amlp,1.000000,0.074625,0.868703,0.794078,0.988208,0.043596,22.667390,1.494131,1.494131,L4.mlp,0.000000,0.000000,0.000000,1.000000,norm_normal_functional_failure
glm4,phase291,L0,logical,causal,logic_because_sale,cross_battn_amlp,1.000000,-0.009219,1.014530,1.023749,1.005866,0.009259,108.640239,1.845713,-1.845713,L0.attn,0.000000,0.000000,0.000000,1.000000,norm_normal_functional_failure
glm4,phase291,L0-L1,logical,causal,logic_because_sale,cross_battn_amlp,1.000000,0.024035,0.998224,0.974190,0.950558,0.005855,162.342397,1.845713,-1.845713,L0.attn,0.000000,0.000000,0.000000,1.000000,norm_normal_functional_failure
glm4,phase291,L0-L2,logical,causal,logic_because_sale,cross_battn_amlp,1.000000,0.078539,0.997416,0.918877,1.132256,0.005459,207.400909,1.845713,-1.845713,L0.attn,0.000000,0.000000,0.000000,1.000000,norm_normal_functional_failure
glm4,phase291,L0-L4,logical,causal,logic_because_sale,cross_battn_amlp,1.000000,0.111409,0.992969,0.881561,1.095360,0.002129,514.477640,1.845713,-1.845713,L0.attn,0.000000,0.000000,0.000000,1.000000,norm_normal_functional_failure
glm4,phase291,L0-L8,logical,causal,logic_because_sale,cross_battn_amlp,1.000000,0.195432,1.000436,0.805004,0.986086,0.000891,1106.321527,1.845713,-1.845713,L0.attn,0.000000,0.000000,0.000000,1.000000,norm_normal_functional_failure
glm4,phase291,L4-L8,logical,causal,logic_because_sale,cross_battn_amlp,1.000000,0.179750,0.847748,0.667998,0.933212,0.191630,4.869850,1.170667,-1.170667,L6.mlp,0.000000,0.000000,0.000000,1.000000,norm_normal_functional_failure
glm4,phase291,L0,logical,causal,logic_because_error,cross_battn_amlp,1.000000,0.009374,1.008421,0.999047,0.997999,0.011522,86.614885,1.426314,1.426314,L0.mlp,0.000000,0.000000,0.000000,1.000000,norm_normal_functional_failure
glm4,phase291,L0-L1,logical,causal,logic_because_error,cross_battn_amlp,1.000000,0.015359,1.007346,0.991987,0.987043,0.002450,402.915894,1.426314,1.426314,L0.mlp,0.000000,0.000000,0.000000,1.000000,norm_normal_functional_failure
glm4,phase291,L0-L2,logical,causal,logic_because_error,cross_battn_amlp,1.000000,0.026813,1.002600,0.975787,0.987493,0.001128,875.679612,1.426314,1.426314,L0.mlp,0.000000,0.000000,0.000000,1.000000,norm_normal_functional_failure
glm4,phase291,L0-L4,logical,causal,logic_because_error,cross_battn_amlp,1.000000,0.027022,1.002029,0.975007,1.031304,0.001752,588.627325,1.504508,1.504508,L4.mlp,0.000000,0.000000,0.000000,1.000000,norm_normal_functional_failure
glm4,phase291,L0-L8,logical,causal,logic_because_error,cross_battn_amlp,1.000000,0.014707,0.998113,0.983405,0.965531,0.000418,2309.171152,1.504508,1.504508,L4.mlp,0.000000,0.000000,0.000000,1.000000,norm_normal_functional_failure
glm4,phase291,L4-L8,logical,causal,logic_because_error,cross_battn_amlp,1.000000,0.031000,0.919933,0.888934,1.046083,0.147929,7.071511,1.504508,1.504508,L4.mlp,0.000000,0.000000,0.000000,1.000000,norm_normal_functional_failure
glm4,phase291,L0,logical,causal,logic_because_wind,cross_battn_amlp,1.000000,0.003546,1.001661,0.998116,0.992769,0.004333,229.092049,0.614094,0.614094,L0.mlp,0.000000,0.000000,0.000000,1.000000,norm_normal_functional_failure
glm4,phase291,L0-L1,logical,causal,logic_because_wind,cross_battn_amlp,1.000000,0.024229,0.987064,0.962835,0.974960,0.001559,625.289146,1.511901,1.511901,L1.attn,0.000000,0.000000,0.000000,1.000000,norm_normal_functional_failure
glm4,phase291,L0-L2,logical,causal,logic_because_wind,cross_battn_amlp,1.000000,0.010793,0.992214,0.981421,0.932464,0.000816,1142.844068,1.511901,1.511901,L1.attn,0.000000,0.000000,0.000000,1.000000,norm_normal_functional_failure
glm4,phase291,L0-L4,logical,causal,logic_because_wind,cross_battn_amlp,1.000000,0.079234,0.994251,0.915017,0.840366,0.000898,936.074942,2.091961,2.091961,L3.attn,0.000000,0.000000,0.000000,1.000000,norm_normal_functional_failure
glm4,phase291,L0-L8,logical,causal,logic_because_wind,cross_battn_amlp,1.000000,0.058332,1.000215,0.941883,0.988856,0.000528,1873.145167,2.108744,2.108744,L6.attn,0.000000,0.000000,0.000000,1.000000,norm_normal_functional_failure
glm4,phase291,L4-L8,logical,causal,logic_because_wind,cross_battn_amlp,1.000000,0.048576,0.800904,0.752329,0.983078,0.220386,4.460706,2.108744,2.108744,L6.attn,0.000000,0.000000,0.000000,1.000000,norm_normal_functional_failure
glm4,phase291,L0,logical,causal,logic_because_busy,cross_battn_amlp,1.000000,0.007298,0.981046,0.973748,1.038931,0.036427,28.521031,0.481953,0.481953,L0.attn,0.000000,0.000000,0.000000,1.000000,norm_normal_functional_failure
glm4,phase291,L0-L1,logical,causal,logic_because_busy,cross_battn_amlp,1.000000,0.004307,0.982752,0.978445,1.150749,0.005967,192.838363,0.994701,0.994701,L1.mlp,0.000000,0.000000,0.000000,1.000000,norm_normal_functional_failure
glm4,phase291,L0-L2,logical,causal,logic_because_busy,cross_battn_amlp,1.000000,0.015936,0.989644,0.973708,1.113990,0.010509,106.000485,0.994701,0.994701,L1.mlp,0.000000,0.000000,0.000000,1.000000,norm_normal_functional_failure
glm4,phase291,L0-L4,logical,causal,logic_because_busy,cross_battn_amlp,1.000000,0.023890,0.993892,0.970002,0.976249,0.009393,103.934210,2.801622,2.801622,L4.mlp,0.000000,0.000000,0.000000,1.000000,norm_normal_functional_failure
glm4,phase291,L0-L8,logical,causal,logic_because_busy,cross_battn_amlp,1.000000,0.106130,1.000426,0.894296,1.084932,0.001233,879.792942,2.801622,2.801622,L4.mlp,0.000000,0.000000,0.000000,1.000000,norm_normal_functional_failure
glm4,phase291,L4-L8,logical,causal,logic_because_busy,cross_battn_amlp,1.000000,0.103838,0.863441,0.759603,1.095921,0.314555,3.484034,2.801622,2.801622,L4.mlp,0.000000,0.000000,0.000000,1.000000,norm_normal_functional_failure
glm4,phase291,L0,logical,conditional,logic_if_rain,cross_battn_amlp,1.000000,-0.003720,0.976396,0.980116,1.017814,0.015571,65.367747,0.687963,-0.687963,L0.mlp,0.000000,0.000000,0.000000,1.000000,norm_normal_functional_failure
glm4,phase291,L0-L1,logical,conditional,logic_if_rain,cross_battn_amlp,1.000000,0.011969,0.978762,0.966793,1.000259,0.017012,58.795629,0.687963,-0.687963,L0.mlp,0.000000,0.000000,0.000000,1.000000,norm_normal_functional_failure
glm4,phase291,L0-L2,logical,conditional,logic_if_rain,cross_battn_amlp,1.000000,0.009454,0.996468,0.987013,0.972985,0.002773,350.935937,0.687963,-0.687963,L0.mlp,0.000000,0.000000,0.000000,1.000000,norm_normal_functional_failure
glm4,phase291,L0-L4,logical,conditional,logic_if_rain,cross_battn_amlp,1.000000,-0.011439,0.998605,1.010044,1.024381,0.001583,647.215554,2.158254,2.158254,L4.mlp,0.000000,0.000000,0.000000,1.000000,norm_normal_functional_failure
glm4,phase291,L0-L8,logical,conditional,logic_if_rain,cross_battn_amlp,1.000000,-0.053339,0.992214,1.045553,1.172239,0.001184,990.290490,2.158254,2.158254,L4.mlp,0.000000,0.000000,0.000000,1.000000,norm_normal_functional_failure
glm4,phase291,L4-L8,logical,conditional,logic_if_rain,cross_battn_amlp,1.000000,-0.069098,0.764568,0.833666,1.273522,0.131427,9.689976,2.158254,2.158254,L4.mlp,0.000000,0.000000,0.000000,1.000000,norm_normal_functional_failure
glm4,phase291,L0,logical,conditional,logic_if_hungry,cross_battn_amlp,1.000000,-0.003938,0.967068,0.971006,1.037520,0.034536,30.041985,0.554779,-0.554779,L0.attn,0.000000,0.000000,0.000000,1.000000,norm_normal_functional_failure
glm4,phase291,L0-L1,logical,conditional,logic_if_hungry,cross_battn_amlp,1.000000,0.012452,0.988789,0.976337,0.998052,0.009723,102.651060,0.554779,-0.554779,L0.attn,0.000000,0.000000,0.000000,1.000000,norm_normal_functional_failure
glm4,phase291,L0-L2,logical,conditional,logic_if_hungry,cross_battn_amlp,1.000000,0.003892,0.988564,0.984672,1.020150,0.010417,97.933162,0.554779,-0.554779,L0.attn,0.000000,0.000000,0.000000,1.000000,norm_normal_functional_failure
glm4,phase291,L0-L4,logical,conditional,logic_if_hungry,cross_battn_amlp,1.000000,0.063210,1.006761,0.943552,0.840302,0.002229,377.022279,2.023354,2.023354,L4.mlp,0.000000,0.000000,0.000000,1.000000,norm_normal_functional_failure
glm4,phase291,L0-L8,logical,conditional,logic_if_hungry,cross_battn_amlp,1.000000,0.034578,1.001840,0.967263,1.047084,0.000238,4403.676807,2.023354,2.023354,L4.mlp,0.000000,0.000000,0.000000,1.000000,norm_normal_functional_failure
glm4,phase291,L4-L8,logical,conditional,logic_if_hungry,cross_battn_amlp,1.000000,0.051559,0.936242,0.884683,1.030832,0.041884,24.611573,2.023354,2.023354,L4.mlp,0.000000,0.000000,0.000000,1.000000,norm_normal_functional_failure
glm4,phase291,L0,logical,conditional,logic_if_alarm,cross_battn_amlp,1.000000,0.021566,0.942284,0.920718,0.966719,0.087481,11.050559,0.940212,-0.940212,L0.mlp,0.000000,0.000000,0.000000,1.000000,norm_normal_functional_failure
glm4,phase291,L0-L1,logical,conditional,logic_if_alarm,cross_battn_amlp,1.000000,0.006162,0.950764,0.944602,1.029176,0.047731,21.561858,0.940212,-0.940212,L0.mlp,0.000000,0.000000,0.000000,1.000000,norm_normal_functional_failure
glm4,phase291,L0-L2,logical,conditional,logic_if_alarm,cross_battn_amlp,1.000000,0.060515,0.970410,0.909895,0.890753,0.018380,48.462312,0.940212,-0.940212,L0.mlp,0.000000,0.000000,0.000000,1.000000,norm_normal_functional_failure
glm4,phase291,L0-L4,logical,conditional,logic_if_alarm,cross_battn_amlp,1.000000,0.108970,0.988624,0.879654,0.835134,0.006098,136.959410,2.120867,2.120867,L3.attn,0.000000,0.000000,0.000000,1.000000,norm_normal_functional_failure
glm4,phase291,L0-L8,logical,conditional,logic_if_alarm,cross_battn_amlp,1.000000,0.140127,0.994112,0.853985,0.779885,0.000791,986.566264,2.120867,2.120867,L3.attn,0.000000,0.000000,0.000000,1.000000,norm_normal_functional_failure
glm4,phase291,L4-L8,logical,conditional,logic_if_alarm,cross_battn_amlp,1.000000,0.130977,0.943405,0.812428,0.809259,0.118705,6.817415,2.095992,2.095992,L4.mlp,0.000000,0.000000,0.000000,1.000000,norm_normal_functional_failure
glm4,phase291,L0,logical,conditional,logic_if_late,cross_battn_amlp,1.000000,-0.005928,0.959865,0.965793,1.004593,0.046681,21.520337,1.033149,-1.033149,L0.mlp,0.000000,0.000000,0.000000,1.000000,norm_normal_functional_failure
glm4,phase291,L0-L1,logical,conditional,logic_if_late,cross_battn_amlp,1.000000,-0.007380,0.991759,0.999138,0.981310,0.008996,109.076896,1.033149,-1.033149,L0.mlp,0.000000,0.000000,0.000000,1.000000,norm_normal_functional_failure
glm4,phase291,L0-L2,logical,conditional,logic_if_late,cross_battn_amlp,1.000000,-0.013917,1.000999,1.014916,1.123135,0.004428,253.637343,1.033149,-1.033149,L0.mlp,0.000000,0.000000,0.000000,1.000000,norm_normal_functional_failure
glm4,phase291,L0-L4,logical,conditional,logic_if_late,cross_battn_amlp,1.000000,0.128814,1.006800,0.877986,1.217626,0.002464,494.152320,3.600644,3.600644,L4.mlp,0.000000,0.000000,0.000000,1.000000,norm_normal_functional_failure
glm4,phase291,L0-L8,logical,conditional,logic_if_late,cross_battn_amlp,1.000000,0.108609,1.001069,0.892460,1.289935,0.000971,1328.712659,3.600644,3.600644,L4.mlp,0.000000,0.000000,0.000000,1.000000,norm_normal_functional_failure
glm4,phase291,L4-L8,logical,conditional,logic_if_late,cross_battn_amlp,1.000000,0.104408,0.924855,0.820447,1.404966,0.085963,16.343856,3.600644,3.600644,L4.mlp,0.000000,0.000000,0.000000,1.000000,norm_normal_functional_failure
glm4,phase291,L0,logical,conditional,logic_if_ready,cross_battn_amlp,1.000000,-0.000221,0.986818,0.987039,0.994903,0.025997,38.269864,1.147533,-1.147533,L0.mlp,0.000000,0.000000,0.000000,1.000000,norm_normal_functional_failure
glm4,phase291,L0-L1,logical,conditional,logic_if_ready,cross_battn_amlp,1.000000,-0.002751,1.000927,1.003678,1.000556,0.002311,433.028159,1.147533,-1.147533,L0.mlp,0.000000,0.000000,0.000000,1.000000,norm_normal_functional_failure
glm4,phase291,L0-L2,logical,conditional,logic_if_ready,cross_battn_amlp,1.000000,0.001243,0.998002,0.996759,0.991962,0.000700,1416.482373,1.147533,-1.147533,L0.mlp,0.000000,0.000000,0.000000,1.000000,norm_normal_functional_failure
glm4,phase291,L0-L4,logical,conditional,logic_if_ready,cross_battn_amlp,1.000000,0.055436,1.000663,0.945228,0.794641,0.000587,1354.105954,2.189384,2.189384,L4.mlp,0.000000,0.000000,0.000000,1.000000,norm_normal_functional_failure
glm4,phase291,L0-L8,logical,conditional,logic_if_ready,cross_battn_amlp,1.000000,0.145394,0.999350,0.853956,0.727425,0.000027,26849.543316,2.189384,2.189384,L4.mlp,0.000000,0.000000,0.000000,1.000000,norm_normal_functional_failure
glm4,phase291,L4-L8,logical,conditional,logic_if_ready,cross_battn_amlp,1.000000,0.121552,0.889637,0.768085,0.782073,0.020982,37.274283,2.189384,2.189384,L4.mlp,0.000000,0.000000,0.000000,1.000000,norm_normal_functional_failure
glm4,phase291,L0,logical,conditional,logic_if_sick,cross_battn_amlp,1.000000,0.008352,0.981053,0.972701,1.022335,0.015615,65.469552,0.747190,-0.747190,L0.mlp,0.000000,0.000000,0.000000,1.000000,norm_normal_functional_failure
glm4,phase291,L0-L1,logical,conditional,logic_if_sick,cross_battn_amlp,1.000000,0.020745,0.996711,0.975966,0.951083,0.008565,111.037813,0.747190,-0.747190,L0.mlp,0.000000,0.000000,0.000000,1.000000,norm_normal_functional_failure
glm4,phase291,L0-L2,logical,conditional,logic_if_sick,cross_battn_amlp,1.000000,-0.010046,0.992136,1.002182,1.118125,0.001995,560.334504,0.747190,-0.747190,L0.mlp,0.000000,0.000000,0.000000,1.000000,norm_normal_functional_failure
glm4,phase291,L0-L4,logical,conditional,logic_if_sick,cross_battn_amlp,1.000000,0.051265,0.992101,0.940836,0.703838,0.004221,166.739439,1.971469,1.971469,L4.mlp,0.000000,0.000000,0.000000,1.000000,norm_normal_functional_failure
glm4,phase291,L0-L8,logical,conditional,logic_if_sick,cross_battn_amlp,1.000000,0.079560,1.005138,0.925578,0.629346,0.000433,1454.319587,1.971469,1.971469,L4.mlp,0.000000,0.000000,0.000000,1.000000,norm_normal_functional_failure
glm4,phase291,L4-L8,logical,conditional,logic_if_sick,cross_battn_amlp,1.000000,0.066664,0.946154,0.879490,0.545528,0.094057,5.799973,1.971469,1.971469,L4.mlp,0.000000,0.000000,0.000000,1.000000,norm_normal_functional_failure
glm4,phase291,L0,logical,conditional,logic_if_safe,cross_battn_amlp,1.000000,0.000871,0.981727,0.980856,0.979593,0.024366,40.202935,0.745989,-0.745989,L0.mlp,0.000000,0.000000,0.000000,1.000000,norm_normal_functional_failure
glm4,phase291,L0-L1,logical,conditional,logic_if_safe,cross_battn_amlp,1.000000,0.014848,0.996062,0.981214,0.978375,0.007788,125.619422,0.745989,-0.745989,L0.mlp,0.000000,0.000000,0.000000,1.000000,norm_normal_functional_failure
glm4,phase291,L0-L2,logical,conditional,logic_if_safe,cross_battn_amlp,1.000000,0.025630,0.995662,0.970032,0.965020,0.002504,385.421442,0.753422,0.753422,L2.attn,0.000000,0.000000,0.000000,1.000000,norm_normal_functional_failure
glm4,phase291,L0-L4,logical,conditional,logic_if_safe,cross_battn_amlp,1.000000,0.040290,0.999315,0.959024,1.028807,0.000362,2839.874238,1.307347,1.307347,L4.mlp,0.000000,0.000000,0.000000,1.000000,norm_normal_functional_failure
glm4,phase291,L0-L8,logical,conditional,logic_if_safe,cross_battn_amlp,1.000000,0.137025,1.002425,0.865400,0.958836,0.000491,1952.375076,1.342700,1.342700,L6.attn,0.000000,0.000000,0.000000,1.000000,norm_normal_functional_failure
glm4,phase291,L4-L8,logical,conditional,logic_if_safe,cross_battn_amlp,1.000000,0.091295,0.892365,0.801070,0.943604,0.033455,28.205496,1.342700,1.342700,L6.attn,0.000000,0.000000,0.000000,1.000000,norm_normal_functional_failure
glm4,phase291,L0,logical,conditional,logic_if_needed,cross_battn_amlp,1.000000,0.001754,0.999242,0.997488,1.041974,0.004407,236.423169,1.264892,-1.264892,L0.mlp,0.000000,0.000000,0.000000,1.000000,norm_normal_functional_failure
glm4,phase291,L0-L1,logical,conditional,logic_if_needed,cross_battn_amlp,1.000000,0.030734,1.001526,0.970792,0.995921,0.001239,803.664144,1.264892,-1.264892,L0.mlp,0.000000,0.000000,0.000000,1.000000,norm_normal_functional_failure
glm4,phase291,L0-L2,logical,conditional,logic_if_needed,cross_battn_amlp,1.000000,0.055340,1.005454,0.950114,1.008818,0.000716,1408.609065,1.264892,-1.264892,L0.mlp,0.000000,0.000000,0.000000,1.000000,norm_normal_functional_failure
glm4,phase291,L0-L4,logical,conditional,logic_if_needed,cross_battn_amlp,1.000000,0.159681,0.996897,0.837216,0.796547,0.000203,3917.914044,1.774308,1.774308,L4.mlp,0.000000,0.000000,0.000000,1.000000,norm_normal_functional_failure
glm4,phase291,L0-L8,logical,conditional,logic_if_needed,cross_battn_amlp,1.000000,0.267117,1.002743,0.735626,0.674916,0.000156,4338.831985,1.774308,1.774308,L4.mlp,0.000000,0.000000,0.000000,1.000000,norm_normal_functional_failure
glm4,phase291,L4-L8,logical,conditional,logic_if_needed,cross_battn_amlp,1.000000,0.273706,0.979328,0.705622,0.631382,0.020426,30.911198,1.774308,1.774308,L4.mlp,0.000000,0.000000,0.000000,1.000000,norm_normal_functional_failure
glm4,phase291,L0,logical,contrast,logic_although_rain,cross_battn_amlp,1.000000,0.006416,0.980663,0.974247,1.000028,0.007329,136.439830,0.548896,-0.548896,L0.mlp,0.000000,0.000000,0.000000,1.000000,norm_normal_functional_failure
glm4,phase291,L0-L1,logical,contrast,logic_although_rain,cross_battn_amlp,1.000000,0.004655,1.005059,1.000404,1.026375,0.003238,316.986575,0.548896,-0.548896,L0.mlp,0.000000,0.000000,0.000000,1.000000,norm_normal_functional_failure
glm4,phase291,L0-L2,logical,contrast,logic_although_rain,cross_battn_amlp,1.000000,0.012047,0.997181,0.985134,0.997333,0.002070,481.870627,0.819639,0.819639,L2.mlp,0.000000,0.000000,0.000000,1.000000,norm_normal_functional_failure
glm4,phase291,L0-L4,logical,contrast,logic_although_rain,cross_battn_amlp,1.000000,0.029723,0.996855,0.967133,1.029405,0.000652,1577.670717,1.566770,1.566770,L4.mlp,0.000000,0.000000,0.000000,1.000000,norm_normal_functional_failure
glm4,phase291,L0-L8,logical,contrast,logic_although_rain,cross_battn_amlp,1.000000,0.093251,0.994481,0.901230,0.983620,0.000208,4727.582013,1.566770,1.566770,L4.mlp,0.000000,0.000000,0.000000,1.000000,norm_normal_functional_failure
glm4,phase291,L4-L8,logical,contrast,logic_although_rain,cross_battn_amlp,1.000000,0.085100,0.836163,0.751063,1.000222,0.045493,21.986141,1.566770,1.566770,L4.mlp,0.000000,0.000000,0.000000,1.000000,norm_normal_functional_failure
glm4,phase291,L0,logical,contrast,logic_although_tired,cross_battn_amlp,1.000000,-0.002815,1.019466,1.022281,0.988588,0.025522,38.734829,0.581480,0.581480,L0.mlp,0.000000,0.000000,0.000000,1.000000,norm_normal_functional_failure
glm4,phase291,L0-L1,logical,contrast,logic_although_tired,cross_battn_amlp,1.000000,-0.001411,0.996208,0.997619,1.024798,0.001267,809.023318,0.581480,0.581480,L0.mlp,0.000000,0.000000,0.000000,1.000000,norm_normal_functional_failure
glm4,phase291,L0-L2,logical,contrast,logic_although_tired,cross_battn_amlp,1.000000,0.006734,0.999117,0.992383,1.026473,0.000701,1464.193857,2.096442,2.096442,L2.attn,0.000000,0.000000,0.000000,1.000000,norm_normal_functional_failure
glm4,phase291,L0-L4,logical,contrast,logic_although_tired,cross_battn_amlp,1.000000,0.025100,1.001369,0.976269,0.939704,0.000552,1701.303286,2.096442,2.096442,L2.attn,0.000000,0.000000,0.000000,1.000000,norm_normal_functional_failure
glm4,phase291,L0-L8,logical,contrast,logic_although_tired,cross_battn_amlp,1.000000,0.022761,1.000215,0.977454,1.039493,0.000292,3555.803428,2.096442,2.096442,L2.attn,0.000000,0.000000,0.000000,1.000000,norm_normal_functional_failure
glm4,phase291,L4-L8,logical,contrast,logic_although_tired,cross_battn_amlp,1.000000,0.003853,0.900339,0.896486,1.090865,0.063450,17.192389,1.701669,1.701669,L4.mlp,0.000000,0.000000,0.000000,1.000000,norm_normal_functional_failure
glm4,phase291,L0,logical,contrast,logic_although_expensive,cross_battn_amlp,1.000000,-0.004361,0.992267,0.996628,1.031964,0.016506,62.518817,0.246051,0.246051,L0.mlp,0.000000,0.000000,0.000000,1.000000,norm_normal_functional_failure
glm4,phase291,L0-L1,logical,contrast,logic_although_expensive,cross_battn_amlp,1.000000,0.007824,0.980078,0.972254,1.017561,0.004457,228.302947,0.440083,0.440083,L1.attn,0.000000,0.000000,0.000000,1.000000,norm_normal_functional_failure
glm4,phase291,L0-L2,logical,contrast,logic_although_expensive,cross_battn_amlp,1.000000,0.010780,0.981884,0.971105,1.091425,0.002371,460.285292,2.141284,2.141284,L2.attn,0.000000,0.000000,0.000000,1.000000,norm_normal_functional_failure
glm4,phase291,L0-L4,logical,contrast,logic_although_expensive,cross_battn_amlp,1.000000,0.054739,0.992339,0.937599,0.683878,0.001535,445.536341,2.141284,2.141284,L2.attn,0.000000,0.000000,0.000000,1.000000,norm_normal_functional_failure
glm4,phase291,L0-L8,logical,contrast,logic_although_expensive,cross_battn_amlp,1.000000,0.149022,0.987000,0.837978,1.044587,0.000288,3631.548325,2.141284,2.141284,L2.attn,0.000000,0.000000,0.000000,1.000000,norm_normal_functional_failure
glm4,phase291,L4-L8,logical,contrast,logic_although_expensive,cross_battn_amlp,1.000000,0.111789,0.870382,0.758593,0.651801,0.039740,16.401629,1.194002,1.194002,L4.attn,0.000000,0.000000,0.000000,1.000000,norm_normal_functional_failure
glm4,phase291,L0,logical,contrast,logic_although_small,cross_battn_amlp,1.000000,0.006460,1.022595,1.016135,0.963631,0.084870,11.354247,0.603553,0.603553,L0.mlp,0.000000,0.000000,0.000000,1.000000,norm_normal_functional_failure
glm4,phase291,L0-L1,logical,contrast,logic_although_small,cross_battn_amlp,1.000000,0.015098,1.005373,0.990275,0.968780,0.004644,208.623647,1.010974,1.010974,L1.attn,0.000000,0.000000,0.000000,1.000000,norm_normal_functional_failure
glm4,phase291,L0-L2,logical,contrast,logic_although_small,cross_battn_amlp,1.000000,-0.001394,1.004079,1.005473,1.055368,0.003308,319.009415,1.010974,1.010974,L1.attn,0.000000,0.000000,0.000000,1.000000,norm_normal_functional_failure
glm4,phase291,L0-L4,logical,contrast,logic_although_small,cross_battn_amlp,1.000000,0.036204,1.007182,0.970977,1.061209,0.001351,785.718328,1.452624,1.452624,L4.mlp,0.000000,0.000000,0.000000,1.000000,norm_normal_functional_failure
glm4,phase291,L0-L8,logical,contrast,logic_although_small,cross_battn_amlp,1.000000,0.016622,1.002587,0.985965,1.015301,0.000341,2973.372722,1.452624,1.452624,L4.mlp,0.000000,0.000000,0.000000,1.000000,norm_normal_functional_failure
glm4,phase291,L4-L8,logical,contrast,logic_although_small,cross_battn_amlp,1.000000,-0.019736,0.897356,0.917092,1.218500,0.036099,33.754521,1.452624,1.452624,L4.mlp,0.000000,0.000000,0.000000,1.000000,norm_normal_functional_failure
glm4,phase291,L0,logical,contrast,logic_although_late,cross_battn_amlp,1.000000,-0.004418,0.967763,0.972181,0.994352,0.049096,20.253338,0.246374,0.246374,L0.attn,0.000000,0.000000,0.000000,1.000000,norm_normal_functional_failure
glm4,phase291,L0-L1,logical,contrast,logic_although_late,cross_battn_amlp,1.000000,0.011828,0.985788,0.973960,1.000340,0.004788,208.927604,0.880927,0.880927,L1.attn,0.000000,0.000000,0.000000,1.000000,norm_normal_functional_failure
glm4,phase291,L0-L2,logical,contrast,logic_although_late,cross_battn_amlp,1.000000,0.051770,0.984793,0.933023,1.027917,0.014408,71.345654,0.880927,0.880927,L1.attn,0.000000,0.000000,0.000000,1.000000,norm_normal_functional_failure
glm4,phase291,L0-L4,logical,contrast,logic_although_late,cross_battn_amlp,1.000000,0.078812,0.993889,0.915078,1.018458,0.002148,474.219954,1.805439,1.805439,L4.mlp,0.000000,0.000000,0.000000,1.000000,norm_normal_functional_failure
glm4,phase291,L0-L8,logical,contrast,logic_although_late,cross_battn_amlp,1.000000,0.136432,0.998362,0.861930,1.073650,0.000303,3543.956460,1.805439,1.805439,L4.mlp,0.000000,0.000000,0.000000,1.000000,norm_normal_functional_failure
glm4,phase291,L4-L8,logical,contrast,logic_although_late,cross_battn_amlp,1.000000,0.120037,0.738309,0.618273,1.083860,0.821552,1.319283,1.805439,1.805439,L4.mlp,0.000000,0.000000,0.000000,1.000000,norm_normal_functional_failure
glm4,phase291,L0,logical,contrast,logic_although_new,cross_battn_amlp,1.000000,0.010654,1.014170,1.003516,0.985471,0.027642,35.650792,0.609975,0.609975,L0.attn,0.000000,0.000000,0.000000,1.000000,norm_normal_functional_failure
glm4,phase291,L0-L1,logical,contrast,logic_although_new,cross_battn_amlp,1.000000,0.016596,0.989983,0.973387,0.939291,0.002925,321.079471,0.820009,0.820009,L1.attn,0.000000,0.000000,0.000000,1.000000,norm_normal_functional_failure
glm4,phase291,L0-L2,logical,contrast,logic_although_new,cross_battn_amlp,1.000000,-0.003985,0.993475,0.997460,0.969529,0.001758,551.562392,0.820009,0.820009,L1.attn,0.000000,0.000000,0.000000,1.000000,norm_normal_functional_failure
glm4,phase291,L0-L4,logical,contrast,logic_although_new,cross_battn_amlp,1.000000,-0.006093,0.997282,1.003375,1.080204,0.000730,1479.051055,2.012977,2.012977,L4.mlp,0.000000,0.000000,0.000000,1.000000,norm_normal_functional_failure
glm4,phase291,L0-L8,logical,contrast,logic_although_new,cross_battn_amlp,1.000000,0.112534,0.998040,0.885506,1.144147,0.000309,3698.886536,2.012977,2.012977,L4.mlp,0.000000,0.000000,0.000000,1.000000,norm_normal_functional_failure
glm4,phase291,L4-L8,logical,contrast,logic_although_new,cross_battn_amlp,1.000000,0.073938,0.808049,0.734110,1.137666,0.132588,8.580439,2.012977,2.012977,L4.mlp,0.000000,0.000000,0.000000,1.000000,norm_normal_functional_failure
glm4,phase291,L0,logical,contrast,logic_although_cold,cross_battn_amlp,1.000000,0.013757,0.970487,0.956730,0.968607,0.021976,44.076410,0.319897,0.319897,L0.attn,0.000000,0.000000,0.000000,1.000000,norm_normal_functional_failure
glm4,phase291,L0-L1,logical,contrast,logic_although_cold,cross_battn_amlp,1.000000,0.019976,0.994353,0.974377,0.979227,0.004226,231.733367,0.660989,0.660989,L1.attn,0.000000,0.000000,0.000000,1.000000,norm_normal_functional_failure
glm4,phase291,L0-L2,logical,contrast,logic_although_cold,cross_battn_amlp,1.000000,0.043019,0.994274,0.951255,0.933379,0.001738,536.940922,0.819924,0.819924,L2.mlp,0.000000,0.000000,0.000000,1.000000,norm_normal_functional_failure
glm4,phase291,L0-L4,logical,contrast,logic_although_cold,cross_battn_amlp,1.000000,-0.000116,0.997487,0.997603,0.940073,0.000363,2592.550960,1.566770,1.566770,L4.mlp,0.000000,0.000000,0.000000,1.000000,norm_normal_functional_failure
glm4,phase291,L0-L8,logical,contrast,logic_although_cold,cross_battn_amlp,1.000000,0.073533,0.996012,0.922480,0.744137,0.000140,5301.919989,1.720230,1.720230,L6.attn,0.000000,0.000000,0.000000,1.000000,norm_normal_functional_failure
glm4,phase291,L4-L8,logical,contrast,logic_although_cold,cross_battn_amlp,1.000000,0.023112,0.799721,0.776609,0.790037,0.031796,24.846932,1.720230,1.720230,L6.attn,0.000000,0.000000,0.000000,1.000000,norm_normal_functional_failure
glm4,phase291,L0,logical,contrast,logic_although_busy,cross_battn_amlp,1.000000,0.011376,1.064227,1.052851,0.979700,0.013500,72.571868,0.722373,0.722373,L0.mlp,0.000000,0.000000,0.000000,1.000000,norm_normal_functional_failure
glm4,phase291,L0-L1,logical,contrast,logic_although_busy,cross_battn_amlp,1.000000,0.028365,1.020768,0.992404,0.966862,0.001360,711.073324,0.849672,0.849672,L1.attn,0.000000,0.000000,0.000000,1.000000,norm_normal_functional_failure
glm4,phase291,L0-L2,logical,contrast,logic_although_busy,cross_battn_amlp,1.000000,0.005284,1.020162,1.014877,0.957325,0.001190,804.579573,0.849672,0.849672,L1.attn,0.000000,0.000000,0.000000,1.000000,norm_normal_functional_failure
glm4,phase291,L0-L4,logical,contrast,logic_although_busy,cross_battn_amlp,1.000000,0.017310,1.001250,0.983940,0.896137,0.000222,4035.380396,1.535639,1.535639,L4.mlp,0.000000,0.000000,0.000000,1.000000,norm_normal_functional_failure
glm4,phase291,L0-L8,logical,contrast,logic_although_busy,cross_battn_amlp,1.000000,0.008252,1.002072,0.993820,0.928782,0.000390,2382.205686,1.535639,1.535639,L4.mlp,0.000000,0.000000,0.000000,1.000000,norm_normal_functional_failure
glm4,phase291,L4-L8,logical,contrast,logic_although_busy,cross_battn_amlp,1.000000,-0.010960,0.742351,0.753311,0.985926,0.110904,8.889930,1.535639,1.535639,L4.mlp,0.000000,0.000000,0.000000,1.000000,norm_normal_functional_failure
glm4,phase291,L0,logical,inference,logic_therefore_rain,cross_battn_amlp,1.000000,-0.004723,0.998029,1.002751,1.246634,0.044361,28.101819,1.107326,1.107326,L0.attn,0.000000,0.000000,0.000000,1.000000,norm_normal_functional_failure
glm4,phase291,L0-L1,logical,inference,logic_therefore_rain,cross_battn_amlp,1.000000,0.013387,0.999283,0.985896,1.209119,0.012804,94.432062,1.815740,1.815740,L1.attn,0.000000,0.000000,0.000000,1.000000,norm_normal_functional_failure
glm4,phase291,L0-L2,logical,inference,logic_therefore_rain,cross_battn_amlp,1.000000,0.028295,1.013387,0.985092,0.987088,0.008373,117.889466,2.520058,2.520058,L2.mlp,0.000000,0.000000,0.000000,1.000000,norm_normal_functional_failure
glm4,phase291,L0-L4,logical,inference,logic_therefore_rain,cross_battn_amlp,1.000000,0.021602,1.008707,0.987105,0.887327,0.003367,263.550831,4.991150,4.991150,L4.mlp,0.000000,0.000000,0.000000,1.000000,norm_normal_functional_failure
glm4,phase291,L0-L8,logical,inference,logic_therefore_rain,cross_battn_amlp,1.000000,0.023069,1.001089,0.978020,1.714712,0.000586,2924.062290,4.991150,4.991150,L4.mlp,0.000000,0.000000,0.000000,1.000000,norm_normal_functional_failure
glm4,phase291,L4-L8,logical,inference,logic_therefore_rain,cross_battn_amlp,1.000000,0.020831,0.918146,0.897314,1.522253,0.053079,28.679015,4.991150,4.991150,L4.mlp,0.000000,0.000000,0.000000,1.000000,norm_normal_functional_failure
glm4,phase291,L0,logical,inference,logic_therefore_study,cross_battn_amlp,1.000000,0.009348,1.010108,1.000760,0.997229,0.004422,225.528512,2.071811,2.071811,L0.mlp,0.000000,0.000000,0.000000,1.000000,norm_normal_functional_failure
glm4,phase291,L0-L1,logical,inference,logic_therefore_study,cross_battn_amlp,1.000000,0.028740,1.004739,0.975999,0.999015,0.002398,416.683157,2.071811,2.071811,L0.mlp,0.000000,0.000000,0.000000,1.000000,norm_normal_functional_failure
glm4,phase291,L0-L2,logical,inference,logic_therefore_study,cross_battn_amlp,1.000000,0.036538,1.008555,0.972017,0.996335,0.001296,768.538743,2.071811,2.071811,L0.mlp,0.000000,0.000000,0.000000,1.000000,norm_normal_functional_failure
glm4,phase291,L0-L4,logical,inference,logic_therefore_study,cross_battn_amlp,1.000000,0.013019,0.999133,0.986114,1.154949,0.001001,1153.249385,3.040291,3.040291,L4.mlp,0.000000,0.000000,0.000000,1.000000,norm_normal_functional_failure
glm4,phase291,L0-L8,logical,inference,logic_therefore_study,cross_battn_amlp,1.000000,0.061505,1.001796,0.940290,1.148301,0.000217,5303.179243,3.040291,3.040291,L4.mlp,0.000000,0.000000,0.000000,1.000000,norm_normal_functional_failure
glm4,phase291,L4-L8,logical,inference,logic_therefore_study,cross_battn_amlp,1.000000,0.034147,0.855049,0.820901,1.197439,0.084113,14.236068,3.040291,3.040291,L4.mlp,0.000000,0.000000,0.000000,1.000000,norm_normal_functional_failure
glm4,phase291,L0,logical,inference,logic_therefore_heat,cross_battn_amlp,1.000000,0.009464,1.020209,1.010745,0.953339,0.007302,130.559082,0.395815,0.395815,L0.mlp,0.000000,0.000000,0.000000,1.000000,norm_normal_functional_failure
glm4,phase291,L0-L1,logical,inference,logic_therefore_heat,cross_battn_amlp,1.000000,0.001813,1.009348,1.007535,0.980460,0.002874,341.089818,0.933861,0.933861,L1.mlp,0.000000,0.000000,0.000000,1.000000,norm_normal_functional_failure
glm4,phase291,L0-L2,logical,inference,logic_therefore_heat,cross_battn_amlp,1.000000,0.001920,1.012340,1.010420,0.974834,0.001752,556.449213,0.933861,0.933861,L1.mlp,0.000000,0.000000,0.000000,1.000000,norm_normal_functional_failure
glm4,phase291,L0-L4,logical,inference,logic_therefore_heat,cross_battn_amlp,1.000000,0.049341,1.005353,0.956012,0.815818,0.000903,903.846367,0.933861,0.933861,L1.mlp,0.000000,0.000000,0.000000,1.000000,norm_normal_functional_failure
glm4,phase291,L0-L8,logical,inference,logic_therefore_heat,cross_battn_amlp,1.000000,0.076104,0.997379,0.921275,0.856684,0.000721,1188.202763,1.440726,1.440726,L8.attn,0.000000,0.000000,0.000000,1.000000,norm_normal_functional_failure
glm4,phase291,L4-L8,logical,inference,logic_therefore_heat,cross_battn_amlp,1.000000,0.060606,0.765446,0.704839,0.851599,0.117250,7.263123,1.440726,1.440726,L8.attn,0.000000,0.000000,0.000000,1.000000,norm_normal_functional_failure
glm4,phase291,L0,logical,inference,logic_therefore_save,cross_battn_amlp,1.000000,-0.001176,0.995559,0.996734,1.003797,0.004159,241.369354,0.515991,0.515991,L0.mlp,0.000000,0.000000,0.000000,1.000000,norm_normal_functional_failure
glm4,phase291,L0-L1,logical,inference,logic_therefore_save,cross_battn_amlp,1.000000,-0.006840,0.993799,1.000640,1.013261,0.003261,310.679890,0.515991,0.515991,L0.mlp,0.000000,0.000000,0.000000,1.000000,norm_normal_functional_failure
glm4,phase291,L0-L2,logical,inference,logic_therefore_save,cross_battn_amlp,1.000000,-0.000890,0.990252,0.991142,1.002497,0.002101,477.172708,0.515991,0.515991,L0.mlp,0.000000,0.000000,0.000000,1.000000,norm_normal_functional_failure
glm4,phase291,L0-L4,logical,inference,logic_therefore_save,cross_battn_amlp,1.000000,0.023282,0.997685,0.974403,0.976288,0.001697,575.157980,1.379985,1.379985,L4.mlp,0.000000,0.000000,0.000000,1.000000,norm_normal_functional_failure
glm4,phase291,L0-L8,logical,inference,logic_therefore_save,cross_battn_amlp,1.000000,0.094819,1.002188,0.907369,0.866659,0.000511,1696.748742,1.379985,1.379985,L4.mlp,0.000000,0.000000,0.000000,1.000000,norm_normal_functional_failure
glm4,phase291,L4-L8,logical,inference,logic_therefore_save,cross_battn_amlp,1.000000,0.082221,0.936392,0.854171,0.939186,0.081811,11.479939,1.379985,1.379985,L4.mlp,0.000000,0.000000,0.000000,1.000000,norm_normal_functional_failure
glm4,phase291,L0,logical,inference,logic_therefore_alarm,cross_battn_amlp,1.000000,-0.003149,1.018037,1.021186,1.055426,0.005070,208.158734,0.951826,-0.951826,L0.attn,0.000000,0.000000,0.000000,1.000000,norm_normal_functional_failure
glm4,phase291,L0-L1,logical,inference,logic_therefore_alarm,cross_battn_amlp,1.000000,-0.004757,1.010819,1.015576,1.009421,0.003530,285.940890,1.144777,1.144777,L1.mlp,0.000000,0.000000,0.000000,1.000000,norm_normal_functional_failure
glm4,phase291,L0-L2,logical,inference,logic_therefore_alarm,cross_battn_amlp,1.000000,0.015126,1.006424,0.991298,0.939123,0.002696,348.331337,1.144777,1.144777,L1.mlp,0.000000,0.000000,0.000000,1.000000,norm_normal_functional_failure
glm4,phase291,L0-L4,logical,inference,logic_therefore_alarm,cross_battn_amlp,1.000000,0.131699,0.998485,0.866786,1.071525,0.001439,744.884643,1.144777,1.144777,L1.mlp,0.000000,0.000000,0.000000,1.000000,norm_normal_functional_failure
glm4,phase291,L0-L8,logical,inference,logic_therefore_alarm,cross_battn_amlp,1.000000,0.105794,1.001428,0.895634,0.897903,0.000284,3163.090547,1.144777,1.144777,L1.mlp,0.000000,0.000000,0.000000,1.000000,norm_normal_functional_failure
glm4,phase291,L4-L8,logical,inference,logic_therefore_alarm,cross_battn_amlp,1.000000,0.074115,0.919820,0.845705,1.038110,0.078992,13.141901,0.711101,-0.711101,L6.mlp,0.000000,0.000000,0.000000,1.000000,norm_normal_functional_failure
glm4,phase291,L0,logical,inference,logic_therefore_traffic,cross_battn_amlp,1.000000,0.009658,0.986844,0.977187,0.971607,0.013310,72.999947,2.401604,2.401604,L0.mlp,0.000000,0.000000,0.000000,1.000000,norm_normal_functional_failure
glm4,phase291,L0-L1,logical,inference,logic_therefore_traffic,cross_battn_amlp,1.000000,-0.019229,0.996528,1.015757,1.010656,0.000951,1063.013194,2.401604,2.401604,L0.mlp,0.000000,0.000000,0.000000,1.000000,norm_normal_functional_failure
glm4,phase291,L0-L2,logical,inference,logic_therefore_traffic,cross_battn_amlp,1.000000,0.001705,0.997047,0.995342,1.015038,0.000496,2045.878956,2.401604,2.401604,L0.mlp,0.000000,0.000000,0.000000,1.000000,norm_normal_functional_failure
glm4,phase291,L0-L4,logical,inference,logic_therefore_traffic,cross_battn_amlp,1.000000,0.045695,0.997360,0.951664,0.929250,0.000325,2856.694000,2.401604,2.401604,L0.mlp,0.000000,0.000000,0.000000,1.000000,norm_normal_functional_failure
glm4,phase291,L0-L8,logical,inference,logic_therefore_traffic,cross_battn_amlp,1.000000,0.175184,1.000690,0.825506,0.876792,0.000335,2613.844093,2.401604,2.401604,L0.mlp,0.000000,0.000000,0.000000,1.000000,norm_normal_functional_failure
glm4,phase291,L4-L8,logical,inference,logic_therefore_traffic,cross_battn_amlp,1.000000,0.182264,0.856536,0.674272,0.868850,0.052324,16.605237,2.345038,2.345038,L4.mlp,0.000000,0.000000,0.000000,1.000000,norm_normal_functional_failure
glm4,phase291,L0,logical,inference,logic_therefore_battery,cross_battn_amlp,1.000000,-0.001587,0.983609,0.985195,0.964320,0.022843,42.215381,0.725399,0.725399,L0.mlp,0.000000,0.000000,0.000000,1.000000,norm_normal_functional_failure
glm4,phase291,L0-L1,logical,inference,logic_therefore_battery,cross_battn_amlp,1.000000,0.012869,0.994482,0.981614,1.030396,0.008593,119.912601,1.036075,1.036075,L1.attn,0.000000,0.000000,0.000000,1.000000,norm_normal_functional_failure
glm4,phase291,L0-L2,logical,inference,logic_therefore_battery,cross_battn_amlp,1.000000,-0.031618,0.992471,1.024089,1.170337,0.003349,349.461132,1.083330,1.083330,L2.mlp,0.000000,0.000000,0.000000,1.000000,norm_normal_functional_failure
glm4,phase291,L0-L4,logical,inference,logic_therefore_battery,cross_battn_amlp,1.000000,-0.003268,0.990861,0.994129,1.182691,0.005252,225.167460,1.878077,1.878077,L4.mlp,0.000000,0.000000,0.000000,1.000000,norm_normal_functional_failure
glm4,phase291,L0-L8,logical,inference,logic_therefore_battery,cross_battn_amlp,1.000000,0.098428,0.996526,0.898097,1.438025,0.002331,616.808788,2.229896,2.229896,L6.attn,0.000000,0.000000,0.000000,1.000000,norm_normal_functional_failure
glm4,phase291,L4-L8,logical,inference,logic_therefore_battery,cross_battn_amlp,1.000000,0.051007,0.699309,0.648302,1.884478,0.238559,7.899425,2.229896,2.229896,L6.attn,0.000000,0.000000,0.000000,1.000000,norm_normal_functional_failure
glm4,phase291,L0,logical,inference,logic_therefore_training,cross_battn_amlp,1.000000,0.006448,0.991464,0.985015,0.978735,0.014266,68.605774,0.702609,-0.702609,L0.attn,0.000000,0.000000,0.000000,1.000000,norm_normal_functional_failure
glm4,phase291,L0-L1,logical,inference,logic_therefore_training,cross_battn_amlp,1.000000,0.009323,1.002707,0.993383,0.969715,0.018964,51.135063,0.829286,0.829286,L1.mlp,0.000000,0.000000,0.000000,1.000000,norm_normal_functional_failure
glm4,phase291,L0-L2,logical,inference,logic_therefore_training,cross_battn_amlp,1.000000,-0.000541,0.997293,0.997834,0.967429,0.008389,115.319462,0.829286,0.829286,L1.mlp,0.000000,0.000000,0.000000,1.000000,norm_normal_functional_failure
glm4,phase291,L0-L4,logical,inference,logic_therefore_training,cross_battn_amlp,1.000000,0.062494,0.999723,0.937229,0.812959,0.001164,698.605127,1.795062,1.795062,L4.mlp,0.000000,0.000000,0.000000,1.000000,norm_normal_functional_failure
glm4,phase291,L0-L8,logical,inference,logic_therefore_training,cross_battn_amlp,1.000000,0.254245,0.999820,0.745575,0.857208,0.000312,2749.152013,1.795062,1.795062,L4.mlp,0.000000,0.000000,0.000000,1.000000,norm_normal_functional_failure
glm4,phase291,L4-L8,logical,inference,logic_therefore_training,cross_battn_amlp,1.000000,0.225348,0.855617,0.630269,0.893142,0.114932,7.771046,1.795062,1.795062,L4.mlp,0.000000,0.000000,0.000000,1.000000,norm_normal_functional_failure
glm4,phase291,L0,negation,existential_no,neg_found_nothing,cross_battn_amlp,1.000000,0.012436,0.963006,0.950571,1.003862,0.009643,104.102870,1.670601,-1.670601,L0.attn,0.000000,0.000000,0.000000,1.000000,norm_normal_functional_failure
glm4,phase291,L0-L1,negation,existential_no,neg_found_nothing,cross_battn_amlp,1.000000,0.051921,0.979684,0.927763,0.936573,0.003611,259.364935,1.675801,-1.675801,L1.mlp,0.000000,0.000000,0.000000,1.000000,norm_normal_functional_failure
glm4,phase291,L0-L2,negation,existential_no,neg_found_nothing,cross_battn_amlp,1.000000,0.066682,0.988654,0.921973,0.903875,0.003161,285.921249,1.751338,-1.751338,L2.mlp,0.000000,0.000000,0.000000,1.000000,norm_normal_functional_failure
glm4,phase291,L0-L4,negation,existential_no,neg_found_nothing,cross_battn_amlp,1.000000,0.139686,0.991359,0.851672,0.951570,0.001117,852.199831,1.991970,-1.991970,L3.attn,0.000000,0.000000,0.000000,1.000000,norm_normal_functional_failure
glm4,phase291,L0-L8,negation,existential_no,neg_found_nothing,cross_battn_amlp,1.000000,0.069701,1.002156,0.932455,1.019271,0.001445,705.474476,1.991970,-1.991970,L3.attn,0.000000,0.000000,0.000000,1.000000,norm_normal_functional_failure
glm4,phase291,L4-L8,negation,existential_no,neg_found_nothing,cross_battn_amlp,1.000000,0.043633,0.932660,0.889027,1.018941,0.016764,60.780762,1.814544,-1.814544,L7.attn,0.000000,0.000000,0.000000,1.000000,norm_normal_functional_failure
glm4,phase291,L0,negation,existential_no,neg_no_one_came,cross_battn_amlp,1.000000,-0.029955,1.045829,1.075785,0.988349,0.020641,47.882576,0.153350,0.153350,L0.attn,0.000000,0.000000,0.000000,1.000000,norm_normal_functional_failure
glm4,phase291,L0-L1,negation,existential_no,neg_no_one_came,cross_battn_amlp,1.000000,-0.015458,1.018439,1.033897,0.990657,0.018475,53.621798,1.686529,-1.686529,L1.mlp,0.000000,0.000000,0.000000,1.000000,norm_normal_functional_failure
glm4,phase291,L0-L2,negation,existential_no,neg_no_one_came,cross_battn_amlp,1.000000,-0.027560,1.014446,1.042006,0.993916,0.016014,62.065303,1.686529,-1.686529,L1.mlp,0.000000,0.000000,0.000000,1.000000,norm_normal_functional_failure
glm4,phase291,L0-L4,negation,existential_no,neg_no_one_came,cross_battn_amlp,1.000000,0.394088,1.007281,0.613192,0.498142,0.013519,36.848586,1.686529,-1.686529,L1.mlp,0.000000,0.000000,0.000000,1.000000,norm_normal_functional_failure
glm4,phase291,L0-L8,negation,existential_no,neg_no_one_came,cross_battn_amlp,1.000000,0.280429,1.008856,0.728427,0.749746,0.014539,51.569130,1.686529,-1.686529,L1.mlp,0.000000,0.000000,0.000000,1.000000,norm_normal_functional_failure
glm4,phase291,L4-L8,negation,existential_no,neg_no_one_came,cross_battn_amlp,1.000000,0.173957,0.953265,0.779308,0.863364,0.017752,48.635804,1.463000,1.463000,L4.mlp,0.000000,0.000000,0.000000,1.000000,norm_normal_functional_failure
glm4,phase291,L0,negation,existential_no,neg_no_food,cross_battn_amlp,1.000000,0.000776,1.015504,1.014727,0.973642,0.002155,451.785651,0.929541,-0.929541,L0.attn,0.000000,0.000000,0.000000,1.000000,norm_normal_functional_failure
glm4,phase291,L0-L1,negation,existential_no,neg_no_food,cross_battn_amlp,1.000000,-0.002344,1.006742,1.009086,0.959500,0.000944,1016.303528,1.081590,-1.081590,L1.mlp,0.000000,0.000000,0.000000,1.000000,norm_normal_functional_failure
glm4,phase291,L0-L2,negation,existential_no,neg_no_food,cross_battn_amlp,1.000000,0.076929,1.003800,0.926871,0.837510,0.000446,1878.449525,1.193794,-1.193794,L2.mlp,0.000000,0.000000,0.000000,1.000000,norm_normal_functional_failure
glm4,phase291,L0-L4,negation,existential_no,neg_no_food,cross_battn_amlp,1.000000,0.350482,0.994939,0.644456,0.334835,0.000352,950.568563,1.193794,-1.193794,L2.mlp,0.000000,0.000000,0.000000,1.000000,norm_normal_functional_failure
glm4,phase291,L0-L8,negation,existential_no,neg_no_food,cross_battn_amlp,1.000000,0.493278,0.997847,0.504568,0.335112,0.000210,1592.504641,1.344655,-1.344655,L5.mlp,0.000000,0.000000,0.000000,1.000000,norm_normal_functional_failure
glm4,phase291,L4-L8,negation,existential_no,neg_no_food,cross_battn_amlp,1.000000,0.440513,0.980549,0.540036,0.359453,0.003481,103.254720,1.344655,-1.344655,L5.mlp,0.000000,0.000000,0.000000,1.000000,norm_normal_functional_failure
glm4,phase291,L0,negation,existential_no,neg_no_idea,cross_battn_amlp,1.000000,0.004853,0.967727,0.962874,1.020820,0.004647,219.666496,0.329979,0.329979,L0.attn,0.000000,0.000000,0.000000,1.000000,norm_normal_functional_failure
glm4,phase291,L0-L1,negation,existential_no,neg_no_idea,cross_battn_amlp,1.000000,0.051818,1.007673,0.955856,1.035017,0.004155,249.079451,0.823367,0.823367,L1.attn,0.000000,0.000000,0.000000,1.000000,norm_normal_functional_failure
glm4,phase291,L0-L2,negation,existential_no,neg_no_idea,cross_battn_amlp,1.000000,0.070713,0.996156,0.925443,0.781310,0.001831,426.702069,0.823367,0.823367,L1.attn,0.000000,0.000000,0.000000,1.000000,norm_normal_functional_failure
glm4,phase291,L0-L4,negation,existential_no,neg_no_idea,cross_battn_amlp,1.000000,0.454359,1.002045,0.547686,0.278030,0.001993,139.537092,3.652529,3.652529,L4.mlp,0.000000,0.000000,0.000000,1.000000,norm_normal_functional_failure
glm4,phase291,L0,negation,existential_no,neg_no_reason,cross_battn_amlp,1.000000,0.006666,0.997992,0.991325,0.989618,0.007112,139.150919,0.658949,-0.658949,L0.mlp,0.000000,0.000000,0.000000,1.000000,norm_normal_functional_failure
glm4,phase291,L0-L1,negation,existential_no,neg_no_reason,cross_battn_amlp,1.000000,0.087571,0.995953,0.908382,0.875611,0.001486,589.150274,0.658949,-0.658949,L0.mlp,0.000000,0.000000,0.000000,1.000000,norm_normal_functional_failure
glm4,phase291,L0-L2,negation,existential_no,neg_no_reason,cross_battn_amlp,1.000000,0.146721,0.995878,0.849157,0.853813,0.001203,709.787900,1.040569,1.040569,L2.attn,0.000000,0.000000,0.000000,1.000000,norm_normal_functional_failure
glm4,phase291,L0,negation,existential_no,neg_no_choice,cross_battn_amlp,1.000000,-0.002579,0.902947,0.905526,0.994702,0.022952,43.337438,0.416750,0.416750,L0.attn,0.000000,0.000000,0.000000,1.000000,norm_normal_functional_failure
glm4,phase291,L0-L1,negation,existential_no,neg_no_choice,cross_battn_amlp,1.000000,0.003103,0.980649,0.977546,1.008652,0.003572,282.340915,0.416750,0.416750,L0.attn,0.000000,0.000000,0.000000,1.000000,norm_normal_functional_failure
glm4,phase291,L0-L2,negation,existential_no,neg_no_choice,cross_battn_amlp,1.000000,0.032072,0.992733,0.960661,0.930154,0.002236,415.901095,0.416750,0.416750,L0.attn,0.000000,0.000000,0.000000,1.000000,norm_normal_functional_failure
glm4,phase291,L0-L4,negation,existential_no,neg_no_choice,cross_battn_amlp,1.000000,0.339553,0.996872,0.657319,0.715578,0.002852,250.898573,2.687476,2.687476,L4.mlp,0.000000,0.000000,0.000000,1.000000,norm_normal_functional_failure
glm4,phase291,L0-L8,negation,existential_no,neg_no_choice,cross_battn_amlp,1.000000,0.353573,1.002707,0.649134,0.657804,0.002837,231.872301,2.687476,2.687476,L4.mlp,0.000000,0.000000,0.000000,1.000000,norm_normal_functional_failure
glm4,phase291,L4-L8,negation,existential_no,neg_no_choice,cross_battn_amlp,1.000000,0.244390,0.945463,0.701073,0.739456,0.045777,16.153303,2.687476,2.687476,L4.mlp,0.000000,0.000000,0.000000,1.000000,norm_normal_functional_failure
glm4,phase291,L0,negation,lexical_not_adj,neg_happy,cross_battn_amlp,1.000000,0.003863,0.995701,0.991838,1.118608,0.005960,187.687852,1.334320,-1.334320,L0.attn,0.000000,0.000000,0.000000,1.000000,norm_normal_functional_failure
glm4,phase291,L0-L1,negation,lexical_not_adj,neg_happy,cross_battn_amlp,1.000000,0.228049,0.992002,0.763953,0.590549,0.005144,114.801171,2.109867,-2.109867,L1.mlp,0.000000,0.000000,0.000000,1.000000,norm_normal_functional_failure
glm4,phase291,L0-L2,negation,lexical_not_adj,neg_happy,cross_battn_amlp,1.000000,0.283590,0.992770,0.709180,0.500249,0.004502,111.109814,2.109867,-2.109867,L1.mlp,0.000000,0.000000,0.000000,1.000000,norm_normal_functional_failure
glm4,phase291,L0-L4,negation,lexical_not_adj,neg_happy,cross_battn_amlp,1.000000,0.202109,0.992520,0.790411,0.544449,0.003808,142.956949,2.109867,-2.109867,L1.mlp,0.000000,0.000000,0.000000,1.000000,norm_normal_functional_failure
glm4,phase291,L0-L8,negation,lexical_not_adj,neg_happy,cross_battn_amlp,1.000000,0.055383,0.990999,0.935616,1.001813,0.006576,152.353832,2.109867,-2.109867,L1.mlp,0.000000,0.000000,0.000000,1.000000,norm_normal_functional_failure
glm4,phase291,L4-L8,negation,lexical_not_adj,neg_happy,cross_battn_amlp,1.000000,0.049183,0.980766,0.931583,1.053541,0.006393,164.800040,1.845081,-1.845081,L4.attn,0.000000,0.000000,0.000000,1.000000,norm_normal_functional_failure
glm4,phase291,L0,negation,lexical_not_adj,neg_open,cross_battn_amlp,1.000000,-0.004491,1.042771,1.047262,1.027713,0.008536,120.401335,1.440486,-1.440486,L0.mlp,0.000000,0.000000,0.000000,1.000000,norm_normal_functional_failure
glm4,phase291,L0-L1,negation,lexical_not_adj,neg_open,cross_battn_amlp,1.000000,0.011255,1.064305,1.053049,0.985514,0.007529,130.887829,1.440486,-1.440486,L0.mlp,0.000000,0.000000,0.000000,1.000000,norm_normal_functional_failure
glm4,phase291,L0-L2,negation,lexical_not_adj,neg_open,cross_battn_amlp,1.000000,0.091303,1.062068,0.970765,1.014464,0.007531,134.712943,1.440486,-1.440486,L0.mlp,0.000000,0.000000,0.000000,1.000000,norm_normal_functional_failure
glm4,phase291,L0-L4,negation,lexical_not_adj,neg_open,cross_battn_amlp,1.000000,0.039359,1.035310,0.995951,1.045337,0.006889,151.749995,1.440486,-1.440486,L0.mlp,0.000000,0.000000,0.000000,1.000000,norm_normal_functional_failure
glm4,phase291,L0-L8,negation,lexical_not_adj,neg_open,cross_battn_amlp,1.000000,0.068790,1.027674,0.958884,0.949699,0.008834,107.503896,1.440486,-1.440486,L0.mlp,0.000000,0.000000,0.000000,1.000000,norm_normal_functional_failure
glm4,phase291,L4-L8,negation,lexical_not_adj,neg_open,cross_battn_amlp,1.000000,0.038987,0.940145,0.901158,0.899821,0.026560,33.879386,1.228933,-1.228933,L5.attn,0.000000,0.000000,0.000000,1.000000,norm_normal_functional_failure
glm4,phase291,L0,negation,lexical_not_adj,neg_possible,cross_battn_amlp,1.000000,0.222888,0.955211,0.732324,1.636563,0.020697,79.073740,0.683895,-0.683895,L0.attn,0.000000,0.000000,0.000000,1.000000,norm_normal_functional_failure
glm4,phase291,L0-L1,negation,lexical_not_adj,neg_possible,cross_battn_amlp,1.000000,0.261879,0.955386,0.693507,1.745937,0.016777,104.068059,1.714549,-1.714549,L1.mlp,0.000000,0.000000,0.000000,1.000000,norm_normal_functional_failure
glm4,phase291,L0-L2,negation,lexical_not_adj,neg_possible,cross_battn_amlp,1.000000,0.060606,0.955010,0.894404,1.281206,0.017306,74.033696,1.714549,-1.714549,L1.mlp,0.000000,0.000000,0.000000,1.000000,norm_normal_functional_failure
glm4,phase291,L0-L4,negation,lexical_not_adj,neg_possible,cross_battn_amlp,1.000000,0.267247,0.957686,0.690439,1.750782,0.022596,77.481828,1.714549,-1.714549,L1.mlp,0.000000,0.000000,0.000000,1.000000,norm_normal_functional_failure
glm4,phase291,L0-L8,negation,lexical_not_adj,neg_possible,cross_battn_amlp,1.000000,0.189604,0.941911,0.752307,1.298942,0.028553,45.491807,1.714549,-1.714549,L1.mlp,0.000000,0.000000,0.000000,1.000000,norm_normal_functional_failure
glm4,phase291,L4-L8,negation,lexical_not_adj,neg_possible,cross_battn_amlp,1.000000,0.159373,0.905013,0.745641,1.380178,0.041994,32.866309,1.088012,-1.088012,L5.attn,0.000000,0.000000,0.000000,1.000000,norm_normal_functional_failure
glm4,phase291,L0,negation,lexical_not_adj,neg_ready,cross_battn_amlp,1.000000,-0.000604,0.952946,0.953549,1.028105,0.010847,94.784201,1.180780,-1.180780,L0.attn,0.000000,0.000000,0.000000,1.000000,norm_normal_functional_failure
glm4,phase291,L0-L1,negation,lexical_not_adj,neg_ready,cross_battn_amlp,1.000000,0.100972,0.956904,0.855933,1.022016,0.009521,107.340586,1.684067,-1.684067,L1.attn,0.000000,0.000000,0.000000,1.000000,norm_normal_functional_failure
glm4,phase291,L0-L2,negation,lexical_not_adj,neg_ready,cross_battn_amlp,1.000000,0.399370,0.959936,0.560565,0.737762,0.009643,76.503602,1.684067,-1.684067,L1.attn,0.000000,0.000000,0.000000,1.000000,norm_normal_functional_failure
glm4,phase291,L0-L4,negation,lexical_not_adj,neg_ready,cross_battn_amlp,1.000000,0.293547,0.965328,0.671781,0.863499,0.010017,86.199309,1.848308,-1.848308,L4.attn,0.000000,0.000000,0.000000,1.000000,norm_normal_functional_failure
glm4,phase291,L0-L8,negation,lexical_not_adj,neg_ready,cross_battn_amlp,1.000000,0.046372,0.977289,0.930917,0.990722,0.008904,111.272057,1.903389,-1.903389,L7.mlp,0.000000,0.000000,0.000000,1.000000,norm_normal_functional_failure
glm4,phase291,L4-L8,negation,lexical_not_adj,neg_ready,cross_battn_amlp,1.000000,0.026221,0.952392,0.926170,0.993196,0.021576,46.031942,1.903389,-1.903389,L7.mlp,0.000000,0.000000,0.000000,1.000000,norm_normal_functional_failure
glm4,phase291,L0,negation,lexical_not_adj,neg_important,cross_battn_amlp,1.000000,-0.030127,0.964280,0.994407,1.004632,0.042948,23.392034,1.181696,-1.181696,L0.attn,0.000000,0.000000,0.000000,1.000000,norm_normal_functional_failure
glm4,phase291,L0-L1,negation,lexical_not_adj,neg_important,cross_battn_amlp,1.000000,0.380484,0.955852,0.575368,0.231723,0.038685,5.990039,1.620142,-1.620142,L1.attn,0.000000,0.000000,0.000000,1.000000,norm_normal_functional_failure
glm4,phase291,L0-L4,negation,lexical_not_adj,neg_important,cross_battn_amlp,1.000000,0.431641,0.958799,0.527157,0.424723,0.035134,12.088648,1.870776,-1.870776,L3.attn,0.000000,0.000000,0.000000,1.000000,norm_normal_functional_failure
glm4,phase291,L0-L8,negation,lexical_not_adj,neg_important,cross_battn_amlp,1.000000,0.287382,0.970860,0.683478,0.490772,0.025526,19.226269,1.962040,-1.962040,L8.attn,0.000000,0.000000,0.000000,1.000000,norm_normal_functional_failure
glm4,phase291,L4-L8,negation,lexical_not_adj,neg_important,cross_battn_amlp,1.000000,0.214634,1.010510,0.795876,0.646107,0.019686,32.820544,1.962040,-1.962040,L8.attn,0.000000,0.000000,0.000000,1.000000,norm_normal_functional_failure
glm4,phase291,L0,negation,lexical_not_adj,neg_clear,cross_battn_amlp,1.000000,-0.024806,1.001922,1.026728,1.069088,0.057561,18.573187,1.530239,-1.530239,L0.mlp,0.000000,0.000000,0.000000,1.000000,norm_normal_functional_failure
glm4,phase291,L0-L1,negation,lexical_not_adj,neg_clear,cross_battn_amlp,1.000000,-0.006316,1.012940,1.019257,1.046058,0.045111,23.188776,1.530239,-1.530239,L0.mlp,0.000000,0.000000,0.000000,1.000000,norm_normal_functional_failure
glm4,phase291,L0-L2,negation,lexical_not_adj,neg_clear,cross_battn_amlp,1.000000,0.315153,1.009551,0.694398,0.887548,0.042778,20.747939,1.530239,-1.530239,L0.mlp,0.000000,0.000000,0.000000,1.000000,norm_normal_functional_failure
glm4,phase291,L0-L4,negation,lexical_not_adj,neg_clear,cross_battn_amlp,1.000000,0.320704,0.997539,0.676835,0.930573,0.042511,21.890096,1.530239,-1.530239,L0.mlp,0.000000,0.000000,0.000000,1.000000,norm_normal_functional_failure
glm4,phase291,L0-L8,negation,lexical_not_adj,neg_clear,cross_battn_amlp,1.000000,0.149180,1.020614,0.871434,1.067202,0.032703,32.632731,1.530239,-1.530239,L0.mlp,0.000000,0.000000,0.000000,1.000000,norm_normal_functional_failure
glm4,phase291,L4-L8,negation,lexical_not_adj,neg_clear,cross_battn_amlp,1.000000,0.099431,0.950500,0.851070,1.036066,0.098240,10.546278,1.166526,-1.166526,L7.attn,0.000000,0.000000,0.000000,1.000000,norm_normal_functional_failure
glm4,phase291,L0,negation,lexical_not_adj,neg_safe,cross_battn_amlp,1.000000,0.081957,1.020847,0.938890,1.061679,0.016311,65.088556,1.415803,-1.415803,L0.mlp,0.000000,0.000000,0.000000,1.000000,norm_normal_functional_failure
glm4,phase291,L0-L1,negation,lexical_not_adj,neg_safe,cross_battn_amlp,1.000000,0.124174,1.003378,0.879204,0.915743,0.018863,48.546373,1.415803,-1.415803,L0.mlp,0.000000,0.000000,0.000000,1.000000,norm_normal_functional_failure
glm4,phase291,L0-L2,negation,lexical_not_adj,neg_safe,cross_battn_amlp,1.000000,0.057619,1.004235,0.946617,0.993533,0.020697,48.004155,1.415803,-1.415803,L0.mlp,0.000000,0.000000,0.000000,1.000000,norm_normal_functional_failure
glm4,phase291,L0-L4,negation,lexical_not_adj,neg_safe,cross_battn_amlp,1.000000,0.316309,0.976300,0.659991,0.758186,0.019902,38.096124,1.415803,-1.415803,L0.mlp,0.000000,0.000000,0.000000,1.000000,norm_normal_functional_failure
glm4,phase291,L0-L8,negation,lexical_not_adj,neg_safe,cross_battn_amlp,1.000000,0.264212,0.984865,0.720653,1.022959,0.019660,52.032978,1.415803,-1.415803,L0.mlp,0.000000,0.000000,0.000000,1.000000,norm_normal_functional_failure
glm4,phase291,L4-L8,negation,lexical_not_adj,neg_safe,cross_battn_amlp,1.000000,0.103449,1.063978,0.960529,1.021407,0.026165,39.037121,1.342084,-1.342084,L5.attn,0.000000,0.000000,0.000000,1.000000,norm_normal_functional_failure
glm4,phase291,L0,negation,lexical_not_adj,neg_fair,cross_battn_amlp,1.000000,-0.018437,0.964453,0.982890,1.081383,0.011381,95.014941,1.295523,-1.295523,L0.mlp,0.000000,0.000000,0.000000,1.000000,norm_normal_functional_failure
glm4,phase291,L0-L1,negation,lexical_not_adj,neg_fair,cross_battn_amlp,1.000000,0.043991,0.975268,0.931277,1.022182,0.010461,97.717689,1.295523,-1.295523,L0.mlp,0.000000,0.000000,0.000000,1.000000,norm_normal_functional_failure
glm4,phase291,L0-L8,negation,lexical_not_adj,neg_fair,cross_battn_amlp,1.000000,0.305287,0.995933,0.690646,0.887785,0.007581,117.110690,1.299299,-1.299299,L5.mlp,0.000000,0.000000,0.000000,1.000000,norm_normal_functional_failure
glm4,phase291,L4-L8,negation,lexical_not_adj,neg_fair,cross_battn_amlp,1.000000,0.180827,0.955888,0.775061,0.855398,0.013661,62.615711,1.299299,-1.299299,L5.mlp,0.000000,0.000000,0.000000,1.000000,norm_normal_functional_failure
glm4,phase291,L0,negation,morphological_neg,neg_impossible,cross_battn_amlp,1.000000,-0.046651,0.971975,1.018626,1.002046,0.004011,249.798038,1.689292,-1.689292,L0.mlp,0.000000,0.000000,0.000000,1.000000,norm_normal_functional_failure
glm4,phase291,L0-L1,negation,morphological_neg,neg_impossible,cross_battn_amlp,1.000000,0.012299,0.992679,0.980380,0.945756,0.002673,353.878902,1.689292,-1.689292,L0.mlp,0.000000,0.000000,0.000000,1.000000,norm_normal_functional_failure
glm4,phase291,L0-L2,negation,morphological_neg,neg_impossible,cross_battn_amlp,1.000000,0.065475,0.993916,0.928441,0.985872,0.003486,282.783252,1.689292,-1.689292,L0.mlp,0.000000,0.000000,0.000000,1.000000,norm_normal_functional_failure
glm4,phase291,L0-L4,negation,morphological_neg,neg_impossible,cross_battn_amlp,1.000000,0.074018,0.998275,0.924257,1.057233,0.001801,586.974257,2.019318,-2.019318,L4.attn,0.000000,0.000000,0.000000,1.000000,norm_normal_functional_failure
glm4,phase291,L0-L8,negation,morphological_neg,neg_impossible,cross_battn_amlp,1.000000,-0.007159,0.986013,0.993172,1.031403,0.001190,867.036995,2.019318,-2.019318,L4.attn,0.000000,0.000000,0.000000,1.000000,norm_normal_functional_failure
glm4,phase291,L4-L8,negation,morphological_neg,neg_impossible,cross_battn_amlp,1.000000,-0.027194,0.848128,0.875322,1.046850,0.046292,22.614005,2.019318,-2.019318,L4.attn,0.000000,0.000000,0.000000,1.000000,norm_normal_functional_failure
glm4,phase291,L0,negation,morphological_neg,neg_unacceptable,cross_battn_amlp,1.000000,0.008627,0.968551,0.959924,0.983213,0.003674,267.645978,1.694568,-1.694568,L0.attn,0.000000,0.000000,0.000000,1.000000,norm_normal_functional_failure
glm4,phase291,L0-L1,negation,morphological_neg,neg_unacceptable,cross_battn_amlp,1.000000,0.008609,0.975687,0.967078,0.963328,0.001118,861.952487,1.694568,-1.694568,L0.attn,0.000000,0.000000,0.000000,1.000000,norm_normal_functional_failure
glm4,phase291,L0-L2,negation,morphological_neg,neg_unacceptable,cross_battn_amlp,1.000000,0.008651,0.988843,0.980192,0.961840,0.001450,663.396671,1.948371,-1.948371,L2.mlp,0.000000,0.000000,0.000000,1.000000,norm_normal_functional_failure
glm4,phase291,L0-L4,negation,morphological_neg,neg_unacceptable,cross_battn_amlp,1.000000,0.008509,0.996912,0.988403,1.011342,0.001518,666.079180,1.948371,-1.948371,L2.mlp,0.000000,0.000000,0.000000,1.000000,norm_normal_functional_failure
glm4,phase291,L0-L8,negation,morphological_neg,neg_unacceptable,cross_battn_amlp,1.000000,0.030635,1.001636,0.971001,0.918412,0.000945,971.554915,1.968388,-1.968388,L6.mlp,0.000000,0.000000,0.000000,1.000000,norm_normal_functional_failure
glm4,phase291,L4-L8,negation,morphological_neg,neg_unacceptable,cross_battn_amlp,1.000000,0.024861,0.871235,0.846375,0.896172,0.049921,17.951966,1.968388,-1.968388,L6.mlp,0.000000,0.000000,0.000000,1.000000,norm_normal_functional_failure
glm4,phase291,L0,negation,morphological_neg,neg_incomplete,cross_battn_amlp,1.000000,0.012991,0.984798,0.971807,1.001579,0.000910,1101.128184,1.682612,-1.682612,L0.mlp,0.000000,0.000000,0.000000,1.000000,norm_normal_functional_failure
glm4,phase291,L0-L1,negation,morphological_neg,neg_incomplete,cross_battn_amlp,1.000000,0.010983,0.981193,0.970209,0.985042,0.000944,1043.926926,1.682612,-1.682612,L0.mlp,0.000000,0.000000,0.000000,1.000000,norm_normal_functional_failure
glm4,phase291,L0-L2,negation,morphological_neg,neg_incomplete,cross_battn_amlp,1.000000,0.004283,0.990765,0.986482,0.998684,0.001102,906.081332,1.827593,-1.827593,L2.mlp,0.000000,0.000000,0.000000,1.000000,norm_normal_functional_failure
glm4,phase291,L0-L4,negation,morphological_neg,neg_incomplete,cross_battn_amlp,1.000000,0.009430,0.991051,0.981621,0.953362,0.000655,1455.516847,1.827593,-1.827593,L2.mlp,0.000000,0.000000,0.000000,1.000000,norm_normal_functional_failure
glm4,phase291,L0-L8,negation,morphological_neg,neg_incomplete,cross_battn_amlp,1.000000,0.026965,0.991977,0.965012,0.993212,0.001173,846.443571,2.026127,-2.026127,L6.mlp,0.000000,0.000000,0.000000,1.000000,norm_normal_functional_failure
glm4,phase291,L4-L8,negation,morphological_neg,neg_incomplete,cross_battn_amlp,1.000000,0.013664,0.758616,0.744953,0.997764,0.040812,24.448044,2.026127,-2.026127,L6.mlp,0.000000,0.000000,0.000000,1.000000,norm_normal_functional_failure
glm4,phase291,L0,negation,morphological_neg,neg_irrelevant,cross_battn_amlp,1.000000,0.001262,0.979768,0.978506,0.999089,0.006435,155.250110,1.595765,-1.595765,L0.attn,0.000000,0.000000,0.000000,1.000000,norm_normal_functional_failure
glm4,phase291,L0-L1,negation,morphological_neg,neg_irrelevant,cross_battn_amlp,1.000000,0.001038,0.977444,0.976406,1.001964,0.003817,262.467816,1.595765,-1.595765,L0.attn,0.000000,0.000000,0.000000,1.000000,norm_normal_functional_failure
glm4,phase291,L0-L2,negation,morphological_neg,neg_irrelevant,cross_battn_amlp,1.000000,0.011360,0.978612,0.967252,1.005301,0.001786,563.000823,1.737058,-1.737058,L2.mlp,0.000000,0.000000,0.000000,1.000000,norm_normal_functional_failure
glm4,phase291,L0-L4,negation,morphological_neg,neg_irrelevant,cross_battn_amlp,1.000000,0.009858,0.985051,0.975193,0.983067,0.001367,719.180667,1.851667,-1.851667,L4.attn,0.000000,0.000000,0.000000,1.000000,norm_normal_functional_failure
glm4,phase291,L0-L8,negation,morphological_neg,neg_irrelevant,cross_battn_amlp,1.000000,-0.005745,0.995198,1.000943,1.004872,0.001716,585.426445,1.851667,-1.851667,L4.attn,0.000000,0.000000,0.000000,1.000000,norm_normal_functional_failure
glm4,phase291,L4-L8,negation,morphological_neg,neg_irrelevant,cross_battn_amlp,1.000000,0.003031,0.906103,0.903072,1.009989,0.044033,22.937211,1.851667,-1.851667,L4.attn,0.000000,0.000000,0.000000,1.000000,norm_normal_functional_failure
glm4,phase291,L0,negation,morphological_neg,neg_dishonest,cross_battn_amlp,1.000000,-0.001155,0.992916,0.994071,1.023332,0.009043,113.160965,1.555936,-1.555936,L0.attn,0.000000,0.000000,0.000000,1.000000,norm_normal_functional_failure
glm4,phase291,L0-L1,negation,morphological_neg,neg_dishonest,cross_battn_amlp,1.000000,0.014910,0.987367,0.972457,0.948714,0.004005,236.874160,1.723537,-1.723537,L1.mlp,0.000000,0.000000,0.000000,1.000000,norm_normal_functional_failure
glm4,phase291,L0-L2,negation,morphological_neg,neg_dishonest,cross_battn_amlp,1.000000,0.009595,1.007773,0.998179,0.964420,0.004431,217.658244,2.020921,-2.020921,L2.attn,0.000000,0.000000,0.000000,1.000000,norm_normal_functional_failure
glm4,phase291,L0-L4,negation,morphological_neg,neg_dishonest,cross_battn_amlp,1.000000,0.027480,1.012256,0.984776,0.942002,0.001655,569.189536,2.020921,-2.020921,L2.attn,0.000000,0.000000,0.000000,1.000000,norm_normal_functional_failure
glm4,phase291,L0-L8,negation,morphological_neg,neg_dishonest,cross_battn_amlp,1.000000,0.006155,1.008202,1.002047,0.998296,0.002237,446.333179,2.020921,-2.020921,L2.attn,0.000000,0.000000,0.000000,1.000000,norm_normal_functional_failure
glm4,phase291,L4-L8,negation,morphological_neg,neg_dishonest,cross_battn_amlp,1.000000,-0.000115,0.769211,0.769326,0.996206,0.162176,6.142732,1.939139,-1.939139,L7.mlp,0.000000,0.000000,0.000000,1.000000,norm_normal_functional_failure
glm4,phase291,L0,negation,morphological_neg,neg_incorrect,cross_battn_amlp,1.000000,-0.003244,0.963506,0.966749,1.002760,0.004071,246.338926,1.649049,-1.649049,L0.attn,0.000000,0.000000,0.000000,1.000000,norm_normal_functional_failure
glm4,phase291,L0-L1,negation,morphological_neg,neg_incorrect,cross_battn_amlp,1.000000,-0.002355,0.984706,0.987061,1.019233,0.001497,680.720018,1.649049,-1.649049,L0.attn,0.000000,0.000000,0.000000,1.000000,norm_normal_functional_failure
glm4,phase291,L0-L2,negation,morphological_neg,neg_incorrect,cross_battn_amlp,1.000000,0.011128,0.997138,0.986010,1.022004,0.001993,512.901047,1.925140,-1.925140,L2.mlp,0.000000,0.000000,0.000000,1.000000,norm_normal_functional_failure
glm4,phase291,L0-L4,negation,morphological_neg,neg_incorrect,cross_battn_amlp,1.000000,0.029222,1.003007,0.973785,0.937633,0.001404,667.853374,1.925140,-1.925140,L2.mlp,0.000000,0.000000,0.000000,1.000000,norm_normal_functional_failure
glm4,phase291,L0-L8,negation,morphological_neg,neg_incorrect,cross_battn_amlp,1.000000,0.070685,0.986765,0.916080,0.915488,0.001117,819.359210,1.925140,-1.925140,L2.mlp,0.000000,0.000000,0.000000,1.000000,norm_normal_functional_failure
glm4,phase291,L4-L8,negation,morphological_neg,neg_incorrect,cross_battn_amlp,1.000000,0.058926,0.800550,0.741624,0.958091,0.106574,8.989928,1.863580,-1.863580,L7.mlp,0.000000,0.000000,0.000000,1.000000,norm_normal_functional_failure
glm4,phase291,L0,negation,never,neg_seen_before,cross_battn_amlp,1.000000,0.028571,0.926107,0.897536,1.360483,0.019045,71.433816,2.025764,-2.025764,L0.mlp,0.000000,0.000000,0.000000,1.000000,norm_normal_functional_failure
glm4,phase291,L0-L1,negation,never,neg_seen_before,cross_battn_amlp,1.000000,-0.037142,0.947808,0.984951,1.372025,0.014311,95.872566,2.025764,-2.025764,L0.mlp,0.000000,0.000000,0.000000,1.000000,norm_normal_functional_failure
glm4,phase291,L0-L2,negation,never,neg_seen_before,cross_battn_amlp,1.000000,0.305334,0.949454,0.644120,0.399382,0.012981,30.767377,2.025764,-2.025764,L0.mlp,0.000000,0.000000,0.000000,1.000000,norm_normal_functional_failure
glm4,phase291,L0-L8,negation,never,neg_seen_before,cross_battn_amlp,1.000000,0.372506,0.984712,0.612206,0.395777,0.010710,36.954142,2.251646,2.251646,L4.mlp,0.000000,0.000000,0.000000,1.000000,norm_normal_functional_failure
glm4,phase291,L4-L8,negation,never,neg_seen_before,cross_battn_amlp,1.000000,0.203531,0.935025,0.731495,0.589404,0.019772,29.810184,2.251646,2.251646,L4.mlp,0.000000,0.000000,0.000000,1.000000,norm_normal_functional_failure
glm4,phase291,L0,negation,never,neg_been_paris,cross_battn_amlp,1.000000,0.000762,0.907588,0.906826,1.002613,0.028217,35.531844,0.634445,0.634445,L0.mlp,0.000000,0.000000,0.000000,1.000000,norm_normal_functional_failure
glm4,phase291,L0-L1,negation,never,neg_been_paris,cross_battn_amlp,1.000000,0.014494,0.946186,0.931692,0.932996,0.012960,71.993234,0.993695,-0.993695,L1.mlp,0.000000,0.000000,0.000000,1.000000,norm_normal_functional_failure
glm4,phase291,L0-L2,negation,never,neg_been_paris,cross_battn_amlp,1.000000,0.008461,0.952379,0.943918,0.974549,0.010663,91.394151,0.993695,-0.993695,L1.mlp,0.000000,0.000000,0.000000,1.000000,norm_normal_functional_failure
glm4,phase291,L0-L8,negation,never,neg_been_paris,cross_battn_amlp,1.000000,-0.046136,0.979847,1.025983,1.010902,0.008535,118.446932,1.753554,1.753554,L4.mlp,0.000000,0.000000,0.000000,1.000000,norm_normal_functional_failure
glm4,phase291,L4-L8,negation,never,neg_been_paris,cross_battn_amlp,1.000000,-0.041661,0.938581,0.980242,0.991888,0.012343,80.358574,1.753554,1.753554,L4.mlp,0.000000,0.000000,0.000000,1.000000,norm_normal_functional_failure
glm4,phase291,L0,negation,never,neg_told_secret,cross_battn_amlp,1.000000,0.307164,0.980588,0.673424,1.169033,0.026434,44.225420,1.145498,-1.145498,L0.mlp,0.000000,0.000000,0.000000,1.000000,norm_normal_functional_failure
glm4,phase291,L0-L1,negation,never,neg_told_secret,cross_battn_amlp,1.000000,0.357709,1.002830,0.645120,0.625090,0.027410,22.804816,1.145498,-1.145498,L0.mlp,0.000000,0.000000,0.000000,1.000000,norm_normal_functional_failure
glm4,phase291,L0-L2,negation,never,neg_told_secret,cross_battn_amlp,1.000000,0.267931,0.997094,0.729163,0.487930,0.031268,15.604681,1.145498,-1.145498,L0.mlp,0.000000,0.000000,0.000000,1.000000,norm_normal_functional_failure
glm4,phase291,L0-L4,negation,never,neg_told_secret,cross_battn_amlp,1.000000,0.323085,1.002209,0.679124,0.868547,0.045262,19.189475,1.525262,1.525262,L4.mlp,0.000000,0.000000,0.000000,1.000000,norm_normal_functional_failure
glm4,phase291,L0-L8,negation,never,neg_told_secret,cross_battn_amlp,1.000000,0.325236,1.013933,0.688697,0.723406,0.022828,31.689748,1.525262,1.525262,L4.mlp,0.000000,0.000000,0.000000,1.000000,norm_normal_functional_failure
glm4,phase291,L4-L8,negation,never,neg_told_secret,cross_battn_amlp,1.000000,0.300470,0.956835,0.656365,1.082446,0.032966,32.835114,1.525262,1.525262,L4.mlp,0.000000,0.000000,0.000000,1.000000,norm_normal_functional_failure
glm4,phase291,L0,negation,never,neg_gives_up,cross_battn_amlp,1.000000,0.002479,1.001321,0.998843,1.031611,0.002274,453.601568,1.677982,-1.677982,L0.attn,0.000000,0.000000,0.000000,1.000000,norm_normal_functional_failure
glm4,phase291,L0-L1,negation,never,neg_gives_up,cross_battn_amlp,1.000000,0.019842,0.989131,0.969289,1.021160,0.001629,626.892982,1.865214,-1.865214,L1.mlp,0.000000,0.000000,0.000000,1.000000,norm_normal_functional_failure
glm4,phase291,L0-L2,negation,never,neg_gives_up,cross_battn_amlp,1.000000,0.009385,1.001624,0.992240,1.026015,0.000939,1092.189919,1.865214,-1.865214,L1.mlp,0.000000,0.000000,0.000000,1.000000,norm_normal_functional_failure
glm4,phase291,L0-L4,negation,never,neg_gives_up,cross_battn_amlp,1.000000,0.371341,0.991600,0.620259,0.451141,0.000616,732.480511,1.865214,-1.865214,L1.mlp,0.000000,0.000000,0.000000,1.000000,norm_normal_functional_failure
glm4,phase291,L0-L8,negation,never,neg_gives_up,cross_battn_amlp,1.000000,0.346058,0.994120,0.648062,0.665785,0.000783,850.375814,1.865214,-1.865214,L1.mlp,0.000000,0.000000,0.000000,1.000000,norm_normal_functional_failure
glm4,phase291,L4-L8,negation,never,neg_gives_up,cross_battn_amlp,1.000000,0.278074,0.963828,0.685754,0.793502,0.012430,63.836686,1.750779,-1.750779,L7.mlp,0.000000,0.000000,0.000000,1.000000,norm_normal_functional_failure
glm4,phase291,L0,negation,never,neg_forgets_face,cross_battn_amlp,1.000000,-0.043067,0.989044,1.032111,1.034220,0.026259,39.384855,1.252994,-1.252994,L0.mlp,0.000000,0.000000,0.000000,1.000000,norm_normal_functional_failure
glm4,phase291,L0-L1,negation,never,neg_forgets_face,cross_battn_amlp,1.000000,-0.086324,1.002491,1.088815,1.043528,0.013080,79.781112,1.252994,-1.252994,L0.mlp,0.000000,0.000000,0.000000,1.000000,norm_normal_functional_failure
glm4,phase291,L0-L2,negation,never,neg_forgets_face,cross_battn_amlp,1.000000,-0.041544,1.007366,1.048910,0.991367,0.014059,70.516963,1.252994,-1.252994,L0.mlp,0.000000,0.000000,0.000000,1.000000,norm_normal_functional_failure
glm4,phase291,L0-L8,negation,never,neg_forgets_face,cross_battn_amlp,1.000000,0.410172,1.012837,0.602665,0.487994,0.008673,56.265903,1.888997,1.888997,L4.attn,0.000000,0.000000,0.000000,1.000000,norm_normal_functional_failure
glm4,phase291,L4-L8,negation,never,neg_forgets_face,cross_battn_amlp,1.000000,0.351368,1.027842,0.676474,0.591378,0.044810,13.197379,1.888997,1.888997,L4.attn,0.000000,0.000000,0.000000,1.000000,norm_normal_functional_failure
glm4,phase291,L0,negation,never,neg_late,cross_battn_amlp,1.000000,0.006662,1.011556,1.004895,0.983794,0.002684,366.587398,1.542031,-1.542031,L0.attn,0.000000,0.000000,0.000000,1.000000,norm_normal_functional_failure
glm4,phase291,L0-L1,negation,never,neg_late,cross_battn_amlp,1.000000,-0.004663,1.002185,1.006849,0.990689,0.001825,542.820374,1.870342,-1.870342,L1.mlp,0.000000,0.000000,0.000000,1.000000,norm_normal_functional_failure
glm4,phase291,L0-L2,negation,never,neg_late,cross_battn_amlp,1.000000,0.004011,1.004445,1.000434,0.979148,0.002021,484.536794,1.870342,-1.870342,L1.mlp,0.000000,0.000000,0.000000,1.000000,norm_normal_functional_failure
glm4,phase291,L0-L4,negation,never,neg_late,cross_battn_amlp,1.000000,0.172463,1.005065,0.832602,0.618761,0.001895,326.596604,1.870342,-1.870342,L1.mlp,0.000000,0.000000,0.000000,1.000000,norm_normal_functional_failure
glm4,phase291,L0-L8,negation,never,neg_late,cross_battn_amlp,1.000000,0.177520,1.009015,0.831495,0.610391,0.001163,524.882377,1.870342,-1.870342,L1.mlp,0.000000,0.000000,0.000000,1.000000,norm_normal_functional_failure
glm4,phase291,L4-L8,negation,never,neg_late,cross_battn_amlp,1.000000,0.128661,0.952001,0.823340,0.666435,0.020507,32.498077,1.680800,-1.680800,L8.attn,0.000000,0.000000,0.000000,1.000000,norm_normal_functional_failure
glm4,phase291,L0,negation,scope_quantifier,neg_not_all,cross_battn_amlp,1.000000,-0.033378,0.939209,0.972587,1.046128,0.018998,55.065011,1.160506,-1.160506,L0.attn,0.000000,0.000000,0.000000,1.000000,norm_normal_functional_failure
glm4,phase291,L0-L1,negation,scope_quantifier,neg_not_all,cross_battn_amlp,1.000000,0.314480,0.942374,0.627894,0.715060,0.018257,39.166698,1.216586,-1.216586,L1.mlp,0.000000,0.000000,0.000000,1.000000,norm_normal_functional_failure
glm4,phase291,L0-L2,negation,scope_quantifier,neg_not_all,cross_battn_amlp,1.000000,-0.053094,0.954862,1.007956,1.065263,0.015890,67.038286,1.216586,-1.216586,L1.mlp,0.000000,0.000000,0.000000,1.000000,norm_normal_functional_failure
glm4,phase291,L4-L8,negation,scope_quantifier,neg_not_all,cross_battn_amlp,1.000000,0.235717,0.939584,0.703867,0.974374,0.020725,47.014987,1.058466,-1.058466,L7.attn,0.000000,0.000000,0.000000,1.000000,norm_normal_functional_failure
glm4,phase291,L0,negation,scope_quantifier,neg_not_everyone,cross_battn_amlp,1.000000,0.254421,0.893293,0.638873,1.724167,0.010929,157.759032,2.235663,-2.235663,L0.attn,0.000000,0.000000,0.000000,1.000000,norm_normal_functional_failure
glm4,phase291,L0-L1,negation,scope_quantifier,neg_not_everyone,cross_battn_amlp,1.000000,0.188761,0.918638,0.729877,1.635567,0.008139,200.963930,2.235663,-2.235663,L0.attn,0.000000,0.000000,0.000000,1.000000,norm_normal_functional_failure
glm4,phase291,L0-L2,negation,scope_quantifier,neg_not_everyone,cross_battn_amlp,1.000000,0.118878,0.913922,0.795044,0.606143,0.009317,65.057021,2.235663,-2.235663,L0.attn,0.000000,0.000000,0.000000,1.000000,norm_normal_functional_failure
glm4,phase291,L0-L4,negation,scope_quantifier,neg_not_everyone,cross_battn_amlp,1.000000,0.266236,0.917220,0.650984,0.602764,0.010586,56.939030,2.235663,-2.235663,L0.attn,0.000000,0.000000,0.000000,1.000000,norm_normal_functional_failure
glm4,phase291,L0-L8,negation,scope_quantifier,neg_not_everyone,cross_battn_amlp,1.000000,0.318877,0.938790,0.619914,0.592858,0.012218,48.523636,2.357210,-2.357210,L5.mlp,0.000000,0.000000,0.000000,1.000000,norm_normal_functional_failure
glm4,phase291,L4-L8,negation,scope_quantifier,neg_not_everyone,cross_battn_amlp,1.000000,0.081623,0.968479,0.886856,0.796785,0.011841,67.289690,2.357210,-2.357210,L5.mlp,0.000000,0.000000,0.000000,1.000000,norm_normal_functional_failure
glm4,phase291,L0,negation,scope_quantifier,neg_not_always,cross_battn_amlp,1.000000,0.337624,0.914532,0.576908,1.681924,0.262347,6.411063,0.884190,0.884190,L0.mlp,0.000000,0.000000,0.000000,1.000000,norm_normal_functional_failure
glm4,phase291,L0-L1,negation,scope_quantifier,neg_not_always,cross_battn_amlp,1.000000,0.327703,0.920899,0.593196,1.807326,0.047605,37.964734,0.884190,0.884190,L0.mlp,0.000000,0.000000,0.000000,1.000000,norm_normal_functional_failure
glm4,phase291,L0-L2,negation,scope_quantifier,neg_not_always,cross_battn_amlp,1.000000,0.374070,0.929360,0.555290,0.928313,0.029235,31.753178,1.274418,1.274418,L2.attn,0.000000,0.000000,0.000000,1.000000,norm_normal_functional_failure
glm4,phase291,L0-L8,negation,scope_quantifier,neg_not_always,cross_battn_amlp,1.000000,0.309620,0.964687,0.655067,0.908792,0.022522,40.350506,1.338478,1.338478,L4.mlp,0.000000,0.000000,0.000000,1.000000,norm_normal_functional_failure
glm4,phase291,L4-L8,negation,scope_quantifier,neg_not_always,cross_battn_amlp,1.000000,0.243557,0.931406,0.687848,1.087138,0.047254,23.006406,1.338478,1.338478,L4.mlp,0.000000,0.000000,0.000000,1.000000,norm_normal_functional_failure
glm4,phase291,L0,negation,scope_quantifier,neg_not_entirely,cross_battn_amlp,1.000000,0.425552,0.997375,0.571823,2.501335,0.020315,123.126820,0.560414,-0.560414,L0.attn,0.000000,0.000000,0.000000,1.000000,norm_normal_functional_failure
glm4,phase291,L0-L1,negation,scope_quantifier,neg_not_entirely,cross_battn_amlp,1.000000,0.371407,0.993256,0.621849,1.176440,0.019240,61.145463,0.916834,-0.916834,L1.mlp,0.000000,0.000000,0.000000,1.000000,norm_normal_functional_failure
glm4,phase291,L0-L2,negation,scope_quantifier,neg_not_entirely,cross_battn_amlp,1.000000,0.464557,0.997564,0.533007,0.606452,0.015771,38.452433,0.916834,-0.916834,L1.mlp,0.000000,0.000000,0.000000,1.000000,norm_normal_functional_failure
glm4,phase291,L0-L4,negation,scope_quantifier,neg_not_entirely,cross_battn_amlp,1.000000,0.447504,0.997516,0.550013,1.471965,0.018137,81.158506,0.916834,-0.916834,L1.mlp,0.000000,0.000000,0.000000,1.000000,norm_normal_functional_failure
glm4,phase291,L0-L8,negation,scope_quantifier,neg_not_entirely,cross_battn_amlp,1.000000,0.268240,0.988329,0.720089,0.978850,0.011360,86.162806,0.916834,-0.916834,L1.mlp,0.000000,0.000000,0.000000,1.000000,norm_normal_functional_failure
glm4,phase291,L4-L8,negation,scope_quantifier,neg_not_entirely,cross_battn_amlp,1.000000,0.133119,0.896618,0.763499,1.031835,0.076061,13.565876,0.893597,-0.893597,L6.mlp,0.000000,0.000000,0.000000,1.000000,norm_normal_functional_failure
glm4,phase291,L0,negation,scope_quantifier,neg_not_necessarily,cross_battn_amlp,1.000000,0.014131,0.757011,0.742880,1.005017,0.127861,7.860217,2.369564,2.369564,L0.mlp,0.000000,0.000000,0.000000,1.000000,norm_normal_functional_failure
glm4,phase291,L0-L1,negation,scope_quantifier,neg_not_necessarily,cross_battn_amlp,1.000000,0.227203,0.786123,0.558920,0.983328,0.096207,10.220914,2.369564,2.369564,L0.mlp,0.000000,0.000000,0.000000,1.000000,norm_normal_functional_failure
glm4,phase291,L0-L2,negation,scope_quantifier,neg_not_necessarily,cross_battn_amlp,1.000000,0.267238,0.830461,0.563223,0.910944,0.064349,14.156289,2.369564,2.369564,L0.mlp,0.000000,0.000000,0.000000,1.000000,norm_normal_functional_failure
glm4,phase291,L4-L8,negation,scope_quantifier,neg_not_necessarily,cross_battn_amlp,1.000000,0.297980,0.905464,0.607484,0.944771,0.028172,33.535819,0.679321,-0.679321,L5.mlp,0.000000,0.000000,0.000000,1.000000,norm_normal_functional_failure
glm4,phase291,L0,negation,scope_quantifier,neg_not_completely,cross_battn_amlp,1.000000,-0.026696,1.015903,1.042599,1.078042,0.089816,12.002731,1.118781,-1.118781,L0.mlp,0.000000,0.000000,0.000000,1.000000,norm_normal_functional_failure
glm4,phase291,L0-L1,negation,scope_quantifier,neg_not_completely,cross_battn_amlp,1.000000,0.034935,1.008041,0.973106,0.995791,0.070514,14.121954,1.118781,-1.118781,L0.mlp,0.000000,0.000000,0.000000,1.000000,norm_normal_functional_failure
glm4,phase291,L0-L2,negation,scope_quantifier,neg_not_completely,cross_battn_amlp,1.000000,0.003036,1.003992,1.000956,1.058701,0.056301,18.804257,1.118781,-1.118781,L0.mlp,0.000000,0.000000,0.000000,1.000000,norm_normal_functional_failure
glm4,phase291,L0-L4,negation,scope_quantifier,neg_not_completely,cross_battn_amlp,1.000000,0.091204,0.956687,0.865483,1.001494,0.018023,55.566281,1.118781,-1.118781,L0.mlp,0.000000,0.000000,0.000000,1.000000,norm_normal_functional_failure
glm4,phase291,L0-L8,negation,scope_quantifier,neg_not_completely,cross_battn_amlp,1.000000,-0.015255,0.980542,0.995796,0.917348,0.031342,29.269239,1.118781,-1.118781,L0.mlp,0.000000,0.000000,0.000000,1.000000,norm_normal_functional_failure
glm4,phase291,L4-L8,negation,scope_quantifier,neg_not_completely,cross_battn_amlp,1.000000,0.048610,1.022306,0.973696,0.914585,0.063396,14.426446,0.825734,-0.825734,L5.attn,0.000000,0.000000,0.000000,1.000000,norm_normal_functional_failure
glm4,phase291,L0,negation,syntactic_do_not,neg_agree,cross_battn_amlp,1.000000,-0.044180,0.965267,1.009447,0.980209,0.029529,33.194832,0.474506,0.474506,L0.mlp,0.000000,0.000000,0.000000,1.000000,norm_normal_functional_failure
glm4,phase291,L0-L1,negation,syntactic_do_not,neg_agree,cross_battn_amlp,1.000000,-0.008428,0.990793,0.999221,1.031962,0.010003,103.163691,0.538921,0.538921,L1.mlp,0.000000,0.000000,0.000000,1.000000,norm_normal_functional_failure
glm4,phase291,L0-L2,negation,syntactic_do_not,neg_agree,cross_battn_amlp,1.000000,-0.025617,0.992386,1.018003,1.036726,0.009846,105.288775,1.114430,1.114430,L2.attn,0.000000,0.000000,0.000000,1.000000,norm_normal_functional_failure
glm4,phase291,L0-L4,negation,syntactic_do_not,neg_agree,cross_battn_amlp,1.000000,0.284211,0.995753,0.711542,0.751628,0.010093,74.473429,1.114430,1.114430,L2.attn,0.000000,0.000000,0.000000,1.000000,norm_normal_functional_failure
glm4,phase291,L0-L8,negation,syntactic_do_not,neg_agree,cross_battn_amlp,1.000000,0.034728,0.997707,0.962980,1.043441,0.007919,131.769702,1.114430,1.114430,L2.attn,0.000000,0.000000,0.000000,1.000000,norm_normal_functional_failure
glm4,phase291,L4-L8,negation,syntactic_do_not,neg_agree,cross_battn_amlp,1.000000,0.004367,0.972875,0.968508,1.024854,0.016446,62.315824,1.068678,1.068678,L4.mlp,0.000000,0.000000,0.000000,1.000000,norm_normal_functional_failure
glm4,phase291,L0,negation,syntactic_do_not,neg_remember,cross_battn_amlp,1.000000,-0.039261,0.981080,1.020341,0.984544,0.584143,1.685451,1.688822,-1.688822,L0.mlp,0.000000,0.000000,0.000000,1.000000,norm_normal_functional_failure
glm4,phase291,L0-L1,negation,syntactic_do_not,neg_remember,cross_battn_amlp,1.000000,0.004060,1.067779,1.063719,0.960095,0.453970,2.114886,1.688822,-1.688822,L0.mlp,0.000000,0.000000,0.000000,1.000000,norm_normal_functional_failure
glm4,phase291,L0-L2,negation,syntactic_do_not,neg_remember,cross_battn_amlp,1.000000,0.026676,1.135309,1.108633,1.021961,0.172178,5.935477,1.688822,-1.688822,L0.mlp,0.000000,0.000000,0.000000,1.000000,norm_normal_functional_failure
glm4,phase291,L0-L4,negation,syntactic_do_not,neg_remember,cross_battn_amlp,1.000000,0.283666,0.955070,0.671403,0.741376,0.018680,39.688613,1.753554,1.753554,L4.mlp,0.000000,0.000000,0.000000,1.000000,norm_normal_functional_failure
glm4,phase291,L0-L8,negation,syntactic_do_not,neg_remember,cross_battn_amlp,1.000000,0.280081,0.967942,0.687861,0.935188,0.018713,49.975396,1.753554,1.753554,L4.mlp,0.000000,0.000000,0.000000,1.000000,norm_normal_functional_failure
glm4,phase291,L4-L8,negation,syntactic_do_not,neg_remember,cross_battn_amlp,1.000000,0.191629,0.887160,0.695531,1.021610,0.052852,19.329710,1.753554,1.753554,L4.mlp,0.000000,0.000000,0.000000,1.000000,norm_normal_functional_failure
glm4,phase291,L0,negation,syntactic_do_not,neg_understand,cross_battn_amlp,1.000000,-0.052192,0.989322,1.041514,1.012123,0.032000,31.628721,1.162771,-1.162771,L0.mlp,0.000000,0.000000,0.000000,1.000000,norm_normal_functional_failure
glm4,phase291,L0-L1,negation,syntactic_do_not,neg_understand,cross_battn_amlp,1.000000,0.343325,1.018282,0.674958,0.647394,0.031237,20.725488,1.162771,-1.162771,L0.mlp,0.000000,0.000000,0.000000,1.000000,norm_normal_functional_failure
glm4,phase291,L0-L2,negation,syntactic_do_not,neg_understand,cross_battn_amlp,1.000000,0.004778,1.040496,1.035719,0.918672,0.025773,35.644334,1.162771,-1.162771,L0.mlp,0.000000,0.000000,0.000000,1.000000,norm_normal_functional_failure
glm4,phase291,L0-L4,negation,syntactic_do_not,neg_understand,cross_battn_amlp,1.000000,0.485522,1.044998,0.559476,0.373699,0.020060,18.629034,1.162771,-1.162771,L0.mlp,0.000000,0.000000,0.000000,1.000000,norm_normal_functional_failure
glm4,phase291,L0-L8,negation,syntactic_do_not,neg_understand,cross_battn_amlp,1.000000,0.119394,1.042588,0.923194,0.926916,0.016834,55.061843,1.162771,-1.162771,L0.mlp,0.000000,0.000000,0.000000,1.000000,norm_normal_functional_failure
glm4,phase291,L4-L8,negation,syntactic_do_not,neg_understand,cross_battn_amlp,1.000000,0.080150,1.020451,0.940300,0.957661,0.032707,29.280340,0.851097,-0.851097,L8.attn,0.000000,0.000000,0.000000,1.000000,norm_normal_functional_failure
glm4,phase291,L0,negation,syntactic_do_not,neg_know,cross_battn_amlp,1.000000,-0.065859,0.932721,0.998580,1.009349,0.033242,30.363445,0.375516,0.375516,L0.mlp,0.000000,0.000000,0.000000,1.000000,norm_normal_functional_failure
glm4,phase291,L0-L1,negation,syntactic_do_not,neg_know,cross_battn_amlp,1.000000,-0.049413,1.054547,1.103960,1.002818,0.029018,34.558107,0.960052,-0.960052,L1.mlp,0.000000,0.000000,0.000000,1.000000,norm_normal_functional_failure
glm4,phase291,L0-L2,negation,syntactic_do_not,neg_know,cross_battn_amlp,1.000000,-0.025445,1.061432,1.086878,0.977669,0.033254,29.400384,0.960052,-0.960052,L1.mlp,0.000000,0.000000,0.000000,1.000000,norm_normal_functional_failure
glm4,phase291,L0-L8,negation,syntactic_do_not,neg_know,cross_battn_amlp,1.000000,0.091421,1.009237,0.917816,0.967824,0.052284,18.510803,0.995964,-0.995964,L8.attn,0.000000,0.000000,0.000000,1.000000,norm_normal_functional_failure
glm4,phase291,L4-L8,negation,syntactic_do_not,neg_know,cross_battn_amlp,1.000000,0.035502,1.013517,0.978015,0.951894,0.030819,30.886810,0.995964,-0.995964,L8.attn,0.000000,0.000000,0.000000,1.000000,norm_normal_functional_failure
glm4,phase291,L0,negation,syntactic_do_not,neg_believe,cross_battn_amlp,1.000000,0.032551,0.858070,0.825519,0.953907,0.041413,23.034159,1.227059,-1.227059,L0.mlp,0.000000,0.000000,0.000000,1.000000,norm_normal_functional_failure
glm4,phase291,L0-L1,negation,syntactic_do_not,neg_believe,cross_battn_amlp,1.000000,0.048831,1.018683,0.969852,0.977846,0.014646,66.763203,1.227059,-1.227059,L0.mlp,0.000000,0.000000,0.000000,1.000000,norm_normal_functional_failure
glm4,phase291,L0-L2,negation,syntactic_do_not,neg_believe,cross_battn_amlp,1.000000,0.129033,1.060230,0.931197,1.009878,0.009358,107.910298,1.227059,-1.227059,L0.mlp,0.000000,0.000000,0.000000,1.000000,norm_normal_functional_failure
glm4,phase291,L0-L4,negation,syntactic_do_not,neg_believe,cross_battn_amlp,1.000000,0.527394,1.071906,0.544512,0.226216,0.006966,32.475292,1.227059,-1.227059,L0.mlp,0.000000,0.000000,0.000000,1.000000,norm_normal_functional_failure
glm4,phase291,L0-L8,negation,syntactic_do_not,neg_believe,cross_battn_amlp,1.000000,0.181458,1.024519,0.843061,0.977167,0.007110,137.439877,1.227059,-1.227059,L0.mlp,0.000000,0.000000,0.000000,1.000000,norm_normal_functional_failure
glm4,phase291,L4-L8,negation,syntactic_do_not,neg_believe,cross_battn_amlp,1.000000,0.030699,0.962089,0.931390,1.003948,0.022024,45.584723,1.162654,-1.162654,L5.mlp,0.000000,0.000000,0.000000,1.000000,norm_normal_functional_failure
glm4,phase291,L0,negation,syntactic_do_not,neg_support,cross_battn_amlp,1.000000,0.020965,0.889334,0.868369,1.012097,0.087776,11.530449,0.214824,-0.214824,L0.mlp,0.000000,0.000000,0.000000,1.000000,norm_normal_functional_failure
glm4,phase291,L0-L1,negation,syntactic_do_not,neg_support,cross_battn_amlp,1.000000,0.001854,0.899087,0.897233,1.027508,0.029841,34.432689,0.434750,-0.434750,L1.mlp,0.000000,0.000000,0.000000,1.000000,norm_normal_functional_failure
glm4,phase291,L0-L2,negation,syntactic_do_not,neg_support,cross_battn_amlp,1.000000,0.033275,0.948977,0.915703,1.042673,0.012287,84.862928,0.434750,-0.434750,L1.mlp,0.000000,0.000000,0.000000,1.000000,norm_normal_functional_failure
glm4,phase291,L0-L4,negation,syntactic_do_not,neg_support,cross_battn_amlp,1.000000,0.375317,0.960670,0.585353,0.870708,0.011690,74.485435,1.148316,-1.148316,L3.attn,0.000000,0.000000,0.000000,1.000000,norm_normal_functional_failure
glm4,phase291,L0-L8,negation,syntactic_do_not,neg_support,cross_battn_amlp,1.000000,0.313827,0.973872,0.660045,0.988274,0.009563,103.346890,1.148316,-1.148316,L3.attn,0.000000,0.000000,0.000000,1.000000,norm_normal_functional_failure
glm4,phase291,L4-L8,negation,syntactic_do_not,neg_support,cross_battn_amlp,1.000000,0.234728,1.019601,0.784873,1.080440,0.011806,91.516360,1.059124,-1.059124,L5.mlp,0.000000,0.000000,0.000000,1.000000,norm_normal_functional_failure
glm4,phase291,L0,negation,syntactic_do_not,neg_accept,cross_battn_amlp,1.000000,-0.057236,0.971325,1.028561,0.998879,0.044081,22.659896,0.616651,0.616651,L0.mlp,0.000000,0.000000,0.000000,1.000000,norm_normal_functional_failure
glm4,phase291,L0-L1,negation,syntactic_do_not,neg_accept,cross_battn_amlp,1.000000,-0.055330,1.004312,1.059642,0.978416,0.017680,55.340844,0.616651,0.616651,L0.mlp,0.000000,0.000000,0.000000,1.000000,norm_normal_functional_failure
glm4,phase291,L0-L2,negation,syntactic_do_not,neg_accept,cross_battn_amlp,1.000000,0.027599,1.034077,1.006478,0.997746,0.012416,80.356926,0.616651,0.616651,L0.mlp,0.000000,0.000000,0.000000,1.000000,norm_normal_functional_failure
glm4,phase291,L0-L8,negation,syntactic_do_not,neg_accept,cross_battn_amlp,1.000000,-0.005790,1.039365,1.045155,1.014368,0.011227,90.353204,0.923559,-0.923559,L3.attn,0.000000,0.000000,0.000000,1.000000,norm_normal_functional_failure
glm4,phase291,L4-L8,negation,syntactic_do_not,neg_accept,cross_battn_amlp,1.000000,-0.020145,1.038996,1.059141,0.988636,0.013113,75.394226,0.676936,-0.676936,L5.attn,0.000000,0.000000,0.000000,1.000000,norm_normal_functional_failure
glm4,phase291,L0,negation,syntactic_do_not,neg_expect,cross_battn_amlp,1.000000,-0.039978,0.936519,0.976497,1.050081,0.164979,6.364948,1.218935,-1.218935,L0.attn,0.000000,0.000000,0.000000,1.000000,norm_normal_functional_failure
glm4,phase291,L0-L1,negation,syntactic_do_not,neg_expect,cross_battn_amlp,1.000000,0.119736,0.902920,0.783185,0.975063,0.148658,6.559098,1.218935,-1.218935,L0.attn,0.000000,0.000000,0.000000,1.000000,norm_normal_functional_failure
glm4,phase291,L0-L2,negation,syntactic_do_not,neg_expect,cross_battn_amlp,1.000000,0.062175,0.893789,0.831613,0.962308,0.092566,10.395946,1.218935,-1.218935,L0.attn,0.000000,0.000000,0.000000,1.000000,norm_normal_functional_failure
glm4,phase291,L0-L4,negation,syntactic_do_not,neg_expect,cross_battn_amlp,1.000000,0.181910,0.908842,0.726933,1.139665,0.049306,23.113981,1.436386,-1.436386,L3.attn,0.000000,0.000000,0.000000,1.000000,norm_normal_functional_failure
glm4,phase291,L0-L8,negation,syntactic_do_not,neg_expect,cross_battn_amlp,1.000000,0.229358,0.951152,0.721794,0.974978,0.026655,36.577003,1.436386,-1.436386,L3.attn,0.000000,0.000000,0.000000,1.000000,norm_normal_functional_failure
glm4,phase291,L4-L8,negation,syntactic_do_not,neg_expect,cross_battn_amlp,1.000000,0.056141,0.935865,0.879725,1.088429,0.038399,28.345109,1.297937,-1.297937,L7.attn,0.000000,0.000000,0.000000,1.000000,norm_normal_functional_failure
glm4,phase291,L0,passive,by_phrase,pass_dog_cat,cross_battn_amlp,1.000000,-0.117798,0.936755,1.054554,1.013303,0.013438,75.405739,0.106441,-0.106441,L0.mlp,0.000000,0.000000,0.000000,1.000000,norm_normal_functional_failure
glm4,phase291,L0-L1,passive,by_phrase,pass_dog_cat,cross_battn_amlp,1.000000,-0.107087,0.952885,1.059972,0.992613,0.009461,104.914947,1.606627,1.606627,L1.mlp,0.000000,0.000000,0.000000,1.000000,norm_normal_functional_failure
glm4,phase291,L0-L2,passive,by_phrase,pass_dog_cat,cross_battn_amlp,1.000000,0.017186,0.956967,0.939781,0.883731,0.009709,91.019879,1.606627,1.606627,L1.mlp,0.000000,0.000000,0.000000,1.000000,norm_normal_functional_failure
glm4,phase291,L0-L4,passive,by_phrase,pass_dog_cat,cross_battn_amlp,1.000000,0.290108,0.955271,0.665163,0.534776,0.010724,49.867770,1.919585,1.919585,L4.mlp,0.000000,0.000000,0.000000,1.000000,norm_normal_functional_failure
glm4,phase291,L0-L8,passive,by_phrase,pass_dog_cat,cross_battn_amlp,1.000000,0.204892,0.961521,0.756629,0.721297,0.010143,71.109870,1.919585,1.919585,L4.mlp,0.000000,0.000000,0.000000,1.000000,norm_normal_functional_failure
glm4,phase291,L4-L8,passive,by_phrase,pass_dog_cat,cross_battn_amlp,1.000000,0.127837,0.991283,0.863446,0.872885,0.015374,56.776498,1.919585,1.919585,L4.mlp,0.000000,0.000000,0.000000,1.000000,norm_normal_functional_failure
glm4,phase291,L0,passive,by_phrase,pass_teacher_student,cross_battn_amlp,1.000000,-0.008816,1.194105,1.202921,1.010677,0.104804,9.643457,0.098718,-0.098718,L0.mlp,0.000000,0.000000,0.000000,1.000000,norm_normal_functional_failure
glm4,phase291,L0-L1,passive,by_phrase,pass_teacher_student,cross_battn_amlp,1.000000,-0.008522,1.169868,1.178390,0.987137,0.019376,50.947645,0.546402,0.546402,L1.mlp,0.000000,0.000000,0.000000,1.000000,norm_normal_functional_failure
glm4,phase291,L0-L2,passive,by_phrase,pass_teacher_student,cross_battn_amlp,1.000000,-0.007695,1.142054,1.149750,1.078325,0.016199,66.567069,0.546402,0.546402,L1.mlp,0.000000,0.000000,0.000000,1.000000,norm_normal_functional_failure
glm4,phase291,L0-L4,passive,by_phrase,pass_teacher_student,cross_battn_amlp,1.000000,0.549005,1.106135,0.557130,0.794450,0.013339,59.557481,1.006416,1.006416,L4.mlp,0.000000,0.000000,0.000000,1.000000,norm_normal_functional_failure
glm4,phase291,L0-L8,passive,by_phrase,pass_teacher_student,cross_battn_amlp,1.000000,0.030065,1.070938,1.040873,1.027108,0.007940,129.355742,1.477979,1.477979,L6.attn,0.000000,0.000000,0.000000,1.000000,norm_normal_functional_failure
glm4,phase291,L4-L8,passive,by_phrase,pass_teacher_student,cross_battn_amlp,1.000000,0.038179,0.967721,0.929542,0.986344,0.039554,24.936805,1.477979,1.477979,L6.attn,0.000000,0.000000,0.000000,1.000000,norm_normal_functional_failure
glm4,phase291,L0,passive,by_phrase,pass_author_book,cross_battn_amlp,1.000000,-0.003134,1.105448,1.108583,1.033688,0.119943,8.618197,0.548061,-0.548061,L0.mlp,0.000000,0.000000,0.000000,1.000000,norm_normal_functional_failure
glm4,phase291,L0-L1,passive,by_phrase,pass_author_book,cross_battn_amlp,1.000000,-0.001519,1.061707,1.063226,1.041159,0.035538,29.297079,0.604006,0.604006,L1.attn,0.000000,0.000000,0.000000,1.000000,norm_normal_functional_failure
glm4,phase291,L0-L2,passive,by_phrase,pass_author_book,cross_battn_amlp,1.000000,-0.002776,1.037330,1.040107,1.080696,0.031433,34.380454,1.156633,1.156633,L2.attn,0.000000,0.000000,0.000000,1.000000,norm_normal_functional_failure
glm4,phase291,L0-L8,passive,by_phrase,pass_author_book,cross_battn_amlp,1.000000,0.376388,1.025133,0.648745,0.993471,0.035932,27.648637,1.203578,1.203578,L4.mlp,0.000000,0.000000,0.000000,1.000000,norm_normal_functional_failure
glm4,phase291,L4-L8,passive,by_phrase,pass_author_book,cross_battn_amlp,1.000000,0.342804,0.858483,0.515679,1.114407,0.056576,19.697409,1.203578,1.203578,L4.mlp,0.000000,0.000000,0.000000,1.000000,norm_normal_functional_failure
glm4,phase291,L0,passive,by_phrase,pass_workers_bridge,cross_battn_amlp,1.000000,0.049074,0.768207,0.719132,1.060371,0.071873,14.753415,0.300925,-0.300925,L0.mlp,0.000000,0.000000,0.000000,1.000000,norm_normal_functional_failure
glm4,phase291,L0-L1,passive,by_phrase,pass_workers_bridge,cross_battn_amlp,1.000000,0.023934,0.821177,0.797243,0.975768,0.051410,18.980020,0.529157,0.529157,L1.mlp,0.000000,0.000000,0.000000,1.000000,norm_normal_functional_failure
glm4,phase291,L0-L2,passive,by_phrase,pass_workers_bridge,cross_battn_amlp,1.000000,0.064194,0.871404,0.807209,0.997487,0.035487,28.108618,0.529157,0.529157,L1.mlp,0.000000,0.000000,0.000000,1.000000,norm_normal_functional_failure
glm4,phase291,L0-L4,passive,by_phrase,pass_workers_bridge,cross_battn_amlp,1.000000,0.052152,0.910616,0.858464,1.042774,0.031952,32.635669,0.705486,0.705486,L4.mlp,0.000000,0.000000,0.000000,1.000000,norm_normal_functional_failure
glm4,phase291,L0-L8,passive,by_phrase,pass_workers_bridge,cross_battn_amlp,1.000000,0.243870,0.978444,0.734574,0.922259,0.021235,43.430838,0.705486,0.705486,L4.mlp,0.000000,0.000000,0.000000,1.000000,norm_normal_functional_failure
glm4,phase291,L4-L8,passive,by_phrase,pass_workers_bridge,cross_battn_amlp,1.000000,0.172729,0.889804,0.717076,0.917564,0.050993,17.994045,0.705486,0.705486,L4.mlp,0.000000,0.000000,0.000000,1.000000,norm_normal_functional_failure
glm4,phase291,L0,passive,by_phrase,pass_chef_meal,cross_battn_amlp,1.000000,0.002344,1.093043,1.090699,0.991784,0.183848,5.394578,0.526949,0.526949,L0.mlp,0.000000,0.000000,0.000000,1.000000,norm_normal_functional_failure
glm4,phase291,L0-L1,passive,by_phrase,pass_chef_meal,cross_battn_amlp,1.000000,0.029511,1.124726,1.095215,0.942552,0.149853,6.289834,1.795875,1.795875,L1.mlp,0.000000,0.000000,0.000000,1.000000,norm_normal_functional_failure
glm4,phase291,L0-L2,passive,by_phrase,pass_chef_meal,cross_battn_amlp,1.000000,0.008463,1.116645,1.108182,1.014433,0.062918,16.123139,1.795875,1.795875,L1.mlp,0.000000,0.000000,0.000000,1.000000,norm_normal_functional_failure
glm4,phase291,L0-L4,passive,by_phrase,pass_chef_meal,cross_battn_amlp,1.000000,0.004092,1.066922,1.062830,1.087374,0.025768,42.198916,1.795875,1.795875,L1.mlp,0.000000,0.000000,0.000000,1.000000,norm_normal_functional_failure
glm4,phase291,L0-L8,passive,by_phrase,pass_chef_meal,cross_battn_amlp,1.000000,0.047147,1.029269,0.982122,0.931196,0.020212,46.072001,1.795875,1.795875,L1.mlp,0.000000,0.000000,0.000000,1.000000,norm_normal_functional_failure
glm4,phase291,L4-L8,passive,by_phrase,pass_chef_meal,cross_battn_amlp,1.000000,0.004486,1.023486,1.018999,0.911688,0.030632,29.762663,0.736617,0.736617,L4.mlp,0.000000,0.000000,0.000000,1.000000,norm_normal_functional_failure
glm4,phase291,L0,passive,by_phrase,pass_artist_picture,cross_battn_amlp,1.000000,0.003467,1.003264,0.999797,1.013627,0.077293,13.114065,0.397380,0.397380,L0.mlp,0.000000,0.000000,0.000000,1.000000,norm_normal_functional_failure
glm4,phase291,L0-L1,passive,by_phrase,pass_artist_picture,cross_battn_amlp,1.000000,0.019119,1.028645,1.009526,0.988836,0.048105,20.555996,0.397380,0.397380,L0.mlp,0.000000,0.000000,0.000000,1.000000,norm_normal_functional_failure
glm4,phase291,L0-L2,passive,by_phrase,pass_artist_picture,cross_battn_amlp,1.000000,0.024213,1.050274,1.026061,1.054588,0.037027,28.481955,0.736803,0.736803,L2.attn,0.000000,0.000000,0.000000,1.000000,norm_normal_functional_failure
glm4,phase291,L0-L4,passive,by_phrase,pass_artist_picture,cross_battn_amlp,1.000000,0.236799,1.045214,0.808415,0.990647,0.032781,30.220359,1.170723,1.170723,L3.attn,0.000000,0.000000,0.000000,1.000000,norm_normal_functional_failure
glm4,phase291,L0-L8,passive,by_phrase,pass_artist_picture,cross_battn_amlp,1.000000,0.160640,1.055842,0.895202,0.924695,0.029899,30.927268,1.170723,1.170723,L3.attn,0.000000,0.000000,0.000000,1.000000,norm_normal_functional_failure
glm4,phase291,L4-L8,passive,by_phrase,pass_artist_picture,cross_battn_amlp,1.000000,0.061577,1.002074,0.940496,0.911462,0.041958,21.723047,0.964909,0.964909,L4.mlp,0.000000,0.000000,0.000000,1.000000,norm_normal_functional_failure
glm4,phase291,L0,passive,by_phrase,pass_storm_roof,cross_battn_amlp,1.000000,0.010355,1.093593,1.083238,1.064830,0.021195,50.240471,0.665285,0.665285,L0.mlp,0.000000,0.000000,0.000000,1.000000,norm_normal_functional_failure
glm4,phase291,L0-L1,passive,by_phrase,pass_storm_roof,cross_battn_amlp,1.000000,0.001387,1.068331,1.066944,0.986440,0.006270,157.328161,1.995122,1.995122,L1.mlp,0.000000,0.000000,0.000000,1.000000,norm_normal_functional_failure
glm4,phase291,L0-L2,passive,by_phrase,pass_storm_roof,cross_battn_amlp,1.000000,0.032557,1.062841,1.030284,1.043593,0.006033,172.979303,1.995122,1.995122,L1.mlp,0.000000,0.000000,0.000000,1.000000,norm_normal_functional_failure
glm4,phase291,L0-L4,passive,by_phrase,pass_storm_roof,cross_battn_amlp,1.000000,0.064536,1.056121,0.991585,1.034050,0.006835,151.290899,1.995122,1.995122,L1.mlp,0.000000,0.000000,0.000000,1.000000,norm_normal_functional_failure
glm4,phase291,L0-L8,passive,by_phrase,pass_storm_roof,cross_battn_amlp,1.000000,0.275584,1.052284,0.776700,0.838747,0.007159,117.156188,1.995122,1.995122,L1.mlp,0.000000,0.000000,0.000000,1.000000,norm_normal_functional_failure
glm4,phase291,L4-L8,passive,by_phrase,pass_storm_roof,cross_battn_amlp,1.000000,0.171610,1.049647,0.878037,0.853946,0.015326,55.717256,1.369608,1.369608,L4.mlp,0.000000,0.000000,0.000000,1.000000,norm_normal_functional_failure
glm4,phase291,L0,passive,by_phrase,pass_police_driver,cross_battn_amlp,1.000000,0.015793,0.998731,0.982938,1.020403,0.024253,42.073537,0.181188,0.181188,L0.mlp,0.000000,0.000000,0.000000,1.000000,norm_normal_functional_failure
glm4,phase291,L0-L1,passive,by_phrase,pass_police_driver,cross_battn_amlp,1.000000,-0.016238,0.986599,1.002837,0.991999,0.008947,110.877242,0.433921,0.433921,L1.mlp,0.000000,0.000000,0.000000,1.000000,norm_normal_functional_failure
glm4,phase291,L0-L2,passive,by_phrase,pass_police_driver,cross_battn_amlp,1.000000,-0.006834,0.983576,0.990409,1.052066,0.007382,142.523394,0.561507,0.561507,L2.mlp,0.000000,0.000000,0.000000,1.000000,norm_normal_functional_failure
glm4,phase291,L0-L4,passive,by_phrase,pass_police_driver,cross_battn_amlp,1.000000,0.082441,0.978610,0.896169,1.068748,0.006618,161.495977,0.964909,0.964909,L4.mlp,0.000000,0.000000,0.000000,1.000000,norm_normal_functional_failure
glm4,phase291,L0-L8,passive,by_phrase,pass_police_driver,cross_battn_amlp,1.000000,0.228515,0.983354,0.754839,1.017334,0.006337,160.538986,0.964909,0.964909,L4.mlp,0.000000,0.000000,0.000000,1.000000,norm_normal_functional_failure
glm4,phase291,L4-L8,passive,by_phrase,pass_police_driver,cross_battn_amlp,1.000000,0.108451,0.982515,0.874064,0.963704,0.010845,88.858692,0.964909,0.964909,L4.mlp,0.000000,0.000000,0.000000,1.000000,norm_normal_functional_failure
glm4,phase291,L0,passive,dative_passive,pass_gift_given,cross_battn_amlp,1.000000,0.015234,1.011292,0.996058,0.991566,0.101350,9.783534,0.890629,0.890629,L0.attn,0.000000,0.000000,0.000000,1.000000,norm_normal_functional_failure
glm4,phase291,L0-L1,passive,dative_passive,pass_gift_given,cross_battn_amlp,1.000000,0.017853,0.981548,0.963695,0.956406,0.067233,14.225280,1.483538,1.483538,L1.attn,0.000000,0.000000,0.000000,1.000000,norm_normal_functional_failure
glm4,phase291,L0-L2,passive,dative_passive,pass_gift_given,cross_battn_amlp,1.000000,0.023220,0.989624,0.966403,0.994760,0.027238,36.520594,1.483538,1.483538,L1.attn,0.000000,0.000000,0.000000,1.000000,norm_normal_functional_failure
glm4,phase291,L0-L4,passive,dative_passive,pass_gift_given,cross_battn_amlp,1.000000,0.156375,0.978569,0.822194,1.018876,0.026488,38.465154,1.878077,1.878077,L4.mlp,0.000000,0.000000,0.000000,1.000000,norm_normal_functional_failure
glm4,phase291,L0-L8,passive,dative_passive,pass_gift_given,cross_battn_amlp,1.000000,-0.022126,0.967890,0.990017,1.013125,0.022231,45.572876,1.878077,1.878077,L4.mlp,0.000000,0.000000,0.000000,1.000000,norm_normal_functional_failure
glm4,phase291,L4-L8,passive,dative_passive,pass_gift_given,cross_battn_amlp,1.000000,0.000609,1.000124,0.999514,0.991590,0.018027,55.005597,1.878077,1.878077,L4.mlp,0.000000,0.000000,0.000000,1.000000,norm_normal_functional_failure
glm4,phase291,L0,passive,dative_passive,pass_award_given,cross_battn_amlp,1.000000,0.022242,1.070511,1.048268,1.030551,0.065707,15.684058,0.676834,0.676834,L0.attn,0.000000,0.000000,0.000000,1.000000,norm_normal_functional_failure
glm4,phase291,L0-L1,passive,dative_passive,pass_award_given,cross_battn_amlp,1.000000,0.012777,1.069413,1.056636,1.007472,0.031755,31.725905,1.867342,1.867342,L1.attn,0.000000,0.000000,0.000000,1.000000,norm_normal_functional_failure
glm4,phase291,L0-L2,passive,dative_passive,pass_award_given,cross_battn_amlp,1.000000,0.026599,1.038579,1.011980,1.041756,0.009359,111.307335,1.867342,1.867342,L1.attn,0.000000,0.000000,0.000000,1.000000,norm_normal_functional_failure
glm4,phase291,L0-L4,passive,dative_passive,pass_award_given,cross_battn_amlp,1.000000,0.226975,1.033973,0.806998,0.987720,0.006751,146.315227,2.054484,2.054484,L4.mlp,0.000000,0.000000,0.000000,1.000000,norm_normal_functional_failure
glm4,phase291,L0-L8,passive,dative_passive,pass_award_given,cross_battn_amlp,1.000000,0.263294,1.037644,0.774350,1.140812,0.007212,158.191137,2.054484,2.054484,L4.mlp,0.000000,0.000000,0.000000,1.000000,norm_normal_functional_failure
glm4,phase291,L4-L8,passive,dative_passive,pass_award_given,cross_battn_amlp,1.000000,0.139582,0.967895,0.828312,0.919583,0.024873,36.970813,2.054484,2.054484,L4.mlp,0.000000,0.000000,0.000000,1.000000,norm_normal_functional_failure
glm4,phase291,L0,passive,dative_passive,pass_offer_made,cross_battn_amlp,1.000000,-0.008119,1.160914,1.169033,1.086864,0.126030,8.623873,0.899510,-0.899510,L0.mlp,0.000000,0.000000,0.000000,1.000000,norm_normal_functional_failure
glm4,phase291,L0-L1,passive,dative_passive,pass_offer_made,cross_battn_amlp,1.000000,-0.022562,1.197613,1.220175,1.032329,0.042552,24.260611,1.094772,1.094772,L1.attn,0.000000,0.000000,0.000000,1.000000,norm_normal_functional_failure
glm4,phase291,L0-L2,passive,dative_passive,pass_offer_made,cross_battn_amlp,1.000000,0.432250,1.130874,0.698624,0.800953,0.006748,118.700105,1.094772,1.094772,L1.attn,0.000000,0.000000,0.000000,1.000000,norm_normal_functional_failure
glm4,phase291,L0-L4,passive,dative_passive,pass_offer_made,cross_battn_amlp,1.000000,0.336231,1.130551,0.794320,0.561895,0.005572,100.839796,2.479938,2.479938,L4.mlp,0.000000,0.000000,0.000000,1.000000,norm_normal_functional_failure
glm4,phase291,L0-L8,passive,dative_passive,pass_offer_made,cross_battn_amlp,1.000000,0.278062,1.153325,0.875263,1.131302,0.007408,152.719609,2.479938,2.479938,L4.mlp,0.000000,0.000000,0.000000,1.000000,norm_normal_functional_failure
glm4,phase291,L4-L8,passive,dative_passive,pass_offer_made,cross_battn_amlp,1.000000,0.159275,1.168614,1.009339,1.082725,0.019701,54.958048,2.479938,2.479938,L4.mlp,0.000000,0.000000,0.000000,1.000000,norm_normal_functional_failure
glm4,phase291,L0,passive,dative_passive,pass_task_assigned,cross_battn_amlp,1.000000,-0.017371,1.127087,1.144457,1.020974,0.035038,29.139042,0.807508,0.807508,L0.attn,0.000000,0.000000,0.000000,1.000000,norm_normal_functional_failure
glm4,phase291,L0-L1,passive,dative_passive,pass_task_assigned,cross_battn_amlp,1.000000,0.128285,1.116729,0.988443,0.961887,0.027105,35.487230,0.807508,0.807508,L0.attn,0.000000,0.000000,0.000000,1.000000,norm_normal_functional_failure
glm4,phase291,L0-L2,passive,dative_passive,pass_task_assigned,cross_battn_amlp,1.000000,0.167292,1.070749,0.903456,0.929250,0.013302,69.856795,0.807508,0.807508,L0.attn,0.000000,0.000000,0.000000,1.000000,norm_normal_functional_failure
glm4,phase291,L0-L4,passive,dative_passive,pass_task_assigned,cross_battn_amlp,1.000000,0.511941,1.050617,0.538676,0.336008,0.007662,43.853928,2.220515,2.220515,L4.mlp,0.000000,0.000000,0.000000,1.000000,norm_normal_functional_failure
glm4,phase291,L0-L8,passive,dative_passive,pass_task_assigned,cross_battn_amlp,1.000000,0.264785,1.048686,0.783901,0.867552,0.005452,159.117007,2.220515,2.220515,L4.mlp,0.000000,0.000000,0.000000,1.000000,norm_normal_functional_failure
glm4,phase291,L4-L8,passive,dative_passive,pass_task_assigned,cross_battn_amlp,1.000000,0.181678,1.018224,0.836545,0.967784,0.004005,241.667767,2.220515,2.220515,L4.mlp,0.000000,0.000000,0.000000,1.000000,norm_normal_functional_failure
glm4,phase291,L0,passive,dative_passive,pass_ticket_sent,cross_battn_amlp,1.000000,0.011064,1.195818,1.184754,0.969356,0.061607,15.734542,0.937997,0.937997,L0.attn,0.000000,0.000000,0.000000,1.000000,norm_normal_functional_failure
glm4,phase291,L0-L1,passive,dative_passive,pass_ticket_sent,cross_battn_amlp,1.000000,0.444374,1.199915,0.755541,0.691241,0.034216,20.202095,1.316879,1.316879,L1.attn,0.000000,0.000000,0.000000,1.000000,norm_normal_functional_failure
glm4,phase291,L0-L2,passive,dative_passive,pass_ticket_sent,cross_battn_amlp,1.000000,0.032247,1.168233,1.135986,0.974500,0.007359,132.427922,1.316879,1.316879,L1.attn,0.000000,0.000000,0.000000,1.000000,norm_normal_functional_failure
glm4,phase291,L0-L4,passive,dative_passive,pass_ticket_sent,cross_battn_amlp,1.000000,0.427616,1.137204,0.709588,0.824010,0.007119,115.752694,2.241269,2.241269,L4.mlp,0.000000,0.000000,0.000000,1.000000,norm_normal_functional_failure
glm4,phase291,L0-L8,passive,dative_passive,pass_ticket_sent,cross_battn_amlp,1.000000,0.233351,1.125658,0.892306,0.959474,0.007502,127.896659,2.241269,2.241269,L4.mlp,0.000000,0.000000,0.000000,1.000000,norm_normal_functional_failure
glm4,phase291,L4-L8,passive,dative_passive,pass_ticket_sent,cross_battn_amlp,1.000000,0.119848,1.102949,0.983100,0.934774,0.009335,100.136937,2.241269,2.241269,L4.mlp,0.000000,0.000000,0.000000,1.000000,norm_normal_functional_failure
glm4,phase291,L0,passive,dative_passive,pass_chance_given,cross_battn_amlp,1.000000,-0.011502,1.109867,1.121369,0.969191,0.178624,5.425870,0.856438,0.856438,L0.attn,0.000000,0.000000,0.000000,1.000000,norm_normal_functional_failure
glm4,phase291,L0-L1,passive,dative_passive,pass_chance_given,cross_battn_amlp,1.000000,-0.038301,1.155445,1.193746,0.920982,0.032179,28.620553,1.335093,1.335093,L1.attn,0.000000,0.000000,0.000000,1.000000,norm_normal_functional_failure
glm4,phase291,L0-L2,passive,dative_passive,pass_chance_given,cross_battn_amlp,1.000000,-0.007043,1.108344,1.115387,0.970557,0.028207,34.408043,1.607623,1.607623,L2.mlp,0.000000,0.000000,0.000000,1.000000,norm_normal_functional_failure
glm4,phase291,L0-L4,passive,dative_passive,pass_chance_given,cross_battn_amlp,1.000000,0.569779,1.114747,0.544968,0.357367,0.025486,14.021823,2.313907,2.313907,L4.mlp,0.000000,0.000000,0.000000,1.000000,norm_normal_functional_failure
glm4,phase291,L0-L8,passive,dative_passive,pass_chance_given,cross_battn_amlp,1.000000,0.559975,1.125195,0.565220,0.800511,0.025886,30.923901,2.313907,2.313907,L4.mlp,0.000000,0.000000,0.000000,1.000000,norm_normal_functional_failure
glm4,phase291,L4-L8,passive,dative_passive,pass_chance_given,cross_battn_amlp,1.000000,0.423671,1.168307,0.744636,0.730661,0.033151,22.040134,2.313907,2.313907,L4.mlp,0.000000,0.000000,0.000000,1.000000,norm_normal_functional_failure
glm4,phase291,L0,passive,dative_passive,pass_warning_given,cross_battn_amlp,1.000000,0.000372,1.116060,1.115689,0.997464,0.085430,11.675816,0.849704,0.849704,L0.attn,0.000000,0.000000,0.000000,1.000000,norm_normal_functional_failure
glm4,phase291,L0-L1,passive,dative_passive,pass_warning_given,cross_battn_amlp,1.000000,-0.022496,1.153425,1.175921,0.988889,0.013682,72.277831,1.910732,1.910732,L1.mlp,0.000000,0.000000,0.000000,1.000000,norm_normal_functional_failure
glm4,phase291,L0-L2,passive,dative_passive,pass_warning_given,cross_battn_amlp,1.000000,-0.010135,1.099671,1.109806,1.005007,0.013218,76.034367,1.910732,1.910732,L1.mlp,0.000000,0.000000,0.000000,1.000000,norm_normal_functional_failure
glm4,phase291,L0-L4,passive,dative_passive,pass_warning_given,cross_battn_amlp,1.000000,0.046118,1.092116,1.045999,1.011444,0.013807,73.255489,1.971469,1.971469,L4.mlp,0.000000,0.000000,0.000000,1.000000,norm_normal_functional_failure
glm4,phase291,L0-L8,passive,dative_passive,pass_warning_given,cross_battn_amlp,1.000000,0.263775,1.082400,0.818624,0.909977,0.010999,82.733754,1.971469,1.971469,L4.mlp,0.000000,0.000000,0.000000,1.000000,norm_normal_functional_failure
glm4,phase291,L4-L8,passive,dative_passive,pass_warning_given,cross_battn_amlp,1.000000,0.168710,1.084430,0.915720,0.890184,0.020682,43.040496,1.971469,1.971469,L4.mlp,0.000000,0.000000,0.000000,1.000000,norm_normal_functional_failure
glm4,phase291,L0,passive,dative_passive,pass_role_offered,cross_battn_amlp,1.000000,0.011629,1.059377,1.047748,0.975793,0.112335,8.686461,0.658795,0.658795,L0.attn,0.000000,0.000000,0.000000,1.000000,norm_normal_functional_failure
glm4,phase291,L0-L1,passive,dative_passive,pass_role_offered,cross_battn_amlp,1.000000,-0.019581,1.060384,1.079964,0.956050,0.066760,14.320696,1.863091,1.863091,L1.mlp,0.000000,0.000000,0.000000,1.000000,norm_normal_functional_failure
glm4,phase291,L0-L2,passive,dative_passive,pass_role_offered,cross_battn_amlp,1.000000,0.244364,1.080887,0.836524,1.046219,0.030662,34.121443,1.863091,1.863091,L1.mlp,0.000000,0.000000,0.000000,1.000000,norm_normal_functional_failure
glm4,phase291,L0-L4,passive,dative_passive,pass_role_offered,cross_battn_amlp,1.000000,0.397699,1.078105,0.680406,0.320450,0.018631,17.200157,2.635591,2.635591,L4.mlp,0.000000,0.000000,0.000000,1.000000,norm_normal_functional_failure
glm4,phase291,L0-L8,passive,dative_passive,pass_role_offered,cross_battn_amlp,1.000000,0.454780,1.082197,0.627417,0.569682,0.015361,37.087247,2.635591,2.635591,L4.mlp,0.000000,0.000000,0.000000,1.000000,norm_normal_functional_failure
glm4,phase291,L4-L8,passive,dative_passive,pass_role_offered,cross_battn_amlp,1.000000,0.345963,1.021685,0.675723,0.772011,0.039899,19.349073,2.635591,2.635591,L4.mlp,0.000000,0.000000,0.000000,1.000000,norm_normal_functional_failure
glm4,phase291,L0,passive,get_passive,pass_get_hired,cross_battn_amlp,1.000000,0.169514,1.052333,0.882818,2.018864,0.205182,9.839387,0.746951,-0.746951,L0.attn,0.000000,0.000000,0.000000,1.000000,norm_normal_functional_failure
glm4,phase291,L0-L1,passive,get_passive,pass_get_hired,cross_battn_amlp,1.000000,0.193830,1.073241,0.879411,1.968254,0.064565,30.484643,0.885829,0.885829,L1.attn,0.000000,0.000000,0.000000,1.000000,norm_normal_functional_failure
glm4,phase291,L0-L2,passive,get_passive,pass_get_hired,cross_battn_amlp,1.000000,0.205998,1.071167,0.865169,1.922323,0.038995,49.296513,0.885829,0.885829,L1.attn,0.000000,0.000000,0.000000,1.000000,norm_normal_functional_failure
glm4,phase291,L0-L4,passive,get_passive,pass_get_hired,cross_battn_amlp,1.000000,0.191157,1.078856,0.887699,0.913664,0.034005,26.868310,0.885829,0.885829,L1.attn,0.000000,0.000000,0.000000,1.000000,norm_normal_functional_failure
glm4,phase291,L0-L8,passive,get_passive,pass_get_hired,cross_battn_amlp,1.000000,0.177697,1.067910,0.890213,0.860524,0.024681,34.865590,0.917820,-0.917820,L7.mlp,0.000000,0.000000,0.000000,1.000000,norm_normal_functional_failure
glm4,phase291,L4-L8,passive,get_passive,pass_get_hired,cross_battn_amlp,1.000000,0.124519,1.074937,0.950418,0.967411,0.052042,18.589214,0.917820,-0.917820,L7.mlp,0.000000,0.000000,0.000000,1.000000,norm_normal_functional_failure
glm4,phase291,L0,passive,get_passive,pass_get_promoted,cross_battn_amlp,1.000000,-0.068314,1.034679,1.102993,0.995026,0.116484,8.542168,0.869140,-0.869140,L0.mlp,0.000000,0.000000,0.000000,1.000000,norm_normal_functional_failure
glm4,phase291,L0-L1,passive,get_passive,pass_get_promoted,cross_battn_amlp,1.000000,-0.058957,1.046375,1.105332,0.945865,0.092821,10.190244,0.869140,-0.869140,L0.mlp,0.000000,0.000000,0.000000,1.000000,norm_normal_functional_failure
glm4,phase291,L0-L2,passive,get_passive,pass_get_promoted,cross_battn_amlp,1.000000,0.206149,1.059220,0.853071,0.938944,0.039887,23.539873,0.869140,-0.869140,L0.mlp,0.000000,0.000000,0.000000,1.000000,norm_normal_functional_failure
glm4,phase291,L0-L4,passive,get_passive,pass_get_promoted,cross_battn_amlp,1.000000,0.258865,1.056629,0.797764,0.706006,0.013856,50.951588,0.869140,-0.869140,L0.mlp,0.000000,0.000000,0.000000,1.000000,norm_normal_functional_failure
glm4,phase291,L0-L8,passive,get_passive,pass_get_promoted,cross_battn_amlp,1.000000,0.334064,1.082375,0.748310,0.658232,0.010026,65.654245,0.869140,-0.869140,L0.mlp,0.000000,0.000000,0.000000,1.000000,norm_normal_functional_failure
glm4,phase291,L4-L8,passive,get_passive,pass_get_promoted,cross_battn_amlp,1.000000,0.130534,1.102243,0.971709,0.912031,0.017450,52.264556,0.653865,-0.653865,L5.attn,0.000000,0.000000,0.000000,1.000000,norm_normal_functional_failure
glm4,phase291,L0,passive,get_passive,pass_get_paid,cross_battn_amlp,1.000000,-0.039416,1.076055,1.115471,1.144936,0.014069,81.382803,0.296907,-0.296907,L0.mlp,0.000000,0.000000,0.000000,1.000000,norm_normal_functional_failure
glm4,phase291,L0-L1,passive,get_passive,pass_get_paid,cross_battn_amlp,1.000000,-0.003799,1.075908,1.079707,1.162348,0.007883,147.456547,0.827500,0.827500,L1.attn,0.000000,0.000000,0.000000,1.000000,norm_normal_functional_failure
glm4,phase291,L0-L2,passive,get_passive,pass_get_paid,cross_battn_amlp,1.000000,0.035075,1.071343,1.036268,1.132695,0.008144,139.081204,0.827500,0.827500,L1.attn,0.000000,0.000000,0.000000,1.000000,norm_normal_functional_failure
glm4,phase291,L0-L4,passive,get_passive,pass_get_paid,cross_battn_amlp,1.000000,0.195041,1.065845,0.870804,0.702682,0.007671,91.599475,0.850763,0.850763,L4.mlp,0.000000,0.000000,0.000000,1.000000,norm_normal_functional_failure
glm4,phase291,L0-L8,passive,get_passive,pass_get_paid,cross_battn_amlp,1.000000,0.208142,1.058118,0.849977,0.584037,0.012585,46.408882,0.850763,0.850763,L4.mlp,0.000000,0.000000,0.000000,1.000000,norm_normal_functional_failure
glm4,phase291,L4-L8,passive,get_passive,pass_get_paid,cross_battn_amlp,1.000000,0.137493,1.039102,0.901609,0.621108,0.023148,26.831601,0.850763,0.850763,L4.mlp,0.000000,0.000000,0.000000,1.000000,norm_normal_functional_failure
glm4,phase291,L0,passive,get_passive,pass_get_selected,cross_battn_amlp,1.000000,-0.007875,1.104878,1.112753,1.062291,0.019596,54.210589,0.314176,-0.314176,L0.attn,0.000000,0.000000,0.000000,1.000000,norm_normal_functional_failure
glm4,phase291,L0-L1,passive,get_passive,pass_get_selected,cross_battn_amlp,1.000000,-0.021973,1.071882,1.093855,1.067632,0.016881,63.243773,0.652869,0.652869,L1.attn,0.000000,0.000000,0.000000,1.000000,norm_normal_functional_failure
glm4,phase291,L0-L2,passive,get_passive,pass_get_selected,cross_battn_amlp,1.000000,0.081616,1.053978,0.972362,1.038413,0.014546,71.389882,0.818956,0.818956,L2.mlp,0.000000,0.000000,0.000000,1.000000,norm_normal_functional_failure
glm4,phase291,L0-L4,passive,get_passive,pass_get_selected,cross_battn_amlp,1.000000,0.099815,1.050531,0.950715,1.136204,0.005294,214.618083,1.054889,1.054889,L4.attn,0.000000,0.000000,0.000000,1.000000,norm_normal_functional_failure
glm4,phase291,L4-L8,passive,get_passive,pass_get_selected,cross_battn_amlp,1.000000,0.490602,1.000963,0.510360,0.576636,0.021453,26.879168,1.054889,1.054889,L4.attn,0.000000,0.000000,0.000000,1.000000,norm_normal_functional_failure
glm4,phase291,L0,passive,get_passive,pass_get_invited,cross_battn_amlp,1.000000,-0.064644,1.092601,1.157245,0.981755,0.033454,29.346381,1.009615,-1.009615,L0.mlp,0.000000,0.000000,0.000000,1.000000,norm_normal_functional_failure
glm4,phase291,L0-L1,passive,get_passive,pass_get_invited,cross_battn_amlp,1.000000,-0.044375,1.115695,1.160070,0.969067,0.021561,44.944797,1.009615,-1.009615,L0.mlp,0.000000,0.000000,0.000000,1.000000,norm_normal_functional_failure
glm4,phase291,L0-L2,passive,get_passive,pass_get_invited,cross_battn_amlp,1.000000,-0.017942,1.094865,1.112806,0.993861,0.011720,84.799536,1.009615,-1.009615,L0.mlp,0.000000,0.000000,0.000000,1.000000,norm_normal_functional_failure
glm4,phase291,L0-L4,passive,get_passive,pass_get_invited,cross_battn_amlp,1.000000,0.409580,1.100610,0.691030,0.446330,0.011031,40.462858,1.009615,-1.009615,L0.mlp,0.000000,0.000000,0.000000,1.000000,norm_normal_functional_failure
glm4,phase291,L0-L8,passive,get_passive,pass_get_invited,cross_battn_amlp,1.000000,0.511988,1.103254,0.591266,0.273798,0.007614,35.961355,1.009615,-1.009615,L0.mlp,0.000000,0.000000,0.000000,1.000000,norm_normal_functional_failure
glm4,phase291,L4-L8,passive,get_passive,pass_get_invited,cross_battn_amlp,1.000000,0.487370,1.122798,0.635428,0.418532,0.011483,36.448284,0.626399,-0.626399,L5.mlp,0.000000,0.000000,0.000000,1.000000,norm_normal_functional_failure
glm4,phase291,L0,passive,get_passive,pass_get_caught,cross_battn_amlp,1.000000,-0.010608,1.124314,1.134922,1.035932,0.050256,20.612935,1.714517,1.714517,L0.mlp,0.000000,0.000000,0.000000,1.000000,norm_normal_functional_failure
glm4,phase291,L0-L1,passive,get_passive,pass_get_caught,cross_battn_amlp,1.000000,0.011638,1.101798,1.090160,1.047358,0.020810,50.328700,1.714517,1.714517,L0.mlp,0.000000,0.000000,0.000000,1.000000,norm_normal_functional_failure
glm4,phase291,L0-L2,passive,get_passive,pass_get_caught,cross_battn_amlp,1.000000,-0.003251,1.090274,1.093525,1.038953,0.013209,78.657562,1.714517,1.714517,L0.mlp,0.000000,0.000000,0.000000,1.000000,norm_normal_functional_failure
glm4,phase291,L0-L4,passive,get_passive,pass_get_caught,cross_battn_amlp,1.000000,0.170277,1.089108,0.918831,1.017478,0.012006,84.747502,1.961092,1.961092,L4.mlp,0.000000,0.000000,0.000000,1.000000,norm_normal_functional_failure
glm4,phase291,L0-L8,passive,get_passive,pass_get_caught,cross_battn_amlp,1.000000,0.188033,1.094535,0.906502,0.833268,0.011236,74.163133,1.961092,1.961092,L4.mlp,0.000000,0.000000,0.000000,1.000000,norm_normal_functional_failure
glm4,phase291,L4-L8,passive,get_passive,pass_get_caught,cross_battn_amlp,1.000000,0.081141,1.092678,1.011537,0.866433,0.027326,31.707479,1.961092,1.961092,L4.mlp,0.000000,0.000000,0.000000,1.000000,norm_normal_functional_failure
glm4,phase291,L0,passive,get_passive,pass_get_helped,cross_battn_amlp,1.000000,-0.011784,1.034998,1.046783,1.006118,0.060205,16.711660,0.353787,-0.353787,L0.attn,0.000000,0.000000,0.000000,1.000000,norm_normal_functional_failure
glm4,phase291,L0-L1,passive,get_passive,pass_get_helped,cross_battn_amlp,1.000000,0.325569,1.040789,0.715220,0.832328,0.042745,19.471740,1.094087,1.094087,L1.attn,0.000000,0.000000,0.000000,1.000000,norm_normal_functional_failure
glm4,phase291,L0-L2,passive,get_passive,pass_get_helped,cross_battn_amlp,1.000000,0.113057,1.012378,0.899321,1.012775,0.029556,34.266397,1.094087,1.094087,L1.attn,0.000000,0.000000,0.000000,1.000000,norm_normal_functional_failure
glm4,phase291,L0-L4,passive,get_passive,pass_get_helped,cross_battn_amlp,1.000000,0.063372,0.985300,0.921927,1.025912,0.023581,43.504973,1.094087,1.094087,L1.attn,0.000000,0.000000,0.000000,1.000000,norm_normal_functional_failure
glm4,phase291,L0-L8,passive,get_passive,pass_get_helped,cross_battn_amlp,1.000000,0.341478,0.983139,0.641661,1.015858,0.021060,48.235674,1.094087,1.094087,L1.attn,0.000000,0.000000,0.000000,1.000000,norm_normal_functional_failure
glm4,phase291,L4-L8,passive,get_passive,pass_get_helped,cross_battn_amlp,1.000000,0.216354,0.936429,0.720074,0.966524,0.030875,31.303983,0.605687,0.605687,L4.attn,0.000000,0.000000,0.000000,1.000000,norm_normal_functional_failure
glm4,phase291,L0,passive,get_passive,pass_get_moved,cross_battn_amlp,1.000000,0.003534,0.995803,0.992269,0.994889,0.018948,52.507511,1.611509,1.611509,L0.mlp,0.000000,0.000000,0.000000,1.000000,norm_normal_functional_failure
glm4,phase291,L0-L1,passive,get_passive,pass_get_moved,cross_battn_amlp,1.000000,0.028933,0.986311,0.957377,1.012412,0.011467,88.286725,1.611509,1.611509,L0.mlp,0.000000,0.000000,0.000000,1.000000,norm_normal_functional_failure
glm4,phase291,L0-L2,passive,get_passive,pass_get_moved,cross_battn_amlp,1.000000,0.061271,0.993954,0.932683,1.005198,0.008623,116.567353,1.611509,1.611509,L0.mlp,0.000000,0.000000,0.000000,1.000000,norm_normal_functional_failure
glm4,phase291,L0-L4,passive,get_passive,pass_get_moved,cross_battn_amlp,1.000000,0.164546,0.997169,0.832624,0.941232,0.008130,115.777235,1.611509,1.611509,L0.mlp,0.000000,0.000000,0.000000,1.000000,norm_normal_functional_failure
glm4,phase291,L4-L8,passive,get_passive,pass_get_moved,cross_battn_amlp,1.000000,0.362427,0.992173,0.629746,0.783372,0.033846,23.144991,0.871516,0.871516,L4.mlp,0.000000,0.000000,0.000000,1.000000,norm_normal_functional_failure
glm4,phase291,L0,passive,no_agent,pass_window_broken,cross_battn_amlp,1.000000,-0.007722,0.975692,0.983414,1.003820,0.020215,49.658037,1.465045,-1.465045,L0.attn,0.000000,0.000000,0.000000,1.000000,norm_normal_functional_failure
glm4,phase291,L0-L1,passive,no_agent,pass_window_broken,cross_battn_amlp,1.000000,0.003534,0.998417,0.994884,0.964824,0.002740,352.091684,1.676611,-1.676611,L1.attn,0.000000,0.000000,0.000000,1.000000,norm_normal_functional_failure
glm4,phase291,L0-L2,passive,no_agent,pass_window_broken,cross_battn_amlp,1.000000,0.012641,1.003744,0.991103,0.933423,0.004015,232.474593,2.076712,-2.076712,L2.mlp,0.000000,0.000000,0.000000,1.000000,norm_normal_functional_failure
glm4,phase291,L0-L4,passive,no_agent,pass_window_broken,cross_battn_amlp,1.000000,0.030445,0.997788,0.967343,0.830982,0.001651,503.192663,2.252220,-2.252220,L3.mlp,0.000000,0.000000,0.000000,1.000000,norm_normal_functional_failure
glm4,phase291,L0-L8,passive,no_agent,pass_window_broken,cross_battn_amlp,1.000000,0.082433,1.000094,0.917661,0.982993,0.000829,1185.374734,2.252220,-2.252220,L3.mlp,0.000000,0.000000,0.000000,1.000000,norm_normal_functional_failure
glm4,phase291,L4-L8,passive,no_agent,pass_window_broken,cross_battn_amlp,1.000000,0.052785,0.789305,0.736519,0.946097,0.075796,12.482180,2.037940,-2.037940,L4.attn,0.000000,0.000000,0.000000,1.000000,norm_normal_functional_failure
glm4,phase291,L0,passive,no_agent,pass_letter_sent,cross_battn_amlp,1.000000,0.004409,0.987248,0.982840,0.992253,0.006805,145.818624,1.383361,-1.383361,L0.attn,0.000000,0.000000,0.000000,1.000000,norm_normal_functional_failure
glm4,phase291,L0-L1,passive,no_agent,pass_letter_sent,cross_battn_amlp,1.000000,0.084646,0.999167,0.914522,0.813871,0.003125,260.397951,1.611903,-1.611903,L1.mlp,0.000000,0.000000,0.000000,1.000000,norm_normal_functional_failure
glm4,phase291,L0-L2,passive,no_agent,pass_letter_sent,cross_battn_amlp,1.000000,0.051677,0.996743,0.945066,0.902269,0.001547,583.155948,1.907015,-1.907015,L2.mlp,0.000000,0.000000,0.000000,1.000000,norm_normal_functional_failure
glm4,phase291,L0-L4,passive,no_agent,pass_letter_sent,cross_battn_amlp,1.000000,0.092734,0.995280,0.902546,0.829183,0.000607,1365.347883,2.222377,-2.222377,L3.mlp,0.000000,0.000000,0.000000,1.000000,norm_normal_functional_failure
glm4,phase291,L0-L8,passive,no_agent,pass_letter_sent,cross_battn_amlp,1.000000,0.136689,0.997614,0.860924,0.702292,0.000176,3998.321684,2.222377,-2.222377,L3.mlp,0.000000,0.000000,0.000000,1.000000,norm_normal_functional_failure
glm4,phase291,L4-L8,passive,no_agent,pass_letter_sent,cross_battn_amlp,1.000000,0.101861,0.804185,0.702323,0.751827,0.074055,10.152332,2.000286,-2.000286,L4.attn,0.000000,0.000000,0.000000,1.000000,norm_normal_functional_failure
glm4,phase291,L0,passive,no_agent,pass_cake_eaten,cross_battn_amlp,1.000000,0.003707,1.020237,1.016530,1.009630,0.007688,131.318398,1.742447,-1.742447,L0.attn,0.000000,0.000000,0.000000,1.000000,norm_normal_functional_failure
glm4,phase291,L0-L1,passive,no_agent,pass_cake_eaten,cross_battn_amlp,1.000000,0.001413,1.008325,1.006912,1.001789,0.002561,391.132635,1.742447,-1.742447,L0.attn,0.000000,0.000000,0.000000,1.000000,norm_normal_functional_failure
glm4,phase291,L0-L2,passive,no_agent,pass_cake_eaten,cross_battn_amlp,1.000000,-0.011070,1.001879,1.012948,1.010231,0.001562,646.926871,1.742447,-1.742447,L0.attn,0.000000,0.000000,0.000000,1.000000,norm_normal_functional_failure
glm4,phase291,L0-L4,passive,no_agent,pass_cake_eaten,cross_battn_amlp,1.000000,0.070317,1.001275,0.930958,1.008814,0.001078,935.969902,1.966269,-1.966269,L3.mlp,0.000000,0.000000,0.000000,1.000000,norm_normal_functional_failure
glm4,phase291,L0-L8,passive,no_agent,pass_cake_eaten,cross_battn_amlp,1.000000,0.127422,1.003127,0.875705,0.960363,0.000653,1469.960738,1.966269,-1.966269,L3.mlp,0.000000,0.000000,0.000000,1.000000,norm_normal_functional_failure
glm4,phase291,L4-L8,passive,no_agent,pass_cake_eaten,cross_battn_amlp,1.000000,0.071579,0.840385,0.768806,0.970093,0.197908,4.901739,1.936117,-1.936117,L4.attn,0.000000,0.000000,0.000000,1.000000,norm_normal_functional_failure
glm4,phase291,L0,passive,no_agent,pass_door_closed,cross_battn_amlp,1.000000,0.000410,1.000625,1.000215,0.990409,0.015687,63.136222,1.451492,-1.451492,L0.attn,0.000000,0.000000,0.000000,1.000000,norm_normal_functional_failure
glm4,phase291,L0-L1,passive,no_agent,pass_door_closed,cross_battn_amlp,1.000000,-0.001306,1.003087,1.004393,0.915519,0.005699,160.650410,1.932170,-1.932170,L1.mlp,0.000000,0.000000,0.000000,1.000000,norm_normal_functional_failure
glm4,phase291,L0-L2,passive,no_agent,pass_door_closed,cross_battn_amlp,1.000000,0.001250,0.996807,0.995556,0.889986,0.002786,319.467737,1.932170,-1.932170,L1.mlp,0.000000,0.000000,0.000000,1.000000,norm_normal_functional_failure
glm4,phase291,L0-L4,passive,no_agent,pass_door_closed,cross_battn_amlp,1.000000,0.126584,1.000527,0.873942,0.751317,0.001545,486.337784,1.932170,-1.932170,L1.mlp,0.000000,0.000000,0.000000,1.000000,norm_normal_functional_failure
glm4,phase291,L0-L8,passive,no_agent,pass_door_closed,cross_battn_amlp,1.000000,0.221159,0.997395,0.776235,0.746151,0.001015,735.332294,1.932170,-1.932170,L1.mlp,0.000000,0.000000,0.000000,1.000000,norm_normal_functional_failure
glm4,phase291,L4-L8,passive,no_agent,pass_door_closed,cross_battn_amlp,1.000000,0.166176,0.845903,0.679727,0.755331,0.059895,12.610982,1.786907,-1.786907,L4.attn,0.000000,0.000000,0.000000,1.000000,norm_normal_functional_failure
glm4,phase291,L0,passive,no_agent,pass_mistake_made,cross_battn_amlp,1.000000,-0.007754,0.959297,0.967052,0.978648,0.078147,12.523198,0.983258,-0.983258,L0.attn,0.000000,0.000000,0.000000,1.000000,norm_normal_functional_failure
glm4,phase291,L0-L1,passive,no_agent,pass_mistake_made,cross_battn_amlp,1.000000,0.006044,0.976467,0.970422,1.015310,0.011070,91.716262,1.948617,-1.948617,L1.attn,0.000000,0.000000,0.000000,1.000000,norm_normal_functional_failure
glm4,phase291,L0-L2,passive,no_agent,pass_mistake_made,cross_battn_amlp,1.000000,0.015552,0.976456,0.960904,1.090372,0.005473,199.241737,2.415219,-2.415219,L2.mlp,0.000000,0.000000,0.000000,1.000000,norm_normal_functional_failure
glm4,phase291,L0-L4,passive,no_agent,pass_mistake_made,cross_battn_amlp,1.000000,0.028196,0.994575,0.966380,0.716561,0.002357,304.049947,2.415219,-2.415219,L2.mlp,0.000000,0.000000,0.000000,1.000000,norm_normal_functional_failure
glm4,phase291,L0-L8,passive,no_agent,pass_mistake_made,cross_battn_amlp,1.000000,0.113950,0.994961,0.881010,0.659962,0.001044,632.074463,2.415219,-2.415219,L2.mlp,0.000000,0.000000,0.000000,1.000000,norm_normal_functional_failure
glm4,phase291,L4-L8,passive,no_agent,pass_mistake_made,cross_battn_amlp,1.000000,0.076621,0.737101,0.660480,0.724998,0.084690,8.560659,1.919189,-1.919189,L6.mlp,0.000000,0.000000,0.000000,1.000000,norm_normal_functional_failure
glm4,phase291,L0,passive,no_agent,pass_meeting_cancelled,cross_battn_amlp,1.000000,0.007501,1.010281,1.002779,0.988663,0.004236,233.380945,1.623333,-1.623333,L0.attn,0.000000,0.000000,0.000000,1.000000,norm_normal_functional_failure
glm4,phase291,L0-L1,passive,no_agent,pass_meeting_cancelled,cross_battn_amlp,1.000000,0.042488,0.995240,0.952753,0.924821,0.001425,649.203685,2.077870,-2.077870,L1.mlp,0.000000,0.000000,0.000000,1.000000,norm_normal_functional_failure
glm4,phase291,L0-L2,passive,no_agent,pass_meeting_cancelled,cross_battn_amlp,1.000000,0.058483,0.994816,0.936333,0.927914,0.001003,924.778817,2.077870,-2.077870,L1.mlp,0.000000,0.000000,0.000000,1.000000,norm_normal_functional_failure
glm4,phase291,L0-L4,passive,no_agent,pass_meeting_cancelled,cross_battn_amlp,1.000000,0.075653,0.999766,0.924113,0.898757,0.001013,887.591661,2.133116,-2.133116,L3.mlp,0.000000,0.000000,0.000000,1.000000,norm_normal_functional_failure
glm4,phase291,L0-L8,passive,no_agent,pass_meeting_cancelled,cross_battn_amlp,1.000000,0.286046,0.999511,0.713466,0.670233,0.000440,1521.835389,2.133116,-2.133116,L3.mlp,0.000000,0.000000,0.000000,1.000000,norm_normal_functional_failure
glm4,phase291,L4-L8,passive,no_agent,pass_meeting_cancelled,cross_battn_amlp,1.000000,0.240412,0.936407,0.695995,0.729591,0.035720,20.425311,1.882634,-1.882634,L6.mlp,0.000000,0.000000,0.000000,1.000000,norm_normal_functional_failure
glm4,phase291,L0,passive,no_agent,pass_car_repaired,cross_battn_amlp,1.000000,-0.000414,0.966195,0.966609,1.004625,0.031555,31.837715,1.597468,-1.597468,L0.attn,0.000000,0.000000,0.000000,1.000000,norm_normal_functional_failure
glm4,phase291,L0-L1,passive,no_agent,pass_car_repaired,cross_battn_amlp,1.000000,0.008949,0.987312,0.978363,1.030564,0.006362,161.975778,2.320782,-2.320782,L1.mlp,0.000000,0.000000,0.000000,1.000000,norm_normal_functional_failure
glm4,phase291,L0-L2,passive,no_agent,pass_car_repaired,cross_battn_amlp,1.000000,0.006527,0.993274,0.986747,0.990834,0.003667,270.195212,2.320782,-2.320782,L1.mlp,0.000000,0.000000,0.000000,1.000000,norm_normal_functional_failure
glm4,phase291,L0-L4,passive,no_agent,pass_car_repaired,cross_battn_amlp,1.000000,0.056763,1.000670,0.943907,1.003665,0.001123,893.661584,2.320782,-2.320782,L1.mlp,0.000000,0.000000,0.000000,1.000000,norm_normal_functional_failure
glm4,phase291,L0-L8,passive,no_agent,pass_car_repaired,cross_battn_amlp,1.000000,0.073654,0.996395,0.922742,0.946004,0.000789,1199.627862,2.320782,-2.320782,L1.mlp,0.000000,0.000000,0.000000,1.000000,norm_normal_functional_failure
glm4,phase291,L4-L8,passive,no_agent,pass_car_repaired,cross_battn_amlp,1.000000,0.071139,0.829766,0.758627,0.949877,0.073412,12.938966,2.053891,-2.053891,L4.attn,0.000000,0.000000,0.000000,1.000000,norm_normal_functional_failure
glm4,phase291,L0,passive,no_agent,pass_package_delivered,cross_battn_amlp,1.000000,0.015615,0.981061,0.965446,1.003238,0.041146,24.382483,1.583482,-1.583482,L0.attn,0.000000,0.000000,0.000000,1.000000,norm_normal_functional_failure
glm4,phase291,L0-L1,passive,no_agent,pass_package_delivered,cross_battn_amlp,1.000000,0.010376,1.003564,0.993188,0.984163,0.006072,162.079491,1.583482,-1.583482,L0.attn,0.000000,0.000000,0.000000,1.000000,norm_normal_functional_failure
glm4,phase291,L0-L2,passive,no_agent,pass_package_delivered,cross_battn_amlp,1.000000,0.010526,1.016546,1.006020,0.964170,0.004562,211.335353,2.420076,-2.420076,L2.mlp,0.000000,0.000000,0.000000,1.000000,norm_normal_functional_failure
glm4,phase291,L0-L4,passive,no_agent,pass_package_delivered,cross_battn_amlp,1.000000,0.001388,1.001424,1.000036,0.837357,0.002626,318.884708,2.420076,-2.420076,L2.mlp,0.000000,0.000000,0.000000,1.000000,norm_normal_functional_failure
glm4,phase291,L0-L8,passive,no_agent,pass_package_delivered,cross_battn_amlp,1.000000,-0.014120,1.001591,1.015711,1.418118,0.002047,692.713001,2.420076,-2.420076,L2.mlp,0.000000,0.000000,0.000000,1.000000,norm_normal_functional_failure
glm4,phase291,L4-L8,passive,no_agent,pass_package_delivered,cross_battn_amlp,1.000000,-0.033176,0.790860,0.824036,1.291261,0.132623,9.736313,1.759676,-1.759676,L5.attn,0.000000,0.000000,0.000000,1.000000,norm_normal_functional_failure
glm4,phase291,L0,recursive,complement_clause,rec_comp_think_leave,cross_battn_amlp,1.000000,0.019286,0.935929,0.916643,0.987095,0.172935,5.707899,1.496634,-1.496634,L0.mlp,0.000000,0.000000,0.000000,1.000000,norm_normal_functional_failure
glm4,phase291,L0-L1,recursive,complement_clause,rec_comp_think_leave,cross_battn_amlp,1.000000,0.051574,0.994313,0.942739,1.017626,0.147375,6.905035,1.496634,-1.496634,L0.mlp,0.000000,0.000000,0.000000,1.000000,norm_normal_functional_failure
glm4,phase291,L0-L2,recursive,complement_clause,rec_comp_think_leave,cross_battn_amlp,1.000000,0.085308,0.955991,0.870683,0.946854,0.157322,6.018561,1.496634,-1.496634,L0.mlp,0.000000,0.000000,0.000000,1.000000,norm_normal_functional_failure
glm4,phase291,L0-L4,recursive,complement_clause,rec_comp_think_leave,cross_battn_amlp,1.000000,0.358472,1.089683,0.731211,1.102625,0.137071,8.044205,1.639408,1.639408,L4.mlp,0.000000,0.000000,0.000000,1.000000,norm_normal_functional_failure
glm4,phase291,L0-L8,recursive,complement_clause,rec_comp_think_leave,cross_battn_amlp,1.000000,0.085731,1.070302,0.984571,0.937012,0.026052,35.966907,1.639408,1.639408,L4.mlp,0.000000,0.000000,0.000000,1.000000,norm_normal_functional_failure
glm4,phase291,L4-L8,recursive,complement_clause,rec_comp_think_leave,cross_battn_amlp,1.000000,0.066366,1.023823,0.957457,0.882374,0.036702,24.041874,1.639408,1.639408,L4.mlp,0.000000,0.000000,0.000000,1.000000,norm_normal_functional_failure
glm4,phase291,L0,recursive,complement_clause,rec_comp_believe_win,cross_battn_amlp,1.000000,0.028011,0.909894,0.881883,0.950549,0.046435,20.470509,1.206753,1.206753,L0.attn,0.000000,0.000000,0.000000,1.000000,norm_normal_functional_failure
glm4,phase291,L0-L1,recursive,complement_clause,rec_comp_believe_win,cross_battn_amlp,1.000000,0.017707,0.930949,0.913242,1.062139,0.073103,14.529249,1.556995,1.556995,L1.attn,0.000000,0.000000,0.000000,1.000000,norm_normal_functional_failure
glm4,phase291,L0-L2,recursive,complement_clause,rec_comp_believe_win,cross_battn_amlp,1.000000,0.003741,0.944183,0.940442,1.001534,0.070491,14.207909,1.997525,1.997525,L2.mlp,0.000000,0.000000,0.000000,1.000000,norm_normal_functional_failure
glm4,phase291,L0-L4,recursive,complement_clause,rec_comp_believe_win,cross_battn_amlp,1.000000,0.025795,0.955912,0.930117,0.924281,0.071507,12.925803,1.997525,1.997525,L2.mlp,0.000000,0.000000,0.000000,1.000000,norm_normal_functional_failure
glm4,phase291,L0-L8,recursive,complement_clause,rec_comp_believe_win,cross_battn_amlp,1.000000,0.075805,0.990058,0.914253,1.024207,0.061554,16.639034,1.997525,1.997525,L2.mlp,0.000000,0.000000,0.000000,1.000000,norm_normal_functional_failure
glm4,phase291,L4-L8,recursive,complement_clause,rec_comp_believe_win,cross_battn_amlp,1.000000,0.067313,0.996186,0.928873,1.034171,0.030518,33.887324,1.846955,1.846955,L5.attn,0.000000,0.000000,0.000000,1.000000,norm_normal_functional_failure
glm4,phase291,L0,recursive,complement_clause,rec_comp_know_safe,cross_battn_amlp,1.000000,0.030540,0.877116,0.846575,0.958928,0.171984,5.575682,1.525595,1.525595,L0.attn,0.000000,0.000000,0.000000,1.000000,norm_normal_functional_failure
glm4,phase291,L0-L1,recursive,complement_clause,rec_comp_know_safe,cross_battn_amlp,1.000000,0.016562,0.930736,0.914173,0.952482,0.062480,15.244582,1.525595,1.525595,L0.attn,0.000000,0.000000,0.000000,1.000000,norm_normal_functional_failure
glm4,phase291,L0-L2,recursive,complement_clause,rec_comp_know_safe,cross_battn_amlp,1.000000,-0.070671,0.916785,0.987455,1.023873,0.055411,18.477715,1.525595,1.525595,L0.attn,0.000000,0.000000,0.000000,1.000000,norm_normal_functional_failure
glm4,phase291,L0-L4,recursive,complement_clause,rec_comp_know_safe,cross_battn_amlp,1.000000,0.110367,0.890391,0.780024,1.010369,0.031838,31.734697,2.365792,2.365792,L4.mlp,0.000000,0.000000,0.000000,1.000000,norm_normal_functional_failure
glm4,phase291,L0-L8,recursive,complement_clause,rec_comp_know_safe,cross_battn_amlp,1.000000,-0.000015,0.949716,0.949731,0.950306,0.014715,64.579104,2.365792,2.365792,L4.mlp,0.000000,0.000000,0.000000,1.000000,norm_normal_functional_failure
glm4,phase291,L4-L8,recursive,complement_clause,rec_comp_know_safe,cross_battn_amlp,1.000000,0.012383,0.967283,0.954900,0.951530,0.023612,40.298202,2.365792,2.365792,L4.mlp,0.000000,0.000000,0.000000,1.000000,norm_normal_functional_failure
glm4,phase291,L0,recursive,complement_clause,rec_comp_hear_ready,cross_battn_amlp,1.000000,-0.000183,0.933862,0.934045,0.968433,0.201531,4.805381,1.181682,1.181682,L0.attn,0.000000,0.000000,0.000000,1.000000,norm_normal_functional_failure
glm4,phase291,L0-L1,recursive,complement_clause,rec_comp_hear_ready,cross_battn_amlp,1.000000,0.046475,1.051452,1.004977,0.970361,0.020412,47.539799,1.704312,1.704312,L1.attn,0.000000,0.000000,0.000000,1.000000,norm_normal_functional_failure
glm4,phase291,L0-L2,recursive,complement_clause,rec_comp_hear_ready,cross_battn_amlp,1.000000,-0.004813,1.077736,1.082549,0.975967,0.026922,36.251088,1.941079,1.941079,L2.attn,0.000000,0.000000,0.000000,1.000000,norm_normal_functional_failure
glm4,phase291,L0-L4,recursive,complement_clause,rec_comp_hear_ready,cross_battn_amlp,1.000000,0.041312,1.105598,1.064286,0.947793,0.013512,70.145292,2.635591,2.635591,L4.mlp,0.000000,0.000000,0.000000,1.000000,norm_normal_functional_failure
glm4,phase291,L0-L8,recursive,complement_clause,rec_comp_hear_ready,cross_battn_amlp,1.000000,0.114882,1.093963,0.979081,0.955156,0.009852,96.948006,2.635591,2.635591,L4.mlp,0.000000,0.000000,0.000000,1.000000,norm_normal_functional_failure
glm4,phase291,L4-L8,recursive,complement_clause,rec_comp_hear_ready,cross_battn_amlp,1.000000,0.095709,1.027412,0.931703,0.985380,0.017339,56.831730,2.635591,2.635591,L4.mlp,0.000000,0.000000,0.000000,1.000000,norm_normal_functional_failure
glm4,phase291,L0,recursive,complement_clause,rec_comp_expect_arrive,cross_battn_amlp,1.000000,-0.007421,0.821116,0.828538,0.969824,0.089927,10.784623,1.664266,1.664266,L0.mlp,0.000000,0.000000,0.000000,1.000000,norm_normal_functional_failure
glm4,phase291,L0-L1,recursive,complement_clause,rec_comp_expect_arrive,cross_battn_amlp,1.000000,-0.010741,0.931671,0.942412,0.935082,0.076762,12.181564,1.664266,1.664266,L0.mlp,0.000000,0.000000,0.000000,1.000000,norm_normal_functional_failure
glm4,phase291,L0-L2,recursive,complement_clause,rec_comp_expect_arrive,cross_battn_amlp,1.000000,0.007065,0.915070,0.908005,0.959343,0.036491,26.290172,2.106079,2.106079,L2.attn,0.000000,0.000000,0.000000,1.000000,norm_normal_functional_failure
glm4,phase291,L0-L4,recursive,complement_clause,rec_comp_expect_arrive,cross_battn_amlp,1.000000,0.143108,0.979339,0.836232,1.087050,0.027475,39.565539,3.133683,3.133683,L4.mlp,0.000000,0.000000,0.000000,1.000000,norm_normal_functional_failure
glm4,phase291,L0-L8,recursive,complement_clause,rec_comp_expect_arrive,cross_battn_amlp,1.000000,0.135521,1.082041,0.946519,0.933934,0.017500,53.366560,3.133683,3.133683,L4.mlp,0.000000,0.000000,0.000000,1.000000,norm_normal_functional_failure
glm4,phase291,L4-L8,recursive,complement_clause,rec_comp_expect_arrive,cross_battn_amlp,1.000000,0.084478,1.053118,0.968640,0.908365,0.016923,53.677827,3.133683,3.133683,L4.mlp,0.000000,0.000000,0.000000,1.000000,norm_normal_functional_failure
glm4,phase291,L0,recursive,complement_clause,rec_comp_say_return,cross_battn_amlp,1.000000,-0.010169,1.133671,1.143839,1.030851,0.032074,32.139827,0.275952,0.275952,L0.mlp,0.000000,0.000000,0.000000,1.000000,norm_normal_functional_failure
glm4,phase291,L0-L1,recursive,complement_clause,rec_comp_say_return,cross_battn_amlp,1.000000,0.196693,1.183592,0.986899,0.892969,0.040954,21.804031,1.208907,1.208907,L1.attn,0.000000,0.000000,0.000000,1.000000,norm_normal_functional_failure
glm4,phase291,L0-L2,recursive,complement_clause,rec_comp_say_return,cross_battn_amlp,1.000000,0.111006,1.203879,1.092873,0.724106,0.040489,17.884144,1.208907,1.208907,L1.attn,0.000000,0.000000,0.000000,1.000000,norm_normal_functional_failure
glm4,phase291,L0-L4,recursive,complement_clause,rec_comp_say_return,cross_battn_amlp,1.000000,0.142716,1.234606,1.091890,0.988527,0.046125,21.431372,1.208907,1.208907,L1.attn,0.000000,0.000000,0.000000,1.000000,norm_normal_functional_failure
glm4,phase291,L0-L8,recursive,complement_clause,rec_comp_say_return,cross_battn_amlp,1.000000,-0.013653,1.047839,1.061491,1.059117,0.043120,24.561807,1.790008,1.790008,L6.attn,0.000000,0.000000,0.000000,1.000000,norm_normal_functional_failure
glm4,phase291,L4-L8,recursive,complement_clause,rec_comp_say_return,cross_battn_amlp,1.000000,-0.006274,0.904652,0.910926,1.022872,0.082507,12.397452,1.790008,1.790008,L6.attn,0.000000,0.000000,0.000000,1.000000,norm_normal_functional_failure
glm4,phase291,L0,recursive,complement_clause,rec_comp_notice_missing,cross_battn_amlp,1.000000,-0.043545,0.978415,1.021961,0.998030,0.244833,4.076365,1.999478,1.999478,L0.attn,0.000000,0.000000,0.000000,1.000000,norm_normal_functional_failure
glm4,phase291,L0-L1,recursive,complement_clause,rec_comp_notice_missing,cross_battn_amlp,1.000000,0.273049,0.947332,0.674283,0.945379,0.328893,2.874426,1.999478,1.999478,L0.attn,0.000000,0.000000,0.000000,1.000000,norm_normal_functional_failure
glm4,phase291,L0-L4,recursive,complement_clause,rec_comp_notice_missing,cross_battn_amlp,1.000000,0.084506,0.893434,0.808928,1.006493,0.271137,3.712115,4.119490,4.119490,L4.mlp,0.000000,0.000000,0.000000,1.000000,norm_normal_functional_failure
glm4,phase291,L0-L8,recursive,complement_clause,rec_comp_notice_missing,cross_battn_amlp,1.000000,0.040062,0.980802,0.940740,0.971113,0.095378,10.181685,4.119490,4.119490,L4.mlp,0.000000,0.000000,0.000000,1.000000,norm_normal_functional_failure
glm4,phase291,L4-L8,recursive,complement_clause,rec_comp_notice_missing,cross_battn_amlp,1.000000,-0.003813,0.902401,0.906214,0.990713,0.078134,12.679704,4.119490,4.119490,L4.mlp,0.000000,0.000000,0.000000,1.000000,norm_normal_functional_failure
glm4,phase291,L0,recursive,complement_clause,rec_comp_fear_lost,cross_battn_amlp,1.000000,-0.002630,0.956399,0.959029,1.000192,0.209009,4.785391,1.515824,1.515824,L0.attn,0.000000,0.000000,0.000000,1.000000,norm_normal_functional_failure
glm4,phase291,L0-L1,recursive,complement_clause,rec_comp_fear_lost,cross_battn_amlp,1.000000,0.004597,0.953674,0.949077,1.031308,0.072466,14.231524,1.515824,1.515824,L0.attn,0.000000,0.000000,0.000000,1.000000,norm_normal_functional_failure
glm4,phase291,L0-L2,recursive,complement_clause,rec_comp_fear_lost,cross_battn_amlp,1.000000,-0.026452,0.910070,0.936522,1.009789,0.041659,24.239367,1.797901,1.797901,L2.attn,0.000000,0.000000,0.000000,1.000000,norm_normal_functional_failure
glm4,phase291,L0-L4,recursive,complement_clause,rec_comp_fear_lost,cross_battn_amlp,1.000000,0.191253,0.935937,0.744684,1.002746,0.047729,21.009356,3.154437,3.154437,L4.mlp,0.000000,0.000000,0.000000,1.000000,norm_normal_functional_failure
glm4,phase291,L0-L8,recursive,complement_clause,rec_comp_fear_lost,cross_battn_amlp,1.000000,0.151720,0.937263,0.785542,0.990945,0.114518,8.653165,3.154437,3.154437,L4.mlp,0.000000,0.000000,0.000000,1.000000,norm_normal_functional_failure
glm4,phase291,L4-L8,recursive,complement_clause,rec_comp_fear_lost,cross_battn_amlp,1.000000,0.057940,0.850379,0.792440,0.990818,0.094668,10.466195,3.154437,3.154437,L4.mlp,0.000000,0.000000,0.000000,1.000000,norm_normal_functional_failure
glm4,phase291,L0,recursive,possessive_chain,rec_poss_jacket,cross_battn_amlp,1.000000,0.005331,0.855341,0.850010,1.021488,0.136718,7.471480,0.123723,0.123723,L0.attn,0.000000,0.000000,0.000000,1.000000,norm_normal_functional_failure
glm4,phase291,L0-L1,recursive,possessive_chain,rec_poss_jacket,cross_battn_amlp,1.000000,0.011320,0.870610,0.859290,0.995525,0.112840,8.822466,1.850786,1.850786,L1.attn,0.000000,0.000000,0.000000,1.000000,norm_normal_functional_failure
glm4,phase291,L0-L2,recursive,possessive_chain,rec_poss_jacket,cross_battn_amlp,1.000000,0.008270,0.887338,0.879068,1.016927,0.110714,9.185199,1.850786,1.850786,L1.attn,0.000000,0.000000,0.000000,1.000000,norm_normal_functional_failure
glm4,phase291,L0-L4,recursive,possessive_chain,rec_poss_jacket,cross_battn_amlp,1.000000,0.018038,0.896565,0.878527,1.014449,0.095439,10.629325,1.850786,1.850786,L1.attn,0.000000,0.000000,0.000000,1.000000,norm_normal_functional_failure
glm4,phase291,L0-L8,recursive,possessive_chain,rec_poss_jacket,cross_battn_amlp,1.000000,0.018944,0.884778,0.865834,0.974370,0.091878,10.605057,1.850786,1.850786,L1.attn,0.000000,0.000000,0.000000,1.000000,norm_normal_functional_failure
glm4,phase291,L4-L8,recursive,possessive_chain,rec_poss_jacket,cross_battn_amlp,1.000000,0.013802,0.778661,0.764859,0.982483,0.132615,7.408507,1.079055,1.079055,L4.mlp,0.000000,0.000000,0.000000,1.000000,norm_normal_functional_failure
glm4,phase291,L0,recursive,possessive_chain,rec_poss_car,cross_battn_amlp,1.000000,0.011500,0.643894,0.632395,1.002860,0.244088,4.108605,0.266751,0.266751,L0.attn,0.000000,0.000000,0.000000,1.000000,norm_normal_functional_failure
glm4,phase291,L0-L1,recursive,possessive_chain,rec_poss_car,cross_battn_amlp,1.000000,0.007689,0.812593,0.804904,0.996103,0.155201,6.418165,1.694730,1.694730,L1.attn,0.000000,0.000000,0.000000,1.000000,norm_normal_functional_failure
glm4,phase291,L0-L2,recursive,possessive_chain,rec_poss_car,cross_battn_amlp,1.000000,-0.001531,0.890939,0.892470,1.014222,0.110441,9.183349,1.694730,1.694730,L1.attn,0.000000,0.000000,0.000000,1.000000,norm_normal_functional_failure
glm4,phase291,L0-L4,recursive,possessive_chain,rec_poss_car,cross_battn_amlp,1.000000,0.035768,0.903219,0.867450,1.020239,0.108556,9.398260,1.694730,1.694730,L1.attn,0.000000,0.000000,0.000000,1.000000,norm_normal_functional_failure
glm4,phase291,L0-L8,recursive,possessive_chain,rec_poss_car,cross_battn_amlp,1.000000,0.137171,0.879674,0.742503,0.914072,0.094835,9.638577,1.694730,1.694730,L1.attn,0.000000,0.000000,0.000000,1.000000,norm_normal_functional_failure
glm4,phase291,L4-L8,recursive,possessive_chain,rec_poss_car,cross_battn_amlp,1.000000,0.081690,0.854463,0.772773,0.923384,0.118362,7.801351,1.150929,1.150929,L7.attn,0.000000,0.000000,0.000000,1.000000,norm_normal_functional_failure
glm4,phase291,L0,recursive,possessive_chain,rec_poss_book,cross_battn_amlp,1.000000,-0.003975,0.792298,0.796273,1.000042,0.131958,7.578466,0.492852,-0.492852,L0.mlp,0.000000,0.000000,0.000000,1.000000,norm_normal_functional_failure
glm4,phase291,L0-L1,recursive,possessive_chain,rec_poss_book,cross_battn_amlp,1.000000,0.021761,0.809208,0.787447,1.009861,0.096302,10.486342,1.494502,1.494502,L1.attn,0.000000,0.000000,0.000000,1.000000,norm_normal_functional_failure
glm4,phase291,L0-L2,recursive,possessive_chain,rec_poss_book,cross_battn_amlp,1.000000,0.023208,0.854745,0.831537,0.995614,0.053764,18.518194,1.494502,1.494502,L1.attn,0.000000,0.000000,0.000000,1.000000,norm_normal_functional_failure
glm4,phase291,L0-L4,recursive,possessive_chain,rec_poss_book,cross_battn_amlp,1.000000,0.118690,0.902643,0.783953,0.898163,0.054048,16.617987,2.677099,2.677099,L4.mlp,0.000000,0.000000,0.000000,1.000000,norm_normal_functional_failure
glm4,phase291,L0-L8,recursive,possessive_chain,rec_poss_book,cross_battn_amlp,1.000000,0.048282,0.913210,0.864928,0.956538,0.039764,24.055198,2.677099,2.677099,L4.mlp,0.000000,0.000000,0.000000,1.000000,norm_normal_functional_failure
glm4,phase291,L4-L8,recursive,possessive_chain,rec_poss_book,cross_battn_amlp,1.000000,0.024256,0.865600,0.841344,0.967410,0.064905,14.905033,2.677099,2.677099,L4.mlp,0.000000,0.000000,0.000000,1.000000,norm_normal_functional_failure
glm4,phase291,L0,recursive,possessive_chain,rec_poss_phone,cross_battn_amlp,1.000000,-0.019389,0.775006,0.794394,0.993307,0.195827,5.072383,0.289989,0.289989,L0.mlp,0.000000,0.000000,0.000000,1.000000,norm_normal_functional_failure
glm4,phase291,L0-L1,recursive,possessive_chain,rec_poss_phone,cross_battn_amlp,1.000000,-0.025145,0.819008,0.844154,1.008307,0.127391,7.915077,1.142670,1.142670,L1.attn,0.000000,0.000000,0.000000,1.000000,norm_normal_functional_failure
glm4,phase291,L0-L2,recursive,possessive_chain,rec_poss_phone,cross_battn_amlp,1.000000,-0.010251,0.844511,0.854761,1.055757,0.093688,11.268806,2.158889,2.158889,L2.attn,0.000000,0.000000,0.000000,1.000000,norm_normal_functional_failure
glm4,phase291,L0-L8,recursive,possessive_chain,rec_poss_phone,cross_battn_amlp,1.000000,0.088117,0.938364,0.850247,1.028569,0.029664,34.674172,2.799548,2.799548,L3.attn,0.000000,0.000000,0.000000,1.000000,norm_normal_functional_failure
glm4,phase291,L4-L8,recursive,possessive_chain,rec_poss_phone,cross_battn_amlp,1.000000,0.039375,0.959071,0.919697,0.954958,0.028038,34.059997,2.645968,2.645968,L4.mlp,0.000000,0.000000,0.000000,1.000000,norm_normal_functional_failure
glm4,phase291,L0,recursive,possessive_chain,rec_poss_house,cross_battn_amlp,1.000000,0.019695,0.844267,0.824572,0.979566,0.102461,9.560358,0.451733,-0.451733,L0.mlp,0.000000,0.000000,0.000000,1.000000,norm_normal_functional_failure
glm4,phase291,L0-L1,recursive,possessive_chain,rec_poss_house,cross_battn_amlp,1.000000,0.019748,0.758825,0.739077,0.957319,0.058893,16.255093,1.767431,1.767431,L1.attn,0.000000,0.000000,0.000000,1.000000,norm_normal_functional_failure
glm4,phase291,L0-L2,recursive,possessive_chain,rec_poss_house,cross_battn_amlp,1.000000,0.020273,0.748012,0.727740,1.030573,0.041066,25.095692,1.841100,1.841100,L2.attn,0.000000,0.000000,0.000000,1.000000,norm_normal_functional_failure
glm4,phase291,L0-L4,recursive,possessive_chain,rec_poss_house,cross_battn_amlp,1.000000,0.075399,0.751068,0.675669,1.027452,0.033459,30.707497,2.479938,2.479938,L4.mlp,0.000000,0.000000,0.000000,1.000000,norm_normal_functional_failure
glm4,phase291,L0-L8,recursive,possessive_chain,rec_poss_house,cross_battn_amlp,1.000000,0.013969,0.789380,0.775412,0.964046,0.018602,51.824199,2.479938,2.479938,L4.mlp,0.000000,0.000000,0.000000,1.000000,norm_normal_functional_failure
glm4,phase291,L4-L8,recursive,possessive_chain,rec_poss_house,cross_battn_amlp,1.000000,0.005163,0.822353,0.817190,0.975191,0.018483,52.761998,2.479938,2.479938,L4.mlp,0.000000,0.000000,0.000000,1.000000,norm_normal_functional_failure
glm4,phase291,L0,recursive,possessive_chain,rec_poss_plan,cross_battn_amlp,1.000000,-0.034301,0.886297,0.920598,1.024237,0.065498,15.637800,0.436756,-0.436756,L0.mlp,0.000000,0.000000,0.000000,1.000000,norm_normal_functional_failure
glm4,phase291,L0-L1,recursive,possessive_chain,rec_poss_plan,cross_battn_amlp,1.000000,-0.000842,0.930526,0.931368,0.950268,0.007393,128.534186,1.090007,1.090007,L1.mlp,0.000000,0.000000,0.000000,1.000000,norm_normal_functional_failure
glm4,phase291,L0-L2,recursive,possessive_chain,rec_poss_plan,cross_battn_amlp,1.000000,0.045616,0.953441,0.907825,0.982887,0.006868,143.115748,1.929383,1.929383,L2.attn,0.000000,0.000000,0.000000,1.000000,norm_normal_functional_failure
glm4,phase291,L0-L8,recursive,possessive_chain,rec_poss_plan,cross_battn_amlp,1.000000,0.250571,0.966857,0.716285,1.056636,0.005052,209.169933,1.929383,1.929383,L2.attn,0.000000,0.000000,0.000000,1.000000,norm_normal_functional_failure
glm4,phase291,L4-L8,recursive,possessive_chain,rec_poss_plan,cross_battn_amlp,1.000000,0.150028,0.961266,0.811238,1.035349,0.009649,107.303105,1.712046,1.712046,L4.mlp,0.000000,0.000000,0.000000,1.000000,norm_normal_functional_failure
glm4,phase291,L0,recursive,possessive_chain,rec_poss_note,cross_battn_amlp,1.000000,-0.020744,0.878509,0.899253,0.985386,0.105673,9.324879,0.531937,-0.531937,L0.mlp,0.000000,0.000000,0.000000,1.000000,norm_normal_functional_failure
glm4,phase291,L0-L1,recursive,possessive_chain,rec_poss_note,cross_battn_amlp,1.000000,-0.003596,0.837814,0.841410,0.948352,0.071480,13.267454,1.282324,1.282324,L1.attn,0.000000,0.000000,0.000000,1.000000,norm_normal_functional_failure
glm4,phase291,L0-L2,recursive,possessive_chain,rec_poss_note,cross_battn_amlp,1.000000,-0.024341,0.864663,0.889004,1.025503,0.059177,17.329458,1.873613,1.873613,L2.attn,0.000000,0.000000,0.000000,1.000000,norm_normal_functional_failure
glm4,phase291,L0-L4,recursive,possessive_chain,rec_poss_note,cross_battn_amlp,1.000000,0.070903,0.883748,0.812845,1.032443,0.041709,24.753553,2.936522,2.936522,L4.mlp,0.000000,0.000000,0.000000,1.000000,norm_normal_functional_failure
glm4,phase291,L0-L8,recursive,possessive_chain,rec_poss_note,cross_battn_amlp,1.000000,0.136931,0.899065,0.762134,0.938630,0.022378,41.943780,2.936522,2.936522,L4.mlp,0.000000,0.000000,0.000000,1.000000,norm_normal_functional_failure
glm4,phase291,L4-L8,recursive,possessive_chain,rec_poss_note,cross_battn_amlp,1.000000,0.091883,0.921484,0.829601,0.962144,0.027455,35.044891,2.936522,2.936522,L4.mlp,0.000000,0.000000,0.000000,1.000000,norm_normal_functional_failure
glm4,phase291,L0,recursive,possessive_chain,rec_poss_song,cross_battn_amlp,1.000000,0.009601,0.593915,0.584314,1.015284,0.484015,2.097630,0.834356,0.834356,L0.mlp,0.000000,0.000000,0.000000,1.000000,norm_normal_functional_failure
glm4,phase291,L0-L1,recursive,possessive_chain,rec_poss_song,cross_battn_amlp,1.000000,-0.009913,0.784873,0.794786,1.021751,0.035465,28.809914,1.787757,1.787757,L1.attn,0.000000,0.000000,0.000000,1.000000,norm_normal_functional_failure
glm4,phase291,L0-L2,recursive,possessive_chain,rec_poss_song,cross_battn_amlp,1.000000,0.022520,0.809645,0.787125,1.012344,0.027070,37.397034,1.787757,1.787757,L1.attn,0.000000,0.000000,0.000000,1.000000,norm_normal_functional_failure
glm4,phase291,L0-L4,recursive,possessive_chain,rec_poss_song,cross_battn_amlp,1.000000,0.106169,0.839897,0.733728,1.025290,0.017618,58.194765,2.012977,2.012977,L4.mlp,0.000000,0.000000,0.000000,1.000000,norm_normal_functional_failure
glm4,phase291,L0-L8,recursive,possessive_chain,rec_poss_song,cross_battn_amlp,1.000000,0.025022,0.884649,0.859627,0.970565,0.016724,58.035583,2.012977,2.012977,L4.mlp,0.000000,0.000000,0.000000,1.000000,norm_normal_functional_failure
glm4,phase291,L4-L8,recursive,possessive_chain,rec_poss_song,cross_battn_amlp,1.000000,0.026659,0.910639,0.883980,0.891370,0.028536,31.236685,2.012977,2.012977,L4.mlp,0.000000,0.000000,0.000000,1.000000,norm_normal_functional_failure
glm4,phase291,L0,recursive,pp_chain,rec_pp_key_drawer,cross_battn_amlp,1.000000,0.006611,0.950199,0.943588,0.998665,0.353035,2.828803,1.514283,1.514283,L0.attn,0.000000,0.000000,0.000000,1.000000,norm_normal_functional_failure
glm4,phase291,L0-L1,recursive,pp_chain,rec_pp_key_drawer,cross_battn_amlp,1.000000,0.007039,0.941748,0.934709,1.010197,0.292810,3.450013,1.514283,1.514283,L0.attn,0.000000,0.000000,0.000000,1.000000,norm_normal_functional_failure
glm4,phase291,L0-L2,recursive,pp_chain,rec_pp_key_drawer,cross_battn_amlp,1.000000,0.003502,0.865058,0.861556,0.993133,0.324921,3.056532,1.578822,1.578822,L2.mlp,0.000000,0.000000,0.000000,1.000000,norm_normal_functional_failure
glm4,phase291,L0-L4,recursive,pp_chain,rec_pp_key_drawer,cross_battn_amlp,1.000000,0.176776,0.868024,0.691248,1.032634,0.024649,41.893565,2.988406,2.988406,L4.mlp,0.000000,0.000000,0.000000,1.000000,norm_normal_functional_failure
glm4,phase291,L0-L8,recursive,pp_chain,rec_pp_key_drawer,cross_battn_amlp,1.000000,0.068602,0.828933,0.760331,1.040196,0.028620,36.344816,2.988406,2.988406,L4.mlp,0.000000,0.000000,0.000000,1.000000,norm_normal_functional_failure
glm4,phase291,L4-L8,recursive,pp_chain,rec_pp_key_drawer,cross_battn_amlp,1.000000,0.056274,0.801980,0.745706,1.033054,0.032554,31.733858,2.988406,2.988406,L4.mlp,0.000000,0.000000,0.000000,1.000000,norm_normal_functional_failure
glm4,phase291,L0,recursive,pp_chain,rec_pp_cup_table,cross_battn_amlp,1.000000,0.003147,0.923070,0.919923,1.022156,0.216724,4.716392,1.320381,1.320381,L0.attn,0.000000,0.000000,0.000000,1.000000,norm_normal_functional_failure
glm4,phase291,L0-L1,recursive,pp_chain,rec_pp_cup_table,cross_battn_amlp,1.000000,0.077224,0.765171,0.687947,0.985015,0.121243,8.124311,1.865551,1.865551,L1.attn,0.000000,0.000000,0.000000,1.000000,norm_normal_functional_failure
glm4,phase291,L0-L2,recursive,pp_chain,rec_pp_cup_table,cross_battn_amlp,1.000000,0.033439,0.780783,0.747344,0.960339,0.115047,8.347360,1.865551,1.865551,L1.attn,0.000000,0.000000,0.000000,1.000000,norm_normal_functional_failure
glm4,phase291,L0-L4,recursive,pp_chain,rec_pp_cup_table,cross_battn_amlp,1.000000,0.080216,0.835804,0.755589,1.033753,0.084312,12.261007,2.531822,2.531822,L4.mlp,0.000000,0.000000,0.000000,1.000000,norm_normal_functional_failure
glm4,phase291,L0-L8,recursive,pp_chain,rec_pp_cup_table,cross_battn_amlp,1.000000,0.217541,0.868578,0.651037,0.844120,0.059298,14.235261,2.531822,2.531822,L4.mlp,0.000000,0.000000,0.000000,1.000000,norm_normal_functional_failure
glm4,phase291,L4-L8,recursive,pp_chain,rec_pp_cup_table,cross_battn_amlp,1.000000,0.193566,0.849027,0.655460,0.813518,0.033057,24.609653,2.531822,2.531822,L4.mlp,0.000000,0.000000,0.000000,1.000000,norm_normal_functional_failure
glm4,phase291,L0,recursive,pp_chain,rec_pp_photo_album,cross_battn_amlp,1.000000,0.016789,0.841123,0.824333,0.995931,0.097812,10.182128,1.350412,1.350412,L0.attn,0.000000,0.000000,0.000000,1.000000,norm_normal_functional_failure
glm4,phase291,L0-L1,recursive,pp_chain,rec_pp_photo_album,cross_battn_amlp,1.000000,0.010534,0.790152,0.779618,0.964236,0.125561,7.679436,1.711780,1.711780,L1.attn,0.000000,0.000000,0.000000,1.000000,norm_normal_functional_failure
glm4,phase291,L0-L2,recursive,pp_chain,rec_pp_photo_album,cross_battn_amlp,1.000000,-0.004636,0.805232,0.809868,0.918249,0.115018,7.983555,1.711780,1.711780,L1.attn,0.000000,0.000000,0.000000,1.000000,norm_normal_functional_failure
glm4,phase291,L0-L4,recursive,pp_chain,rec_pp_photo_album,cross_battn_amlp,1.000000,0.086850,0.843137,0.756287,0.956707,0.097253,9.837309,2.438430,2.438430,L4.mlp,0.000000,0.000000,0.000000,1.000000,norm_normal_functional_failure
glm4,phase291,L0-L8,recursive,pp_chain,rec_pp_photo_album,cross_battn_amlp,1.000000,0.255576,0.870471,0.614894,0.825820,0.090057,9.169968,2.438430,2.438430,L4.mlp,0.000000,0.000000,0.000000,1.000000,norm_normal_functional_failure
glm4,phase291,L4-L8,recursive,pp_chain,rec_pp_photo_album,cross_battn_amlp,1.000000,0.121822,0.830213,0.708391,0.898246,0.083035,10.817647,2.438430,2.438430,L4.mlp,0.000000,0.000000,0.000000,1.000000,norm_normal_functional_failure
glm4,phase291,L0,recursive,pp_chain,rec_pp_bag_chair,cross_battn_amlp,1.000000,-0.008327,0.730483,0.738811,0.984862,0.257578,3.823554,1.102817,1.102817,L0.attn,0.000000,0.000000,0.000000,1.000000,norm_normal_functional_failure
glm4,phase291,L0-L1,recursive,pp_chain,rec_pp_bag_chair,cross_battn_amlp,1.000000,0.000484,0.747813,0.747329,1.001481,0.160217,6.250778,1.748545,1.748545,L1.attn,0.000000,0.000000,0.000000,1.000000,norm_normal_functional_failure
glm4,phase291,L0-L2,recursive,pp_chain,rec_pp_bag_chair,cross_battn_amlp,1.000000,0.003221,0.790958,0.787737,0.961440,0.113282,8.487158,1.921059,1.921059,L2.mlp,0.000000,0.000000,0.000000,1.000000,norm_normal_functional_failure
glm4,phase291,L0-L4,recursive,pp_chain,rec_pp_bag_chair,cross_battn_amlp,1.000000,0.136283,0.884246,0.747963,1.012386,0.067502,14.997855,2.345038,2.345038,L4.mlp,0.000000,0.000000,0.000000,1.000000,norm_normal_functional_failure
glm4,phase291,L0-L8,recursive,pp_chain,rec_pp_bag_chair,cross_battn_amlp,1.000000,0.045703,0.889869,0.844165,0.944904,0.066735,14.159064,2.345038,2.345038,L4.mlp,0.000000,0.000000,0.000000,1.000000,norm_normal_functional_failure
glm4,phase291,L4-L8,recursive,pp_chain,rec_pp_bag_chair,cross_battn_amlp,1.000000,0.036738,0.854587,0.817849,0.963309,0.047864,20.126102,2.345038,2.345038,L4.mlp,0.000000,0.000000,0.000000,1.000000,norm_normal_functional_failure
glm4,phase291,L0,recursive,pp_chain,rec_pp_path_forest,cross_battn_amlp,1.000000,-0.012599,0.750759,0.763358,0.998812,0.053746,18.583780,0.897127,0.897127,L0.attn,0.000000,0.000000,0.000000,1.000000,norm_normal_functional_failure
glm4,phase291,L0-L1,recursive,pp_chain,rec_pp_path_forest,cross_battn_amlp,1.000000,-0.022474,0.934847,0.957321,0.985858,0.006626,148.796767,1.746272,1.746272,L1.attn,0.000000,0.000000,0.000000,1.000000,norm_normal_functional_failure
glm4,phase291,L0-L2,recursive,pp_chain,rec_pp_path_forest,cross_battn_amlp,1.000000,-0.028933,0.937572,0.966505,1.001371,0.005672,176.531972,1.746272,1.746272,L1.attn,0.000000,0.000000,0.000000,1.000000,norm_normal_functional_failure
glm4,phase291,L0-L4,recursive,pp_chain,rec_pp_path_forest,cross_battn_amlp,1.000000,0.188354,0.939178,0.750824,0.997657,0.005621,177.487113,2.822376,2.822376,L4.mlp,0.000000,0.000000,0.000000,1.000000,norm_normal_functional_failure
glm4,phase291,L0-L8,recursive,pp_chain,rec_pp_path_forest,cross_battn_amlp,1.000000,0.122705,0.922959,0.800254,1.035616,0.005013,206.580187,2.822376,2.822376,L4.mlp,0.000000,0.000000,0.000000,1.000000,norm_normal_functional_failure
glm4,phase291,L4-L8,recursive,pp_chain,rec_pp_path_forest,cross_battn_amlp,1.000000,0.081944,0.924415,0.842471,1.041450,0.009344,111.462120,2.822376,2.822376,L4.mlp,0.000000,0.000000,0.000000,1.000000,norm_normal_functional_failure
glm4,phase291,L0,recursive,pp_chain,rec_pp_note_book,cross_battn_amlp,1.000000,0.019549,0.823901,0.804351,1.039873,0.203923,5.099331,1.233945,1.233945,L0.attn,0.000000,0.000000,0.000000,1.000000,norm_normal_functional_failure
glm4,phase291,L0-L1,recursive,pp_chain,rec_pp_note_book,cross_battn_amlp,1.000000,0.023860,0.834944,0.811084,1.021466,0.078515,13.009865,2.260514,2.260514,L1.attn,0.000000,0.000000,0.000000,1.000000,norm_normal_functional_failure
glm4,phase291,L0-L2,recursive,pp_chain,rec_pp_note_book,cross_battn_amlp,1.000000,0.019613,0.831964,0.812351,0.948352,0.060219,15.748263,2.260514,2.260514,L1.attn,0.000000,0.000000,0.000000,1.000000,norm_normal_functional_failure
glm4,phase291,L0-L4,recursive,pp_chain,rec_pp_note_book,cross_battn_amlp,1.000000,0.280018,0.819694,0.539676,0.856570,0.050653,16.910501,2.749738,2.749738,L4.mlp,0.000000,0.000000,0.000000,1.000000,norm_normal_functional_failure
glm4,phase291,L0-L8,recursive,pp_chain,rec_pp_note_book,cross_battn_amlp,1.000000,0.160203,0.790965,0.630762,0.954668,0.044281,21.559419,2.749738,2.749738,L4.mlp,0.000000,0.000000,0.000000,1.000000,norm_normal_functional_failure
glm4,phase291,L4-L8,recursive,pp_chain,rec_pp_note_book,cross_battn_amlp,1.000000,0.115046,0.800117,0.685070,0.954624,0.053394,17.878712,2.749738,2.749738,L4.mlp,0.000000,0.000000,0.000000,1.000000,norm_normal_functional_failure
glm4,phase291,L0-L1,recursive,pp_chain,rec_pp_lamp_sofa,cross_battn_amlp,1.000000,-0.003476,0.710626,0.714102,0.990921,0.187111,5.295912,2.473073,2.473073,L1.attn,0.000000,0.000000,0.000000,1.000000,norm_normal_functional_failure
glm4,phase291,L0-L2,recursive,pp_chain,rec_pp_lamp_sofa,cross_battn_amlp,1.000000,0.013689,0.764643,0.750954,1.024479,0.151079,6.781084,2.473073,2.473073,L1.attn,0.000000,0.000000,0.000000,1.000000,norm_normal_functional_failure
glm4,phase291,L0-L4,recursive,pp_chain,rec_pp_lamp_sofa,cross_battn_amlp,1.000000,0.078056,0.909488,0.831433,0.988359,0.046285,21.353798,2.545972,2.545972,L4.attn,0.000000,0.000000,0.000000,1.000000,norm_normal_functional_failure
glm4,phase291,L0-L8,recursive,pp_chain,rec_pp_lamp_sofa,cross_battn_amlp,1.000000,0.104615,0.889434,0.784819,0.820256,0.041881,19.585559,2.545972,2.545972,L4.attn,0.000000,0.000000,0.000000,1.000000,norm_normal_functional_failure
glm4,phase291,L4-L8,recursive,pp_chain,rec_pp_lamp_sofa,cross_battn_amlp,1.000000,0.091257,0.788478,0.697221,0.840815,0.070575,11.913840,2.545972,2.545972,L4.attn,0.000000,0.000000,0.000000,1.000000,norm_normal_functional_failure
glm4,phase291,L0,recursive,pp_chain,rec_pp_ring_box,cross_battn_amlp,1.000000,-0.010531,0.777940,0.788470,1.058547,0.341001,3.104238,1.550803,1.550803,L0.attn,0.000000,0.000000,0.000000,1.000000,norm_normal_functional_failure
glm4,phase291,L0-L1,recursive,pp_chain,rec_pp_ring_box,cross_battn_amlp,1.000000,0.043030,0.803886,0.760855,1.008379,0.274506,3.673437,1.550803,1.550803,L0.attn,0.000000,0.000000,0.000000,1.000000,norm_normal_functional_failure
glm4,phase291,L0-L2,recursive,pp_chain,rec_pp_ring_box,cross_battn_amlp,1.000000,-0.020481,0.788772,0.809253,0.982601,0.263408,3.730340,1.717472,1.717472,L2.mlp,0.000000,0.000000,0.000000,1.000000,norm_normal_functional_failure
glm4,phase291,L0-L4,recursive,pp_chain,rec_pp_ring_box,cross_battn_amlp,1.000000,0.055706,0.891786,0.836080,1.034035,0.224019,4.615826,2.210138,2.210138,L4.mlp,0.000000,0.000000,0.000000,1.000000,norm_normal_functional_failure
glm4,phase291,L0-L8,recursive,pp_chain,rec_pp_ring_box,cross_battn_amlp,1.000000,0.177511,0.912566,0.735055,0.926500,0.203437,4.554237,2.613875,2.613875,L8.attn,0.000000,0.000000,0.000000,1.000000,norm_normal_functional_failure
glm4,phase291,L4-L8,recursive,pp_chain,rec_pp_ring_box,cross_battn_amlp,1.000000,0.142886,0.925453,0.782568,0.941255,0.171221,5.497308,2.613875,2.613875,L8.attn,0.000000,0.000000,0.000000,1.000000,norm_normal_functional_failure
glm4,phase291,L0,recursive,relative_clause,rec_rel_man_dog,cross_battn_amlp,1.000000,0.021696,0.860557,0.838860,1.060431,0.024451,43.369157,0.473818,-0.473818,L0.attn,0.000000,0.000000,0.000000,1.000000,norm_normal_functional_failure
glm4,phase291,L0-L1,recursive,relative_clause,rec_rel_man_dog,cross_battn_amlp,1.000000,-0.018544,0.887332,0.905876,1.039696,0.036215,28.709086,1.052993,1.052993,L1.attn,0.000000,0.000000,0.000000,1.000000,norm_normal_functional_failure
glm4,phase291,L0-L2,recursive,relative_clause,rec_rel_man_dog,cross_battn_amlp,1.000000,0.048275,0.898074,0.849799,1.060614,0.010388,102.098999,1.052993,1.052993,L1.attn,0.000000,0.000000,0.000000,1.000000,norm_normal_functional_failure
glm4,phase291,L0-L4,recursive,relative_clause,rec_rel_man_dog,cross_battn_amlp,1.000000,0.075204,0.931037,0.855833,0.979123,0.013313,73.545023,1.052993,1.052993,L1.attn,0.000000,0.000000,0.000000,1.000000,norm_normal_functional_failure
glm4,phase291,L0-L8,recursive,relative_clause,rec_rel_man_dog,cross_battn_amlp,1.000000,0.281483,0.934917,0.653433,1.029678,0.011405,90.282748,1.052993,1.052993,L1.attn,0.000000,0.000000,0.000000,1.000000,norm_normal_functional_failure
glm4,phase291,L4-L8,recursive,relative_clause,rec_rel_man_dog,cross_battn_amlp,1.000000,0.137161,0.835207,0.698046,1.025564,0.039600,25.898290,0.909536,0.909536,L5.attn,0.000000,0.000000,0.000000,1.000000,norm_normal_functional_failure
glm4,phase291,L0,recursive,relative_clause,rec_rel_book_shelf,cross_battn_amlp,1.000000,0.004653,0.935943,0.931290,0.961097,0.020242,47.480783,0.400700,0.400700,L0.attn,0.000000,0.000000,0.000000,1.000000,norm_normal_functional_failure
glm4,phase291,L0-L1,recursive,relative_clause,rec_rel_book_shelf,cross_battn_amlp,1.000000,-0.003106,0.952691,0.955797,0.976419,0.014541,67.149293,0.943583,0.943583,L1.attn,0.000000,0.000000,0.000000,1.000000,norm_normal_functional_failure
glm4,phase291,L0-L2,recursive,relative_clause,rec_rel_book_shelf,cross_battn_amlp,1.000000,0.084108,0.937183,0.853075,0.994456,0.017424,57.073749,2.081843,2.081843,L2.attn,0.000000,0.000000,0.000000,1.000000,norm_normal_functional_failure
glm4,phase291,L0-L4,recursive,relative_clause,rec_rel_book_shelf,cross_battn_amlp,1.000000,0.112510,0.928409,0.815899,1.067985,0.013515,79.020379,2.081843,2.081843,L2.attn,0.000000,0.000000,0.000000,1.000000,norm_normal_functional_failure
glm4,phase291,L4-L8,recursive,relative_clause,rec_rel_book_shelf,cross_battn_amlp,1.000000,0.359497,0.892492,0.532995,0.794602,0.007361,107.943526,1.929961,1.929961,L4.mlp,0.000000,0.000000,0.000000,1.000000,norm_normal_functional_failure
glm4,phase291,L0,recursive,relative_clause,rec_rel_student_question,cross_battn_amlp,1.000000,-0.018050,0.968767,0.986817,1.027484,0.071045,14.462417,0.579214,-0.579214,L0.mlp,0.000000,0.000000,0.000000,1.000000,norm_normal_functional_failure
glm4,phase291,L0-L1,recursive,relative_clause,rec_rel_student_question,cross_battn_amlp,1.000000,0.001377,0.985327,0.983949,1.077947,0.045681,23.597174,0.646080,0.646080,L1.attn,0.000000,0.000000,0.000000,1.000000,norm_normal_functional_failure
glm4,phase291,L0-L2,recursive,relative_clause,rec_rel_student_question,cross_battn_amlp,1.000000,-0.021019,0.998408,1.019427,0.995434,0.036827,27.029911,0.646080,0.646080,L1.attn,0.000000,0.000000,0.000000,1.000000,norm_normal_functional_failure
glm4,phase291,L0-L4,recursive,relative_clause,rec_rel_student_question,cross_battn_amlp,1.000000,0.051854,1.002051,0.950197,1.024553,0.031626,32.396043,0.819632,0.819632,L4.mlp,0.000000,0.000000,0.000000,1.000000,norm_normal_functional_failure
glm4,phase291,L0-L8,recursive,relative_clause,rec_rel_student_question,cross_battn_amlp,1.000000,0.148650,0.983437,0.834787,0.952675,0.025464,37.412883,0.819632,0.819632,L4.mlp,0.000000,0.000000,0.000000,1.000000,norm_normal_functional_failure
glm4,phase291,L4-L8,recursive,relative_clause,rec_rel_student_question,cross_battn_amlp,1.000000,0.110682,1.007580,0.896898,0.951252,0.053739,17.701329,0.819632,0.819632,L4.mlp,0.000000,0.000000,0.000000,1.000000,norm_normal_functional_failure
glm4,phase291,L0,recursive,relative_clause,rec_rel_woman_car,cross_battn_amlp,1.000000,0.017223,1.064628,1.047405,1.065516,0.021872,48.716711,0.478642,-0.478642,L0.attn,0.000000,0.000000,0.000000,1.000000,norm_normal_functional_failure
glm4,phase291,L0-L1,recursive,relative_clause,rec_rel_woman_car,cross_battn_amlp,1.000000,0.021228,1.071283,1.050056,1.077778,0.016734,64.406201,0.832822,0.832822,L1.attn,0.000000,0.000000,0.000000,1.000000,norm_normal_functional_failure
glm4,phase291,L0-L2,recursive,relative_clause,rec_rel_woman_car,cross_battn_amlp,1.000000,0.008827,1.077493,1.068666,1.072113,0.014195,75.526337,0.832822,0.832822,L1.attn,0.000000,0.000000,0.000000,1.000000,norm_normal_functional_failure
glm4,phase291,L0-L4,recursive,relative_clause,rec_rel_woman_car,cross_battn_amlp,1.000000,0.041485,1.069024,1.027539,1.042955,0.015423,67.623763,0.832822,0.832822,L1.attn,0.000000,0.000000,0.000000,1.000000,norm_normal_functional_failure
glm4,phase291,L0-L8,recursive,relative_clause,rec_rel_woman_car,cross_battn_amlp,1.000000,0.036819,1.055780,1.018961,0.960963,0.011505,83.527247,0.832822,0.832822,L1.attn,0.000000,0.000000,0.000000,1.000000,norm_normal_functional_failure
glm4,phase291,L4-L8,recursive,relative_clause,rec_rel_woman_car,cross_battn_amlp,1.000000,0.021772,1.027311,1.005539,0.968721,0.015017,64.508403,0.821355,0.821355,L5.attn,0.000000,0.000000,0.000000,1.000000,norm_normal_functional_failure
glm4,phase291,L0,recursive,relative_clause,rec_rel_city_river,cross_battn_amlp,1.000000,0.046471,0.941929,0.895458,1.019596,0.093255,10.933391,0.112777,0.112777,L0.mlp,0.000000,0.000000,0.000000,1.000000,norm_normal_functional_failure
glm4,phase291,L0-L1,recursive,relative_clause,rec_rel_city_river,cross_battn_amlp,1.000000,0.043618,1.040480,0.996862,0.992985,0.046526,21.342763,1.500506,1.500506,L1.attn,0.000000,0.000000,0.000000,1.000000,norm_normal_functional_failure
glm4,phase291,L0-L2,recursive,relative_clause,rec_rel_city_river,cross_battn_amlp,1.000000,0.078663,1.023564,0.944901,1.024290,0.045204,22.659275,1.500506,1.500506,L1.attn,0.000000,0.000000,0.000000,1.000000,norm_normal_functional_failure
glm4,phase291,L0-L4,recursive,relative_clause,rec_rel_city_river,cross_battn_amlp,1.000000,0.083611,1.010838,0.927227,1.007604,0.043105,23.375639,1.691293,1.691293,L4.mlp,0.000000,0.000000,0.000000,1.000000,norm_normal_functional_failure
glm4,phase291,L0-L8,recursive,relative_clause,rec_rel_city_river,cross_battn_amlp,1.000000,0.010937,0.973744,0.962807,1.033262,0.031482,32.821079,1.691293,1.691293,L4.mlp,0.000000,0.000000,0.000000,1.000000,norm_normal_functional_failure
glm4,phase291,L4-L8,recursive,relative_clause,rec_rel_city_river,cross_battn_amlp,1.000000,0.005645,0.914963,0.909318,1.035142,0.052295,19.794148,1.691293,1.691293,L4.mlp,0.000000,0.000000,0.000000,1.000000,norm_normal_functional_failure
glm4,phase291,L0,recursive,relative_clause,rec_rel_song_radio,cross_battn_amlp,1.000000,0.014168,0.988610,0.974442,1.043210,0.199516,5.228713,0.272090,0.272090,L0.mlp,0.000000,0.000000,0.000000,1.000000,norm_normal_functional_failure
glm4,phase291,L0-L1,recursive,relative_clause,rec_rel_song_radio,cross_battn_amlp,1.000000,-0.022485,0.996946,1.019430,1.021626,0.128398,7.956695,1.362719,1.362719,L1.attn,0.000000,0.000000,0.000000,1.000000,norm_normal_functional_failure
glm4,phase291,L0-L2,recursive,relative_clause,rec_rel_song_radio,cross_battn_amlp,1.000000,0.029959,0.916676,0.886717,0.988635,0.130659,7.566507,1.362719,1.362719,L1.attn,0.000000,0.000000,0.000000,1.000000,norm_normal_functional_failure
glm4,phase291,L0-L4,recursive,relative_clause,rec_rel_song_radio,cross_battn_amlp,1.000000,0.076242,0.908736,0.832495,0.958214,0.125372,7.642975,3.164814,3.164814,L4.mlp,0.000000,0.000000,0.000000,1.000000,norm_normal_functional_failure
glm4,phase291,L0-L8,recursive,relative_clause,rec_rel_song_radio,cross_battn_amlp,1.000000,0.228895,0.884116,0.655221,1.250501,0.096268,12.989774,3.164814,3.164814,L4.mlp,0.000000,0.000000,0.000000,1.000000,norm_normal_functional_failure
glm4,phase291,L4-L8,recursive,relative_clause,rec_rel_song_radio,cross_battn_amlp,1.000000,0.137893,0.953158,0.815265,1.115995,0.146572,7.613993,3.164814,3.164814,L4.mlp,0.000000,0.000000,0.000000,1.000000,norm_normal_functional_failure
glm4,phase291,L0,recursive,relative_clause,rec_rel_box_table,cross_battn_amlp,1.000000,0.046620,0.950131,0.903511,1.018831,0.211758,4.811301,0.971470,-0.971470,L0.mlp,0.000000,0.000000,0.000000,1.000000,norm_normal_functional_failure
glm4,phase291,L0-L1,recursive,relative_clause,rec_rel_box_table,cross_battn_amlp,1.000000,0.039877,0.976645,0.936768,1.095323,0.110501,9.912305,0.971470,-0.971470,L0.mlp,0.000000,0.000000,0.000000,1.000000,norm_normal_functional_failure
glm4,phase291,L0-L2,recursive,relative_clause,rec_rel_box_table,cross_battn_amlp,1.000000,0.101371,0.977210,0.875838,1.013733,0.088393,11.468538,0.971470,-0.971470,L0.mlp,0.000000,0.000000,0.000000,1.000000,norm_normal_functional_failure
glm4,phase291,L0-L4,recursive,relative_clause,rec_rel_box_table,cross_battn_amlp,1.000000,0.421298,0.979086,0.557788,0.584998,0.076682,7.628919,2.915768,2.915768,L4.mlp,0.000000,0.000000,0.000000,1.000000,norm_normal_functional_failure
glm4,phase291,L0,recursive,relative_clause,rec_rel_teacher_lesson,cross_battn_amlp,1.000000,-0.017479,0.905214,0.922693,1.021543,0.067619,15.107226,0.401770,-0.401770,L0.attn,0.000000,0.000000,0.000000,1.000000,norm_normal_functional_failure
glm4,phase291,L0-L1,recursive,relative_clause,rec_rel_teacher_lesson,cross_battn_amlp,1.000000,0.034718,0.866341,0.831623,0.950793,0.049116,19.358123,0.869587,0.869587,L1.mlp,0.000000,0.000000,0.000000,1.000000,norm_normal_functional_failure
glm4,phase291,L0-L2,recursive,relative_clause,rec_rel_teacher_lesson,cross_battn_amlp,1.000000,-0.020498,0.867218,0.887716,1.013220,0.039599,25.586836,0.869587,0.869587,L1.mlp,0.000000,0.000000,0.000000,1.000000,norm_normal_functional_failure
glm4,phase291,L0-L4,recursive,relative_clause,rec_rel_teacher_lesson,cross_battn_amlp,1.000000,0.328645,0.867357,0.538713,0.872213,0.052850,16.503593,0.869587,0.869587,L1.mlp,0.000000,0.000000,0.000000,1.000000,norm_normal_functional_failure
deepseek7b,phase290,L27,logical,and_or,logic_and_or_tea,cross_battn_amlp,1.000000,0.142341,0.849742,0.707401,1.035289,0.530843,1.950273,0.128592,0.128592,L27.mlp,0.000000,0.000000,0.000000,1.000000,norm_normal_functional_failure
deepseek7b,phase290,L26,logical,and_or,logic_and_or_phone,cross_battn_amlp,1.000000,0.008499,0.631178,0.622679,1.001528,0.811763,1.233769,0.472484,-0.472484,L26.next_resid_in,0.000000,0.000000,0.000000,1.000000,norm_normal_functional_failure
deepseek7b,phase290,L27,logical,and_or,logic_and_or_phone,cross_battn_amlp,1.000000,0.118922,1.025300,0.906378,1.692863,0.025685,65.909777,0.561027,-0.561027,L27.mlp,0.000000,0.000000,0.000000,1.000000,norm_normal_functional_failure
deepseek7b,phase290,L20,logical,and_or,logic_and_or_milk,cross_battn_amlp,1.000000,-0.726815,1.280647,2.007463,2.253814,5.605599,0.402065,1.525501,-1.525501,L20.next_resid_in,0.000000,0.000000,0.000000,1.000000,norm_normal_functional_failure
deepseek7b,phase290,L21,logical,and_or,logic_and_or_milk,cross_battn_amlp,1.000000,0.032251,0.691152,0.658901,0.971642,3.944375,0.246336,1.512478,-1.512478,L21.next_resid_in,0.000000,0.000000,0.000000,1.000000,norm_normal_functional_failure
deepseek7b,phase290,L22,logical,and_or,logic_and_or_milk,cross_battn_amlp,1.000000,-0.737096,0.470451,1.207547,2.402639,0.387251,6.204342,1.506693,-1.506693,L22.next_resid_in,0.000000,0.000000,0.000000,1.000000,norm_normal_functional_failure
deepseek7b,phase290,L26,logical,and_or,logic_and_or_milk,cross_battn_amlp,1.000000,-0.019071,1.532234,1.551305,0.967020,2.588471,0.373587,2.576681,-2.576681,L26.mlp,0.000000,0.000000,0.000000,1.000000,norm_normal_functional_failure
deepseek7b,phase290,L27,logical,and_or,logic_and_or_train,cross_battn_amlp,1.000000,-0.123093,0.865765,0.988858,0.654115,0.259781,2.517947,0.571382,-0.571382,L27.attn,0.000000,0.000000,0.000000,1.000000,norm_normal_functional_failure
deepseek7b,phase290,L27,logical,and_or,logic_and_or_report,cross_battn_amlp,1.000000,0.253882,0.946690,0.692807,0.504219,0.431830,1.167633,0.465126,0.465126,L27.mlp,0.000000,0.000000,0.000000,1.000000,norm_normal_functional_failure
deepseek7b,phase290,L21,logical,causal,logic_because_rain,cross_battn_amlp,1.000000,-0.136713,1.101485,1.238198,0.840995,1.100150,0.764437,1.069829,1.069829,L21.attn,0.000000,0.000000,0.000000,1.000000,norm_normal_functional_failure
deepseek7b,phase290,L21,logical,causal,logic_because_rain,cross_aattn_bmlp,1.000000,-0.133361,1.101485,1.234846,0.796725,1.100150,0.724197,0.636453,0.636453,L21.next_layer_out,0.000000,0.000000,0.000000,1.000000,norm_normal_functional_failure
deepseek7b,phase290,L22,logical,causal,logic_because_rain,cross_battn_amlp,1.000000,-0.145225,1.135286,1.280512,0.824150,0.992647,0.830255,0.638210,0.638210,L22.next_layer_out,0.000000,0.000000,0.000000,1.000000,norm_normal_functional_failure
deepseek7b,phase290,L20,logical,causal,logic_because_tired,cross_battn_amlp,1.000000,0.111212,0.744799,0.633587,0.928758,0.606388,1.531623,0.665563,0.665563,L20.next_layer_out,0.000000,0.000000,0.000000,1.000000,norm_normal_functional_failure
deepseek7b,phase290,L20,logical,causal,logic_because_tired,cross_aattn_bmlp,1.000000,-0.672957,0.744799,1.417756,0.909425,0.606388,1.499741,0.673550,0.673550,L20.next_layer_out,0.000000,0.000000,0.000000,1.000000,norm_normal_functional_failure
deepseek7b,phase290,L23,logical,causal,logic_because_tired,cross_aattn_bmlp,1.000000,-1.065490,0.455335,1.520825,0.869194,0.517507,1.679579,1.162098,1.162098,L23.mlp,0.000000,0.000000,0.000000,1.000000,norm_normal_functional_failure
deepseek7b,phase290,L25,logical,causal,logic_because_tired,cross_battn_amlp,1.000000,0.222441,1.194071,0.971630,0.913604,0.261323,3.496075,0.854658,0.854658,L25.mlp,0.000000,0.000000,0.000000,1.000000,norm_normal_functional_failure
deepseek7b,phase290,L27,logical,causal,logic_because_tired,cross_battn_amlp,1.000000,0.054623,0.555260,0.500637,0.982263,0.201965,4.863535,0.754832,0.754832,L27.mlp,0.000000,0.000000,0.000000,1.000000,norm_normal_functional_failure
deepseek7b,phase290,L21,logical,causal,logic_because_noise,cross_battn_amlp,1.000000,-0.133271,1.051590,1.184861,0.945240,1.215071,0.777930,1.253805,1.253805,L21.attn,0.000000,0.000000,0.000000,1.000000,norm_normal_functional_failure
deepseek7b,phase290,L23,logical,causal,logic_because_noise,cross_battn_amlp,1.000000,-0.379146,0.981462,1.360607,0.314488,1.556689,0.202024,1.102981,1.102981,L23.mlp,0.000000,0.000000,0.000000,1.000000,norm_normal_functional_failure
deepseek7b,phase290,L24,logical,causal,logic_because_noise,cross_battn_amlp,1.000000,0.049558,0.770870,0.721312,1.021942,1.539925,0.663631,1.342392,1.342392,L24.mlp,0.000000,0.000000,0.000000,1.000000,norm_normal_functional_failure
deepseek7b,phase290,L25,logical,causal,logic_because_noise,cross_battn_amlp,1.000000,-0.221425,0.936280,1.157704,1.005938,1.637444,0.614335,0.896469,0.896469,L25.mlp,0.000000,0.000000,0.000000,1.000000,norm_normal_functional_failure
deepseek7b,phase290,L27,logical,causal,logic_because_noise,cross_battn_amlp,1.000000,0.371663,1.037174,0.665511,0.247385,0.220665,1.121090,0.886946,0.886946,L27.mlp,0.000000,0.000000,0.000000,1.000000,norm_normal_functional_failure
deepseek7b,phase290,L27,logical,causal,logic_because_dark,cross_battn_amlp,1.000000,0.036909,1.085419,1.048509,1.387335,0.472444,2.936510,1.349845,1.349845,L27.mlp,0.000000,0.000000,0.000000,1.000000,norm_normal_functional_failure
deepseek7b,phase290,L23,logical,causal,logic_because_sale,cross_aattn_bmlp,1.000000,-0.192719,0.983251,1.175970,1.980560,0.171071,11.577391,1.109982,-1.109982,L23.attn,0.000000,0.000000,0.000000,1.000000,norm_normal_functional_failure
deepseek7b,phase290,L27,logical,causal,logic_because_sale,cross_battn_amlp,1.000000,-0.071871,0.965387,1.037258,1.113828,0.172939,6.440568,0.814599,-0.814599,L27.attn,0.000000,0.000000,0.000000,1.000000,norm_normal_functional_failure
deepseek7b,phase290,L25,logical,causal,logic_because_error,cross_battn_amlp,1.000000,-0.056118,0.480681,0.536798,0.982798,1.668819,0.588919,0.858211,0.858211,L25.mlp,0.000000,0.000000,0.000000,1.000000,norm_normal_functional_failure
deepseek7b,phase290,L26,logical,causal,logic_because_error,cross_battn_amlp,1.000000,-0.061181,0.522361,0.583542,1.056654,1.057464,0.999234,0.820694,0.820694,L26.mlp,0.000000,0.000000,0.000000,1.000000,norm_normal_functional_failure
deepseek7b,phase290,L20,logical,causal,logic_because_wind,cross_battn_amlp,1.000000,0.028923,0.557776,0.528853,0.965913,0.324646,2.975286,0.821324,0.821324,L20.attn,0.000000,0.000000,0.000000,1.000000,norm_normal_functional_failure
deepseek7b,phase290,L21,logical,causal,logic_because_wind,cross_aattn_bmlp,1.000000,-0.536060,0.481470,1.017530,1.383077,0.500427,2.763793,1.244506,1.244506,L21.mlp,0.000000,0.000000,0.000000,1.000000,norm_normal_functional_failure
deepseek7b,phase290,L24,logical,causal,logic_because_wind,cross_battn_amlp,1.000000,-0.017121,0.670727,0.687848,1.016425,0.366750,2.771436,1.424954,1.424954,L24.attn,0.000000,0.000000,0.000000,1.000000,norm_normal_functional_failure
deepseek7b,phase290,L26,logical,causal,logic_because_wind,cross_battn_amlp,1.000000,-0.264498,0.644159,0.908657,1.195480,0.289747,4.125939,0.823347,0.823347,L26.mlp,0.000000,0.000000,0.000000,1.000000,norm_normal_functional_failure
deepseek7b,phase290,L27,logical,causal,logic_because_wind,cross_battn_amlp,1.000000,0.057710,0.634364,0.576654,1.007280,0.214796,4.689464,2.471489,2.471489,L27.mlp,0.000000,0.000000,0.000000,1.000000,norm_normal_functional_failure
deepseek7b,phase290,L20,logical,causal,logic_because_busy,cross_battn_amlp,1.000000,0.805807,1.383800,0.577993,0.730500,1.486751,0.491340,0.677217,0.677217,L20.next_layer_out,0.000000,0.000000,0.000000,1.000000,norm_normal_functional_failure
deepseek7b,phase290,L22,logical,causal,logic_because_busy,cross_battn_amlp,1.000000,0.778891,1.411104,0.632213,0.801209,1.497381,0.535074,1.349296,1.349296,L22.mlp,0.000000,0.000000,0.000000,1.000000,norm_normal_functional_failure
deepseek7b,phase290,L23,logical,causal,logic_because_busy,cross_aattn_bmlp,1.000000,0.020405,0.791255,0.770851,0.613536,0.514257,1.193053,0.709299,0.709299,L23.attn,0.000000,0.000000,0.000000,1.000000,norm_normal_functional_failure
deepseek7b,phase290,L27,logical,causal,logic_because_busy,cross_battn_amlp,1.000000,-0.227772,0.609527,0.837299,1.392572,0.865635,1.608729,2.240021,2.240021,L27.mlp,0.000000,0.000000,0.000000,1.000000,norm_normal_functional_failure
deepseek7b,phase290,L26,logical,conditional,logic_if_rain,cross_battn_amlp,1.000000,-0.006867,1.163107,1.169974,1.000765,1.323648,0.756066,2.350105,-2.350105,L26.mlp,0.000000,0.000000,0.000000,1.000000,norm_normal_functional_failure
deepseek7b,phase290,L27,logical,conditional,logic_if_rain,cross_battn_amlp,1.000000,0.342631,1.009270,0.666639,0.774780,0.515184,1.503889,1.776770,-1.776770,L27.attn,0.000000,0.000000,0.000000,1.000000,norm_normal_functional_failure
deepseek7b,phase290,L27,logical,conditional,logic_if_rain,cross_aattn_bmlp,1.000000,0.433434,1.009270,0.575836,1.070443,0.515184,2.077786,1.963740,-1.963740,L27.mlp,0.000000,0.000000,0.000000,1.000000,norm_normal_functional_failure
deepseek7b,phase290,L25,logical,conditional,logic_if_hungry,cross_battn_amlp,1.000000,-0.012986,1.876908,1.889893,1.185030,0.844821,1.402700,1.773608,-1.773608,L25.mlp,0.000000,0.000000,0.000000,1.000000,norm_normal_functional_failure
deepseek7b,phase290,L26,logical,conditional,logic_if_hungry,cross_battn_amlp,1.000000,-0.063649,1.861346,1.924995,0.917647,0.666804,1.376187,2.357266,-2.357266,L26.mlp,0.000000,0.000000,0.000000,1.000000,norm_normal_functional_failure
deepseek7b,phase290,L27,logical,conditional,logic_if_hungry,cross_battn_amlp,1.000000,0.220341,1.146938,0.926596,0.792292,0.842596,0.940298,1.076101,-1.076101,L27.mlp,0.000000,0.000000,0.000000,1.000000,norm_normal_functional_failure
deepseek7b,phase290,L20,logical,conditional,logic_if_alarm,cross_battn_amlp,1.000000,-0.441810,0.849126,1.290936,0.912438,0.202219,4.512139,1.430159,-1.430159,L20.next_resid_in,0.000000,0.000000,0.000000,1.000000,norm_normal_functional_failure
deepseek7b,phase290,L21,logical,conditional,logic_if_alarm,cross_battn_amlp,1.000000,0.228573,0.823550,0.594977,0.856731,0.192797,4.443684,1.418222,-1.418222,L21.next_resid_in,0.000000,0.000000,0.000000,1.000000,norm_normal_functional_failure
deepseek7b,phase290,L23,logical,conditional,logic_if_alarm,cross_battn_amlp,1.000000,-0.147330,0.734313,0.881644,0.977290,0.370560,2.637332,1.416527,-1.416527,L23.next_layer_out,0.000000,0.000000,0.000000,1.000000,norm_normal_functional_failure
deepseek7b,phase290,L23,logical,conditional,logic_if_alarm,cross_aattn_bmlp,1.000000,0.194969,0.734313,0.539344,0.925341,0.370560,2.497141,1.418576,-1.418576,L23.next_layer_out,0.000000,0.000000,0.000000,1.000000,norm_normal_functional_failure
deepseek7b,phase290,L24,logical,conditional,logic_if_alarm,cross_battn_amlp,1.000000,0.163012,0.826241,0.663228,0.952520,0.198915,4.788567,1.416720,-1.416720,L24.next_resid_in,0.000000,0.000000,0.000000,1.000000,norm_normal_functional_failure
deepseek7b,phase290,L24,logical,conditional,logic_if_alarm,cross_aattn_bmlp,1.000000,0.122639,0.826241,0.703601,0.860327,0.198915,4.325089,1.424354,-1.424354,L24.next_resid_in,0.000000,0.000000,0.000000,1.000000,norm_normal_functional_failure
deepseek7b,phase290,L25,logical,conditional,logic_if_alarm,cross_battn_amlp,1.000000,0.810345,1.662126,0.851782,0.308011,0.441327,0.697920,1.655340,-1.655340,L25.mlp,0.000000,0.000000,0.000000,1.000000,norm_normal_functional_failure
deepseek7b,phase290,L26,logical,conditional,logic_if_alarm,cross_battn_amlp,1.000000,-0.178337,1.311898,1.490235,0.993259,0.514209,1.931624,2.342170,-2.342170,L26.mlp,0.000000,0.000000,0.000000,1.000000,norm_normal_functional_failure
deepseek7b,phase290,L27,logical,conditional,logic_if_alarm,cross_battn_amlp,1.000000,0.256094,0.968653,0.712558,0.228243,0.030962,7.371693,0.659302,0.659302,L27.attn,0.000000,0.000000,0.000000,1.000000,norm_normal_functional_failure
deepseek7b,phase290,L21,logical,conditional,logic_if_late,cross_battn_amlp,1.000000,0.043109,1.154903,1.111794,0.943168,0.231708,4.070503,1.418275,1.418275,L21.attn,0.000000,0.000000,0.000000,1.000000,norm_normal_functional_failure
deepseek7b,phase290,L23,logical,conditional,logic_if_late,cross_battn_amlp,1.000000,0.211307,0.814985,0.603678,1.034366,0.510391,2.026613,1.415678,-1.415678,L23.next_layer_out,0.000000,0.000000,0.000000,1.000000,norm_normal_functional_failure
deepseek7b,phase290,L27,logical,conditional,logic_if_ready,cross_battn_amlp,1.000000,0.150671,0.841102,0.690431,0.166202,0.118142,1.406802,2.215410,-2.215410,L27.mlp,0.000000,0.000000,0.000000,1.000000,norm_normal_functional_failure
deepseek7b,phase290,L20,logical,conditional,logic_if_sick,cross_battn_amlp,1.000000,-0.008093,0.725942,0.734035,0.961302,0.164370,5.848415,1.429596,-1.429596,L20.next_resid_in,0.000000,0.000000,0.000000,1.000000,norm_normal_functional_failure
deepseek7b,phase290,L21,logical,conditional,logic_if_sick,cross_aattn_bmlp,1.000000,0.005342,0.912568,0.907226,0.839875,0.151834,5.531543,1.417953,-1.417953,L21.next_resid_in,0.000000,0.000000,0.000000,1.000000,norm_normal_functional_failure
deepseek7b,phase290,L27,logical,conditional,logic_if_sick,cross_battn_amlp,1.000000,0.114437,0.981078,0.866641,1.085460,0.088709,12.236171,1.225807,1.225807,L27.mlp,0.000000,0.000000,0.000000,1.000000,norm_normal_functional_failure
deepseek7b,phase290,L24,logical,conditional,logic_if_safe,cross_battn_amlp,1.000000,-0.028635,0.685207,0.713842,0.965228,0.788577,1.224012,1.414077,-1.414077,L24.next_resid_in,0.000000,0.000000,0.000000,1.000000,norm_normal_functional_failure
deepseek7b,phase290,L26,logical,conditional,logic_if_safe,cross_battn_amlp,1.000000,-0.014452,1.656516,1.670968,0.961107,0.364306,2.638182,2.339951,-2.339951,L26.mlp,0.000000,0.000000,0.000000,1.000000,norm_normal_functional_failure
deepseek7b,phase290,L27,logical,conditional,logic_if_safe,cross_battn_amlp,1.000000,0.452348,1.052029,0.599680,0.663620,0.299999,2.212070,2.305460,-2.305460,L27.attn,0.000000,0.000000,0.000000,1.000000,norm_normal_functional_failure
deepseek7b,phase290,L27,logical,conditional,logic_if_safe,cross_aattn_bmlp,1.000000,0.483509,1.052029,0.568519,0.572079,0.299999,1.906935,1.119156,-1.119156,L27.mlp,0.000000,0.000000,0.000000,1.000000,norm_normal_functional_failure
deepseek7b,phase290,L22,logical,conditional,logic_if_needed,cross_aattn_bmlp,1.000000,0.012908,0.690868,0.677960,0.763275,0.381576,2.000324,1.426793,-1.426793,L22.next_resid_in,0.000000,0.000000,0.000000,1.000000,norm_normal_functional_failure
deepseek7b,phase290,L23,logical,conditional,logic_if_needed,cross_aattn_bmlp,1.000000,0.038345,0.647108,0.608763,0.775652,0.814978,0.951747,1.427874,-1.427874,L23.next_layer_out,0.000000,0.000000,0.000000,1.000000,norm_normal_functional_failure
deepseek7b,phase290,L21,logical,contrast,logic_although_rain,cross_battn_amlp,1.000000,-0.004237,1.206299,1.210536,0.918669,0.637928,1.440084,0.422110,-0.422110,L21.next_layer_out,0.000000,0.000000,0.000000,1.000000,norm_normal_functional_failure
deepseek7b,phase290,L22,logical,contrast,logic_although_rain,cross_battn_amlp,1.000000,-0.023607,0.547965,0.571571,1.006938,1.094247,0.920211,0.423785,-0.423785,L22.next_layer_out,0.000000,0.000000,0.000000,1.000000,norm_normal_functional_failure
deepseek7b,phase290,L23,logical,contrast,logic_although_rain,cross_battn_amlp,1.000000,-0.005594,1.269457,1.275052,0.981687,0.617806,1.588989,0.423790,-0.423790,L23.next_resid_in,0.000000,0.000000,0.000000,1.000000,norm_normal_functional_failure
deepseek7b,phase290,L23,logical,contrast,logic_although_rain,cross_aattn_bmlp,1.000000,0.585208,1.269457,0.684249,1.308225,0.617806,2.117534,0.561459,0.561459,L23.mlp,0.000000,0.000000,0.000000,1.000000,norm_normal_functional_failure
deepseek7b,phase290,L27,logical,contrast,logic_although_rain,cross_aattn_bmlp,1.000000,0.281736,0.831880,0.550144,1.069450,0.855613,1.249923,1.014367,1.014367,L27.mlp,0.000000,0.000000,0.000000,1.000000,norm_normal_functional_failure
deepseek7b,phase290,L26,logical,contrast,logic_although_tired,cross_battn_amlp,1.000000,-0.169923,1.439634,1.609557,1.026385,0.773745,1.326515,0.816446,0.816446,L26.attn,0.000000,0.000000,0.000000,1.000000,norm_normal_functional_failure
deepseek7b,phase290,L27,logical,contrast,logic_although_tired,cross_aattn_bmlp,1.000000,0.226483,0.764138,0.537656,0.899272,0.370229,2.428966,2.208942,2.208942,L27.mlp,0.000000,0.000000,0.000000,1.000000,norm_normal_functional_failure
deepseek7b,phase290,L20,logical,contrast,logic_although_expensive,mlp,0.250000,0.016687,0.050154,0.033467,0.984647,0.972497,1.012493,0.848721,-0.848721,L20.mlp,1.000000,0.000000,1.000000,0.000000,off_manifold_no_drop
deepseek7b,phase290,L20,logical,contrast,logic_although_expensive,both,0.250000,0.026636,0.050154,0.023519,0.993163,0.972497,1.021251,0.848721,-0.848721,L20.mlp,1.000000,0.000000,1.000000,0.000000,off_manifold_no_drop
deepseek7b,phase290,L26,logical,contrast,logic_although_small,cross_battn_amlp,1.000000,0.089751,0.928958,0.839206,0.868825,1.617774,0.537049,0.498676,-0.498676,L26.next_resid_in,0.000000,0.000000,0.000000,1.000000,norm_normal_functional_failure
deepseek7b,phase290,L27,logical,contrast,logic_although_small,cross_aattn_bmlp,1.000000,0.189325,0.816525,0.627199,1.225336,0.133782,9.159207,0.692130,0.692130,L27.attn,0.000000,0.000000,0.000000,1.000000,norm_normal_functional_failure
deepseek7b,phase290,L20,logical,contrast,logic_although_late,mlp,0.000000,0.000000,-0.020185,-0.020185,1.000000,0.994685,1.005343,0.753631,-0.753631,L20.mlp,1.000000,0.000000,1.000000,0.000000,off_manifold_no_drop
deepseek7b,phase290,L20,logical,contrast,logic_although_late,both,0.000000,0.000000,-0.020185,-0.020185,1.000000,0.994685,1.005343,0.753631,-0.753631,L20.mlp,1.000000,0.000000,1.000000,0.000000,off_manifold_no_drop
deepseek7b,phase290,L20,logical,contrast,logic_although_late,mlp,0.250000,0.063343,-0.020185,-0.083528,0.764318,0.994685,0.768401,0.753177,-0.753177,L20.mlp,1.000000,0.000000,1.000000,0.000000,off_manifold_no_drop
deepseek7b,phase290,L20,logical,contrast,logic_although_late,both,0.250000,-0.008063,-0.020185,-0.012122,0.977616,0.994685,0.982840,0.753177,-0.753177,L20.mlp,1.000000,0.000000,1.000000,0.000000,off_manifold_no_drop
deepseek7b,phase290,L20,logical,contrast,logic_although_late,mlp,1.000000,-0.006127,-0.020185,-0.014058,0.856500,0.994685,0.861076,1.655417,1.655417,L20.mlp,1.000000,0.000000,1.000000,0.000000,off_manifold_no_drop
deepseek7b,phase290,L20,logical,contrast,logic_although_late,both,1.000000,-0.020185,-0.020185,0.000000,0.994685,0.994685,1.000000,1.655417,1.655417,L20.mlp,1.000000,0.000000,1.000000,0.000000,off_manifold_no_drop
deepseek7b,phase290,L20,logical,contrast,logic_although_late,cross_battn_amlp,1.000000,-0.006962,-0.020185,-0.013223,1.087960,0.994685,1.093773,0.793497,0.793497,L20.attn,1.000000,0.000000,1.000000,0.000000,off_manifold_no_drop
deepseek7b,phase290,L20,logical,contrast,logic_although_late,cross_aattn_bmlp,1.000000,-0.006127,-0.020185,-0.014058,0.856500,0.994685,0.861076,1.655417,1.655417,L20.mlp,1.000000,0.000000,1.000000,0.000000,off_manifold_no_drop
deepseek7b,phase290,L27,logical,contrast,logic_although_late,cross_battn_amlp,1.000000,-0.141215,0.754164,0.895379,0.802684,0.245023,3.275950,0.452065,-0.452065,L27.attn,0.000000,0.000000,0.000000,1.000000,norm_normal_functional_failure
deepseek7b,phase290,L20,logical,contrast,logic_although_new,cross_battn_amlp,1.000000,-0.005805,0.569177,0.574981,1.004001,0.577367,1.738930,0.765666,-0.765666,L20.mlp,0.000000,0.000000,0.000000,1.000000,norm_normal_functional_failure
deepseek7b,phase290,L25,logical,contrast,logic_although_new,cross_battn_amlp,1.000000,-0.007983,0.569922,0.577906,0.931047,0.424276,2.194437,0.835328,0.835328,L25.attn,0.000000,0.000000,0.000000,1.000000,norm_normal_functional_failure
deepseek7b,phase290,L27,logical,contrast,logic_although_new,cross_battn_amlp,1.000000,0.124135,1.018642,0.894507,0.714937,0.374777,1.907634,0.903995,-0.903995,L27.mlp,0.000000,0.000000,0.000000,1.000000,norm_normal_functional_failure
deepseek7b,phase290,L20,logical,contrast,logic_although_cold,cross_battn_amlp,1.000000,0.105251,0.658440,0.553189,1.421640,2.412405,0.589304,1.326397,1.326397,L20.attn,0.000000,0.000000,0.000000,1.000000,norm_normal_functional_failure
deepseek7b,phase290,L21,logical,contrast,logic_although_cold,cross_battn_amlp,1.000000,0.482096,1.174259,0.692163,1.845528,1.284786,1.436449,1.107998,1.107998,L21.attn,0.000000,0.000000,0.000000,1.000000,norm_normal_functional_failure
deepseek7b,phase290,L22,logical,contrast,logic_although_cold,cross_battn_amlp,1.000000,-0.009002,0.844944,0.853946,0.897600,1.944746,0.461551,0.471604,0.471604,L22.mlp,0.000000,0.000000,0.000000,1.000000,norm_normal_functional_failure
deepseek7b,phase290,L25,logical,contrast,logic_although_cold,cross_battn_amlp,1.000000,-0.038335,0.504400,0.542735,0.815637,0.589582,1.383416,0.494884,-0.494884,L25.next_layer_out,0.000000,0.000000,0.000000,1.000000,norm_normal_functional_failure
deepseek7b,phase290,L27,logical,contrast,logic_although_cold,cross_battn_amlp,1.000000,0.162837,0.975762,0.812925,1.011884,0.963175,1.050571,0.221337,-0.221337,L27.attn,0.000000,0.000000,0.000000,1.000000,norm_normal_functional_failure
deepseek7b,phase290,L27,logical,inference,logic_therefore_rain,cross_battn_amlp,1.000000,-0.041397,0.819119,0.860515,0.826412,1.073062,0.770144,0.766476,-0.766476,L27.attn,0.000000,0.000000,0.000000,1.000000,norm_normal_functional_failure
deepseek7b,phase290,L26,logical,inference,logic_therefore_study,cross_battn_amlp,1.000000,0.074119,0.987348,0.913229,0.997484,1.659324,0.601139,1.740180,1.740180,L26.next_resid_in,0.000000,0.000000,0.000000,1.000000,norm_normal_functional_failure
deepseek7b,phase290,L27,logical,inference,logic_therefore_study,cross_battn_amlp,1.000000,0.026481,0.647786,0.621305,0.916743,0.458460,1.999616,1.103768,1.103768,L27.mlp,0.000000,0.000000,0.000000,1.000000,norm_normal_functional_failure
deepseek7b,phase290,L27,logical,inference,logic_therefore_heat,cross_aattn_bmlp,1.000000,0.517863,1.146218,0.628354,0.273529,0.271062,1.009101,1.604339,1.604339,L27.mlp,0.000000,0.000000,0.000000,1.000000,norm_normal_functional_failure
deepseek7b,phase290,L20,logical,inference,logic_therefore_save,cross_battn_amlp,1.000000,-0.094349,0.784589,0.878938,0.983116,1.217204,0.807684,1.558324,1.558324,L20.next_layer_out,0.000000,0.000000,0.000000,1.000000,norm_normal_functional_failure
deepseek7b,phase290,L21,logical,inference,logic_therefore_save,cross_battn_amlp,1.000000,0.471982,1.402299,0.930317,1.188377,1.102960,1.077443,1.561972,1.561972,L21.next_layer_out,0.000000,0.000000,0.000000,1.000000,norm_normal_functional_failure
deepseek7b,phase290,L21,logical,inference,logic_therefore_save,cross_aattn_bmlp,1.000000,-0.167407,1.402299,1.569707,1.865822,1.102960,1.691650,1.561733,1.561733,L21.next_layer_out,0.000000,0.000000,0.000000,1.000000,norm_normal_functional_failure
deepseek7b,phase290,L22,logical,inference,logic_therefore_save,cross_battn_amlp,1.000000,-0.002213,1.574737,1.576951,1.021579,1.403665,0.727794,1.565462,1.565462,L22.next_layer_out,0.000000,0.000000,0.000000,1.000000,norm_normal_functional_failure
deepseek7b,phase290,L24,logical,inference,logic_therefore_save,cross_battn_amlp,1.000000,0.155421,0.890766,0.735345,0.972584,1.234805,0.787642,1.568022,1.568022,L24.next_resid_in,0.000000,0.000000,0.000000,1.000000,norm_normal_functional_failure
deepseek7b,phase290,L25,logical,inference,logic_therefore_save,cross_battn_amlp,1.000000,0.393618,1.454348,1.060730,0.997046,0.989259,1.007872,1.573516,1.573516,L25.mlp,0.000000,0.000000,0.000000,1.000000,norm_normal_functional_failure
deepseek7b,phase290,L27,logical,inference,logic_therefore_save,cross_battn_amlp,1.000000,0.113299,0.887741,0.774442,0.986847,0.716523,1.377273,1.845974,1.845974,L27.mlp,0.000000,0.000000,0.000000,1.000000,norm_normal_functional_failure
deepseek7b,phase290,L26,logical,inference,logic_therefore_alarm,cross_battn_amlp,1.000000,0.001079,0.814440,0.813361,0.992632,0.909139,1.091838,0.649966,-0.649966,L26.next_layer_out,0.000000,0.000000,0.000000,1.000000,norm_normal_functional_failure
deepseek7b,phase290,L27,logical,inference,logic_therefore_alarm,cross_battn_amlp,1.000000,0.083429,1.030492,0.947063,0.856985,0.251461,3.408024,0.317955,-0.317955,L27.attn,0.000000,0.000000,0.000000,1.000000,norm_normal_functional_failure
deepseek7b,phase290,L20,logical,inference,logic_therefore_battery,cross_battn_amlp,1.000000,0.229767,0.875957,0.646190,0.908335,0.249779,3.636556,0.702701,-0.702701,L20.mlp,0.000000,0.000000,0.000000,1.000000,norm_normal_functional_failure
deepseek7b,phase290,L21,logical,inference,logic_therefore_battery,cross_battn_amlp,1.000000,-0.021996,0.966983,0.988979,0.929971,0.134303,6.924435,1.415075,1.415075,L21.attn,0.000000,0.000000,0.000000,1.000000,norm_normal_functional_failure
deepseek7b,phase290,L21,logical,inference,logic_therefore_battery,cross_aattn_bmlp,1.000000,0.464480,0.966983,0.502502,0.993977,0.134303,7.401016,0.974968,0.974968,L21.attn,0.000000,0.000000,0.000000,1.000000,norm_normal_functional_failure
deepseek7b,phase290,L22,logical,inference,logic_therefore_battery,cross_battn_amlp,1.000000,-0.014102,0.545570,0.559672,0.909061,0.744026,1.221813,0.776889,0.776889,L22.attn,0.000000,0.000000,0.000000,1.000000,norm_normal_functional_failure
deepseek7b,phase290,L27,logical,inference,logic_therefore_battery,cross_battn_amlp,1.000000,0.185785,1.025136,0.839350,0.427858,0.059127,7.236275,1.099207,1.099207,L27.mlp,0.000000,0.000000,0.000000,1.000000,norm_normal_functional_failure
deepseek7b,phase290,L20,logical,inference,logic_therefore_training,cross_battn_amlp,1.000000,0.024974,0.626528,0.601553,1.039672,0.432117,2.405998,0.630932,-0.630932,L20.mlp,0.000000,0.000000,0.000000,1.000000,norm_normal_functional_failure
deepseek7b,phase290,L24,logical,inference,logic_therefore_training,cross_battn_amlp,1.000000,0.447324,0.990351,0.543027,0.994434,0.999706,0.994727,0.605530,0.605530,L24.mlp,0.000000,0.000000,0.000000,1.000000,norm_normal_functional_failure
deepseek7b,phase290,L27,logical,inference,logic_therefore_training,cross_battn_amlp,1.000000,-0.089029,0.581189,0.670218,0.489262,0.312700,1.564637,0.592519,-0.592519,L27.mlp,0.000000,0.000000,0.000000,1.000000,norm_normal_functional_failure
deepseek7b,phase290,L20,negation,existential_no,neg_no_one_came,cross_battn_amlp,1.000000,-0.006386,0.852898,0.859283,0.768760,0.604967,1.270745,2.214682,2.214682,L20.next_layer_out,0.000000,0.000000,0.000000,1.000000,norm_normal_functional_failure
deepseek7b,phase290,L22,negation,existential_no,neg_no_one_came,cross_battn_amlp,1.000000,0.071093,1.131098,1.060005,1.133102,1.288611,0.879321,2.213790,2.213790,L22.next_layer_out,0.000000,0.000000,0.000000,1.000000,norm_normal_functional_failure
deepseek7b,phase290,L23,negation,existential_no,neg_no_one_came,cross_battn_amlp,1.000000,0.106533,1.302084,1.195550,0.972893,2.228368,0.436595,2.219098,2.219098,L23.next_layer_out,0.000000,0.000000,0.000000,1.000000,norm_normal_functional_failure
deepseek7b,phase290,L24,negation,existential_no,neg_no_one_came,cross_battn_amlp,1.000000,-0.151189,0.610405,0.761594,0.944204,0.782867,1.206084,2.228039,2.228039,L24.next_layer_out,0.000000,0.000000,0.000000,1.000000,norm_normal_functional_failure
deepseek7b,phase290,L25,negation,existential_no,neg_no_one_came,cross_battn_amlp,1.000000,0.067245,1.022360,0.955115,0.468864,2.635775,0.177885,2.464554,2.464554,L25.next_layer_out,0.000000,0.000000,0.000000,1.000000,norm_normal_functional_failure
deepseek7b,phase290,L21,negation,existential_no,neg_no_idea,cross_battn_amlp,1.000000,-0.066300,0.783800,0.850100,1.080623,0.115252,9.376200,1.705547,1.705547,L21.next_layer_out,0.000000,0.000000,0.000000,1.000000,norm_normal_functional_failure
deepseek7b,phase290,L22,negation,existential_no,neg_no_idea,cross_battn_amlp,1.000000,-1.332377,0.682639,2.015016,2.123574,0.256699,8.272608,1.707322,1.707322,L22.next_layer_out,0.000000,0.000000,0.000000,1.000000,norm_normal_functional_failure
deepseek7b,phase290,L22,negation,existential_no,neg_no_idea,cross_aattn_bmlp,1.000000,-1.159717,0.682639,1.842356,1.943542,0.256699,7.571276,1.707286,1.707286,L22.next_layer_out,0.000000,0.000000,0.000000,1.000000,norm_normal_functional_failure
deepseek7b,phase290,L25,negation,existential_no,neg_no_idea,cross_battn_amlp,1.000000,-1.836966,0.707711,2.544677,2.412215,0.159803,15.094913,1.764574,1.764574,L25.next_layer_out,0.000000,0.000000,0.000000,1.000000,norm_normal_functional_failure
deepseek7b,phase290,L27,negation,existential_no,neg_no_idea,cross_battn_amlp,1.000000,0.230800,0.995408,0.764608,0.221689,0.059800,3.707153,1.305489,1.305489,L27.mlp,0.000000,0.000000,0.000000,1.000000,norm_normal_functional_failure
deepseek7b,phase290,L27,negation,lexical_not_adj,neg_happy,cross_aattn_bmlp,1.000000,0.280311,0.986827,0.706516,1.152076,0.324067,3.555055,0.912983,-0.912983,L27.attn,0.000000,0.000000,0.000000,1.000000,norm_normal_functional_failure
deepseek7b,phase290,L27,negation,lexical_not_adj,neg_clear,cross_battn_amlp,1.000000,-0.097228,0.901894,0.999121,0.873973,0.391462,2.232586,1.243023,-1.243023,L27.attn,0.000000,0.000000,0.000000,1.000000,norm_normal_functional_failure
deepseek7b,phase290,L20,negation,morphological_neg,neg_dishonest,cross_battn_amlp,1.000000,-0.026465,0.798458,0.824923,0.912454,0.607251,1.502598,1.374995,1.374995,L20.mlp,0.000000,0.000000,0.000000,1.000000,norm_normal_functional_failure
deepseek7b,phase290,L27,negation,morphological_neg,neg_dishonest,cross_battn_amlp,1.000000,0.065512,0.877644,0.812132,1.508481,0.226360,6.664082,1.291923,-1.291923,L27.attn,0.000000,0.000000,0.000000,1.000000,norm_normal_functional_failure
deepseek7b,phase290,L27,negation,never,neg_seen_before,cross_battn_amlp,1.000000,-0.374041,0.459256,0.833298,0.382265,0.202568,1.887096,0.463159,-0.463159,L27.mlp,0.000000,0.000000,0.000000,1.000000,norm_normal_functional_failure
deepseek7b,phase290,L20,negation,never,neg_gives_up,cross_battn_amlp,1.000000,0.092621,0.678013,0.585392,0.970539,0.706527,1.373675,1.696360,1.696360,L20.next_layer_out,0.000000,0.000000,0.000000,1.000000,norm_normal_functional_failure
deepseek7b,phase290,L21,negation,never,neg_gives_up,cross_battn_amlp,1.000000,0.289461,1.586932,1.297471,0.930588,0.406715,2.288060,1.856824,-1.856824,L21.mlp,0.000000,0.000000,0.000000,1.000000,norm_normal_functional_failure
deepseek7b,phase290,L22,negation,never,neg_gives_up,cross_battn_amlp,1.000000,0.026815,1.939385,1.912570,0.989182,0.285905,3.459827,1.823051,-1.823051,L22.attn,0.000000,0.000000,0.000000,1.000000,norm_normal_functional_failure
deepseek7b,phase290,L26,negation,never,neg_gives_up,cross_battn_amlp,1.000000,0.355460,1.934935,1.579474,0.882642,0.562191,1.570005,1.720388,1.720388,L26.next_resid_in,0.000000,0.000000,0.000000,1.000000,norm_normal_functional_failure
deepseek7b,phase290,L27,negation,never,neg_gives_up,cross_battn_amlp,1.000000,0.120175,0.908032,0.787857,1.001200,0.303493,3.298925,0.572207,0.572207,L27.mlp,0.000000,0.000000,0.000000,1.000000,norm_normal_functional_failure
deepseek7b,phase290,L20,negation,never,neg_forgets_face,mlp,0.000000,0.000000,0.112688,0.112688,1.000000,1.537815,0.650273,0.772463,-0.772463,L20.mlp,1.000000,0.000000,1.000000,0.000000,off_manifold_no_drop
deepseek7b,phase290,L20,negation,never,neg_forgets_face,both,0.000000,0.000000,0.112688,0.112688,1.000000,1.537815,0.650273,0.772463,-0.772463,L20.mlp,1.000000,0.000000,1.000000,0.000000,off_manifold_no_drop
deepseek7b,phase290,L20,negation,never,neg_forgets_face,mlp,0.250000,0.010911,0.112688,0.101777,0.970275,1.537815,0.630944,0.981261,-0.981261,L20.mlp,1.000000,0.000000,1.000000,0.000000,off_manifold_no_drop
deepseek7b,phase290,L20,negation,never,neg_forgets_face,both,0.250000,0.014819,0.112688,0.097868,0.970498,1.537815,0.631089,0.981261,-0.981261,L20.mlp,1.000000,0.000000,1.000000,0.000000,off_manifold_no_drop
deepseek7b,phase290,L20,negation,never,neg_forgets_face,mlp,1.000000,0.090497,0.112688,0.022191,1.453655,1.537815,0.945273,1.639999,1.639999,L20.mlp,1.000000,0.000000,1.000000,0.000000,off_manifold_no_drop
deepseek7b,phase290,L20,negation,never,neg_forgets_face,both,1.000000,0.112688,0.112688,0.000000,1.537815,1.537815,1.000000,1.639999,1.639999,L20.mlp,1.000000,0.000000,1.000000,0.000000,off_manifold_no_drop
deepseek7b,phase290,L20,negation,never,neg_forgets_face,cross_battn_amlp,1.000000,0.027949,0.112688,0.084738,0.957735,1.537815,0.622789,0.772463,-0.772463,L20.mlp,1.000000,0.000000,1.000000,0.000000,off_manifold_no_drop
deepseek7b,phase290,L20,negation,never,neg_forgets_face,cross_aattn_bmlp,1.000000,0.090497,0.112688,0.022191,1.453655,1.537815,0.945273,1.639999,1.639999,L20.mlp,1.000000,0.000000,1.000000,0.000000,off_manifold_no_drop
deepseek7b,phase290,L26,negation,never,neg_forgets_face,cross_battn_amlp,1.000000,0.021052,0.891407,0.870355,1.085782,7.325988,0.148210,0.649332,-0.649332,L26.next_resid_in,0.000000,0.000000,0.000000,1.000000,norm_normal_functional_failure
deepseek7b,phase290,L20,negation,never,neg_late,cross_battn_amlp,1.000000,0.095360,0.600399,0.505039,1.000182,0.849155,1.177856,1.651142,1.651142,L20.next_layer_out,0.000000,0.000000,0.000000,1.000000,norm_normal_functional_failure
deepseek7b,phase290,L26,negation,never,neg_late,cross_battn_amlp,1.000000,-0.030921,0.563263,0.594184,1.000234,0.763633,1.309837,1.822314,-1.822314,L26.attn,0.000000,0.000000,0.000000,1.000000,norm_normal_functional_failure
deepseek7b,phase290,L27,negation,never,neg_late,cross_battn_amlp,1.000000,-0.123280,0.749294,0.872574,1.081712,0.793631,1.362990,1.531309,-1.531309,L27.attn,0.000000,0.000000,0.000000,1.000000,norm_normal_functional_failure
deepseek7b,phase290,L20,negation,scope_quantifier,neg_not_all,mlp,0.000000,0.000000,0.176307,0.176307,1.000000,0.884781,1.130223,1.807048,-1.807048,L20.next_resid_in,1.000000,0.000000,1.000000,0.000000,off_manifold_no_drop
deepseek7b,phase290,L20,negation,scope_quantifier,neg_not_all,both,0.000000,0.000000,0.176307,0.176307,1.000000,0.884781,1.130223,1.807048,-1.807048,L20.next_resid_in,1.000000,0.000000,1.000000,0.000000,off_manifold_no_drop
deepseek7b,phase290,L20,negation,scope_quantifier,neg_not_all,mlp,0.250000,0.034071,0.176307,0.142236,0.937159,0.884781,1.059199,1.807060,-1.807060,L20.next_resid_in,1.000000,0.000000,1.000000,0.000000,off_manifold_no_drop
deepseek7b,phase290,L20,negation,scope_quantifier,neg_not_all,both,0.250000,0.033017,0.176307,0.143289,0.929643,0.884781,1.050704,1.807073,-1.807073,L20.next_resid_in,1.000000,0.000000,1.000000,0.000000,off_manifold_no_drop
deepseek7b,phase290,L20,negation,scope_quantifier,neg_not_all,mlp,1.000000,0.170438,0.176307,0.005868,0.847124,0.884781,0.957439,1.803175,-1.803175,L20.next_resid_in,1.000000,0.000000,1.000000,0.000000,off_manifold_no_drop
deepseek7b,phase290,L20,negation,scope_quantifier,neg_not_all,both,1.000000,0.176307,0.176307,0.000000,0.884781,0.884781,1.000000,1.803153,-1.803153,L20.next_resid_in,1.000000,0.000000,1.000000,0.000000,off_manifold_no_drop
deepseek7b,phase290,L20,negation,scope_quantifier,neg_not_all,cross_battn_amlp,1.000000,-0.001474,0.176307,0.177781,1.006714,0.884781,1.137811,1.807104,-1.807104,L20.next_resid_in,1.000000,0.000000,1.000000,0.000000,off_manifold_no_drop
deepseek7b,phase290,L20,negation,scope_quantifier,neg_not_all,cross_aattn_bmlp,1.000000,0.170438,0.176307,0.005868,0.847124,0.884781,0.957439,1.803175,-1.803175,L20.next_resid_in,1.000000,0.000000,1.000000,0.000000,off_manifold_no_drop
deepseek7b,phase290,L25,negation,scope_quantifier,neg_not_all,cross_battn_amlp,1.000000,0.003650,0.595813,0.592163,0.978805,1.490469,0.656709,1.908233,-1.908233,L25.mlp,0.000000,0.000000,0.000000,1.000000,norm_normal_functional_failure
deepseek7b,phase290,L26,negation,scope_quantifier,neg_not_all,cross_battn_amlp,1.000000,-0.034332,1.499488,1.533820,1.014647,0.725522,1.398506,3.343161,-3.343161,L26.mlp,0.000000,0.000000,0.000000,1.000000,norm_normal_functional_failure
deepseek7b,phase290,L27,negation,scope_quantifier,neg_not_all,cross_battn_amlp,1.000000,0.082185,0.981249,0.899064,1.136202,0.634165,1.791651,1.053492,-1.053492,L27.attn,0.000000,0.000000,0.000000,1.000000,norm_normal_functional_failure
deepseek7b,phase290,L25,negation,scope_quantifier,neg_not_always,cross_battn_amlp,1.000000,0.303495,1.078778,0.775283,0.874793,0.761829,1.148279,1.759709,1.759709,L25.mlp,0.000000,0.000000,0.000000,1.000000,norm_normal_functional_failure
deepseek7b,phase290,L26,negation,scope_quantifier,neg_not_always,cross_battn_amlp,1.000000,0.212899,1.766741,1.553842,1.059590,1.108340,0.956016,1.766756,1.766756,L26.next_layer_out,0.000000,0.000000,0.000000,1.000000,norm_normal_functional_failure
deepseek7b,phase290,L27,negation,scope_quantifier,neg_not_always,cross_battn_amlp,1.000000,-0.027766,0.939776,0.967541,0.954913,0.235815,4.049412,1.008282,1.008282,L27.mlp,0.000000,0.000000,0.000000,1.000000,norm_normal_functional_failure
deepseek7b,phase290,L20,negation,scope_quantifier,neg_not_necessarily,mlp,0.000000,0.000000,-0.136582,-0.136582,1.000000,1.020013,0.980379,2.420365,2.420365,L20.mlp,1.000000,0.000000,1.000000,0.000000,off_manifold_no_drop
deepseek7b,phase290,L20,negation,scope_quantifier,neg_not_necessarily,both,0.000000,0.000000,-0.136582,-0.136582,1.000000,1.020013,0.980379,2.420365,2.420365,L20.mlp,1.000000,0.000000,1.000000,0.000000,off_manifold_no_drop
deepseek7b,phase290,L20,negation,scope_quantifier,neg_not_necessarily,mlp,1.000000,-0.120409,-0.136582,-0.016172,1.028292,1.020013,1.008116,0.819431,0.819431,L20.next_layer_out,1.000000,0.000000,1.000000,0.000000,off_manifold_no_drop
deepseek7b,phase290,L20,negation,scope_quantifier,neg_not_necessarily,both,1.000000,-0.136582,-0.136582,0.000000,1.020013,1.020013,1.000000,0.822029,0.822029,L20.next_layer_out,1.000000,0.000000,1.000000,0.000000,off_manifold_no_drop
deepseek7b,phase290,L20,negation,scope_quantifier,neg_not_necessarily,cross_battn_amlp,1.000000,-0.023918,-0.136582,-0.112664,0.998343,1.020013,0.978755,2.420365,2.420365,L20.mlp,1.000000,0.000000,1.000000,0.000000,off_manifold_no_drop
deepseek7b,phase290,L20,negation,scope_quantifier,neg_not_necessarily,cross_aattn_bmlp,1.000000,-0.120409,-0.136582,-0.016172,1.028292,1.020013,1.008116,0.819431,0.819431,L20.next_layer_out,1.000000,0.000000,1.000000,0.000000,off_manifold_no_drop
deepseek7b,phase290,L20,negation,syntactic_do_not,neg_agree,mlp,0.250000,-0.019487,0.055720,0.075207,0.886094,1.777725,0.498443,1.576633,1.576633,L20.next_layer_out,1.000000,0.000000,1.000000,0.000000,off_manifold_no_drop
deepseek7b,phase290,L20,negation,syntactic_do_not,neg_agree,both,0.250000,-0.015593,0.055720,0.071313,0.953296,1.777725,0.536245,1.576830,1.576830,L20.next_layer_out,1.000000,0.000000,1.000000,0.000000,off_manifold_no_drop
deepseek7b,phase290,L27,negation,syntactic_do_not,neg_agree,cross_battn_amlp,1.000000,-0.050214,1.141018,1.191232,0.451980,0.131319,3.441835,0.572760,-0.572760,L27.attn,0.000000,0.000000,0.000000,1.000000,norm_normal_functional_failure
deepseek7b,phase290,L26,negation,syntactic_do_not,neg_remember,cross_battn_amlp,1.000000,0.016716,0.677842,0.661126,0.981045,2.887796,0.339721,0.322494,0.322494,L26.mlp,0.000000,0.000000,0.000000,1.000000,norm_normal_functional_failure
deepseek7b,phase290,L20,negation,syntactic_do_not,neg_understand,mlp,0.250000,-0.096019,-0.001398,0.094621,0.977744,1.361081,0.718359,1.800496,-1.800496,L20.next_resid_in,1.000000,0.000000,1.000000,0.000000,off_manifold_no_drop
deepseek7b,phase290,L20,negation,syntactic_do_not,neg_understand,both,0.250000,-0.098901,-0.001398,0.097503,0.951037,1.361081,0.698736,1.800347,-1.800347,L20.next_resid_in,1.000000,0.000000,1.000000,0.000000,off_manifold_no_drop
deepseek7b,phase290,L25,negation,syntactic_do_not,neg_understand,cross_battn_amlp,1.000000,-0.005405,0.858022,0.863427,1.093617,0.520152,2.102494,1.837659,-1.837659,L25.mlp,0.000000,0.000000,0.000000,1.000000,norm_normal_functional_failure
deepseek7b,phase290,L27,negation,syntactic_do_not,neg_understand,cross_battn_amlp,1.000000,-0.145202,0.867933,1.013136,0.816189,0.260673,3.131078,2.541790,-2.541790,L27.attn,0.000000,0.000000,0.000000,1.000000,norm_normal_functional_failure
deepseek7b,phase290,L26,negation,syntactic_do_not,neg_know,cross_battn_amlp,1.000000,0.012513,1.565303,1.552790,1.016275,1.859451,0.546546,1.771884,1.771884,L26.next_layer_out,0.000000,0.000000,0.000000,1.000000,norm_normal_functional_failure
deepseek7b,phase290,L27,negation,syntactic_do_not,neg_know,cross_battn_amlp,1.000000,-0.005061,0.635125,0.640186,0.809233,0.556677,1.453685,1.091322,1.091322,L27.attn,0.000000,0.000000,0.000000,1.000000,norm_normal_functional_failure
deepseek7b,phase290,L20,negation,syntactic_do_not,neg_support,mlp,0.250000,0.010454,0.055154,0.044700,1.013319,1.089349,0.930206,1.568101,1.568101,L20.next_layer_out,1.000000,0.000000,1.000000,0.000000,off_manifold_no_drop
deepseek7b,phase290,L20,negation,syntactic_do_not,neg_support,both,0.250000,0.015291,0.055154,0.039863,1.015108,1.089349,0.931848,1.568096,1.568096,L20.next_layer_out,1.000000,0.000000,1.000000,0.000000,off_manifold_no_drop
deepseek7b,phase290,L27,negation,syntactic_do_not,neg_support,cross_battn_amlp,1.000000,-0.029916,0.739646,0.769562,0.466724,0.151580,3.079061,0.940636,-0.940636,L27.attn,0.000000,0.000000,0.000000,1.000000,norm_normal_functional_failure
deepseek7b,phase290,L20,negation,syntactic_do_not,neg_expect,mlp,0.000000,0.000000,-0.051940,-0.051940,1.000000,1.111263,0.899877,1.813761,-1.813761,L20.next_resid_in,1.000000,0.000000,1.000000,0.000000,off_manifold_no_drop
deepseek7b,phase290,L20,negation,syntactic_do_not,neg_expect,both,0.000000,0.000000,-0.051940,-0.051940,1.000000,1.111263,0.899877,1.813761,-1.813761,L20.next_resid_in,1.000000,0.000000,1.000000,0.000000,off_manifold_no_drop
deepseek7b,phase290,L20,negation,syntactic_do_not,neg_expect,mlp,0.250000,-0.051554,-0.051940,-0.000386,1.097438,1.111263,0.987559,1.813954,-1.813954,L20.next_resid_in,1.000000,0.000000,1.000000,0.000000,off_manifold_no_drop
deepseek7b,phase290,L20,negation,syntactic_do_not,neg_expect,both,0.250000,-0.048422,-0.051940,-0.003519,1.090141,1.111263,0.980993,1.813939,-1.813939,L20.next_resid_in,1.000000,0.000000,1.000000,0.000000,off_manifold_no_drop
deepseek7b,phase290,L20,negation,syntactic_do_not,neg_expect,mlp,1.000000,-0.040220,-0.051940,-0.011720,1.185317,1.111263,1.066640,2.271185,2.271185,L20.mlp,1.000000,0.000000,1.000000,0.000000,off_manifold_no_drop
deepseek7b,phase290,L20,negation,syntactic_do_not,neg_expect,both,1.000000,-0.051940,-0.051940,0.000000,1.111263,1.111263,1.000000,2.271185,2.271185,L20.mlp,1.000000,0.000000,1.000000,0.000000,off_manifold_no_drop
deepseek7b,phase290,L20,negation,syntactic_do_not,neg_expect,cross_battn_amlp,1.000000,0.008555,-0.051940,-0.060495,0.935785,1.111263,0.842091,1.813727,-1.813727,L20.next_resid_in,1.000000,0.000000,1.000000,0.000000,off_manifold_no_drop
deepseek7b,phase290,L20,negation,syntactic_do_not,neg_expect,cross_aattn_bmlp,1.000000,-0.040220,-0.051940,-0.011720,1.185317,1.111263,1.066640,2.271185,2.271185,L20.mlp,1.000000,0.000000,1.000000,0.000000,off_manifold_no_drop
deepseek7b,phase290,L27,negation,syntactic_do_not,neg_expect,cross_battn_amlp,1.000000,0.038454,0.984018,0.945564,0.771380,0.087732,8.792422,3.078404,-3.078404,L27.attn,0.000000,0.000000,0.000000,1.000000,norm_normal_functional_failure
deepseek7b,phase290,L27,passive,by_phrase,pass_chef_meal,cross_battn_amlp,1.000000,-0.416467,0.974490,1.390957,0.436092,0.100587,4.335491,0.802112,-0.802112,L27.mlp,0.000000,0.000000,0.000000,1.000000,norm_normal_functional_failure
deepseek7b,phase290,L20,passive,by_phrase,pass_artist_picture,mlp,0.250000,-0.003135,0.005230,0.008364,1.018101,1.026511,0.991807,0.931498,-0.931498,L20.mlp,1.000000,0.000000,1.000000,0.000000,off_manifold_no_drop
deepseek7b,phase290,L20,passive,by_phrase,pass_artist_picture,both,0.250000,-0.004675,0.005230,0.009905,1.013205,1.026511,0.987037,0.931498,-0.931498,L20.mlp,1.000000,0.000000,1.000000,0.000000,off_manifold_no_drop
deepseek7b,phase290,L27,passive,by_phrase,pass_artist_picture,cross_battn_amlp,1.000000,-0.341007,1.069362,1.410369,1.065865,0.236891,4.499387,0.694459,-0.694459,L27.mlp,0.000000,0.000000,0.000000,1.000000,norm_normal_functional_failure
deepseek7b,phase290,L27,passive,by_phrase,pass_storm_roof,cross_battn_amlp,1.000000,-0.090040,1.107839,1.197879,0.997100,0.259477,3.842726,0.829418,-0.829418,L27.mlp,0.000000,0.000000,0.000000,1.000000,norm_normal_functional_failure
deepseek7b,phase290,L27,passive,by_phrase,pass_storm_roof,cross_aattn_bmlp,1.000000,0.542263,1.107839,0.565576,0.682866,0.259477,2.631701,0.268035,0.268035,L27.mlp,0.000000,0.000000,0.000000,1.000000,norm_normal_functional_failure
deepseek7b,phase290,L27,passive,by_phrase,pass_police_driver,cross_battn_amlp,1.000000,-0.114910,1.222832,1.337742,0.524454,0.270854,1.936300,0.709053,-0.709053,L27.attn,0.000000,0.000000,0.000000,1.000000,norm_normal_functional_failure
deepseek7b,phase290,L25,passive,dative_passive,pass_gift_given,cross_battn_amlp,1.000000,-0.024613,1.255960,1.280573,0.966657,0.598577,1.614925,0.553497,0.553497,L25.attn,0.000000,0.000000,0.000000,1.000000,norm_normal_functional_failure
deepseek7b,phase290,L26,passive,dative_passive,pass_gift_given,cross_battn_amlp,1.000000,0.005051,1.239381,1.234330,1.017080,0.320865,3.169804,0.789302,0.789302,L26.attn,0.000000,0.000000,0.000000,1.000000,norm_normal_functional_failure
deepseek7b,phase290,L27,passive,dative_passive,pass_gift_given,cross_battn_amlp,1.000000,-0.080245,0.702254,0.782499,0.733835,0.328727,2.232351,1.094151,1.094151,L27.attn,0.000000,0.000000,0.000000,1.000000,norm_normal_functional_failure
deepseek7b,phase290,L26,passive,dative_passive,pass_offer_made,cross_battn_amlp,1.000000,0.015156,0.680809,0.665653,0.987527,1.411124,0.699816,0.501767,-0.501767,L26.next_resid_in,0.000000,0.000000,0.000000,1.000000,norm_normal_functional_failure
deepseek7b,phase290,L27,passive,dative_passive,pass_offer_made,cross_battn_amlp,1.000000,0.017060,1.132754,1.115695,0.869588,0.303273,2.867349,1.030701,1.030701,L27.attn,0.000000,0.000000,0.000000,1.000000,norm_normal_functional_failure
deepseek7b,phase290,L20,passive,dative_passive,pass_task_assigned,mlp,0.250000,0.061409,0.245437,0.184028,0.955091,1.005831,0.949554,0.848853,-0.848853,L20.mlp,1.000000,0.000000,1.000000,0.000000,off_manifold_no_drop
deepseek7b,phase290,L20,passive,dative_passive,pass_task_assigned,both,0.250000,0.063899,0.245437,0.181538,0.968637,1.005831,0.963021,0.848853,-0.848853,L20.mlp,1.000000,0.000000,1.000000,0.000000,off_manifold_no_drop
deepseek7b,phase290,L26,passive,dative_passive,pass_task_assigned,cross_battn_amlp,1.000000,0.029951,1.145587,1.115636,1.039575,3.806544,0.273102,0.931445,0.931445,L26.attn,0.000000,0.000000,0.000000,1.000000,norm_normal_functional_failure
deepseek7b,phase290,L27,passive,dative_passive,pass_ticket_sent,cross_battn_amlp,1.000000,-0.115305,1.135024,1.250329,0.893905,0.364603,2.451722,0.519050,-0.519050,L27.attn,0.000000,0.000000,0.000000,1.000000,norm_normal_functional_failure
deepseek7b,phase290,L26,passive,dative_passive,pass_chance_given,cross_battn_amlp,1.000000,0.005782,1.381716,1.375934,0.982030,0.763349,1.286477,0.474279,-0.474279,L26.next_resid_in,0.000000,0.000000,0.000000,1.000000,norm_normal_functional_failure
deepseek7b,phase290,L27,passive,dative_passive,pass_chance_given,cross_battn_amlp,1.000000,-0.158024,0.683295,0.841319,0.695659,0.381699,1.822532,0.997622,0.997622,L27.attn,0.000000,0.000000,0.000000,1.000000,norm_normal_functional_failure
deepseek7b,phase290,L26,passive,dative_passive,pass_warning_given,cross_battn_amlp,1.000000,0.028013,0.985496,0.957482,1.009425,0.745589,1.353863,0.543913,-0.543913,L26.next_layer_out,0.000000,0.000000,0.000000,1.000000,norm_normal_functional_failure
deepseek7b,phase290,L27,passive,dative_passive,pass_warning_given,cross_battn_amlp,1.000000,0.114107,1.221099,1.106992,0.729926,0.409459,1.782658,0.506501,0.506501,L27.attn,0.000000,0.000000,0.000000,1.000000,norm_normal_functional_failure
deepseek7b,phase290,L27,passive,dative_passive,pass_role_offered,cross_battn_amlp,1.000000,0.006460,1.165437,1.158977,0.637614,0.432537,1.474127,0.359165,-0.359165,L27.attn,0.000000,0.000000,0.000000,1.000000,norm_normal_functional_failure
deepseek7b,phase290,L20,passive,get_passive,pass_get_promoted,cross_battn_amlp,1.000000,-0.054956,0.482099,0.537055,1.366123,0.509536,2.681114,0.913588,-0.913588,L20.mlp,0.000000,0.000000,0.000000,1.000000,norm_normal_functional_failure
deepseek7b,phase290,L27,passive,get_passive,pass_get_selected,cross_battn_amlp,1.000000,-0.166904,1.054876,1.221780,0.704429,0.292784,2.405967,0.879328,-0.879328,L27.mlp,0.000000,0.000000,0.000000,1.000000,norm_normal_functional_failure
deepseek7b,phase290,L20,passive,get_passive,pass_get_invited,mlp,0.000000,0.000000,0.009458,0.009458,1.000000,0.995457,1.004564,0.999707,-0.999707,L20.mlp,1.000000,0.000000,1.000000,0.000000,off_manifold_no_drop
deepseek7b,phase290,L20,passive,get_passive,pass_get_invited,both,0.000000,0.000000,0.009458,0.009458,1.000000,0.995457,1.004564,0.999707,-0.999707,L20.mlp,1.000000,0.000000,1.000000,0.000000,off_manifold_no_drop
deepseek7b,phase290,L20,passive,get_passive,pass_get_invited,mlp,0.250000,-0.000028,0.009458,0.009486,0.994553,0.995457,0.999092,1.107490,-1.107490,L20.mlp,1.000000,0.000000,1.000000,0.000000,off_manifold_no_drop
deepseek7b,phase290,L20,passive,get_passive,pass_get_invited,both,0.250000,0.000119,0.009458,0.009340,0.996047,0.995457,1.000593,1.145216,-1.145216,L20.attn,1.000000,0.000000,1.000000,0.000000,off_manifold_no_drop
deepseek7b,phase290,L20,passive,get_passive,pass_get_invited,mlp,1.000000,0.014784,0.009458,-0.005325,0.986670,0.995457,0.991173,0.762646,0.762646,L20.mlp,1.000000,0.000000,1.000000,0.000000,off_manifold_no_drop
deepseek7b,phase290,L20,passive,get_passive,pass_get_invited,both,1.000000,0.009458,0.009458,0.000000,0.995457,0.995457,1.000000,0.762646,0.762646,L20.mlp,1.000000,0.000000,1.000000,0.000000,off_manifold_no_drop
deepseek7b,phase290,L20,passive,get_passive,pass_get_invited,cross_battn_amlp,1.000000,0.002318,0.009458,0.007140,0.997360,0.995457,1.001912,0.999707,-0.999707,L20.mlp,1.000000,0.000000,1.000000,0.000000,off_manifold_no_drop
deepseek7b,phase290,L20,passive,get_passive,pass_get_invited,cross_aattn_bmlp,1.000000,0.014784,0.009458,-0.005325,0.986670,0.995457,0.991173,0.947012,-0.947012,L20.attn,1.000000,0.000000,1.000000,0.000000,off_manifold_no_drop
deepseek7b,phase290,L27,passive,get_passive,pass_get_invited,cross_battn_amlp,1.000000,-0.129775,0.853622,0.983397,0.652614,0.335263,1.946574,0.889556,-0.889556,L27.mlp,0.000000,0.000000,0.000000,1.000000,norm_normal_functional_failure
deepseek7b,phase290,L27,passive,get_passive,pass_get_caught,cross_battn_amlp,1.000000,-0.008905,0.998464,1.007369,1.096229,0.288810,3.795679,0.856075,-0.856075,L27.attn,0.000000,0.000000,0.000000,1.000000,norm_normal_functional_failure
deepseek7b,phase290,L27,passive,get_passive,pass_get_helped,cross_battn_amlp,1.000000,-0.194599,1.060243,1.254842,0.777409,0.337501,2.303426,0.820250,-0.820250,L27.attn,0.000000,0.000000,0.000000,1.000000,norm_normal_functional_failure
deepseek7b,phase290,L27,passive,get_passive,pass_get_helped,cross_aattn_bmlp,1.000000,0.508995,1.060243,0.551248,0.867829,0.337501,2.571335,0.710551,0.710551,L27.mlp,0.000000,0.000000,0.000000,1.000000,norm_normal_functional_failure
deepseek7b,phase290,L27,passive,get_passive,pass_get_moved,cross_battn_amlp,1.000000,0.047553,1.194874,1.147321,0.579248,0.261216,2.217509,0.838280,-0.838280,L27.mlp,0.000000,0.000000,0.000000,1.000000,norm_normal_functional_failure
deepseek7b,phase290,L27,passive,get_passive,pass_get_moved,cross_aattn_bmlp,1.000000,0.666840,1.194874,0.528034,0.750574,0.261216,2.873390,0.780233,-0.780233,L27.mlp,0.000000,0.000000,0.000000,1.000000,norm_normal_functional_failure
deepseek7b,phase290,L20,passive,no_agent,pass_window_broken,mlp,0.000000,0.000000,-0.749005,-0.749005,1.000000,0.603074,1.658171,2.208300,2.208300,L20.next_resid_in,1.000000,0.000000,1.000000,0.000000,off_manifold_no_drop
deepseek7b,phase290,L20,passive,no_agent,pass_window_broken,both,0.000000,0.000000,-0.749005,-0.749005,1.000000,0.603074,1.658171,2.208300,2.208300,L20.next_resid_in,1.000000,0.000000,1.000000,0.000000,off_manifold_no_drop
deepseek7b,phase290,L20,passive,no_agent,pass_window_broken,mlp,0.500000,-0.239959,-0.749005,-0.509046,0.825830,0.603074,1.369367,2.213644,2.213644,L20.next_resid_in,1.000000,0.000000,1.000000,0.000000,off_manifold_no_drop
deepseek7b,phase290,L20,passive,no_agent,pass_window_broken,both,0.500000,-0.248858,-0.749005,-0.500148,0.822302,0.603074,1.363517,2.213854,2.213854,L20.next_resid_in,1.000000,0.000000,1.000000,0.000000,off_manifold_no_drop
deepseek7b,phase290,L20,passive,no_agent,pass_window_broken,mlp,0.750000,-0.379661,-0.749005,-0.369344,0.643112,0.603074,1.066389,2.216820,2.216820,L20.next_resid_in,1.000000,0.000000,1.000000,0.000000,off_manifold_no_drop
deepseek7b,phase290,L20,passive,no_agent,pass_window_broken,both,0.750000,-0.428684,-0.749005,-0.320321,0.776435,0.603074,1.287462,2.217391,2.217391,L20.next_resid_in,1.000000,0.000000,1.000000,0.000000,off_manifold_no_drop
deepseek7b,phase290,L20,passive,no_agent,pass_window_broken,mlp,1.000000,-0.637437,-0.749005,-0.111568,0.626806,0.603074,1.039351,2.219880,2.219880,L20.next_resid_in,1.000000,0.000000,1.000000,0.000000,off_manifold_no_drop
deepseek7b,phase290,L20,passive,no_agent,pass_window_broken,both,1.000000,-0.749005,-0.749005,0.000000,0.603074,0.603074,1.000000,2.220565,2.220565,L20.next_resid_in,1.000000,0.000000,1.000000,0.000000,off_manifold_no_drop
deepseek7b,phase290,L20,passive,no_agent,pass_window_broken,cross_battn_amlp,1.000000,-0.017334,-0.749005,-0.731672,1.061105,0.603074,1.759493,2.208669,2.208669,L20.next_resid_in,1.000000,0.000000,1.000000,0.000000,off_manifold_no_drop
deepseek7b,phase290,L20,passive,no_agent,pass_window_broken,cross_aattn_bmlp,1.000000,-0.637437,-0.749005,-0.111568,0.626806,0.603074,1.039351,2.219880,2.219880,L20.next_resid_in,1.000000,0.000000,1.000000,0.000000,off_manifold_no_drop
deepseek7b,phase290,L25,passive,no_agent,pass_window_broken,cross_battn_amlp,1.000000,0.140152,1.216826,1.076674,0.675312,2.153585,0.313576,2.439914,2.439914,L25.next_layer_out,0.000000,0.000000,0.000000,1.000000,norm_normal_functional_failure
deepseek7b,phase290,L27,passive,no_agent,pass_window_broken,cross_aattn_bmlp,1.000000,0.081461,0.733704,0.652242,0.829189,0.602487,1.376278,0.813150,-0.813150,L27.mlp,0.000000,0.000000,0.000000,1.000000,norm_normal_functional_failure
deepseek7b,phase290,L20,passive,no_agent,pass_cake_eaten,mlp,0.000000,0.000000,0.044167,0.044167,1.000000,0.838825,1.192144,2.214348,2.214348,L20.next_resid_in,1.000000,0.000000,1.000000,0.000000,off_manifold_no_drop
deepseek7b,phase290,L20,passive,no_agent,pass_cake_eaten,both,0.000000,0.000000,0.044167,0.044167,1.000000,0.838825,1.192144,2.214348,2.214348,L20.next_resid_in,1.000000,0.000000,1.000000,0.000000,off_manifold_no_drop
deepseek7b,phase290,L20,passive,no_agent,pass_cake_eaten,mlp,0.500000,-0.245023,0.044167,0.289190,1.316746,0.838825,1.569750,2.220385,2.220385,L20.next_resid_in,1.000000,0.000000,1.000000,0.000000,off_manifold_no_drop
deepseek7b,phase290,L20,passive,no_agent,pass_cake_eaten,both,0.500000,-0.265821,0.044167,0.309988,1.325791,0.838825,1.580533,2.220672,2.220672,L20.next_resid_in,1.000000,0.000000,1.000000,0.000000,off_manifold_no_drop
deepseek7b,phase290,L20,passive,no_agent,pass_cake_eaten,mlp,0.750000,-0.079954,0.044167,0.124122,0.987046,0.838825,1.176701,2.223500,2.223500,L20.next_resid_in,1.000000,0.000000,1.000000,0.000000,off_manifold_no_drop
deepseek7b,phase290,L20,passive,no_agent,pass_cake_eaten,both,0.750000,0.020467,0.044167,0.023701,0.848562,0.838825,1.011608,2.224047,2.224047,L20.next_resid_in,1.000000,0.000000,1.000000,0.000000,off_manifold_no_drop
deepseek7b,phase290,L20,passive,no_agent,pass_cake_eaten,mlp,1.000000,-0.152620,0.044167,0.196787,1.120606,0.838825,1.335923,2.226674,2.226674,L20.next_resid_in,1.000000,0.000000,1.000000,0.000000,off_manifold_no_drop
deepseek7b,phase290,L20,passive,no_agent,pass_cake_eaten,both,1.000000,0.044167,0.044167,0.000000,0.838825,0.838825,1.000000,2.227331,2.227331,L20.next_resid_in,1.000000,0.000000,1.000000,0.000000,off_manifold_no_drop
deepseek7b,phase290,L20,passive,no_agent,pass_cake_eaten,cross_battn_amlp,1.000000,-0.067488,0.044167,0.111655,1.147979,0.838825,1.368556,2.214910,2.214910,L20.next_resid_in,1.000000,0.000000,1.000000,0.000000,off_manifold_no_drop
deepseek7b,phase290,L20,passive,no_agent,pass_cake_eaten,cross_aattn_bmlp,1.000000,-0.152620,0.044167,0.196787,1.120606,0.838825,1.335923,2.226674,2.226674,L20.next_resid_in,1.000000,0.000000,1.000000,0.000000,off_manifold_no_drop
deepseek7b,phase290,L27,passive,no_agent,pass_cake_eaten,cross_aattn_bmlp,1.000000,0.212080,0.741940,0.529860,0.669743,0.125223,5.348387,0.998832,-0.998832,L27.mlp,0.000000,0.000000,0.000000,1.000000,norm_normal_functional_failure
deepseek7b,phase290,L20,passive,no_agent,pass_door_closed,mlp,0.750000,0.115863,0.001617,-0.114245,1.179139,1.023539,1.152022,2.201566,2.201566,L20.next_layer_out,1.000000,0.000000,1.000000,0.000000,off_manifold_no_drop
deepseek7b,phase290,L20,passive,no_agent,pass_door_closed,both,0.750000,-0.025645,0.001617,0.027262,0.947989,1.023539,0.926188,2.201639,2.201639,L20.next_layer_out,1.000000,0.000000,1.000000,0.000000,off_manifold_no_drop
deepseek7b,phase290,L23,passive,no_agent,pass_door_closed,cross_battn_amlp,1.000000,-0.043035,0.806988,0.850023,0.860656,0.250687,3.433192,2.202925,2.202925,L23.next_layer_out,0.000000,0.000000,0.000000,1.000000,norm_normal_functional_failure
deepseek7b,phase290,L24,passive,no_agent,pass_door_closed,cross_battn_amlp,1.000000,0.030696,0.843245,0.812548,1.057761,0.206297,5.127371,2.208924,2.208924,L24.next_layer_out,0.000000,0.000000,0.000000,1.000000,norm_normal_functional_failure
deepseek7b,phase290,L27,passive,no_agent,pass_door_closed,cross_battn_amlp,1.000000,0.391912,0.956199,0.564287,0.143617,0.042504,3.378947,1.018349,-1.018349,L27.attn,0.000000,0.000000,0.000000,1.000000,norm_normal_functional_failure
deepseek7b,phase290,L20,passive,no_agent,pass_mistake_made,mlp,0.000000,0.000000,-0.397738,-0.397738,1.000000,0.844853,1.183638,2.203004,2.203004,L20.next_layer_out,1.000000,0.000000,1.000000,0.000000,off_manifold_no_drop
deepseek7b,phase290,L20,passive,no_agent,pass_mistake_made,both,0.000000,0.000000,-0.397738,-0.397738,1.000000,0.844853,1.183638,2.203004,2.203004,L20.next_layer_out,1.000000,0.000000,1.000000,0.000000,off_manifold_no_drop
deepseek7b,phase290,L20,passive,no_agent,pass_mistake_made,mlp,1.000000,-0.326977,-0.397738,-0.070761,0.854577,0.844853,1.011510,2.209205,2.209205,L20.next_layer_out,1.000000,0.000000,1.000000,0.000000,off_manifold_no_drop
deepseek7b,phase290,L20,passive,no_agent,pass_mistake_made,both,1.000000,-0.397738,-0.397738,0.000000,0.844853,0.844853,1.000000,2.209406,2.209406,L20.next_resid_in,1.000000,0.000000,1.000000,0.000000,off_manifold_no_drop
deepseek7b,phase290,L20,passive,no_agent,pass_mistake_made,cross_battn_amlp,1.000000,-0.286768,-0.397738,-0.110971,0.990081,0.844853,1.171897,2.203177,2.203177,L20.next_layer_out,1.000000,0.000000,1.000000,0.000000,off_manifold_no_drop
deepseek7b,phase290,L20,passive,no_agent,pass_mistake_made,cross_aattn_bmlp,1.000000,-0.326977,-0.397738,-0.070761,0.854577,0.844853,1.011510,2.209205,2.209205,L20.next_layer_out,1.000000,0.000000,1.000000,0.000000,off_manifold_no_drop
deepseek7b,phase290,L20,passive,no_agent,pass_meeting_cancelled,mlp,0.750000,-0.121999,0.477151,0.599150,0.387178,0.653324,0.592629,2.194468,2.194468,L20.next_layer_out,1.000000,0.000000,1.000000,0.000000,off_manifold_no_drop
deepseek7b,phase290,L20,passive,no_agent,pass_meeting_cancelled,both,0.750000,0.449707,0.477151,0.027444,0.721582,0.653324,1.104479,2.194679,2.194679,L20.next_layer_out,1.000000,0.000000,1.000000,0.000000,off_manifold_no_drop
deepseek7b,phase290,L20,passive,no_agent,pass_meeting_cancelled,cross_aattn_bmlp,1.000000,-0.225777,0.477151,0.702928,0.338525,0.653324,0.518157,2.195655,2.195655,L20.next_layer_out,0.000000,0.000000,0.000000,1.000000,norm_normal_functional_failure
deepseek7b,phase290,L22,passive,no_agent,pass_meeting_cancelled,cross_battn_amlp,1.000000,0.066113,1.071877,1.005763,0.897915,0.758287,1.184137,2.191911,2.191911,L22.next_layer_out,0.000000,0.000000,0.000000,1.000000,norm_normal_functional_failure
deepseek7b,phase290,L23,passive,no_agent,pass_meeting_cancelled,cross_battn_amlp,1.000000,-0.140255,0.448036,0.588290,0.754848,0.981765,0.768869,2.197758,2.197758,L23.next_layer_out,0.000000,0.000000,0.000000,1.000000,norm_normal_functional_failure
deepseek7b,phase290,L25,passive,no_agent,pass_meeting_cancelled,cross_battn_amlp,1.000000,-0.036296,0.912891,0.949187,0.974385,1.275643,0.763839,2.421622,2.421622,L25.next_layer_out,0.000000,0.000000,0.000000,1.000000,norm_normal_functional_failure
deepseek7b,phase290,L20,passive,no_agent,pass_car_repaired,mlp,0.000000,0.000000,-0.384980,-0.384980,1.000000,0.920879,1.085919,2.189120,2.189120,L20.next_layer_out,1.000000,0.000000,1.000000,0.000000,off_manifold_no_drop
deepseek7b,phase290,L20,passive,no_agent,pass_car_repaired,both,0.000000,0.000000,-0.384980,-0.384980,1.000000,0.920879,1.085919,2.189120,2.189120,L20.next_layer_out,1.000000,0.000000,1.000000,0.000000,off_manifold_no_drop
deepseek7b,phase290,L20,passive,no_agent,pass_car_repaired,mlp,0.750000,0.084296,-0.384980,-0.469276,0.990636,0.920879,1.075750,2.192614,2.192614,L20.next_layer_out,1.000000,0.000000,1.000000,0.000000,off_manifold_no_drop
deepseek7b,phase290,L20,passive,no_agent,pass_car_repaired,both,0.750000,0.420624,-0.384980,-0.805604,0.637913,0.920879,0.692722,2.192819,2.192819,L20.next_layer_out,1.000000,0.000000,1.000000,0.000000,off_manifold_no_drop
deepseek7b,phase290,L20,passive,no_agent,pass_car_repaired,mlp,1.000000,0.059811,-0.384980,-0.444791,0.940453,0.920879,1.021256,2.193951,2.193951,L20.next_layer_out,1.000000,0.000000,1.000000,0.000000,off_manifold_no_drop
deepseek7b,phase290,L20,passive,no_agent,pass_car_repaired,both,1.000000,-0.384980,-0.384980,0.000000,0.920879,0.920879,1.000000,2.194149,2.194149,L20.next_layer_out,1.000000,0.000000,1.000000,0.000000,off_manifold_no_drop
deepseek7b,phase290,L20,passive,no_agent,pass_car_repaired,cross_battn_amlp,1.000000,-0.017787,-0.384980,-0.367193,0.943976,0.920879,1.025081,2.189231,2.189231,L20.next_layer_out,1.000000,0.000000,1.000000,0.000000,off_manifold_no_drop
deepseek7b,phase290,L20,passive,no_agent,pass_car_repaired,cross_aattn_bmlp,1.000000,0.059811,-0.384980,-0.444791,0.940453,0.920879,1.021256,2.193951,2.193951,L20.next_layer_out,1.000000,0.000000,1.000000,0.000000,off_manifold_no_drop
deepseek7b,phase290,L22,passive,no_agent,pass_car_repaired,cross_battn_amlp,1.000000,0.000449,0.745223,0.744774,0.991164,0.155995,6.353817,2.190233,2.190233,L22.next_layer_out,0.000000,0.000000,0.000000,1.000000,norm_normal_functional_failure
deepseek7b,phase290,L27,passive,no_agent,pass_car_repaired,cross_battn_amlp,1.000000,0.356016,0.921742,0.565726,0.146857,0.069862,2.102097,1.318609,-1.318609,L27.attn,0.000000,0.000000,0.000000,1.000000,norm_normal_functional_failure
deepseek7b,phase290,L20,passive,no_agent,pass_package_delivered,mlp,0.000000,0.000000,-0.209471,-0.209471,1.000000,0.962668,1.038780,2.225176,2.225176,L20.next_resid_in,1.000000,0.000000,1.000000,0.000000,off_manifold_no_drop
deepseek7b,phase290,L20,passive,no_agent,pass_package_delivered,both,0.000000,0.000000,-0.209471,-0.209471,1.000000,0.962668,1.038780,2.225176,2.225176,L20.next_resid_in,1.000000,0.000000,1.000000,0.000000,off_manifold_no_drop
deepseek7b,phase290,L20,passive,no_agent,pass_package_delivered,mlp,0.500000,0.092555,-0.209471,-0.302026,1.030716,0.962668,1.070688,2.230979,2.230979,L20.next_resid_in,1.000000,0.000000,1.000000,0.000000,off_manifold_no_drop
deepseek7b,phase290,L20,passive,no_agent,pass_package_delivered,both,0.500000,-0.000382,-0.209471,-0.209088,0.980554,0.962668,1.018580,2.231089,2.231089,L20.next_resid_in,1.000000,0.000000,1.000000,0.000000,off_manifold_no_drop
deepseek7b,phase290,L20,passive,no_agent,pass_package_delivered,mlp,0.750000,-0.162081,-0.209471,-0.047389,0.992087,0.962668,1.030561,2.234170,2.234170,L20.next_resid_in,1.000000,0.000000,1.000000,0.000000,off_manifold_no_drop
deepseek7b,phase290,L20,passive,no_agent,pass_package_delivered,both,0.750000,-0.166623,-0.209471,-0.042848,0.973075,0.962668,1.010811,2.234809,2.234809,L20.next_resid_in,1.000000,0.000000,1.000000,0.000000,off_manifold_no_drop
deepseek7b,phase290,L20,passive,no_agent,pass_package_delivered,mlp,1.000000,-0.196108,-0.209471,-0.013362,0.980955,0.962668,1.018997,2.237374,2.237374,L20.next_resid_in,1.000000,0.000000,1.000000,0.000000,off_manifold_no_drop
deepseek7b,phase290,L20,passive,no_agent,pass_package_delivered,both,1.000000,-0.209471,-0.209471,0.000000,0.962668,0.962668,1.000000,2.238139,2.238139,L20.next_resid_in,1.000000,0.000000,1.000000,0.000000,off_manifold_no_drop
deepseek7b,phase290,L20,passive,no_agent,pass_package_delivered,cross_battn_amlp,1.000000,-0.085385,-0.209471,-0.124086,0.972429,0.962668,1.010140,2.226021,2.226021,L20.next_resid_in,1.000000,0.000000,1.000000,0.000000,off_manifold_no_drop
deepseek7b,phase290,L20,passive,no_agent,pass_package_delivered,cross_aattn_bmlp,1.000000,-0.196108,-0.209471,-0.013362,0.980955,0.962668,1.018997,2.237374,2.237374,L20.next_resid_in,1.000000,0.000000,1.000000,0.000000,off_manifold_no_drop
deepseek7b,phase290,L25,passive,no_agent,pass_package_delivered,cross_battn_amlp,1.000000,-0.170877,0.986175,1.157052,0.928337,0.348130,2.666641,2.457181,2.457181,L25.next_layer_out,0.000000,0.000000,0.000000,1.000000,norm_normal_functional_failure
deepseek7b,phase290,L20,recursive,complement_clause,rec_comp_think_leave,mlp,0.000000,0.000000,-0.148503,-0.148503,1.000000,0.978754,1.021708,2.312486,2.312486,L20.mlp,1.000000,0.000000,1.000000,0.000000,off_manifold_no_drop
deepseek7b,phase290,L20,recursive,complement_clause,rec_comp_think_leave,both,0.000000,0.000000,-0.148503,-0.148503,1.000000,0.978754,1.021708,2.312486,2.312486,L20.mlp,1.000000,0.000000,1.000000,0.000000,off_manifold_no_drop
deepseek7b,phase290,L20,recursive,complement_clause,rec_comp_think_leave,mlp,0.750000,-0.114054,-0.148503,-0.034449,0.990077,0.978754,1.011569,0.280224,-0.280224,L20.mlp,1.000000,0.000000,1.000000,0.000000,off_manifold_no_drop
deepseek7b,phase290,L20,recursive,complement_clause,rec_comp_think_leave,both,0.750000,-0.120199,-0.148503,-0.028305,0.951711,0.978754,0.972371,0.280224,-0.280224,L20.mlp,1.000000,0.000000,1.000000,0.000000,off_manifold_no_drop
deepseek7b,phase290,L20,recursive,complement_clause,rec_comp_think_leave,mlp,1.000000,-0.161961,-0.148503,0.013458,1.058071,0.978754,1.081039,0.254583,-0.254583,L20.mlp,1.000000,0.000000,1.000000,0.000000,off_manifold_no_drop
deepseek7b,phase290,L20,recursive,complement_clause,rec_comp_think_leave,both,1.000000,-0.148503,-0.148503,0.000000,0.978754,0.978754,1.000000,0.301381,0.301381,L20.attn,1.000000,0.000000,1.000000,0.000000,off_manifold_no_drop
deepseek7b,phase290,L20,recursive,complement_clause,rec_comp_think_leave,cross_battn_amlp,1.000000,0.000196,-0.148503,-0.148700,0.996262,0.978754,1.017889,2.312486,2.312486,L20.mlp,1.000000,0.000000,1.000000,0.000000,off_manifold_no_drop
deepseek7b,phase290,L20,recursive,complement_clause,rec_comp_think_leave,cross_aattn_bmlp,1.000000,-0.161961,-0.148503,0.013458,1.058071,0.978754,1.081039,0.867783,0.867783,L20.attn,1.000000,0.000000,1.000000,0.000000,off_manifold_no_drop
deepseek7b,phase290,L27,recursive,complement_clause,rec_comp_think_leave,cross_battn_amlp,1.000000,-0.087081,1.107564,1.194644,0.826701,0.371490,2.225366,1.551628,1.551628,L27.attn,0.000000,0.000000,0.000000,1.000000,norm_normal_functional_failure
deepseek7b,phase290,L25,recursive,complement_clause,rec_comp_believe_win,cross_battn_amlp,1.000000,0.020898,0.828384,0.807485,0.880571,0.581691,1.513811,1.757124,1.757124,L25.mlp,0.000000,0.000000,0.000000,1.000000,norm_normal_functional_failure
deepseek7b,phase290,L26,recursive,complement_clause,rec_comp_believe_win,cross_battn_amlp,1.000000,0.066933,0.591107,0.524174,0.931025,0.500026,1.861952,1.951043,1.951043,L26.attn,0.000000,0.000000,0.000000,1.000000,norm_normal_functional_failure
deepseek7b,phase290,L27,recursive,complement_clause,rec_comp_believe_win,cross_battn_amlp,1.000000,-0.202884,1.041808,1.244692,0.853217,0.243904,3.498161,1.461915,1.461915,L27.mlp,0.000000,0.000000,0.000000,1.000000,norm_normal_functional_failure
deepseek7b,phase290,L27,recursive,complement_clause,rec_comp_know_safe,cross_battn_amlp,1.000000,-0.083284,1.022560,1.105844,1.398118,0.091443,15.289489,1.951666,-1.951666,L27.mlp,0.000000,0.000000,0.000000,1.000000,norm_normal_functional_failure
deepseek7b,phase290,L27,recursive,complement_clause,rec_comp_hear_ready,cross_battn_amlp,1.000000,-0.240641,1.006052,1.246694,0.753533,0.227131,3.317615,1.108333,1.108333,L27.attn,0.000000,0.000000,0.000000,1.000000,norm_normal_functional_failure
deepseek7b,phase290,L23,recursive,complement_clause,rec_comp_expect_arrive,cross_battn_amlp,1.000000,-0.084199,0.470356,0.554554,0.954835,0.669940,1.425254,1.693183,1.693183,L23.next_layer_out,0.000000,0.000000,0.000000,1.000000,norm_normal_functional_failure
deepseek7b,phase290,L24,recursive,complement_clause,rec_comp_expect_arrive,cross_battn_amlp,1.000000,0.254643,1.093832,0.839189,0.962490,0.556430,1.729759,1.701290,1.701290,L24.next_layer_out,0.000000,0.000000,0.000000,1.000000,norm_normal_functional_failure
deepseek7b,phase290,L25,recursive,complement_clause,rec_comp_expect_arrive,cross_battn_amlp,1.000000,-0.124046,0.894460,1.018506,0.986509,0.553433,1.782526,1.930169,1.930169,L25.mlp,0.000000,0.000000,0.000000,1.000000,norm_normal_functional_failure
deepseek7b,phase290,L26,recursive,complement_clause,rec_comp_expect_arrive,cross_battn_amlp,1.000000,0.031248,1.332786,1.301538,0.996072,0.687508,1.448815,2.679137,2.679137,L26.attn,0.000000,0.000000,0.000000,1.000000,norm_normal_functional_failure
deepseek7b,phase290,L27,recursive,complement_clause,rec_comp_expect_arrive,cross_battn_amlp,1.000000,0.057345,1.229073,1.171728,0.944071,0.301494,3.131310,1.655266,1.655266,L27.attn,0.000000,0.000000,0.000000,1.000000,norm_normal_functional_failure
deepseek7b,phase290,L27,recursive,complement_clause,rec_comp_say_return,cross_battn_amlp,1.000000,-0.070017,0.614750,0.684767,0.750306,0.460293,1.630063,1.481055,1.481055,L27.mlp,0.000000,0.000000,0.000000,1.000000,norm_normal_functional_failure
deepseek7b,phase290,L27,recursive,complement_clause,rec_comp_fear_lost,cross_battn_amlp,1.000000,-0.081156,0.898706,0.979862,0.840512,0.285509,2.943906,1.273188,1.273188,L27.attn,0.000000,0.000000,0.000000,1.000000,norm_normal_functional_failure
deepseek7b,phase290,L27,recursive,possessive_chain,rec_poss_jacket,cross_battn_amlp,1.000000,-0.115556,1.060242,1.175798,1.971536,0.497596,3.962124,0.637429,-0.637429,L27.mlp,0.000000,0.000000,0.000000,1.000000,norm_normal_functional_failure
deepseek7b,phase290,L27,recursive,possessive_chain,rec_poss_car,cross_battn_amlp,1.000000,-0.262206,1.010212,1.272418,0.586659,0.143435,4.090056,0.711498,-0.711498,L27.attn,0.000000,0.000000,0.000000,1.000000,norm_normal_functional_failure
deepseek7b,phase290,L27,recursive,possessive_chain,rec_poss_house,cross_aattn_bmlp,1.000000,0.280190,0.782936,0.502746,1.237619,0.516314,2.397026,0.285023,-0.285023,L27.mlp,0.000000,0.000000,0.000000,1.000000,norm_normal_functional_failure
deepseek7b,phase290,L27,recursive,possessive_chain,rec_poss_note,cross_battn_amlp,1.000000,-0.033055,1.137022,1.170077,0.834568,0.387753,2.152317,0.920607,-0.920607,L27.attn,0.000000,0.000000,0.000000,1.000000,norm_normal_functional_failure
deepseek7b,phase290,L27,recursive,pp_chain,rec_pp_key_drawer,cross_battn_amlp,1.000000,-0.270365,1.093466,1.363831,0.633004,0.284456,2.225316,0.771721,-0.771721,L27.mlp,0.000000,0.000000,0.000000,1.000000,norm_normal_functional_failure
deepseek7b,phase290,L27,recursive,pp_chain,rec_pp_key_drawer,cross_aattn_bmlp,1.000000,0.502658,1.093466,0.590808,0.997087,0.284456,3.505245,2.518192,2.518192,L27.attn,0.000000,0.000000,0.000000,1.000000,norm_normal_functional_failure
deepseek7b,phase290,L27,recursive,pp_chain,rec_pp_cup_table,cross_battn_amlp,1.000000,0.151975,0.887869,0.735894,1.299886,1.084450,1.198658,0.780698,-0.780698,L27.mlp,0.000000,0.000000,0.000000,1.000000,norm_normal_functional_failure
deepseek7b,phase290,L27,recursive,pp_chain,rec_pp_cup_table,cross_aattn_bmlp,1.000000,0.319540,0.887869,0.568329,0.950010,1.084450,0.876029,1.961097,1.961097,L27.attn,0.000000,0.000000,0.000000,1.000000,norm_normal_functional_failure
deepseek7b,phase290,L27,recursive,pp_chain,rec_pp_photo_album,cross_battn_amlp,1.000000,0.261833,0.806781,0.544948,0.408089,0.291118,1.401797,0.858132,-0.858132,L27.mlp,0.000000,0.000000,0.000000,1.000000,norm_normal_functional_failure
deepseek7b,phase290,L27,recursive,pp_chain,rec_pp_photo_album,cross_aattn_bmlp,1.000000,0.283335,0.806781,0.523446,1.021982,0.291118,3.510537,2.486553,2.486553,L27.attn,0.000000,0.000000,0.000000,1.000000,norm_normal_functional_failure
deepseek7b,phase290,L27,recursive,pp_chain,rec_pp_bag_chair,cross_battn_amlp,1.000000,0.142688,0.954620,0.811932,0.444136,0.298182,1.489480,0.777033,-0.777033,L27.mlp,0.000000,0.000000,0.000000,1.000000,norm_normal_functional_failure
deepseek7b,phase290,L27,recursive,pp_chain,rec_pp_bag_chair,cross_aattn_bmlp,1.000000,0.319093,0.954620,0.635527,1.026381,0.298182,3.442133,2.326394,2.326394,L27.attn,0.000000,0.000000,0.000000,1.000000,norm_normal_functional_failure
deepseek7b,phase290,L25,recursive,pp_chain,rec_pp_path_forest,cross_battn_amlp,1.000000,-0.002503,1.340961,1.343465,0.987156,0.601673,1.640685,1.035657,1.035657,L25.attn,0.000000,0.000000,0.000000,1.000000,norm_normal_functional_failure
deepseek7b,phase290,L27,recursive,pp_chain,rec_pp_path_forest,cross_battn_amlp,1.000000,-0.319022,0.560812,0.879835,0.542478,0.338851,1.600934,0.808910,-0.808910,L27.mlp,0.000000,0.000000,0.000000,1.000000,norm_normal_functional_failure
deepseek7b,phase290,L27,recursive,pp_chain,rec_pp_note_book,cross_battn_amlp,1.000000,-0.199796,1.089637,1.289433,0.895707,0.354767,2.524775,1.031818,1.031818,L27.attn,0.000000,0.000000,0.000000,1.000000,norm_normal_functional_failure
deepseek7b,phase290,L27,recursive,pp_chain,rec_pp_lamp_sofa,cross_battn_amlp,1.000000,-0.080634,1.024723,1.105357,1.001548,0.421683,2.375122,1.142163,-1.142163,L27.attn,0.000000,0.000000,0.000000,1.000000,norm_normal_functional_failure
deepseek7b,phase290,L27,recursive,pp_chain,rec_pp_ring_box,cross_battn_amlp,1.000000,0.006483,0.917920,0.911437,0.355135,0.237270,1.496758,1.025975,1.025975,L27.attn,0.000000,0.000000,0.000000,1.000000,norm_normal_functional_failure
deepseek7b,phase290,L27,recursive,pp_chain,rec_pp_ring_box,cross_aattn_bmlp,1.000000,0.334718,0.917920,0.583203,1.025036,0.237270,4.320134,3.098238,3.098238,L27.attn,0.000000,0.000000,0.000000,1.000000,norm_normal_functional_failure
deepseek7b,phase290,L27,recursive,relative_clause,rec_rel_book_shelf,cross_battn_amlp,1.000000,-0.428941,0.871351,1.300292,0.838627,0.667454,1.256456,0.867093,-0.867093,L27.attn,0.000000,0.000000,0.000000,1.000000,norm_normal_functional_failure
deepseek7b,phase290,L27,recursive,relative_clause,rec_rel_student_question,cross_battn_amlp,1.000000,-0.193802,0.931464,1.125266,1.653185,0.247304,6.684819,0.659224,-0.659224,L27.mlp,0.000000,0.000000,0.000000,1.000000,norm_normal_functional_failure
deepseek7b,phase290,L20,recursive,relative_clause,rec_rel_woman_car,mlp,0.250000,0.018080,-0.026437,-0.044517,0.985625,1.007085,0.978691,0.896266,-0.896266,L20.mlp,1.000000,0.000000,1.000000,0.000000,off_manifold_no_drop
deepseek7b,phase290,L20,recursive,relative_clause,rec_rel_woman_car,both,0.250000,0.021676,-0.026437,-0.048113,0.985864,1.007085,0.978928,0.896266,-0.896266,L20.mlp,1.000000,0.000000,1.000000,0.000000,off_manifold_no_drop
deepseek7b,phase290,L26,recursive,relative_clause,rec_rel_song_radio,cross_battn_amlp,1.000000,0.034859,1.490483,1.455624,0.978514,0.727638,1.344781,0.509626,-0.509626,L26.next_layer_out,0.000000,0.000000,0.000000,1.000000,norm_normal_functional_failure
deepseek7b,phase290,L27,recursive,relative_clause,rec_rel_song_radio,cross_battn_amlp,1.000000,-0.209534,0.819724,1.029258,0.813342,0.683472,1.190015,0.487798,-0.487798,L27.mlp,0.000000,0.000000,0.000000,1.000000,norm_normal_functional_failure
deepseek7b,phase290,L27,recursive,relative_clause,rec_rel_teacher_lesson,cross_battn_amlp,1.000000,-0.092122,0.593388,0.685511,0.509586,0.359208,1.418637,0.795420,-0.795420,L27.mlp,0.000000,0.000000,0.000000,1.000000,norm_normal_functional_failure
deepseek7b,phase291,L20-L23,logical,and_or,logic_and_or_catdog,cross_battn_amlp,1.000000,0.040491,0.562450,0.521959,1.073872,0.368143,2.916995,1.379528,1.379528,L23.attn,0.000000,0.000000,0.000000,1.000000,norm_normal_functional_failure
deepseek7b,phase291,L20-L27,logical,and_or,logic_and_or_catdog,cross_battn_amlp,1.000000,0.001066,0.888138,0.887073,0.467667,0.031258,14.961399,1.379528,1.379528,L23.attn,0.000000,0.000000,0.000000,1.000000,norm_normal_functional_failure
deepseek7b,phase291,L24-L27,logical,and_or,logic_and_or_catdog,cross_battn_amlp,1.000000,0.015292,0.852851,0.837559,0.490837,0.123955,3.959798,0.842780,-0.842780,L27.attn,0.000000,0.000000,0.000000,1.000000,norm_normal_functional_failure
deepseek7b,phase291,L26-L27,logical,and_or,logic_and_or_catdog,cross_battn_amlp,1.000000,-0.081381,0.553182,0.634563,0.507911,0.150944,3.364899,0.842780,-0.842780,L27.attn,0.000000,0.000000,0.000000,1.000000,norm_normal_functional_failure
deepseek7b,phase291,L20-L23,logical,and_or,logic_and_or_tea,cross_aattn_bmlp,1.000000,-0.142369,0.730454,0.872822,1.097353,0.135971,8.070502,1.336140,-1.336140,L21.mlp,0.000000,0.000000,0.000000,1.000000,norm_normal_functional_failure
deepseek7b,phase291,L20-L27,logical,and_or,logic_and_or_tea,cross_battn_amlp,1.000000,0.059948,0.992343,0.932396,0.605988,0.008764,69.143886,1.427524,1.427524,L25.mlp,0.000000,0.000000,0.000000,1.000000,norm_normal_functional_failure
deepseek7b,phase291,L24-L27,logical,and_or,logic_and_or_tea,cross_battn_amlp,1.000000,0.096943,1.021871,0.924929,0.748338,0.130097,5.752153,1.427524,1.427524,L25.mlp,0.000000,0.000000,0.000000,1.000000,norm_normal_functional_failure
deepseek7b,phase291,L26-L27,logical,and_or,logic_and_or_tea,cross_battn_amlp,1.000000,0.109134,0.921394,0.812259,1.007040,0.424269,2.373591,1.123095,1.123095,L26.mlp,0.000000,0.000000,0.000000,1.000000,norm_normal_functional_failure
deepseek7b,phase291,L27,logical,and_or,logic_and_or_tea,cross_battn_amlp,1.000000,0.142341,0.849742,0.707401,1.035289,0.530843,1.950273,0.128592,0.128592,L27.mlp,0.000000,0.000000,0.000000,1.000000,norm_normal_functional_failure
deepseek7b,phase291,L20-L27,logical,and_or,logic_and_or_phone,cross_battn_amlp,1.000000,0.107960,0.995768,0.887808,1.705749,0.001034,1649.554338,2.141476,2.141476,L24.attn,0.000000,0.000000,0.000000,1.000000,norm_normal_functional_failure
deepseek7b,phase291,L24-L27,logical,and_or,logic_and_or_phone,cross_battn_amlp,1.000000,0.135377,1.007692,0.872315,1.672401,0.006595,253.576586,2.141476,2.141476,L24.attn,0.000000,0.000000,0.000000,1.000000,norm_normal_functional_failure
deepseek7b,phase291,L26-L27,logical,and_or,logic_and_or_phone,cross_battn_amlp,1.000000,0.126703,1.014988,0.888285,1.683758,0.012509,134.600775,0.561027,-0.561027,L27.mlp,0.000000,0.000000,0.000000,1.000000,norm_normal_functional_failure
deepseek7b,phase291,L27,logical,and_or,logic_and_or_phone,cross_battn_amlp,1.000000,0.118922,1.025300,0.906378,1.692863,0.025685,65.909777,0.561027,-0.561027,L27.mlp,0.000000,0.000000,0.000000,1.000000,norm_normal_functional_failure
deepseek7b,phase291,L20-L27,logical,and_or,logic_and_or_milk,cross_battn_amlp,1.000000,0.234154,0.803055,0.568901,0.803930,0.012270,65.518058,2.576681,-2.576681,L26.mlp,0.000000,0.000000,0.000000,1.000000,norm_normal_functional_failure
deepseek7b,phase291,L20-L27,logical,and_or,logic_and_or_judge,cross_battn_amlp,1.000000,0.275980,0.889090,0.613110,0.460637,0.018978,24.272104,1.389170,1.389170,L20.mlp,0.000000,0.000000,0.000000,1.000000,norm_normal_functional_failure
deepseek7b,phase291,L20-L27,logical,and_or,logic_and_or_train,cross_battn_amlp,1.000000,-0.088794,0.916873,1.005667,0.309577,0.005525,56.030983,1.495210,1.495210,L22.attn,0.000000,0.000000,0.000000,1.000000,norm_normal_functional_failure
deepseek7b,phase291,L24-L27,logical,and_or,logic_and_or_train,cross_battn_amlp,1.000000,-0.065157,0.858833,0.923990,0.293324,0.023582,12.438332,0.988749,0.988749,L25.attn,0.000000,0.000000,0.000000,1.000000,norm_normal_functional_failure
deepseek7b,phase291,L26-L27,logical,and_or,logic_and_or_train,cross_battn_amlp,1.000000,-0.082001,0.828128,0.910130,0.626180,0.238507,2.625414,0.693935,-0.693935,L26.attn,0.000000,0.000000,0.000000,1.000000,norm_normal_functional_failure
deepseek7b,phase291,L27,logical,and_or,logic_and_or_train,cross_battn_amlp,1.000000,-0.123093,0.865765,0.988858,0.654115,0.259781,2.517947,0.571382,-0.571382,L27.attn,0.000000,0.000000,0.000000,1.000000,norm_normal_functional_failure
deepseek7b,phase291,L20-L27,logical,and_or,logic_and_or_report,cross_battn_amlp,1.000000,0.247116,0.987697,0.740581,0.351392,0.015229,23.073495,1.183649,1.183649,L20.attn,0.000000,0.000000,0.000000,1.000000,norm_normal_functional_failure
deepseek7b,phase291,L24-L27,logical,and_or,logic_and_or_report,cross_battn_amlp,1.000000,0.226512,0.962663,0.736151,0.424584,0.214474,1.979655,0.971844,0.971844,L25.attn,0.000000,0.000000,0.000000,1.000000,norm_normal_functional_failure
deepseek7b,phase291,L26-L27,logical,and_or,logic_and_or_report,cross_battn_amlp,1.000000,0.235484,0.960916,0.725432,0.466923,0.450187,1.037176,0.515841,-0.515841,L26.attn,0.000000,0.000000,0.000000,1.000000,norm_normal_functional_failure
deepseek7b,phase291,L27,logical,and_or,logic_and_or_report,cross_battn_amlp,1.000000,0.253882,0.946690,0.692807,0.504219,0.431830,1.167633,0.465126,0.465126,L27.mlp,0.000000,0.000000,0.000000,1.000000,norm_normal_functional_failure
deepseek7b,phase291,L20-L23,logical,causal,logic_because_rain,cross_battn_amlp,1.000000,-0.114164,0.635726,0.749889,0.860364,0.697747,1.233060,1.069829,1.069829,L21.attn,0.000000,0.000000,0.000000,1.000000,norm_normal_functional_failure
deepseek7b,phase291,L20-L27,logical,causal,logic_because_rain,cross_aattn_bmlp,1.000000,0.251660,0.864886,0.613226,0.337676,0.140993,2.394974,3.352948,-3.352948,L26.mlp,0.000000,0.000000,0.000000,1.000000,norm_normal_functional_failure
deepseek7b,phase291,L24-L27,logical,causal,logic_because_rain,cross_aattn_bmlp,1.000000,0.217974,0.738146,0.520172,0.486225,0.516013,0.942271,3.352948,-3.352948,L26.mlp,0.000000,0.000000,0.000000,1.000000,norm_normal_functional_failure
deepseek7b,phase291,L20-L23,logical,causal,logic_because_tired,cross_battn_amlp,1.000000,-1.025816,1.277909,2.303725,0.916643,0.077409,11.841544,0.981626,0.981626,L21.attn,0.000000,0.000000,0.000000,1.000000,norm_normal_functional_failure
deepseek7b,phase291,L20-L23,logical,causal,logic_because_tired,cross_aattn_bmlp,1.000000,0.397495,1.277909,0.880414,0.461309,0.077409,5.959367,1.162098,1.162098,L23.mlp,0.000000,0.000000,0.000000,1.000000,norm_normal_functional_failure
deepseek7b,phase291,L20-L27,logical,causal,logic_because_tired,cross_battn_amlp,1.000000,0.068163,0.999111,0.930947,0.941875,0.015951,59.047851,0.981626,0.981626,L21.attn,0.000000,0.000000,0.000000,1.000000,norm_normal_functional_failure
deepseek7b,phase291,L24-L27,logical,causal,logic_because_tired,cross_battn_amlp,1.000000,0.101674,0.871914,0.770240,0.929755,0.057779,16.091710,0.854658,0.854658,L25.mlp,0.000000,0.000000,0.000000,1.000000,norm_normal_functional_failure
deepseek7b,phase291,L26-L27,logical,causal,logic_because_tired,cross_battn_amlp,1.000000,0.108540,0.671453,0.562913,1.006923,0.240700,4.183311,0.809303,0.809303,L26.mlp,0.000000,0.000000,0.000000,1.000000,norm_normal_functional_failure
deepseek7b,phase291,L27,logical,causal,logic_because_tired,cross_battn_amlp,1.000000,0.054623,0.555260,0.500637,0.982263,0.201965,4.863535,0.754832,0.754832,L27.mlp,0.000000,0.000000,0.000000,1.000000,norm_normal_functional_failure
deepseek7b,phase291,L20-L23,logical,causal,logic_because_noise,cross_battn_amlp,1.000000,0.128994,0.862738,0.733744,1.430448,1.885003,0.758857,1.415389,1.415389,L20.attn,0.000000,0.000000,0.000000,1.000000,norm_normal_functional_failure
deepseek7b,phase291,L20-L27,logical,causal,logic_because_noise,cross_battn_amlp,1.000000,0.409108,0.931964,0.522856,0.263966,0.148744,1.774633,1.415389,1.415389,L20.attn,0.000000,0.000000,0.000000,1.000000,norm_normal_functional_failure
deepseek7b,phase291,L24-L27,logical,causal,logic_because_noise,cross_battn_amlp,1.000000,0.404258,0.950042,0.545784,0.245127,0.335687,0.730225,1.342392,1.342392,L24.mlp,0.000000,0.000000,0.000000,1.000000,norm_normal_functional_failure
deepseek7b,phase291,L26-L27,logical,causal,logic_because_noise,cross_battn_amlp,1.000000,0.389221,1.122468,0.733247,0.263247,0.283882,0.927311,1.067145,1.067145,L26.attn,0.000000,0.000000,0.000000,1.000000,norm_normal_functional_failure
deepseek7b,phase291,L27,logical,causal,logic_because_noise,cross_battn_amlp,1.000000,0.371663,1.037174,0.665511,0.247385,0.220665,1.121090,0.886946,0.886946,L27.mlp,0.000000,0.000000,0.000000,1.000000,norm_normal_functional_failure
deepseek7b,phase291,L20-L27,logical,causal,logic_because_dark,cross_battn_amlp,1.000000,-0.030645,1.038107,1.068751,1.242856,0.010708,116.072626,1.601807,1.601807,L20.attn,0.000000,0.000000,0.000000,1.000000,norm_normal_functional_failure
deepseek7b,phase291,L24-L27,logical,causal,logic_because_dark,cross_battn_amlp,1.000000,0.046112,1.090316,1.044203,1.253343,0.287852,4.354126,1.349845,1.349845,L27.mlp,0.000000,0.000000,0.000000,1.000000,norm_normal_functional_failure
deepseek7b,phase291,L26-L27,logical,causal,logic_because_dark,cross_battn_amlp,1.000000,0.039846,1.084598,1.044752,1.331323,0.457185,2.911998,1.349845,1.349845,L27.mlp,0.000000,0.000000,0.000000,1.000000,norm_normal_functional_failure
deepseek7b,phase291,L27,logical,causal,logic_because_dark,cross_battn_amlp,1.000000,0.036909,1.085419,1.048509,1.387335,0.472444,2.936510,1.349845,1.349845,L27.mlp,0.000000,0.000000,0.000000,1.000000,norm_normal_functional_failure
deepseek7b,phase291,L20-L27,logical,causal,logic_because_sale,cross_battn_amlp,1.000000,-0.037617,1.017985,1.055602,0.936595,0.030954,30.257972,1.362533,-1.362533,L22.mlp,0.000000,0.000000,0.000000,1.000000,norm_normal_functional_failure
deepseek7b,phase291,L24-L27,logical,causal,logic_because_sale,cross_battn_amlp,1.000000,-0.051477,0.967179,1.018657,0.987703,0.165230,5.977746,1.169731,-1.169731,L25.attn,0.000000,0.000000,0.000000,1.000000,norm_normal_functional_failure
deepseek7b,phase291,L26-L27,logical,causal,logic_because_sale,cross_battn_amlp,1.000000,-0.048952,0.960754,1.009706,1.055653,0.173622,6.080172,0.906471,-0.906471,L26.attn,0.000000,0.000000,0.000000,1.000000,norm_normal_functional_failure
deepseek7b,phase291,L27,logical,causal,logic_because_sale,cross_battn_amlp,1.000000,-0.071871,0.965387,1.037258,1.113828,0.172939,6.440568,0.814599,-0.814599,L27.attn,0.000000,0.000000,0.000000,1.000000,norm_normal_functional_failure
deepseek7b,phase291,L20-L27,logical,causal,logic_because_error,cross_battn_amlp,1.000000,0.046140,0.803730,0.757590,0.878594,0.046367,18.948724,0.936338,0.936338,L21.attn,0.000000,0.000000,0.000000,1.000000,norm_normal_functional_failure
deepseek7b,phase291,L20-L27,logical,causal,logic_because_wind,cross_battn_amlp,1.000000,0.088954,0.895073,0.806119,0.992928,0.018226,54.478794,2.471489,2.471489,L27.mlp,0.000000,0.000000,0.000000,1.000000,norm_normal_functional_failure
deepseek7b,phase291,L24-L27,logical,causal,logic_because_wind,cross_battn_amlp,1.000000,0.048344,0.677684,0.629341,0.988006,0.141550,6.979923,2.471489,2.471489,L27.mlp,0.000000,0.000000,0.000000,1.000000,norm_normal_functional_failure
deepseek7b,phase291,L26-L27,logical,causal,logic_because_wind,cross_battn_amlp,1.000000,0.045009,0.583851,0.538842,1.026403,0.238918,4.296050,2.471489,2.471489,L27.mlp,0.000000,0.000000,0.000000,1.000000,norm_normal_functional_failure
deepseek7b,phase291,L27,logical,causal,logic_because_wind,cross_battn_amlp,1.000000,0.057710,0.634364,0.576654,1.007280,0.214796,4.689464,2.471489,2.471489,L27.mlp,0.000000,0.000000,0.000000,1.000000,norm_normal_functional_failure
deepseek7b,phase291,L20-L23,logical,causal,logic_because_busy,cross_battn_amlp,1.000000,0.918780,1.481898,0.563118,0.595858,2.287204,0.260518,1.349296,1.349296,L22.mlp,0.000000,0.000000,0.000000,1.000000,norm_normal_functional_failure
deepseek7b,phase291,L20-L27,logical,causal,logic_because_busy,cross_battn_amlp,1.000000,-0.075616,0.766013,0.841628,1.074984,0.048232,22.287800,2.240021,2.240021,L27.mlp,0.000000,0.000000,0.000000,1.000000,norm_normal_functional_failure
deepseek7b,phase291,L26-L27,logical,causal,logic_because_busy,cross_battn_amlp,1.000000,-0.210374,0.498104,0.708477,1.456601,0.254804,5.716546,2.240021,2.240021,L27.mlp,0.000000,0.000000,0.000000,1.000000,norm_normal_functional_failure
deepseek7b,phase291,L27,logical,causal,logic_because_busy,cross_battn_amlp,1.000000,-0.227772,0.609527,0.837299,1.392572,0.865635,1.608729,2.240021,2.240021,L27.mlp,0.000000,0.000000,0.000000,1.000000,norm_normal_functional_failure
deepseek7b,phase291,L20-L23,logical,conditional,logic_if_rain,cross_aattn_bmlp,1.000000,0.137223,0.668574,0.531352,0.969096,0.672217,1.441641,2.305998,2.305998,L21.attn,0.000000,0.000000,0.000000,1.000000,norm_normal_functional_failure
deepseek7b,phase291,L20-L27,logical,conditional,logic_if_rain,cross_battn_amlp,1.000000,0.394616,1.005256,0.610640,0.658389,0.049455,13.312975,2.350105,-2.350105,L26.mlp,0.000000,0.000000,0.000000,1.000000,norm_normal_functional_failure
deepseek7b,phase291,L20-L27,logical,conditional,logic_if_rain,cross_aattn_bmlp,1.000000,0.398654,1.005256,0.606602,0.840689,0.049455,16.999184,3.341888,-3.341888,L26.mlp,0.000000,0.000000,0.000000,1.000000,norm_normal_functional_failure
deepseek7b,phase291,L24-L27,logical,conditional,logic_if_rain,cross_battn_amlp,1.000000,0.333050,0.952841,0.619791,0.758935,0.403957,1.878754,2.350105,-2.350105,L26.mlp,0.000000,0.000000,0.000000,1.000000,norm_normal_functional_failure
deepseek7b,phase291,L24-L27,logical,conditional,logic_if_rain,cross_aattn_bmlp,1.000000,0.408726,0.952841,0.544116,0.998574,0.403957,2.471982,3.341888,-3.341888,L26.mlp,0.000000,0.000000,0.000000,1.000000,norm_normal_functional_failure
deepseek7b,phase291,L26-L27,logical,conditional,logic_if_rain,cross_battn_amlp,1.000000,0.323695,0.940541,0.616846,0.803553,0.615227,1.306108,2.350105,-2.350105,L26.mlp,0.000000,0.000000,0.000000,1.000000,norm_normal_functional_failure
deepseek7b,phase291,L26-L27,logical,conditional,logic_if_rain,cross_aattn_bmlp,1.000000,0.409157,0.940541,0.531384,1.043754,0.615227,1.696533,3.341888,-3.341888,L26.mlp,0.000000,0.000000,0.000000,1.000000,norm_normal_functional_failure
deepseek7b,phase291,L27,logical,conditional,logic_if_rain,cross_battn_amlp,1.000000,0.342631,1.009270,0.666639,0.774780,0.515184,1.503889,1.776770,-1.776770,L27.attn,0.000000,0.000000,0.000000,1.000000,norm_normal_functional_failure
deepseek7b,phase291,L27,logical,conditional,logic_if_rain,cross_aattn_bmlp,1.000000,0.433434,1.009270,0.575836,1.070443,0.515184,2.077786,1.963740,-1.963740,L27.mlp,0.000000,0.000000,0.000000,1.000000,norm_normal_functional_failure
deepseek7b,phase291,L20-L23,logical,conditional,logic_if_hungry,cross_battn_amlp,1.000000,0.072801,1.177407,1.104606,0.980256,2.382539,0.411433,1.899781,1.899781,L20.mlp,0.000000,0.000000,0.000000,1.000000,norm_normal_functional_failure
deepseek7b,phase291,L20-L27,logical,conditional,logic_if_hungry,cross_battn_amlp,1.000000,0.222474,1.098175,0.875700,0.739050,0.079361,9.312509,2.357266,-2.357266,L26.mlp,0.000000,0.000000,0.000000,1.000000,norm_normal_functional_failure
deepseek7b,phase291,L24-L27,logical,conditional,logic_if_hungry,cross_battn_amlp,1.000000,0.221045,1.108541,0.887496,0.791855,0.621358,1.274393,2.357266,-2.357266,L26.mlp,0.000000,0.000000,0.000000,1.000000,norm_normal_functional_failure
deepseek7b,phase291,L26-L27,logical,conditional,logic_if_hungry,cross_battn_amlp,1.000000,0.228186,1.180606,0.952420,0.783686,0.613564,1.277269,2.357266,-2.357266,L26.mlp,0.000000,0.000000,0.000000,1.000000,norm_normal_functional_failure
deepseek7b,phase291,L27,logical,conditional,logic_if_hungry,cross_battn_amlp,1.000000,0.220341,1.146938,0.926596,0.792292,0.842596,0.940298,1.076101,-1.076101,L27.mlp,0.000000,0.000000,0.000000,1.000000,norm_normal_functional_failure
deepseek7b,phase291,L20-L27,logical,conditional,logic_if_alarm,cross_battn_amlp,1.000000,0.273595,1.028282,0.754687,0.224976,0.007329,30.698480,2.342170,-2.342170,L26.mlp,0.000000,0.000000,0.000000,1.000000,norm_normal_functional_failure
deepseek7b,phase291,L24-L27,logical,conditional,logic_if_alarm,cross_battn_amlp,1.000000,0.260893,0.994953,0.734060,0.231045,0.015170,15.230827,2.342170,-2.342170,L26.mlp,0.000000,0.000000,0.000000,1.000000,norm_normal_functional_failure
deepseek7b,phase291,L26-L27,logical,conditional,logic_if_alarm,cross_battn_amlp,1.000000,0.260157,1.020235,0.760078,0.221527,0.028710,7.716027,2.342170,-2.342170,L26.mlp,0.000000,0.000000,0.000000,1.000000,norm_normal_functional_failure
deepseek7b,phase291,L27,logical,conditional,logic_if_alarm,cross_battn_amlp,1.000000,0.256094,0.968653,0.712558,0.228243,0.030962,7.371693,0.659302,0.659302,L27.attn,0.000000,0.000000,0.000000,1.000000,norm_normal_functional_failure
deepseek7b,phase291,L20-L23,logical,conditional,logic_if_late,cross_battn_amlp,1.000000,-0.108937,0.924078,1.033014,1.148713,0.086205,13.325326,1.670212,1.670212,L20.attn,0.000000,0.000000,0.000000,1.000000,norm_normal_functional_failure
deepseek7b,phase291,L20-L27,logical,conditional,logic_if_late,cross_aattn_bmlp,1.000000,0.303165,0.825349,0.522183,0.505559,0.148755,3.398610,1.216223,1.216223,L27.mlp,0.000000,0.000000,0.000000,1.000000,norm_normal_functional_failure
deepseek7b,phase291,L20-L27,logical,conditional,logic_if_ready,cross_battn_amlp,1.000000,0.128899,0.979602,0.850703,0.139414,0.016965,8.217885,2.338224,-2.338224,L26.mlp,0.000000,0.000000,0.000000,1.000000,norm_normal_functional_failure
deepseek7b,phase291,L24-L27,logical,conditional,logic_if_ready,cross_battn_amlp,1.000000,0.143845,0.927810,0.783966,0.153496,0.059884,2.563248,2.338224,-2.338224,L26.mlp,0.000000,0.000000,0.000000,1.000000,norm_normal_functional_failure
deepseek7b,phase291,L26-L27,logical,conditional,logic_if_ready,cross_battn_amlp,1.000000,0.155413,0.908524,0.753110,0.168957,0.096206,1.756199,2.338224,-2.338224,L26.mlp,0.000000,0.000000,0.000000,1.000000,norm_normal_functional_failure
deepseek7b,phase291,L27,logical,conditional,logic_if_ready,cross_battn_amlp,1.000000,0.150671,0.841102,0.690431,0.166202,0.118142,1.406802,2.215410,-2.215410,L27.mlp,0.000000,0.000000,0.000000,1.000000,norm_normal_functional_failure
deepseek7b,phase291,L20-L27,logical,conditional,logic_if_sick,cross_battn_amlp,1.000000,0.124540,1.000457,0.875917,1.137982,0.014948,76.131229,2.344190,-2.344190,L26.mlp,0.000000,0.000000,0.000000,1.000000,norm_normal_functional_failure
deepseek7b,phase291,L24-L27,logical,conditional,logic_if_sick,cross_battn_amlp,1.000000,0.133661,1.028511,0.894851,1.199262,0.097985,12.239239,2.344190,-2.344190,L26.mlp,0.000000,0.000000,0.000000,1.000000,norm_normal_functional_failure
deepseek7b,phase291,L26-L27,logical,conditional,logic_if_sick,cross_battn_amlp,1.000000,0.134894,1.010304,0.875410,1.118487,0.094733,11.806687,2.344190,-2.344190,L26.mlp,0.000000,0.000000,0.000000,1.000000,norm_normal_functional_failure
deepseek7b,phase291,L27,logical,conditional,logic_if_sick,cross_battn_amlp,1.000000,0.114437,0.981078,0.866641,1.085460,0.088709,12.236171,1.225807,1.225807,L27.mlp,0.000000,0.000000,0.000000,1.000000,norm_normal_functional_failure
deepseek7b,phase291,L20-L27,logical,conditional,logic_if_safe,cross_battn_amlp,1.000000,0.472845,1.065934,0.593089,0.596622,0.025523,23.375683,2.339951,-2.339951,L26.mlp,0.000000,0.000000,0.000000,1.000000,norm_normal_functional_failure
deepseek7b,phase291,L20-L27,logical,conditional,logic_if_safe,cross_aattn_bmlp,1.000000,0.477023,1.065934,0.588912,0.302296,0.025523,11.843955,3.355053,-3.355053,L26.mlp,0.000000,0.000000,0.000000,1.000000,norm_normal_functional_failure
deepseek7b,phase291,L24-L27,logical,conditional,logic_if_safe,cross_aattn_bmlp,1.000000,0.414641,0.937521,0.522880,0.314824,0.094757,3.322443,3.355053,-3.355053,L26.mlp,0.000000,0.000000,0.000000,1.000000,norm_normal_functional_failure
deepseek7b,phase291,L26-L27,logical,conditional,logic_if_safe,cross_aattn_bmlp,1.000000,0.408830,0.936241,0.527411,0.403827,0.161750,2.496616,3.355053,-3.355053,L26.mlp,0.000000,0.000000,0.000000,1.000000,norm_normal_functional_failure
deepseek7b,phase291,L27,logical,conditional,logic_if_safe,cross_battn_amlp,1.000000,0.452348,1.052029,0.599680,0.663620,0.299999,2.212070,2.305460,-2.305460,L27.attn,0.000000,0.000000,0.000000,1.000000,norm_normal_functional_failure
deepseek7b,phase291,L27,logical,conditional,logic_if_safe,cross_aattn_bmlp,1.000000,0.483509,1.052029,0.568519,0.572079,0.299999,1.906935,1.119156,-1.119156,L27.mlp,0.000000,0.000000,0.000000,1.000000,norm_normal_functional_failure
deepseek7b,phase291,L20-L27,logical,conditional,logic_if_needed,cross_battn_amlp,1.000000,0.140552,0.901150,0.760598,0.673770,0.044012,15.308884,2.348448,-2.348448,L26.mlp,0.000000,0.000000,0.000000,1.000000,norm_normal_functional_failure
deepseek7b,phase291,L24-L27,logical,conditional,logic_if_needed,cross_battn_amlp,1.000000,0.118042,0.686510,0.568468,0.749641,0.076648,9.780288,2.348448,-2.348448,L26.mlp,0.000000,0.000000,0.000000,1.000000,norm_normal_functional_failure
deepseek7b,phase291,L20-L23,logical,contrast,logic_although_rain,cross_battn_amlp,1.000000,0.067625,1.242920,1.175295,0.880732,0.241881,3.641172,0.741202,-0.741202,L20.mlp,0.000000,0.000000,0.000000,1.000000,norm_normal_functional_failure
deepseek7b,phase291,L20-L27,logical,contrast,logic_although_rain,cross_aattn_bmlp,1.000000,0.319537,0.972643,0.653106,0.729648,0.069557,10.489889,1.614477,1.614477,L25.mlp,0.000000,0.000000,0.000000,1.000000,norm_normal_functional_failure
deepseek7b,phase291,L24-L27,logical,contrast,logic_although_rain,cross_aattn_bmlp,1.000000,0.328853,0.960104,0.631251,0.865999,0.322778,2.682952,1.614477,1.614477,L25.mlp,0.000000,0.000000,0.000000,1.000000,norm_normal_functional_failure
deepseek7b,phase291,L26-L27,logical,contrast,logic_although_rain,cross_aattn_bmlp,1.000000,0.307222,0.879365,0.572143,1.016866,0.606660,1.676172,1.185964,1.185964,L26.mlp,0.000000,0.000000,0.000000,1.000000,norm_normal_functional_failure
deepseek7b,phase291,L27,logical,contrast,logic_although_rain,cross_aattn_bmlp,1.000000,0.281736,0.831880,0.550144,1.069450,0.855613,1.249923,1.014367,1.014367,L27.mlp,0.000000,0.000000,0.000000,1.000000,norm_normal_functional_failure
deepseek7b,phase291,L20-L27,logical,contrast,logic_although_tired,cross_aattn_bmlp,1.000000,0.318151,1.005557,0.687405,0.741656,0.028352,26.159147,2.208942,2.208942,L27.mlp,0.000000,0.000000,0.000000,1.000000,norm_normal_functional_failure
deepseek7b,phase291,L24-L27,logical,contrast,logic_although_tired,cross_aattn_bmlp,1.000000,0.343946,1.035086,0.691140,0.951775,0.135080,7.046012,2.208942,2.208942,L27.mlp,0.000000,0.000000,0.000000,1.000000,norm_normal_functional_failure
deepseek7b,phase291,L26-L27,logical,contrast,logic_although_tired,cross_aattn_bmlp,1.000000,0.295556,0.926788,0.631232,1.032764,0.299479,3.448540,2.208942,2.208942,L27.mlp,0.000000,0.000000,0.000000,1.000000,norm_normal_functional_failure
deepseek7b,phase291,L27,logical,contrast,logic_although_tired,cross_aattn_bmlp,1.000000,0.226483,0.764138,0.537656,0.899272,0.370229,2.428966,2.208942,2.208942,L27.mlp,0.000000,0.000000,0.000000,1.000000,norm_normal_functional_failure
deepseek7b,phase291,L20-L23,logical,contrast,logic_although_expensive,mlp,0.250000,0.021658,0.087557,0.065899,0.946793,0.649638,1.457418,0.848721,-0.848721,L20.mlp,1.000000,0.000000,1.000000,0.000000,off_manifold_no_drop
deepseek7b,phase291,L20-L23,logical,contrast,logic_although_expensive,both,0.250000,0.029023,0.087557,0.058534,0.896199,0.649638,1.379537,0.848721,-0.848721,L20.mlp,1.000000,0.000000,1.000000,0.000000,off_manifold_no_drop
deepseek7b,phase291,L20-L27,logical,contrast,logic_although_expensive,mlp,0.250000,0.086019,0.770072,0.684053,0.908321,0.075381,12.049728,0.848721,-0.848721,L20.mlp,1.000000,0.000000,1.000000,0.000000,off_manifold_no_drop
deepseek7b,phase291,L20-L27,logical,contrast,logic_although_expensive,both,0.250000,0.016053,0.770072,0.754018,0.871691,0.075381,11.563798,0.848721,-0.848721,L20.mlp,1.000000,0.000000,1.000000,0.000000,off_manifold_no_drop
deepseek7b,phase291,L20-L27,logical,contrast,logic_although_expensive,cross_battn_amlp,1.000000,0.138508,0.770072,0.631563,1.136984,0.075381,15.083154,1.486881,1.486881,L20.attn,0.000000,0.000000,0.000000,1.000000,norm_normal_functional_failure
deepseek7b,phase291,L20-L23,logical,contrast,logic_although_small,cross_battn_amlp,1.000000,-0.004210,1.129418,1.133628,1.023488,0.038613,26.506128,0.769916,0.769916,L20.attn,0.000000,0.000000,0.000000,1.000000,norm_normal_functional_failure
deepseek7b,phase291,L20-L27,logical,contrast,logic_although_small,cross_aattn_bmlp,1.000000,0.232342,0.938705,0.706362,1.347052,0.064071,21.024505,0.692130,0.692130,L27.attn,0.000000,0.000000,0.000000,1.000000,norm_normal_functional_failure
deepseek7b,phase291,L24-L27,logical,contrast,logic_although_small,cross_aattn_bmlp,1.000000,0.195881,0.848504,0.652623,1.287097,0.086159,14.938565,0.692130,0.692130,L27.attn,0.000000,0.000000,0.000000,1.000000,norm_normal_functional_failure
deepseek7b,phase291,L26-L27,logical,contrast,logic_although_small,cross_aattn_bmlp,1.000000,0.181242,0.805432,0.624190,1.195343,0.105214,11.361090,0.692130,0.692130,L27.attn,0.000000,0.000000,0.000000,1.000000,norm_normal_functional_failure
deepseek7b,phase291,L27,logical,contrast,logic_although_small,cross_aattn_bmlp,1.000000,0.189325,0.816525,0.627199,1.225336,0.133782,9.159207,0.692130,0.692130,L27.attn,0.000000,0.000000,0.000000,1.000000,norm_normal_functional_failure
deepseek7b,phase291,L20-L23,logical,contrast,logic_although_late,mlp,0.000000,0.000000,-0.031804,-0.031804,1.000000,1.289338,0.775592,1.360717,1.360717,L22.mlp,1.000000,0.000000,1.000000,0.000000,off_manifold_no_drop
deepseek7b,phase291,L20-L23,logical,contrast,logic_although_late,both,0.000000,0.000000,-0.031804,-0.031804,1.000000,1.289338,0.775592,1.360717,1.360717,L22.mlp,1.000000,0.000000,1.000000,0.000000,off_manifold_no_drop
deepseek7b,phase291,L20-L23,logical,contrast,logic_although_late,mlp,0.250000,-0.011880,-0.031804,-0.019924,0.929678,1.289338,0.721051,0.814492,0.814492,L22.mlp,1.000000,0.000000,1.000000,0.000000,off_manifold_no_drop
deepseek7b,phase291,L20-L23,logical,contrast,logic_although_late,both,0.250000,-0.005707,-0.031804,-0.026097,0.936948,1.289338,0.726689,0.814492,0.814492,L22.mlp,1.000000,0.000000,1.000000,0.000000,off_manifold_no_drop
deepseek7b,phase291,L20-L23,logical,contrast,logic_although_late,mlp,1.000000,-0.043317,-0.031804,0.011514,1.135894,1.289338,0.880990,1.655417,1.655417,L20.mlp,1.000000,0.000000,1.000000,0.000000,off_manifold_no_drop
deepseek7b,phase291,L20-L23,logical,contrast,logic_although_late,both,1.000000,-0.031804,-0.031804,0.000000,1.289338,1.289338,1.000000,1.655417,1.655417,L20.mlp,1.000000,0.000000,1.000000,0.000000,off_manifold_no_drop
deepseek7b,phase291,L20-L23,logical,contrast,logic_although_late,cross_battn_amlp,1.000000,-0.007115,-0.031804,-0.024688,0.908364,1.289338,0.704520,1.360717,1.360717,L22.mlp,1.000000,0.000000,1.000000,0.000000,off_manifold_no_drop
deepseek7b,phase291,L20-L23,logical,contrast,logic_although_late,cross_aattn_bmlp,1.000000,-0.047267,-0.031804,0.015463,1.097847,1.289338,0.851481,1.655417,1.655417,L20.mlp,1.000000,0.000000,1.000000,0.000000,off_manifold_no_drop
deepseek7b,phase291,L20-L27,logical,contrast,logic_although_late,mlp,0.000000,0.000000,0.980766,0.980766,1.000000,0.025421,39.337366,1.360717,1.360717,L22.mlp,1.000000,0.000000,1.000000,0.000000,off_manifold_no_drop
deepseek7b,phase291,L20-L27,logical,contrast,logic_although_late,both,0.000000,0.000000,0.980766,0.980766,1.000000,0.025421,39.337366,1.387232,1.387232,L26.attn,1.000000,0.000000,1.000000,0.000000,off_manifold_no_drop
deepseek7b,phase291,L20-L27,logical,contrast,logic_although_late,mlp,0.250000,0.183140,0.980766,0.797626,0.811535,0.025421,31.923634,0.814492,0.814492,L22.mlp,1.000000,0.000000,1.000000,0.000000,off_manifold_no_drop
deepseek7b,phase291,L20-L27,logical,contrast,logic_although_late,both,0.250000,0.178251,0.980766,0.802515,0.657405,0.025421,25.860584,0.814492,0.814492,L22.mlp,1.000000,0.000000,1.000000,0.000000,off_manifold_no_drop
deepseek7b,phase291,L20-L27,logical,contrast,logic_although_late,mlp,1.000000,0.993349,0.980766,-0.012582,0.158079,0.025421,6.218396,1.655417,1.655417,L20.mlp,1.000000,0.000000,1.000000,0.000000,off_manifold_no_drop
deepseek7b,phase291,L20-L27,logical,contrast,logic_although_late,both,1.000000,0.980766,0.980766,0.000000,0.025421,0.025421,1.000000,1.655417,1.655417,L20.mlp,1.000000,0.000000,1.000000,0.000000,off_manifold_no_drop
deepseek7b,phase291,L20-L27,logical,contrast,logic_although_late,cross_battn_amlp,1.000000,-0.183319,0.980766,1.164086,0.397785,0.025421,15.647808,1.360717,1.360717,L22.mlp,1.000000,0.000000,1.000000,1.000000,off_manifold_functional_failure
deepseek7b,phase291,L20-L27,logical,contrast,logic_although_late,cross_aattn_bmlp,1.000000,0.771008,0.980766,0.209759,0.583775,0.025421,22.964175,1.655417,1.655417,L20.mlp,1.000000,0.000000,1.000000,0.000000,off_manifold_no_drop
deepseek7b,phase291,L24-L27,logical,contrast,logic_although_late,cross_battn_amlp,1.000000,-0.113031,0.940605,1.053637,0.622053,0.176365,3.527081,0.586056,0.586056,L25.attn,0.000000,0.000000,0.000000,1.000000,norm_normal_functional_failure
deepseek7b,phase291,L26-L27,logical,contrast,logic_although_late,cross_battn_amlp,1.000000,-0.141881,0.814111,0.955993,0.742322,0.287611,2.580996,0.452065,-0.452065,L27.attn,0.000000,0.000000,0.000000,1.000000,norm_normal_functional_failure
deepseek7b,phase291,L27,logical,contrast,logic_although_late,cross_battn_amlp,1.000000,-0.141215,0.754164,0.895379,0.802684,0.245023,3.275950,0.452065,-0.452065,L27.attn,0.000000,0.000000,0.000000,1.000000,norm_normal_functional_failure
deepseek7b,phase291,L20-L23,logical,contrast,logic_although_new,cross_battn_amlp,1.000000,0.393352,0.937492,0.544140,0.653019,0.091736,7.118481,1.100868,1.100868,L22.mlp,0.000000,0.000000,0.000000,1.000000,norm_normal_functional_failure
deepseek7b,phase291,L20-L27,logical,contrast,logic_although_new,cross_battn_amlp,1.000000,0.082013,1.132143,1.050131,0.540428,0.025812,20.937309,1.100868,1.100868,L22.mlp,0.000000,0.000000,0.000000,1.000000,norm_normal_functional_failure
deepseek7b,phase291,L24-L27,logical,contrast,logic_although_new,cross_battn_amlp,1.000000,0.079985,1.000081,0.920096,0.634101,0.065813,9.634843,0.903995,-0.903995,L27.mlp,0.000000,0.000000,0.000000,1.000000,norm_normal_functional_failure
deepseek7b,phase291,L26-L27,logical,contrast,logic_although_new,cross_battn_amlp,1.000000,0.095499,1.013517,0.918018,0.653953,0.256903,2.545525,0.903995,-0.903995,L27.mlp,0.000000,0.000000,0.000000,1.000000,norm_normal_functional_failure
deepseek7b,phase291,L27,logical,contrast,logic_although_new,cross_battn_amlp,1.000000,0.124135,1.018642,0.894507,0.714937,0.374777,1.907634,0.903995,-0.903995,L27.mlp,0.000000,0.000000,0.000000,1.000000,norm_normal_functional_failure
deepseek7b,phase291,L20-L27,logical,contrast,logic_although_cold,cross_battn_amlp,1.000000,0.197290,0.991312,0.794022,0.884744,0.054519,16.228202,1.326397,1.326397,L20.attn,0.000000,0.000000,0.000000,1.000000,norm_normal_functional_failure
deepseek7b,phase291,L24-L27,logical,contrast,logic_although_cold,cross_battn_amlp,1.000000,0.159627,0.930964,0.771337,0.995303,0.346001,2.876594,0.893280,0.893280,L24.attn,0.000000,0.000000,0.000000,1.000000,norm_normal_functional_failure
deepseek7b,phase291,L26-L27,logical,contrast,logic_although_cold,cross_battn_amlp,1.000000,0.167047,0.944246,0.777199,1.034615,0.723263,1.430482,0.312792,0.312792,L26.attn,0.000000,0.000000,0.000000,1.000000,norm_normal_functional_failure
deepseek7b,phase291,L27,logical,contrast,logic_although_cold,cross_battn_amlp,1.000000,0.162837,0.975762,0.812925,1.011884,0.963175,1.050571,0.221337,-0.221337,L27.attn,0.000000,0.000000,0.000000,1.000000,norm_normal_functional_failure
deepseek7b,phase291,L20-L27,logical,inference,logic_therefore_rain,cross_battn_amlp,1.000000,0.041754,0.738069,0.696315,1.128858,0.295068,3.825752,3.506910,-3.506910,L26.mlp,0.000000,0.000000,0.000000,1.000000,norm_normal_functional_failure
deepseek7b,phase291,L24-L27,logical,inference,logic_therefore_rain,cross_battn_amlp,1.000000,-0.058265,0.867859,0.926124,0.826767,0.395918,2.088228,3.506910,-3.506910,L26.mlp,0.000000,0.000000,0.000000,1.000000,norm_normal_functional_failure
deepseek7b,phase291,L26-L27,logical,inference,logic_therefore_rain,cross_battn_amlp,1.000000,-0.070161,0.921710,0.991870,0.771354,1.315678,0.586279,3.506910,-3.506910,L26.mlp,0.000000,0.000000,0.000000,1.000000,norm_normal_functional_failure
deepseek7b,phase291,L27,logical,inference,logic_therefore_rain,cross_battn_amlp,1.000000,-0.041397,0.819119,0.860515,0.826412,1.073062,0.770144,0.766476,-0.766476,L27.attn,0.000000,0.000000,0.000000,1.000000,norm_normal_functional_failure
deepseek7b,phase291,L20-L27,logical,inference,logic_therefore_study,cross_battn_amlp,1.000000,0.132702,0.915688,0.782986,0.696103,0.065804,10.578357,2.118873,2.118873,L20.mlp,0.000000,0.000000,0.000000,1.000000,norm_normal_functional_failure
deepseek7b,phase291,L24-L27,logical,inference,logic_therefore_study,cross_battn_amlp,1.000000,0.121930,0.808451,0.686521,0.763514,0.241891,3.156433,1.780850,1.780850,L25.mlp,0.000000,0.000000,0.000000,1.000000,norm_normal_functional_failure
deepseek7b,phase291,L26-L27,logical,inference,logic_therefore_study,cross_battn_amlp,1.000000,0.067474,0.670033,0.602559,0.917484,0.404148,2.270171,1.190417,1.190417,L26.mlp,0.000000,0.000000,0.000000,1.000000,norm_normal_functional_failure
deepseek7b,phase291,L27,logical,inference,logic_therefore_study,cross_battn_amlp,1.000000,0.026481,0.647786,0.621305,0.916743,0.458460,1.999616,1.103768,1.103768,L27.mlp,0.000000,0.000000,0.000000,1.000000,norm_normal_functional_failure
deepseek7b,phase291,L20-L27,logical,inference,logic_therefore_heat,cross_aattn_bmlp,1.000000,0.407851,1.044851,0.637000,0.374252,0.021305,17.566206,1.604339,1.604339,L27.mlp,0.000000,0.000000,0.000000,1.000000,norm_normal_functional_failure
deepseek7b,phase291,L24-L27,logical,inference,logic_therefore_heat,cross_aattn_bmlp,1.000000,0.441110,1.100733,0.659623,0.369904,0.120719,3.064176,1.604339,1.604339,L27.mlp,0.000000,0.000000,0.000000,1.000000,norm_normal_functional_failure
deepseek7b,phase291,L26-L27,logical,inference,logic_therefore_heat,cross_aattn_bmlp,1.000000,0.414824,1.054931,0.640108,0.316770,0.354458,0.893675,1.604339,1.604339,L27.mlp,0.000000,0.000000,0.000000,1.000000,norm_normal_functional_failure
deepseek7b,phase291,L27,logical,inference,logic_therefore_heat,cross_aattn_bmlp,1.000000,0.517863,1.146218,0.628354,0.273529,0.271062,1.009101,1.604339,1.604339,L27.mlp,0.000000,0.000000,0.000000,1.000000,norm_normal_functional_failure
deepseek7b,phase291,L20-L27,logical,inference,logic_therefore_save,cross_battn_amlp,1.000000,0.104099,0.996675,0.892576,0.852296,0.085053,10.020764,1.845974,1.845974,L27.mlp,0.000000,0.000000,0.000000,1.000000,norm_normal_functional_failure
deepseek7b,phase291,L24-L27,logical,inference,logic_therefore_save,cross_battn_amlp,1.000000,0.115182,1.029960,0.914778,0.890592,0.330419,2.695344,1.845974,1.845974,L27.mlp,0.000000,0.000000,0.000000,1.000000,norm_normal_functional_failure
deepseek7b,phase291,L26-L27,logical,inference,logic_therefore_save,cross_battn_amlp,1.000000,0.122123,0.951112,0.828989,0.974271,0.724803,1.344188,1.845974,1.845974,L27.mlp,0.000000,0.000000,0.000000,1.000000,norm_normal_functional_failure
deepseek7b,phase291,L27,logical,inference,logic_therefore_save,cross_battn_amlp,1.000000,0.113299,0.887741,0.774442,0.986847,0.716523,1.377273,1.845974,1.845974,L27.mlp,0.000000,0.000000,0.000000,1.000000,norm_normal_functional_failure
deepseek7b,phase291,L20-L27,logical,inference,logic_therefore_alarm,cross_battn_amlp,1.000000,0.100925,1.100815,0.999890,0.687991,0.052813,13.026926,0.917619,-0.917619,L25.attn,0.000000,0.000000,0.000000,1.000000,norm_normal_functional_failure
deepseek7b,phase291,L24-L27,logical,inference,logic_therefore_alarm,cross_battn_amlp,1.000000,0.091813,1.119661,1.027849,0.782292,0.176327,4.436590,0.917619,-0.917619,L25.attn,0.000000,0.000000,0.000000,1.000000,norm_normal_functional_failure
deepseek7b,phase291,L24-L27,logical,inference,logic_therefore_alarm,cross_aattn_bmlp,1.000000,0.611762,1.119661,0.507899,0.756809,0.176327,4.292068,0.799681,-0.799681,L26.attn,0.000000,0.000000,0.000000,1.000000,norm_normal_functional_failure
deepseek7b,phase291,L26-L27,logical,inference,logic_therefore_alarm,cross_battn_amlp,1.000000,0.086172,1.061784,0.975612,0.859759,0.245945,3.495738,0.317955,-0.317955,L27.attn,0.000000,0.000000,0.000000,1.000000,norm_normal_functional_failure
deepseek7b,phase291,L27,logical,inference,logic_therefore_alarm,cross_battn_amlp,1.000000,0.083429,1.030492,0.947063,0.856985,0.251461,3.408024,0.317955,-0.317955,L27.attn,0.000000,0.000000,0.000000,1.000000,norm_normal_functional_failure
deepseek7b,phase291,L20-L27,logical,inference,logic_therefore_traffic,cross_battn_amlp,1.000000,0.369328,0.911561,0.542233,1.411991,0.079018,17.869330,2.354156,2.354156,L25.mlp,0.000000,0.000000,0.000000,1.000000,norm_normal_functional_failure
deepseek7b,phase291,L20-L23,logical,inference,logic_therefore_battery,cross_battn_amlp,1.000000,0.063251,1.034062,0.970811,0.903117,0.114411,7.893627,1.415075,1.415075,L21.attn,0.000000,0.000000,0.000000,1.000000,norm_normal_functional_failure
deepseek7b,phase291,L20-L27,logical,inference,logic_therefore_battery,cross_battn_amlp,1.000000,0.183584,1.027638,0.844054,0.411799,0.012629,32.607287,1.415075,1.415075,L21.attn,0.000000,0.000000,0.000000,1.000000,norm_normal_functional_failure
deepseek7b,phase291,L24-L27,logical,inference,logic_therefore_battery,cross_battn_amlp,1.000000,0.186841,1.042069,0.855228,0.409197,0.023757,17.224486,1.099207,1.099207,L27.mlp,0.000000,0.000000,0.000000,1.000000,norm_normal_functional_failure
deepseek7b,phase291,L26-L27,logical,inference,logic_therefore_battery,cross_battn_amlp,1.000000,0.187685,1.043955,0.856270,0.412196,0.040788,10.105729,1.099207,1.099207,L27.mlp,0.000000,0.000000,0.000000,1.000000,norm_normal_functional_failure
deepseek7b,phase291,L27,logical,inference,logic_therefore_battery,cross_battn_amlp,1.000000,0.185785,1.025136,0.839350,0.427858,0.059127,7.236275,1.099207,1.099207,L27.mlp,0.000000,0.000000,0.000000,1.000000,norm_normal_functional_failure
deepseek7b,phase291,L20-L27,logical,inference,logic_therefore_training,cross_battn_amlp,1.000000,-0.053708,0.729950,0.783658,0.640969,0.243673,2.630446,0.933662,0.933662,L26.attn,0.000000,0.000000,0.000000,1.000000,norm_normal_functional_failure
deepseek7b,phase291,L24-L27,logical,inference,logic_therefore_training,cross_battn_amlp,1.000000,-0.085245,0.496049,0.581294,0.483220,0.405644,1.191241,0.933662,0.933662,L26.attn,0.000000,0.000000,0.000000,1.000000,norm_normal_functional_failure
deepseek7b,phase291,L26-L27,logical,inference,logic_therefore_training,cross_battn_amlp,1.000000,-0.111223,0.472722,0.583944,0.467109,0.487764,0.957654,0.933662,0.933662,L26.attn,0.000000,0.000000,0.000000,1.000000,norm_normal_functional_failure
deepseek7b,phase291,L27,logical,inference,logic_therefore_training,cross_battn_amlp,1.000000,-0.089029,0.581189,0.670218,0.489262,0.312700,1.564637,0.592519,-0.592519,L27.mlp,0.000000,0.000000,0.000000,1.000000,norm_normal_functional_failure
deepseek7b,phase291,L20-L27,negation,existential_no,neg_found_nothing,cross_battn_amlp,1.000000,-0.040249,0.718192,0.758441,1.159043,0.160939,7.201746,2.082176,-2.082176,L20.attn,0.000000,0.000000,0.000000,1.000000,norm_normal_functional_failure
deepseek7b,phase291,L24-L27,negation,existential_no,neg_found_nothing,cross_battn_amlp,1.000000,-0.046018,0.467942,0.513960,1.054913,0.381390,2.765965,1.962023,-1.962023,L26.attn,0.000000,0.000000,0.000000,1.000000,norm_normal_functional_failure
deepseek7b,phase291,L20-L23,negation,existential_no,neg_no_one_came,cross_battn_amlp,1.000000,0.254804,1.288811,1.034007,0.866241,0.833996,1.038663,1.219916,-1.219916,L22.mlp,0.000000,0.000000,0.000000,1.000000,norm_normal_functional_failure
deepseek7b,phase291,L20-L23,negation,existential_no,neg_no_one_came,cross_aattn_bmlp,1.000000,0.400863,1.288811,0.887948,0.096273,0.833996,0.115436,0.945117,-0.945117,L22.attn,0.000000,0.000000,0.000000,1.000000,norm_normal_functional_failure
deepseek7b,phase291,L20-L27,negation,existential_no,neg_no_food,cross_battn_amlp,1.000000,0.168539,0.716207,0.547668,0.775730,0.143492,5.406082,1.429725,-1.429725,L25.attn,0.000000,0.000000,0.000000,1.000000,norm_normal_functional_failure
deepseek7b,phase291,L20-L23,negation,existential_no,neg_no_idea,cross_battn_amlp,1.000000,-1.531291,1.002143,2.533434,2.097187,0.031736,66.081968,1.016915,-1.016915,L23.attn,0.000000,0.000000,0.000000,1.000000,norm_normal_functional_failure
deepseek7b,phase291,L20-L27,negation,existential_no,neg_no_idea,cross_battn_amlp,1.000000,0.180219,1.108777,0.928558,0.169751,0.012306,13.793983,1.731540,1.731540,L25.mlp,0.000000,0.000000,0.000000,1.000000,norm_normal_functional_failure
deepseek7b,phase291,L24-L27,negation,existential_no,neg_no_idea,cross_battn_amlp,1.000000,0.201724,1.070664,0.868940,0.186843,0.025453,7.340743,1.731540,1.731540,L25.mlp,0.000000,0.000000,0.000000,1.000000,norm_normal_functional_failure
deepseek7b,phase291,L26-L27,negation,existential_no,neg_no_idea,cross_battn_amlp,1.000000,0.225921,1.080665,0.854744,0.216263,0.056516,3.826576,1.305489,1.305489,L27.mlp,0.000000,0.000000,0.000000,1.000000,norm_normal_functional_failure
deepseek7b,phase291,L27,negation,existential_no,neg_no_idea,cross_battn_amlp,1.000000,0.230800,0.995408,0.764608,0.221689,0.059800,3.707153,1.305489,1.305489,L27.mlp,0.000000,0.000000,0.000000,1.000000,norm_normal_functional_failure
deepseek7b,phase291,L20-L27,negation,existential_no,neg_no_reason,cross_battn_amlp,1.000000,0.105241,0.736464,0.631223,0.845907,0.149758,5.648494,1.358034,-1.358034,L20.attn,0.000000,0.000000,0.000000,1.000000,norm_normal_functional_failure
deepseek7b,phase291,L20-L27,negation,existential_no,neg_no_choice,cross_battn_amlp,1.000000,0.229891,0.867154,0.637263,0.781847,0.054321,14.393081,2.057022,2.057022,L27.mlp,0.000000,0.000000,0.000000,1.000000,norm_normal_functional_failure
deepseek7b,phase291,L24-L27,negation,existential_no,neg_no_choice,cross_battn_amlp,1.000000,0.197019,0.703985,0.506966,0.758347,0.083533,9.078463,2.057022,2.057022,L27.mlp,0.000000,0.000000,0.000000,1.000000,norm_normal_functional_failure
deepseek7b,phase291,L20-L27,negation,lexical_not_adj,neg_happy,cross_aattn_bmlp,1.000000,0.298140,1.050257,0.752117,0.878232,0.016564,53.021109,1.786275,-1.786275,L20.attn,0.000000,0.000000,0.000000,1.000000,norm_normal_functional_failure
deepseek7b,phase291,L24-L27,negation,lexical_not_adj,neg_happy,cross_aattn_bmlp,1.000000,0.289589,1.017281,0.727693,0.926157,0.082800,11.185436,1.717931,-1.717931,L26.attn,0.000000,0.000000,0.000000,1.000000,norm_normal_functional_failure
deepseek7b,phase291,L26-L27,negation,lexical_not_adj,neg_happy,cross_aattn_bmlp,1.000000,0.303938,1.057924,0.753986,1.085440,0.247709,4.381924,1.717931,-1.717931,L26.attn,0.000000,0.000000,0.000000,1.000000,norm_normal_functional_failure
deepseek7b,phase291,L27,negation,lexical_not_adj,neg_happy,cross_aattn_bmlp,1.000000,0.280311,0.986827,0.706516,1.152076,0.324067,3.555055,0.912983,-0.912983,L27.attn,0.000000,0.000000,0.000000,1.000000,norm_normal_functional_failure
deepseek7b,phase291,L20-L27,negation,lexical_not_adj,neg_open,cross_battn_amlp,1.000000,0.124806,0.771750,0.646944,0.709291,0.121788,5.823985,1.298197,-1.298197,L20.attn,0.000000,0.000000,0.000000,1.000000,norm_normal_functional_failure
deepseek7b,phase291,L20-L23,negation,lexical_not_adj,neg_ready,cross_battn_amlp,1.000000,0.009088,0.538490,0.529402,0.998026,0.381263,2.617683,2.163551,-2.163551,L20.attn,0.000000,0.000000,0.000000,1.000000,norm_normal_functional_failure
deepseek7b,phase291,L20-L23,negation,lexical_not_adj,neg_important,cross_battn_amlp,1.000000,0.063345,0.569637,0.506292,0.842044,0.933547,0.901984,2.053759,-2.053759,L23.attn,0.000000,0.000000,0.000000,1.000000,norm_normal_functional_failure
deepseek7b,phase291,L20-L27,negation,lexical_not_adj,neg_important,cross_battn_amlp,1.000000,0.140688,0.757994,0.617306,0.970566,0.141026,6.882185,2.053759,-2.053759,L23.attn,0.000000,0.000000,0.000000,1.000000,norm_normal_functional_failure
deepseek7b,phase291,L20-L27,negation,lexical_not_adj,neg_clear,cross_battn_amlp,1.000000,0.048265,1.033594,0.985328,0.818302,0.021439,38.169334,1.552215,1.552215,L20.mlp,0.000000,0.000000,0.000000,1.000000,norm_normal_functional_failure
deepseek7b,phase291,L24-L27,negation,lexical_not_adj,neg_clear,cross_battn_amlp,1.000000,-0.002197,0.953901,0.956098,0.811041,0.069294,11.704367,1.386743,-1.386743,L24.attn,0.000000,0.000000,0.000000,1.000000,norm_normal_functional_failure
deepseek7b,phase291,L26-L27,negation,lexical_not_adj,neg_clear,cross_battn_amlp,1.000000,-0.066648,0.961730,1.028378,0.829822,0.263522,3.148970,1.243023,-1.243023,L27.attn,0.000000,0.000000,0.000000,1.000000,norm_normal_functional_failure
deepseek7b,phase291,L27,negation,lexical_not_adj,neg_clear,cross_battn_amlp,1.000000,-0.097228,0.901894,0.999121,0.873973,0.391462,2.232586,1.243023,-1.243023,L27.attn,0.000000,0.000000,0.000000,1.000000,norm_normal_functional_failure
deepseek7b,phase291,L20-L23,negation,lexical_not_adj,neg_safe,cross_battn_amlp,1.000000,-0.014036,0.525264,0.539301,1.063564,0.339788,3.130081,1.250776,-1.250776,L21.mlp,0.000000,0.000000,0.000000,1.000000,norm_normal_functional_failure
deepseek7b,phase291,L20-L27,negation,lexical_not_adj,neg_fair,cross_battn_amlp,1.000000,0.073286,0.763786,0.690501,0.704554,0.048549,14.512274,1.349490,-1.349490,L26.attn,0.000000,0.000000,0.000000,1.000000,norm_normal_functional_failure
deepseek7b,phase291,L20-L23,negation,morphological_neg,neg_impossible,cross_battn_amlp,1.000000,0.042224,0.544741,0.502518,1.083785,0.311435,3.479976,1.897689,-1.897689,L21.mlp,0.000000,0.000000,0.000000,1.000000,norm_normal_functional_failure
deepseek7b,phase291,L20-L27,negation,morphological_neg,neg_impossible,cross_battn_amlp,1.000000,0.045228,0.916851,0.871623,0.526936,0.030996,17.000202,1.903375,-1.903375,L24.mlp,0.000000,0.000000,0.000000,1.000000,norm_normal_functional_failure
deepseek7b,phase291,L24-L27,negation,morphological_neg,neg_impossible,cross_battn_amlp,1.000000,0.015494,0.654828,0.639334,0.513896,0.104625,4.911794,1.903375,-1.903375,L24.mlp,0.000000,0.000000,0.000000,1.000000,norm_normal_functional_failure
deepseek7b,phase291,L26-L27,negation,morphological_neg,neg_impossible,cross_battn_amlp,1.000000,-0.035018,0.489452,0.524470,0.522932,0.204965,2.551326,1.084016,-1.084016,L27.mlp,0.000000,0.000000,0.000000,1.000000,norm_normal_functional_failure
deepseek7b,phase291,L20-L27,negation,morphological_neg,neg_unacceptable,cross_battn_amlp,1.000000,0.105321,0.818459,0.713138,0.751777,0.101128,7.433889,2.189568,-2.189568,L20.attn,0.000000,0.000000,0.000000,1.000000,norm_normal_functional_failure
deepseek7b,phase291,L24-L27,negation,morphological_neg,neg_unacceptable,cross_battn_amlp,1.000000,0.016231,0.677821,0.661590,0.761942,0.581919,1.309361,1.815240,-1.815240,L24.attn,0.000000,0.000000,0.000000,1.000000,norm_normal_functional_failure
deepseek7b,phase291,L26-L27,negation,morphological_neg,neg_unacceptable,cross_battn_amlp,1.000000,-0.021822,0.485585,0.507407,0.876830,0.749827,1.169376,1.585372,-1.585372,L26.attn,0.000000,0.000000,0.000000,1.000000,norm_normal_functional_failure
deepseek7b,phase291,L20-L27,negation,morphological_neg,neg_irrelevant,cross_battn_amlp,1.000000,0.072625,0.787134,0.714510,0.994797,0.128688,7.730270,2.154726,-2.154726,L24.attn,0.000000,0.000000,0.000000,1.000000,norm_normal_functional_failure
deepseek7b,phase291,L20-L27,negation,morphological_neg,neg_dishonest,cross_battn_amlp,1.000000,0.067504,0.970760,0.903256,1.567904,0.137276,11.421544,2.153534,-2.153534,L21.mlp,0.000000,0.000000,0.000000,1.000000,norm_normal_functional_failure
deepseek7b,phase291,L24-L27,negation,morphological_neg,neg_dishonest,cross_battn_amlp,1.000000,0.061782,0.918790,0.857008,1.497938,0.303896,4.929111,1.971353,-1.971353,L25.attn,0.000000,0.000000,0.000000,1.000000,norm_normal_functional_failure
deepseek7b,phase291,L26-L27,negation,morphological_neg,neg_dishonest,cross_battn_amlp,1.000000,0.063337,0.879849,0.816512,1.513477,0.202811,7.462509,1.291923,-1.291923,L27.attn,0.000000,0.000000,0.000000,1.000000,norm_normal_functional_failure
deepseek7b,phase291,L27,negation,morphological_neg,neg_dishonest,cross_battn_amlp,1.000000,0.065512,0.877644,0.812132,1.508481,0.226360,6.664082,1.291923,-1.291923,L27.attn,0.000000,0.000000,0.000000,1.000000,norm_normal_functional_failure
deepseek7b,phase291,L20-L27,negation,morphological_neg,neg_incorrect,cross_battn_amlp,1.000000,-0.036667,0.618999,0.655666,1.022583,0.349161,2.928683,1.908975,-1.908975,L20.attn,0.000000,0.000000,0.000000,1.000000,norm_normal_functional_failure
deepseek7b,phase291,L20-L27,negation,never,neg_seen_before,cross_battn_amlp,1.000000,-0.360017,0.839444,1.199461,0.325195,0.022553,14.419015,0.960053,-0.960053,L24.mlp,0.000000,0.000000,0.000000,1.000000,norm_normal_functional_failure
deepseek7b,phase291,L24-L27,negation,never,neg_seen_before,cross_battn_amlp,1.000000,-0.335199,0.827140,1.162339,0.340269,0.090138,3.774963,0.960053,-0.960053,L24.mlp,0.000000,0.000000,0.000000,1.000000,norm_normal_functional_failure
deepseek7b,phase291,L26-L27,negation,never,neg_seen_before,cross_battn_amlp,1.000000,-0.402338,0.679854,1.082192,0.365180,0.125932,2.899824,0.463159,-0.463159,L27.mlp,0.000000,0.000000,0.000000,1.000000,norm_normal_functional_failure
deepseek7b,phase291,L27,negation,never,neg_seen_before,cross_battn_amlp,1.000000,-0.374041,0.459256,0.833298,0.382265,0.202568,1.887096,0.463159,-0.463159,L27.mlp,0.000000,0.000000,0.000000,1.000000,norm_normal_functional_failure
deepseek7b,phase291,L20-L27,negation,never,neg_been_paris,cross_aattn_bmlp,1.000000,0.360780,0.884839,0.524059,1.039559,0.096379,10.786149,1.670202,1.670202,L25.mlp,0.000000,0.000000,0.000000,1.000000,norm_normal_functional_failure
deepseek7b,phase291,L24-L27,negation,never,neg_been_paris,cross_aattn_bmlp,1.000000,0.362362,0.866266,0.503904,0.877959,0.203124,4.322293,1.670202,1.670202,L25.mlp,0.000000,0.000000,0.000000,1.000000,norm_normal_functional_failure
deepseek7b,phase291,L20-L27,negation,never,neg_told_secret,cross_battn_amlp,1.000000,0.127534,0.956041,0.828507,0.847950,0.251000,3.378287,1.005421,-1.005421,L22.attn,0.000000,0.000000,0.000000,1.000000,norm_normal_functional_failure
deepseek7b,phase291,L20-L23,negation,never,neg_gives_up,cross_battn_amlp,1.000000,-0.011168,0.644919,0.656088,0.919135,0.248294,3.701802,1.965268,-1.965268,L23.mlp,0.000000,0.000000,0.000000,1.000000,norm_normal_functional_failure
deepseek7b,phase291,L20-L27,negation,never,neg_gives_up,cross_battn_amlp,1.000000,0.209132,0.973951,0.764819,0.863665,0.034733,24.865756,2.003099,-2.003099,L25.attn,0.000000,0.000000,0.000000,1.000000,norm_normal_functional_failure
deepseek7b,phase291,L24-L27,negation,never,neg_gives_up,cross_battn_amlp,1.000000,0.179544,0.908261,0.728717,0.847005,0.085255,9.934991,2.003099,-2.003099,L25.attn,0.000000,0.000000,0.000000,1.000000,norm_normal_functional_failure
deepseek7b,phase291,L26-L27,negation,never,neg_gives_up,cross_battn_amlp,1.000000,0.141282,0.870596,0.729314,0.976119,0.176104,5.542848,1.198855,1.198855,L26.mlp,0.000000,0.000000,0.000000,1.000000,norm_normal_functional_failure
deepseek7b,phase291,L27,negation,never,neg_gives_up,cross_battn_amlp,1.000000,0.120175,0.908032,0.787857,1.001200,0.303493,3.298925,0.572207,0.572207,L27.mlp,0.000000,0.000000,0.000000,1.000000,norm_normal_functional_failure
deepseek7b,phase291,L20-L23,negation,never,neg_forgets_face,mlp,0.000000,0.000000,0.496380,0.496380,1.000000,0.988547,1.011586,0.772463,-0.772463,L20.mlp,1.000000,0.000000,1.000000,0.000000,off_manifold_no_drop
deepseek7b,phase291,L20-L23,negation,never,neg_forgets_face,both,0.000000,0.000000,0.496380,0.496380,1.000000,0.988547,1.011586,0.772463,-0.772463,L20.mlp,1.000000,0.000000,1.000000,0.000000,off_manifold_no_drop
deepseek7b,phase291,L20-L23,negation,never,neg_forgets_face,mlp,0.250000,0.065082,0.496380,0.431297,1.073395,0.988547,1.085831,0.996686,-0.996686,L21.mlp,1.000000,0.000000,1.000000,0.000000,off_manifold_no_drop
deepseek7b,phase291,L20-L23,negation,never,neg_forgets_face,both,0.250000,0.110442,0.496380,0.385938,0.996678,0.988547,1.008225,0.996686,-0.996686,L21.mlp,1.000000,0.000000,1.000000,0.000000,off_manifold_no_drop
deepseek7b,phase291,L20-L23,negation,never,neg_forgets_face,mlp,1.000000,0.408133,0.496380,0.088247,1.413300,0.988547,1.429673,1.639999,1.639999,L20.mlp,1.000000,0.000000,1.000000,0.000000,off_manifold_no_drop
deepseek7b,phase291,L20-L23,negation,never,neg_forgets_face,both,1.000000,0.496380,0.496380,0.000000,0.988547,0.988547,1.000000,1.639999,1.639999,L20.mlp,1.000000,0.000000,1.000000,0.000000,off_manifold_no_drop
deepseek7b,phase291,L20-L23,negation,never,neg_forgets_face,cross_battn_amlp,1.000000,0.136829,0.496380,0.359551,0.888066,0.988547,0.898355,1.162972,-1.162972,L22.attn,1.000000,0.000000,1.000000,0.000000,off_manifold_no_drop
deepseek7b,phase291,L20-L23,negation,never,neg_forgets_face,cross_aattn_bmlp,1.000000,0.390722,0.496380,0.105658,1.183593,0.988547,1.197305,1.639999,1.639999,L20.mlp,1.000000,0.000000,1.000000,0.000000,off_manifold_no_drop
deepseek7b,phase291,L20-L27,negation,never,neg_forgets_face,mlp,0.000000,0.000000,0.793997,0.793997,1.000000,0.163143,6.129609,0.774455,-0.774455,L25.mlp,1.000000,0.000000,1.000000,0.000000,off_manifold_no_drop
deepseek7b,phase291,L20-L27,negation,never,neg_forgets_face,both,0.000000,0.000000,0.793997,0.793997,1.000000,0.163143,6.129609,0.898920,-0.898920,L26.attn,1.000000,0.000000,1.000000,0.000000,off_manifold_no_drop
deepseek7b,phase291,L20-L27,negation,never,neg_forgets_face,mlp,0.250000,-0.440811,0.793997,1.234808,3.350499,0.163143,20.537250,0.996686,-0.996686,L21.mlp,1.000000,0.000000,1.000000,0.000000,off_manifold_no_drop
deepseek7b,phase291,L20-L27,negation,never,neg_forgets_face,both,0.250000,0.159736,0.793997,0.634261,0.684857,0.163143,4.197906,0.996686,-0.996686,L21.mlp,1.000000,0.000000,1.000000,0.000000,off_manifold_no_drop
deepseek7b,phase291,L20-L27,negation,never,neg_forgets_face,mlp,1.000000,0.118636,0.793997,0.675362,7.846662,0.163143,48.096968,1.639999,1.639999,L20.mlp,1.000000,0.000000,1.000000,0.000000,off_manifold_no_drop
deepseek7b,phase291,L20-L27,negation,never,neg_forgets_face,both,1.000000,0.793997,0.793997,0.000000,0.163143,0.163143,1.000000,1.639999,1.639999,L20.mlp,1.000000,0.000000,1.000000,0.000000,off_manifold_no_drop
deepseek7b,phase291,L20-L27,negation,never,neg_forgets_face,cross_battn_amlp,1.000000,0.118026,0.793997,0.675971,0.713913,0.163143,4.376009,1.162972,-1.162972,L22.attn,1.000000,0.000000,1.000000,1.000000,off_manifold_functional_failure
deepseek7b,phase291,L20-L27,negation,never,neg_forgets_face,cross_aattn_bmlp,1.000000,0.590380,0.793997,0.203617,0.485147,0.163143,2.973762,1.639999,1.639999,L20.mlp,1.000000,0.000000,1.000000,0.000000,off_manifold_no_drop
deepseek7b,phase291,L20-L23,negation,never,neg_late,cross_battn_amlp,1.000000,-1.142118,0.590146,1.732264,1.668558,0.353250,4.723448,1.662772,-1.662772,L23.attn,0.000000,0.000000,0.000000,1.000000,norm_normal_functional_failure
deepseek7b,phase291,L20-L27,negation,never,neg_late,cross_battn_amlp,1.000000,-0.127805,0.834673,0.962479,0.920848,0.554732,1.659987,1.822314,-1.822314,L26.attn,0.000000,0.000000,0.000000,1.000000,norm_normal_functional_failure
deepseek7b,phase291,L24-L27,negation,never,neg_late,cross_battn_amlp,1.000000,-0.118783,0.786737,0.905519,0.919038,0.819902,1.120911,1.822314,-1.822314,L26.attn,0.000000,0.000000,0.000000,1.000000,norm_normal_functional_failure
deepseek7b,phase291,L26-L27,negation,never,neg_late,cross_battn_amlp,1.000000,-0.096981,0.845093,0.942075,1.041835,0.595440,1.749689,1.822314,-1.822314,L26.attn,0.000000,0.000000,0.000000,1.000000,norm_normal_functional_failure
deepseek7b,phase291,L27,negation,never,neg_late,cross_battn_amlp,1.000000,-0.123280,0.749294,0.872574,1.081712,0.793631,1.362990,1.531309,-1.531309,L27.attn,0.000000,0.000000,0.000000,1.000000,norm_normal_functional_failure
deepseek7b,phase291,L20-L23,negation,scope_quantifier,neg_not_all,mlp,0.000000,0.000000,0.468630,0.468630,1.000000,0.276305,3.619188,0.815244,-0.815244,L22.mlp,1.000000,0.000000,1.000000,0.000000,off_manifold_no_drop
deepseek7b,phase291,L20-L23,negation,scope_quantifier,neg_not_all,both,0.000000,0.000000,0.468630,0.468630,1.000000,0.276305,3.619188,1.016973,-1.016973,L20.attn,1.000000,0.000000,1.000000,0.000000,off_manifold_no_drop
deepseek7b,phase291,L20-L23,negation,scope_quantifier,neg_not_all,mlp,0.250000,0.050832,0.468630,0.417797,0.798183,0.276305,2.888774,1.325952,-1.325952,L22.mlp,1.000000,0.000000,1.000000,0.000000,off_manifold_no_drop
deepseek7b,phase291,L20-L23,negation,scope_quantifier,neg_not_all,both,0.250000,0.088747,0.468630,0.379883,0.776074,0.276305,2.808757,1.325952,-1.325952,L22.mlp,1.000000,0.000000,1.000000,0.000000,off_manifold_no_drop
deepseek7b,phase291,L20-L23,negation,scope_quantifier,neg_not_all,mlp,1.000000,0.239112,0.468630,0.229517,0.403948,0.276305,1.461963,1.345676,1.345676,L20.mlp,1.000000,0.000000,1.000000,0.000000,off_manifold_no_drop
deepseek7b,phase291,L20-L23,negation,scope_quantifier,neg_not_all,both,1.000000,0.468630,0.468630,0.000000,0.276305,0.276305,1.000000,1.345676,1.345676,L20.mlp,1.000000,0.000000,1.000000,0.000000,off_manifold_no_drop
deepseek7b,phase291,L20-L23,negation,scope_quantifier,neg_not_all,cross_battn_amlp,1.000000,0.050026,0.468630,0.418603,1.012502,0.276305,3.664434,0.972499,-0.972499,L22.attn,1.000000,0.000000,1.000000,0.000000,off_manifold_no_drop
deepseek7b,phase291,L20-L23,negation,scope_quantifier,neg_not_all,cross_aattn_bmlp,1.000000,0.217402,0.468630,0.251227,0.374585,0.276305,1.355695,1.345676,1.345676,L20.mlp,1.000000,0.000000,1.000000,0.000000,off_manifold_no_drop
deepseek7b,phase291,L20-L27,negation,scope_quantifier,neg_not_all,mlp,0.000000,0.000000,1.163423,1.163423,1.000000,0.072391,13.813819,3.343161,-3.343161,L26.mlp,1.000000,0.000000,1.000000,0.000000,off_manifold_no_drop
deepseek7b,phase291,L20-L27,negation,scope_quantifier,neg_not_all,both,0.000000,0.000000,1.163423,1.163423,1.000000,0.072391,13.813819,3.343161,-3.343161,L26.mlp,1.000000,0.000000,1.000000,0.000000,off_manifold_no_drop
deepseek7b,phase291,L20-L27,negation,scope_quantifier,neg_not_all,mlp,0.250000,0.058118,1.163423,1.105304,0.745737,0.072391,10.301478,2.762088,-2.762088,L26.mlp,1.000000,0.000000,1.000000,0.000000,off_manifold_no_drop
deepseek7b,phase291,L20-L27,negation,scope_quantifier,neg_not_all,both,0.250000,0.233317,1.163423,0.930105,0.674991,0.072391,9.324206,2.762088,-2.762088,L26.mlp,1.000000,0.000000,1.000000,0.000000,off_manifold_no_drop
deepseek7b,phase291,L20-L27,negation,scope_quantifier,neg_not_all,mlp,1.000000,1.094164,1.163423,0.069258,0.094575,0.072391,1.306441,1.345676,1.345676,L20.mlp,1.000000,0.000000,1.000000,0.000000,off_manifold_no_drop
deepseek7b,phase291,L20-L27,negation,scope_quantifier,neg_not_all,both,1.000000,1.163423,1.163423,0.000000,0.072391,0.072391,1.000000,1.345676,1.345676,L20.mlp,1.000000,0.000000,1.000000,0.000000,off_manifold_no_drop
deepseek7b,phase291,L20-L27,negation,scope_quantifier,neg_not_all,cross_battn_amlp,1.000000,0.178930,1.163423,0.984492,1.089087,0.072391,15.044450,3.343161,-3.343161,L26.mlp,1.000000,0.000000,1.000000,1.000000,off_manifold_functional_failure
deepseek7b,phase291,L20-L27,negation,scope_quantifier,neg_not_all,cross_aattn_bmlp,1.000000,0.777643,1.163423,0.385779,0.173488,0.072391,2.396529,2.751177,-2.751177,L27.attn,1.000000,0.000000,1.000000,0.000000,off_manifold_no_drop
deepseek7b,phase291,L24-L27,negation,scope_quantifier,neg_not_all,cross_battn_amlp,1.000000,0.101232,1.178452,1.077220,1.149536,0.212968,5.397698,3.343161,-3.343161,L26.mlp,0.000000,0.000000,0.000000,1.000000,norm_normal_functional_failure
deepseek7b,phase291,L26-L27,negation,scope_quantifier,neg_not_all,cross_battn_amlp,1.000000,0.098954,1.112575,1.013621,1.120362,0.390178,2.871415,3.343161,-3.343161,L26.mlp,0.000000,0.000000,0.000000,1.000000,norm_normal_functional_failure
deepseek7b,phase291,L27,negation,scope_quantifier,neg_not_all,cross_battn_amlp,1.000000,0.082185,0.981249,0.899064,1.136202,0.634165,1.791651,1.053492,-1.053492,L27.attn,0.000000,0.000000,0.000000,1.000000,norm_normal_functional_failure
deepseek7b,phase291,L20-L27,negation,scope_quantifier,neg_not_everyone,cross_battn_amlp,1.000000,0.141443,0.813135,0.671692,0.543533,0.025350,21.440788,2.462026,-2.462026,L21.attn,0.000000,0.000000,0.000000,1.000000,norm_normal_functional_failure
deepseek7b,phase291,L20-L27,negation,scope_quantifier,neg_not_always,cross_battn_amlp,1.000000,-0.103430,1.048629,1.152059,0.875503,0.031372,27.907445,1.759709,1.759709,L25.mlp,0.000000,0.000000,0.000000,1.000000,norm_normal_functional_failure
deepseek7b,phase291,L24-L27,negation,scope_quantifier,neg_not_always,cross_battn_amlp,1.000000,-0.113205,1.143918,1.257123,0.854238,0.048406,17.647368,1.759709,1.759709,L25.mlp,0.000000,0.000000,0.000000,1.000000,norm_normal_functional_failure
deepseek7b,phase291,L26-L27,negation,scope_quantifier,neg_not_always,cross_battn_amlp,1.000000,-0.076385,1.103703,1.180087,0.923499,0.145765,6.335539,1.189857,1.189857,L26.mlp,0.000000,0.000000,0.000000,1.000000,norm_normal_functional_failure
deepseek7b,phase291,L27,negation,scope_quantifier,neg_not_always,cross_battn_amlp,1.000000,-0.027766,0.939776,0.967541,0.954913,0.235815,4.049412,1.008282,1.008282,L27.mlp,0.000000,0.000000,0.000000,1.000000,norm_normal_functional_failure
deepseek7b,phase291,L20-L27,negation,scope_quantifier,neg_not_entirely,cross_battn_amlp,1.000000,-0.001442,0.788968,0.790410,0.528036,0.099128,5.326810,1.413930,-1.413930,L20.attn,0.000000,0.000000,0.000000,1.000000,norm_normal_functional_failure
deepseek7b,phase291,L24-L27,negation,scope_quantifier,neg_not_entirely,cross_battn_amlp,1.000000,-0.013395,0.494290,0.507685,0.583757,0.235118,2.482826,0.907252,-0.907252,L27.mlp,0.000000,0.000000,0.000000,1.000000,norm_normal_functional_failure
deepseek7b,phase291,L20-L23,negation,scope_quantifier,neg_not_necessarily,mlp,0.000000,0.000000,-0.239775,-0.239775,1.000000,0.748589,1.335846,2.420365,2.420365,L20.mlp,1.000000,0.000000,1.000000,0.000000,off_manifold_no_drop
deepseek7b,phase291,L20-L23,negation,scope_quantifier,neg_not_necessarily,both,0.000000,0.000000,-0.239775,-0.239775,1.000000,0.748589,1.335846,2.420365,2.420365,L20.mlp,1.000000,0.000000,1.000000,0.000000,off_manifold_no_drop
deepseek7b,phase291,L20-L23,negation,scope_quantifier,neg_not_necessarily,mlp,1.000000,-0.226646,-0.239775,-0.013129,0.861860,0.748589,1.151312,0.823975,-0.823975,L23.mlp,1.000000,0.000000,1.000000,0.000000,off_manifold_no_drop
deepseek7b,phase291,L20-L23,negation,scope_quantifier,neg_not_necessarily,both,1.000000,-0.239775,-0.239775,0.000000,0.748589,0.748589,1.000000,0.823975,-0.823975,L23.mlp,1.000000,0.000000,1.000000,0.000000,off_manifold_no_drop
deepseek7b,phase291,L20-L23,negation,scope_quantifier,neg_not_necessarily,cross_battn_amlp,1.000000,-0.031327,-0.239775,-0.208448,0.857349,0.748589,1.145287,2.420365,2.420365,L20.mlp,1.000000,0.000000,1.000000,0.000000,off_manifold_no_drop
deepseek7b,phase291,L20-L23,negation,scope_quantifier,neg_not_necessarily,cross_aattn_bmlp,1.000000,-0.206227,-0.239775,-0.033548,0.862668,0.748589,1.152392,0.823975,-0.823975,L23.mlp,1.000000,0.000000,1.000000,0.000000,off_manifold_no_drop
deepseek7b,phase291,L20-L27,negation,scope_quantifier,neg_not_necessarily,mlp,0.000000,0.000000,0.651329,0.651329,1.000000,1.935200,0.516742,2.420365,2.420365,L20.mlp,1.000000,0.000000,1.000000,0.000000,off_manifold_no_drop
deepseek7b,phase291,L20-L27,negation,scope_quantifier,neg_not_necessarily,both,0.000000,0.000000,0.651329,0.651329,1.000000,1.935200,0.516742,2.420365,2.420365,L20.mlp,1.000000,0.000000,1.000000,0.000000,off_manifold_no_drop
deepseek7b,phase291,L20-L27,negation,scope_quantifier,neg_not_necessarily,mlp,1.000000,0.504105,0.651329,0.147224,1.615985,1.935200,0.835048,0.919554,0.919554,L27.mlp,1.000000,0.000000,1.000000,0.000000,off_manifold_no_drop
deepseek7b,phase291,L20-L27,negation,scope_quantifier,neg_not_necessarily,both,1.000000,0.651329,0.651329,0.000000,1.935200,1.935200,1.000000,1.154470,-1.154470,L25.attn,1.000000,0.000000,1.000000,0.000000,off_manifold_no_drop
deepseek7b,phase291,L20-L27,negation,scope_quantifier,neg_not_necessarily,cross_battn_amlp,1.000000,0.563989,0.651329,0.087340,1.645949,1.935200,0.850532,2.420365,2.420365,L20.mlp,1.000000,0.000000,1.000000,0.000000,off_manifold_no_drop
deepseek7b,phase291,L20-L27,negation,scope_quantifier,neg_not_necessarily,cross_aattn_bmlp,1.000000,0.405961,0.651329,0.245368,1.309998,1.935200,0.676932,1.043348,1.043348,L26.attn,1.000000,0.000000,1.000000,0.000000,off_manifold_no_drop
deepseek7b,phase291,L20-L23,negation,syntactic_do_not,neg_agree,mlp,0.250000,0.014800,0.019316,0.004516,1.015046,1.470743,0.690159,0.876653,-0.876653,L21.mlp,1.000000,0.000000,1.000000,0.000000,off_manifold_no_drop
deepseek7b,phase291,L20-L23,negation,syntactic_do_not,neg_agree,both,0.250000,0.014317,0.019316,0.004999,1.244760,1.470743,0.846348,0.876653,-0.876653,L21.mlp,1.000000,0.000000,1.000000,0.000000,off_manifold_no_drop
deepseek7b,phase291,L20-L27,negation,syntactic_do_not,neg_agree,mlp,0.250000,0.178586,1.057381,0.878795,1.238476,0.076284,16.235053,1.549967,1.549967,L25.mlp,1.000000,0.000000,1.000000,0.000000,off_manifold_no_drop
deepseek7b,phase291,L20-L27,negation,syntactic_do_not,neg_agree,both,0.250000,0.199296,1.057381,0.858085,0.517601,0.076284,6.785175,1.549967,1.549967,L25.mlp,1.000000,0.000000,1.000000,0.000000,off_manifold_no_drop
deepseek7b,phase291,L20-L27,negation,syntactic_do_not,neg_agree,cross_battn_amlp,1.000000,-0.041078,1.057381,1.098459,0.402372,0.076284,5.274658,1.590175,1.590175,L25.mlp,0.000000,0.000000,0.000000,1.000000,norm_normal_functional_failure
deepseek7b,phase291,L24-L27,negation,syntactic_do_not,neg_agree,cross_battn_amlp,1.000000,-0.039323,1.131215,1.170538,0.396274,0.050694,7.816969,1.590175,1.590175,L25.mlp,0.000000,0.000000,0.000000,1.000000,norm_normal_functional_failure
deepseek7b,phase291,L26-L27,negation,syntactic_do_not,neg_agree,cross_battn_amlp,1.000000,-0.038902,1.180614,1.219516,0.454275,0.097473,4.660516,1.183484,1.183484,L26.mlp,0.000000,0.000000,0.000000,1.000000,norm_normal_functional_failure
deepseek7b,phase291,L27,negation,syntactic_do_not,neg_agree,cross_battn_amlp,1.000000,-0.050214,1.141018,1.191232,0.451980,0.131319,3.441835,0.572760,-0.572760,L27.attn,0.000000,0.000000,0.000000,1.000000,norm_normal_functional_failure
deepseek7b,phase291,L20-L27,negation,syntactic_do_not,neg_remember,cross_battn_amlp,1.000000,0.001770,0.809348,0.807578,0.764679,0.069170,11.055022,1.111410,-1.111410,L23.attn,0.000000,0.000000,0.000000,1.000000,norm_normal_functional_failure
deepseek7b,phase291,L24-L27,negation,syntactic_do_not,neg_remember,cross_battn_amlp,1.000000,0.001176,0.569340,0.568163,0.834390,0.297441,2.805228,1.013872,1.013872,L27.attn,0.000000,0.000000,0.000000,1.000000,norm_normal_functional_failure
deepseek7b,phase291,L20-L23,negation,syntactic_do_not,neg_understand,mlp,0.250000,-0.019312,0.004024,0.023336,1.001891,0.515087,1.945091,1.455039,-1.455039,L21.mlp,1.000000,0.000000,1.000000,0.000000,off_manifold_no_drop
deepseek7b,phase291,L20-L23,negation,syntactic_do_not,neg_understand,both,0.250000,-0.014236,0.004024,0.018260,1.064006,0.515087,2.065682,1.455039,-1.455039,L21.mlp,1.000000,0.000000,1.000000,0.000000,off_manifold_no_drop
deepseek7b,phase291,L20-L27,negation,syntactic_do_not,neg_understand,mlp,0.250000,0.091995,1.049984,0.957990,0.509806,0.011251,45.310443,3.366981,-3.366981,L26.mlp,1.000000,0.000000,1.000000,0.000000,off_manifold_no_drop
deepseek7b,phase291,L20-L27,negation,syntactic_do_not,neg_understand,both,0.250000,0.275019,1.049984,0.774965,0.354541,0.011251,31.510823,3.366981,-3.366981,L26.mlp,1.000000,0.000000,1.000000,0.000000,off_manifold_no_drop
deepseek7b,phase291,L20-L27,negation,syntactic_do_not,neg_understand,cross_battn_amlp,1.000000,0.105026,1.049984,0.944958,0.756090,0.011251,67.199563,3.362801,-3.362801,L26.mlp,0.000000,0.000000,0.000000,1.000000,norm_normal_functional_failure
deepseek7b,phase291,L24-L27,negation,syntactic_do_not,neg_understand,cross_battn_amlp,1.000000,-0.021602,0.991433,1.013035,0.729563,0.035387,20.616534,3.362801,-3.362801,L26.mlp,0.000000,0.000000,0.000000,1.000000,norm_normal_functional_failure
deepseek7b,phase291,L26-L27,negation,syntactic_do_not,neg_understand,cross_battn_amlp,1.000000,-0.112516,0.837731,0.950247,0.800973,0.099721,8.032114,3.362801,-3.362801,L26.mlp,0.000000,0.000000,0.000000,1.000000,norm_normal_functional_failure
deepseek7b,phase291,L27,negation,syntactic_do_not,neg_understand,cross_battn_amlp,1.000000,-0.145202,0.867933,1.013136,0.816189,0.260673,3.131078,2.541790,-2.541790,L27.attn,0.000000,0.000000,0.000000,1.000000,norm_normal_functional_failure
deepseek7b,phase291,L20-L27,negation,syntactic_do_not,neg_know,cross_battn_amlp,1.000000,0.080085,1.097117,1.017031,0.752410,0.096168,7.823890,1.684832,1.684832,L25.mlp,0.000000,0.000000,0.000000,1.000000,norm_normal_functional_failure
deepseek7b,phase291,L24-L27,negation,syntactic_do_not,neg_know,cross_battn_amlp,1.000000,0.073173,1.098310,1.025137,0.832499,0.265889,3.131008,1.684832,1.684832,L25.mlp,0.000000,0.000000,0.000000,1.000000,norm_normal_functional_failure
deepseek7b,phase291,L26-L27,negation,syntactic_do_not,neg_know,cross_battn_amlp,1.000000,0.012754,0.814808,0.802054,0.825913,0.324341,2.546434,1.185861,1.185861,L26.mlp,0.000000,0.000000,0.000000,1.000000,norm_normal_functional_failure
deepseek7b,phase291,L27,negation,syntactic_do_not,neg_know,cross_battn_amlp,1.000000,-0.005061,0.635125,0.640186,0.809233,0.556677,1.453685,1.091322,1.091322,L27.attn,0.000000,0.000000,0.000000,1.000000,norm_normal_functional_failure
deepseek7b,phase291,L20-L27,negation,syntactic_do_not,neg_believe,cross_battn_amlp,1.000000,0.073344,0.813435,0.740092,0.606599,0.107510,5.642238,1.260577,-1.260577,L24.mlp,0.000000,0.000000,0.000000,1.000000,norm_normal_functional_failure
deepseek7b,phase291,L24-L27,negation,syntactic_do_not,neg_believe,cross_battn_amlp,1.000000,0.043474,0.556010,0.512536,0.707979,0.312313,2.266893,1.260577,-1.260577,L24.mlp,0.000000,0.000000,0.000000,1.000000,norm_normal_functional_failure
deepseek7b,phase291,L20-L23,negation,syntactic_do_not,neg_support,mlp,0.250000,0.009675,0.034046,0.024371,0.977104,0.865311,1.129193,1.302317,-1.302317,L22.mlp,1.000000,0.000000,1.000000,0.000000,off_manifold_no_drop
deepseek7b,phase291,L20-L23,negation,syntactic_do_not,neg_support,both,0.250000,0.008810,0.034046,0.025236,0.950347,0.865311,1.098271,1.302317,-1.302317,L22.mlp,1.000000,0.000000,1.000000,0.000000,off_manifold_no_drop
deepseek7b,phase291,L20-L27,negation,syntactic_do_not,neg_support,mlp,0.250000,0.071459,0.916314,0.844856,0.765179,0.022470,34.053012,1.502450,1.502450,L25.mlp,1.000000,0.000000,1.000000,0.000000,off_manifold_no_drop
deepseek7b,phase291,L20-L27,negation,syntactic_do_not,neg_support,both,0.250000,0.119330,0.916314,0.796984,0.753984,0.022470,33.554815,1.502450,1.502450,L25.mlp,1.000000,0.000000,1.000000,0.000000,off_manifold_no_drop
deepseek7b,phase291,L20-L27,negation,syntactic_do_not,neg_support,cross_battn_amlp,1.000000,0.027602,0.916314,0.888713,0.451889,0.022470,20.110557,1.533113,1.533113,L25.mlp,0.000000,0.000000,0.000000,1.000000,norm_normal_functional_failure
deepseek7b,phase291,L20-L27,negation,syntactic_do_not,neg_support,cross_aattn_bmlp,1.000000,0.413845,0.916314,0.502469,0.521210,0.022470,23.195563,2.283146,2.283146,L20.mlp,0.000000,0.000000,0.000000,1.000000,norm_normal_functional_failure
deepseek7b,phase291,L24-L27,negation,syntactic_do_not,neg_support,cross_battn_amlp,1.000000,0.005917,0.896180,0.890263,0.486142,0.040944,11.873415,1.533113,1.533113,L25.mlp,0.000000,0.000000,0.000000,1.000000,norm_normal_functional_failure
deepseek7b,phase291,L26-L27,negation,syntactic_do_not,neg_support,cross_battn_amlp,1.000000,-0.017281,0.888529,0.905810,0.470830,0.084076,5.600031,1.175497,1.175497,L26.mlp,0.000000,0.000000,0.000000,1.000000,norm_normal_functional_failure
deepseek7b,phase291,L27,negation,syntactic_do_not,neg_support,cross_battn_amlp,1.000000,-0.029916,0.739646,0.769562,0.466724,0.151580,3.079061,0.940636,-0.940636,L27.attn,0.000000,0.000000,0.000000,1.000000,norm_normal_functional_failure
deepseek7b,phase291,L20-L27,negation,syntactic_do_not,neg_accept,cross_battn_amlp,1.000000,0.338933,0.844093,0.505160,0.703322,0.101190,6.950521,2.819109,2.819109,L20.mlp,0.000000,0.000000,0.000000,1.000000,norm_normal_functional_failure
deepseek7b,phase291,L20-L23,negation,syntactic_do_not,neg_expect,mlp,0.000000,0.000000,-0.089387,-0.089387,1.000000,0.887071,1.127305,0.730684,-0.730684,L22.mlp,1.000000,0.000000,1.000000,0.000000,off_manifold_no_drop
deepseek7b,phase291,L20-L23,negation,syntactic_do_not,neg_expect,both,0.000000,0.000000,-0.089387,-0.089387,1.000000,0.887071,1.127305,0.807722,-0.807722,L21.attn,1.000000,0.000000,1.000000,0.000000,off_manifold_no_drop
deepseek7b,phase291,L20-L23,negation,syntactic_do_not,neg_expect,mlp,0.250000,-0.082564,-0.089387,-0.006823,0.985370,0.887071,1.110813,1.237630,-1.237630,L22.mlp,1.000000,0.000000,1.000000,0.000000,off_manifold_no_drop
deepseek7b,phase291,L20-L23,negation,syntactic_do_not,neg_expect,both,0.250000,-0.050580,-0.089387,-0.038807,0.813259,0.887071,0.916792,1.237630,-1.237630,L22.mlp,1.000000,0.000000,1.000000,0.000000,off_manifold_no_drop
deepseek7b,phase291,L20-L23,negation,syntactic_do_not,neg_expect,mlp,1.000000,-0.110495,-0.089387,0.021108,1.168904,0.887071,1.317712,2.271185,2.271185,L20.mlp,1.000000,0.000000,1.000000,0.000000,off_manifold_no_drop
deepseek7b,phase291,L20-L23,negation,syntactic_do_not,neg_expect,both,1.000000,-0.089387,-0.089387,0.000000,0.887071,0.887071,1.000000,2.271185,2.271185,L20.mlp,1.000000,0.000000,1.000000,0.000000,off_manifold_no_drop
deepseek7b,phase291,L20-L23,negation,syntactic_do_not,neg_expect,cross_battn_amlp,1.000000,0.076594,-0.089387,-0.165981,0.837898,0.887071,0.944567,1.327999,-1.327999,L23.attn,1.000000,0.000000,1.000000,0.000000,off_manifold_no_drop
deepseek7b,phase291,L20-L23,negation,syntactic_do_not,neg_expect,cross_aattn_bmlp,1.000000,-0.129563,-0.089387,0.040176,1.214068,0.887071,1.368626,2.271185,2.271185,L20.mlp,1.000000,0.000000,1.000000,0.000000,off_manifold_no_drop
deepseek7b,phase291,L20-L27,negation,syntactic_do_not,neg_expect,mlp,0.000000,0.000000,1.043815,1.043815,1.000000,0.004370,228.812140,3.370528,-3.370528,L26.mlp,1.000000,0.000000,1.000000,0.000000,off_manifold_no_drop
deepseek7b,phase291,L20-L27,negation,syntactic_do_not,neg_expect,both,0.000000,0.000000,1.043815,1.043815,1.000000,0.004370,228.812140,3.370528,-3.370528,L26.mlp,1.000000,0.000000,1.000000,0.000000,off_manifold_no_drop
deepseek7b,phase291,L20-L27,negation,syntactic_do_not,neg_expect,mlp,0.250000,0.217213,1.043815,0.826602,0.603469,0.004370,138.081029,3.371958,-3.371958,L26.mlp,1.000000,0.000000,1.000000,0.000000,off_manifold_no_drop
deepseek7b,phase291,L20-L27,negation,syntactic_do_not,neg_expect,both,0.250000,0.248699,1.043815,0.795116,0.491124,0.004370,112.375198,3.371958,-3.371958,L26.mlp,1.000000,0.000000,1.000000,0.000000,off_manifold_no_drop
deepseek7b,phase291,L20-L27,negation,syntactic_do_not,neg_expect,mlp,1.000000,0.995035,1.043815,0.048780,0.025898,0.004370,5.925745,3.371160,-3.371160,L26.mlp,1.000000,0.000000,1.000000,0.000000,off_manifold_no_drop
deepseek7b,phase291,L20-L27,negation,syntactic_do_not,neg_expect,both,1.000000,1.043815,1.043815,0.000000,0.004370,0.004370,1.000000,3.371160,-3.371160,L26.mlp,1.000000,0.000000,1.000000,0.000000,off_manifold_no_drop
deepseek7b,phase291,L20-L27,negation,syntactic_do_not,neg_expect,cross_battn_amlp,1.000000,0.047272,1.043815,0.996543,0.736928,0.004370,168.618075,3.370528,-3.370528,L26.mlp,1.000000,0.000000,1.000000,1.000000,off_manifold_functional_failure
deepseek7b,phase291,L20-L27,negation,syntactic_do_not,neg_expect,cross_aattn_bmlp,1.000000,0.806663,1.043815,0.237152,0.036808,0.004370,8.422054,3.371160,-3.371160,L26.mlp,1.000000,0.000000,1.000000,0.000000,off_manifold_no_drop
deepseek7b,phase291,L24-L27,negation,syntactic_do_not,neg_expect,cross_battn_amlp,1.000000,0.049332,1.022877,0.973545,0.736681,0.156169,4.717192,3.370528,-3.370528,L26.mlp,0.000000,0.000000,0.000000,1.000000,norm_normal_functional_failure
deepseek7b,phase291,L26-L27,negation,syntactic_do_not,neg_expect,cross_battn_amlp,1.000000,0.046033,1.046373,1.000341,0.773097,0.242639,3.186203,3.370528,-3.370528,L26.mlp,0.000000,0.000000,0.000000,1.000000,norm_normal_functional_failure
deepseek7b,phase291,L27,negation,syntactic_do_not,neg_expect,cross_battn_amlp,1.000000,0.038454,0.984018,0.945564,0.771380,0.087732,8.792422,3.078404,-3.078404,L27.attn,0.000000,0.000000,0.000000,1.000000,norm_normal_functional_failure
deepseek7b,phase291,L20-L27,passive,by_phrase,pass_dog_cat,cross_battn_amlp,1.000000,0.048569,0.755897,0.707328,0.767942,0.151553,5.067144,0.966957,0.966957,L23.attn,0.000000,0.000000,0.000000,1.000000,norm_normal_functional_failure
deepseek7b,phase291,L20-L27,passive,by_phrase,pass_teacher_student,cross_battn_amlp,1.000000,0.297102,0.868059,0.570957,0.516090,0.025732,20.056132,1.807993,1.807993,L20.mlp,0.000000,0.000000,0.000000,1.000000,norm_normal_functional_failure
deepseek7b,phase291,L20-L27,passive,by_phrase,pass_teacher_student,cross_aattn_bmlp,1.000000,0.279670,0.868059,0.588388,0.549921,0.025732,21.370858,2.057170,2.057170,L20.mlp,0.000000,0.000000,0.000000,1.000000,norm_normal_functional_failure
deepseek7b,phase291,L24-L27,passive,by_phrase,pass_teacher_student,cross_aattn_bmlp,1.000000,0.229102,0.740244,0.511142,0.561812,0.062343,9.011559,0.857094,0.857094,L27.attn,0.000000,0.000000,0.000000,1.000000,norm_normal_functional_failure
deepseek7b,phase291,L20-L27,passive,by_phrase,pass_author_book,cross_battn_amlp,1.000000,0.153137,0.725137,0.572000,0.745847,0.088579,8.420099,0.679679,-0.679679,L27.attn,0.000000,0.000000,0.000000,1.000000,norm_normal_functional_failure
deepseek7b,phase291,L20-L27,passive,by_phrase,pass_workers_bridge,cross_battn_amlp,1.000000,0.164539,0.776720,0.612181,0.603204,0.050598,11.921493,0.890550,-0.890550,L27.mlp,0.000000,0.000000,0.000000,1.000000,norm_normal_functional_failure
deepseek7b,phase291,L20-L27,passive,by_phrase,pass_chef_meal,cross_battn_amlp,1.000000,-0.379305,0.964603,1.343908,0.262820,0.006486,40.521484,0.872533,0.872533,L23.mlp,0.000000,0.000000,0.000000,1.000000,norm_normal_functional_failure
deepseek7b,phase291,L24-L27,passive,by_phrase,pass_chef_meal,cross_battn_amlp,1.000000,-0.430109,0.959596,1.389705,0.353533,0.045227,7.816822,0.802112,-0.802112,L27.mlp,0.000000,0.000000,0.000000,1.000000,norm_normal_functional_failure
deepseek7b,phase291,L26-L27,passive,by_phrase,pass_chef_meal,cross_battn_amlp,1.000000,-0.401047,1.069685,1.470732,0.391388,0.074124,5.280143,0.802112,-0.802112,L27.mlp,0.000000,0.000000,0.000000,1.000000,norm_normal_functional_failure
deepseek7b,phase291,L27,passive,by_phrase,pass_chef_meal,cross_battn_amlp,1.000000,-0.416467,0.974490,1.390957,0.436092,0.100587,4.335491,0.802112,-0.802112,L27.mlp,0.000000,0.000000,0.000000,1.000000,norm_normal_functional_failure
deepseek7b,phase291,L20-L23,passive,by_phrase,pass_artist_picture,mlp,0.250000,-0.003682,0.006715,0.010398,1.006199,0.936240,1.074724,0.931498,-0.931498,L20.mlp,1.000000,0.000000,1.000000,0.000000,off_manifold_no_drop
deepseek7b,phase291,L20-L23,passive,by_phrase,pass_artist_picture,both,0.250000,-0.000127,0.006715,0.006843,0.997313,0.936240,1.065232,0.931498,-0.931498,L20.mlp,1.000000,0.000000,1.000000,0.000000,off_manifold_no_drop
deepseek7b,phase291,L20-L27,passive,by_phrase,pass_artist_picture,mlp,0.250000,0.140473,1.032544,0.892072,0.689972,0.024208,28.502173,0.931498,-0.931498,L20.mlp,1.000000,0.000000,1.000000,0.000000,off_manifold_no_drop
deepseek7b,phase291,L20-L27,passive,by_phrase,pass_artist_picture,both,0.250000,0.150187,1.032544,0.882357,0.614466,0.024208,25.383078,0.931498,-0.931498,L20.mlp,1.000000,0.000000,1.000000,0.000000,off_manifold_no_drop
deepseek7b,phase291,L20-L27,passive,by_phrase,pass_artist_picture,cross_battn_amlp,1.000000,-0.341973,1.032544,1.374517,0.991847,0.024208,40.972387,0.767098,-0.767098,L20.mlp,0.000000,0.000000,0.000000,1.000000,norm_normal_functional_failure
deepseek7b,phase291,L24-L27,passive,by_phrase,pass_artist_picture,cross_battn_amlp,1.000000,-0.363164,1.042170,1.405335,1.052457,0.130680,8.053722,0.694459,-0.694459,L27.mlp,0.000000,0.000000,0.000000,1.000000,norm_normal_functional_failure
deepseek7b,phase291,L26-L27,passive,by_phrase,pass_artist_picture,cross_battn_amlp,1.000000,-0.331852,1.075578,1.407430,1.072241,0.225547,4.753950,0.694459,-0.694459,L27.mlp,0.000000,0.000000,0.000000,1.000000,norm_normal_functional_failure
deepseek7b,phase291,L27,passive,by_phrase,pass_artist_picture,cross_battn_amlp,1.000000,-0.341007,1.069362,1.410369,1.065865,0.236891,4.499387,0.694459,-0.694459,L27.mlp,0.000000,0.000000,0.000000,1.000000,norm_normal_functional_failure
deepseek7b,phase291,L20-L27,passive,by_phrase,pass_storm_roof,cross_battn_amlp,1.000000,-0.136653,1.063176,1.199829,0.798664,0.039195,20.376475,0.867237,-0.867237,L26.attn,0.000000,0.000000,0.000000,1.000000,norm_normal_functional_failure
deepseek7b,phase291,L20-L27,passive,by_phrase,pass_storm_roof,cross_aattn_bmlp,1.000000,0.533584,1.063176,0.529592,0.544791,0.039195,13.899373,0.941365,-0.941365,L20.mlp,0.000000,0.000000,0.000000,1.000000,norm_normal_functional_failure
deepseek7b,phase291,L24-L27,passive,by_phrase,pass_storm_roof,cross_battn_amlp,1.000000,-0.125496,1.101889,1.227385,0.918241,0.114521,8.018069,0.867237,-0.867237,L26.attn,0.000000,0.000000,0.000000,1.000000,norm_normal_functional_failure
deepseek7b,phase291,L24-L27,passive,by_phrase,pass_storm_roof,cross_aattn_bmlp,1.000000,0.562349,1.101889,0.539540,0.587126,0.114521,5.126774,0.569065,0.569065,L24.mlp,0.000000,0.000000,0.000000,1.000000,norm_normal_functional_failure
deepseek7b,phase291,L26-L27,passive,by_phrase,pass_storm_roof,cross_battn_amlp,1.000000,-0.090376,1.170654,1.261030,0.975607,0.333824,2.922525,0.867237,-0.867237,L26.attn,0.000000,0.000000,0.000000,1.000000,norm_normal_functional_failure
deepseek7b,phase291,L26-L27,passive,by_phrase,pass_storm_roof,cross_aattn_bmlp,1.000000,0.578690,1.170654,0.591964,0.679031,0.333824,2.034101,0.506371,-0.506371,L26.attn,0.000000,0.000000,0.000000,1.000000,norm_normal_functional_failure
deepseek7b,phase291,L27,passive,by_phrase,pass_storm_roof,cross_battn_amlp,1.000000,-0.090040,1.107839,1.197879,0.997100,0.259477,3.842726,0.829418,-0.829418,L27.mlp,0.000000,0.000000,0.000000,1.000000,norm_normal_functional_failure
deepseek7b,phase291,L27,passive,by_phrase,pass_storm_roof,cross_aattn_bmlp,1.000000,0.542263,1.107839,0.565576,0.682866,0.259477,2.631701,0.268035,0.268035,L27.mlp,0.000000,0.000000,0.000000,1.000000,norm_normal_functional_failure
deepseek7b,phase291,L20-L27,passive,by_phrase,pass_police_driver,cross_battn_amlp,1.000000,-0.162187,1.112952,1.275139,0.319055,0.029222,10.918145,0.844690,-0.844690,L20.mlp,0.000000,0.000000,0.000000,1.000000,norm_normal_functional_failure
deepseek7b,phase291,L24-L27,passive,by_phrase,pass_police_driver,cross_battn_amlp,1.000000,-0.111499,1.208905,1.320404,0.399732,0.127188,3.142836,0.727299,-0.727299,L26.attn,0.000000,0.000000,0.000000,1.000000,norm_normal_functional_failure
deepseek7b,phase291,L26-L27,passive,by_phrase,pass_police_driver,cross_battn_amlp,1.000000,-0.065687,1.382519,1.448206,0.529687,0.250903,2.111121,0.727299,-0.727299,L26.attn,0.000000,0.000000,0.000000,1.000000,norm_normal_functional_failure
deepseek7b,phase291,L26-L27,passive,by_phrase,pass_police_driver,cross_aattn_bmlp,1.000000,0.786505,1.382519,0.596014,0.721915,0.250903,2.877269,0.186181,-0.186181,L26.attn,0.000000,0.000000,0.000000,1.000000,norm_normal_functional_failure
deepseek7b,phase291,L27,passive,by_phrase,pass_police_driver,cross_battn_amlp,1.000000,-0.114910,1.222832,1.337742,0.524454,0.270854,1.936300,0.709053,-0.709053,L27.attn,0.000000,0.000000,0.000000,1.000000,norm_normal_functional_failure
deepseek7b,phase291,L20-L27,passive,dative_passive,pass_gift_given,cross_battn_amlp,1.000000,-0.027021,0.949977,0.976998,0.699563,0.051576,13.563608,1.754632,1.754632,L20.mlp,0.000000,0.000000,0.000000,1.000000,norm_normal_functional_failure
deepseek7b,phase291,L24-L27,passive,dative_passive,pass_gift_given,cross_battn_amlp,1.000000,-0.113056,0.769623,0.882679,0.700565,0.055320,12.663946,1.100607,1.100607,L24.attn,0.000000,0.000000,0.000000,1.000000,norm_normal_functional_failure
deepseek7b,phase291,L26-L27,passive,dative_passive,pass_gift_given,cross_battn_amlp,1.000000,-0.090784,0.748910,0.839695,0.735748,0.147034,5.003933,1.094151,1.094151,L27.attn,0.000000,0.000000,0.000000,1.000000,norm_normal_functional_failure
deepseek7b,phase291,L27,passive,dative_passive,pass_gift_given,cross_battn_amlp,1.000000,-0.080245,0.702254,0.782499,0.733835,0.328727,2.232351,1.094151,1.094151,L27.attn,0.000000,0.000000,0.000000,1.000000,norm_normal_functional_failure
deepseek7b,phase291,L20-L27,passive,dative_passive,pass_award_given,cross_battn_amlp,1.000000,0.120612,0.801860,0.681248,0.607139,0.042653,14.234471,1.260806,1.260806,L21.mlp,0.000000,0.000000,0.000000,1.000000,norm_normal_functional_failure
deepseek7b,phase291,L20-L27,passive,dative_passive,pass_offer_made,cross_battn_amlp,1.000000,-0.020915,1.074697,1.095612,0.755077,0.026599,28.387916,1.429767,1.429767,L21.mlp,0.000000,0.000000,0.000000,1.000000,norm_normal_functional_failure
deepseek7b,phase291,L24-L27,passive,dative_passive,pass_offer_made,cross_battn_amlp,1.000000,-0.003465,1.078597,1.082063,0.801146,0.104710,7.651124,1.087054,1.087054,L24.mlp,0.000000,0.000000,0.000000,1.000000,norm_normal_functional_failure
deepseek7b,phase291,L26-L27,passive,dative_passive,pass_offer_made,cross_battn_amlp,1.000000,0.025730,1.155141,1.129411,0.870139,0.262942,3.309245,1.030701,1.030701,L27.attn,0.000000,0.000000,0.000000,1.000000,norm_normal_functional_failure
deepseek7b,phase291,L27,passive,dative_passive,pass_offer_made,cross_battn_amlp,1.000000,0.017060,1.132754,1.115695,0.869588,0.303273,2.867349,1.030701,1.030701,L27.attn,0.000000,0.000000,0.000000,1.000000,norm_normal_functional_failure
deepseek7b,phase291,L20-L23,passive,dative_passive,pass_task_assigned,mlp,0.250000,0.071126,0.442153,0.371027,0.927428,0.942194,0.984328,0.848853,-0.848853,L20.mlp,1.000000,0.000000,1.000000,0.000000,off_manifold_no_drop
deepseek7b,phase291,L20-L23,passive,dative_passive,pass_task_assigned,both,0.250000,0.107528,0.442153,0.334625,0.909422,0.942194,0.965218,0.848853,-0.848853,L20.mlp,1.000000,0.000000,1.000000,0.000000,off_manifold_no_drop
deepseek7b,phase291,L20-L27,passive,dative_passive,pass_task_assigned,mlp,0.250000,-0.228407,0.954798,1.183206,1.064160,0.170717,6.233491,0.848853,-0.848853,L20.mlp,1.000000,0.000000,1.000000,0.000000,off_manifold_no_drop
deepseek7b,phase291,L20-L27,passive,dative_passive,pass_task_assigned,both,0.250000,0.222078,0.954798,0.732720,0.728293,0.170717,4.266097,0.959642,0.959642,L27.attn,1.000000,0.000000,1.000000,0.000000,off_manifold_no_drop
deepseek7b,phase291,L20-L27,passive,dative_passive,pass_task_assigned,cross_battn_amlp,1.000000,0.026476,0.954798,0.928323,0.968748,0.170717,5.674598,1.523726,1.523726,L27.attn,0.000000,0.000000,0.000000,1.000000,norm_normal_functional_failure
deepseek7b,phase291,L24-L27,passive,dative_passive,pass_task_assigned,cross_battn_amlp,1.000000,-0.094647,0.487947,0.582594,1.041016,0.365742,2.846314,1.523726,1.523726,L27.attn,0.000000,0.000000,0.000000,1.000000,norm_normal_functional_failure
deepseek7b,phase291,L20-L27,passive,dative_passive,pass_ticket_sent,cross_battn_amlp,1.000000,-0.023566,1.037635,1.061201,0.728589,0.030425,23.946828,1.358560,1.358560,L24.attn,0.000000,0.000000,0.000000,1.000000,norm_normal_functional_failure
deepseek7b,phase291,L24-L27,passive,dative_passive,pass_ticket_sent,cross_battn_amlp,1.000000,-0.082322,1.028537,1.110858,0.746615,0.119133,6.267046,1.358560,1.358560,L24.attn,0.000000,0.000000,0.000000,1.000000,norm_normal_functional_failure
deepseek7b,phase291,L26-L27,passive,dative_passive,pass_ticket_sent,cross_battn_amlp,1.000000,-0.094426,1.113250,1.207676,0.872044,0.351964,2.477650,0.669926,0.669926,L26.attn,0.000000,0.000000,0.000000,1.000000,norm_normal_functional_failure
deepseek7b,phase291,L27,passive,dative_passive,pass_ticket_sent,cross_battn_amlp,1.000000,-0.115305,1.135024,1.250329,0.893905,0.364603,2.451722,0.519050,-0.519050,L27.attn,0.000000,0.000000,0.000000,1.000000,norm_normal_functional_failure
deepseek7b,phase291,L20-L27,passive,dative_passive,pass_chance_given,cross_battn_amlp,1.000000,-0.045284,0.950259,0.995543,0.573122,0.001410,406.511148,0.997622,0.997622,L27.attn,0.000000,0.000000,0.000000,1.000000,norm_normal_functional_failure
deepseek7b,phase291,L24-L27,passive,dative_passive,pass_chance_given,cross_battn_amlp,1.000000,-0.136180,0.689848,0.826028,0.572383,0.065491,8.739895,0.997622,0.997622,L27.attn,0.000000,0.000000,0.000000,1.000000,norm_normal_functional_failure
deepseek7b,phase291,L26-L27,passive,dative_passive,pass_chance_given,cross_battn_amlp,1.000000,-0.133348,0.806826,0.940174,0.694020,0.417756,1.661304,0.997622,0.997622,L27.attn,0.000000,0.000000,0.000000,1.000000,norm_normal_functional_failure
deepseek7b,phase291,L27,passive,dative_passive,pass_chance_given,cross_battn_amlp,1.000000,-0.158024,0.683295,0.841319,0.695659,0.381699,1.822532,0.997622,0.997622,L27.attn,0.000000,0.000000,0.000000,1.000000,norm_normal_functional_failure
deepseek7b,phase291,L20-L27,passive,dative_passive,pass_warning_given,cross_battn_amlp,1.000000,0.105238,1.185417,1.080179,0.483763,0.021700,22.293422,1.177738,1.177738,L21.mlp,0.000000,0.000000,0.000000,1.000000,norm_normal_functional_failure
deepseek7b,phase291,L24-L27,passive,dative_passive,pass_warning_given,cross_battn_amlp,1.000000,0.115987,1.351637,1.235650,0.572595,0.108964,5.254919,1.164624,1.164624,L24.mlp,0.000000,0.000000,0.000000,1.000000,norm_normal_functional_failure
deepseek7b,phase291,L24-L27,passive,dative_passive,pass_warning_given,cross_aattn_bmlp,1.000000,0.808176,1.351637,0.543462,0.549587,0.108964,5.043770,1.768844,1.768844,L24.attn,0.000000,0.000000,0.000000,1.000000,norm_normal_functional_failure
deepseek7b,phase291,L26-L27,passive,dative_passive,pass_warning_given,cross_battn_amlp,1.000000,0.130596,1.238431,1.107834,0.715225,0.420388,1.701344,0.506501,0.506501,L27.attn,0.000000,0.000000,0.000000,1.000000,norm_normal_functional_failure
deepseek7b,phase291,L27,passive,dative_passive,pass_warning_given,cross_battn_amlp,1.000000,0.114107,1.221099,1.106992,0.729926,0.409459,1.782658,0.506501,0.506501,L27.attn,0.000000,0.000000,0.000000,1.000000,norm_normal_functional_failure
deepseek7b,phase291,L20-L27,passive,dative_passive,pass_role_offered,cross_battn_amlp,1.000000,-0.006336,1.064423,1.070759,0.864868,0.044555,19.411384,1.494258,1.494258,L24.mlp,0.000000,0.000000,0.000000,1.000000,norm_normal_functional_failure
deepseek7b,phase291,L24-L27,passive,dative_passive,pass_role_offered,cross_battn_amlp,1.000000,-0.047961,1.090188,1.138149,0.709448,0.069780,10.166859,1.494258,1.494258,L24.mlp,0.000000,0.000000,0.000000,1.000000,norm_normal_functional_failure
deepseek7b,phase291,L26-L27,passive,dative_passive,pass_role_offered,cross_battn_amlp,1.000000,-0.007419,1.144480,1.151899,0.620644,0.243440,2.549470,0.490267,0.490267,L26.attn,0.000000,0.000000,0.000000,1.000000,norm_normal_functional_failure
deepseek7b,phase291,L27,passive,dative_passive,pass_role_offered,cross_battn_amlp,1.000000,0.006460,1.165437,1.158977,0.637614,0.432537,1.474127,0.359165,-0.359165,L27.attn,0.000000,0.000000,0.000000,1.000000,norm_normal_functional_failure
deepseek7b,phase291,L20-L27,passive,get_passive,pass_get_hired,cross_battn_amlp,1.000000,0.237738,0.885332,0.647594,0.755210,0.028595,26.410412,0.967682,-0.967682,L20.mlp,0.000000,0.000000,0.000000,1.000000,norm_normal_functional_failure
deepseek7b,phase291,L20-L23,passive,get_passive,pass_get_promoted,cross_battn_amlp,1.000000,-0.077190,0.766204,0.843393,1.029676,0.351126,2.932497,0.913588,-0.913588,L20.mlp,0.000000,0.000000,0.000000,1.000000,norm_normal_functional_failure
deepseek7b,phase291,L20-L27,passive,get_passive,pass_get_promoted,cross_battn_amlp,1.000000,0.072736,0.828476,0.755740,0.695641,0.110049,6.321181,0.913588,-0.913588,L20.mlp,0.000000,0.000000,0.000000,1.000000,norm_normal_functional_failure
deepseek7b,phase291,L24-L27,passive,get_passive,pass_get_promoted,cross_battn_amlp,1.000000,0.051671,0.555241,0.503571,0.736077,0.295729,2.489026,0.833246,-0.833246,L27.mlp,0.000000,0.000000,0.000000,1.000000,norm_normal_functional_failure
deepseek7b,phase291,L20-L23,passive,get_passive,pass_get_paid,cross_battn_amlp,1.000000,0.132922,0.721850,0.588929,0.684900,0.142247,4.814871,0.781081,-0.781081,L20.mlp,0.000000,0.000000,0.000000,1.000000,norm_normal_functional_failure
deepseek7b,phase291,L20-L27,passive,get_passive,pass_get_paid,cross_battn_amlp,1.000000,0.246854,0.891241,0.644387,0.651447,0.088991,7.320384,0.888871,-0.888871,L27.mlp,0.000000,0.000000,0.000000,1.000000,norm_normal_functional_failure
deepseek7b,phase291,L20-L27,passive,get_passive,pass_get_selected,cross_battn_amlp,1.000000,-0.115116,1.040368,1.155484,0.565659,0.027323,20.702809,0.980243,-0.980243,L20.attn,0.000000,0.000000,0.000000,1.000000,norm_normal_functional_failure
deepseek7b,phase291,L24-L27,passive,get_passive,pass_get_selected,cross_battn_amlp,1.000000,-0.137186,1.103980,1.241166,0.624699,0.036515,17.108232,0.879328,-0.879328,L27.mlp,0.000000,0.000000,0.000000,1.000000,norm_normal_functional_failure
deepseek7b,phase291,L24-L27,passive,get_passive,pass_get_selected,cross_aattn_bmlp,1.000000,0.594524,1.103980,0.509456,0.489054,0.036515,13.393393,1.169313,1.169313,L25.attn,0.000000,0.000000,0.000000,1.000000,norm_normal_functional_failure
deepseek7b,phase291,L26-L27,passive,get_passive,pass_get_selected,cross_battn_amlp,1.000000,-0.149313,1.233306,1.382619,0.674455,0.169595,3.976859,0.879328,-0.879328,L27.mlp,0.000000,0.000000,0.000000,1.000000,norm_normal_functional_failure
deepseek7b,phase291,L26-L27,passive,get_passive,pass_get_selected,cross_aattn_bmlp,1.000000,0.668870,1.233306,0.564436,0.707534,0.169595,4.171902,0.795552,-0.795552,L27.mlp,0.000000,0.000000,0.000000,1.000000,norm_normal_functional_failure
deepseek7b,phase291,L27,passive,get_passive,pass_get_selected,cross_battn_amlp,1.000000,-0.166904,1.054876,1.221780,0.704429,0.292784,2.405967,0.879328,-0.879328,L27.mlp,0.000000,0.000000,0.000000,1.000000,norm_normal_functional_failure
deepseek7b,phase291,L20-L23,passive,get_passive,pass_get_invited,mlp,0.000000,0.000000,0.037016,0.037016,1.000000,0.885754,1.128981,0.999707,-0.999707,L20.mlp,1.000000,0.000000,1.000000,0.000000,off_manifold_no_drop
deepseek7b,phase291,L20-L23,passive,get_passive,pass_get_invited,both,0.000000,0.000000,0.037016,0.037016,1.000000,0.885754,1.128981,0.999707,-0.999707,L20.mlp,1.000000,0.000000,1.000000,0.000000,off_manifold_no_drop
deepseek7b,phase291,L20-L23,passive,get_passive,pass_get_invited,mlp,0.250000,0.009297,0.037016,0.027720,0.971193,0.885754,1.096458,1.107490,-1.107490,L20.mlp,1.000000,0.000000,1.000000,0.000000,off_manifold_no_drop
deepseek7b,phase291,L20-L23,passive,get_passive,pass_get_invited,both,0.250000,0.010314,0.037016,0.026703,0.959644,0.885754,1.083420,1.145216,-1.145216,L20.attn,1.000000,0.000000,1.000000,0.000000,off_manifold_no_drop
deepseek7b,phase291,L20-L23,passive,get_passive,pass_get_invited,mlp,1.000000,0.025047,0.037016,0.011969,0.906826,0.885754,1.023790,0.762646,0.762646,L20.mlp,1.000000,0.000000,1.000000,0.000000,off_manifold_no_drop
deepseek7b,phase291,L20-L23,passive,get_passive,pass_get_invited,both,1.000000,0.037016,0.037016,0.000000,0.885754,0.885754,1.000000,0.861526,-0.861526,L21.attn,1.000000,0.000000,1.000000,0.000000,off_manifold_no_drop
deepseek7b,phase291,L20-L23,passive,get_passive,pass_get_invited,cross_battn_amlp,1.000000,0.006197,0.037016,0.030819,0.989118,0.885754,1.116695,0.999707,-0.999707,L20.mlp,1.000000,0.000000,1.000000,0.000000,off_manifold_no_drop
deepseek7b,phase291,L20-L23,passive,get_passive,pass_get_invited,cross_aattn_bmlp,1.000000,0.016218,0.037016,0.020799,0.893807,0.885754,1.009091,0.947012,-0.947012,L20.attn,1.000000,0.000000,1.000000,0.000000,off_manifold_no_drop
deepseek7b,phase291,L20-L27,passive,get_passive,pass_get_invited,mlp,0.000000,0.000000,0.998629,0.998629,1.000000,0.027146,36.838159,0.999707,-0.999707,L20.mlp,1.000000,0.000000,1.000000,0.000000,off_manifold_no_drop
deepseek7b,phase291,L20-L27,passive,get_passive,pass_get_invited,both,0.000000,0.000000,0.998629,0.998629,1.000000,0.027146,36.838159,0.999707,-0.999707,L20.mlp,1.000000,0.000000,1.000000,0.000000,off_manifold_no_drop
deepseek7b,phase291,L20-L27,passive,get_passive,pass_get_invited,mlp,0.250000,0.135860,0.998629,0.862769,0.907922,0.027146,33.446166,1.107490,-1.107490,L20.mlp,1.000000,0.000000,1.000000,0.000000,off_manifold_no_drop
deepseek7b,phase291,L20-L27,passive,get_passive,pass_get_invited,both,0.250000,0.115084,0.998629,0.883545,0.707771,0.027146,26.072967,1.202917,-1.202917,L26.attn,1.000000,0.000000,1.000000,0.000000,off_manifold_no_drop
deepseek7b,phase291,L20-L27,passive,get_passive,pass_get_invited,mlp,1.000000,0.491448,0.998629,0.507181,0.787390,0.027146,29.006010,1.550538,1.550538,L25.mlp,1.000000,0.000000,1.000000,0.000000,off_manifold_no_drop
deepseek7b,phase291,L20-L27,passive,get_passive,pass_get_invited,both,1.000000,0.998629,0.998629,0.000000,0.027146,0.027146,1.000000,1.550538,1.550538,L25.mlp,1.000000,0.000000,1.000000,0.000000,off_manifold_no_drop
deepseek7b,phase291,L20-L27,passive,get_passive,pass_get_invited,cross_battn_amlp,1.000000,-0.107668,0.998629,1.106297,0.495004,0.027146,18.235049,0.999707,-0.999707,L20.mlp,1.000000,0.000000,1.000000,1.000000,off_manifold_functional_failure
deepseek7b,phase291,L20-L27,passive,get_passive,pass_get_invited,cross_aattn_bmlp,1.000000,0.460957,0.998629,0.537672,0.498129,0.027146,18.350146,1.550538,1.550538,L25.mlp,1.000000,0.000000,1.000000,1.000000,off_manifold_functional_failure
deepseek7b,phase291,L24-L27,passive,get_passive,pass_get_invited,cross_battn_amlp,1.000000,-0.107003,0.888822,0.995825,0.533488,0.152146,3.506429,0.889556,-0.889556,L27.mlp,0.000000,0.000000,0.000000,1.000000,norm_normal_functional_failure
deepseek7b,phase291,L26-L27,passive,get_passive,pass_get_invited,cross_battn_amlp,1.000000,-0.120210,1.020206,1.140416,0.640938,0.435002,1.473414,0.889556,-0.889556,L27.mlp,0.000000,0.000000,0.000000,1.000000,norm_normal_functional_failure
deepseek7b,phase291,L26-L27,passive,get_passive,pass_get_invited,cross_aattn_bmlp,1.000000,0.469499,1.020206,0.550707,0.718445,0.435002,1.651591,1.175496,1.175496,L26.mlp,0.000000,0.000000,0.000000,1.000000,norm_normal_functional_failure
deepseek7b,phase291,L27,passive,get_passive,pass_get_invited,cross_battn_amlp,1.000000,-0.129775,0.853622,0.983397,0.652614,0.335263,1.946574,0.889556,-0.889556,L27.mlp,0.000000,0.000000,0.000000,1.000000,norm_normal_functional_failure
deepseek7b,phase291,L20-L27,passive,get_passive,pass_get_caught,cross_battn_amlp,1.000000,0.056074,1.036725,0.980651,1.071305,0.030309,35.345777,0.856075,-0.856075,L27.attn,0.000000,0.000000,0.000000,1.000000,norm_normal_functional_failure
deepseek7b,phase291,L24-L27,passive,get_passive,pass_get_caught,cross_battn_amlp,1.000000,-0.020050,0.949661,0.969711,1.087650,0.086195,12.618426,0.856075,-0.856075,L27.attn,0.000000,0.000000,0.000000,1.000000,norm_normal_functional_failure
deepseek7b,phase291,L26-L27,passive,get_passive,pass_get_caught,cross_battn_amlp,1.000000,-0.008020,0.983374,0.991394,1.069730,0.155171,6.893883,0.856075,-0.856075,L27.attn,0.000000,0.000000,0.000000,1.000000,norm_normal_functional_failure
deepseek7b,phase291,L27,passive,get_passive,pass_get_caught,cross_battn_amlp,1.000000,-0.008905,0.998464,1.007369,1.096229,0.288810,3.795679,0.856075,-0.856075,L27.attn,0.000000,0.000000,0.000000,1.000000,norm_normal_functional_failure
deepseek7b,phase291,L20-L27,passive,get_passive,pass_get_helped,cross_battn_amlp,1.000000,-0.174387,1.080880,1.255268,0.688626,0.059116,11.648809,0.820250,-0.820250,L27.attn,0.000000,0.000000,0.000000,1.000000,norm_normal_functional_failure
deepseek7b,phase291,L20-L27,passive,get_passive,pass_get_helped,cross_aattn_bmlp,1.000000,0.509950,1.080880,0.570930,0.733396,0.059116,12.406150,1.553130,1.553130,L20.attn,0.000000,0.000000,0.000000,1.000000,norm_normal_functional_failure
deepseek7b,phase291,L24-L27,passive,get_passive,pass_get_helped,cross_battn_amlp,1.000000,-0.189593,1.119913,1.309506,0.689739,0.250561,2.752784,0.820250,-0.820250,L27.attn,0.000000,0.000000,0.000000,1.000000,norm_normal_functional_failure
deepseek7b,phase291,L24-L27,passive,get_passive,pass_get_helped,cross_aattn_bmlp,1.000000,0.538882,1.119913,0.581030,0.818268,0.250561,3.265751,0.890665,0.890665,L26.attn,0.000000,0.000000,0.000000,1.000000,norm_normal_functional_failure
deepseek7b,phase291,L26-L27,passive,get_passive,pass_get_helped,cross_battn_amlp,1.000000,-0.190482,1.192172,1.382654,0.729787,0.509507,1.432338,0.820250,-0.820250,L27.attn,0.000000,0.000000,0.000000,1.000000,norm_normal_functional_failure
deepseek7b,phase291,L26-L27,passive,get_passive,pass_get_helped,cross_aattn_bmlp,1.000000,0.575673,1.192172,0.616499,0.921236,0.509507,1.808092,0.890665,0.890665,L26.attn,0.000000,0.000000,0.000000,1.000000,norm_normal_functional_failure
deepseek7b,phase291,L27,passive,get_passive,pass_get_helped,cross_battn_amlp,1.000000,-0.194599,1.060243,1.254842,0.777409,0.337501,2.303426,0.820250,-0.820250,L27.attn,0.000000,0.000000,0.000000,1.000000,norm_normal_functional_failure
deepseek7b,phase291,L27,passive,get_passive,pass_get_helped,cross_aattn_bmlp,1.000000,0.508995,1.060243,0.551248,0.867829,0.337501,2.571335,0.710551,0.710551,L27.mlp,0.000000,0.000000,0.000000,1.000000,norm_normal_functional_failure
deepseek7b,phase291,L20-L27,passive,get_passive,pass_get_moved,cross_battn_amlp,1.000000,0.020377,1.110719,1.090342,0.319818,0.011988,26.678187,0.838280,-0.838280,L27.mlp,0.000000,0.000000,0.000000,1.000000,norm_normal_functional_failure
deepseek7b,phase291,L24-L27,passive,get_passive,pass_get_moved,cross_battn_amlp,1.000000,0.008845,1.170439,1.161594,0.390178,0.034887,11.184064,0.838280,-0.838280,L27.mlp,0.000000,0.000000,0.000000,1.000000,norm_normal_functional_failure
deepseek7b,phase291,L24-L27,passive,get_passive,pass_get_moved,cross_aattn_bmlp,1.000000,0.667824,1.170439,0.502614,0.498626,0.034887,14.292612,0.780233,-0.780233,L27.mlp,0.000000,0.000000,0.000000,1.000000,norm_normal_functional_failure
deepseek7b,phase291,L26-L27,passive,get_passive,pass_get_moved,cross_battn_amlp,1.000000,0.042416,1.256187,1.213770,0.540230,0.119508,4.520445,0.838280,-0.838280,L27.mlp,0.000000,0.000000,0.000000,1.000000,norm_normal_functional_failure
deepseek7b,phase291,L26-L27,passive,get_passive,pass_get_moved,cross_aattn_bmlp,1.000000,0.705343,1.256187,0.550843,0.626292,0.119508,5.240579,0.780233,-0.780233,L27.mlp,0.000000,0.000000,0.000000,1.000000,norm_normal_functional_failure
deepseek7b,phase291,L27,passive,get_passive,pass_get_moved,cross_battn_amlp,1.000000,0.047553,1.194872,1.147319,0.579248,0.261215,2.217513,0.838280,-0.838280,L27.mlp,0.000000,0.000000,0.000000,1.000000,norm_normal_functional_failure
deepseek7b,phase291,L27,passive,get_passive,pass_get_moved,cross_aattn_bmlp,1.000000,0.666840,1.194872,0.528032,0.750574,0.261215,2.873396,0.780233,-0.780233,L27.mlp,0.000000,0.000000,0.000000,1.000000,norm_normal_functional_failure
deepseek7b,phase291,L20-L23,passive,no_agent,pass_window_broken,mlp,0.000000,0.000000,-1.307399,-1.307399,1.000000,0.557783,1.792812,2.748793,-2.748793,L22.mlp,1.000000,0.000000,1.000000,0.000000,off_manifold_no_drop
deepseek7b,phase291,L20-L23,passive,no_agent,pass_window_broken,both,0.000000,0.000000,-1.307399,-1.307399,1.000000,0.557783,1.792812,2.748793,-2.748793,L22.mlp,1.000000,0.000000,1.000000,0.000000,off_manifold_no_drop
deepseek7b,phase291,L20-L23,passive,no_agent,pass_window_broken,mlp,0.500000,-0.790425,-1.307399,-0.516974,0.597573,0.557783,1.071335,2.540296,-2.540296,L21.mlp,1.000000,0.000000,1.000000,0.000000,off_manifold_no_drop
deepseek7b,phase291,L20-L23,passive,no_agent,pass_window_broken,both,0.500000,-0.746020,-1.307399,-0.561380,0.518390,0.557783,0.929375,2.540296,-2.540296,L21.mlp,1.000000,0.000000,1.000000,0.000000,off_manifold_no_drop
deepseek7b,phase291,L20-L23,passive,no_agent,pass_window_broken,mlp,0.750000,-1.174403,-1.307399,-0.132996,0.771987,0.557783,1.384027,2.031900,-2.031900,L21.mlp,1.000000,0.000000,1.000000,0.000000,off_manifold_no_drop
deepseek7b,phase291,L20-L23,passive,no_agent,pass_window_broken,both,0.750000,-1.186982,-1.307399,-0.120417,0.520207,0.557783,0.932633,2.031900,-2.031900,L21.mlp,1.000000,0.000000,1.000000,0.000000,off_manifold_no_drop
deepseek7b,phase291,L20-L23,passive,no_agent,pass_window_broken,mlp,1.000000,-1.330151,-1.307399,0.022752,0.811384,0.557783,1.454658,1.328489,-1.328489,L21.mlp,1.000000,0.000000,1.000000,0.000000,off_manifold_no_drop
deepseek7b,phase291,L20-L23,passive,no_agent,pass_window_broken,both,1.000000,-1.307399,-1.307399,0.000000,0.557783,0.557783,1.000000,1.723491,-1.723491,L20.attn,1.000000,0.000000,1.000000,0.000000,off_manifold_no_drop
deepseek7b,phase291,L20-L23,passive,no_agent,pass_window_broken,cross_battn_amlp,1.000000,-0.450121,-1.307399,-0.857279,0.701524,0.557783,1.257700,2.748793,-2.748793,L22.mlp,1.000000,0.000000,1.000000,0.000000,off_manifold_no_drop
deepseek7b,phase291,L20-L23,passive,no_agent,pass_window_broken,cross_aattn_bmlp,1.000000,-1.327502,-1.307399,0.020103,0.751984,0.557783,1.348165,1.927685,-1.927685,L22.attn,1.000000,0.000000,1.000000,0.000000,off_manifold_no_drop
deepseek7b,phase291,L20-L27,passive,no_agent,pass_window_broken,mlp,0.000000,0.000000,1.023776,1.023776,1.000000,0.038353,26.073351,2.748793,-2.748793,L22.mlp,1.000000,0.000000,1.000000,0.000000,off_manifold_no_drop
deepseek7b,phase291,L20-L27,passive,no_agent,pass_window_broken,both,0.000000,0.000000,1.023776,1.023776,1.000000,0.038353,26.073351,2.748793,-2.748793,L22.mlp,1.000000,0.000000,1.000000,0.000000,off_manifold_no_drop
deepseek7b,phase291,L20-L27,passive,no_agent,pass_window_broken,mlp,0.500000,0.364779,1.023776,0.658997,0.909194,0.038353,23.705741,2.540296,-2.540296,L21.mlp,1.000000,0.000000,1.000000,0.000000,off_manifold_no_drop
deepseek7b,phase291,L20-L27,passive,no_agent,pass_window_broken,both,0.500000,0.651115,1.023776,0.372661,0.382858,0.038353,9.982396,2.540296,-2.540296,L21.mlp,1.000000,0.000000,1.000000,0.000000,off_manifold_no_drop
deepseek7b,phase291,L20-L27,passive,no_agent,pass_window_broken,mlp,0.750000,0.572776,1.023776,0.451000,0.701965,0.038353,18.302587,2.031900,-2.031900,L21.mlp,1.000000,0.000000,1.000000,0.000000,off_manifold_no_drop
deepseek7b,phase291,L20-L27,passive,no_agent,pass_window_broken,both,0.750000,0.883724,1.023776,0.140053,0.173879,0.038353,4.533618,2.031900,-2.031900,L21.mlp,1.000000,0.000000,1.000000,0.000000,off_manifold_no_drop
deepseek7b,phase291,L20-L27,passive,no_agent,pass_window_broken,mlp,1.000000,0.685941,1.023776,0.337835,0.837317,0.038353,21.831668,1.370849,-1.370849,L24.mlp,1.000000,0.000000,1.000000,0.000000,off_manifold_no_drop
deepseek7b,phase291,L20-L27,passive,no_agent,pass_window_broken,both,1.000000,1.023776,1.023776,0.000000,0.038353,0.038353,1.000000,1.723491,-1.723491,L20.attn,1.000000,0.000000,1.000000,0.000000,off_manifold_no_drop
deepseek7b,phase291,L20-L27,passive,no_agent,pass_window_broken,cross_battn_amlp,1.000000,0.767816,1.023776,0.255961,0.252981,0.038353,6.596050,2.748793,-2.748793,L22.mlp,1.000000,0.000000,1.000000,0.000000,off_manifold_no_drop
deepseek7b,phase291,L20-L27,passive,no_agent,pass_window_broken,cross_aattn_bmlp,1.000000,0.395245,1.023776,0.628531,0.813830,0.038353,21.219268,1.927685,-1.927685,L22.attn,1.000000,0.000000,1.000000,1.000000,off_manifold_functional_failure
deepseek7b,phase291,L24-L27,passive,no_agent,pass_window_broken,cross_aattn_bmlp,1.000000,0.460374,1.017484,0.557110,1.126552,0.072697,15.496572,1.583068,-1.583068,L25.attn,0.000000,0.000000,0.000000,1.000000,norm_normal_functional_failure
deepseek7b,phase291,L26-L27,passive,no_agent,pass_window_broken,cross_aattn_bmlp,1.000000,0.379823,0.904648,0.524825,1.079707,0.227587,4.744158,0.813150,-0.813150,L27.mlp,0.000000,0.000000,0.000000,1.000000,norm_normal_functional_failure
deepseek7b,phase291,L27,passive,no_agent,pass_window_broken,cross_aattn_bmlp,1.000000,0.081461,0.733704,0.652242,0.829189,0.602487,1.376278,0.813150,-0.813150,L27.mlp,0.000000,0.000000,0.000000,1.000000,norm_normal_functional_failure
deepseek7b,phase291,L20-L23,passive,no_agent,pass_cake_eaten,mlp,0.000000,0.000000,0.259599,0.259599,1.000000,0.292971,3.413301,2.595123,-2.595123,L22.mlp,1.000000,0.000000,1.000000,0.000000,off_manifold_no_drop
deepseek7b,phase291,L20-L23,passive,no_agent,pass_cake_eaten,both,0.000000,0.000000,0.259599,0.259599,1.000000,0.292971,3.413301,2.595123,-2.595123,L22.mlp,1.000000,0.000000,1.000000,0.000000,off_manifold_no_drop
deepseek7b,phase291,L20-L23,passive,no_agent,pass_cake_eaten,mlp,0.500000,-1.128822,0.259599,1.388421,1.612878,0.292971,5.505238,2.490141,-2.490141,L21.mlp,1.000000,0.000000,1.000000,0.000000,off_manifold_no_drop
deepseek7b,phase291,L20-L23,passive,no_agent,pass_cake_eaten,both,0.500000,-1.075504,0.259599,1.335103,1.629433,0.292971,5.561746,2.490141,-2.490141,L21.mlp,1.000000,0.000000,1.000000,0.000000,off_manifold_no_drop
deepseek7b,phase291,L20-L23,passive,no_agent,pass_cake_eaten,mlp,0.750000,0.423237,0.259599,-0.163637,0.121838,0.292971,0.415872,2.074855,-2.074855,L21.mlp,1.000000,0.000000,1.000000,0.000000,off_manifold_no_drop
deepseek7b,phase291,L20-L23,passive,no_agent,pass_cake_eaten,both,0.750000,0.202997,0.259599,0.056602,0.331460,0.292971,1.131371,2.074855,-2.074855,L21.mlp,1.000000,0.000000,1.000000,0.000000,off_manifold_no_drop
deepseek7b,phase291,L20-L23,passive,no_agent,pass_cake_eaten,mlp,1.000000,0.211318,0.259599,0.048282,0.284515,0.292971,0.971134,1.463860,-1.463860,L21.mlp,1.000000,0.000000,1.000000,0.000000,off_manifold_no_drop
deepseek7b,phase291,L20-L23,passive,no_agent,pass_cake_eaten,both,1.000000,0.259599,0.259599,0.000000,0.292971,0.292971,1.000000,1.723217,-1.723217,L20.attn,1.000000,0.000000,1.000000,0.000000,off_manifold_no_drop
deepseek7b,phase291,L20-L23,passive,no_agent,pass_cake_eaten,cross_battn_amlp,1.000000,-0.027829,0.259599,0.287428,1.235559,0.292971,4.217336,2.595123,-2.595123,L22.mlp,1.000000,0.000000,1.000000,0.000000,off_manifold_no_drop
deepseek7b,phase291,L20-L23,passive,no_agent,pass_cake_eaten,cross_aattn_bmlp,1.000000,0.216706,0.259599,0.042894,0.241082,0.292971,0.822885,1.938591,-1.938591,L22.attn,1.000000,0.000000,1.000000,0.000000,off_manifold_no_drop
deepseek7b,phase291,L20-L27,passive,no_agent,pass_cake_eaten,mlp,0.000000,0.000000,1.016056,1.016056,1.000000,0.016222,61.645836,2.595123,-2.595123,L22.mlp,1.000000,0.000000,1.000000,0.000000,off_manifold_no_drop
deepseek7b,phase291,L20-L27,passive,no_agent,pass_cake_eaten,both,0.000000,0.000000,1.016056,1.016056,1.000000,0.016222,61.645836,2.595123,-2.595123,L22.mlp,1.000000,0.000000,1.000000,0.000000,off_manifold_no_drop
deepseek7b,phase291,L20-L27,passive,no_agent,pass_cake_eaten,mlp,0.500000,0.492133,1.016056,0.523922,0.916548,0.016222,56.501360,2.490141,-2.490141,L21.mlp,1.000000,0.000000,1.000000,0.000000,off_manifold_no_drop
deepseek7b,phase291,L20-L27,passive,no_agent,pass_cake_eaten,both,0.500000,0.643289,1.016056,0.372767,0.235171,0.016222,14.497330,2.490141,-2.490141,L21.mlp,1.000000,0.000000,1.000000,0.000000,off_manifold_no_drop
deepseek7b,phase291,L20-L27,passive,no_agent,pass_cake_eaten,mlp,0.750000,0.680007,1.016056,0.336049,0.995229,0.016222,61.351694,2.074855,-2.074855,L21.mlp,1.000000,0.000000,1.000000,0.000000,off_manifold_no_drop
deepseek7b,phase291,L20-L27,passive,no_agent,pass_cake_eaten,both,0.750000,0.860441,1.016056,0.155615,0.078340,0.016222,4.829315,2.074855,-2.074855,L21.mlp,1.000000,0.000000,1.000000,0.000000,off_manifold_no_drop
deepseek7b,phase291,L20-L27,passive,no_agent,pass_cake_eaten,mlp,1.000000,0.784005,1.016056,0.232051,1.705727,0.016222,105.150950,1.463860,-1.463860,L21.mlp,1.000000,0.000000,1.000000,0.000000,off_manifold_no_drop
deepseek7b,phase291,L20-L27,passive,no_agent,pass_cake_eaten,both,1.000000,1.016056,1.016056,0.000000,0.016222,0.016222,1.000000,1.757348,-1.757348,L26.attn,1.000000,0.000000,1.000000,0.000000,off_manifold_no_drop
deepseek7b,phase291,L20-L27,passive,no_agent,pass_cake_eaten,cross_battn_amlp,1.000000,0.657093,1.016056,0.358962,0.109318,0.016222,6.739023,2.595123,-2.595123,L22.mlp,1.000000,0.000000,1.000000,0.000000,off_manifold_no_drop
deepseek7b,phase291,L20-L27,passive,no_agent,pass_cake_eaten,cross_aattn_bmlp,1.000000,0.627324,1.016056,0.388731,0.905395,0.016222,55.813856,1.938591,-1.938591,L22.attn,1.000000,0.000000,1.000000,0.000000,off_manifold_no_drop
deepseek7b,phase291,L27,passive,no_agent,pass_cake_eaten,cross_aattn_bmlp,1.000000,0.212080,0.741940,0.529860,0.669743,0.125223,5.348387,0.998832,-0.998832,L27.mlp,0.000000,0.000000,0.000000,1.000000,norm_normal_functional_failure
deepseek7b,phase291,L20-L23,passive,no_agent,pass_door_closed,mlp,0.750000,0.073710,0.395909,0.322199,1.213716,1.377386,0.881173,1.713709,-1.713709,L22.mlp,1.000000,0.000000,1.000000,0.000000,off_manifold_no_drop
deepseek7b,phase291,L20-L23,passive,no_agent,pass_door_closed,both,0.750000,0.107304,0.395909,0.288605,1.255402,1.377386,0.911438,1.739979,-1.739979,L20.attn,1.000000,0.000000,1.000000,0.000000,off_manifold_no_drop
deepseek7b,phase291,L20-L27,passive,no_agent,pass_door_closed,mlp,0.750000,0.754352,0.987584,0.233232,1.006436,0.006450,156.043265,1.713709,-1.713709,L22.mlp,1.000000,0.000000,1.000000,0.000000,off_manifold_no_drop
deepseek7b,phase291,L20-L27,passive,no_agent,pass_door_closed,both,0.750000,0.819127,0.987584,0.168456,0.093019,0.006450,14.422104,1.765349,-1.765349,L25.attn,1.000000,0.000000,1.000000,0.000000,off_manifold_no_drop
deepseek7b,phase291,L20-L27,passive,no_agent,pass_door_closed,cross_battn_amlp,1.000000,0.397411,0.987584,0.590173,0.150029,0.006450,23.261254,2.024542,-2.024542,L22.mlp,0.000000,0.000000,0.000000,1.000000,norm_normal_functional_failure
deepseek7b,phase291,L24-L27,passive,no_agent,pass_door_closed,cross_battn_amlp,1.000000,0.394026,1.006668,0.612642,0.148173,0.017859,8.296732,1.888319,1.888319,L25.mlp,0.000000,0.000000,0.000000,1.000000,norm_normal_functional_failure
deepseek7b,phase291,L26-L27,passive,no_agent,pass_door_closed,cross_battn_amlp,1.000000,0.390880,1.008727,0.617847,0.147091,0.024470,6.011016,1.526791,-1.526791,L26.attn,0.000000,0.000000,0.000000,1.000000,norm_normal_functional_failure
deepseek7b,phase291,L27,passive,no_agent,pass_door_closed,cross_battn_amlp,1.000000,0.391912,0.956199,0.564287,0.143617,0.042504,3.378947,1.018349,-1.018349,L27.attn,0.000000,0.000000,0.000000,1.000000,norm_normal_functional_failure
deepseek7b,phase291,L20-L23,passive,no_agent,pass_mistake_made,mlp,0.000000,0.000000,-0.219965,-0.219965,1.000000,0.530632,1.884546,2.776830,-2.776830,L23.mlp,1.000000,0.000000,1.000000,0.000000,off_manifold_no_drop
deepseek7b,phase291,L20-L23,passive,no_agent,pass_mistake_made,both,0.000000,0.000000,-0.219965,-0.219965,1.000000,0.530632,1.884546,2.776830,-2.776830,L23.mlp,1.000000,0.000000,1.000000,0.000000,off_manifold_no_drop
deepseek7b,phase291,L20-L23,passive,no_agent,pass_mistake_made,mlp,1.000000,0.416030,-0.219965,-0.635995,0.272903,0.530632,0.514298,1.885112,-1.885112,L23.mlp,1.000000,0.000000,1.000000,0.000000,off_manifold_no_drop
deepseek7b,phase291,L20-L23,passive,no_agent,pass_mistake_made,both,1.000000,-0.219965,-0.219965,0.000000,0.530632,0.530632,1.000000,1.885112,-1.885112,L23.mlp,1.000000,0.000000,1.000000,0.000000,off_manifold_no_drop
deepseek7b,phase291,L20-L23,passive,no_agent,pass_mistake_made,cross_battn_amlp,1.000000,0.107971,-0.219965,-0.327936,0.989185,0.530632,1.864165,2.776830,-2.776830,L23.mlp,1.000000,0.000000,1.000000,0.000000,off_manifold_no_drop
deepseek7b,phase291,L20-L23,passive,no_agent,pass_mistake_made,cross_aattn_bmlp,1.000000,0.450209,-0.219965,-0.670174,0.241046,0.530632,0.454263,1.885112,-1.885112,L23.mlp,1.000000,0.000000,1.000000,0.000000,off_manifold_no_drop
deepseek7b,phase291,L20-L27,passive,no_agent,pass_mistake_made,mlp,0.000000,0.000000,1.047132,1.047132,1.000000,0.005568,179.583733,2.776830,-2.776830,L23.mlp,1.000000,0.000000,1.000000,0.000000,off_manifold_no_drop
deepseek7b,phase291,L20-L27,passive,no_agent,pass_mistake_made,both,0.000000,0.000000,1.047132,1.047132,1.000000,0.005568,179.583733,2.776830,-2.776830,L23.mlp,1.000000,0.000000,1.000000,0.000000,off_manifold_no_drop
deepseek7b,phase291,L20-L27,passive,no_agent,pass_mistake_made,mlp,1.000000,0.773546,1.047132,0.273586,0.235499,0.005568,42.291761,1.885112,-1.885112,L23.mlp,1.000000,0.000000,1.000000,0.000000,off_manifold_no_drop
deepseek7b,phase291,L20-L27,passive,no_agent,pass_mistake_made,both,1.000000,1.047132,1.047132,0.000000,0.005568,0.005568,1.000000,1.885112,-1.885112,L23.mlp,1.000000,0.000000,1.000000,0.000000,off_manifold_no_drop
deepseek7b,phase291,L20-L27,passive,no_agent,pass_mistake_made,cross_battn_amlp,1.000000,0.781682,1.047132,0.265450,0.027460,0.005568,4.931294,2.776830,-2.776830,L23.mlp,1.000000,0.000000,1.000000,0.000000,off_manifold_no_drop
deepseek7b,phase291,L20-L27,passive,no_agent,pass_mistake_made,cross_aattn_bmlp,1.000000,0.595565,1.047132,0.451567,0.883164,0.005568,158.601840,2.063634,-2.063634,L25.attn,1.000000,0.000000,1.000000,0.000000,off_manifold_no_drop
deepseek7b,phase291,L20-L23,passive,no_agent,pass_meeting_cancelled,mlp,0.750000,0.981156,0.774995,-0.206160,0.438701,0.244885,1.791456,1.730871,-1.730871,L21.mlp,1.000000,0.000000,1.000000,0.000000,off_manifold_no_drop
deepseek7b,phase291,L20-L23,passive,no_agent,pass_meeting_cancelled,both,0.750000,0.904357,0.774995,-0.129362,0.346866,0.244885,1.416446,1.874821,-1.874821,L20.attn,1.000000,0.000000,1.000000,0.000000,off_manifold_no_drop
deepseek7b,phase291,L20-L23,passive,no_agent,pass_meeting_cancelled,cross_battn_amlp,1.000000,-0.166730,0.774995,0.941726,0.691849,0.244885,2.825199,2.046036,-2.046036,L22.mlp,0.000000,0.000000,0.000000,1.000000,norm_normal_functional_failure
deepseek7b,phase291,L20-L27,passive,no_agent,pass_meeting_cancelled,mlp,0.750000,0.807229,1.035917,0.228688,0.093438,0.042674,2.189594,1.730871,-1.730871,L21.mlp,1.000000,0.000000,1.000000,0.000000,off_manifold_no_drop
deepseek7b,phase291,L20-L27,passive,no_agent,pass_meeting_cancelled,both,0.750000,0.790044,1.035917,0.245873,0.111363,0.042674,2.609645,1.890708,-1.890708,L26.attn,1.000000,0.000000,1.000000,0.000000,off_manifold_no_drop
deepseek7b,phase291,L20-L27,passive,no_agent,pass_meeting_cancelled,cross_battn_amlp,1.000000,0.509907,1.035917,0.526010,0.467529,0.042674,10.955920,2.046036,-2.046036,L22.mlp,0.000000,0.000000,0.000000,1.000000,norm_normal_functional_failure
deepseek7b,phase291,L20-L23,passive,no_agent,pass_car_repaired,mlp,0.000000,0.000000,0.319090,0.319090,1.000000,0.458741,2.179879,2.084893,-2.084893,L21.mlp,1.000000,0.000000,1.000000,0.000000,off_manifold_no_drop
deepseek7b,phase291,L20-L23,passive,no_agent,pass_car_repaired,both,0.000000,0.000000,0.319090,0.319090,1.000000,0.458741,2.179879,2.084893,-2.084893,L21.mlp,1.000000,0.000000,1.000000,0.000000,off_manifold_no_drop
deepseek7b,phase291,L20-L23,passive,no_agent,pass_car_repaired,mlp,0.750000,0.702158,0.319090,-0.383068,0.145086,0.458741,0.316271,1.964268,-1.964268,L21.mlp,1.000000,0.000000,1.000000,0.000000,off_manifold_no_drop
deepseek7b,phase291,L20-L23,passive,no_agent,pass_car_repaired,both,0.750000,0.458141,0.319090,-0.139050,0.349775,0.458741,0.762467,1.964268,-1.964268,L21.mlp,1.000000,0.000000,1.000000,0.000000,off_manifold_no_drop
deepseek7b,phase291,L20-L23,passive,no_agent,pass_car_repaired,mlp,1.000000,0.715725,0.319090,-0.396635,0.139140,0.458741,0.303309,1.447794,-1.447794,L21.mlp,1.000000,0.000000,1.000000,0.000000,off_manifold_no_drop
deepseek7b,phase291,L20-L23,passive,no_agent,pass_car_repaired,both,1.000000,0.319090,0.319090,0.000000,0.458741,0.458741,1.000000,1.779483,-1.779483,L21.attn,1.000000,0.000000,1.000000,0.000000,off_manifold_no_drop
deepseek7b,phase291,L20-L23,passive,no_agent,pass_car_repaired,cross_battn_amlp,1.000000,0.526858,0.319090,-0.207768,0.468115,0.458741,1.020434,2.084893,-2.084893,L21.mlp,1.000000,0.000000,1.000000,0.000000,off_manifold_no_drop
deepseek7b,phase291,L20-L23,passive,no_agent,pass_car_repaired,cross_aattn_bmlp,1.000000,0.499722,0.319090,-0.180632,0.361467,0.458741,0.787955,1.501227,-1.501227,L22.attn,1.000000,0.000000,1.000000,0.000000,off_manifold_no_drop
deepseek7b,phase291,L20-L27,passive,no_agent,pass_car_repaired,mlp,0.000000,0.000000,0.977525,0.977525,1.000000,0.005896,169.603086,2.084893,-2.084893,L21.mlp,1.000000,0.000000,1.000000,0.000000,off_manifold_no_drop
deepseek7b,phase291,L20-L27,passive,no_agent,pass_car_repaired,both,0.000000,0.000000,0.977525,0.977525,1.000000,0.005896,169.603086,2.084893,-2.084893,L21.mlp,1.000000,0.000000,1.000000,0.000000,off_manifold_no_drop
deepseek7b,phase291,L20-L27,passive,no_agent,pass_car_repaired,mlp,0.750000,0.594033,0.977525,0.383491,1.509167,0.005896,255.959417,1.964268,-1.964268,L21.mlp,1.000000,0.000000,1.000000,0.000000,off_manifold_no_drop
deepseek7b,phase291,L20-L27,passive,no_agent,pass_car_repaired,both,0.750000,0.829308,0.977525,0.148216,0.093943,0.005896,15.933018,2.032937,-2.032937,L26.attn,1.000000,0.000000,1.000000,0.000000,off_manifold_no_drop
deepseek7b,phase291,L20-L27,passive,no_agent,pass_car_repaired,mlp,1.000000,1.014403,0.977525,-0.036878,1.888521,0.005896,320.298913,1.458885,-1.458885,L24.mlp,1.000000,0.000000,1.000000,0.000000,off_manifold_no_drop
deepseek7b,phase291,L20-L27,passive,no_agent,pass_car_repaired,both,1.000000,0.977525,0.977525,0.000000,0.005896,0.005896,1.000000,1.974841,-1.974841,L26.attn,1.000000,0.000000,1.000000,0.000000,off_manifold_no_drop
deepseek7b,phase291,L20-L27,passive,no_agent,pass_car_repaired,cross_battn_amlp,1.000000,0.386463,0.977525,0.591061,0.145818,0.005896,24.731123,2.084893,-2.084893,L21.mlp,1.000000,0.000000,1.000000,1.000000,off_manifold_functional_failure
deepseek7b,phase291,L20-L27,passive,no_agent,pass_car_repaired,cross_aattn_bmlp,1.000000,1.058149,0.977525,-0.080625,0.910472,0.005896,154.418911,1.501227,-1.501227,L22.attn,1.000000,0.000000,1.000000,0.000000,off_manifold_no_drop
deepseek7b,phase291,L24-L27,passive,no_agent,pass_car_repaired,cross_battn_amlp,1.000000,0.360995,0.937131,0.576136,0.134716,0.025771,5.227403,1.974841,-1.974841,L26.attn,0.000000,0.000000,0.000000,1.000000,norm_normal_functional_failure
deepseek7b,phase291,L26-L27,passive,no_agent,pass_car_repaired,cross_battn_amlp,1.000000,0.375611,0.896295,0.520684,0.154902,0.056531,2.740145,1.974841,-1.974841,L26.attn,0.000000,0.000000,0.000000,1.000000,norm_normal_functional_failure
deepseek7b,phase291,L27,passive,no_agent,pass_car_repaired,cross_battn_amlp,1.000000,0.356016,0.921742,0.565726,0.146857,0.069862,2.102097,1.318609,-1.318609,L27.attn,0.000000,0.000000,0.000000,1.000000,norm_normal_functional_failure
deepseek7b,phase291,L20-L23,passive,no_agent,pass_package_delivered,mlp,0.000000,0.000000,0.624316,0.624316,1.000000,0.227533,4.394968,2.624863,-2.624863,L23.mlp,1.000000,0.000000,1.000000,0.000000,off_manifold_no_drop
deepseek7b,phase291,L20-L23,passive,no_agent,pass_package_delivered,both,0.000000,0.000000,0.624316,0.624316,1.000000,0.227533,4.394968,2.624863,-2.624863,L23.mlp,1.000000,0.000000,1.000000,0.000000,off_manifold_no_drop
deepseek7b,phase291,L20-L23,passive,no_agent,pass_package_delivered,mlp,0.500000,-0.184801,0.624316,0.809118,0.935848,0.227533,4.113022,2.489081,-2.489081,L21.mlp,1.000000,0.000000,1.000000,0.000000,off_manifold_no_drop
deepseek7b,phase291,L20-L23,passive,no_agent,pass_package_delivered,both,0.500000,0.012980,0.624316,0.611336,0.877585,0.227533,3.856959,2.489081,-2.489081,L21.mlp,1.000000,0.000000,1.000000,0.000000,off_manifold_no_drop
deepseek7b,phase291,L20-L23,passive,no_agent,pass_package_delivered,mlp,0.750000,-0.223480,0.624316,0.847797,0.994142,0.227533,4.369223,2.040638,-2.040638,L21.mlp,1.000000,0.000000,1.000000,0.000000,off_manifold_no_drop
deepseek7b,phase291,L20-L23,passive,no_agent,pass_package_delivered,both,0.750000,-0.215576,0.624316,0.839892,0.971852,0.227533,4.271260,2.040638,-2.040638,L21.mlp,1.000000,0.000000,1.000000,0.000000,off_manifold_no_drop
deepseek7b,phase291,L20-L23,passive,no_agent,pass_package_delivered,mlp,1.000000,-0.384873,0.624316,1.009189,0.996854,0.227533,4.381141,1.436493,-1.436493,L23.mlp,1.000000,0.000000,1.000000,0.000000,off_manifold_no_drop
deepseek7b,phase291,L20-L23,passive,no_agent,pass_package_delivered,both,1.000000,0.624316,0.624316,0.000000,0.227533,0.227533,1.000000,1.826229,-1.826229,L20.attn,1.000000,0.000000,1.000000,0.000000,off_manifold_no_drop
deepseek7b,phase291,L20-L23,passive,no_agent,pass_package_delivered,cross_battn_amlp,1.000000,-0.117793,0.624316,0.742109,0.943865,0.227533,4.148255,2.624863,-2.624863,L23.mlp,1.000000,0.000000,1.000000,1.000000,off_manifold_functional_failure
deepseek7b,phase291,L20-L23,passive,no_agent,pass_package_delivered,cross_aattn_bmlp,1.000000,-0.264997,0.624316,0.889313,1.059535,0.227533,4.656624,1.842575,-1.842575,L22.attn,1.000000,0.000000,1.000000,1.000000,off_manifold_functional_failure
deepseek7b,phase291,L20-L27,passive,no_agent,pass_package_delivered,mlp,0.000000,0.000000,0.943955,0.943955,1.000000,0.005908,169.251846,2.624863,-2.624863,L23.mlp,1.000000,0.000000,1.000000,0.000000,off_manifold_no_drop
deepseek7b,phase291,L20-L27,passive,no_agent,pass_package_delivered,both,0.000000,0.000000,0.943955,0.943955,1.000000,0.005908,169.251846,2.624863,-2.624863,L23.mlp,1.000000,0.000000,1.000000,0.000000,off_manifold_no_drop
deepseek7b,phase291,L20-L27,passive,no_agent,pass_package_delivered,mlp,0.500000,0.612332,0.943955,0.331622,1.041154,0.005908,176.217158,2.489081,-2.489081,L21.mlp,1.000000,0.000000,1.000000,0.000000,off_manifold_no_drop
deepseek7b,phase291,L20-L27,passive,no_agent,pass_package_delivered,both,0.500000,0.662569,0.943955,0.281386,0.231858,0.005908,39.242470,2.489081,-2.489081,L21.mlp,1.000000,0.000000,1.000000,0.000000,off_manifold_no_drop
deepseek7b,phase291,L20-L27,passive,no_agent,pass_package_delivered,mlp,0.750000,0.843623,0.943955,0.100332,0.538610,0.005908,91.160775,2.040638,-2.040638,L21.mlp,1.000000,0.000000,1.000000,0.000000,off_manifold_no_drop
deepseek7b,phase291,L20-L27,passive,no_agent,pass_package_delivered,both,0.750000,0.838143,0.943955,0.105812,0.031912,0.005908,5.401239,2.040638,-2.040638,L21.mlp,1.000000,0.000000,1.000000,0.000000,off_manifold_no_drop
deepseek7b,phase291,L20-L27,passive,no_agent,pass_package_delivered,mlp,1.000000,1.029468,0.943955,-0.085514,1.729015,0.005908,292.639050,1.436493,-1.436493,L23.mlp,1.000000,0.000000,1.000000,0.000000,off_manifold_no_drop
deepseek7b,phase291,L20-L27,passive,no_agent,pass_package_delivered,both,1.000000,0.943955,0.943955,0.000000,0.005908,0.005908,1.000000,1.826229,-1.826229,L20.attn,1.000000,0.000000,1.000000,0.000000,off_manifold_no_drop
deepseek7b,phase291,L20-L27,passive,no_agent,pass_package_delivered,cross_battn_amlp,1.000000,0.631259,0.943955,0.312695,0.035178,0.005908,5.953879,2.624863,-2.624863,L23.mlp,1.000000,0.000000,1.000000,0.000000,off_manifold_no_drop
deepseek7b,phase291,L20-L27,passive,no_agent,pass_package_delivered,cross_aattn_bmlp,1.000000,0.745074,0.943955,0.198881,1.268605,0.005908,214.713795,1.980336,-1.980336,L25.attn,1.000000,0.000000,1.000000,0.000000,off_manifold_no_drop
deepseek7b,phase291,L20-L23,recursive,complement_clause,rec_comp_think_leave,mlp,0.000000,0.000000,-0.188235,-0.188235,1.000000,1.289366,0.775575,2.312486,2.312486,L20.mlp,1.000000,0.000000,1.000000,0.000000,off_manifold_no_drop
deepseek7b,phase291,L20-L23,recursive,complement_clause,rec_comp_think_leave,both,0.000000,0.000000,-0.188235,-0.188235,1.000000,1.289366,0.775575,2.312486,2.312486,L20.mlp,1.000000,0.000000,1.000000,0.000000,off_manifold_no_drop
deepseek7b,phase291,L20-L23,recursive,complement_clause,rec_comp_think_leave,mlp,0.750000,-0.158445,-0.188235,-0.029790,1.332737,1.289366,1.033637,0.491518,-0.491518,L21.mlp,1.000000,0.000000,1.000000,0.000000,off_manifold_no_drop
deepseek7b,phase291,L20-L23,recursive,complement_clause,rec_comp_think_leave,both,0.750000,-0.172084,-0.188235,-0.016151,1.263115,1.289366,0.979640,0.617182,-0.617182,L23.attn,1.000000,0.000000,1.000000,0.000000,off_manifold_no_drop
deepseek7b,phase291,L20-L23,recursive,complement_clause,rec_comp_think_leave,mlp,1.000000,-0.169641,-0.188235,-0.018594,1.366321,1.289366,1.059684,0.634315,0.634315,L22.mlp,1.000000,0.000000,1.000000,0.000000,off_manifold_no_drop
deepseek7b,phase291,L20-L23,recursive,complement_clause,rec_comp_think_leave,both,1.000000,-0.188235,-0.188235,0.000000,1.289366,1.289366,1.000000,0.634315,0.634315,L22.mlp,1.000000,0.000000,1.000000,0.000000,off_manifold_no_drop
deepseek7b,phase291,L20-L23,recursive,complement_clause,rec_comp_think_leave,cross_battn_amlp,1.000000,-0.011871,-0.188235,-0.176364,1.090713,1.289366,0.845930,2.312486,2.312486,L20.mlp,1.000000,0.000000,1.000000,0.000000,off_manifold_no_drop
deepseek7b,phase291,L20-L23,recursive,complement_clause,rec_comp_think_leave,cross_aattn_bmlp,1.000000,-0.175852,-0.188235,-0.012383,1.331028,1.289366,1.032312,0.867783,0.867783,L20.attn,1.000000,0.000000,1.000000,0.000000,off_manifold_no_drop
deepseek7b,phase291,L20-L27,recursive,complement_clause,rec_comp_think_leave,mlp,0.000000,0.000000,0.842548,0.842548,1.000000,0.031836,31.411077,2.312486,2.312486,L20.mlp,1.000000,0.000000,1.000000,0.000000,off_manifold_no_drop
deepseek7b,phase291,L20-L27,recursive,complement_clause,rec_comp_think_leave,both,0.000000,0.000000,0.842548,0.842548,1.000000,0.031836,31.411077,2.312486,2.312486,L20.mlp,1.000000,0.000000,1.000000,0.000000,off_manifold_no_drop
deepseek7b,phase291,L20-L27,recursive,complement_clause,rec_comp_think_leave,mlp,0.750000,0.533615,0.842548,0.308934,0.645090,0.031836,20.262979,0.491518,-0.491518,L21.mlp,1.000000,0.000000,1.000000,0.000000,off_manifold_no_drop
deepseek7b,phase291,L20-L27,recursive,complement_clause,rec_comp_think_leave,both,0.750000,0.683471,0.842548,0.159077,0.102767,0.031836,3.228018,1.486541,1.486541,L27.attn,1.000000,0.000000,1.000000,0.000000,off_manifold_no_drop
deepseek7b,phase291,L20-L27,recursive,complement_clause,rec_comp_think_leave,mlp,1.000000,0.611930,0.842548,0.230618,0.650844,0.031836,20.443726,0.634315,0.634315,L22.mlp,1.000000,0.000000,1.000000,0.000000,off_manifold_no_drop
deepseek7b,phase291,L20-L27,recursive,complement_clause,rec_comp_think_leave,both,1.000000,0.842548,0.842548,0.000000,0.031836,0.031836,1.000000,1.551628,1.551628,L27.attn,1.000000,0.000000,1.000000,0.000000,off_manifold_no_drop
deepseek7b,phase291,L20-L27,recursive,complement_clause,rec_comp_think_leave,cross_battn_amlp,1.000000,-0.145218,0.842548,0.987766,0.702526,0.031836,22.067112,2.312486,2.312486,L20.mlp,1.000000,0.000000,1.000000,1.000000,off_manifold_functional_failure
deepseek7b,phase291,L20-L27,recursive,complement_clause,rec_comp_think_leave,cross_aattn_bmlp,1.000000,0.833779,0.842548,0.008769,0.127616,0.031836,4.008556,1.423249,1.423249,L27.attn,1.000000,0.000000,1.000000,0.000000,off_manifold_no_drop
deepseek7b,phase291,L24-L27,recursive,complement_clause,rec_comp_think_leave,cross_battn_amlp,1.000000,-0.148131,0.918965,1.067095,0.705738,0.086497,8.159129,1.551628,1.551628,L27.attn,0.000000,0.000000,0.000000,1.000000,norm_normal_functional_failure
deepseek7b,phase291,L26-L27,recursive,complement_clause,rec_comp_think_leave,cross_battn_amlp,1.000000,-0.084643,1.012787,1.097430,0.846790,0.326588,2.592840,1.551628,1.551628,L27.attn,0.000000,0.000000,0.000000,1.000000,norm_normal_functional_failure
deepseek7b,phase291,L27,recursive,complement_clause,rec_comp_think_leave,cross_battn_amlp,1.000000,-0.087081,1.107564,1.194644,0.826701,0.371490,2.225366,1.551628,1.551628,L27.attn,0.000000,0.000000,0.000000,1.000000,norm_normal_functional_failure
deepseek7b,phase291,L20-L27,recursive,complement_clause,rec_comp_believe_win,cross_battn_amlp,1.000000,-0.307316,0.966453,1.273770,0.808986,0.033737,23.979435,2.717369,2.717369,L20.mlp,0.000000,0.000000,0.000000,1.000000,norm_normal_functional_failure
deepseek7b,phase291,L24-L27,recursive,complement_clause,rec_comp_believe_win,cross_battn_amlp,1.000000,-0.270977,0.993785,1.264762,0.764350,0.099739,7.663485,1.951043,1.951043,L26.attn,0.000000,0.000000,0.000000,1.000000,norm_normal_functional_failure
deepseek7b,phase291,L26-L27,recursive,complement_clause,rec_comp_believe_win,cross_battn_amlp,1.000000,-0.255929,1.049157,1.305086,0.829008,0.193230,4.290268,1.951043,1.951043,L26.attn,0.000000,0.000000,0.000000,1.000000,norm_normal_functional_failure
deepseek7b,phase291,L27,recursive,complement_clause,rec_comp_believe_win,cross_battn_amlp,1.000000,-0.202884,1.041808,1.244692,0.853217,0.243904,3.498161,1.461915,1.461915,L27.mlp,0.000000,0.000000,0.000000,1.000000,norm_normal_functional_failure
deepseek7b,phase291,L20-L27,recursive,complement_clause,rec_comp_know_safe,cross_battn_amlp,1.000000,-0.072640,1.025845,1.098486,1.508162,0.018540,81.346010,3.327981,-3.327981,L26.mlp,0.000000,0.000000,0.000000,1.000000,norm_normal_functional_failure
deepseek7b,phase291,L24-L27,recursive,complement_clause,rec_comp_know_safe,cross_battn_amlp,1.000000,-0.081719,1.046280,1.127999,1.449850,0.034692,41.791703,3.327981,-3.327981,L26.mlp,0.000000,0.000000,0.000000,1.000000,norm_normal_functional_failure
deepseek7b,phase291,L26-L27,recursive,complement_clause,rec_comp_know_safe,cross_battn_amlp,1.000000,-0.076611,1.052456,1.129067,1.428616,0.072877,19.603174,3.327981,-3.327981,L26.mlp,0.000000,0.000000,0.000000,1.000000,norm_normal_functional_failure
deepseek7b,phase291,L27,recursive,complement_clause,rec_comp_know_safe,cross_battn_amlp,1.000000,-0.083284,1.022560,1.105844,1.398118,0.091443,15.289489,1.951666,-1.951666,L27.mlp,0.000000,0.000000,0.000000,1.000000,norm_normal_functional_failure
deepseek7b,phase291,L20-L27,recursive,complement_clause,rec_comp_hear_ready,cross_battn_amlp,1.000000,-0.262052,0.952976,1.215027,0.828061,0.010821,76.520245,1.612757,1.612757,L23.mlp,0.000000,0.000000,0.000000,1.000000,norm_normal_functional_failure
deepseek7b,phase291,L24-L27,recursive,complement_clause,rec_comp_hear_ready,cross_battn_amlp,1.000000,-0.274684,0.939049,1.213733,0.756230,0.129595,5.835322,1.174670,1.174670,L25.attn,0.000000,0.000000,0.000000,1.000000,norm_normal_functional_failure
deepseek7b,phase291,L26-L27,recursive,complement_clause,rec_comp_hear_ready,cross_battn_amlp,1.000000,-0.245022,1.031588,1.276610,0.744619,0.225880,3.296516,1.108333,1.108333,L27.attn,0.000000,0.000000,0.000000,1.000000,norm_normal_functional_failure
deepseek7b,phase291,L27,recursive,complement_clause,rec_comp_hear_ready,cross_battn_amlp,1.000000,-0.240641,1.006052,1.246694,0.753533,0.227131,3.317615,1.108333,1.108333,L27.attn,0.000000,0.000000,0.000000,1.000000,norm_normal_functional_failure
deepseek7b,phase291,L20-L27,recursive,complement_clause,rec_comp_expect_arrive,cross_battn_amlp,1.000000,-0.028585,1.093504,1.122089,1.085597,0.031521,34.440417,2.679137,2.679137,L26.attn,0.000000,0.000000,0.000000,1.000000,norm_normal_functional_failure
deepseek7b,phase291,L24-L27,recursive,complement_clause,rec_comp_expect_arrive,cross_battn_amlp,1.000000,0.005863,1.215423,1.209560,0.970254,0.107244,9.047124,2.679137,2.679137,L26.attn,0.000000,0.000000,0.000000,1.000000,norm_normal_functional_failure
deepseek7b,phase291,L26-L27,recursive,complement_clause,rec_comp_expect_arrive,cross_battn_amlp,1.000000,0.069841,1.342116,1.272275,0.937732,0.220359,4.255463,2.679137,2.679137,L26.attn,0.000000,0.000000,0.000000,1.000000,norm_normal_functional_failure
deepseek7b,phase291,L27,recursive,complement_clause,rec_comp_expect_arrive,cross_battn_amlp,1.000000,0.057345,1.229073,1.171728,0.944071,0.301494,3.131310,1.655266,1.655266,L27.attn,0.000000,0.000000,0.000000,1.000000,norm_normal_functional_failure
deepseek7b,phase291,L20-L27,recursive,complement_clause,rec_comp_say_return,cross_battn_amlp,1.000000,-0.069121,0.539873,0.608994,0.628672,0.592388,1.061250,1.793798,1.793798,L25.mlp,0.000000,0.000000,0.000000,1.000000,norm_normal_functional_failure
deepseek7b,phase291,L24-L27,recursive,complement_clause,rec_comp_say_return,cross_battn_amlp,1.000000,-0.069947,0.521677,0.591624,0.672946,0.541263,1.243288,1.793798,1.793798,L25.mlp,0.000000,0.000000,0.000000,1.000000,norm_normal_functional_failure
deepseek7b,phase291,L26-L27,recursive,complement_clause,rec_comp_say_return,cross_battn_amlp,1.000000,-0.050627,0.506192,0.556819,0.704890,0.574036,1.227954,1.481055,1.481055,L27.mlp,0.000000,0.000000,0.000000,1.000000,norm_normal_functional_failure
deepseek7b,phase291,L27,recursive,complement_clause,rec_comp_say_return,cross_battn_amlp,1.000000,-0.070017,0.614750,0.684767,0.750306,0.460293,1.630063,1.481055,1.481055,L27.mlp,0.000000,0.000000,0.000000,1.000000,norm_normal_functional_failure
deepseek7b,phase291,L20-L27,recursive,complement_clause,rec_comp_fear_lost,cross_battn_amlp,1.000000,-0.082669,0.902920,0.985589,0.795769,0.036654,21.710169,1.890764,1.890764,L26.attn,0.000000,0.000000,0.000000,1.000000,norm_normal_functional_failure
deepseek7b,phase291,L24-L27,recursive,complement_clause,rec_comp_fear_lost,cross_battn_amlp,1.000000,-0.068988,0.847018,0.916005,0.837078,0.165995,5.042805,1.890764,1.890764,L26.attn,0.000000,0.000000,0.000000,1.000000,norm_normal_functional_failure
deepseek7b,phase291,L26-L27,recursive,complement_clause,rec_comp_fear_lost,cross_battn_amlp,1.000000,-0.022180,0.921529,0.943710,0.880353,0.209610,4.199960,1.890764,1.890764,L26.attn,0.000000,0.000000,0.000000,1.000000,norm_normal_functional_failure
deepseek7b,phase291,L27,recursive,complement_clause,rec_comp_fear_lost,cross_battn_amlp,1.000000,-0.081156,0.898706,0.979862,0.840512,0.285509,2.943906,1.273188,1.273188,L27.attn,0.000000,0.000000,0.000000,1.000000,norm_normal_functional_failure
deepseek7b,phase291,L20-L27,recursive,possessive_chain,rec_poss_jacket,cross_battn_amlp,1.000000,-0.109675,1.008292,1.117967,1.882709,0.062963,29.901890,1.007461,1.007461,L22.attn,0.000000,0.000000,0.000000,1.000000,norm_normal_functional_failure
deepseek7b,phase291,L24-L27,recursive,possessive_chain,rec_poss_jacket,cross_battn_amlp,1.000000,-0.146459,0.972568,1.119027,2.017608,0.168289,11.988984,0.996856,0.996856,L24.mlp,0.000000,0.000000,0.000000,1.000000,norm_normal_functional_failure
deepseek7b,phase291,L26-L27,recursive,possessive_chain,rec_poss_jacket,cross_battn_amlp,1.000000,-0.113690,1.017885,1.131575,1.965952,0.357916,5.492779,0.637429,-0.637429,L27.mlp,0.000000,0.000000,0.000000,1.000000,norm_normal_functional_failure
deepseek7b,phase291,L27,recursive,possessive_chain,rec_poss_jacket,cross_battn_amlp,1.000000,-0.115556,1.060242,1.175798,1.971536,0.497596,3.962124,0.637429,-0.637429,L27.mlp,0.000000,0.000000,0.000000,1.000000,norm_normal_functional_failure
deepseek7b,phase291,L20-L27,recursive,possessive_chain,rec_poss_car,cross_battn_amlp,1.000000,-0.257806,1.006553,1.264359,0.545812,0.034470,15.834551,1.197548,1.197548,L23.mlp,0.000000,0.000000,0.000000,1.000000,norm_normal_functional_failure
deepseek7b,phase291,L24-L27,recursive,possessive_chain,rec_poss_car,cross_battn_amlp,1.000000,-0.252183,0.950402,1.202585,0.553928,0.034151,16.219890,0.821675,0.821675,L24.attn,0.000000,0.000000,0.000000,1.000000,norm_normal_functional_failure
deepseek7b,phase291,L26-L27,recursive,possessive_chain,rec_poss_car,cross_battn_amlp,1.000000,-0.254544,0.917543,1.172087,0.563010,0.056058,10.043393,0.711498,-0.711498,L27.attn,0.000000,0.000000,0.000000,1.000000,norm_normal_functional_failure
deepseek7b,phase291,L27,recursive,possessive_chain,rec_poss_car,cross_battn_amlp,1.000000,-0.262206,1.010212,1.272418,0.586659,0.143435,4.090056,0.711498,-0.711498,L27.attn,0.000000,0.000000,0.000000,1.000000,norm_normal_functional_failure
deepseek7b,phase291,L20-L27,recursive,possessive_chain,rec_poss_book,cross_battn_amlp,1.000000,0.074472,0.867957,0.793485,0.589054,0.071012,8.295145,1.050557,1.050557,L20.attn,0.000000,0.000000,0.000000,1.000000,norm_normal_functional_failure
deepseek7b,phase291,L24-L27,recursive,possessive_chain,rec_poss_book,cross_battn_amlp,1.000000,0.055408,0.629551,0.574143,0.588541,0.192706,3.054083,0.669149,-0.669149,L27.mlp,0.000000,0.000000,0.000000,1.000000,norm_normal_functional_failure
deepseek7b,phase291,L20-L27,recursive,possessive_chain,rec_poss_phone,cross_battn_amlp,1.000000,0.030138,0.845505,0.815367,1.010574,0.099571,10.149323,1.162730,1.162730,L23.attn,0.000000,0.000000,0.000000,1.000000,norm_normal_functional_failure
deepseek7b,phase291,L24-L27,recursive,possessive_chain,rec_poss_phone,cross_battn_amlp,1.000000,0.069662,0.667531,0.597870,0.979394,0.376574,2.600798,0.863750,0.863750,L24.mlp,0.000000,0.000000,0.000000,1.000000,norm_normal_functional_failure
deepseek7b,phase291,L20-L27,recursive,possessive_chain,rec_poss_house,cross_battn_amlp,1.000000,0.436357,1.012000,0.575642,0.537226,0.019939,26.942826,1.437940,1.437940,L23.mlp,0.000000,0.000000,0.000000,1.000000,norm_normal_functional_failure
deepseek7b,phase291,L20-L27,recursive,possessive_chain,rec_poss_house,cross_aattn_bmlp,1.000000,0.367590,1.012000,0.644409,1.000241,0.019939,50.163838,1.243315,1.243315,L21.mlp,0.000000,0.000000,0.000000,1.000000,norm_normal_functional_failure
deepseek7b,phase291,L24-L27,recursive,possessive_chain,rec_poss_house,cross_battn_amlp,1.000000,0.433311,0.950900,0.517589,0.538285,0.190804,2.821143,1.002354,1.002354,L24.attn,0.000000,0.000000,0.000000,1.000000,norm_normal_functional_failure
deepseek7b,phase291,L24-L27,recursive,possessive_chain,rec_poss_house,cross_aattn_bmlp,1.000000,0.342908,0.950900,0.607992,1.100678,0.190804,5.768634,1.127144,1.127144,L24.mlp,0.000000,0.000000,0.000000,1.000000,norm_normal_functional_failure
deepseek7b,phase291,L26-L27,recursive,possessive_chain,rec_poss_house,cross_battn_amlp,1.000000,0.423685,0.962151,0.538467,0.566142,0.407159,1.390468,0.455934,-0.455934,L27.mlp,0.000000,0.000000,0.000000,1.000000,norm_normal_functional_failure
deepseek7b,phase291,L26-L27,recursive,possessive_chain,rec_poss_house,cross_aattn_bmlp,1.000000,0.348810,0.962151,0.613341,1.314096,0.407159,3.227474,0.331429,0.331429,L26.attn,0.000000,0.000000,0.000000,1.000000,norm_normal_functional_failure
deepseek7b,phase291,L27,recursive,possessive_chain,rec_poss_house,cross_aattn_bmlp,1.000000,0.280190,0.782936,0.502746,1.237619,0.516314,2.397026,0.285023,-0.285023,L27.mlp,0.000000,0.000000,0.000000,1.000000,norm_normal_functional_failure
deepseek7b,phase291,L20-L27,recursive,possessive_chain,rec_poss_note,cross_battn_amlp,1.000000,-0.053231,1.043092,1.096324,0.720594,0.020601,34.978467,1.226525,1.226525,L21.mlp,0.000000,0.000000,0.000000,1.000000,norm_normal_functional_failure
deepseek7b,phase291,L24-L27,recursive,possessive_chain,rec_poss_note,cross_battn_amlp,1.000000,0.001875,1.093870,1.091995,0.776069,0.132543,5.855217,0.924021,0.924021,L24.mlp,0.000000,0.000000,0.000000,1.000000,norm_normal_functional_failure
deepseek7b,phase291,L26-L27,recursive,possessive_chain,rec_poss_note,cross_battn_amlp,1.000000,-0.018867,1.135148,1.154014,0.824566,0.302226,2.728307,0.920607,-0.920607,L27.attn,0.000000,0.000000,0.000000,1.000000,norm_normal_functional_failure
deepseek7b,phase291,L27,recursive,possessive_chain,rec_poss_note,cross_battn_amlp,1.000000,-0.033055,1.137022,1.170077,0.834568,0.387753,2.152317,0.920607,-0.920607,L27.attn,0.000000,0.000000,0.000000,1.000000,norm_normal_functional_failure
deepseek7b,phase291,L20-L27,recursive,possessive_chain,rec_poss_song,cross_battn_amlp,1.000000,-0.014328,0.980440,0.994768,0.841130,0.120191,6.998256,1.188344,1.188344,L23.mlp,0.000000,0.000000,0.000000,1.000000,norm_normal_functional_failure
deepseek7b,phase291,L24-L27,recursive,possessive_chain,rec_poss_song,cross_battn_amlp,1.000000,-0.006784,0.901997,0.908781,0.833647,0.169295,4.924219,0.563539,0.563539,L24.attn,0.000000,0.000000,0.000000,1.000000,norm_normal_functional_failure
deepseek7b,phase291,L26-L27,recursive,possessive_chain,rec_poss_song,cross_battn_amlp,1.000000,0.012942,0.786160,0.773218,0.870631,0.405290,2.148167,0.441734,-0.441734,L27.attn,0.000000,0.000000,0.000000,1.000000,norm_normal_functional_failure
deepseek7b,phase291,L20-L27,recursive,pp_chain,rec_pp_key_drawer,cross_battn_amlp,1.000000,-0.371292,0.984525,1.355817,0.598566,0.032791,18.254237,1.623915,1.623915,L22.attn,0.000000,0.000000,0.000000,1.000000,norm_normal_functional_failure
deepseek7b,phase291,L24-L27,recursive,pp_chain,rec_pp_key_drawer,cross_battn_amlp,1.000000,-0.240351,1.063047,1.303398,0.592246,0.150193,3.943240,1.553950,1.553950,L24.mlp,0.000000,0.000000,0.000000,1.000000,norm_normal_functional_failure
deepseek7b,phase291,L24-L27,recursive,pp_chain,rec_pp_key_drawer,cross_aattn_bmlp,1.000000,0.491151,1.063047,0.571896,0.884973,0.150193,5.892251,2.518192,2.518192,L27.attn,0.000000,0.000000,0.000000,1.000000,norm_normal_functional_failure
deepseek7b,phase291,L26-L27,recursive,pp_chain,rec_pp_key_drawer,cross_battn_amlp,1.000000,-0.273907,1.073774,1.347680,0.624232,0.202943,3.075891,1.093785,1.093785,L26.attn,0.000000,0.000000,0.000000,1.000000,norm_normal_functional_failure
deepseek7b,phase291,L26-L27,recursive,pp_chain,rec_pp_key_drawer,cross_aattn_bmlp,1.000000,0.497977,1.073774,0.575797,0.918854,0.202943,4.527637,2.518192,2.518192,L27.attn,0.000000,0.000000,0.000000,1.000000,norm_normal_functional_failure
deepseek7b,phase291,L27,recursive,pp_chain,rec_pp_key_drawer,cross_battn_amlp,1.000000,-0.270365,1.093466,1.363831,0.633004,0.284456,2.225316,0.771721,-0.771721,L27.mlp,0.000000,0.000000,0.000000,1.000000,norm_normal_functional_failure
deepseek7b,phase291,L27,recursive,pp_chain,rec_pp_key_drawer,cross_aattn_bmlp,1.000000,0.502658,1.093466,0.590808,0.997087,0.284456,3.505245,2.518192,2.518192,L27.attn,0.000000,0.000000,0.000000,1.000000,norm_normal_functional_failure
deepseek7b,phase291,L20-L27,recursive,pp_chain,rec_pp_cup_table,cross_battn_amlp,1.000000,0.220850,1.030019,0.809169,1.328523,0.028426,46.736268,2.313561,2.313561,L21.attn,0.000000,0.000000,0.000000,1.000000,norm_normal_functional_failure
deepseek7b,phase291,L20-L27,recursive,pp_chain,rec_pp_cup_table,cross_aattn_bmlp,1.000000,0.332201,1.030019,0.697818,0.636276,0.028426,22.383627,2.464473,2.464473,L23.attn,0.000000,0.000000,0.000000,1.000000,norm_normal_functional_failure
deepseek7b,phase291,L24-L27,recursive,pp_chain,rec_pp_cup_table,cross_battn_amlp,1.000000,0.189492,1.120539,0.931047,1.311510,0.120611,10.873911,2.256129,2.256129,L25.attn,0.000000,0.000000,0.000000,1.000000,norm_normal_functional_failure
deepseek7b,phase291,L24-L27,recursive,pp_chain,rec_pp_cup_table,cross_aattn_bmlp,1.000000,0.376443,1.120539,0.744096,0.793225,0.120611,6.576738,2.222063,2.222063,L25.attn,0.000000,0.000000,0.000000,1.000000,norm_normal_functional_failure
deepseek7b,phase291,L26-L27,recursive,pp_chain,rec_pp_cup_table,cross_battn_amlp,1.000000,0.179935,1.038336,0.858401,1.327898,0.401538,3.307027,1.216864,1.216864,L26.attn,0.000000,0.000000,0.000000,1.000000,norm_normal_functional_failure
deepseek7b,phase291,L26-L27,recursive,pp_chain,rec_pp_cup_table,cross_aattn_bmlp,1.000000,0.360028,1.038336,0.678308,0.862676,0.401538,2.148429,1.961097,1.961097,L27.attn,0.000000,0.000000,0.000000,1.000000,norm_normal_functional_failure
deepseek7b,phase291,L27,recursive,pp_chain,rec_pp_cup_table,cross_battn_amlp,1.000000,0.151975,0.887869,0.735894,1.299886,1.084450,1.198658,0.780698,-0.780698,L27.mlp,0.000000,0.000000,0.000000,1.000000,norm_normal_functional_failure
deepseek7b,phase291,L27,recursive,pp_chain,rec_pp_cup_table,cross_aattn_bmlp,1.000000,0.319540,0.887869,0.568329,0.950010,1.084450,0.876029,1.961097,1.961097,L27.attn,0.000000,0.000000,0.000000,1.000000,norm_normal_functional_failure
deepseek7b,phase291,L20-L27,recursive,pp_chain,rec_pp_photo_album,cross_battn_amlp,1.000000,0.242704,1.008447,0.765743,0.365319,0.040100,9.110177,2.377483,2.377483,L22.mlp,0.000000,0.000000,0.000000,1.000000,norm_normal_functional_failure
deepseek7b,phase291,L20-L27,recursive,pp_chain,rec_pp_photo_album,cross_aattn_bmlp,1.000000,0.345680,1.008447,0.662767,0.894516,0.040100,22.307090,2.486553,2.486553,L27.attn,0.000000,0.000000,0.000000,1.000000,norm_normal_functional_failure
deepseek7b,phase291,L24-L27,recursive,pp_chain,rec_pp_photo_album,cross_battn_amlp,1.000000,0.227274,0.843447,0.616172,0.366643,0.130024,2.819800,1.692451,1.692451,L24.mlp,0.000000,0.000000,0.000000,1.000000,norm_normal_functional_failure
deepseek7b,phase291,L24-L27,recursive,pp_chain,rec_pp_photo_album,cross_aattn_bmlp,1.000000,0.305594,0.843447,0.537853,0.920213,0.130024,7.077236,2.486553,2.486553,L27.attn,0.000000,0.000000,0.000000,1.000000,norm_normal_functional_failure
deepseek7b,phase291,L26-L27,recursive,pp_chain,rec_pp_photo_album,cross_battn_amlp,1.000000,0.255834,0.878223,0.622388,0.412421,0.204595,2.015786,0.858132,-0.858132,L27.mlp,0.000000,0.000000,0.000000,1.000000,norm_normal_functional_failure
deepseek7b,phase291,L26-L27,recursive,pp_chain,rec_pp_photo_album,cross_aattn_bmlp,1.000000,0.306250,0.878223,0.571972,0.990368,0.204595,4.840615,2.486553,2.486553,L27.attn,0.000000,0.000000,0.000000,1.000000,norm_normal_functional_failure
deepseek7b,phase291,L27,recursive,pp_chain,rec_pp_photo_album,cross_battn_amlp,1.000000,0.261833,0.806781,0.544948,0.408089,0.291118,1.401797,0.858132,-0.858132,L27.mlp,0.000000,0.000000,0.000000,1.000000,norm_normal_functional_failure
deepseek7b,phase291,L27,recursive,pp_chain,rec_pp_photo_album,cross_aattn_bmlp,1.000000,0.283335,0.806781,0.523446,1.021982,0.291118,3.510537,2.486553,2.486553,L27.attn,0.000000,0.000000,0.000000,1.000000,norm_normal_functional_failure
deepseek7b,phase291,L20-L27,recursive,pp_chain,rec_pp_bag_chair,cross_battn_amlp,1.000000,0.197767,0.966475,0.768708,0.417689,0.012293,33.976816,2.631359,2.631359,L23.attn,0.000000,0.000000,0.000000,1.000000,norm_normal_functional_failure
deepseek7b,phase291,L20-L27,recursive,pp_chain,rec_pp_bag_chair,cross_aattn_bmlp,1.000000,0.301768,0.966475,0.664707,0.804290,0.012293,65.424789,3.012153,3.012153,L23.attn,0.000000,0.000000,0.000000,1.000000,norm_normal_functional_failure
deepseek7b,phase291,L24-L27,recursive,pp_chain,rec_pp_bag_chair,cross_battn_amlp,1.000000,0.156803,0.868309,0.711506,0.429642,0.030619,14.031855,2.137517,2.137517,L24.mlp,0.000000,0.000000,0.000000,1.000000,norm_normal_functional_failure
deepseek7b,phase291,L24-L27,recursive,pp_chain,rec_pp_bag_chair,cross_aattn_bmlp,1.000000,0.291272,0.868309,0.577037,0.828643,0.030619,27.063010,2.326394,2.326394,L27.attn,0.000000,0.000000,0.000000,1.000000,norm_normal_functional_failure
deepseek7b,phase291,L26-L27,recursive,pp_chain,rec_pp_bag_chair,cross_battn_amlp,1.000000,0.170306,0.839269,0.668963,0.430994,0.050086,8.604997,0.777033,-0.777033,L27.mlp,0.000000,0.000000,0.000000,1.000000,norm_normal_functional_failure
deepseek7b,phase291,L26-L27,recursive,pp_chain,rec_pp_bag_chair,cross_aattn_bmlp,1.000000,0.278145,0.839269,0.561124,0.840937,0.050086,16.789704,2.326394,2.326394,L27.attn,0.000000,0.000000,0.000000,1.000000,norm_normal_functional_failure
deepseek7b,phase291,L27,recursive,pp_chain,rec_pp_bag_chair,cross_battn_amlp,1.000000,0.142688,0.954620,0.811932,0.444136,0.298182,1.489480,0.777033,-0.777033,L27.mlp,0.000000,0.000000,0.000000,1.000000,norm_normal_functional_failure
deepseek7b,phase291,L27,recursive,pp_chain,rec_pp_bag_chair,cross_aattn_bmlp,1.000000,0.319093,0.954620,0.635527,1.026381,0.298182,3.442133,2.326394,2.326394,L27.attn,0.000000,0.000000,0.000000,1.000000,norm_normal_functional_failure
deepseek7b,phase291,L20-L27,recursive,pp_chain,rec_pp_path_forest,cross_battn_amlp,1.000000,-0.207449,0.951590,1.159039,0.491134,0.059005,8.323628,1.861997,1.861997,L22.attn,0.000000,0.000000,0.000000,1.000000,norm_normal_functional_failure
deepseek7b,phase291,L24-L27,recursive,pp_chain,rec_pp_path_forest,cross_battn_amlp,1.000000,-0.250701,0.820887,1.071588,0.498372,0.139998,3.559840,1.500663,1.500663,L24.attn,0.000000,0.000000,0.000000,1.000000,norm_normal_functional_failure
deepseek7b,phase291,L26-L27,recursive,pp_chain,rec_pp_path_forest,cross_battn_amlp,1.000000,-0.279568,0.794721,1.074289,0.528837,0.275043,1.922744,0.808910,-0.808910,L27.mlp,0.000000,0.000000,0.000000,1.000000,norm_normal_functional_failure
deepseek7b,phase291,L27,recursive,pp_chain,rec_pp_path_forest,cross_battn_amlp,1.000000,-0.319022,0.560812,0.879835,0.542478,0.338851,1.600934,0.808910,-0.808910,L27.mlp,0.000000,0.000000,0.000000,1.000000,norm_normal_functional_failure
deepseek7b,phase291,L20-L27,recursive,pp_chain,rec_pp_note_book,cross_battn_amlp,1.000000,-0.174725,1.026734,1.201459,0.813082,0.068906,11.799932,2.006151,2.006151,L23.mlp,0.000000,0.000000,0.000000,1.000000,norm_normal_functional_failure
deepseek7b,phase291,L24-L27,recursive,pp_chain,rec_pp_note_book,cross_battn_amlp,1.000000,-0.178105,1.062065,1.240170,0.862591,0.082670,10.434176,1.812984,1.812984,L24.mlp,0.000000,0.000000,0.000000,1.000000,norm_normal_functional_failure
deepseek7b,phase291,L26-L27,recursive,pp_chain,rec_pp_note_book,cross_battn_amlp,1.000000,-0.162035,1.070078,1.232113,0.875907,0.177837,4.925348,1.031818,1.031818,L27.attn,0.000000,0.000000,0.000000,1.000000,norm_normal_functional_failure
deepseek7b,phase291,L27,recursive,pp_chain,rec_pp_note_book,cross_battn_amlp,1.000000,-0.199796,1.089637,1.289433,0.895707,0.354767,2.524775,1.031818,1.031818,L27.attn,0.000000,0.000000,0.000000,1.000000,norm_normal_functional_failure
deepseek7b,phase291,L20-L27,recursive,pp_chain,rec_pp_lamp_sofa,cross_battn_amlp,1.000000,-0.137595,1.102069,1.239664,1.115334,0.140083,7.961973,2.363657,2.363657,L23.attn,0.000000,0.000000,0.000000,1.000000,norm_normal_functional_failure
deepseek7b,phase291,L24-L27,recursive,pp_chain,rec_pp_lamp_sofa,cross_battn_amlp,1.000000,-0.093130,1.171067,1.264196,1.047168,0.389792,2.686481,1.866115,1.866115,L24.attn,0.000000,0.000000,0.000000,1.000000,norm_normal_functional_failure
deepseek7b,phase291,L24-L27,recursive,pp_chain,rec_pp_lamp_sofa,cross_aattn_bmlp,1.000000,0.634116,1.171067,0.536951,0.606639,0.389792,1.556315,2.369105,2.369105,L24.mlp,0.000000,0.000000,0.000000,1.000000,norm_normal_functional_failure
deepseek7b,phase291,L26-L27,recursive,pp_chain,rec_pp_lamp_sofa,cross_battn_amlp,1.000000,-0.059050,1.180678,1.239727,0.994250,0.553959,1.794806,1.438472,1.438472,L26.attn,0.000000,0.000000,0.000000,1.000000,norm_normal_functional_failure
deepseek7b,phase291,L26-L27,recursive,pp_chain,rec_pp_lamp_sofa,cross_aattn_bmlp,1.000000,0.623149,1.180678,0.557529,0.645135,0.553959,1.164589,1.761308,1.761308,L26.attn,0.000000,0.000000,0.000000,1.000000,norm_normal_functional_failure
deepseek7b,phase291,L27,recursive,pp_chain,rec_pp_lamp_sofa,cross_battn_amlp,1.000000,-0.080634,1.024723,1.105357,1.001548,0.421683,2.375122,1.142163,-1.142163,L27.attn,0.000000,0.000000,0.000000,1.000000,norm_normal_functional_failure
deepseek7b,phase291,L20-L27,recursive,pp_chain,rec_pp_ring_box,cross_battn_amlp,1.000000,0.002673,0.895606,0.892933,0.285769,0.047362,6.033762,2.084399,2.084399,L23.mlp,0.000000,0.000000,0.000000,1.000000,norm_normal_functional_failure
deepseek7b,phase291,L20-L27,recursive,pp_chain,rec_pp_ring_box,cross_aattn_bmlp,1.000000,0.323841,0.895606,0.571765,0.856285,0.047362,18.079731,3.098238,3.098238,L27.attn,0.000000,0.000000,0.000000,1.000000,norm_normal_functional_failure
deepseek7b,phase291,L24-L27,recursive,pp_chain,rec_pp_ring_box,cross_battn_amlp,1.000000,-0.006716,0.619049,0.625764,0.311644,0.113489,2.746032,1.837597,1.837597,L24.mlp,0.000000,0.000000,0.000000,1.000000,norm_normal_functional_failure
deepseek7b,phase291,L26-L27,recursive,pp_chain,rec_pp_ring_box,cross_battn_amlp,1.000000,0.037539,0.662442,0.624903,0.343412,0.132413,2.593497,1.025975,1.025975,L27.attn,0.000000,0.000000,0.000000,1.000000,norm_normal_functional_failure
deepseek7b,phase291,L27,recursive,pp_chain,rec_pp_ring_box,cross_battn_amlp,1.000000,0.006483,0.917920,0.911437,0.355135,0.237270,1.496758,1.025975,1.025975,L27.attn,0.000000,0.000000,0.000000,1.000000,norm_normal_functional_failure
deepseek7b,phase291,L27,recursive,pp_chain,rec_pp_ring_box,cross_aattn_bmlp,1.000000,0.334718,0.917920,0.583203,1.025036,0.237270,4.320134,3.098238,3.098238,L27.attn,0.000000,0.000000,0.000000,1.000000,norm_normal_functional_failure
deepseek7b,phase291,L20-L27,recursive,relative_clause,rec_rel_man_dog,cross_battn_amlp,1.000000,0.320653,0.844819,0.524165,0.666307,0.035892,18.564342,0.867118,-0.867118,L27.attn,0.000000,0.000000,0.000000,1.000000,norm_normal_functional_failure
deepseek7b,phase291,L20-L27,recursive,relative_clause,rec_rel_man_dog,cross_aattn_bmlp,1.000000,0.322038,0.844819,0.522780,0.474239,0.035892,13.213024,0.929255,0.929255,L20.mlp,0.000000,0.000000,0.000000,1.000000,norm_normal_functional_failure
deepseek7b,phase291,L20-L27,recursive,relative_clause,rec_rel_book_shelf,cross_battn_amlp,1.000000,-0.341774,1.099327,1.441101,0.771369,0.006444,119.703725,1.849712,1.849712,L20.mlp,0.000000,0.000000,0.000000,1.000000,norm_normal_functional_failure
deepseek7b,phase291,L24-L27,recursive,relative_clause,rec_rel_book_shelf,cross_battn_amlp,1.000000,-0.365462,1.111145,1.476607,0.751964,0.037129,20.252862,0.867093,-0.867093,L27.attn,0.000000,0.000000,0.000000,1.000000,norm_normal_functional_failure
deepseek7b,phase291,L26-L27,recursive,relative_clause,rec_rel_book_shelf,cross_battn_amlp,1.000000,-0.367106,1.161223,1.528329,0.800403,0.421939,1.896961,0.867093,-0.867093,L27.attn,0.000000,0.000000,0.000000,1.000000,norm_normal_functional_failure
deepseek7b,phase291,L27,recursive,relative_clause,rec_rel_book_shelf,cross_battn_amlp,1.000000,-0.428941,0.871351,1.300292,0.838627,0.667454,1.256456,0.867093,-0.867093,L27.attn,0.000000,0.000000,0.000000,1.000000,norm_normal_functional_failure
deepseek7b,phase291,L20-L27,recursive,relative_clause,rec_rel_student_question,cross_battn_amlp,1.000000,-0.148509,0.973764,1.122273,1.473643,0.026903,54.776693,1.543309,1.543309,L20.mlp,0.000000,0.000000,0.000000,1.000000,norm_normal_functional_failure
deepseek7b,phase291,L24-L27,recursive,relative_clause,rec_rel_student_question,cross_battn_amlp,1.000000,-0.133751,0.998928,1.132680,1.482407,0.112642,13.160278,0.953203,-0.953203,L24.mlp,0.000000,0.000000,0.000000,1.000000,norm_normal_functional_failure
deepseek7b,phase291,L26-L27,recursive,relative_clause,rec_rel_student_question,cross_battn_amlp,1.000000,-0.170961,1.002645,1.173606,1.604957,0.288326,5.566467,0.659224,-0.659224,L27.mlp,0.000000,0.000000,0.000000,1.000000,norm_normal_functional_failure
deepseek7b,phase291,L27,recursive,relative_clause,rec_rel_student_question,cross_battn_amlp,1.000000,-0.193802,0.931464,1.125266,1.653185,0.247304,6.684819,0.659224,-0.659224,L27.mlp,0.000000,0.000000,0.000000,1.000000,norm_normal_functional_failure
deepseek7b,phase291,L20-L23,recursive,relative_clause,rec_rel_woman_car,mlp,0.250000,0.038282,0.199935,0.161653,0.959950,0.766252,1.252786,0.896266,-0.896266,L20.mlp,1.000000,0.000000,1.000000,0.000000,off_manifold_no_drop
deepseek7b,phase291,L20-L23,recursive,relative_clause,rec_rel_woman_car,both,0.250000,0.053751,0.199935,0.146184,0.942031,0.766252,1.229401,0.896266,-0.896266,L20.mlp,1.000000,0.000000,1.000000,0.000000,off_manifold_no_drop
deepseek7b,phase291,L20-L27,recursive,relative_clause,rec_rel_woman_car,mlp,0.250000,0.242998,0.690701,0.447703,0.685738,0.032964,20.802683,0.896266,-0.896266,L20.mlp,1.000000,0.000000,1.000000,0.000000,off_manifold_no_drop
deepseek7b,phase291,L20-L27,recursive,relative_clause,rec_rel_woman_car,both,0.250000,0.140248,0.690701,0.550453,0.770269,0.032964,23.367037,0.917499,-0.917499,L26.attn,1.000000,0.000000,1.000000,0.000000,off_manifold_no_drop
deepseek7b,phase291,L20-L27,recursive,relative_clause,rec_rel_song_radio,cross_battn_amlp,1.000000,-0.203923,0.884960,1.088883,0.799244,0.017391,45.956709,0.802457,0.802457,L22.mlp,0.000000,0.000000,0.000000,1.000000,norm_normal_functional_failure
deepseek7b,phase291,L24-L27,recursive,relative_clause,rec_rel_song_radio,cross_battn_amlp,1.000000,-0.196234,0.824009,1.020243,0.799419,0.149262,5.355810,0.487798,-0.487798,L27.mlp,0.000000,0.000000,0.000000,1.000000,norm_normal_functional_failure
deepseek7b,phase291,L26-L27,recursive,relative_clause,rec_rel_song_radio,cross_battn_amlp,1.000000,-0.198561,0.844254,1.042815,0.813603,0.495763,1.641113,0.487798,-0.487798,L27.mlp,0.000000,0.000000,0.000000,1.000000,norm_normal_functional_failure
deepseek7b,phase291,L27,recursive,relative_clause,rec_rel_song_radio,cross_battn_amlp,1.000000,-0.209534,0.819724,1.029258,0.813342,0.683472,1.190015,0.487798,-0.487798,L27.mlp,0.000000,0.000000,0.000000,1.000000,norm_normal_functional_failure
deepseek7b,phase291,L20-L27,recursive,relative_clause,rec_rel_box_table,cross_battn_amlp,1.000000,0.108032,0.871337,0.763304,0.537534,0.051323,10.473552,1.554989,1.554989,L23.mlp,0.000000,0.000000,0.000000,1.000000,norm_normal_functional_failure
deepseek7b,phase291,L24-L27,recursive,relative_clause,rec_rel_box_table,cross_battn_amlp,1.000000,0.087915,0.637370,0.549455,0.555516,0.222956,2.491593,0.911295,0.911295,L24.mlp,0.000000,0.000000,0.000000,1.000000,norm_normal_functional_failure
deepseek7b,phase291,L20-L27,recursive,relative_clause,rec_rel_teacher_lesson,cross_battn_amlp,1.000000,0.014624,0.840840,0.826216,0.534917,0.022779,23.482412,2.275232,2.275232,L20.mlp,0.000000,0.000000,0.000000,1.000000,norm_normal_functional_failure
deepseek7b,phase291,L24-L27,recursive,relative_clause,rec_rel_teacher_lesson,cross_battn_amlp,1.000000,-0.014191,0.667465,0.681656,0.535743,0.105847,5.061512,0.795420,-0.795420,L27.mlp,0.000000,0.000000,0.000000,1.000000,norm_normal_functional_failure
deepseek7b,phase291,L26-L27,recursive,relative_clause,rec_rel_teacher_lesson,cross_battn_amlp,1.000000,-0.058420,0.584939,0.643359,0.535126,0.203178,2.633781,0.795420,-0.795420,L27.mlp,0.000000,0.000000,0.000000,1.000000,norm_normal_functional_failure
deepseek7b,phase291,L27,recursive,relative_clause,rec_rel_teacher_lesson,cross_battn_amlp,1.000000,-0.092122,0.593388,0.685511,0.509586,0.359208,1.418637,0.795420,-0.795420,L27.mlp,0.000000,0.000000,0.000000,1.000000,norm_normal_functional_failure
