`torch_dtype` is deprecated! Use `dtype` instead!
Loading weights:   0%|          | 0/339 [00:00<?, ?it/s]Loading weights:   1%|          | 2/339 [00:00<00:27, 12.28it/s]Loading weights:   9%|▊         | 29/339 [00:00<00:02, 129.40it/s]Loading weights:  18%|█▊        | 62/339 [00:00<00:01, 187.01it/s]Loading weights:  30%|██▉       | 101/339 [00:00<00:00, 239.94it/s]Loading weights:  40%|████      | 137/339 [00:00<00:00, 269.04it/s]Loading weights:  50%|█████     | 171/339 [00:00<00:00, 274.40it/s]Loading weights:  59%|█████▉    | 200/339 [00:00<00:00, 275.78it/s]Loading weights:  68%|██████▊   | 231/339 [00:00<00:00, 261.28it/s]Loading weights:  79%|███████▉  | 268/339 [00:01<00:00, 279.90it/s]Loading weights:  88%|████████▊ | 297/339 [00:01<00:00, 258.21it/s]Loading weights:  99%|█████████▉| 336/339 [00:01<00:00, 291.31it/s]Loading weights: 100%|██████████| 339/339 [00:01<00:00, 254.26it/s]
[14:32:55] Loaded deepseek7b: class=Qwen2ForCausalLM, GPU=15.23GB, attn=eager
[14:33:39] deepseek7b: patched 12/72 paired cases
[14:34:24] deepseek7b: patched 24/72 paired cases
[14:35:08] deepseek7b: patched 36/72 paired cases
[14:35:53] deepseek7b: patched 48/72 paired cases
[14:36:38] deepseek7b: patched 60/72 paired cases
[14:37:22] deepseek7b: patched 72/72 paired cases
[model_utils] GPU memory released, allocated=15.29 GB
{
  "model": "deepseek7b",
  "n_paired_cases": 72,
  "n_rows": 6912,
  "phase": 691,
  "scan_layers": [
    13,
    14,
    15,
    16,
    17,
    18
  ],
  "summary": {
    "best_degradation_conditions": [
      {
        "condition": "degradation|remove_carry_est_layerout|L15",
        "mean_delta_attn_norm": 21.35960364341736,
        "mean_delta_carry_est_norm": 65.16392114427354,
        "mean_delta_layer_norm": 72.5088112089369,
        "mean_delta_mlp_norm": 40.24841891394721,
        "mean_patched_rank": 20.180555555555557,
        "mean_pmv_effect": 4.032552083333333,
        "mean_rank_effect": 19.180555555555557,
        "mean_short_rank": 167.69444444444446,
        "mean_target_delta": 7.284605006376903,
        "mean_target_delta_fraction": 0.7968746768540425,
        "mean_target_effect": 3.6453691257370844,
        "mean_terse_rank": 1.0,
        "n": 72,
        "patched_best_other_route": {
          "prose": 72
        },
        "patched_top1_rate": 0.1111111111111111,
        "success_change_rate": 0.8888888888888888
      },
      {
        "condition": "degradation|remove_carry_est_layerout|L17",
        "mean_delta_attn_norm": 19.647792683707344,
        "mean_delta_carry_est_norm": 83.83937062157526,
        "mean_delta_layer_norm": 92.96839555104573,
        "mean_delta_mlp_norm": 49.1720478799608,
        "mean_patched_rank": 86.23611111111111,
        "mean_pmv_effect": 4.904513888888889,
        "mean_rank_effect": 85.23611111111111,
        "mean_short_rank": 167.69444444444446,
        "mean_target_delta": 7.284605006376903,
        "mean_target_delta_fraction": 1.0367408270041796,
        "mean_target_effect": 6.875488935245408,
        "mean_terse_rank": 1.0,
        "n": 72,
        "patched_best_other_route": {
          "continuation": 4,
          "prose": 68
        },
        "patched_top1_rate": 0.125,
        "success_change_rate": 0.875
      },
      {
        "condition": "degradation|full_layer_replace_short|L13",
        "mean_delta_attn_norm": 36.0385914378696,
        "mean_delta_carry_est_norm": 47.001800537109375,
        "mean_delta_layer_norm": 59.6371963818868,
        "mean_delta_mlp_norm": 37.72106430265639,
        "mean_patched_rank": 25.180555555555557,
        "mean_pmv_effect": 3.9578993055555554,
        "mean_rank_effect": 24.180555555555557,
        "mean_short_rank": 167.69444444444446,
        "mean_target_delta": 7.284605006376903,
        "mean_target_delta_fraction": 0.5738084204955166,
        "mean_target_effect": 6.19775893787543,
        "mean_terse_rank": 1.0,
        "n": 72,
        "patched_best_other_route": {
          "prose": 72
        },
        "patched_top1_rate": 0.125,
        "success_change_rate": 0.875
      },
      {
        "condition": "degradation|remove_carry_est_layerout|L16",
        "mean_delta_attn_norm": 25.844602637820774,
        "mean_delta_carry_est_norm": 72.51135635375977,
        "mean_delta_layer_norm": 83.83914608425565,
        "mean_delta_mlp_norm": 44.58678754170736,
        "mean_patched_rank": 19.666666666666668,
        "mean_pmv_effect": 4.240451388888889,
        "mean_rank_effect": 18.666666666666668,
        "mean_short_rank": 167.69444444444446,
        "mean_target_delta": 7.284605006376903,
        "mean_target_delta_fraction": 0.9305428362732064,
        "mean_target_effect": 11.059076459871399,
        "mean_terse_rank": 1.0,
        "n": 72,
        "patched_best_other_route": {
          "prose": 72
        },
        "patched_top1_rate": 0.1388888888888889,
        "success_change_rate": 0.8611111111111112
      },
      {
        "condition": "degradation|full_layer_replace_short|L14",
        "mean_delta_attn_norm": 22.958033323287964,
        "mean_delta_carry_est_norm": 59.64136118359036,
        "mean_delta_layer_norm": 65.16753186119928,
        "mean_delta_mlp_norm": 35.61150521702237,
        "mean_patched_rank": 16.569444444444443,
        "mean_pmv_effect": 3.73828125,
        "mean_rank_effect": 15.569444444444445,
        "mean_short_rank": 167.69444444444446,
        "mean_target_delta": 7.284605006376903,
        "mean_target_delta_fraction": 0.6123366599766211,
        "mean_target_effect": 5.349612596962187,
        "mean_terse_rank": 1.0,
        "n": 72,
        "patched_best_other_route": {
          "prose": 72
        },
        "patched_top1_rate": 0.1527777777777778,
        "success_change_rate": 0.8472222222222222
      },
      {
        "condition": "degradation|full_layer_replace_short|L18",
        "mean_delta_attn_norm": 33.51250619358487,
        "mean_delta_carry_est_norm": 92.96934911939833,
        "mean_delta_layer_norm": 101.96380339728461,
        "mean_delta_mlp_norm": 52.334949334462486,
        "mean_patched_rank": 34.138888888888886,
        "mean_pmv_effect": 4.037326388888889,
        "mean_rank_effect": 33.138888888888886,
        "mean_short_rank": 167.69444444444446,
        "mean_target_delta": 7.284605006376903,
        "mean_target_delta_fraction": 0.870584959478432,
        "mean_target_effect": 6.536034767826398,
        "mean_terse_rank": 1.0,
        "n": 72,
        "patched_best_other_route": {
          "prose": 72
        },
        "patched_top1_rate": 0.16666666666666666,
        "success_change_rate": 0.8333333333333334
      },
      {
        "condition": "degradation|full_layer_replace_short|L15",
        "mean_delta_attn_norm": 21.35960364341736,
        "mean_delta_carry_est_norm": 65.16392114427354,
        "mean_delta_layer_norm": 72.5088112089369,
        "mean_delta_mlp_norm": 40.24841891394721,
        "mean_patched_rank": 22.944444444444443,
        "mean_pmv_effect": 3.861545138888889,
        "mean_rank_effect": 21.944444444444443,
        "mean_short_rank": 167.69444444444446,
        "mean_target_delta": 7.284605006376903,
        "mean_target_delta_fraction": 0.8678584129259908,
        "mean_target_effect": 7.643998657663663,
        "mean_terse_rank": 1.0,
        "n": 72,
        "patched_best_other_route": {
          "prose": 72
        },
        "patched_top1_rate": 0.20833333333333334,
        "success_change_rate": 0.7916666666666666
      },
      {
        "condition": "degradation|full_layer_replace_short|L16",
        "mean_delta_attn_norm": 25.844602637820774,
        "mean_delta_carry_est_norm": 72.51135635375977,
        "mean_delta_layer_norm": 83.83914608425565,
        "mean_delta_mlp_norm": 44.58678754170736,
        "mean_patched_rank": 18.52777777777778,
        "mean_pmv_effect": 3.37890625,
        "mean_rank_effect": 17.52777777777778,
        "mean_short_rank": 167.69444444444446,
        "mean_target_delta": 7.284605006376903,
        "mean_target_delta_fraction": 0.9996117877629686,
        "mean_target_effect": 6.950077710880174,
        "mean_terse_rank": 1.0,
        "n": 72,
        "patched_best_other_route": {
          "prose": 72
        },
        "patched_top1_rate": 0.25,
        "success_change_rate": 0.75
      },
      {
        "condition": "degradation|remove_carry_est_layerout|L14",
        "mean_delta_attn_norm": 22.958033323287964,
        "mean_delta_carry_est_norm": 59.64136118359036,
        "mean_delta_layer_norm": 65.16753186119928,
        "mean_delta_mlp_norm": 35.61150521702237,
        "mean_patched_rank": 12.98611111111111,
        "mean_pmv_effect": 3.3559027777777777,
        "mean_rank_effect": 11.98611111111111,
        "mean_short_rank": 167.69444444444446,
        "mean_target_delta": 7.284605006376903,
        "mean_target_delta_fraction": 0.41496465077140804,
        "mean_target_effect": 3.743281920750936,
        "mean_terse_rank": 1.0,
        "n": 72,
        "patched_best_other_route": {
          "prose": 72
        },
        "patched_top1_rate": 0.2777777777777778,
        "success_change_rate": 0.7222222222222222
      },
      {
        "condition": "degradation|full_layer_replace_short|L17",
        "mean_delta_attn_norm": 19.647792683707344,
        "mean_delta_carry_est_norm": 83.83937062157526,
        "mean_delta_layer_norm": 92.96839555104573,
        "mean_delta_mlp_norm": 49.1720478799608,
        "mean_patched_rank": 13.98611111111111,
        "mean_pmv_effect": 2.9565972222222223,
        "mean_rank_effect": 12.98611111111111,
        "mean_short_rank": 167.69444444444446,
        "mean_target_delta": 7.284605006376903,
        "mean_target_delta_fraction": 0.8238792325080202,
        "mean_target_effect": 5.205956568320592,
        "mean_terse_rank": 1.0,
        "n": 72,
        "patched_best_other_route": {
          "prose": 72
        },
        "patched_top1_rate": 0.3194444444444444,
        "success_change_rate": 0.6805555555555556
      },
      {
        "condition": "degradation|attn_mlp_replace_short|L18",
        "mean_delta_attn_norm": 33.51250619358487,
        "mean_delta_carry_est_norm": 92.96934911939833,
        "mean_delta_layer_norm": 101.96380339728461,
        "mean_delta_mlp_norm": 52.334949334462486,
        "mean_patched_rank": 13.805555555555555,
        "mean_pmv_effect": 2.646701388888889,
        "mean_rank_effect": 12.805555555555555,
        "mean_short_rank": 167.69444444444446,
        "mean_target_delta": 7.284605006376903,
        "mean_target_delta_fraction": 0.3008728695945502,
        "mean_target_effect": 6.507000436385472,
        "mean_terse_rank": 1.0,
        "n": 72,
        "patched_best_other_route": {
          "prose": 72
        },
        "patched_top1_rate": 0.3611111111111111,
        "success_change_rate": 0.6388888888888888
      },
      {
        "condition": "degradation|remove_carry_est_layerout|L18",
        "mean_delta_attn_norm": 33.51250619358487,
        "mean_delta_carry_est_norm": 92.96934911939833,
        "mean_delta_layer_norm": 101.96380339728461,
        "mean_delta_mlp_norm": 52.334949334462486,
        "mean_patched_rank": 4.152777777777778,
        "mean_pmv_effect": 2.126736111111111,
        "mean_rank_effect": 3.1527777777777777,
        "mean_short_rank": 167.69444444444446,
        "mean_target_delta": 7.284605006376903,
        "mean_target_delta_fraction": 0.8718403006896108,
        "mean_target_effect": 2.873620713750521,
        "mean_terse_rank": 1.0,
        "n": 72,
        "patched_best_other_route": {
          "prose": 72
        },
        "patched_top1_rate": 0.4027777777777778,
        "success_change_rate": 0.5972222222222222
      },
      {
        "condition": "degradation|attn_mlp_replace_short|L13",
        "mean_delta_attn_norm": 36.0385914378696,
        "mean_delta_carry_est_norm": 47.001800537109375,
        "mean_delta_layer_norm": 59.6371963818868,
        "mean_delta_mlp_norm": 37.72106430265639,
        "mean_patched_rank": 4.263888888888889,
        "mean_pmv_effect": 2.2100694444444446,
        "mean_rank_effect": 3.263888888888889,
        "mean_short_rank": 167.69444444444446,
        "mean_target_delta": 7.284605006376903,
        "mean_target_delta_fraction": 0.5239305944525171,
        "mean_target_effect": 5.590709100166957,
        "mean_terse_rank": 1.0,
        "n": 72,
        "patched_best_other_route": {
          "prose": 72
        },
        "patched_top1_rate": 0.4305555555555556,
        "success_change_rate": 0.5694444444444444
      },
      {
        "condition": "degradation|attn_replace_short|L13",
        "mean_delta_attn_norm": 36.0385914378696,
        "mean_delta_carry_est_norm": 47.001800537109375,
        "mean_delta_layer_norm": 59.6371963818868,
        "mean_delta_mlp_norm": 37.72106430265639,
        "mean_patched_rank": 2.7777777777777777,
        "mean_pmv_effect": 1.5564236111111112,
        "mean_rank_effect": 1.7777777777777777,
        "mean_short_rank": 167.69444444444446,
        "mean_target_delta": 7.284605006376903,
        "mean_target_delta_fraction": 0.31491503857587166,
        "mean_target_effect": 4.995823248393005,
        "mean_terse_rank": 1.0,
        "n": 72,
        "patched_best_other_route": {
          "prose": 72
        },
        "patched_top1_rate": 0.5416666666666666,
        "success_change_rate": 0.4583333333333333
      },
      {
        "condition": "degradation|remove_attn_est_layerout|L13",
        "mean_delta_attn_norm": 36.0385914378696,
        "mean_delta_carry_est_norm": 47.001800537109375,
        "mean_delta_layer_norm": 59.6371963818868,
        "mean_delta_mlp_norm": 37.72106430265639,
        "mean_patched_rank": 2.986111111111111,
        "mean_pmv_effect": 1.9071180555555556,
        "mean_rank_effect": 1.9861111111111112,
        "mean_short_rank": 167.69444444444446,
        "mean_target_delta": 7.284605006376903,
        "mean_target_delta_fraction": 0.1289180794915261,
        "mean_target_effect": 3.2563615640004477,
        "mean_terse_rank": 1.0,
        "n": 72,
        "patched_best_other_route": {
          "prose": 72
        },
        "patched_top1_rate": 0.5416666666666666,
        "success_change_rate": 0.4583333333333333
      },
      {
        "condition": "degradation|random_layer_same_norm|L16",
        "mean_delta_attn_norm": 25.844602637820774,
        "mean_delta_carry_est_norm": 72.51135635375977,
        "mean_delta_layer_norm": 83.83914608425565,
        "mean_delta_mlp_norm": 44.58678754170736,
        "mean_patched_rank": 29.958333333333332,
        "mean_pmv_effect": 1.4869791666666667,
        "mean_rank_effect": 28.958333333333332,
        "mean_short_rank": 167.69444444444446,
        "mean_target_delta": 7.284605006376903,
        "mean_target_delta_fraction": 0.4726125643290459,
        "mean_target_effect": 4.446263566613197,
        "mean_terse_rank": 1.0,
        "n": 72,
        "patched_best_other_route": {
          "prose": 72
        },
        "patched_top1_rate": 0.5972222222222222,
        "success_change_rate": 0.4027777777777778
      },
      {
        "condition": "degradation|mlp_replace_short|L13",
        "mean_delta_attn_norm": 36.0385914378696,
        "mean_delta_carry_est_norm": 47.001800537109375,
        "mean_delta_layer_norm": 59.6371963818868,
        "mean_delta_mlp_norm": 37.72106430265639,
        "mean_patched_rank": 2.236111111111111,
        "mean_pmv_effect": 1.0442708333333333,
        "mean_rank_effect": 1.2361111111111112,
        "mean_short_rank": 167.69444444444446,
        "mean_target_delta": 7.284605006376903,
        "mean_target_delta_fraction": 0.2313001567360709,
        "mean_target_effect": 3.6422116640541287,
        "mean_terse_rank": 1.0,
        "n": 72,
        "patched_best_other_route": {
          "prose": 72
        },
        "patched_top1_rate": 0.6388888888888888,
        "success_change_rate": 0.3611111111111111
      },
      {
        "condition": "degradation|remove_mlp_est_layerout|L13",
        "mean_delta_attn_norm": 36.0385914378696,
        "mean_delta_carry_est_norm": 47.001800537109375,
        "mean_delta_layer_norm": 59.6371963818868,
        "mean_delta_mlp_norm": 37.72106430265639,
        "mean_patched_rank": 2.125,
        "mean_pmv_effect": 1.015625,
        "mean_rank_effect": 1.125,
        "mean_short_rank": 167.69444444444446,
        "mean_target_delta": 7.284605006376903,
        "mean_target_delta_fraction": 0.21290346495523033,
        "mean_target_effect": 3.640684569875399,
        "mean_terse_rank": 1.0,
        "n": 72,
        "patched_best_other_route": {
          "prose": 72
        },
        "patched_top1_rate": 0.6388888888888888,
        "success_change_rate": 0.3611111111111111
      },
      {
        "condition": "degradation|random_layer_same_norm|L17",
        "mean_delta_attn_norm": 19.647792683707344,
        "mean_delta_carry_est_norm": 83.83937062157526,
        "mean_delta_layer_norm": 92.96839555104573,
        "mean_delta_mlp_norm": 49.1720478799608,
        "mean_patched_rank": 6.138888888888889,
        "mean_pmv_effect": 1.3776041666666667,
        "mean_rank_effect": 5.138888888888889,
        "mean_short_rank": 167.69444444444446,
        "mean_target_delta": 7.284605006376903,
        "mean_target_delta_fraction": 0.4644166353069066,
        "mean_target_effect": 2.7887936300701566,
        "mean_terse_rank": 1.0,
        "n": 72,
        "patched_best_other_route": {
          "prose": 72
        },
        "patched_top1_rate": 0.6388888888888888,
        "success_change_rate": 0.3611111111111111
      },
      {
        "condition": "degradation|random_layer_same_norm|L13",
        "mean_delta_attn_norm": 36.0385914378696,
        "mean_delta_carry_est_norm": 47.001800537109375,
        "mean_delta_layer_norm": 59.6371963818868,
        "mean_delta_mlp_norm": 37.72106430265639,
        "mean_patched_rank": 3.361111111111111,
        "mean_pmv_effect": 0.7925347222222222,
        "mean_rank_effect": 2.361111111111111,
        "mean_short_rank": 167.69444444444446,
        "mean_target_delta": 7.284605006376903,
        "mean_target_delta_fraction": -0.5530886700586055,
        "mean_target_effect": 1.1065836548805237,
        "mean_terse_rank": 1.0,
        "n": 72,
        "patched_best_other_route": {
          "prose": 72
        },
        "patched_top1_rate": 0.6388888888888888,
        "success_change_rate": 0.3611111111111111
      },
      {
        "condition": "degradation|remove_mlp_est_layerout|L18",
        "mean_delta_attn_norm": 33.51250619358487,
        "mean_delta_carry_est_norm": 92.96934911939833,
        "mean_delta_layer_norm": 101.96380339728461,
        "mean_delta_mlp_norm": 52.334949334462486,
        "mean_patched_rank": 2.138888888888889,
        "mean_pmv_effect": 0.9496527777777778,
        "mean_rank_effect": 1.1388888888888888,
        "mean_short_rank": 167.69444444444446,
        "mean_target_delta": 7.284605006376903,
        "mean_target_delta_fraction": 0.15293744699546388,
        "mean_target_effect": 4.326480754547649,
        "mean_terse_rank": 1.0,
        "n": 72,
        "patched_best_other_route": {
          "prose": 72
        },
        "patched_top1_rate": 0.6527777777777778,
        "success_change_rate": 0.3472222222222222
      },
      {
        "condition": "degradation|mlp_replace_short|L18",
        "mean_delta_attn_norm": 33.51250619358487,
        "mean_delta_carry_est_norm": 92.96934911939833,
        "mean_delta_layer_norm": 101.96380339728461,
        "mean_delta_mlp_norm": 52.334949334462486,
        "mean_patched_rank": 2.1944444444444446,
        "mean_pmv_effect": 0.9340277777777778,
        "mean_rank_effect": 1.1944444444444444,
        "mean_short_rank": 167.69444444444446,
        "mean_target_delta": 7.284605006376903,
        "mean_target_delta_fraction": 0.13903203882724136,
        "mean_target_effect": 4.294704437255859,
        "mean_terse_rank": 1.0,
        "n": 72,
        "patched_best_other_route": {
          "prose": 72
        },
        "patched_top1_rate": 0.6527777777777778,
        "success_change_rate": 0.3472222222222222
      },
      {
        "condition": "degradation|random_layer_same_norm|L18",
        "mean_delta_attn_norm": 33.51250619358487,
        "mean_delta_carry_est_norm": 92.96934911939833,
        "mean_delta_layer_norm": 101.96380339728461,
        "mean_delta_mlp_norm": 52.334949334462486,
        "mean_patched_rank": 11.805555555555555,
        "mean_pmv_effect": 1.2369791666666667,
        "mean_rank_effect": 10.805555555555555,
        "mean_short_rank": 167.69444444444446,
        "mean_target_delta": 7.284605006376903,
        "mean_target_delta_fraction": 0.6640823733072813,
        "mean_target_effect": 2.7924198077784643,
        "mean_terse_rank": 1.0,
        "n": 72,
        "patched_best_other_route": {
          "prose": 72
        },
        "patched_top1_rate": 0.6666666666666666,
        "success_change_rate": 0.3333333333333333
      },
      {
        "condition": "degradation|remove_attn_est_layerout|L18",
        "mean_delta_attn_norm": 33.51250619358487,
        "mean_delta_carry_est_norm": 92.96934911939833,
        "mean_delta_layer_norm": 101.96380339728461,
        "mean_delta_mlp_norm": 52.334949334462486,
        "mean_patched_rank": 1.7916666666666667,
        "mean_pmv_effect": 0.6840277777777778,
        "mean_rank_effect": 0.7916666666666666,
        "mean_short_rank": 167.69444444444446,
        "mean_target_delta": 7.284605006376903,
        "mean_target_delta_fraction": 0.06132543114248579,
        "mean_target_effect": 0.925809943013721,
        "mean_terse_rank": 1.0,
        "n": 72,
        "patched_best_other_route": {
          "prose": 72
        },
        "patched_top1_rate": 0.6666666666666666,
        "success_change_rate": 0.3333333333333333
      }
    ],
    "best_restore_conditions": [
      {
        "condition": "restore|full_layer_delta|L18",
        "mean_delta_attn_norm": 33.51250619358487,
        "mean_delta_carry_est_norm": 92.96934911939833,
        "mean_delta_layer_norm": 101.96380339728461,
        "mean_delta_mlp_norm": 52.334949334462486,
        "mean_patched_rank": 1.5972222222222223,
        "mean_pmv_effect": 5.626736111111111,
        "mean_rank_effect": 166.09722222222223,
        "mean_short_rank": 167.69444444444446,
        "mean_target_delta": 7.284605006376903,
        "mean_target_delta_fraction": 0.8644649138358357,
        "mean_target_effect": 6.682131429513295,
        "mean_terse_rank": 1.0,
        "n": 72,
        "patched_best_other_route": {
          "prose": 72
        },
        "patched_top1_rate": 0.7916666666666666,
        "success_change_rate": 0.7916666666666666
      },
      {
        "condition": "restore|layer_minus_mlp_delta|L16",
        "mean_delta_attn_norm": 25.844602637820774,
        "mean_delta_carry_est_norm": 72.51135635375977,
        "mean_delta_layer_norm": 83.83914608425565,
        "mean_delta_mlp_norm": 44.58678754170736,
        "mean_patched_rank": 2.986111111111111,
        "mean_pmv_effect": 5.9609375,
        "mean_rank_effect": 164.70833333333334,
        "mean_short_rank": 167.69444444444446,
        "mean_target_delta": 7.284605006376903,
        "mean_target_delta_fraction": 1.029242619398218,
        "mean_target_effect": 10.314631475342644,
        "mean_terse_rank": 1.0,
        "n": 72,
        "patched_best_other_route": {
          "continuation": 12,
          "prose": 60
        },
        "patched_top1_rate": 0.7777777777777778,
        "success_change_rate": 0.7777777777777778
      },
      {
        "condition": "restore|layer_minus_mlp_delta|L15",
        "mean_delta_attn_norm": 21.35960364341736,
        "mean_delta_carry_est_norm": 65.16392114427354,
        "mean_delta_layer_norm": 72.5088112089369,
        "mean_delta_mlp_norm": 40.24841891394721,
        "mean_patched_rank": 2.7916666666666665,
        "mean_pmv_effect": 5.974826388888889,
        "mean_rank_effect": 164.90277777777777,
        "mean_short_rank": 167.69444444444446,
        "mean_target_delta": 7.284605006376903,
        "mean_target_delta_fraction": 1.0359441173713786,
        "mean_target_effect": 8.332518574264315,
        "mean_terse_rank": 1.0,
        "n": 72,
        "patched_best_other_route": {
          "continuation": 4,
          "prose": 68
        },
        "patched_top1_rate": 0.75,
        "success_change_rate": 0.75
      },
      {
        "condition": "restore|layer_minus_attn_delta|L17",
        "mean_delta_attn_norm": 19.647792683707344,
        "mean_delta_carry_est_norm": 83.83937062157526,
        "mean_delta_layer_norm": 92.96839555104573,
        "mean_delta_mlp_norm": 49.1720478799608,
        "mean_patched_rank": 2.875,
        "mean_pmv_effect": 5.1875,
        "mean_rank_effect": 164.81944444444446,
        "mean_short_rank": 167.69444444444446,
        "mean_target_delta": 7.284605006376903,
        "mean_target_delta_fraction": 0.5713574330864631,
        "mean_target_effect": 5.443186362584432,
        "mean_terse_rank": 1.0,
        "n": 72,
        "patched_best_other_route": {
          "prose": 72
        },
        "patched_top1_rate": 0.7222222222222222,
        "success_change_rate": 0.7222222222222222
      },
      {
        "condition": "restore|carry_est_layerout|L15",
        "mean_delta_attn_norm": 21.35960364341736,
        "mean_delta_carry_est_norm": 65.16392114427354,
        "mean_delta_layer_norm": 72.5088112089369,
        "mean_delta_mlp_norm": 40.24841891394721,
        "mean_patched_rank": 3.2083333333333335,
        "mean_pmv_effect": 5.933159722222222,
        "mean_rank_effect": 164.48611111111111,
        "mean_short_rank": 167.69444444444446,
        "mean_target_delta": 7.284605006376903,
        "mean_target_delta_fraction": 0.9755239948256101,
        "mean_target_effect": 7.619488726059596,
        "mean_terse_rank": 1.0,
        "n": 72,
        "patched_best_other_route": {
          "continuation": 11,
          "prose": 61
        },
        "patched_top1_rate": 0.7083333333333334,
        "success_change_rate": 0.7083333333333334
      },
      {
        "condition": "restore|carry_est_layerout|L17",
        "mean_delta_attn_norm": 19.647792683707344,
        "mean_delta_carry_est_norm": 83.83937062157526,
        "mean_delta_layer_norm": 92.96839555104573,
        "mean_delta_mlp_norm": 49.1720478799608,
        "mean_patched_rank": 3.4305555555555554,
        "mean_pmv_effect": 5.115017361111111,
        "mean_rank_effect": 164.26388888888889,
        "mean_short_rank": 167.69444444444446,
        "mean_target_delta": 7.284605006376903,
        "mean_target_delta_fraction": 0.7312000246069045,
        "mean_target_effect": 5.4374073048432665,
        "mean_terse_rank": 1.0,
        "n": 72,
        "patched_best_other_route": {
          "prose": 72
        },
        "patched_top1_rate": 0.6388888888888888,
        "success_change_rate": 0.6388888888888888
      },
      {
        "condition": "restore|layer_minus_mlp_delta|L17",
        "mean_delta_attn_norm": 19.647792683707344,
        "mean_delta_carry_est_norm": 83.83937062157526,
        "mean_delta_layer_norm": 92.96839555104573,
        "mean_delta_mlp_norm": 49.1720478799608,
        "mean_patched_rank": 3.5694444444444446,
        "mean_pmv_effect": 4.835069444444445,
        "mean_rank_effect": 164.125,
        "mean_short_rank": 167.69444444444446,
        "mean_target_delta": 7.284605006376903,
        "mean_target_delta_fraction": 0.7492106096323129,
        "mean_target_effect": 5.6855059630341,
        "mean_terse_rank": 1.0,
        "n": 72,
        "patched_best_other_route": {
          "prose": 72
        },
        "patched_top1_rate": 0.6111111111111112,
        "success_change_rate": 0.6111111111111112
      },
      {
        "condition": "restore|full_layer_delta|L15",
        "mean_delta_attn_norm": 21.35960364341736,
        "mean_delta_carry_est_norm": 65.16392114427354,
        "mean_delta_layer_norm": 72.5088112089369,
        "mean_delta_mlp_norm": 40.24841891394721,
        "mean_patched_rank": 5.902777777777778,
        "mean_pmv_effect": 4.923177083333333,
        "mean_rank_effect": 161.79166666666666,
        "mean_short_rank": 167.69444444444446,
        "mean_target_delta": 7.284605006376903,
        "mean_target_delta_fraction": 0.6208916177272941,
        "mean_target_effect": 6.262509918875164,
        "mean_terse_rank": 1.0,
        "n": 72,
        "patched_best_other_route": {
          "prose": 72
        },
        "patched_top1_rate": 0.5972222222222222,
        "success_change_rate": 0.5972222222222222
      },
      {
        "condition": "restore|full_layer_delta|L17",
        "mean_delta_attn_norm": 19.647792683707344,
        "mean_delta_carry_est_norm": 83.83937062157526,
        "mean_delta_layer_norm": 92.96839555104573,
        "mean_delta_mlp_norm": 49.1720478799608,
        "mean_patched_rank": 3.6944444444444446,
        "mean_pmv_effect": 4.651041666666667,
        "mean_rank_effect": 164.0,
        "mean_short_rank": 167.69444444444446,
        "mean_target_delta": 7.284605006376903,
        "mean_target_delta_fraction": 0.6778592966715391,
        "mean_target_effect": 5.117977655596203,
        "mean_terse_rank": 1.0,
        "n": 72,
        "patched_best_other_route": {
          "prose": 72
        },
        "patched_top1_rate": 0.5694444444444444,
        "success_change_rate": 0.5694444444444444
      },
      {
        "condition": "restore|layer_minus_attn_delta|L15",
        "mean_delta_attn_norm": 21.35960364341736,
        "mean_delta_carry_est_norm": 65.16392114427354,
        "mean_delta_layer_norm": 72.5088112089369,
        "mean_delta_mlp_norm": 40.24841891394721,
        "mean_patched_rank": 5.194444444444445,
        "mean_pmv_effect": 4.999565972222222,
        "mean_rank_effect": 162.5,
        "mean_short_rank": 167.69444444444446,
        "mean_target_delta": 7.284605006376903,
        "mean_target_delta_fraction": 0.4344306251769241,
        "mean_target_effect": 5.214366449250115,
        "mean_terse_rank": 1.0,
        "n": 72,
        "patched_best_other_route": {
          "continuation": 1,
          "prose": 71
        },
        "patched_top1_rate": 0.5555555555555556,
        "success_change_rate": 0.5555555555555556
      },
      {
        "condition": "restore|layer_minus_attn_delta|L18",
        "mean_delta_attn_norm": 33.51250619358487,
        "mean_delta_carry_est_norm": 92.96934911939833,
        "mean_delta_layer_norm": 101.96380339728461,
        "mean_delta_mlp_norm": 52.334949334462486,
        "mean_patched_rank": 6.027777777777778,
        "mean_pmv_effect": 4.54296875,
        "mean_rank_effect": 161.66666666666666,
        "mean_short_rank": 167.69444444444446,
        "mean_target_delta": 7.284605006376903,
        "mean_target_delta_fraction": 0.6214661206606076,
        "mean_target_effect": 5.219481584098604,
        "mean_terse_rank": 1.0,
        "n": 72,
        "patched_best_other_route": {
          "prose": 72
        },
        "patched_top1_rate": 0.4861111111111111,
        "success_change_rate": 0.4861111111111111
      },
      {
        "condition": "restore|full_layer_delta|L16",
        "mean_delta_attn_norm": 25.844602637820774,
        "mean_delta_carry_est_norm": 72.51135635375977,
        "mean_delta_layer_norm": 83.83914608425565,
        "mean_delta_mlp_norm": 44.58678754170736,
        "mean_patched_rank": 4.916666666666667,
        "mean_pmv_effect": 4.370659722222222,
        "mean_rank_effect": 162.77777777777777,
        "mean_short_rank": 167.69444444444446,
        "mean_target_delta": 7.284605006376903,
        "mean_target_delta_fraction": 0.5922775513647719,
        "mean_target_effect": 4.870584199825923,
        "mean_terse_rank": 1.0,
        "n": 72,
        "patched_best_other_route": {
          "prose": 72
        },
        "patched_top1_rate": 0.4861111111111111,
        "success_change_rate": 0.4861111111111111
      },
      {
        "condition": "restore|carry_est_layerout|L16",
        "mean_delta_attn_norm": 25.844602637820774,
        "mean_delta_carry_est_norm": 72.51135635375977,
        "mean_delta_layer_norm": 83.83914608425565,
        "mean_delta_mlp_norm": 44.58678754170736,
        "mean_patched_rank": 10.597222222222221,
        "mean_pmv_effect": 4.932291666666667,
        "mean_rank_effect": 157.09722222222223,
        "mean_short_rank": 167.69444444444446,
        "mean_target_delta": 7.284605006376903,
        "mean_target_delta_fraction": 1.1981954521715101,
        "mean_target_effect": 10.800101161003113,
        "mean_terse_rank": 1.0,
        "n": 72,
        "patched_best_other_route": {
          "continuation": 19,
          "prose": 53
        },
        "patched_top1_rate": 0.4722222222222222,
        "success_change_rate": 0.4722222222222222
      },
      {
        "condition": "restore|full_layer_delta|L14",
        "mean_delta_attn_norm": 22.958033323287964,
        "mean_delta_carry_est_norm": 59.64136118359036,
        "mean_delta_layer_norm": 65.16753186119928,
        "mean_delta_mlp_norm": 35.61150521702237,
        "mean_patched_rank": 11.01388888888889,
        "mean_pmv_effect": 4.226128472222222,
        "mean_rank_effect": 156.68055555555554,
        "mean_short_rank": 167.69444444444446,
        "mean_target_delta": 7.284605006376903,
        "mean_target_delta_fraction": 0.6241851958813824,
        "mean_target_effect": 5.900827440950605,
        "mean_terse_rank": 1.0,
        "n": 72,
        "patched_best_other_route": {
          "continuation": 3,
          "prose": 69
        },
        "patched_top1_rate": 0.4305555555555556,
        "success_change_rate": 0.4305555555555556
      },
      {
        "condition": "restore|layer_minus_attn_delta|L14",
        "mean_delta_attn_norm": 22.958033323287964,
        "mean_delta_carry_est_norm": 59.64136118359036,
        "mean_delta_layer_norm": 65.16753186119928,
        "mean_delta_mlp_norm": 35.61150521702237,
        "mean_patched_rank": 17.13888888888889,
        "mean_pmv_effect": 3.8159722222222223,
        "mean_rank_effect": 150.55555555555554,
        "mean_short_rank": 167.69444444444446,
        "mean_target_delta": 7.284605006376903,
        "mean_target_delta_fraction": 0.5007533333001,
        "mean_target_effect": 6.332561843925053,
        "mean_terse_rank": 1.0,
        "n": 72,
        "patched_best_other_route": {
          "continuation": 1,
          "prose": 71
        },
        "patched_top1_rate": 0.4166666666666667,
        "success_change_rate": 0.4166666666666667
      },
      {
        "condition": "restore|layer_minus_mlp_delta|L18",
        "mean_delta_attn_norm": 33.51250619358487,
        "mean_delta_carry_est_norm": 92.96934911939833,
        "mean_delta_layer_norm": 101.96380339728461,
        "mean_delta_mlp_norm": 52.334949334462486,
        "mean_patched_rank": 9.166666666666666,
        "mean_pmv_effect": 3.7899305555555554,
        "mean_rank_effect": 158.52777777777777,
        "mean_short_rank": 167.69444444444446,
        "mean_target_delta": 7.284605006376903,
        "mean_target_delta_fraction": 0.6684213587903605,
        "mean_target_effect": 2.117286251650916,
        "mean_terse_rank": 1.0,
        "n": 72,
        "patched_best_other_route": {
          "prose": 72
        },
        "patched_top1_rate": 0.4027777777777778,
        "success_change_rate": 0.4027777777777778
      },
      {
        "condition": "restore|full_layer_delta|L13",
        "mean_delta_attn_norm": 36.0385914378696,
        "mean_delta_carry_est_norm": 47.001800537109375,
        "mean_delta_layer_norm": 59.6371963818868,
        "mean_delta_mlp_norm": 37.72106430265639,
        "mean_patched_rank": 13.98611111111111,
        "mean_pmv_effect": 3.9231770833333335,
        "mean_rank_effect": 153.70833333333334,
        "mean_short_rank": 167.69444444444446,
        "mean_target_delta": 7.284605006376903,
        "mean_target_delta_fraction": 0.5897455211212002,
        "mean_target_effect": 6.539936516020033,
        "mean_terse_rank": 1.0,
        "n": 72,
        "patched_best_other_route": {
          "continuation": 1,
          "prose": 71
        },
        "patched_top1_rate": 0.3888888888888889,
        "success_change_rate": 0.3888888888888889
      },
      {
        "condition": "restore|layer_minus_mlp_delta|L14",
        "mean_delta_attn_norm": 22.958033323287964,
        "mean_delta_carry_est_norm": 59.64136118359036,
        "mean_delta_layer_norm": 65.16753186119928,
        "mean_delta_mlp_norm": 35.61150521702237,
        "mean_patched_rank": 13.958333333333334,
        "mean_pmv_effect": 3.9309895833333335,
        "mean_rank_effect": 153.73611111111111,
        "mean_short_rank": 167.69444444444446,
        "mean_target_delta": 7.284605006376903,
        "mean_target_delta_fraction": 0.7054481311438506,
        "mean_target_effect": 4.249499022960663,
        "mean_terse_rank": 1.0,
        "n": 72,
        "patched_best_other_route": {
          "continuation": 3,
          "prose": 69
        },
        "patched_top1_rate": 0.3611111111111111,
        "success_change_rate": 0.3611111111111111
      },
      {
        "condition": "restore|attn_mlp_delta|L13",
        "mean_delta_attn_norm": 36.0385914378696,
        "mean_delta_carry_est_norm": 47.001800537109375,
        "mean_delta_layer_norm": 59.6371963818868,
        "mean_delta_mlp_norm": 37.72106430265639,
        "mean_patched_rank": 24.59722222222222,
        "mean_pmv_effect": 3.3563368055555554,
        "mean_rank_effect": 143.09722222222223,
        "mean_short_rank": 167.69444444444446,
        "mean_target_delta": 7.284605006376903,
        "mean_target_delta_fraction": 0.681146802075907,
        "mean_target_effect": 6.2814672986666364,
        "mean_terse_rank": 1.0,
        "n": 72,
        "patched_best_other_route": {
          "continuation": 12,
          "prose": 60
        },
        "patched_top1_rate": 0.3472222222222222,
        "success_change_rate": 0.3472222222222222
      },
      {
        "condition": "restore|carry_est_layerout|L14",
        "mean_delta_attn_norm": 22.958033323287964,
        "mean_delta_carry_est_norm": 59.64136118359036,
        "mean_delta_layer_norm": 65.16753186119928,
        "mean_delta_mlp_norm": 35.61150521702237,
        "mean_patched_rank": 20.791666666666668,
        "mean_pmv_effect": 3.2786458333333335,
        "mean_rank_effect": 146.90277777777777,
        "mean_short_rank": 167.69444444444446,
        "mean_target_delta": 7.284605006376903,
        "mean_target_delta_fraction": 0.6868149484802658,
        "mean_target_effect": 4.258542229731877,
        "mean_terse_rank": 1.0,
        "n": 72,
        "patched_best_other_route": {
          "continuation": 3,
          "prose": 69
        },
        "patched_top1_rate": 0.3333333333333333,
        "success_change_rate": 0.3333333333333333
      },
      {
        "condition": "restore|attn_delta|L13",
        "mean_delta_attn_norm": 36.0385914378696,
        "mean_delta_carry_est_norm": 47.001800537109375,
        "mean_delta_layer_norm": 59.6371963818868,
        "mean_delta_mlp_norm": 37.72106430265639,
        "mean_patched_rank": 27.944444444444443,
        "mean_pmv_effect": 2.8368055555555554,
        "mean_rank_effect": 139.75,
        "mean_short_rank": 167.69444444444446,
        "mean_target_delta": 7.284605006376903,
        "mean_target_delta_fraction": 0.5068909320206334,
        "mean_target_effect": 5.648863719569312,
        "mean_terse_rank": 1.0,
        "n": 72,
        "patched_best_other_route": {
          "continuation": 8,
          "prose": 64
        },
        "patched_top1_rate": 0.25,
        "success_change_rate": 0.25
      },
      {
        "condition": "restore|attn_mlp_delta|L18",
        "mean_delta_attn_norm": 33.51250619358487,
        "mean_delta_carry_est_norm": 92.96934911939833,
        "mean_delta_layer_norm": 101.96380339728461,
        "mean_delta_mlp_norm": 52.334949334462486,
        "mean_patched_rank": 16.86111111111111,
        "mean_pmv_effect": 3.0086805555555554,
        "mean_rank_effect": 150.83333333333334,
        "mean_short_rank": 167.69444444444446,
        "mean_target_delta": 7.284605006376903,
        "mean_target_delta_fraction": 0.23214873726086477,
        "mean_target_effect": 5.5756483773390455,
        "mean_terse_rank": 1.0,
        "n": 72,
        "patched_best_other_route": {
          "prose": 72
        },
        "patched_top1_rate": 0.25,
        "success_change_rate": 0.25
      },
      {
        "condition": "restore|layer_minus_attn_delta|L16",
        "mean_delta_attn_norm": 25.844602637820774,
        "mean_delta_carry_est_norm": 72.51135635375977,
        "mean_delta_layer_norm": 83.83914608425565,
        "mean_delta_mlp_norm": 44.58678754170736,
        "mean_patched_rank": 26.72222222222222,
        "mean_pmv_effect": 2.9574652777777777,
        "mean_rank_effect": 140.97222222222223,
        "mean_short_rank": 167.69444444444446,
        "mean_target_delta": 7.284605006376903,
        "mean_target_delta_fraction": 0.7134065201973406,
        "mean_target_effect": 6.189460343784756,
        "mean_terse_rank": 1.0,
        "n": 72,
        "patched_best_other_route": {
          "continuation": 1,
          "prose": 71
        },
        "patched_top1_rate": 0.2361111111111111,
        "success_change_rate": 0.2361111111111111
      },
      {
        "condition": "restore|layer_minus_mlp_delta|L13",
        "mean_delta_attn_norm": 36.0385914378696,
        "mean_delta_carry_est_norm": 47.001800537109375,
        "mean_delta_layer_norm": 59.6371963818868,
        "mean_delta_mlp_norm": 37.72106430265639,
        "mean_patched_rank": 38.736111111111114,
        "mean_pmv_effect": 2.587673611111111,
        "mean_rank_effect": 128.95833333333334,
        "mean_short_rank": 167.69444444444446,
        "mean_target_delta": 7.284605006376903,
        "mean_target_delta_fraction": 0.12278520171051938,
        "mean_target_effect": 3.702810471256574,
        "mean_terse_rank": 1.0,
        "n": 72,
        "patched_best_other_route": {
          "continuation": 1,
          "prose": 71
        },
        "patched_top1_rate": 0.2222222222222222,
        "success_change_rate": 0.2222222222222222
      }
    ],
    "by_condition": {
      "degradation|attn_mlp_replace_short|L13": {
        "mean_delta_attn_norm": 36.0385914378696,
        "mean_delta_carry_est_norm": 47.001800537109375,
        "mean_delta_layer_norm": 59.6371963818868,
        "mean_delta_mlp_norm": 37.72106430265639,
        "mean_patched_rank": 4.263888888888889,
        "mean_pmv_effect": 2.2100694444444446,
        "mean_rank_effect": 3.263888888888889,
        "mean_short_rank": 167.69444444444446,
        "mean_target_delta": 7.284605006376903,
        "mean_target_delta_fraction": 0.5239305944525171,
        "mean_target_effect": 5.590709100166957,
        "mean_terse_rank": 1.0,
        "n": 72,
        "patched_best_other_route": {
          "prose": 72
        },
        "patched_top1_rate": 0.4305555555555556,
        "success_change_rate": 0.5694444444444444
      },
      "degradation|attn_mlp_replace_short|L14": {
        "mean_delta_attn_norm": 22.958033323287964,
        "mean_delta_carry_est_norm": 59.64136118359036,
        "mean_delta_layer_norm": 65.16753186119928,
        "mean_delta_mlp_norm": 35.61150521702237,
        "mean_patched_rank": 1.6527777777777777,
        "mean_pmv_effect": 1.0512152777777777,
        "mean_rank_effect": 0.6527777777777778,
        "mean_short_rank": 167.69444444444446,
        "mean_target_delta": 7.284605006376903,
        "mean_target_delta_fraction": 0.016025633646546408,
        "mean_target_effect": 2.098888185289171,
        "mean_terse_rank": 1.0,
        "n": 72,
        "patched_best_other_route": {
          "prose": 72
        },
        "patched_top1_rate": 0.6944444444444444,
        "success_change_rate": 0.3055555555555556
      },
      "degradation|attn_mlp_replace_short|L15": {
        "mean_delta_attn_norm": 21.35960364341736,
        "mean_delta_carry_est_norm": 65.16392114427354,
        "mean_delta_layer_norm": 72.5088112089369,
        "mean_delta_mlp_norm": 40.24841891394721,
        "mean_patched_rank": 1.6111111111111112,
        "mean_pmv_effect": 0.2569444444444444,
        "mean_rank_effect": 0.6111111111111112,
        "mean_short_rank": 167.69444444444446,
        "mean_target_delta": 7.284605006376903,
        "mean_target_delta_fraction": -0.07835476567657423,
        "mean_target_effect": 3.2564284900824227,
        "mean_terse_rank": 1.0,
        "n": 72,
        "patched_best_other_route": {
          "prose": 72
        },
        "patched_top1_rate": 0.7777777777777778,
        "success_change_rate": 0.2222222222222222
      },
      "degradation|attn_mlp_replace_short|L16": {
        "mean_delta_attn_norm": 25.844602637820774,
        "mean_delta_carry_est_norm": 72.51135635375977,
        "mean_delta_layer_norm": 83.83914608425565,
        "mean_delta_mlp_norm": 44.58678754170736,
        "mean_patched_rank": 1.2083333333333333,
        "mean_pmv_effect": -0.3498263888888889,
        "mean_rank_effect": 0.20833333333333334,
        "mean_short_rank": 167.69444444444446,
        "mean_target_delta": 7.284605006376903,
        "mean_target_delta_fraction": -0.14736302650562647,
        "mean_target_effect": -3.8567653232150607,
        "mean_terse_rank": 1.0,
        "n": 72,
        "patched_best_other_route": {
          "continuation": 2,
          "prose": 70
        },
        "patched_top1_rate": 0.875,
        "success_change_rate": 0.125
      },
      "degradation|attn_mlp_replace_short|L17": {
        "mean_delta_attn_norm": 19.647792683707344,
        "mean_delta_carry_est_norm": 83.83937062157526,
        "mean_delta_layer_norm": 92.96839555104573,
        "mean_delta_mlp_norm": 49.1720478799608,
        "mean_patched_rank": 1.0416666666666667,
        "mean_pmv_effect": -0.2065972222222222,
        "mean_rank_effect": 0.041666666666666664,
        "mean_short_rank": 167.69444444444446,
        "mean_target_delta": 7.284605006376903,
        "mean_target_delta_fraction": 0.08746988037287241,
        "mean_target_effect": 0.38584399885601467,
        "mean_terse_rank": 1.0,
        "n": 72,
        "patched_best_other_route": {
          "prose": 72
        },
        "patched_top1_rate": 0.9722222222222222,
        "success_change_rate": 0.027777777777777776
      },
      "degradation|attn_mlp_replace_short|L18": {
        "mean_delta_attn_norm": 33.51250619358487,
        "mean_delta_carry_est_norm": 92.96934911939833,
        "mean_delta_layer_norm": 101.96380339728461,
        "mean_delta_mlp_norm": 52.334949334462486,
        "mean_patched_rank": 13.805555555555555,
        "mean_pmv_effect": 2.646701388888889,
        "mean_rank_effect": 12.805555555555555,
        "mean_short_rank": 167.69444444444446,
        "mean_target_delta": 7.284605006376903,
        "mean_target_delta_fraction": 0.3008728695945502,
        "mean_target_effect": 6.507000436385472,
        "mean_terse_rank": 1.0,
        "n": 72,
        "patched_best_other_route": {
          "prose": 72
        },
        "patched_top1_rate": 0.3611111111111111,
        "success_change_rate": 0.6388888888888888
      },
      "degradation|attn_replace_short|L13": {
        "mean_delta_attn_norm": 36.0385914378696,
        "mean_delta_carry_est_norm": 47.001800537109375,
        "mean_delta_layer_norm": 59.6371963818868,
        "mean_delta_mlp_norm": 37.72106430265639,
        "mean_patched_rank": 2.7777777777777777,
        "mean_pmv_effect": 1.5564236111111112,
        "mean_rank_effect": 1.7777777777777777,
        "mean_short_rank": 167.69444444444446,
        "mean_target_delta": 7.284605006376903,
        "mean_target_delta_fraction": 0.31491503857587166,
        "mean_target_effect": 4.995823248393005,
        "mean_terse_rank": 1.0,
        "n": 72,
        "patched_best_other_route": {
          "prose": 72
        },
        "patched_top1_rate": 0.5416666666666666,
        "success_change_rate": 0.4583333333333333
      },
      "degradation|attn_replace_short|L14": {
        "mean_delta_attn_norm": 22.958033323287964,
        "mean_delta_carry_est_norm": 59.64136118359036,
        "mean_delta_layer_norm": 65.16753186119928,
        "mean_delta_mlp_norm": 35.61150521702237,
        "mean_patched_rank": 1.0277777777777777,
        "mean_pmv_effect": -0.20833333333333334,
        "mean_rank_effect": 0.027777777777777776,
        "mean_short_rank": 167.69444444444446,
        "mean_target_delta": 7.284605006376903,
        "mean_target_delta_fraction": -0.05574604040790671,
        "mean_target_effect": -2.1394722991519504,
        "mean_terse_rank": 1.0,
        "n": 72,
        "patched_best_other_route": {
          "prose": 72
        },
        "patched_top1_rate": 0.9861111111111112,
        "success_change_rate": 0.013888888888888888
      },
      "degradation|attn_replace_short|L15": {
        "mean_delta_attn_norm": 21.35960364341736,
        "mean_delta_carry_est_norm": 65.16392114427354,
        "mean_delta_layer_norm": 72.5088112089369,
        "mean_delta_mlp_norm": 40.24841891394721,
        "mean_patched_rank": 1.0694444444444444,
        "mean_pmv_effect": 0.1015625,
        "mean_rank_effect": 0.06944444444444445,
        "mean_short_rank": 167.69444444444446,
        "mean_target_delta": 7.284605006376903,
        "mean_target_delta_fraction": 0.17699767349670942,
        "mean_target_effect": 1.2965364042255614,
        "mean_terse_rank": 1.0,
        "n": 72,
        "patched_best_other_route": {
          "prose": 72
        },
        "patched_top1_rate": 0.9305555555555556,
        "success_change_rate": 0.06944444444444445
      },
      "degradation|attn_replace_short|L16": {
        "mean_delta_attn_norm": 25.844602637820774,
        "mean_delta_carry_est_norm": 72.51135635375977,
        "mean_delta_layer_norm": 83.83914608425565,
        "mean_delta_mlp_norm": 44.58678754170736,
        "mean_patched_rank": 1.0694444444444444,
        "mean_pmv_effect": -0.3177083333333333,
        "mean_rank_effect": 0.06944444444444445,
        "mean_short_rank": 167.69444444444446,
        "mean_target_delta": 7.284605006376903,
        "mean_target_delta_fraction": -0.05131597820253783,
        "mean_target_effect": -1.5797617832819622,
        "mean_terse_rank": 1.0,
        "n": 72,
        "patched_best_other_route": {
          "prose": 72
        },
        "patched_top1_rate": 0.9583333333333334,
        "success_change_rate": 0.041666666666666664
      },
      "degradation|attn_replace_short|L17": {
        "mean_delta_attn_norm": 19.647792683707344,
        "mean_delta_carry_est_norm": 83.83937062157526,
        "mean_delta_layer_norm": 92.96839555104573,
        "mean_delta_mlp_norm": 49.1720478799608,
        "mean_patched_rank": 1.0277777777777777,
        "mean_pmv_effect": -0.046875,
        "mean_rank_effect": 0.027777777777777776,
        "mean_short_rank": 167.69444444444446,
        "mean_target_delta": 7.284605006376903,
        "mean_target_delta_fraction": -0.1373035523338481,
        "mean_target_effect": 0.8384706113073561,
        "mean_terse_rank": 1.0,
        "n": 72,
        "patched_best_other_route": {
          "prose": 72
        },
        "patched_top1_rate": 0.9722222222222222,
        "success_change_rate": 0.027777777777777776
      },
      "degradation|attn_replace_short|L18": {
        "mean_delta_attn_norm": 33.51250619358487,
        "mean_delta_carry_est_norm": 92.96934911939833,
        "mean_delta_layer_norm": 101.96380339728461,
        "mean_delta_mlp_norm": 52.334949334462486,
        "mean_patched_rank": 1.2361111111111112,
        "mean_pmv_effect": 0.1987847222222222,
        "mean_rank_effect": 0.2361111111111111,
        "mean_short_rank": 167.69444444444446,
        "mean_target_delta": 7.284605006376903,
        "mean_target_delta_fraction": 0.20766631946249292,
        "mean_target_effect": 1.218986365530226,
        "mean_terse_rank": 1.0,
        "n": 72,
        "patched_best_other_route": {
          "prose": 72
        },
        "patched_top1_rate": 0.8888888888888888,
        "success_change_rate": 0.1111111111111111
      },
      "degradation|full_layer_replace_short|L13": {
        "mean_delta_attn_norm": 36.0385914378696,
        "mean_delta_carry_est_norm": 47.001800537109375,
        "mean_delta_layer_norm": 59.6371963818868,
        "mean_delta_mlp_norm": 37.72106430265639,
        "mean_patched_rank": 25.180555555555557,
        "mean_pmv_effect": 3.9578993055555554,
        "mean_rank_effect": 24.180555555555557,
        "mean_short_rank": 167.69444444444446,
        "mean_target_delta": 7.284605006376903,
        "mean_target_delta_fraction": 0.5738084204955166,
        "mean_target_effect": 6.19775893787543,
        "mean_terse_rank": 1.0,
        "n": 72,
        "patched_best_other_route": {
          "prose": 72
        },
        "patched_top1_rate": 0.125,
        "success_change_rate": 0.875
      },
      "degradation|full_layer_replace_short|L14": {
        "mean_delta_attn_norm": 22.958033323287964,
        "mean_delta_carry_est_norm": 59.64136118359036,
        "mean_delta_layer_norm": 65.16753186119928,
        "mean_delta_mlp_norm": 35.61150521702237,
        "mean_patched_rank": 16.569444444444443,
        "mean_pmv_effect": 3.73828125,
        "mean_rank_effect": 15.569444444444445,
        "mean_short_rank": 167.69444444444446,
        "mean_target_delta": 7.284605006376903,
        "mean_target_delta_fraction": 0.6123366599766211,
        "mean_target_effect": 5.349612596962187,
        "mean_terse_rank": 1.0,
        "n": 72,
        "patched_best_other_route": {
          "prose": 72
        },
        "patched_top1_rate": 0.1527777777777778,
        "success_change_rate": 0.8472222222222222
      },
      "degradation|full_layer_replace_short|L15": {
        "mean_delta_attn_norm": 21.35960364341736,
        "mean_delta_carry_est_norm": 65.16392114427354,
        "mean_delta_layer_norm": 72.5088112089369,
        "mean_delta_mlp_norm": 40.24841891394721,
        "mean_patched_rank": 22.944444444444443,
        "mean_pmv_effect": 3.861545138888889,
        "mean_rank_effect": 21.944444444444443,
        "mean_short_rank": 167.69444444444446,
        "mean_target_delta": 7.284605006376903,
        "mean_target_delta_fraction": 0.8678584129259908,
        "mean_target_effect": 7.643998657663663,
        "mean_terse_rank": 1.0,
        "n": 72,
        "patched_best_other_route": {
          "prose": 72
        },
        "patched_top1_rate": 0.20833333333333334,
        "success_change_rate": 0.7916666666666666
      },
      "degradation|full_layer_replace_short|L16": {
        "mean_delta_attn_norm": 25.844602637820774,
        "mean_delta_carry_est_norm": 72.51135635375977,
        "mean_delta_layer_norm": 83.83914608425565,
        "mean_delta_mlp_norm": 44.58678754170736,
        "mean_patched_rank": 18.52777777777778,
        "mean_pmv_effect": 3.37890625,
        "mean_rank_effect": 17.52777777777778,
        "mean_short_rank": 167.69444444444446,
        "mean_target_delta": 7.284605006376903,
        "mean_target_delta_fraction": 0.9996117877629686,
        "mean_target_effect": 6.950077710880174,
        "mean_terse_rank": 1.0,
        "n": 72,
        "patched_best_other_route": {
          "prose": 72
        },
        "patched_top1_rate": 0.25,
        "success_change_rate": 0.75
      },
      "degradation|full_layer_replace_short|L17": {
        "mean_delta_attn_norm": 19.647792683707344,
        "mean_delta_carry_est_norm": 83.83937062157526,
        "mean_delta_layer_norm": 92.96839555104573,
        "mean_delta_mlp_norm": 49.1720478799608,
        "mean_patched_rank": 13.98611111111111,
        "mean_pmv_effect": 2.9565972222222223,
        "mean_rank_effect": 12.98611111111111,
        "mean_short_rank": 167.69444444444446,
        "mean_target_delta": 7.284605006376903,
        "mean_target_delta_fraction": 0.8238792325080202,
        "mean_target_effect": 5.205956568320592,
        "mean_terse_rank": 1.0,
        "n": 72,
        "patched_best_other_route": {
          "prose": 72
        },
        "patched_top1_rate": 0.3194444444444444,
        "success_change_rate": 0.6805555555555556
      },
      "degradation|full_layer_replace_short|L18": {
        "mean_delta_attn_norm": 33.51250619358487,
        "mean_delta_carry_est_norm": 92.96934911939833,
        "mean_delta_layer_norm": 101.96380339728461,
        "mean_delta_mlp_norm": 52.334949334462486,
        "mean_patched_rank": 34.138888888888886,
        "mean_pmv_effect": 4.037326388888889,
        "mean_rank_effect": 33.138888888888886,
        "mean_short_rank": 167.69444444444446,
        "mean_target_delta": 7.284605006376903,
        "mean_target_delta_fraction": 0.870584959478432,
        "mean_target_effect": 6.536034767826398,
        "mean_terse_rank": 1.0,
        "n": 72,
        "patched_best_other_route": {
          "prose": 72
        },
        "patched_top1_rate": 0.16666666666666666,
        "success_change_rate": 0.8333333333333334
      },
      "degradation|mlp_replace_short|L13": {
        "mean_delta_attn_norm": 36.0385914378696,
        "mean_delta_carry_est_norm": 47.001800537109375,
        "mean_delta_layer_norm": 59.6371963818868,
        "mean_delta_mlp_norm": 37.72106430265639,
        "mean_patched_rank": 2.236111111111111,
        "mean_pmv_effect": 1.0442708333333333,
        "mean_rank_effect": 1.2361111111111112,
        "mean_short_rank": 167.69444444444446,
        "mean_target_delta": 7.284605006376903,
        "mean_target_delta_fraction": 0.2313001567360709,
        "mean_target_effect": 3.6422116640541287,
        "mean_terse_rank": 1.0,
        "n": 72,
        "patched_best_other_route": {
          "prose": 72
        },
        "patched_top1_rate": 0.6388888888888888,
        "success_change_rate": 0.3611111111111111
      },
      "degradation|mlp_replace_short|L14": {
        "mean_delta_attn_norm": 22.958033323287964,
        "mean_delta_carry_est_norm": 59.64136118359036,
        "mean_delta_layer_norm": 65.16753186119928,
        "mean_delta_mlp_norm": 35.61150521702237,
        "mean_patched_rank": 1.6805555555555556,
        "mean_pmv_effect": 0.9175347222222222,
        "mean_rank_effect": 0.6805555555555556,
        "mean_short_rank": 167.69444444444446,
        "mean_target_delta": 7.284605006376903,
        "mean_target_delta_fraction": -0.26117690050383974,
        "mean_target_effect": 3.0080453571346073,
        "mean_terse_rank": 1.0,
        "n": 72,
        "patched_best_other_route": {
          "prose": 72
        },
        "patched_top1_rate": 0.6805555555555556,
        "success_change_rate": 0.3194444444444444
      },
      "degradation|mlp_replace_short|L15": {
        "mean_delta_attn_norm": 21.35960364341736,
        "mean_delta_carry_est_norm": 65.16392114427354,
        "mean_delta_layer_norm": 72.5088112089369,
        "mean_delta_mlp_norm": 40.24841891394721,
        "mean_patched_rank": 1.1527777777777777,
        "mean_pmv_effect": -0.2248263888888889,
        "mean_rank_effect": 0.1527777777777778,
        "mean_short_rank": 167.69444444444446,
        "mean_target_delta": 7.284605006376903,
        "mean_target_delta_fraction": -0.1421713607824147,
        "mean_target_effect": 0.980597284105089,
        "mean_terse_rank": 1.0,
        "n": 72,
        "patched_best_other_route": {
          "prose": 72
        },
        "patched_top1_rate": 0.9027777777777778,
        "success_change_rate": 0.09722222222222222
      },
      "degradation|mlp_replace_short|L16": {
        "mean_delta_attn_norm": 25.844602637820774,
        "mean_delta_carry_est_norm": 72.51135635375977,
        "mean_delta_layer_norm": 83.83914608425565,
        "mean_delta_mlp_norm": 44.58678754170736,
        "mean_patched_rank": 1.0138888888888888,
        "mean_pmv_effect": -0.8003472222222222,
        "mean_rank_effect": 0.013888888888888888,
        "mean_short_rank": 167.69444444444446,
        "mean_target_delta": 7.284605006376903,
        "mean_target_delta_fraction": 0.04059788017166448,
        "mean_target_effect": -4.124880459573534,
        "mean_terse_rank": 1.0,
        "n": 72,
        "patched_best_other_route": {
          "continuation": 2,
          "prose": 70
        },
        "patched_top1_rate": 0.9861111111111112,
        "success_change_rate": 0.013888888888888888
      },
      "degradation|mlp_replace_short|L17": {
        "mean_delta_attn_norm": 19.647792683707344,
        "mean_delta_carry_est_norm": 83.83937062157526,
        "mean_delta_layer_norm": 92.96839555104573,
        "mean_delta_mlp_norm": 49.1720478799608,
        "mean_patched_rank": 1.0555555555555556,
        "mean_pmv_effect": -0.1267361111111111,
        "mean_rank_effect": 0.05555555555555555,
        "mean_short_rank": 167.69444444444446,
        "mean_target_delta": 7.284605006376903,
        "mean_target_delta_fraction": 0.13658639470553505,
        "mean_target_effect": -0.0414734681447347,
        "mean_terse_rank": 1.0,
        "n": 72,
        "patched_best_other_route": {
          "prose": 72
        },
        "patched_top1_rate": 0.9444444444444444,
        "success_change_rate": 0.05555555555555555
      },
      "degradation|mlp_replace_short|L18": {
        "mean_delta_attn_norm": 33.51250619358487,
        "mean_delta_carry_est_norm": 92.96934911939833,
        "mean_delta_layer_norm": 101.96380339728461,
        "mean_delta_mlp_norm": 52.334949334462486,
        "mean_patched_rank": 2.1944444444444446,
        "mean_pmv_effect": 0.9340277777777778,
        "mean_rank_effect": 1.1944444444444444,
        "mean_short_rank": 167.69444444444446,
        "mean_target_delta": 7.284605006376903,
        "mean_target_delta_fraction": 0.13903203882724136,
        "mean_target_effect": 4.294704437255859,
        "mean_terse_rank": 1.0,
        "n": 72,
        "patched_best_other_route": {
          "prose": 72
        },
        "patched_top1_rate": 0.6527777777777778,
        "success_change_rate": 0.3472222222222222
      },
      "degradation|random_layer_same_norm|L13": {
        "mean_delta_attn_norm": 36.0385914378696,
        "mean_delta_carry_est_norm": 47.001800537109375,
        "mean_delta_layer_norm": 59.6371963818868,
        "mean_delta_mlp_norm": 37.72106430265639,
        "mean_patched_rank": 3.361111111111111,
        "mean_pmv_effect": 0.7925347222222222,
        "mean_rank_effect": 2.361111111111111,
        "mean_short_rank": 167.69444444444446,
        "mean_target_delta": 7.284605006376903,
        "mean_target_delta_fraction": -0.5530886700586055,
        "mean_target_effect": 1.1065836548805237,
        "mean_terse_rank": 1.0,
        "n": 72,
        "patched_best_other_route": {
          "prose": 72
        },
        "patched_top1_rate": 0.6388888888888888,
        "success_change_rate": 0.3611111111111111
      },
      "degradation|random_layer_same_norm|L14": {
        "mean_delta_attn_norm": 22.958033323287964,
        "mean_delta_carry_est_norm": 59.64136118359036,
        "mean_delta_layer_norm": 65.16753186119928,
        "mean_delta_mlp_norm": 35.61150521702237,
        "mean_patched_rank": 24.319444444444443,
        "mean_pmv_effect": 1.0668402777777777,
        "mean_rank_effect": 23.319444444444443,
        "mean_short_rank": 167.69444444444446,
        "mean_target_delta": 7.284605006376903,
        "mean_target_delta_fraction": 0.2411355155673275,
        "mean_target_effect": 2.7097510529889,
        "mean_terse_rank": 1.0,
        "n": 72,
        "patched_best_other_route": {
          "prose": 72
        },
        "patched_top1_rate": 0.6805555555555556,
        "success_change_rate": 0.3194444444444444
      },
      "degradation|random_layer_same_norm|L15": {
        "mean_delta_attn_norm": 21.35960364341736,
        "mean_delta_carry_est_norm": 65.16392114427354,
        "mean_delta_layer_norm": 72.5088112089369,
        "mean_delta_mlp_norm": 40.24841891394721,
        "mean_patched_rank": 4.0,
        "mean_pmv_effect": 1.0121527777777777,
        "mean_rank_effect": 3.0,
        "mean_short_rank": 167.69444444444446,
        "mean_target_delta": 7.284605006376903,
        "mean_target_delta_fraction": 0.8493562250418829,
        "mean_target_effect": 3.2899523940351276,
        "mean_terse_rank": 1.0,
        "n": 72,
        "patched_best_other_route": {
          "continuation": 1,
          "prose": 71
        },
        "patched_top1_rate": 0.6944444444444444,
        "success_change_rate": 0.3055555555555556
      },
      "degradation|random_layer_same_norm|L16": {
        "mean_delta_attn_norm": 25.844602637820774,
        "mean_delta_carry_est_norm": 72.51135635375977,
        "mean_delta_layer_norm": 83.83914608425565,
        "mean_delta_mlp_norm": 44.58678754170736,
        "mean_patched_rank": 29.958333333333332,
        "mean_pmv_effect": 1.4869791666666667,
        "mean_rank_effect": 28.958333333333332,
        "mean_short_rank": 167.69444444444446,
        "mean_target_delta": 7.284605006376903,
        "mean_target_delta_fraction": 0.4726125643290459,
        "mean_target_effect": 4.446263566613197,
        "mean_terse_rank": 1.0,
        "n": 72,
        "patched_best_other_route": {
          "prose": 72
        },
        "patched_top1_rate": 0.5972222222222222,
        "success_change_rate": 0.4027777777777778
      },
      "degradation|random_layer_same_norm|L17": {
        "mean_delta_attn_norm": 19.647792683707344,
        "mean_delta_carry_est_norm": 83.83937062157526,
        "mean_delta_layer_norm": 92.96839555104573,
        "mean_delta_mlp_norm": 49.1720478799608,
        "mean_patched_rank": 6.138888888888889,
        "mean_pmv_effect": 1.3776041666666667,
        "mean_rank_effect": 5.138888888888889,
        "mean_short_rank": 167.69444444444446,
        "mean_target_delta": 7.284605006376903,
        "mean_target_delta_fraction": 0.4644166353069066,
        "mean_target_effect": 2.7887936300701566,
        "mean_terse_rank": 1.0,
        "n": 72,
        "patched_best_other_route": {
          "prose": 72
        },
        "patched_top1_rate": 0.6388888888888888,
        "success_change_rate": 0.3611111111111111
      },
      "degradation|random_layer_same_norm|L18": {
        "mean_delta_attn_norm": 33.51250619358487,
        "mean_delta_carry_est_norm": 92.96934911939833,
        "mean_delta_layer_norm": 101.96380339728461,
        "mean_delta_mlp_norm": 52.334949334462486,
        "mean_patched_rank": 11.805555555555555,
        "mean_pmv_effect": 1.2369791666666667,
        "mean_rank_effect": 10.805555555555555,
        "mean_short_rank": 167.69444444444446,
        "mean_target_delta": 7.284605006376903,
        "mean_target_delta_fraction": 0.6640823733072813,
        "mean_target_effect": 2.7924198077784643,
        "mean_terse_rank": 1.0,
        "n": 72,
        "patched_best_other_route": {
          "prose": 72
        },
        "patched_top1_rate": 0.6666666666666666,
        "success_change_rate": 0.3333333333333333
      },
      "degradation|remove_attn_est_layerout|L13": {
        "mean_delta_attn_norm": 36.0385914378696,
        "mean_delta_carry_est_norm": 47.001800537109375,
        "mean_delta_layer_norm": 59.6371963818868,
        "mean_delta_mlp_norm": 37.72106430265639,
        "mean_patched_rank": 2.986111111111111,
        "mean_pmv_effect": 1.9071180555555556,
        "mean_rank_effect": 1.9861111111111112,
        "mean_short_rank": 167.69444444444446,
        "mean_target_delta": 7.284605006376903,
        "mean_target_delta_fraction": 0.1289180794915261,
        "mean_target_effect": 3.2563615640004477,
        "mean_terse_rank": 1.0,
        "n": 72,
        "patched_best_other_route": {
          "prose": 72
        },
        "patched_top1_rate": 0.5416666666666666,
        "success_change_rate": 0.4583333333333333
      },
      "degradation|remove_attn_est_layerout|L14": {
        "mean_delta_attn_norm": 22.958033323287964,
        "mean_delta_carry_est_norm": 59.64136118359036,
        "mean_delta_layer_norm": 65.16753186119928,
        "mean_delta_mlp_norm": 35.61150521702237,
        "mean_patched_rank": 1.0416666666666667,
        "mean_pmv_effect": -0.006076388888888889,
        "mean_rank_effect": 0.041666666666666664,
        "mean_short_rank": 167.69444444444446,
        "mean_target_delta": 7.284605006376903,
        "mean_target_delta_fraction": 0.1273205890042575,
        "mean_target_effect": -1.565946916739146,
        "mean_terse_rank": 1.0,
        "n": 72,
        "patched_best_other_route": {
          "prose": 72
        },
        "patched_top1_rate": 0.9583333333333334,
        "success_change_rate": 0.041666666666666664
      },
      "degradation|remove_attn_est_layerout|L15": {
        "mean_delta_attn_norm": 21.35960364341736,
        "mean_delta_carry_est_norm": 65.16392114427354,
        "mean_delta_layer_norm": 72.5088112089369,
        "mean_delta_mlp_norm": 40.24841891394721,
        "mean_patched_rank": 1.2083333333333333,
        "mean_pmv_effect": 0.4279513888888889,
        "mean_rank_effect": 0.20833333333333334,
        "mean_short_rank": 167.69444444444446,
        "mean_target_delta": 7.284605006376903,
        "mean_target_delta_fraction": 0.2276289596732444,
        "mean_target_effect": 2.394306489162975,
        "mean_terse_rank": 1.0,
        "n": 72,
        "patched_best_other_route": {
          "prose": 72
        },
        "patched_top1_rate": 0.875,
        "success_change_rate": 0.125
      },
      "degradation|remove_attn_est_layerout|L16": {
        "mean_delta_attn_norm": 25.844602637820774,
        "mean_delta_carry_est_norm": 72.51135635375977,
        "mean_delta_layer_norm": 83.83914608425565,
        "mean_delta_mlp_norm": 44.58678754170736,
        "mean_patched_rank": 1.625,
        "mean_pmv_effect": 0.4904513888888889,
        "mean_rank_effect": 0.625,
        "mean_short_rank": 167.69444444444446,
        "mean_target_delta": 7.284605006376903,
        "mean_target_delta_fraction": -0.1443665733508544,
        "mean_target_effect": -0.99120408627722,
        "mean_terse_rank": 1.0,
        "n": 72,
        "patched_best_other_route": {
          "prose": 72
        },
        "patched_top1_rate": 0.75,
        "success_change_rate": 0.25
      },
      "degradation|remove_attn_est_layerout|L17": {
        "mean_delta_attn_norm": 19.647792683707344,
        "mean_delta_carry_est_norm": 83.83937062157526,
        "mean_delta_layer_norm": 92.96839555104573,
        "mean_delta_mlp_norm": 49.1720478799608,
        "mean_patched_rank": 1.0277777777777777,
        "mean_pmv_effect": -0.2621527777777778,
        "mean_rank_effect": 0.027777777777777776,
        "mean_short_rank": 167.69444444444446,
        "mean_target_delta": 7.284605006376903,
        "mean_target_delta_fraction": -0.0013122713840729291,
        "mean_target_effect": -0.03113057216008504,
        "mean_terse_rank": 1.0,
        "n": 72,
        "patched_best_other_route": {
          "prose": 72
        },
        "patched_top1_rate": 0.9722222222222222,
        "success_change_rate": 0.027777777777777776
      },
      "degradation|remove_attn_est_layerout|L18": {
        "mean_delta_attn_norm": 33.51250619358487,
        "mean_delta_carry_est_norm": 92.96934911939833,
        "mean_delta_layer_norm": 101.96380339728461,
        "mean_delta_mlp_norm": 52.334949334462486,
        "mean_patched_rank": 1.7916666666666667,
        "mean_pmv_effect": 0.6840277777777778,
        "mean_rank_effect": 0.7916666666666666,
        "mean_short_rank": 167.69444444444446,
        "mean_target_delta": 7.284605006376903,
        "mean_target_delta_fraction": 0.06132543114248579,
        "mean_target_effect": 0.925809943013721,
        "mean_terse_rank": 1.0,
        "n": 72,
        "patched_best_other_route": {
          "prose": 72
        },
        "patched_top1_rate": 0.6666666666666666,
        "success_change_rate": 0.3333333333333333
      },
      "degradation|remove_carry_est_layerout|L13": {
        "mean_delta_attn_norm": 36.0385914378696,
        "mean_delta_carry_est_norm": 47.001800537109375,
        "mean_delta_layer_norm": 59.6371963818868,
        "mean_delta_mlp_norm": 37.72106430265639,
        "mean_patched_rank": 1.1666666666666667,
        "mean_pmv_effect": 0.15104166666666666,
        "mean_rank_effect": 0.16666666666666666,
        "mean_short_rank": 167.69444444444446,
        "mean_target_delta": 7.284605006376903,
        "mean_target_delta_fraction": -0.34183967083862166,
        "mean_target_effect": -2.0465332865715027,
        "mean_terse_rank": 1.0,
        "n": 72,
        "patched_best_other_route": {
          "prose": 72
        },
        "patched_top1_rate": 0.8472222222222222,
        "success_change_rate": 0.1527777777777778
      },
      "degradation|remove_carry_est_layerout|L14": {
        "mean_delta_attn_norm": 22.958033323287964,
        "mean_delta_carry_est_norm": 59.64136118359036,
        "mean_delta_layer_norm": 65.16753186119928,
        "mean_delta_mlp_norm": 35.61150521702237,
        "mean_patched_rank": 12.98611111111111,
        "mean_pmv_effect": 3.3559027777777777,
        "mean_rank_effect": 11.98611111111111,
        "mean_short_rank": 167.69444444444446,
        "mean_target_delta": 7.284605006376903,
        "mean_target_delta_fraction": 0.41496465077140804,
        "mean_target_effect": 3.743281920750936,
        "mean_terse_rank": 1.0,
        "n": 72,
        "patched_best_other_route": {
          "prose": 72
        },
        "patched_top1_rate": 0.2777777777777778,
        "success_change_rate": 0.7222222222222222
      },
      "degradation|remove_carry_est_layerout|L15": {
        "mean_delta_attn_norm": 21.35960364341736,
        "mean_delta_carry_est_norm": 65.16392114427354,
        "mean_delta_layer_norm": 72.5088112089369,
        "mean_delta_mlp_norm": 40.24841891394721,
        "mean_patched_rank": 20.180555555555557,
        "mean_pmv_effect": 4.032552083333333,
        "mean_rank_effect": 19.180555555555557,
        "mean_short_rank": 167.69444444444446,
        "mean_target_delta": 7.284605006376903,
        "mean_target_delta_fraction": 0.7968746768540425,
        "mean_target_effect": 3.6453691257370844,
        "mean_terse_rank": 1.0,
        "n": 72,
        "patched_best_other_route": {
          "prose": 72
        },
        "patched_top1_rate": 0.1111111111111111,
        "success_change_rate": 0.8888888888888888
      },
      "degradation|remove_carry_est_layerout|L16": {
        "mean_delta_attn_norm": 25.844602637820774,
        "mean_delta_carry_est_norm": 72.51135635375977,
        "mean_delta_layer_norm": 83.83914608425565,
        "mean_delta_mlp_norm": 44.58678754170736,
        "mean_patched_rank": 19.666666666666668,
        "mean_pmv_effect": 4.240451388888889,
        "mean_rank_effect": 18.666666666666668,
        "mean_short_rank": 167.69444444444446,
        "mean_target_delta": 7.284605006376903,
        "mean_target_delta_fraction": 0.9305428362732064,
        "mean_target_effect": 11.059076459871399,
        "mean_terse_rank": 1.0,
        "n": 72,
        "patched_best_other_route": {
          "prose": 72
        },
        "patched_top1_rate": 0.1388888888888889,
        "success_change_rate": 0.8611111111111112
      },
      "degradation|remove_carry_est_layerout|L17": {
        "mean_delta_attn_norm": 19.647792683707344,
        "mean_delta_carry_est_norm": 83.83937062157526,
        "mean_delta_layer_norm": 92.96839555104573,
        "mean_delta_mlp_norm": 49.1720478799608,
        "mean_patched_rank": 86.23611111111111,
        "mean_pmv_effect": 4.904513888888889,
        "mean_rank_effect": 85.23611111111111,
        "mean_short_rank": 167.69444444444446,
        "mean_target_delta": 7.284605006376903,
        "mean_target_delta_fraction": 1.0367408270041796,
        "mean_target_effect": 6.875488935245408,
        "mean_terse_rank": 1.0,
        "n": 72,
        "patched_best_other_route": {
          "continuation": 4,
          "prose": 68
        },
        "patched_top1_rate": 0.125,
        "success_change_rate": 0.875
      },
      "degradation|remove_carry_est_layerout|L18": {
        "mean_delta_attn_norm": 33.51250619358487,
        "mean_delta_carry_est_norm": 92.96934911939833,
        "mean_delta_layer_norm": 101.96380339728461,
        "mean_delta_mlp_norm": 52.334949334462486,
        "mean_patched_rank": 4.152777777777778,
        "mean_pmv_effect": 2.126736111111111,
        "mean_rank_effect": 3.1527777777777777,
        "mean_short_rank": 167.69444444444446,
        "mean_target_delta": 7.284605006376903,
        "mean_target_delta_fraction": 0.8718403006896108,
        "mean_target_effect": 2.873620713750521,
        "mean_terse_rank": 1.0,
        "n": 72,
        "patched_best_other_route": {
          "prose": 72
        },
        "patched_top1_rate": 0.4027777777777778,
        "success_change_rate": 0.5972222222222222
      },
      "degradation|remove_mlp_est_layerout|L13": {
        "mean_delta_attn_norm": 36.0385914378696,
        "mean_delta_carry_est_norm": 47.001800537109375,
        "mean_delta_layer_norm": 59.6371963818868,
        "mean_delta_mlp_norm": 37.72106430265639,
        "mean_patched_rank": 2.125,
        "mean_pmv_effect": 1.015625,
        "mean_rank_effect": 1.125,
        "mean_short_rank": 167.69444444444446,
        "mean_target_delta": 7.284605006376903,
        "mean_target_delta_fraction": 0.21290346495523033,
        "mean_target_effect": 3.640684569875399,
        "mean_terse_rank": 1.0,
        "n": 72,
        "patched_best_other_route": {
          "prose": 72
        },
        "patched_top1_rate": 0.6388888888888888,
        "success_change_rate": 0.3611111111111111
      },
      "degradation|remove_mlp_est_layerout|L14": {
        "mean_delta_attn_norm": 22.958033323287964,
        "mean_delta_carry_est_norm": 59.64136118359036,
        "mean_delta_layer_norm": 65.16753186119928,
        "mean_delta_mlp_norm": 35.61150521702237,
        "mean_patched_rank": 1.7083333333333333,
        "mean_pmv_effect": 0.8984375,
        "mean_rank_effect": 0.7083333333333334,
        "mean_short_rank": 167.69444444444446,
        "mean_target_delta": 7.284605006376903,
        "mean_target_delta_fraction": -0.2757828752713139,
        "mean_target_effect": 2.9376779364215,
        "mean_terse_rank": 1.0,
        "n": 72,
        "patched_best_other_route": {
          "prose": 72
        },
        "patched_top1_rate": 0.7083333333333334,
        "success_change_rate": 0.2916666666666667
      },
      "degradation|remove_mlp_est_layerout|L15": {
        "mean_delta_attn_norm": 21.35960364341736,
        "mean_delta_carry_est_norm": 65.16392114427354,
        "mean_delta_layer_norm": 72.5088112089369,
        "mean_delta_mlp_norm": 40.24841891394721,
        "mean_patched_rank": 1.1527777777777777,
        "mean_pmv_effect": -0.2013888888888889,
        "mean_rank_effect": 0.1527777777777778,
        "mean_short_rank": 167.69444444444446,
        "mean_target_delta": 7.284605006376903,
        "mean_target_delta_fraction": -0.15736209247665464,
        "mean_target_effect": 0.9430792447593477,
        "mean_terse_rank": 1.0,
        "n": 72,
        "patched_best_other_route": {
          "prose": 72
        },
        "patched_top1_rate": 0.9027777777777778,
        "success_change_rate": 0.09722222222222222
      },
      "degradation|remove_mlp_est_layerout|L16": {
        "mean_delta_attn_norm": 25.844602637820774,
        "mean_delta_carry_est_norm": 72.51135635375977,
        "mean_delta_layer_norm": 83.83914608425565,
        "mean_delta_mlp_norm": 44.58678754170736,
        "mean_patched_rank": 1.0,
        "mean_pmv_effect": -0.7760416666666666,
        "mean_rank_effect": 0.0,
        "mean_short_rank": 167.69444444444446,
        "mean_target_delta": 7.284605006376903,
        "mean_target_delta_fraction": 0.017070505961061223,
        "mean_target_effect": -4.111089242829217,
        "mean_terse_rank": 1.0,
        "n": 72,
        "patched_best_other_route": {
          "continuation": 3,
          "prose": 69
        },
        "patched_top1_rate": 1.0,
        "success_change_rate": 0.0
      },
      "degradation|remove_mlp_est_layerout|L17": {
        "mean_delta_attn_norm": 19.647792683707344,
        "mean_delta_carry_est_norm": 83.83937062157526,
        "mean_delta_layer_norm": 92.96839555104573,
        "mean_delta_mlp_norm": 49.1720478799608,
        "mean_patched_rank": 1.0416666666666667,
        "mean_pmv_effect": -0.12239583333333333,
        "mean_rank_effect": 0.041666666666666664,
        "mean_short_rank": 167.69444444444446,
        "mean_target_delta": 7.284605006376903,
        "mean_target_delta_fraction": 0.13968240926064313,
        "mean_target_effect": -0.05432815021938748,
        "mean_terse_rank": 1.0,
        "n": 72,
        "patched_best_other_route": {
          "prose": 72
        },
        "patched_top1_rate": 0.9583333333333334,
        "success_change_rate": 0.041666666666666664
      },
      "degradation|remove_mlp_est_layerout|L18": {
        "mean_delta_attn_norm": 33.51250619358487,
        "mean_delta_carry_est_norm": 92.96934911939833,
        "mean_delta_layer_norm": 101.96380339728461,
        "mean_delta_mlp_norm": 52.334949334462486,
        "mean_patched_rank": 2.138888888888889,
        "mean_pmv_effect": 0.9496527777777778,
        "mean_rank_effect": 1.1388888888888888,
        "mean_short_rank": 167.69444444444446,
        "mean_target_delta": 7.284605006376903,
        "mean_target_delta_fraction": 0.15293744699546388,
        "mean_target_effect": 4.326480754547649,
        "mean_terse_rank": 1.0,
        "n": 72,
        "patched_best_other_route": {
          "prose": 72
        },
        "patched_top1_rate": 0.6527777777777778,
        "success_change_rate": 0.3472222222222222
      },
      "restore|attn_delta|L13": {
        "mean_delta_attn_norm": 36.0385914378696,
        "mean_delta_carry_est_norm": 47.001800537109375,
        "mean_delta_layer_norm": 59.6371963818868,
        "mean_delta_mlp_norm": 37.72106430265639,
        "mean_patched_rank": 27.944444444444443,
        "mean_pmv_effect": 2.8368055555555554,
        "mean_rank_effect": 139.75,
        "mean_short_rank": 167.69444444444446,
        "mean_target_delta": 7.284605006376903,
        "mean_target_delta_fraction": 0.5068909320206334,
        "mean_target_effect": 5.648863719569312,
        "mean_terse_rank": 1.0,
        "n": 72,
        "patched_best_other_route": {
          "continuation": 8,
          "prose": 64
        },
        "patched_top1_rate": 0.25,
        "success_change_rate": 0.25
      },
      "restore|attn_delta|L14": {
        "mean_delta_attn_norm": 22.958033323287964,
        "mean_delta_carry_est_norm": 59.64136118359036,
        "mean_delta_layer_norm": 65.16753186119928,
        "mean_delta_mlp_norm": 35.61150521702237,
        "mean_patched_rank": 179.05555555555554,
        "mean_pmv_effect": 0.24479166666666666,
        "mean_rank_effect": -11.36111111111111,
        "mean_short_rank": 167.69444444444446,
        "mean_target_delta": 7.284605006376903,
        "mean_target_delta_fraction": 0.21749161474336065,
        "mean_target_effect": 0.001405883166525099,
        "mean_terse_rank": 1.0,
        "n": 72,
        "patched_best_other_route": {
          "prose": 72
        },
        "patched_top1_rate": 0.027777777777777776,
        "success_change_rate": 0.027777777777777776
      },
      "restore|attn_delta|L15": {
        "mean_delta_attn_norm": 21.35960364341736,
        "mean_delta_carry_est_norm": 65.16392114427354,
        "mean_delta_layer_norm": 72.5088112089369,
        "mean_delta_mlp_norm": 40.24841891394721,
        "mean_patched_rank": 258.875,
        "mean_pmv_effect": -1.0434027777777777,
        "mean_rank_effect": -91.18055555555556,
        "mean_short_rank": 167.69444444444446,
        "mean_target_delta": 7.284605006376903,
        "mean_target_delta_fraction": -0.04132542038176352,
        "mean_target_effect": 0.006568627225028144,
        "mean_terse_rank": 1.0,
        "n": 72,
        "patched_best_other_route": {
          "prose": 72
        },
        "patched_top1_rate": 0.0,
        "success_change_rate": 0.0
      },
      "restore|attn_delta|L16": {
        "mean_delta_attn_norm": 25.844602637820774,
        "mean_delta_carry_est_norm": 72.51135635375977,
        "mean_delta_layer_norm": 83.83914608425565,
        "mean_delta_mlp_norm": 44.58678754170736,
        "mean_patched_rank": 138.15277777777777,
        "mean_pmv_effect": -0.12152777777777778,
        "mean_rank_effect": 29.541666666666668,
        "mean_short_rank": 167.69444444444446,
        "mean_target_delta": 7.284605006376903,
        "mean_target_delta_fraction": 0.1744153505809651,
        "mean_target_effect": -0.5624575979179807,
        "mean_terse_rank": 1.0,
        "n": 72,
        "patched_best_other_route": {
          "prose": 72
        },
        "patched_top1_rate": 0.027777777777777776,
        "success_change_rate": 0.027777777777777776
      },
      "restore|attn_delta|L17": {
        "mean_delta_attn_norm": 19.647792683707344,
        "mean_delta_carry_est_norm": 83.83937062157526,
        "mean_delta_layer_norm": 92.96839555104573,
        "mean_delta_mlp_norm": 49.1720478799608,
        "mean_patched_rank": 269.69444444444446,
        "mean_pmv_effect": -0.4522569444444444,
        "mean_rank_effect": -102.0,
        "mean_short_rank": 167.69444444444446,
        "mean_target_delta": 7.284605006376903,
        "mean_target_delta_fraction": -0.19841148365740727,
        "mean_target_effect": -0.13714728587203556,
        "mean_terse_rank": 1.0,
        "n": 72,
        "patched_best_other_route": {
          "continuation": 3,
          "prose": 69
        },
        "patched_top1_rate": 0.0,
        "success_change_rate": 0.0
      },
      "restore|attn_delta|L18": {
        "mean_delta_attn_norm": 33.51250619358487,
        "mean_delta_carry_est_norm": 92.96934911939833,
        "mean_delta_layer_norm": 101.96380339728461,
        "mean_delta_mlp_norm": 52.334949334462486,
        "mean_patched_rank": 78.95833333333333,
        "mean_pmv_effect": 1.6293402777777777,
        "mean_rank_effect": 88.73611111111111,
        "mean_short_rank": 167.69444444444446,
        "mean_target_delta": 7.284605006376903,
        "mean_target_delta_fraction": 0.18043653541831214,
        "mean_target_effect": 1.7157632112503052,
        "mean_terse_rank": 1.0,
        "n": 72,
        "patched_best_other_route": {
          "continuation": 2,
          "prose": 70
        },
        "patched_top1_rate": 0.18055555555555555,
        "success_change_rate": 0.18055555555555555
      },
      "restore|attn_mlp_delta|L13": {
        "mean_delta_attn_norm": 36.0385914378696,
        "mean_delta_carry_est_norm": 47.001800537109375,
        "mean_delta_layer_norm": 59.6371963818868,
        "mean_delta_mlp_norm": 37.72106430265639,
        "mean_patched_rank": 24.59722222222222,
        "mean_pmv_effect": 3.3563368055555554,
        "mean_rank_effect": 143.09722222222223,
        "mean_short_rank": 167.69444444444446,
        "mean_target_delta": 7.284605006376903,
        "mean_target_delta_fraction": 0.681146802075907,
        "mean_target_effect": 6.2814672986666364,
        "mean_terse_rank": 1.0,
        "n": 72,
        "patched_best_other_route": {
          "continuation": 12,
          "prose": 60
        },
        "patched_top1_rate": 0.3472222222222222,
        "success_change_rate": 0.3472222222222222
      },
      "restore|attn_mlp_delta|L14": {
        "mean_delta_attn_norm": 22.958033323287964,
        "mean_delta_carry_est_norm": 59.64136118359036,
        "mean_delta_layer_norm": 65.16753186119928,
        "mean_delta_mlp_norm": 35.61150521702237,
        "mean_patched_rank": 216.61111111111111,
        "mean_pmv_effect": -0.04513888888888889,
        "mean_rank_effect": -48.916666666666664,
        "mean_short_rank": 167.69444444444446,
        "mean_target_delta": 7.284605006376903,
        "mean_target_delta_fraction": 0.32415209690518576,
        "mean_target_effect": 0.8078811830944486,
        "mean_terse_rank": 1.0,
        "n": 72,
        "patched_best_other_route": {
          "prose": 72
        },
        "patched_top1_rate": 0.041666666666666664,
        "success_change_rate": 0.041666666666666664
      },
      "restore|attn_mlp_delta|L15": {
        "mean_delta_attn_norm": 21.35960364341736,
        "mean_delta_carry_est_norm": 65.16392114427354,
        "mean_delta_layer_norm": 72.5088112089369,
        "mean_delta_mlp_norm": 40.24841891394721,
        "mean_patched_rank": 349.65277777777777,
        "mean_pmv_effect": -1.2953559027777777,
        "mean_rank_effect": -181.95833333333334,
        "mean_short_rank": 167.69444444444446,
        "mean_target_delta": 7.284605006376903,
        "mean_target_delta_fraction": -0.0659723646084538,
        "mean_target_effect": 0.3285688857237498,
        "mean_terse_rank": 1.0,
        "n": 72,
        "patched_best_other_route": {
          "prose": 72
        },
        "patched_top1_rate": 0.013888888888888888,
        "success_change_rate": 0.013888888888888888
      },
      "restore|attn_mlp_delta|L16": {
        "mean_delta_attn_norm": 25.844602637820774,
        "mean_delta_carry_est_norm": 72.51135635375977,
        "mean_delta_layer_norm": 83.83914608425565,
        "mean_delta_mlp_norm": 44.58678754170736,
        "mean_patched_rank": 150.76388888888889,
        "mean_pmv_effect": -0.8923611111111112,
        "mean_rank_effect": 16.930555555555557,
        "mean_short_rank": 167.69444444444446,
        "mean_target_delta": 7.284605006376903,
        "mean_target_delta_fraction": -0.2887659097099581,
        "mean_target_effect": -5.1167935695913105,
        "mean_terse_rank": 1.0,
        "n": 72,
        "patched_best_other_route": {
          "prose": 72
        },
        "patched_top1_rate": 0.013888888888888888,
        "success_change_rate": 0.013888888888888888
      },
      "restore|attn_mlp_delta|L17": {
        "mean_delta_attn_norm": 19.647792683707344,
        "mean_delta_carry_est_norm": 83.83937062157526,
        "mean_delta_layer_norm": 92.96839555104573,
        "mean_delta_mlp_norm": 49.1720478799608,
        "mean_patched_rank": 436.72222222222223,
        "mean_pmv_effect": -1.5542534722222223,
        "mean_rank_effect": -269.02777777777777,
        "mean_short_rank": 167.69444444444446,
        "mean_target_delta": 7.284605006376903,
        "mean_target_delta_fraction": -0.14781016729446483,
        "mean_target_effect": -1.6485933280653424,
        "mean_terse_rank": 1.0,
        "n": 72,
        "patched_best_other_route": {
          "continuation": 9,
          "prose": 63
        },
        "patched_top1_rate": 0.0,
        "success_change_rate": 0.0
      },
      "restore|attn_mlp_delta|L18": {
        "mean_delta_attn_norm": 33.51250619358487,
        "mean_delta_carry_est_norm": 92.96934911939833,
        "mean_delta_layer_norm": 101.96380339728461,
        "mean_delta_mlp_norm": 52.334949334462486,
        "mean_patched_rank": 16.86111111111111,
        "mean_pmv_effect": 3.0086805555555554,
        "mean_rank_effect": 150.83333333333334,
        "mean_short_rank": 167.69444444444446,
        "mean_target_delta": 7.284605006376903,
        "mean_target_delta_fraction": 0.23214873726086477,
        "mean_target_effect": 5.5756483773390455,
        "mean_terse_rank": 1.0,
        "n": 72,
        "patched_best_other_route": {
          "prose": 72
        },
        "patched_top1_rate": 0.25,
        "success_change_rate": 0.25
      },
      "restore|carry_est_layerout|L13": {
        "mean_delta_attn_norm": 36.0385914378696,
        "mean_delta_carry_est_norm": 47.001800537109375,
        "mean_delta_layer_norm": 59.6371963818868,
        "mean_delta_mlp_norm": 37.72106430265639,
        "mean_patched_rank": 84.61111111111111,
        "mean_pmv_effect": 1.5021701388888888,
        "mean_rank_effect": 83.08333333333333,
        "mean_short_rank": 167.69444444444446,
        "mean_target_delta": 7.284605006376903,
        "mean_target_delta_fraction": -0.09391571186000297,
        "mean_target_effect": 1.7667092680931091,
        "mean_terse_rank": 1.0,
        "n": 72,
        "patched_best_other_route": {
          "continuation": 1,
          "prose": 71
        },
        "patched_top1_rate": 0.16666666666666666,
        "success_change_rate": 0.16666666666666666
      },
      "restore|carry_est_layerout|L14": {
        "mean_delta_attn_norm": 22.958033323287964,
        "mean_delta_carry_est_norm": 59.64136118359036,
        "mean_delta_layer_norm": 65.16753186119928,
        "mean_delta_mlp_norm": 35.61150521702237,
        "mean_patched_rank": 20.791666666666668,
        "mean_pmv_effect": 3.2786458333333335,
        "mean_rank_effect": 146.90277777777777,
        "mean_short_rank": 167.69444444444446,
        "mean_target_delta": 7.284605006376903,
        "mean_target_delta_fraction": 0.6868149484802658,
        "mean_target_effect": 4.258542229731877,
        "mean_terse_rank": 1.0,
        "n": 72,
        "patched_best_other_route": {
          "continuation": 3,
          "prose": 69
        },
        "patched_top1_rate": 0.3333333333333333,
        "success_change_rate": 0.3333333333333333
      },
      "restore|carry_est_layerout|L15": {
        "mean_delta_attn_norm": 21.35960364341736,
        "mean_delta_carry_est_norm": 65.16392114427354,
        "mean_delta_layer_norm": 72.5088112089369,
        "mean_delta_mlp_norm": 40.24841891394721,
        "mean_patched_rank": 3.2083333333333335,
        "mean_pmv_effect": 5.933159722222222,
        "mean_rank_effect": 164.48611111111111,
        "mean_short_rank": 167.69444444444446,
        "mean_target_delta": 7.284605006376903,
        "mean_target_delta_fraction": 0.9755239948256101,
        "mean_target_effect": 7.619488726059596,
        "mean_terse_rank": 1.0,
        "n": 72,
        "patched_best_other_route": {
          "continuation": 11,
          "prose": 61
        },
        "patched_top1_rate": 0.7083333333333334,
        "success_change_rate": 0.7083333333333334
      },
      "restore|carry_est_layerout|L16": {
        "mean_delta_attn_norm": 25.844602637820774,
        "mean_delta_carry_est_norm": 72.51135635375977,
        "mean_delta_layer_norm": 83.83914608425565,
        "mean_delta_mlp_norm": 44.58678754170736,
        "mean_patched_rank": 10.597222222222221,
        "mean_pmv_effect": 4.932291666666667,
        "mean_rank_effect": 157.09722222222223,
        "mean_short_rank": 167.69444444444446,
        "mean_target_delta": 7.284605006376903,
        "mean_target_delta_fraction": 1.1981954521715101,
        "mean_target_effect": 10.800101161003113,
        "mean_terse_rank": 1.0,
        "n": 72,
        "patched_best_other_route": {
          "continuation": 19,
          "prose": 53
        },
        "patched_top1_rate": 0.4722222222222222,
        "success_change_rate": 0.4722222222222222
      },
      "restore|carry_est_layerout|L17": {
        "mean_delta_attn_norm": 19.647792683707344,
        "mean_delta_carry_est_norm": 83.83937062157526,
        "mean_delta_layer_norm": 92.96839555104573,
        "mean_delta_mlp_norm": 49.1720478799608,
        "mean_patched_rank": 3.4305555555555554,
        "mean_pmv_effect": 5.115017361111111,
        "mean_rank_effect": 164.26388888888889,
        "mean_short_rank": 167.69444444444446,
        "mean_target_delta": 7.284605006376903,
        "mean_target_delta_fraction": 0.7312000246069045,
        "mean_target_effect": 5.4374073048432665,
        "mean_terse_rank": 1.0,
        "n": 72,
        "patched_best_other_route": {
          "prose": 72
        },
        "patched_top1_rate": 0.6388888888888888,
        "success_change_rate": 0.6388888888888888
      },
      "restore|carry_est_layerout|L18": {
        "mean_delta_attn_norm": 33.51250619358487,
        "mean_delta_carry_est_norm": 92.96934911939833,
        "mean_delta_layer_norm": 101.96380339728461,
        "mean_delta_mlp_norm": 52.334949334462486,
        "mean_patched_rank": 65.47222222222223,
        "mean_pmv_effect": 1.6649305555555556,
        "mean_rank_effect": 102.22222222222223,
        "mean_short_rank": 167.69444444444446,
        "mean_target_delta": 7.284605006376903,
        "mean_target_delta_fraction": 0.49545855211972145,
        "mean_target_effect": -0.5237942917479409,
        "mean_terse_rank": 1.0,
        "n": 72,
        "patched_best_other_route": {
          "prose": 72
        },
        "patched_top1_rate": 0.18055555555555555,
        "success_change_rate": 0.18055555555555555
      },
      "restore|full_layer_delta|L13": {
        "mean_delta_attn_norm": 36.0385914378696,
        "mean_delta_carry_est_norm": 47.001800537109375,
        "mean_delta_layer_norm": 59.6371963818868,
        "mean_delta_mlp_norm": 37.72106430265639,
        "mean_patched_rank": 13.98611111111111,
        "mean_pmv_effect": 3.9231770833333335,
        "mean_rank_effect": 153.70833333333334,
        "mean_short_rank": 167.69444444444446,
        "mean_target_delta": 7.284605006376903,
        "mean_target_delta_fraction": 0.5897455211212002,
        "mean_target_effect": 6.539936516020033,
        "mean_terse_rank": 1.0,
        "n": 72,
        "patched_best_other_route": {
          "continuation": 1,
          "prose": 71
        },
        "patched_top1_rate": 0.3888888888888889,
        "success_change_rate": 0.3888888888888889
      },
      "restore|full_layer_delta|L14": {
        "mean_delta_attn_norm": 22.958033323287964,
        "mean_delta_carry_est_norm": 59.64136118359036,
        "mean_delta_layer_norm": 65.16753186119928,
        "mean_delta_mlp_norm": 35.61150521702237,
        "mean_patched_rank": 11.01388888888889,
        "mean_pmv_effect": 4.226128472222222,
        "mean_rank_effect": 156.68055555555554,
        "mean_short_rank": 167.69444444444446,
        "mean_target_delta": 7.284605006376903,
        "mean_target_delta_fraction": 0.6241851958813824,
        "mean_target_effect": 5.900827440950605,
        "mean_terse_rank": 1.0,
        "n": 72,
        "patched_best_other_route": {
          "continuation": 3,
          "prose": 69
        },
        "patched_top1_rate": 0.4305555555555556,
        "success_change_rate": 0.4305555555555556
      },
      "restore|full_layer_delta|L15": {
        "mean_delta_attn_norm": 21.35960364341736,
        "mean_delta_carry_est_norm": 65.16392114427354,
        "mean_delta_layer_norm": 72.5088112089369,
        "mean_delta_mlp_norm": 40.24841891394721,
        "mean_patched_rank": 5.902777777777778,
        "mean_pmv_effect": 4.923177083333333,
        "mean_rank_effect": 161.79166666666666,
        "mean_short_rank": 167.69444444444446,
        "mean_target_delta": 7.284605006376903,
        "mean_target_delta_fraction": 0.6208916177272941,
        "mean_target_effect": 6.262509918875164,
        "mean_terse_rank": 1.0,
        "n": 72,
        "patched_best_other_route": {
          "prose": 72
        },
        "patched_top1_rate": 0.5972222222222222,
        "success_change_rate": 0.5972222222222222
      },
      "restore|full_layer_delta|L16": {
        "mean_delta_attn_norm": 25.844602637820774,
        "mean_delta_carry_est_norm": 72.51135635375977,
        "mean_delta_layer_norm": 83.83914608425565,
        "mean_delta_mlp_norm": 44.58678754170736,
        "mean_patched_rank": 4.916666666666667,
        "mean_pmv_effect": 4.370659722222222,
        "mean_rank_effect": 162.77777777777777,
        "mean_short_rank": 167.69444444444446,
        "mean_target_delta": 7.284605006376903,
        "mean_target_delta_fraction": 0.5922775513647719,
        "mean_target_effect": 4.870584199825923,
        "mean_terse_rank": 1.0,
        "n": 72,
        "patched_best_other_route": {
          "prose": 72
        },
        "patched_top1_rate": 0.4861111111111111,
        "success_change_rate": 0.4861111111111111
      },
      "restore|full_layer_delta|L17": {
        "mean_delta_attn_norm": 19.647792683707344,
        "mean_delta_carry_est_norm": 83.83937062157526,
        "mean_delta_layer_norm": 92.96839555104573,
        "mean_delta_mlp_norm": 49.1720478799608,
        "mean_patched_rank": 3.6944444444444446,
        "mean_pmv_effect": 4.651041666666667,
        "mean_rank_effect": 164.0,
        "mean_short_rank": 167.69444444444446,
        "mean_target_delta": 7.284605006376903,
        "mean_target_delta_fraction": 0.6778592966715391,
        "mean_target_effect": 5.117977655596203,
        "mean_terse_rank": 1.0,
        "n": 72,
        "patched_best_other_route": {
          "prose": 72
        },
        "patched_top1_rate": 0.5694444444444444,
        "success_change_rate": 0.5694444444444444
      },
      "restore|full_layer_delta|L18": {
        "mean_delta_attn_norm": 33.51250619358487,
        "mean_delta_carry_est_norm": 92.96934911939833,
        "mean_delta_layer_norm": 101.96380339728461,
        "mean_delta_mlp_norm": 52.334949334462486,
        "mean_patched_rank": 1.5972222222222223,
        "mean_pmv_effect": 5.626736111111111,
        "mean_rank_effect": 166.09722222222223,
        "mean_short_rank": 167.69444444444446,
        "mean_target_delta": 7.284605006376903,
        "mean_target_delta_fraction": 0.8644649138358357,
        "mean_target_effect": 6.682131429513295,
        "mean_terse_rank": 1.0,
        "n": 72,
        "patched_best_other_route": {
          "prose": 72
        },
        "patched_top1_rate": 0.7916666666666666,
        "success_change_rate": 0.7916666666666666
      },
      "restore|layer_minus_attn_delta|L13": {
        "mean_delta_attn_norm": 36.0385914378696,
        "mean_delta_carry_est_norm": 47.001800537109375,
        "mean_delta_layer_norm": 59.6371963818868,
        "mean_delta_mlp_norm": 37.72106430265639,
        "mean_patched_rank": 96.55555555555556,
        "mean_pmv_effect": 1.3580729166666667,
        "mean_rank_effect": 71.13888888888889,
        "mean_short_rank": 167.69444444444446,
        "mean_target_delta": 7.284605006376903,
        "mean_target_delta_fraction": 0.4107035651206593,
        "mean_target_effect": 2.4811825073427625,
        "mean_terse_rank": 1.0,
        "n": 72,
        "patched_best_other_route": {
          "continuation": 2,
          "prose": 70
        },
        "patched_top1_rate": 0.1111111111111111,
        "success_change_rate": 0.1111111111111111
      },
      "restore|layer_minus_attn_delta|L14": {
        "mean_delta_attn_norm": 22.958033323287964,
        "mean_delta_carry_est_norm": 59.64136118359036,
        "mean_delta_layer_norm": 65.16753186119928,
        "mean_delta_mlp_norm": 35.61150521702237,
        "mean_patched_rank": 17.13888888888889,
        "mean_pmv_effect": 3.8159722222222223,
        "mean_rank_effect": 150.55555555555554,
        "mean_short_rank": 167.69444444444446,
        "mean_target_delta": 7.284605006376903,
        "mean_target_delta_fraction": 0.5007533333001,
        "mean_target_effect": 6.332561843925053,
        "mean_terse_rank": 1.0,
        "n": 72,
        "patched_best_other_route": {
          "continuation": 1,
          "prose": 71
        },
        "patched_top1_rate": 0.4166666666666667,
        "success_change_rate": 0.4166666666666667
      },
      "restore|layer_minus_attn_delta|L15": {
        "mean_delta_attn_norm": 21.35960364341736,
        "mean_delta_carry_est_norm": 65.16392114427354,
        "mean_delta_layer_norm": 72.5088112089369,
        "mean_delta_mlp_norm": 40.24841891394721,
        "mean_patched_rank": 5.194444444444445,
        "mean_pmv_effect": 4.999565972222222,
        "mean_rank_effect": 162.5,
        "mean_short_rank": 167.69444444444446,
        "mean_target_delta": 7.284605006376903,
        "mean_target_delta_fraction": 0.4344306251769241,
        "mean_target_effect": 5.214366449250115,
        "mean_terse_rank": 1.0,
        "n": 72,
        "patched_best_other_route": {
          "continuation": 1,
          "prose": 71
        },
        "patched_top1_rate": 0.5555555555555556,
        "success_change_rate": 0.5555555555555556
      },
      "restore|layer_minus_attn_delta|L16": {
        "mean_delta_attn_norm": 25.844602637820774,
        "mean_delta_carry_est_norm": 72.51135635375977,
        "mean_delta_layer_norm": 83.83914608425565,
        "mean_delta_mlp_norm": 44.58678754170736,
        "mean_patched_rank": 26.72222222222222,
        "mean_pmv_effect": 2.9574652777777777,
        "mean_rank_effect": 140.97222222222223,
        "mean_short_rank": 167.69444444444446,
        "mean_target_delta": 7.284605006376903,
        "mean_target_delta_fraction": 0.7134065201973406,
        "mean_target_effect": 6.189460343784756,
        "mean_terse_rank": 1.0,
        "n": 72,
        "patched_best_other_route": {
          "continuation": 1,
          "prose": 71
        },
        "patched_top1_rate": 0.2361111111111111,
        "success_change_rate": 0.2361111111111111
      },
      "restore|layer_minus_attn_delta|L17": {
        "mean_delta_attn_norm": 19.647792683707344,
        "mean_delta_carry_est_norm": 83.83937062157526,
        "mean_delta_layer_norm": 92.96839555104573,
        "mean_delta_mlp_norm": 49.1720478799608,
        "mean_patched_rank": 2.875,
        "mean_pmv_effect": 5.1875,
        "mean_rank_effect": 164.81944444444446,
        "mean_short_rank": 167.69444444444446,
        "mean_target_delta": 7.284605006376903,
        "mean_target_delta_fraction": 0.5713574330864631,
        "mean_target_effect": 5.443186362584432,
        "mean_terse_rank": 1.0,
        "n": 72,
        "patched_best_other_route": {
          "prose": 72
        },
        "patched_top1_rate": 0.7222222222222222,
        "success_change_rate": 0.7222222222222222
      },
      "restore|layer_minus_attn_delta|L18": {
        "mean_delta_attn_norm": 33.51250619358487,
        "mean_delta_carry_est_norm": 92.96934911939833,
        "mean_delta_layer_norm": 101.96380339728461,
        "mean_delta_mlp_norm": 52.334949334462486,
        "mean_patched_rank": 6.027777777777778,
        "mean_pmv_effect": 4.54296875,
        "mean_rank_effect": 161.66666666666666,
        "mean_short_rank": 167.69444444444446,
        "mean_target_delta": 7.284605006376903,
        "mean_target_delta_fraction": 0.6214661206606076,
        "mean_target_effect": 5.219481584098604,
        "mean_terse_rank": 1.0,
        "n": 72,
        "patched_best_other_route": {
          "prose": 72
        },
        "patched_top1_rate": 0.4861111111111111,
        "success_change_rate": 0.4861111111111111
      },
      "restore|layer_minus_mlp_delta|L13": {
        "mean_delta_attn_norm": 36.0385914378696,
        "mean_delta_carry_est_norm": 47.001800537109375,
        "mean_delta_layer_norm": 59.6371963818868,
        "mean_delta_mlp_norm": 37.72106430265639,
        "mean_patched_rank": 38.736111111111114,
        "mean_pmv_effect": 2.587673611111111,
        "mean_rank_effect": 128.95833333333334,
        "mean_short_rank": 167.69444444444446,
        "mean_target_delta": 7.284605006376903,
        "mean_target_delta_fraction": 0.12278520171051938,
        "mean_target_effect": 3.702810471256574,
        "mean_terse_rank": 1.0,
        "n": 72,
        "patched_best_other_route": {
          "continuation": 1,
          "prose": 71
        },
        "patched_top1_rate": 0.2222222222222222,
        "success_change_rate": 0.2222222222222222
      },
      "restore|layer_minus_mlp_delta|L14": {
        "mean_delta_attn_norm": 22.958033323287964,
        "mean_delta_carry_est_norm": 59.64136118359036,
        "mean_delta_layer_norm": 65.16753186119928,
        "mean_delta_mlp_norm": 35.61150521702237,
        "mean_patched_rank": 13.958333333333334,
        "mean_pmv_effect": 3.9309895833333335,
        "mean_rank_effect": 153.73611111111111,
        "mean_short_rank": 167.69444444444446,
        "mean_target_delta": 7.284605006376903,
        "mean_target_delta_fraction": 0.7054481311438506,
        "mean_target_effect": 4.249499022960663,
        "mean_terse_rank": 1.0,
        "n": 72,
        "patched_best_other_route": {
          "continuation": 3,
          "prose": 69
        },
        "patched_top1_rate": 0.3611111111111111,
        "success_change_rate": 0.3611111111111111
      },
      "restore|layer_minus_mlp_delta|L15": {
        "mean_delta_attn_norm": 21.35960364341736,
        "mean_delta_carry_est_norm": 65.16392114427354,
        "mean_delta_layer_norm": 72.5088112089369,
        "mean_delta_mlp_norm": 40.24841891394721,
        "mean_patched_rank": 2.7916666666666665,
        "mean_pmv_effect": 5.974826388888889,
        "mean_rank_effect": 164.90277777777777,
        "mean_short_rank": 167.69444444444446,
        "mean_target_delta": 7.284605006376903,
        "mean_target_delta_fraction": 1.0359441173713786,
        "mean_target_effect": 8.332518574264315,
        "mean_terse_rank": 1.0,
        "n": 72,
        "patched_best_other_route": {
          "continuation": 4,
          "prose": 68
        },
        "patched_top1_rate": 0.75,
        "success_change_rate": 0.75
      },
      "restore|layer_minus_mlp_delta|L16": {
        "mean_delta_attn_norm": 25.844602637820774,
        "mean_delta_carry_est_norm": 72.51135635375977,
        "mean_delta_layer_norm": 83.83914608425565,
        "mean_delta_mlp_norm": 44.58678754170736,
        "mean_patched_rank": 2.986111111111111,
        "mean_pmv_effect": 5.9609375,
        "mean_rank_effect": 164.70833333333334,
        "mean_short_rank": 167.69444444444446,
        "mean_target_delta": 7.284605006376903,
        "mean_target_delta_fraction": 1.029242619398218,
        "mean_target_effect": 10.314631475342644,
        "mean_terse_rank": 1.0,
        "n": 72,
        "patched_best_other_route": {
          "continuation": 12,
          "prose": 60
        },
        "patched_top1_rate": 0.7777777777777778,
        "success_change_rate": 0.7777777777777778
      },
      "restore|layer_minus_mlp_delta|L17": {
        "mean_delta_attn_norm": 19.647792683707344,
        "mean_delta_carry_est_norm": 83.83937062157526,
        "mean_delta_layer_norm": 92.96839555104573,
        "mean_delta_mlp_norm": 49.1720478799608,
        "mean_patched_rank": 3.5694444444444446,
        "mean_pmv_effect": 4.835069444444445,
        "mean_rank_effect": 164.125,
        "mean_short_rank": 167.69444444444446,
        "mean_target_delta": 7.284605006376903,
        "mean_target_delta_fraction": 0.7492106096323129,
        "mean_target_effect": 5.6855059630341,
        "mean_terse_rank": 1.0,
        "n": 72,
        "patched_best_other_route": {
          "prose": 72
        },
        "patched_top1_rate": 0.6111111111111112,
        "success_change_rate": 0.6111111111111112
      },
      "restore|layer_minus_mlp_delta|L18": {
        "mean_delta_attn_norm": 33.51250619358487,
        "mean_delta_carry_est_norm": 92.96934911939833,
        "mean_delta_layer_norm": 101.96380339728461,
        "mean_delta_mlp_norm": 52.334949334462486,
        "mean_patched_rank": 9.166666666666666,
        "mean_pmv_effect": 3.7899305555555554,
        "mean_rank_effect": 158.52777777777777,
        "mean_short_rank": 167.69444444444446,
        "mean_target_delta": 7.284605006376903,
        "mean_target_delta_fraction": 0.6684213587903605,
        "mean_target_effect": 2.117286251650916,
        "mean_terse_rank": 1.0,
        "n": 72,
        "patched_best_other_route": {
          "prose": 72
        },
        "patched_top1_rate": 0.4027777777777778,
        "success_change_rate": 0.4027777777777778
      },
      "restore|mlp_delta|L13": {
        "mean_delta_attn_norm": 36.0385914378696,
        "mean_delta_carry_est_norm": 47.001800537109375,
        "mean_delta_layer_norm": 59.6371963818868,
        "mean_delta_mlp_norm": 37.72106430265639,
        "mean_patched_rank": 259.34722222222223,
        "mean_pmv_effect": 0.025390625,
        "mean_rank_effect": -91.65277777777777,
        "mean_short_rank": 167.69444444444446,
        "mean_target_delta": 7.284605006376903,
        "mean_target_delta_fraction": 0.5073304266489118,
        "mean_target_effect": 1.641731505592664,
        "mean_terse_rank": 1.0,
        "n": 72,
        "patched_best_other_route": {
          "continuation": 8,
          "prose": 64
        },
        "patched_top1_rate": 0.05555555555555555,
        "success_change_rate": 0.05555555555555555
      },
      "restore|mlp_delta|L14": {
        "mean_delta_attn_norm": 22.958033323287964,
        "mean_delta_carry_est_norm": 59.64136118359036,
        "mean_delta_layer_norm": 65.16753186119928,
        "mean_delta_mlp_norm": 35.61150521702237,
        "mean_patched_rank": 157.27777777777777,
        "mean_pmv_effect": -0.059895833333333336,
        "mean_rank_effect": 10.416666666666666,
        "mean_short_rank": 167.69444444444446,
        "mean_target_delta": 7.284605006376903,
        "mean_target_delta_fraction": 0.17704540211889608,
        "mean_target_effect": 0.4807662268479665,
        "mean_terse_rank": 1.0,
        "n": 72,
        "patched_best_other_route": {
          "prose": 72
        },
        "patched_top1_rate": 0.027777777777777776,
        "success_change_rate": 0.027777777777777776
      },
      "restore|mlp_delta|L15": {
        "mean_delta_attn_norm": 21.35960364341736,
        "mean_delta_carry_est_norm": 65.16392114427354,
        "mean_delta_layer_norm": 72.5088112089369,
        "mean_delta_mlp_norm": 40.24841891394721,
        "mean_patched_rank": 324.84722222222223,
        "mean_pmv_effect": -1.2428385416666667,
        "mean_rank_effect": -157.15277777777777,
        "mean_short_rank": 167.69444444444446,
        "mean_target_delta": 7.284605006376903,
        "mean_target_delta_fraction": -0.23383928778419166,
        "mean_target_effect": -1.4501072367032368,
        "mean_terse_rank": 1.0,
        "n": 72,
        "patched_best_other_route": {
          "prose": 72
        },
        "patched_top1_rate": 0.013888888888888888,
        "success_change_rate": 0.013888888888888888
      },
      "restore|mlp_delta|L16": {
        "mean_delta_attn_norm": 25.844602637820774,
        "mean_delta_carry_est_norm": 72.51135635375977,
        "mean_delta_layer_norm": 83.83914608425565,
        "mean_delta_mlp_norm": 44.58678754170736,
        "mean_patched_rank": 260.5,
        "mean_pmv_effect": -1.6983506944444444,
        "mean_rank_effect": -92.80555555555556,
        "mean_short_rank": 167.69444444444446,
        "mean_target_delta": 7.284605006376903,
        "mean_target_delta_fraction": -0.21191473936808616,
        "mean_target_effect": -3.543725222349167,
        "mean_terse_rank": 1.0,
        "n": 72,
        "patched_best_other_route": {
          "prose": 72
        },
        "patched_top1_rate": 0.0,
        "success_change_rate": 0.0
      },
      "restore|mlp_delta|L17": {
        "mean_delta_attn_norm": 19.647792683707344,
        "mean_delta_carry_est_norm": 83.83937062157526,
        "mean_delta_layer_norm": 92.96839555104573,
        "mean_delta_mlp_norm": 49.1720478799608,
        "mean_patched_rank": 221.33333333333334,
        "mean_pmv_effect": -0.5672743055555556,
        "mean_rank_effect": -53.638888888888886,
        "mean_short_rank": 167.69444444444446,
        "mean_target_delta": 7.284605006376903,
        "mean_target_delta_fraction": -0.12795040228721055,
        "mean_target_effect": -0.39375295241673786,
        "mean_terse_rank": 1.0,
        "n": 72,
        "patched_best_other_route": {
          "continuation": 9,
          "prose": 63
        },
        "patched_top1_rate": 0.041666666666666664,
        "success_change_rate": 0.041666666666666664
      },
      "restore|mlp_delta|L18": {
        "mean_delta_attn_norm": 33.51250619358487,
        "mean_delta_carry_est_norm": 92.96934911939833,
        "mean_delta_layer_norm": 101.96380339728461,
        "mean_delta_mlp_norm": 52.334949334462486,
        "mean_patched_rank": 47.458333333333336,
        "mean_pmv_effect": 1.7018229166666667,
        "mean_rank_effect": 120.23611111111111,
        "mean_short_rank": 167.69444444444446,
        "mean_target_delta": 7.284605006376903,
        "mean_target_delta_fraction": 0.1031049564281957,
        "mean_target_effect": 4.000450736946529,
        "mean_terse_rank": 1.0,
        "n": 72,
        "patched_best_other_route": {
          "prose": 72
        },
        "patched_top1_rate": 0.08333333333333333,
        "success_change_rate": 0.08333333333333333
      },
      "restore|random_layer_same_norm|L13": {
        "mean_delta_attn_norm": 36.0385914378696,
        "mean_delta_carry_est_norm": 47.001800537109375,
        "mean_delta_layer_norm": 59.6371963818868,
        "mean_delta_mlp_norm": 37.72106430265639,
        "mean_patched_rank": 429.72222222222223,
        "mean_pmv_effect": -1.2914496527777777,
        "mean_rank_effect": -262.02777777777777,
        "mean_short_rank": 167.69444444444446,
        "mean_target_delta": 7.284605006376903,
        "mean_target_delta_fraction": 0.18187992764910887,
        "mean_target_effect": -1.897909089922905,
        "mean_terse_rank": 1.0,
        "n": 72,
        "patched_best_other_route": {
          "continuation": 7,
          "prose": 65
        },
        "patched_top1_rate": 0.013888888888888888,
        "success_change_rate": 0.013888888888888888
      },
      "restore|random_layer_same_norm|L14": {
        "mean_delta_attn_norm": 22.958033323287964,
        "mean_delta_carry_est_norm": 59.64136118359036,
        "mean_delta_layer_norm": 65.16753186119928,
        "mean_delta_mlp_norm": 35.61150521702237,
        "mean_patched_rank": 306.52777777777777,
        "mean_pmv_effect": -0.9259982638888888,
        "mean_rank_effect": -138.83333333333334,
        "mean_short_rank": 167.69444444444446,
        "mean_target_delta": 7.284605006376903,
        "mean_target_delta_fraction": -0.18638768657421897,
        "mean_target_effect": -2.088828341828452,
        "mean_terse_rank": 1.0,
        "n": 72,
        "patched_best_other_route": {
          "continuation": 6,
          "prose": 66
        },
        "patched_top1_rate": 0.027777777777777776,
        "success_change_rate": 0.027777777777777776
      },
      "restore|random_layer_same_norm|L15": {
        "mean_delta_attn_norm": 21.35960364341736,
        "mean_delta_carry_est_norm": 65.16392114427354,
        "mean_delta_layer_norm": 72.5088112089369,
        "mean_delta_mlp_norm": 40.24841891394721,
        "mean_patched_rank": 361.93055555555554,
        "mean_pmv_effect": -0.9071180555555556,
        "mean_rank_effect": -194.23611111111111,
        "mean_short_rank": 167.69444444444446,
        "mean_target_delta": 7.284605006376903,
        "mean_target_delta_fraction": -0.07796350694190414,
        "mean_target_effect": -1.3143574562337663,
        "mean_terse_rank": 1.0,
        "n": 72,
        "patched_best_other_route": {
          "continuation": 12,
          "prose": 60
        },
        "patched_top1_rate": 0.041666666666666664,
        "success_change_rate": 0.041666666666666664
      },
      "restore|random_layer_same_norm|L16": {
        "mean_delta_attn_norm": 25.844602637820774,
        "mean_delta_carry_est_norm": 72.51135635375977,
        "mean_delta_layer_norm": 83.83914608425565,
        "mean_delta_mlp_norm": 44.58678754170736,
        "mean_patched_rank": 427.375,
        "mean_pmv_effect": -1.2005208333333333,
        "mean_rank_effect": -259.68055555555554,
        "mean_short_rank": 167.69444444444446,
        "mean_target_delta": 7.284605006376903,
        "mean_target_delta_fraction": -0.2993009764220185,
        "mean_target_effect": -2.576147516568502,
        "mean_terse_rank": 1.0,
        "n": 72,
        "patched_best_other_route": {
          "continuation": 14,
          "prose": 58
        },
        "patched_top1_rate": 0.041666666666666664,
        "success_change_rate": 0.041666666666666664
      },
      "restore|random_layer_same_norm|L17": {
        "mean_delta_attn_norm": 19.647792683707344,
        "mean_delta_carry_est_norm": 83.83937062157526,
        "mean_delta_layer_norm": 92.96839555104573,
        "mean_delta_mlp_norm": 49.1720478799608,
        "mean_patched_rank": 326.0833333333333,
        "mean_pmv_effect": -0.9142795138888888,
        "mean_rank_effect": -158.38888888888889,
        "mean_short_rank": 167.69444444444446,
        "mean_target_delta": 7.284605006376903,
        "mean_target_delta_fraction": 0.06067312128277921,
        "mean_target_effect": -1.8579397367106543,
        "mean_terse_rank": 1.0,
        "n": 72,
        "patched_best_other_route": {
          "continuation": 9,
          "prose": 63
        },
        "patched_top1_rate": 0.06944444444444445,
        "success_change_rate": 0.06944444444444445
      },
      "restore|random_layer_same_norm|L18": {
        "mean_delta_attn_norm": 33.51250619358487,
        "mean_delta_carry_est_norm": 92.96934911939833,
        "mean_delta_layer_norm": 101.96380339728461,
        "mean_delta_mlp_norm": 52.334949334462486,
        "mean_patched_rank": 480.77777777777777,
        "mean_pmv_effect": -1.1673177083333333,
        "mean_rank_effect": -313.0833333333333,
        "mean_short_rank": 167.69444444444446,
        "mean_target_delta": 7.284605006376903,
        "mean_target_delta_fraction": 0.31449502231653964,
        "mean_target_effect": -1.9389877567688625,
        "mean_terse_rank": 1.0,
        "n": 72,
        "patched_best_other_route": {
          "continuation": 9,
          "prose": 63
        },
        "patched_top1_rate": 0.027777777777777776,
        "success_change_rate": 0.027777777777777776
      }
    },
    "by_mode": {
      "degradation|attn_mlp_replace_short": {
        "mean_delta_attn_norm": 26.560188319947983,
        "mean_delta_carry_est_norm": 70.18785982661777,
        "mean_delta_layer_norm": 79.34748074743483,
        "mean_delta_mlp_norm": 43.27912886495943,
        "mean_patched_rank": 3.9305555555555554,
        "mean_pmv_effect": 0.9347511574074074,
        "mean_rank_effect": 2.9305555555555554,
        "mean_short_rank": 167.69444444444446,
        "mean_target_delta": 7.284605006376903,
        "mean_target_delta_fraction": 0.11709686431404759,
        "mean_target_effect": 2.330350814594163,
        "mean_terse_rank": 1.0,
        "n": 432,
        "patched_best_other_route": {
          "continuation": 2,
          "prose": 430
        },
        "patched_top1_rate": 0.6851851851851852,
        "success_change_rate": 0.3148148148148148
      },
      "degradation|attn_replace_short": {
        "mean_delta_attn_norm": 26.560188319947983,
        "mean_delta_carry_est_norm": 70.18785982661777,
        "mean_delta_layer_norm": 79.34748074743483,
        "mean_delta_mlp_norm": 43.27912886495943,
        "mean_patched_rank": 1.3680555555555556,
        "mean_pmv_effect": 0.21397569444444445,
        "mean_rank_effect": 0.3680555555555556,
        "mean_short_rank": 167.69444444444446,
        "mean_target_delta": 7.284605006376903,
        "mean_target_delta_fraction": 0.07586891009846355,
        "mean_target_effect": 0.7717637578370394,
        "mean_terse_rank": 1.0,
        "n": 432,
        "patched_best_other_route": {
          "prose": 432
        },
        "patched_top1_rate": 0.8796296296296297,
        "success_change_rate": 0.12037037037037036
      },
      "degradation|full_layer_replace_short": {
        "mean_delta_attn_norm": 26.560188319947983,
        "mean_delta_carry_est_norm": 70.18785982661777,
        "mean_delta_layer_norm": 79.34748074743483,
        "mean_delta_mlp_norm": 43.27912886495943,
        "mean_patched_rank": 21.891203703703702,
        "mean_pmv_effect": 3.6550925925925926,
        "mean_rank_effect": 20.891203703703702,
        "mean_short_rank": 167.69444444444446,
        "mean_target_delta": 7.284605006376903,
        "mean_target_delta_fraction": 0.7913465788579249,
        "mean_target_effect": 6.313906539921407,
        "mean_terse_rank": 1.0,
        "n": 432,
        "patched_best_other_route": {
          "prose": 432
        },
        "patched_top1_rate": 0.2037037037037037,
        "success_change_rate": 0.7962962962962963
      },
      "degradation|mlp_replace_short": {
        "mean_delta_attn_norm": 26.560188319947983,
        "mean_delta_carry_est_norm": 70.18785982661777,
        "mean_delta_layer_norm": 79.34748074743483,
        "mean_delta_mlp_norm": 43.27912886495943,
        "mean_patched_rank": 1.5555555555555556,
        "mean_pmv_effect": 0.2906539351851852,
        "mean_rank_effect": 0.5555555555555556,
        "mean_short_rank": 167.69444444444446,
        "mean_target_delta": 7.284605006376903,
        "mean_target_delta_fraction": 0.024028034859042886,
        "mean_target_effect": 1.2932008024719026,
        "mean_terse_rank": 1.0,
        "n": 432,
        "patched_best_other_route": {
          "continuation": 2,
          "prose": 430
        },
        "patched_top1_rate": 0.8009259259259259,
        "success_change_rate": 0.19907407407407407
      },
      "degradation|random_layer_same_norm": {
        "mean_delta_attn_norm": 26.560188319947983,
        "mean_delta_carry_est_norm": 70.18785982661777,
        "mean_delta_layer_norm": 79.34748074743483,
        "mean_delta_mlp_norm": 43.27912886495943,
        "mean_patched_rank": 13.26388888888889,
        "mean_pmv_effect": 1.162181712962963,
        "mean_rank_effect": 12.26388888888889,
        "mean_short_rank": 167.69444444444446,
        "mean_target_delta": 7.284605006376903,
        "mean_target_delta_fraction": 0.35641910724897313,
        "mean_target_effect": 2.8556273510610617,
        "mean_terse_rank": 1.0,
        "n": 432,
        "patched_best_other_route": {
          "continuation": 1,
          "prose": 431
        },
        "patched_top1_rate": 0.6527777777777778,
        "success_change_rate": 0.3472222222222222
      },
      "degradation|remove_attn_est_layerout": {
        "mean_delta_attn_norm": 26.560188319947983,
        "mean_delta_carry_est_norm": 70.18785982661777,
        "mean_delta_layer_norm": 79.34748074743483,
        "mean_delta_mlp_norm": 43.27912886495943,
        "mean_patched_rank": 1.6134259259259258,
        "mean_pmv_effect": 0.5402199074074074,
        "mean_rank_effect": 0.6134259259259259,
        "mean_short_rank": 167.69444444444446,
        "mean_target_delta": 7.284605006376903,
        "mean_target_delta_fraction": 0.06658570242943107,
        "mean_target_effect": 0.6646994035001155,
        "mean_terse_rank": 1.0,
        "n": 432,
        "patched_best_other_route": {
          "prose": 432
        },
        "patched_top1_rate": 0.7939814814814815,
        "success_change_rate": 0.20601851851851852
      },
      "degradation|remove_carry_est_layerout": {
        "mean_delta_attn_norm": 26.560188319947983,
        "mean_delta_carry_est_norm": 70.18785982661777,
        "mean_delta_layer_norm": 79.34748074743483,
        "mean_delta_mlp_norm": 43.27912886495943,
        "mean_patched_rank": 24.064814814814813,
        "mean_pmv_effect": 3.1351996527777777,
        "mean_rank_effect": 23.064814814814813,
        "mean_short_rank": 167.69444444444446,
        "mean_target_delta": 7.284605006376903,
        "mean_target_delta_fraction": 0.6181872701256376,
        "mean_target_effect": 4.35838397813064,
        "mean_terse_rank": 1.0,
        "n": 432,
        "patched_best_other_route": {
          "continuation": 4,
          "prose": 428
        },
        "patched_top1_rate": 0.31712962962962965,
        "success_change_rate": 0.6828703703703703
      },
      "degradation|remove_mlp_est_layerout": {
        "mean_delta_attn_norm": 26.560188319947983,
        "mean_delta_carry_est_norm": 70.18785982661777,
        "mean_delta_layer_norm": 79.34748074743483,
        "mean_delta_mlp_norm": 43.27912886495943,
        "mean_patched_rank": 1.5277777777777777,
        "mean_pmv_effect": 0.29398148148148145,
        "mean_rank_effect": 0.5277777777777778,
        "mean_short_rank": 167.69444444444446,
        "mean_target_delta": 7.284605006376903,
        "mean_target_delta_fraction": 0.014908143237405004,
        "mean_target_effect": 1.2804175187592153,
        "mean_terse_rank": 1.0,
        "n": 432,
        "patched_best_other_route": {
          "continuation": 3,
          "prose": 429
        },
        "patched_top1_rate": 0.8101851851851852,
        "success_change_rate": 0.18981481481481483
      },
      "restore|attn_delta": {
        "mean_delta_attn_norm": 26.560188319947983,
        "mean_delta_carry_est_norm": 70.18785982661777,
        "mean_delta_layer_norm": 79.34748074743483,
        "mean_delta_mlp_norm": 43.27912886495943,
        "mean_patched_rank": 158.78009259259258,
        "mean_pmv_effect": 0.515625,
        "mean_rank_effect": 8.914351851851851,
        "mean_short_rank": 167.69444444444446,
        "mean_target_delta": 7.284605006376903,
        "mean_target_delta_fraction": 0.1399162547873501,
        "mean_target_effect": 1.1121660929035257,
        "mean_terse_rank": 1.0,
        "n": 432,
        "patched_best_other_route": {
          "continuation": 13,
          "prose": 419
        },
        "patched_top1_rate": 0.08101851851851852,
        "success_change_rate": 0.08101851851851852
      },
      "restore|attn_mlp_delta": {
        "mean_delta_attn_norm": 26.560188319947983,
        "mean_delta_carry_est_norm": 70.18785982661777,
        "mean_delta_layer_norm": 79.34748074743483,
        "mean_delta_mlp_norm": 43.27912886495943,
        "mean_patched_rank": 199.20138888888889,
        "mean_pmv_effect": 0.42965133101851855,
        "mean_rank_effect": -31.506944444444443,
        "mean_short_rank": 167.69444444444446,
        "mean_target_delta": 7.284605006376903,
        "mean_target_delta_fraction": 0.12248319910484681,
        "mean_target_effect": 1.0380298078612045,
        "mean_terse_rank": 1.0,
        "n": 432,
        "patched_best_other_route": {
          "continuation": 21,
          "prose": 411
        },
        "patched_top1_rate": 0.1111111111111111,
        "success_change_rate": 0.1111111111111111
      },
      "restore|carry_est_layerout": {
        "mean_delta_attn_norm": 26.560188319947983,
        "mean_delta_carry_est_norm": 70.18785982661777,
        "mean_delta_layer_norm": 79.34748074743483,
        "mean_delta_mlp_norm": 43.27912886495943,
        "mean_patched_rank": 31.35185185185185,
        "mean_pmv_effect": 3.7377025462962963,
        "mean_rank_effect": 136.34259259259258,
        "mean_short_rank": 167.69444444444446,
        "mean_target_delta": 7.284605006376903,
        "mean_target_delta_fraction": 0.6655462100573349,
        "mean_target_effect": 4.89307573299717,
        "mean_terse_rank": 1.0,
        "n": 432,
        "patched_best_other_route": {
          "continuation": 34,
          "prose": 398
        },
        "patched_top1_rate": 0.4166666666666667,
        "success_change_rate": 0.4166666666666667
      },
      "restore|full_layer_delta": {
        "mean_delta_attn_norm": 26.560188319947983,
        "mean_delta_carry_est_norm": 70.18785982661777,
        "mean_delta_layer_norm": 79.34748074743483,
        "mean_delta_mlp_norm": 43.27912886495943,
        "mean_patched_rank": 6.851851851851852,
        "mean_pmv_effect": 4.620153356481482,
        "mean_rank_effect": 160.84259259259258,
        "mean_short_rank": 167.69444444444446,
        "mean_target_delta": 7.284605006376903,
        "mean_target_delta_fraction": 0.6615706827670038,
        "mean_target_effect": 5.895661193463537,
        "mean_terse_rank": 1.0,
        "n": 432,
        "patched_best_other_route": {
          "continuation": 4,
          "prose": 428
        },
        "patched_top1_rate": 0.5439814814814815,
        "success_change_rate": 0.5439814814814815
      },
      "restore|layer_minus_attn_delta": {
        "mean_delta_attn_norm": 26.560188319947983,
        "mean_delta_carry_est_norm": 70.18785982661777,
        "mean_delta_layer_norm": 79.34748074743483,
        "mean_delta_mlp_norm": 43.27912886495943,
        "mean_patched_rank": 25.752314814814813,
        "mean_pmv_effect": 3.8102575231481484,
        "mean_rank_effect": 141.94212962962962,
        "mean_short_rank": 167.69444444444446,
        "mean_target_delta": 7.284605006376903,
        "mean_target_delta_fraction": 0.5420195995903492,
        "mean_target_effect": 5.146706515164287,
        "mean_terse_rank": 1.0,
        "n": 432,
        "patched_best_other_route": {
          "continuation": 5,
          "prose": 427
        },
        "patched_top1_rate": 0.4212962962962963,
        "success_change_rate": 0.4212962962962963
      },
      "restore|layer_minus_mlp_delta": {
        "mean_delta_attn_norm": 26.560188319947983,
        "mean_delta_carry_est_norm": 70.18785982661777,
        "mean_delta_layer_norm": 79.34748074743483,
        "mean_delta_mlp_norm": 43.27912886495943,
        "mean_patched_rank": 11.868055555555555,
        "mean_pmv_effect": 4.513237847222222,
        "mean_rank_effect": 155.82638888888889,
        "mean_short_rank": 167.69444444444446,
        "mean_target_delta": 7.284605006376903,
        "mean_target_delta_fraction": 0.7185086730077733,
        "mean_target_effect": 5.733708626418202,
        "mean_terse_rank": 1.0,
        "n": 432,
        "patched_best_other_route": {
          "continuation": 20,
          "prose": 412
        },
        "patched_top1_rate": 0.5208333333333334,
        "success_change_rate": 0.5208333333333334
      },
      "restore|mlp_delta": {
        "mean_delta_attn_norm": 26.560188319947983,
        "mean_delta_carry_est_norm": 70.18785982661777,
        "mean_delta_layer_norm": 79.34748074743483,
        "mean_delta_mlp_norm": 43.27912886495943,
        "mean_patched_rank": 211.7939814814815,
        "mean_pmv_effect": -0.3068576388888889,
        "mean_rank_effect": -44.09953703703704,
        "mean_short_rank": 167.69444444444446,
        "mean_target_delta": 7.284605006376903,
        "mean_target_delta_fraction": 0.03562939262608587,
        "mean_target_effect": 0.12256050965300312,
        "mean_terse_rank": 1.0,
        "n": 432,
        "patched_best_other_route": {
          "continuation": 17,
          "prose": 415
        },
        "patched_top1_rate": 0.037037037037037035,
        "success_change_rate": 0.037037037037037035
      },
      "restore|random_layer_same_norm": {
        "mean_delta_attn_norm": 26.560188319947983,
        "mean_delta_carry_est_norm": 70.18785982661777,
        "mean_delta_layer_norm": 79.34748074743483,
        "mean_delta_mlp_norm": 43.27912886495943,
        "mean_patched_rank": 388.7361111111111,
        "mean_pmv_effect": -1.0677806712962963,
        "mean_rank_effect": -221.04166666666666,
        "mean_short_rank": 167.69444444444446,
        "mean_target_delta": 7.284605006376903,
        "mean_target_delta_fraction": -0.0011006831149523132,
        "mean_target_effect": -1.9456949830055237,
        "mean_terse_rank": 1.0,
        "n": 432,
        "patched_best_other_route": {
          "continuation": 57,
          "prose": 375
        },
        "patched_top1_rate": 0.037037037037037035,
        "success_change_rate": 0.037037037037037035
      }
    },
    "largest_target_effect_conditions": [
      {
        "condition": "degradation|remove_carry_est_layerout|L16",
        "mean_delta_attn_norm": 25.844602637820774,
        "mean_delta_carry_est_norm": 72.51135635375977,
        "mean_delta_layer_norm": 83.83914608425565,
        "mean_delta_mlp_norm": 44.58678754170736,
        "mean_patched_rank": 19.666666666666668,
        "mean_pmv_effect": 4.240451388888889,
        "mean_rank_effect": 18.666666666666668,
        "mean_short_rank": 167.69444444444446,
        "mean_target_delta": 7.284605006376903,
        "mean_target_delta_fraction": 0.9305428362732064,
        "mean_target_effect": 11.059076459871399,
        "mean_terse_rank": 1.0,
        "n": 72,
        "patched_best_other_route": {
          "prose": 72
        },
        "patched_top1_rate": 0.1388888888888889,
        "success_change_rate": 0.8611111111111112
      },
      {
        "condition": "restore|carry_est_layerout|L16",
        "mean_delta_attn_norm": 25.844602637820774,
        "mean_delta_carry_est_norm": 72.51135635375977,
        "mean_delta_layer_norm": 83.83914608425565,
        "mean_delta_mlp_norm": 44.58678754170736,
        "mean_patched_rank": 10.597222222222221,
        "mean_pmv_effect": 4.932291666666667,
        "mean_rank_effect": 157.09722222222223,
        "mean_short_rank": 167.69444444444446,
        "mean_target_delta": 7.284605006376903,
        "mean_target_delta_fraction": 1.1981954521715101,
        "mean_target_effect": 10.800101161003113,
        "mean_terse_rank": 1.0,
        "n": 72,
        "patched_best_other_route": {
          "continuation": 19,
          "prose": 53
        },
        "patched_top1_rate": 0.4722222222222222,
        "success_change_rate": 0.4722222222222222
      },
      {
        "condition": "restore|layer_minus_mlp_delta|L16",
        "mean_delta_attn_norm": 25.844602637820774,
        "mean_delta_carry_est_norm": 72.51135635375977,
        "mean_delta_layer_norm": 83.83914608425565,
        "mean_delta_mlp_norm": 44.58678754170736,
        "mean_patched_rank": 2.986111111111111,
        "mean_pmv_effect": 5.9609375,
        "mean_rank_effect": 164.70833333333334,
        "mean_short_rank": 167.69444444444446,
        "mean_target_delta": 7.284605006376903,
        "mean_target_delta_fraction": 1.029242619398218,
        "mean_target_effect": 10.314631475342644,
        "mean_terse_rank": 1.0,
        "n": 72,
        "patched_best_other_route": {
          "continuation": 12,
          "prose": 60
        },
        "patched_top1_rate": 0.7777777777777778,
        "success_change_rate": 0.7777777777777778
      },
      {
        "condition": "restore|layer_minus_mlp_delta|L15",
        "mean_delta_attn_norm": 21.35960364341736,
        "mean_delta_carry_est_norm": 65.16392114427354,
        "mean_delta_layer_norm": 72.5088112089369,
        "mean_delta_mlp_norm": 40.24841891394721,
        "mean_patched_rank": 2.7916666666666665,
        "mean_pmv_effect": 5.974826388888889,
        "mean_rank_effect": 164.90277777777777,
        "mean_short_rank": 167.69444444444446,
        "mean_target_delta": 7.284605006376903,
        "mean_target_delta_fraction": 1.0359441173713786,
        "mean_target_effect": 8.332518574264315,
        "mean_terse_rank": 1.0,
        "n": 72,
        "patched_best_other_route": {
          "continuation": 4,
          "prose": 68
        },
        "patched_top1_rate": 0.75,
        "success_change_rate": 0.75
      },
      {
        "condition": "degradation|full_layer_replace_short|L15",
        "mean_delta_attn_norm": 21.35960364341736,
        "mean_delta_carry_est_norm": 65.16392114427354,
        "mean_delta_layer_norm": 72.5088112089369,
        "mean_delta_mlp_norm": 40.24841891394721,
        "mean_patched_rank": 22.944444444444443,
        "mean_pmv_effect": 3.861545138888889,
        "mean_rank_effect": 21.944444444444443,
        "mean_short_rank": 167.69444444444446,
        "mean_target_delta": 7.284605006376903,
        "mean_target_delta_fraction": 0.8678584129259908,
        "mean_target_effect": 7.643998657663663,
        "mean_terse_rank": 1.0,
        "n": 72,
        "patched_best_other_route": {
          "prose": 72
        },
        "patched_top1_rate": 0.20833333333333334,
        "success_change_rate": 0.7916666666666666
      },
      {
        "condition": "restore|carry_est_layerout|L15",
        "mean_delta_attn_norm": 21.35960364341736,
        "mean_delta_carry_est_norm": 65.16392114427354,
        "mean_delta_layer_norm": 72.5088112089369,
        "mean_delta_mlp_norm": 40.24841891394721,
        "mean_patched_rank": 3.2083333333333335,
        "mean_pmv_effect": 5.933159722222222,
        "mean_rank_effect": 164.48611111111111,
        "mean_short_rank": 167.69444444444446,
        "mean_target_delta": 7.284605006376903,
        "mean_target_delta_fraction": 0.9755239948256101,
        "mean_target_effect": 7.619488726059596,
        "mean_terse_rank": 1.0,
        "n": 72,
        "patched_best_other_route": {
          "continuation": 11,
          "prose": 61
        },
        "patched_top1_rate": 0.7083333333333334,
        "success_change_rate": 0.7083333333333334
      },
      {
        "condition": "degradation|full_layer_replace_short|L16",
        "mean_delta_attn_norm": 25.844602637820774,
        "mean_delta_carry_est_norm": 72.51135635375977,
        "mean_delta_layer_norm": 83.83914608425565,
        "mean_delta_mlp_norm": 44.58678754170736,
        "mean_patched_rank": 18.52777777777778,
        "mean_pmv_effect": 3.37890625,
        "mean_rank_effect": 17.52777777777778,
        "mean_short_rank": 167.69444444444446,
        "mean_target_delta": 7.284605006376903,
        "mean_target_delta_fraction": 0.9996117877629686,
        "mean_target_effect": 6.950077710880174,
        "mean_terse_rank": 1.0,
        "n": 72,
        "patched_best_other_route": {
          "prose": 72
        },
        "patched_top1_rate": 0.25,
        "success_change_rate": 0.75
      },
      {
        "condition": "degradation|remove_carry_est_layerout|L17",
        "mean_delta_attn_norm": 19.647792683707344,
        "mean_delta_carry_est_norm": 83.83937062157526,
        "mean_delta_layer_norm": 92.96839555104573,
        "mean_delta_mlp_norm": 49.1720478799608,
        "mean_patched_rank": 86.23611111111111,
        "mean_pmv_effect": 4.904513888888889,
        "mean_rank_effect": 85.23611111111111,
        "mean_short_rank": 167.69444444444446,
        "mean_target_delta": 7.284605006376903,
        "mean_target_delta_fraction": 1.0367408270041796,
        "mean_target_effect": 6.875488935245408,
        "mean_terse_rank": 1.0,
        "n": 72,
        "patched_best_other_route": {
          "continuation": 4,
          "prose": 68
        },
        "patched_top1_rate": 0.125,
        "success_change_rate": 0.875
      },
      {
        "condition": "restore|full_layer_delta|L18",
        "mean_delta_attn_norm": 33.51250619358487,
        "mean_delta_carry_est_norm": 92.96934911939833,
        "mean_delta_layer_norm": 101.96380339728461,
        "mean_delta_mlp_norm": 52.334949334462486,
        "mean_patched_rank": 1.5972222222222223,
        "mean_pmv_effect": 5.626736111111111,
        "mean_rank_effect": 166.09722222222223,
        "mean_short_rank": 167.69444444444446,
        "mean_target_delta": 7.284605006376903,
        "mean_target_delta_fraction": 0.8644649138358357,
        "mean_target_effect": 6.682131429513295,
        "mean_terse_rank": 1.0,
        "n": 72,
        "patched_best_other_route": {
          "prose": 72
        },
        "patched_top1_rate": 0.7916666666666666,
        "success_change_rate": 0.7916666666666666
      },
      {
        "condition": "restore|full_layer_delta|L13",
        "mean_delta_attn_norm": 36.0385914378696,
        "mean_delta_carry_est_norm": 47.001800537109375,
        "mean_delta_layer_norm": 59.6371963818868,
        "mean_delta_mlp_norm": 37.72106430265639,
        "mean_patched_rank": 13.98611111111111,
        "mean_pmv_effect": 3.9231770833333335,
        "mean_rank_effect": 153.70833333333334,
        "mean_short_rank": 167.69444444444446,
        "mean_target_delta": 7.284605006376903,
        "mean_target_delta_fraction": 0.5897455211212002,
        "mean_target_effect": 6.539936516020033,
        "mean_terse_rank": 1.0,
        "n": 72,
        "patched_best_other_route": {
          "continuation": 1,
          "prose": 71
        },
        "patched_top1_rate": 0.3888888888888889,
        "success_change_rate": 0.3888888888888889
      },
      {
        "condition": "degradation|full_layer_replace_short|L18",
        "mean_delta_attn_norm": 33.51250619358487,
        "mean_delta_carry_est_norm": 92.96934911939833,
        "mean_delta_layer_norm": 101.96380339728461,
        "mean_delta_mlp_norm": 52.334949334462486,
        "mean_patched_rank": 34.138888888888886,
        "mean_pmv_effect": 4.037326388888889,
        "mean_rank_effect": 33.138888888888886,
        "mean_short_rank": 167.69444444444446,
        "mean_target_delta": 7.284605006376903,
        "mean_target_delta_fraction": 0.870584959478432,
        "mean_target_effect": 6.536034767826398,
        "mean_terse_rank": 1.0,
        "n": 72,
        "patched_best_other_route": {
          "prose": 72
        },
        "patched_top1_rate": 0.16666666666666666,
        "success_change_rate": 0.8333333333333334
      },
      {
        "condition": "degradation|attn_mlp_replace_short|L18",
        "mean_delta_attn_norm": 33.51250619358487,
        "mean_delta_carry_est_norm": 92.96934911939833,
        "mean_delta_layer_norm": 101.96380339728461,
        "mean_delta_mlp_norm": 52.334949334462486,
        "mean_patched_rank": 13.805555555555555,
        "mean_pmv_effect": 2.646701388888889,
        "mean_rank_effect": 12.805555555555555,
        "mean_short_rank": 167.69444444444446,
        "mean_target_delta": 7.284605006376903,
        "mean_target_delta_fraction": 0.3008728695945502,
        "mean_target_effect": 6.507000436385472,
        "mean_terse_rank": 1.0,
        "n": 72,
        "patched_best_other_route": {
          "prose": 72
        },
        "patched_top1_rate": 0.3611111111111111,
        "success_change_rate": 0.6388888888888888
      },
      {
        "condition": "restore|layer_minus_attn_delta|L14",
        "mean_delta_attn_norm": 22.958033323287964,
        "mean_delta_carry_est_norm": 59.64136118359036,
        "mean_delta_layer_norm": 65.16753186119928,
        "mean_delta_mlp_norm": 35.61150521702237,
        "mean_patched_rank": 17.13888888888889,
        "mean_pmv_effect": 3.8159722222222223,
        "mean_rank_effect": 150.55555555555554,
        "mean_short_rank": 167.69444444444446,
        "mean_target_delta": 7.284605006376903,
        "mean_target_delta_fraction": 0.5007533333001,
        "mean_target_effect": 6.332561843925053,
        "mean_terse_rank": 1.0,
        "n": 72,
        "patched_best_other_route": {
          "continuation": 1,
          "prose": 71
        },
        "patched_top1_rate": 0.4166666666666667,
        "success_change_rate": 0.4166666666666667
      },
      {
        "condition": "restore|attn_mlp_delta|L13",
        "mean_delta_attn_norm": 36.0385914378696,
        "mean_delta_carry_est_norm": 47.001800537109375,
        "mean_delta_layer_norm": 59.6371963818868,
        "mean_delta_mlp_norm": 37.72106430265639,
        "mean_patched_rank": 24.59722222222222,
        "mean_pmv_effect": 3.3563368055555554,
        "mean_rank_effect": 143.09722222222223,
        "mean_short_rank": 167.69444444444446,
        "mean_target_delta": 7.284605006376903,
        "mean_target_delta_fraction": 0.681146802075907,
        "mean_target_effect": 6.2814672986666364,
        "mean_terse_rank": 1.0,
        "n": 72,
        "patched_best_other_route": {
          "continuation": 12,
          "prose": 60
        },
        "patched_top1_rate": 0.3472222222222222,
        "success_change_rate": 0.3472222222222222
      },
      {
        "condition": "restore|full_layer_delta|L15",
        "mean_delta_attn_norm": 21.35960364341736,
        "mean_delta_carry_est_norm": 65.16392114427354,
        "mean_delta_layer_norm": 72.5088112089369,
        "mean_delta_mlp_norm": 40.24841891394721,
        "mean_patched_rank": 5.902777777777778,
        "mean_pmv_effect": 4.923177083333333,
        "mean_rank_effect": 161.79166666666666,
        "mean_short_rank": 167.69444444444446,
        "mean_target_delta": 7.284605006376903,
        "mean_target_delta_fraction": 0.6208916177272941,
        "mean_target_effect": 6.262509918875164,
        "mean_terse_rank": 1.0,
        "n": 72,
        "patched_best_other_route": {
          "prose": 72
        },
        "patched_top1_rate": 0.5972222222222222,
        "success_change_rate": 0.5972222222222222
      },
      {
        "condition": "degradation|full_layer_replace_short|L13",
        "mean_delta_attn_norm": 36.0385914378696,
        "mean_delta_carry_est_norm": 47.001800537109375,
        "mean_delta_layer_norm": 59.6371963818868,
        "mean_delta_mlp_norm": 37.72106430265639,
        "mean_patched_rank": 25.180555555555557,
        "mean_pmv_effect": 3.9578993055555554,
        "mean_rank_effect": 24.180555555555557,
        "mean_short_rank": 167.69444444444446,
        "mean_target_delta": 7.284605006376903,
        "mean_target_delta_fraction": 0.5738084204955166,
        "mean_target_effect": 6.19775893787543,
        "mean_terse_rank": 1.0,
        "n": 72,
        "patched_best_other_route": {
          "prose": 72
        },
        "patched_top1_rate": 0.125,
        "success_change_rate": 0.875
      },
      {
        "condition": "restore|layer_minus_attn_delta|L16",
        "mean_delta_attn_norm": 25.844602637820774,
        "mean_delta_carry_est_norm": 72.51135635375977,
        "mean_delta_layer_norm": 83.83914608425565,
        "mean_delta_mlp_norm": 44.58678754170736,
        "mean_patched_rank": 26.72222222222222,
        "mean_pmv_effect": 2.9574652777777777,
        "mean_rank_effect": 140.97222222222223,
        "mean_short_rank": 167.69444444444446,
        "mean_target_delta": 7.284605006376903,
        "mean_target_delta_fraction": 0.7134065201973406,
        "mean_target_effect": 6.189460343784756,
        "mean_terse_rank": 1.0,
        "n": 72,
        "patched_best_other_route": {
          "continuation": 1,
          "prose": 71
        },
        "patched_top1_rate": 0.2361111111111111,
        "success_change_rate": 0.2361111111111111
      },
      {
        "condition": "restore|full_layer_delta|L14",
        "mean_delta_attn_norm": 22.958033323287964,
        "mean_delta_carry_est_norm": 59.64136118359036,
        "mean_delta_layer_norm": 65.16753186119928,
        "mean_delta_mlp_norm": 35.61150521702237,
        "mean_patched_rank": 11.01388888888889,
        "mean_pmv_effect": 4.226128472222222,
        "mean_rank_effect": 156.68055555555554,
        "mean_short_rank": 167.69444444444446,
        "mean_target_delta": 7.284605006376903,
        "mean_target_delta_fraction": 0.6241851958813824,
        "mean_target_effect": 5.900827440950605,
        "mean_terse_rank": 1.0,
        "n": 72,
        "patched_best_other_route": {
          "continuation": 3,
          "prose": 69
        },
        "patched_top1_rate": 0.4305555555555556,
        "success_change_rate": 0.4305555555555556
      },
      {
        "condition": "restore|layer_minus_mlp_delta|L17",
        "mean_delta_attn_norm": 19.647792683707344,
        "mean_delta_carry_est_norm": 83.83937062157526,
        "mean_delta_layer_norm": 92.96839555104573,
        "mean_delta_mlp_norm": 49.1720478799608,
        "mean_patched_rank": 3.5694444444444446,
        "mean_pmv_effect": 4.835069444444445,
        "mean_rank_effect": 164.125,
        "mean_short_rank": 167.69444444444446,
        "mean_target_delta": 7.284605006376903,
        "mean_target_delta_fraction": 0.7492106096323129,
        "mean_target_effect": 5.6855059630341,
        "mean_terse_rank": 1.0,
        "n": 72,
        "patched_best_other_route": {
          "prose": 72
        },
        "patched_top1_rate": 0.6111111111111112,
        "success_change_rate": 0.6111111111111112
      },
      {
        "condition": "restore|attn_delta|L13",
        "mean_delta_attn_norm": 36.0385914378696,
        "mean_delta_carry_est_norm": 47.001800537109375,
        "mean_delta_layer_norm": 59.6371963818868,
        "mean_delta_mlp_norm": 37.72106430265639,
        "mean_patched_rank": 27.944444444444443,
        "mean_pmv_effect": 2.8368055555555554,
        "mean_rank_effect": 139.75,
        "mean_short_rank": 167.69444444444446,
        "mean_target_delta": 7.284605006376903,
        "mean_target_delta_fraction": 0.5068909320206334,
        "mean_target_effect": 5.648863719569312,
        "mean_terse_rank": 1.0,
        "n": 72,
        "patched_best_other_route": {
          "continuation": 8,
          "prose": 64
        },
        "patched_top1_rate": 0.25,
        "success_change_rate": 0.25
      },
      {
        "condition": "degradation|attn_mlp_replace_short|L13",
        "mean_delta_attn_norm": 36.0385914378696,
        "mean_delta_carry_est_norm": 47.001800537109375,
        "mean_delta_layer_norm": 59.6371963818868,
        "mean_delta_mlp_norm": 37.72106430265639,
        "mean_patched_rank": 4.263888888888889,
        "mean_pmv_effect": 2.2100694444444446,
        "mean_rank_effect": 3.263888888888889,
        "mean_short_rank": 167.69444444444446,
        "mean_target_delta": 7.284605006376903,
        "mean_target_delta_fraction": 0.5239305944525171,
        "mean_target_effect": 5.590709100166957,
        "mean_terse_rank": 1.0,
        "n": 72,
        "patched_best_other_route": {
          "prose": 72
        },
        "patched_top1_rate": 0.4305555555555556,
        "success_change_rate": 0.5694444444444444
      },
      {
        "condition": "restore|attn_mlp_delta|L18",
        "mean_delta_attn_norm": 33.51250619358487,
        "mean_delta_carry_est_norm": 92.96934911939833,
        "mean_delta_layer_norm": 101.96380339728461,
        "mean_delta_mlp_norm": 52.334949334462486,
        "mean_patched_rank": 16.86111111111111,
        "mean_pmv_effect": 3.0086805555555554,
        "mean_rank_effect": 150.83333333333334,
        "mean_short_rank": 167.69444444444446,
        "mean_target_delta": 7.284605006376903,
        "mean_target_delta_fraction": 0.23214873726086477,
        "mean_target_effect": 5.5756483773390455,
        "mean_terse_rank": 1.0,
        "n": 72,
        "patched_best_other_route": {
          "prose": 72
        },
        "patched_top1_rate": 0.25,
        "success_change_rate": 0.25
      },
      {
        "condition": "restore|layer_minus_attn_delta|L17",
        "mean_delta_attn_norm": 19.647792683707344,
        "mean_delta_carry_est_norm": 83.83937062157526,
        "mean_delta_layer_norm": 92.96839555104573,
        "mean_delta_mlp_norm": 49.1720478799608,
        "mean_patched_rank": 2.875,
        "mean_pmv_effect": 5.1875,
        "mean_rank_effect": 164.81944444444446,
        "mean_short_rank": 167.69444444444446,
        "mean_target_delta": 7.284605006376903,
        "mean_target_delta_fraction": 0.5713574330864631,
        "mean_target_effect": 5.443186362584432,
        "mean_terse_rank": 1.0,
        "n": 72,
        "patched_best_other_route": {
          "prose": 72
        },
        "patched_top1_rate": 0.7222222222222222,
        "success_change_rate": 0.7222222222222222
      },
      {
        "condition": "restore|carry_est_layerout|L17",
        "mean_delta_attn_norm": 19.647792683707344,
        "mean_delta_carry_est_norm": 83.83937062157526,
        "mean_delta_layer_norm": 92.96839555104573,
        "mean_delta_mlp_norm": 49.1720478799608,
        "mean_patched_rank": 3.4305555555555554,
        "mean_pmv_effect": 5.115017361111111,
        "mean_rank_effect": 164.26388888888889,
        "mean_short_rank": 167.69444444444446,
        "mean_target_delta": 7.284605006376903,
        "mean_target_delta_fraction": 0.7312000246069045,
        "mean_target_effect": 5.4374073048432665,
        "mean_terse_rank": 1.0,
        "n": 72,
        "patched_best_other_route": {
          "prose": 72
        },
        "patched_top1_rate": 0.6388888888888888,
        "success_change_rate": 0.6388888888888888
      }
    ],
    "model": "deepseek7b",
    "n_paired_cases": 72
  },
  "target_layer": 26,
  "timestamp": "2026-06-26 14:37:22",
  "title": "Boundary Component and Residual-Carry Decomposition"
}
