`torch_dtype` is deprecated! Use `dtype` instead!
Loading weights:   0%|          | 0/398 [00:00<?, ?it/s]Loading weights:   7%|▋         | 29/398 [00:00<00:01, 278.87it/s]Loading weights:  22%|██▏       | 87/398 [00:00<00:00, 445.79it/s]Loading weights:  40%|███▉      | 159/398 [00:00<00:00, 568.56it/s]Loading weights:  56%|█████▋    | 224/398 [00:00<00:00, 592.88it/s]Loading weights:  71%|███████▏  | 284/398 [00:00<00:00, 579.88it/s]Loading weights:  89%|████████▉ | 355/398 [00:00<00:00, 616.06it/s]Loading weights: 100%|██████████| 398/398 [00:00<00:00, 578.84it/s]
[14:31:18] Loaded qwen3: class=Qwen3ForCausalLM, GPU=8.05GB, attn=eager
[14:31:31] qwen3: patched 3/3 paired cases
[model_utils] GPU memory released, allocated=8.10 GB
{
  "model": "qwen3",
  "n_paired_cases": 3,
  "n_rows": 384,
  "phase": 691,
  "scan_layers": [
    18,
    19,
    20,
    21,
    22,
    23,
    24,
    25
  ],
  "summary": {
    "best_degradation_conditions": [
      {
        "condition": "degradation|remove_carry_est_layerout|L23",
        "mean_delta_attn_norm": 7.451170603434245,
        "mean_delta_carry_est_norm": 16.534291585286457,
        "mean_delta_layer_norm": 18.705244700113933,
        "mean_delta_mlp_norm": 10.407570838928223,
        "mean_patched_rank": 3.6666666666666665,
        "mean_pmv_effect": 3.875,
        "mean_rank_effect": 2.6666666666666665,
        "mean_short_rank": 2.0,
        "mean_target_delta": 7.2557633717854815,
        "mean_target_delta_fraction": 1.3289861988625686,
        "mean_target_effect": 9.463916778564453,
        "mean_terse_rank": 1.0,
        "n": 3,
        "patched_best_other_route": {
          "continuation": 1,
          "prose": 2
        },
        "patched_top1_rate": 0.0,
        "success_change_rate": 1.0
      },
      {
        "condition": "degradation|full_layer_replace_short|L23",
        "mean_delta_attn_norm": 7.451170603434245,
        "mean_delta_carry_est_norm": 16.534291585286457,
        "mean_delta_layer_norm": 18.705244700113933,
        "mean_delta_mlp_norm": 10.407570838928223,
        "mean_patched_rank": 2.6666666666666665,
        "mean_pmv_effect": 4.083333333333333,
        "mean_rank_effect": 1.6666666666666667,
        "mean_short_rank": 2.0,
        "mean_target_delta": 7.2557633717854815,
        "mean_target_delta_fraction": 1.247111171786294,
        "mean_target_effect": 8.963861465454102,
        "mean_terse_rank": 1.0,
        "n": 3,
        "patched_best_other_route": {
          "prose": 3
        },
        "patched_top1_rate": 0.0,
        "success_change_rate": 1.0
      },
      {
        "condition": "degradation|full_layer_replace_short|L24",
        "mean_delta_attn_norm": 6.249804814656575,
        "mean_delta_carry_est_norm": 18.706629435221355,
        "mean_delta_layer_norm": 20.297298431396484,
        "mean_delta_mlp_norm": 10.73410161336263,
        "mean_patched_rank": 2.6666666666666665,
        "mean_pmv_effect": 4.083333333333333,
        "mean_rank_effect": 1.6666666666666667,
        "mean_short_rank": 2.0,
        "mean_target_delta": 7.2557633717854815,
        "mean_target_delta_fraction": 1.1533588928072733,
        "mean_target_effect": 8.296123504638672,
        "mean_terse_rank": 1.0,
        "n": 3,
        "patched_best_other_route": {
          "prose": 3
        },
        "patched_top1_rate": 0.0,
        "success_change_rate": 1.0
      },
      {
        "condition": "degradation|full_layer_replace_short|L25",
        "mean_delta_attn_norm": 5.991633574167888,
        "mean_delta_carry_est_norm": 20.301701227823894,
        "mean_delta_layer_norm": 23.472527821858723,
        "mean_delta_mlp_norm": 11.515763600667318,
        "mean_patched_rank": 2.3333333333333335,
        "mean_pmv_effect": 3.7083333333333335,
        "mean_rank_effect": 1.3333333333333333,
        "mean_short_rank": 2.0,
        "mean_target_delta": 7.2557633717854815,
        "mean_target_delta_fraction": 1.0731173110097816,
        "mean_target_effect": 7.7636458079020185,
        "mean_terse_rank": 1.0,
        "n": 3,
        "patched_best_other_route": {
          "prose": 3
        },
        "patched_top1_rate": 0.0,
        "success_change_rate": 1.0
      },
      {
        "condition": "degradation|remove_carry_est_layerout|L19",
        "mean_delta_attn_norm": 5.408134301503499,
        "mean_delta_carry_est_norm": 13.885458628336588,
        "mean_delta_layer_norm": 14.631233215332031,
        "mean_delta_mlp_norm": 9.589377721150717,
        "mean_patched_rank": 2.3333333333333335,
        "mean_pmv_effect": 2.0416666666666665,
        "mean_rank_effect": 1.3333333333333333,
        "mean_short_rank": 2.0,
        "mean_target_delta": 7.2557633717854815,
        "mean_target_delta_fraction": 0.7932364621622175,
        "mean_target_effect": 5.68031120300293,
        "mean_terse_rank": 1.0,
        "n": 3,
        "patched_best_other_route": {
          "continuation": 2,
          "prose": 1
        },
        "patched_top1_rate": 0.0,
        "success_change_rate": 1.0
      },
      {
        "condition": "degradation|remove_carry_est_layerout|L20",
        "mean_delta_attn_norm": 5.90280818939209,
        "mean_delta_carry_est_norm": 14.633696556091309,
        "mean_delta_layer_norm": 15.3132905960083,
        "mean_delta_mlp_norm": 9.615422884623209,
        "mean_patched_rank": 1.6666666666666667,
        "mean_pmv_effect": 2.6666666666666665,
        "mean_rank_effect": 0.6666666666666666,
        "mean_short_rank": 2.0,
        "mean_target_delta": 7.2557633717854815,
        "mean_target_delta_fraction": 0.9079207905973418,
        "mean_target_effect": 6.56184196472168,
        "mean_terse_rank": 1.0,
        "n": 3,
        "patched_best_other_route": {
          "continuation": 2,
          "prose": 1
        },
        "patched_top1_rate": 0.3333333333333333,
        "success_change_rate": 0.6666666666666666
      },
      {
        "condition": "degradation|remove_carry_est_layerout|L21",
        "mean_delta_attn_norm": 5.449541250864665,
        "mean_delta_carry_est_norm": 15.315458297729492,
        "mean_delta_layer_norm": 16.639885584513348,
        "mean_delta_mlp_norm": 10.93175474802653,
        "mean_patched_rank": 2.0,
        "mean_pmv_effect": 3.1666666666666665,
        "mean_rank_effect": 1.0,
        "mean_short_rank": 2.0,
        "mean_target_delta": 7.2557633717854815,
        "mean_target_delta_fraction": 0.8815853190483381,
        "mean_target_effect": 6.351217269897461,
        "mean_terse_rank": 1.0,
        "n": 3,
        "patched_best_other_route": {
          "continuation": 2,
          "prose": 1
        },
        "patched_top1_rate": 0.3333333333333333,
        "success_change_rate": 0.6666666666666666
      },
      {
        "condition": "degradation|full_layer_replace_short|L22",
        "mean_delta_attn_norm": 7.096989154815674,
        "mean_delta_carry_est_norm": 16.647298177083332,
        "mean_delta_layer_norm": 16.54184087117513,
        "mean_delta_mlp_norm": 10.546352704366049,
        "mean_patched_rank": 1.6666666666666667,
        "mean_pmv_effect": 2.4166666666666665,
        "mean_rank_effect": 0.6666666666666666,
        "mean_short_rank": 2.0,
        "mean_target_delta": 7.2557633717854815,
        "mean_target_delta_fraction": 0.7946248865163389,
        "mean_target_effect": 5.708784103393555,
        "mean_terse_rank": 1.0,
        "n": 3,
        "patched_best_other_route": {
          "continuation": 1,
          "prose": 2
        },
        "patched_top1_rate": 0.3333333333333333,
        "success_change_rate": 0.6666666666666666
      },
      {
        "condition": "degradation|remove_carry_est_layerout|L22",
        "mean_delta_attn_norm": 7.096989154815674,
        "mean_delta_carry_est_norm": 16.647298177083332,
        "mean_delta_layer_norm": 16.54184087117513,
        "mean_delta_mlp_norm": 10.546352704366049,
        "mean_patched_rank": 1.6666666666666667,
        "mean_pmv_effect": 2.5,
        "mean_rank_effect": 0.6666666666666666,
        "mean_short_rank": 2.0,
        "mean_target_delta": 7.2557633717854815,
        "mean_target_delta_fraction": 0.749426648184384,
        "mean_target_effect": 5.345959345499675,
        "mean_terse_rank": 1.0,
        "n": 3,
        "patched_best_other_route": {
          "continuation": 1,
          "prose": 2
        },
        "patched_top1_rate": 0.3333333333333333,
        "success_change_rate": 0.6666666666666666
      },
      {
        "condition": "degradation|full_layer_replace_short|L20",
        "mean_delta_attn_norm": 5.90280818939209,
        "mean_delta_carry_est_norm": 14.633696556091309,
        "mean_delta_layer_norm": 15.3132905960083,
        "mean_delta_mlp_norm": 9.615422884623209,
        "mean_patched_rank": 1.6666666666666667,
        "mean_pmv_effect": 1.9583333333333333,
        "mean_rank_effect": 0.6666666666666666,
        "mean_short_rank": 2.0,
        "mean_target_delta": 7.2557633717854815,
        "mean_target_delta_fraction": 0.6806645651917326,
        "mean_target_effect": 4.880327224731445,
        "mean_terse_rank": 1.0,
        "n": 3,
        "patched_best_other_route": {
          "continuation": 1,
          "prose": 2
        },
        "patched_top1_rate": 0.3333333333333333,
        "success_change_rate": 0.6666666666666666
      },
      {
        "condition": "degradation|full_layer_replace_short|L18",
        "mean_delta_attn_norm": 5.999481201171875,
        "mean_delta_carry_est_norm": 12.302686055501303,
        "mean_delta_layer_norm": 13.88002904256185,
        "mean_delta_mlp_norm": 8.798112233479818,
        "mean_patched_rank": 1.6666666666666667,
        "mean_pmv_effect": 1.9583333333333333,
        "mean_rank_effect": 0.6666666666666666,
        "mean_short_rank": 2.0,
        "mean_target_delta": 7.2557633717854815,
        "mean_target_delta_fraction": 0.5711177525939707,
        "mean_target_effect": 4.154633204142253,
        "mean_terse_rank": 1.0,
        "n": 3,
        "patched_best_other_route": {
          "continuation": 2,
          "prose": 1
        },
        "patched_top1_rate": 0.3333333333333333,
        "success_change_rate": 0.6666666666666666
      },
      {
        "condition": "degradation|remove_carry_est_layerout|L25",
        "mean_delta_attn_norm": 5.991633574167888,
        "mean_delta_carry_est_norm": 20.301701227823894,
        "mean_delta_layer_norm": 23.472527821858723,
        "mean_delta_mlp_norm": 11.515763600667318,
        "mean_patched_rank": 1.3333333333333333,
        "mean_pmv_effect": 2.5,
        "mean_rank_effect": 0.3333333333333333,
        "mean_short_rank": 2.0,
        "mean_target_delta": 7.2557633717854815,
        "mean_target_delta_fraction": 0.7636868971510525,
        "mean_target_effect": 5.580619812011719,
        "mean_terse_rank": 1.0,
        "n": 3,
        "patched_best_other_route": {
          "continuation": 1,
          "prose": 2
        },
        "patched_top1_rate": 0.6666666666666666,
        "success_change_rate": 0.3333333333333333
      },
      {
        "condition": "degradation|remove_carry_est_layerout|L24",
        "mean_delta_attn_norm": 6.249804814656575,
        "mean_delta_carry_est_norm": 18.706629435221355,
        "mean_delta_layer_norm": 20.297298431396484,
        "mean_delta_mlp_norm": 10.73410161336263,
        "mean_patched_rank": 1.3333333333333333,
        "mean_pmv_effect": 1.875,
        "mean_rank_effect": 0.3333333333333333,
        "mean_short_rank": 2.0,
        "mean_target_delta": 7.2557633717854815,
        "mean_target_delta_fraction": 0.5331805831862145,
        "mean_target_effect": 3.8282457987467446,
        "mean_terse_rank": 1.0,
        "n": 3,
        "patched_best_other_route": {
          "prose": 3
        },
        "patched_top1_rate": 0.6666666666666666,
        "success_change_rate": 0.3333333333333333
      },
      {
        "condition": "degradation|attn_mlp_replace_short|L24",
        "mean_delta_attn_norm": 6.249804814656575,
        "mean_delta_carry_est_norm": 18.706629435221355,
        "mean_delta_layer_norm": 20.297298431396484,
        "mean_delta_mlp_norm": 10.73410161336263,
        "mean_patched_rank": 1.3333333333333333,
        "mean_pmv_effect": 2.0,
        "mean_rank_effect": 0.3333333333333333,
        "mean_short_rank": 2.0,
        "mean_target_delta": 7.2557633717854815,
        "mean_target_delta_fraction": 0.5126181275517476,
        "mean_target_effect": 3.6721134185791016,
        "mean_terse_rank": 1.0,
        "n": 3,
        "patched_best_other_route": {
          "continuation": 1,
          "prose": 2
        },
        "patched_top1_rate": 0.6666666666666666,
        "success_change_rate": 0.3333333333333333
      },
      {
        "condition": "degradation|random_layer_same_norm|L18",
        "mean_delta_attn_norm": 5.999481201171875,
        "mean_delta_carry_est_norm": 12.302686055501303,
        "mean_delta_layer_norm": 13.88002904256185,
        "mean_delta_mlp_norm": 8.798112233479818,
        "mean_patched_rank": 1.3333333333333333,
        "mean_pmv_effect": 1.8333333333333333,
        "mean_rank_effect": 0.3333333333333333,
        "mean_short_rank": 2.0,
        "mean_target_delta": 7.2557633717854815,
        "mean_target_delta_fraction": 0.4680604068978811,
        "mean_target_effect": 3.5361925760904946,
        "mean_terse_rank": 1.0,
        "n": 3,
        "patched_best_other_route": {
          "continuation": 2,
          "prose": 1
        },
        "patched_top1_rate": 0.6666666666666666,
        "success_change_rate": 0.3333333333333333
      },
      {
        "condition": "degradation|attn_mlp_replace_short|L18",
        "mean_delta_attn_norm": 5.999481201171875,
        "mean_delta_carry_est_norm": 12.302686055501303,
        "mean_delta_layer_norm": 13.88002904256185,
        "mean_delta_mlp_norm": 8.798112233479818,
        "mean_patched_rank": 1.3333333333333333,
        "mean_pmv_effect": 0.8333333333333334,
        "mean_rank_effect": 0.3333333333333333,
        "mean_short_rank": 2.0,
        "mean_target_delta": 7.2557633717854815,
        "mean_target_delta_fraction": 0.1981401981836676,
        "mean_target_effect": 1.6143938700358074,
        "mean_terse_rank": 1.0,
        "n": 3,
        "patched_best_other_route": {
          "continuation": 2,
          "prose": 1
        },
        "patched_top1_rate": 0.6666666666666666,
        "success_change_rate": 0.3333333333333333
      },
      {
        "condition": "degradation|mlp_replace_short|L19",
        "mean_delta_attn_norm": 5.408134301503499,
        "mean_delta_carry_est_norm": 13.885458628336588,
        "mean_delta_layer_norm": 14.631233215332031,
        "mean_delta_mlp_norm": 9.589377721150717,
        "mean_patched_rank": 1.3333333333333333,
        "mean_pmv_effect": 0.8333333333333334,
        "mean_rank_effect": 0.3333333333333333,
        "mean_short_rank": 2.0,
        "mean_target_delta": 7.2557633717854815,
        "mean_target_delta_fraction": 0.013558305141102745,
        "mean_target_effect": 0.16127649943033853,
        "mean_terse_rank": 1.0,
        "n": 3,
        "patched_best_other_route": {
          "continuation": 1,
          "prose": 2
        },
        "patched_top1_rate": 0.6666666666666666,
        "success_change_rate": 0.3333333333333333
      },
      {
        "condition": "degradation|random_layer_same_norm|L20",
        "mean_delta_attn_norm": 5.90280818939209,
        "mean_delta_carry_est_norm": 14.633696556091309,
        "mean_delta_layer_norm": 15.3132905960083,
        "mean_delta_mlp_norm": 9.615422884623209,
        "mean_patched_rank": 1.3333333333333333,
        "mean_pmv_effect": 0.125,
        "mean_rank_effect": 0.3333333333333333,
        "mean_short_rank": 2.0,
        "mean_target_delta": 7.2557633717854815,
        "mean_target_delta_fraction": -0.15031412255663915,
        "mean_target_effect": -0.9169972737630209,
        "mean_terse_rank": 1.0,
        "n": 3,
        "patched_best_other_route": {
          "continuation": 1,
          "prose": 2
        },
        "patched_top1_rate": 0.6666666666666666,
        "success_change_rate": 0.3333333333333333
      },
      {
        "condition": "degradation|full_layer_replace_short|L19",
        "mean_delta_attn_norm": 5.408134301503499,
        "mean_delta_carry_est_norm": 13.885458628336588,
        "mean_delta_layer_norm": 14.631233215332031,
        "mean_delta_mlp_norm": 9.589377721150717,
        "mean_patched_rank": 1.0,
        "mean_pmv_effect": 2.0833333333333335,
        "mean_rank_effect": 0.0,
        "mean_short_rank": 2.0,
        "mean_target_delta": 7.2557633717854815,
        "mean_target_delta_fraction": 0.5947218815574701,
        "mean_target_effect": 4.290561676025391,
        "mean_terse_rank": 1.0,
        "n": 3,
        "patched_best_other_route": {
          "continuation": 1,
          "prose": 2
        },
        "patched_top1_rate": 1.0,
        "success_change_rate": 0.0
      },
      {
        "condition": "degradation|full_layer_replace_short|L21",
        "mean_delta_attn_norm": 5.449541250864665,
        "mean_delta_carry_est_norm": 15.315458297729492,
        "mean_delta_layer_norm": 16.639885584513348,
        "mean_delta_mlp_norm": 10.93175474802653,
        "mean_patched_rank": 1.0,
        "mean_pmv_effect": 1.5416666666666667,
        "mean_rank_effect": 0.0,
        "mean_short_rank": 2.0,
        "mean_target_delta": 7.2557633717854815,
        "mean_target_delta_fraction": 0.5498541469646036,
        "mean_target_effect": 3.9701004028320312,
        "mean_terse_rank": 1.0,
        "n": 3,
        "patched_best_other_route": {
          "continuation": 1,
          "prose": 2
        },
        "patched_top1_rate": 1.0,
        "success_change_rate": 0.0
      },
      {
        "condition": "degradation|remove_carry_est_layerout|L18",
        "mean_delta_attn_norm": 5.999481201171875,
        "mean_delta_carry_est_norm": 12.302686055501303,
        "mean_delta_layer_norm": 13.88002904256185,
        "mean_delta_mlp_norm": 8.798112233479818,
        "mean_patched_rank": 1.0,
        "mean_pmv_effect": 1.3333333333333333,
        "mean_rank_effect": 0.0,
        "mean_short_rank": 2.0,
        "mean_target_delta": 7.2557633717854815,
        "mean_target_delta_fraction": 0.4245218763495295,
        "mean_target_effect": 2.977015813191732,
        "mean_terse_rank": 1.0,
        "n": 3,
        "patched_best_other_route": {
          "continuation": 1,
          "prose": 2
        },
        "patched_top1_rate": 1.0,
        "success_change_rate": 0.0
      },
      {
        "condition": "degradation|attn_replace_short|L24",
        "mean_delta_attn_norm": 6.249804814656575,
        "mean_delta_carry_est_norm": 18.706629435221355,
        "mean_delta_layer_norm": 20.297298431396484,
        "mean_delta_mlp_norm": 10.73410161336263,
        "mean_patched_rank": 1.0,
        "mean_pmv_effect": 1.2916666666666667,
        "mean_rank_effect": 0.0,
        "mean_short_rank": 2.0,
        "mean_target_delta": 7.2557633717854815,
        "mean_target_delta_fraction": 0.29383776044255977,
        "mean_target_effect": 2.1666539510091147,
        "mean_terse_rank": 1.0,
        "n": 3,
        "patched_best_other_route": {
          "continuation": 2,
          "prose": 1
        },
        "patched_top1_rate": 1.0,
        "success_change_rate": 0.0
      },
      {
        "condition": "degradation|remove_attn_est_layerout|L24",
        "mean_delta_attn_norm": 6.249804814656575,
        "mean_delta_carry_est_norm": 18.706629435221355,
        "mean_delta_layer_norm": 20.297298431396484,
        "mean_delta_mlp_norm": 10.73410161336263,
        "mean_patched_rank": 1.0,
        "mean_pmv_effect": 0.9583333333333334,
        "mean_rank_effect": 0.0,
        "mean_short_rank": 2.0,
        "mean_target_delta": 7.2557633717854815,
        "mean_target_delta_fraction": 0.2659000497337696,
        "mean_target_effect": 1.9861526489257812,
        "mean_terse_rank": 1.0,
        "n": 3,
        "patched_best_other_route": {
          "continuation": 2,
          "prose": 1
        },
        "patched_top1_rate": 1.0,
        "success_change_rate": 0.0
      },
      {
        "condition": "degradation|mlp_replace_short|L24",
        "mean_delta_attn_norm": 6.249804814656575,
        "mean_delta_carry_est_norm": 18.706629435221355,
        "mean_delta_layer_norm": 20.297298431396484,
        "mean_delta_mlp_norm": 10.73410161336263,
        "mean_patched_rank": 1.0,
        "mean_pmv_effect": 1.1666666666666667,
        "mean_rank_effect": 0.0,
        "mean_short_rank": 2.0,
        "mean_target_delta": 7.2557633717854815,
        "mean_target_delta_fraction": 0.2686468352248484,
        "mean_target_effect": 1.9028822580973308,
        "mean_terse_rank": 1.0,
        "n": 3,
        "patched_best_other_route": {
          "continuation": 1,
          "prose": 2
        },
        "patched_top1_rate": 1.0,
        "success_change_rate": 0.0
      }
    ],
    "best_restore_conditions": [
      {
        "condition": "restore|full_layer_delta|L23",
        "mean_delta_attn_norm": 7.451170603434245,
        "mean_delta_carry_est_norm": 16.534291585286457,
        "mean_delta_layer_norm": 18.705244700113933,
        "mean_delta_mlp_norm": 10.407570838928223,
        "mean_patched_rank": 1.0,
        "mean_pmv_effect": 3.4583333333333335,
        "mean_rank_effect": 1.0,
        "mean_short_rank": 2.0,
        "mean_target_delta": 7.2557633717854815,
        "mean_target_delta_fraction": 1.2611374681384842,
        "mean_target_effect": 9.06766446431478,
        "mean_terse_rank": 1.0,
        "n": 3,
        "patched_best_other_route": {
          "continuation": 2,
          "prose": 1
        },
        "patched_top1_rate": 1.0,
        "success_change_rate": 1.0
      },
      {
        "condition": "restore|full_layer_delta|L24",
        "mean_delta_attn_norm": 6.249804814656575,
        "mean_delta_carry_est_norm": 18.706629435221355,
        "mean_delta_layer_norm": 20.297298431396484,
        "mean_delta_mlp_norm": 10.73410161336263,
        "mean_patched_rank": 1.0,
        "mean_pmv_effect": 3.5833333333333335,
        "mean_rank_effect": 1.0,
        "mean_short_rank": 2.0,
        "mean_target_delta": 7.2557633717854815,
        "mean_target_delta_fraction": 1.199776494946441,
        "mean_target_effect": 8.630599975585938,
        "mean_terse_rank": 1.0,
        "n": 3,
        "patched_best_other_route": {
          "continuation": 2,
          "prose": 1
        },
        "patched_top1_rate": 1.0,
        "success_change_rate": 1.0
      },
      {
        "condition": "restore|layer_minus_mlp_delta|L21",
        "mean_delta_attn_norm": 5.449541250864665,
        "mean_delta_carry_est_norm": 15.315458297729492,
        "mean_delta_layer_norm": 16.639885584513348,
        "mean_delta_mlp_norm": 10.93175474802653,
        "mean_patched_rank": 1.0,
        "mean_pmv_effect": 3.125,
        "mean_rank_effect": 1.0,
        "mean_short_rank": 2.0,
        "mean_target_delta": 7.2557633717854815,
        "mean_target_delta_fraction": 1.1758224639824117,
        "mean_target_effect": 8.497509002685547,
        "mean_terse_rank": 1.0,
        "n": 3,
        "patched_best_other_route": {
          "continuation": 2,
          "prose": 1
        },
        "patched_top1_rate": 1.0,
        "success_change_rate": 1.0
      },
      {
        "condition": "restore|layer_minus_attn_delta|L20",
        "mean_delta_attn_norm": 5.90280818939209,
        "mean_delta_carry_est_norm": 14.633696556091309,
        "mean_delta_layer_norm": 15.3132905960083,
        "mean_delta_mlp_norm": 9.615422884623209,
        "mean_patched_rank": 1.0,
        "mean_pmv_effect": 2.75,
        "mean_rank_effect": 1.0,
        "mean_short_rank": 2.0,
        "mean_target_delta": 7.2557633717854815,
        "mean_target_delta_fraction": 1.1455858673248336,
        "mean_target_effect": 8.349635442097982,
        "mean_terse_rank": 1.0,
        "n": 3,
        "patched_best_other_route": {
          "continuation": 2,
          "prose": 1
        },
        "patched_top1_rate": 1.0,
        "success_change_rate": 1.0
      },
      {
        "condition": "restore|layer_minus_attn_delta|L23",
        "mean_delta_attn_norm": 7.451170603434245,
        "mean_delta_carry_est_norm": 16.534291585286457,
        "mean_delta_layer_norm": 18.705244700113933,
        "mean_delta_mlp_norm": 10.407570838928223,
        "mean_patched_rank": 1.0,
        "mean_pmv_effect": 2.6666666666666665,
        "mean_rank_effect": 1.0,
        "mean_short_rank": 2.0,
        "mean_target_delta": 7.2557633717854815,
        "mean_target_delta_fraction": 1.1555773540622611,
        "mean_target_effect": 8.251757939656576,
        "mean_terse_rank": 1.0,
        "n": 3,
        "patched_best_other_route": {
          "continuation": 2,
          "prose": 1
        },
        "patched_top1_rate": 1.0,
        "success_change_rate": 1.0
      },
      {
        "condition": "restore|layer_minus_mlp_delta|L23",
        "mean_delta_attn_norm": 7.451170603434245,
        "mean_delta_carry_est_norm": 16.534291585286457,
        "mean_delta_layer_norm": 18.705244700113933,
        "mean_delta_mlp_norm": 10.407570838928223,
        "mean_patched_rank": 1.0,
        "mean_pmv_effect": 3.0,
        "mean_rank_effect": 1.0,
        "mean_short_rank": 2.0,
        "mean_target_delta": 7.2557633717854815,
        "mean_target_delta_fraction": 1.145835863630668,
        "mean_target_effect": 8.198439280192057,
        "mean_terse_rank": 1.0,
        "n": 3,
        "patched_best_other_route": {
          "continuation": 2,
          "prose": 1
        },
        "patched_top1_rate": 1.0,
        "success_change_rate": 1.0
      },
      {
        "condition": "restore|carry_est_layerout|L21",
        "mean_delta_attn_norm": 5.449541250864665,
        "mean_delta_carry_est_norm": 15.315458297729492,
        "mean_delta_layer_norm": 16.639885584513348,
        "mean_delta_mlp_norm": 10.93175474802653,
        "mean_patched_rank": 1.0,
        "mean_pmv_effect": 2.75,
        "mean_rank_effect": 1.0,
        "mean_short_rank": 2.0,
        "mean_target_delta": 7.2557633717854815,
        "mean_target_delta_fraction": 1.1277574513705084,
        "mean_target_effect": 8.120674769083658,
        "mean_terse_rank": 1.0,
        "n": 3,
        "patched_best_other_route": {
          "continuation": 1,
          "prose": 2
        },
        "patched_top1_rate": 1.0,
        "success_change_rate": 1.0
      },
      {
        "condition": "restore|full_layer_delta|L25",
        "mean_delta_attn_norm": 5.991633574167888,
        "mean_delta_carry_est_norm": 20.301701227823894,
        "mean_delta_layer_norm": 23.472527821858723,
        "mean_delta_mlp_norm": 11.515763600667318,
        "mean_patched_rank": 1.0,
        "mean_pmv_effect": 3.3333333333333335,
        "mean_rank_effect": 1.0,
        "mean_short_rank": 2.0,
        "mean_target_delta": 7.2557633717854815,
        "mean_target_delta_fraction": 1.1204884585569703,
        "mean_target_effect": 8.097237269083658,
        "mean_terse_rank": 1.0,
        "n": 3,
        "patched_best_other_route": {
          "continuation": 2,
          "prose": 1
        },
        "patched_top1_rate": 1.0,
        "success_change_rate": 1.0
      },
      {
        "condition": "restore|layer_minus_attn_delta|L25",
        "mean_delta_attn_norm": 5.991633574167888,
        "mean_delta_carry_est_norm": 20.301701227823894,
        "mean_delta_layer_norm": 23.472527821858723,
        "mean_delta_mlp_norm": 11.515763600667318,
        "mean_patched_rank": 1.0,
        "mean_pmv_effect": 3.2916666666666665,
        "mean_rank_effect": 1.0,
        "mean_short_rank": 2.0,
        "mean_target_delta": 7.2557633717854815,
        "mean_target_delta_fraction": 1.1069286202284478,
        "mean_target_effect": 8.066596984863281,
        "mean_terse_rank": 1.0,
        "n": 3,
        "patched_best_other_route": {
          "continuation": 2,
          "prose": 1
        },
        "patched_top1_rate": 1.0,
        "success_change_rate": 1.0
      },
      {
        "condition": "restore|carry_est_layerout|L20",
        "mean_delta_attn_norm": 5.90280818939209,
        "mean_delta_carry_est_norm": 14.633696556091309,
        "mean_delta_layer_norm": 15.3132905960083,
        "mean_delta_mlp_norm": 9.615422884623209,
        "mean_patched_rank": 1.0,
        "mean_pmv_effect": 2.3333333333333335,
        "mean_rank_effect": 1.0,
        "mean_short_rank": 2.0,
        "mean_target_delta": 7.2557633717854815,
        "mean_target_delta_fraction": 1.116878841364905,
        "mean_target_effect": 8.04417864481608,
        "mean_terse_rank": 1.0,
        "n": 3,
        "patched_best_other_route": {
          "continuation": 1,
          "prose": 2
        },
        "patched_top1_rate": 1.0,
        "success_change_rate": 1.0
      },
      {
        "condition": "restore|carry_est_layerout|L23",
        "mean_delta_attn_norm": 7.451170603434245,
        "mean_delta_carry_est_norm": 16.534291585286457,
        "mean_delta_layer_norm": 18.705244700113933,
        "mean_delta_mlp_norm": 10.407570838928223,
        "mean_patched_rank": 1.0,
        "mean_pmv_effect": 2.3333333333333335,
        "mean_rank_effect": 1.0,
        "mean_short_rank": 2.0,
        "mean_target_delta": 7.2557633717854815,
        "mean_target_delta_fraction": 1.019192157821492,
        "mean_target_effect": 7.271288553873698,
        "mean_terse_rank": 1.0,
        "n": 3,
        "patched_best_other_route": {
          "continuation": 2,
          "prose": 1
        },
        "patched_top1_rate": 1.0,
        "success_change_rate": 1.0
      },
      {
        "condition": "restore|layer_minus_mlp_delta|L18",
        "mean_delta_attn_norm": 5.999481201171875,
        "mean_delta_carry_est_norm": 12.302686055501303,
        "mean_delta_layer_norm": 13.88002904256185,
        "mean_delta_mlp_norm": 8.798112233479818,
        "mean_patched_rank": 1.0,
        "mean_pmv_effect": 2.3333333333333335,
        "mean_rank_effect": 1.0,
        "mean_short_rank": 2.0,
        "mean_target_delta": 7.2557633717854815,
        "mean_target_delta_fraction": 1.019264485170635,
        "mean_target_effect": 7.26255734761556,
        "mean_terse_rank": 1.0,
        "n": 3,
        "patched_best_other_route": {
          "continuation": 2,
          "prose": 1
        },
        "patched_top1_rate": 1.0,
        "success_change_rate": 1.0
      },
      {
        "condition": "restore|full_layer_delta|L20",
        "mean_delta_attn_norm": 5.90280818939209,
        "mean_delta_carry_est_norm": 14.633696556091309,
        "mean_delta_layer_norm": 15.3132905960083,
        "mean_delta_mlp_norm": 9.615422884623209,
        "mean_patched_rank": 1.0,
        "mean_pmv_effect": 2.25,
        "mean_rank_effect": 1.0,
        "mean_short_rank": 2.0,
        "mean_target_delta": 7.2557633717854815,
        "mean_target_delta_fraction": 0.988282326669502,
        "mean_target_effect": 7.198802312215169,
        "mean_terse_rank": 1.0,
        "n": 3,
        "patched_best_other_route": {
          "continuation": 2,
          "prose": 1
        },
        "patched_top1_rate": 1.0,
        "success_change_rate": 1.0
      },
      {
        "condition": "restore|layer_minus_attn_delta|L24",
        "mean_delta_attn_norm": 6.249804814656575,
        "mean_delta_carry_est_norm": 18.706629435221355,
        "mean_delta_layer_norm": 20.297298431396484,
        "mean_delta_mlp_norm": 10.73410161336263,
        "mean_patched_rank": 1.0,
        "mean_pmv_effect": 3.0,
        "mean_rank_effect": 1.0,
        "mean_short_rank": 2.0,
        "mean_target_delta": 7.2557633717854815,
        "mean_target_delta_fraction": 0.9849272587751305,
        "mean_target_effect": 7.067996342976888,
        "mean_terse_rank": 1.0,
        "n": 3,
        "patched_best_other_route": {
          "continuation": 2,
          "prose": 1
        },
        "patched_top1_rate": 1.0,
        "success_change_rate": 1.0
      },
      {
        "condition": "restore|layer_minus_mlp_delta|L24",
        "mean_delta_attn_norm": 6.249804814656575,
        "mean_delta_carry_est_norm": 18.706629435221355,
        "mean_delta_layer_norm": 20.297298431396484,
        "mean_delta_mlp_norm": 10.73410161336263,
        "mean_patched_rank": 1.0,
        "mean_pmv_effect": 2.6666666666666665,
        "mean_rank_effect": 1.0,
        "mean_short_rank": 2.0,
        "mean_target_delta": 7.2557633717854815,
        "mean_target_delta_fraction": 0.9728875382165155,
        "mean_target_effect": 7.035857518513997,
        "mean_terse_rank": 1.0,
        "n": 3,
        "patched_best_other_route": {
          "continuation": 2,
          "prose": 1
        },
        "patched_top1_rate": 1.0,
        "success_change_rate": 1.0
      },
      {
        "condition": "restore|full_layer_delta|L18",
        "mean_delta_attn_norm": 5.999481201171875,
        "mean_delta_carry_est_norm": 12.302686055501303,
        "mean_delta_layer_norm": 13.88002904256185,
        "mean_delta_mlp_norm": 8.798112233479818,
        "mean_patched_rank": 1.0,
        "mean_pmv_effect": 2.375,
        "mean_rank_effect": 1.0,
        "mean_short_rank": 2.0,
        "mean_target_delta": 7.2557633717854815,
        "mean_target_delta_fraction": 0.9547169119730948,
        "mean_target_effect": 6.976982752482097,
        "mean_terse_rank": 1.0,
        "n": 3,
        "patched_best_other_route": {
          "continuation": 2,
          "prose": 1
        },
        "patched_top1_rate": 1.0,
        "success_change_rate": 1.0
      },
      {
        "condition": "restore|layer_minus_mlp_delta|L22",
        "mean_delta_attn_norm": 7.096989154815674,
        "mean_delta_carry_est_norm": 16.647298177083332,
        "mean_delta_layer_norm": 16.54184087117513,
        "mean_delta_mlp_norm": 10.546352704366049,
        "mean_patched_rank": 1.0,
        "mean_pmv_effect": 2.4583333333333335,
        "mean_rank_effect": 1.0,
        "mean_short_rank": 2.0,
        "mean_target_delta": 7.2557633717854815,
        "mean_target_delta_fraction": 0.9722260154820018,
        "mean_target_effect": 6.966015497843425,
        "mean_terse_rank": 1.0,
        "n": 3,
        "patched_best_other_route": {
          "continuation": 2,
          "prose": 1
        },
        "patched_top1_rate": 1.0,
        "success_change_rate": 1.0
      },
      {
        "condition": "restore|layer_minus_mlp_delta|L20",
        "mean_delta_attn_norm": 5.90280818939209,
        "mean_delta_carry_est_norm": 14.633696556091309,
        "mean_delta_layer_norm": 15.3132905960083,
        "mean_delta_mlp_norm": 9.615422884623209,
        "mean_patched_rank": 1.0,
        "mean_pmv_effect": 1.4583333333333333,
        "mean_rank_effect": 1.0,
        "mean_short_rank": 2.0,
        "mean_target_delta": 7.2557633717854815,
        "mean_target_delta_fraction": 0.968475802089789,
        "mean_target_effect": 6.930686950683594,
        "mean_terse_rank": 1.0,
        "n": 3,
        "patched_best_other_route": {
          "continuation": 1,
          "prose": 2
        },
        "patched_top1_rate": 1.0,
        "success_change_rate": 1.0
      },
      {
        "condition": "restore|full_layer_delta|L19",
        "mean_delta_attn_norm": 5.408134301503499,
        "mean_delta_carry_est_norm": 13.885458628336588,
        "mean_delta_layer_norm": 14.631233215332031,
        "mean_delta_mlp_norm": 9.589377721150717,
        "mean_patched_rank": 1.0,
        "mean_pmv_effect": 2.1666666666666665,
        "mean_rank_effect": 1.0,
        "mean_short_rank": 2.0,
        "mean_target_delta": 7.2557633717854815,
        "mean_target_delta_fraction": 0.9465346931771054,
        "mean_target_effect": 6.888146718343099,
        "mean_terse_rank": 1.0,
        "n": 3,
        "patched_best_other_route": {
          "continuation": 2,
          "prose": 1
        },
        "patched_top1_rate": 1.0,
        "success_change_rate": 1.0
      },
      {
        "condition": "restore|carry_est_layerout|L25",
        "mean_delta_attn_norm": 5.991633574167888,
        "mean_delta_carry_est_norm": 20.301701227823894,
        "mean_delta_layer_norm": 23.472527821858723,
        "mean_delta_mlp_norm": 11.515763600667318,
        "mean_patched_rank": 1.0,
        "mean_pmv_effect": 2.375,
        "mean_rank_effect": 1.0,
        "mean_short_rank": 2.0,
        "mean_target_delta": 7.2557633717854815,
        "mean_target_delta_fraction": 0.935126428162862,
        "mean_target_effect": 6.829170227050781,
        "mean_terse_rank": 1.0,
        "n": 3,
        "patched_best_other_route": {
          "continuation": 2,
          "prose": 1
        },
        "patched_top1_rate": 1.0,
        "success_change_rate": 1.0
      },
      {
        "condition": "restore|full_layer_delta|L21",
        "mean_delta_attn_norm": 5.449541250864665,
        "mean_delta_carry_est_norm": 15.315458297729492,
        "mean_delta_layer_norm": 16.639885584513348,
        "mean_delta_mlp_norm": 10.93175474802653,
        "mean_patched_rank": 1.0,
        "mean_pmv_effect": 2.125,
        "mean_rank_effect": 1.0,
        "mean_short_rank": 2.0,
        "mean_target_delta": 7.2557633717854815,
        "mean_target_delta_fraction": 0.9326859050308173,
        "mean_target_effect": 6.763861338297526,
        "mean_terse_rank": 1.0,
        "n": 3,
        "patched_best_other_route": {
          "continuation": 2,
          "prose": 1
        },
        "patched_top1_rate": 1.0,
        "success_change_rate": 1.0
      },
      {
        "condition": "restore|full_layer_delta|L22",
        "mean_delta_attn_norm": 7.096989154815674,
        "mean_delta_carry_est_norm": 16.647298177083332,
        "mean_delta_layer_norm": 16.54184087117513,
        "mean_delta_mlp_norm": 10.546352704366049,
        "mean_patched_rank": 1.0,
        "mean_pmv_effect": 2.1666666666666665,
        "mean_rank_effect": 1.0,
        "mean_short_rank": 2.0,
        "mean_target_delta": 7.2557633717854815,
        "mean_target_delta_fraction": 0.9217875333883637,
        "mean_target_effect": 6.666929244995117,
        "mean_terse_rank": 1.0,
        "n": 3,
        "patched_best_other_route": {
          "continuation": 2,
          "prose": 1
        },
        "patched_top1_rate": 1.0,
        "success_change_rate": 1.0
      },
      {
        "condition": "restore|layer_minus_mlp_delta|L19",
        "mean_delta_attn_norm": 5.408134301503499,
        "mean_delta_carry_est_norm": 13.885458628336588,
        "mean_delta_layer_norm": 14.631233215332031,
        "mean_delta_mlp_norm": 9.589377721150717,
        "mean_patched_rank": 1.0,
        "mean_pmv_effect": 1.7083333333333333,
        "mean_rank_effect": 1.0,
        "mean_short_rank": 2.0,
        "mean_target_delta": 7.2557633717854815,
        "mean_target_delta_fraction": 0.8623293026852861,
        "mean_target_effect": 6.251170476277669,
        "mean_terse_rank": 1.0,
        "n": 3,
        "patched_best_other_route": {
          "continuation": 1,
          "prose": 2
        },
        "patched_top1_rate": 1.0,
        "success_change_rate": 1.0
      },
      {
        "condition": "restore|layer_minus_mlp_delta|L25",
        "mean_delta_attn_norm": 5.991633574167888,
        "mean_delta_carry_est_norm": 20.301701227823894,
        "mean_delta_layer_norm": 23.472527821858723,
        "mean_delta_mlp_norm": 11.515763600667318,
        "mean_patched_rank": 1.0,
        "mean_pmv_effect": 2.3333333333333335,
        "mean_rank_effect": 1.0,
        "mean_short_rank": 2.0,
        "mean_target_delta": 7.2557633717854815,
        "mean_target_delta_fraction": 0.8661888484425312,
        "mean_target_effect": 6.227197011311849,
        "mean_terse_rank": 1.0,
        "n": 3,
        "patched_best_other_route": {
          "continuation": 2,
          "prose": 1
        },
        "patched_top1_rate": 1.0,
        "success_change_rate": 1.0
      }
    ],
    "by_condition": {
      "degradation|attn_mlp_replace_short|L18": {
        "mean_delta_attn_norm": 5.999481201171875,
        "mean_delta_carry_est_norm": 12.302686055501303,
        "mean_delta_layer_norm": 13.88002904256185,
        "mean_delta_mlp_norm": 8.798112233479818,
        "mean_patched_rank": 1.3333333333333333,
        "mean_pmv_effect": 0.8333333333333334,
        "mean_rank_effect": 0.3333333333333333,
        "mean_short_rank": 2.0,
        "mean_target_delta": 7.2557633717854815,
        "mean_target_delta_fraction": 0.1981401981836676,
        "mean_target_effect": 1.6143938700358074,
        "mean_terse_rank": 1.0,
        "n": 3,
        "patched_best_other_route": {
          "continuation": 2,
          "prose": 1
        },
        "patched_top1_rate": 0.6666666666666666,
        "success_change_rate": 0.3333333333333333
      },
      "degradation|attn_mlp_replace_short|L19": {
        "mean_delta_attn_norm": 5.408134301503499,
        "mean_delta_carry_est_norm": 13.885458628336588,
        "mean_delta_layer_norm": 14.631233215332031,
        "mean_delta_mlp_norm": 9.589377721150717,
        "mean_patched_rank": 1.0,
        "mean_pmv_effect": 0.7916666666666666,
        "mean_rank_effect": 0.0,
        "mean_short_rank": 2.0,
        "mean_target_delta": 7.2557633717854815,
        "mean_target_delta_fraction": -0.051556234660941884,
        "mean_target_effect": -0.2693634033203125,
        "mean_terse_rank": 1.0,
        "n": 3,
        "patched_best_other_route": {
          "continuation": 1,
          "prose": 2
        },
        "patched_top1_rate": 1.0,
        "success_change_rate": 0.0
      },
      "degradation|attn_mlp_replace_short|L20": {
        "mean_delta_attn_norm": 5.90280818939209,
        "mean_delta_carry_est_norm": 14.633696556091309,
        "mean_delta_layer_norm": 15.3132905960083,
        "mean_delta_mlp_norm": 9.615422884623209,
        "mean_patched_rank": 1.0,
        "mean_pmv_effect": 0.041666666666666664,
        "mean_rank_effect": 0.0,
        "mean_short_rank": 2.0,
        "mean_target_delta": 7.2557633717854815,
        "mean_target_delta_fraction": -0.11208658416659412,
        "mean_target_effect": -0.8254534403483073,
        "mean_terse_rank": 1.0,
        "n": 3,
        "patched_best_other_route": {
          "continuation": 1,
          "prose": 2
        },
        "patched_top1_rate": 1.0,
        "success_change_rate": 0.0
      },
      "degradation|attn_mlp_replace_short|L21": {
        "mean_delta_attn_norm": 5.449541250864665,
        "mean_delta_carry_est_norm": 15.315458297729492,
        "mean_delta_layer_norm": 16.639885584513348,
        "mean_delta_mlp_norm": 10.93175474802653,
        "mean_patched_rank": 1.0,
        "mean_pmv_effect": -0.375,
        "mean_rank_effect": 0.0,
        "mean_short_rank": 2.0,
        "mean_target_delta": 7.2557633717854815,
        "mean_target_delta_fraction": -0.10059436323418923,
        "mean_target_effect": -0.6564922332763672,
        "mean_terse_rank": 1.0,
        "n": 3,
        "patched_best_other_route": {
          "continuation": 2,
          "prose": 1
        },
        "patched_top1_rate": 1.0,
        "success_change_rate": 0.0
      },
      "degradation|attn_mlp_replace_short|L22": {
        "mean_delta_attn_norm": 7.096989154815674,
        "mean_delta_carry_est_norm": 16.647298177083332,
        "mean_delta_layer_norm": 16.54184087117513,
        "mean_delta_mlp_norm": 10.546352704366049,
        "mean_patched_rank": 1.0,
        "mean_pmv_effect": 0.4583333333333333,
        "mean_rank_effect": 0.0,
        "mean_short_rank": 2.0,
        "mean_target_delta": 7.2557633717854815,
        "mean_target_delta_fraction": 0.0960014130413125,
        "mean_target_effect": 0.6987940470377604,
        "mean_terse_rank": 1.0,
        "n": 3,
        "patched_best_other_route": {
          "continuation": 2,
          "prose": 1
        },
        "patched_top1_rate": 1.0,
        "success_change_rate": 0.0
      },
      "degradation|attn_mlp_replace_short|L23": {
        "mean_delta_attn_norm": 7.451170603434245,
        "mean_delta_carry_est_norm": 16.534291585286457,
        "mean_delta_layer_norm": 18.705244700113933,
        "mean_delta_mlp_norm": 10.407570838928223,
        "mean_patched_rank": 1.0,
        "mean_pmv_effect": 1.4583333333333333,
        "mean_rank_effect": 0.0,
        "mean_short_rank": 2.0,
        "mean_target_delta": 7.2557633717854815,
        "mean_target_delta_fraction": 0.2144765238735575,
        "mean_target_effect": 1.651540756225586,
        "mean_terse_rank": 1.0,
        "n": 3,
        "patched_best_other_route": {
          "prose": 3
        },
        "patched_top1_rate": 1.0,
        "success_change_rate": 0.0
      },
      "degradation|attn_mlp_replace_short|L24": {
        "mean_delta_attn_norm": 6.249804814656575,
        "mean_delta_carry_est_norm": 18.706629435221355,
        "mean_delta_layer_norm": 20.297298431396484,
        "mean_delta_mlp_norm": 10.73410161336263,
        "mean_patched_rank": 1.3333333333333333,
        "mean_pmv_effect": 2.0,
        "mean_rank_effect": 0.3333333333333333,
        "mean_short_rank": 2.0,
        "mean_target_delta": 7.2557633717854815,
        "mean_target_delta_fraction": 0.5126181275517476,
        "mean_target_effect": 3.6721134185791016,
        "mean_terse_rank": 1.0,
        "n": 3,
        "patched_best_other_route": {
          "continuation": 1,
          "prose": 2
        },
        "patched_top1_rate": 0.6666666666666666,
        "success_change_rate": 0.3333333333333333
      },
      "degradation|attn_mlp_replace_short|L25": {
        "mean_delta_attn_norm": 5.991633574167888,
        "mean_delta_carry_est_norm": 20.301701227823894,
        "mean_delta_layer_norm": 23.472527821858723,
        "mean_delta_mlp_norm": 11.515763600667318,
        "mean_patched_rank": 1.0,
        "mean_pmv_effect": 1.0833333333333333,
        "mean_rank_effect": 0.0,
        "mean_short_rank": 2.0,
        "mean_target_delta": 7.2557633717854815,
        "mean_target_delta_fraction": 0.19642244801186962,
        "mean_target_effect": 1.390533447265625,
        "mean_terse_rank": 1.0,
        "n": 3,
        "patched_best_other_route": {
          "continuation": 2,
          "prose": 1
        },
        "patched_top1_rate": 1.0,
        "success_change_rate": 0.0
      },
      "degradation|attn_replace_short|L18": {
        "mean_delta_attn_norm": 5.999481201171875,
        "mean_delta_carry_est_norm": 12.302686055501303,
        "mean_delta_layer_norm": 13.88002904256185,
        "mean_delta_mlp_norm": 8.798112233479818,
        "mean_patched_rank": 1.0,
        "mean_pmv_effect": 0.25,
        "mean_rank_effect": 0.0,
        "mean_short_rank": 2.0,
        "mean_target_delta": 7.2557633717854815,
        "mean_target_delta_fraction": 0.030969175834638582,
        "mean_target_effect": 0.2631034851074219,
        "mean_terse_rank": 1.0,
        "n": 3,
        "patched_best_other_route": {
          "continuation": 2,
          "prose": 1
        },
        "patched_top1_rate": 1.0,
        "success_change_rate": 0.0
      },
      "degradation|attn_replace_short|L19": {
        "mean_delta_attn_norm": 5.408134301503499,
        "mean_delta_carry_est_norm": 13.885458628336588,
        "mean_delta_layer_norm": 14.631233215332031,
        "mean_delta_mlp_norm": 9.589377721150717,
        "mean_patched_rank": 1.0,
        "mean_pmv_effect": -0.20833333333333334,
        "mean_rank_effect": 0.0,
        "mean_short_rank": 2.0,
        "mean_target_delta": 7.2557633717854815,
        "mean_target_delta_fraction": -0.20399882855926924,
        "mean_target_effect": -1.4605242411295574,
        "mean_terse_rank": 1.0,
        "n": 3,
        "patched_best_other_route": {
          "continuation": 1,
          "prose": 2
        },
        "patched_top1_rate": 1.0,
        "success_change_rate": 0.0
      },
      "degradation|attn_replace_short|L20": {
        "mean_delta_attn_norm": 5.90280818939209,
        "mean_delta_carry_est_norm": 14.633696556091309,
        "mean_delta_layer_norm": 15.3132905960083,
        "mean_delta_mlp_norm": 9.615422884623209,
        "mean_patched_rank": 1.0,
        "mean_pmv_effect": 0.7083333333333334,
        "mean_rank_effect": 0.0,
        "mean_short_rank": 2.0,
        "mean_target_delta": 7.2557633717854815,
        "mean_target_delta_fraction": 0.22760538773084169,
        "mean_target_effect": 1.5541871388753254,
        "mean_terse_rank": 1.0,
        "n": 3,
        "patched_best_other_route": {
          "continuation": 1,
          "prose": 2
        },
        "patched_top1_rate": 1.0,
        "success_change_rate": 0.0
      },
      "degradation|attn_replace_short|L21": {
        "mean_delta_attn_norm": 5.449541250864665,
        "mean_delta_carry_est_norm": 15.315458297729492,
        "mean_delta_layer_norm": 16.639885584513348,
        "mean_delta_mlp_norm": 10.93175474802653,
        "mean_patched_rank": 1.0,
        "mean_pmv_effect": -0.5,
        "mean_rank_effect": 0.0,
        "mean_short_rank": 2.0,
        "mean_target_delta": 7.2557633717854815,
        "mean_target_delta_fraction": -0.2055765571286755,
        "mean_target_effect": -1.4076417287190754,
        "mean_terse_rank": 1.0,
        "n": 3,
        "patched_best_other_route": {
          "continuation": 2,
          "prose": 1
        },
        "patched_top1_rate": 1.0,
        "success_change_rate": 0.0
      },
      "degradation|attn_replace_short|L22": {
        "mean_delta_attn_norm": 7.096989154815674,
        "mean_delta_carry_est_norm": 16.647298177083332,
        "mean_delta_layer_norm": 16.54184087117513,
        "mean_delta_mlp_norm": 10.546352704366049,
        "mean_patched_rank": 1.0,
        "mean_pmv_effect": 0.625,
        "mean_rank_effect": 0.0,
        "mean_short_rank": 2.0,
        "mean_target_delta": 7.2557633717854815,
        "mean_target_delta_fraction": 0.13002394241096338,
        "mean_target_effect": 0.8575369517008463,
        "mean_terse_rank": 1.0,
        "n": 3,
        "patched_best_other_route": {
          "continuation": 1,
          "prose": 2
        },
        "patched_top1_rate": 1.0,
        "success_change_rate": 0.0
      },
      "degradation|attn_replace_short|L23": {
        "mean_delta_attn_norm": 7.451170603434245,
        "mean_delta_carry_est_norm": 16.534291585286457,
        "mean_delta_layer_norm": 18.705244700113933,
        "mean_delta_mlp_norm": 10.407570838928223,
        "mean_patched_rank": 1.0,
        "mean_pmv_effect": 1.25,
        "mean_rank_effect": 0.0,
        "mean_short_rank": 2.0,
        "mean_target_delta": 7.2557633717854815,
        "mean_target_delta_fraction": 0.1942932002278964,
        "mean_target_effect": 1.4808260599772136,
        "mean_terse_rank": 1.0,
        "n": 3,
        "patched_best_other_route": {
          "prose": 3
        },
        "patched_top1_rate": 1.0,
        "success_change_rate": 0.0
      },
      "degradation|attn_replace_short|L24": {
        "mean_delta_attn_norm": 6.249804814656575,
        "mean_delta_carry_est_norm": 18.706629435221355,
        "mean_delta_layer_norm": 20.297298431396484,
        "mean_delta_mlp_norm": 10.73410161336263,
        "mean_patched_rank": 1.0,
        "mean_pmv_effect": 1.2916666666666667,
        "mean_rank_effect": 0.0,
        "mean_short_rank": 2.0,
        "mean_target_delta": 7.2557633717854815,
        "mean_target_delta_fraction": 0.29383776044255977,
        "mean_target_effect": 2.1666539510091147,
        "mean_terse_rank": 1.0,
        "n": 3,
        "patched_best_other_route": {
          "continuation": 2,
          "prose": 1
        },
        "patched_top1_rate": 1.0,
        "success_change_rate": 0.0
      },
      "degradation|attn_replace_short|L25": {
        "mean_delta_attn_norm": 5.991633574167888,
        "mean_delta_carry_est_norm": 20.301701227823894,
        "mean_delta_layer_norm": 23.472527821858723,
        "mean_delta_mlp_norm": 11.515763600667318,
        "mean_patched_rank": 1.0,
        "mean_pmv_effect": 0.0,
        "mean_rank_effect": 0.0,
        "mean_short_rank": 2.0,
        "mean_target_delta": 7.2557633717854815,
        "mean_target_delta_fraction": -0.011614031831947752,
        "mean_target_effect": -0.13909276326497397,
        "mean_terse_rank": 1.0,
        "n": 3,
        "patched_best_other_route": {
          "continuation": 2,
          "prose": 1
        },
        "patched_top1_rate": 1.0,
        "success_change_rate": 0.0
      },
      "degradation|full_layer_replace_short|L18": {
        "mean_delta_attn_norm": 5.999481201171875,
        "mean_delta_carry_est_norm": 12.302686055501303,
        "mean_delta_layer_norm": 13.88002904256185,
        "mean_delta_mlp_norm": 8.798112233479818,
        "mean_patched_rank": 1.6666666666666667,
        "mean_pmv_effect": 1.9583333333333333,
        "mean_rank_effect": 0.6666666666666666,
        "mean_short_rank": 2.0,
        "mean_target_delta": 7.2557633717854815,
        "mean_target_delta_fraction": 0.5711177525939707,
        "mean_target_effect": 4.154633204142253,
        "mean_terse_rank": 1.0,
        "n": 3,
        "patched_best_other_route": {
          "continuation": 2,
          "prose": 1
        },
        "patched_top1_rate": 0.3333333333333333,
        "success_change_rate": 0.6666666666666666
      },
      "degradation|full_layer_replace_short|L19": {
        "mean_delta_attn_norm": 5.408134301503499,
        "mean_delta_carry_est_norm": 13.885458628336588,
        "mean_delta_layer_norm": 14.631233215332031,
        "mean_delta_mlp_norm": 9.589377721150717,
        "mean_patched_rank": 1.0,
        "mean_pmv_effect": 2.0833333333333335,
        "mean_rank_effect": 0.0,
        "mean_short_rank": 2.0,
        "mean_target_delta": 7.2557633717854815,
        "mean_target_delta_fraction": 0.5947218815574701,
        "mean_target_effect": 4.290561676025391,
        "mean_terse_rank": 1.0,
        "n": 3,
        "patched_best_other_route": {
          "continuation": 1,
          "prose": 2
        },
        "patched_top1_rate": 1.0,
        "success_change_rate": 0.0
      },
      "degradation|full_layer_replace_short|L20": {
        "mean_delta_attn_norm": 5.90280818939209,
        "mean_delta_carry_est_norm": 14.633696556091309,
        "mean_delta_layer_norm": 15.3132905960083,
        "mean_delta_mlp_norm": 9.615422884623209,
        "mean_patched_rank": 1.6666666666666667,
        "mean_pmv_effect": 1.9583333333333333,
        "mean_rank_effect": 0.6666666666666666,
        "mean_short_rank": 2.0,
        "mean_target_delta": 7.2557633717854815,
        "mean_target_delta_fraction": 0.6806645651917326,
        "mean_target_effect": 4.880327224731445,
        "mean_terse_rank": 1.0,
        "n": 3,
        "patched_best_other_route": {
          "continuation": 1,
          "prose": 2
        },
        "patched_top1_rate": 0.3333333333333333,
        "success_change_rate": 0.6666666666666666
      },
      "degradation|full_layer_replace_short|L21": {
        "mean_delta_attn_norm": 5.449541250864665,
        "mean_delta_carry_est_norm": 15.315458297729492,
        "mean_delta_layer_norm": 16.639885584513348,
        "mean_delta_mlp_norm": 10.93175474802653,
        "mean_patched_rank": 1.0,
        "mean_pmv_effect": 1.5416666666666667,
        "mean_rank_effect": 0.0,
        "mean_short_rank": 2.0,
        "mean_target_delta": 7.2557633717854815,
        "mean_target_delta_fraction": 0.5498541469646036,
        "mean_target_effect": 3.9701004028320312,
        "mean_terse_rank": 1.0,
        "n": 3,
        "patched_best_other_route": {
          "continuation": 1,
          "prose": 2
        },
        "patched_top1_rate": 1.0,
        "success_change_rate": 0.0
      },
      "degradation|full_layer_replace_short|L22": {
        "mean_delta_attn_norm": 7.096989154815674,
        "mean_delta_carry_est_norm": 16.647298177083332,
        "mean_delta_layer_norm": 16.54184087117513,
        "mean_delta_mlp_norm": 10.546352704366049,
        "mean_patched_rank": 1.6666666666666667,
        "mean_pmv_effect": 2.4166666666666665,
        "mean_rank_effect": 0.6666666666666666,
        "mean_short_rank": 2.0,
        "mean_target_delta": 7.2557633717854815,
        "mean_target_delta_fraction": 0.7946248865163389,
        "mean_target_effect": 5.708784103393555,
        "mean_terse_rank": 1.0,
        "n": 3,
        "patched_best_other_route": {
          "continuation": 1,
          "prose": 2
        },
        "patched_top1_rate": 0.3333333333333333,
        "success_change_rate": 0.6666666666666666
      },
      "degradation|full_layer_replace_short|L23": {
        "mean_delta_attn_norm": 7.451170603434245,
        "mean_delta_carry_est_norm": 16.534291585286457,
        "mean_delta_layer_norm": 18.705244700113933,
        "mean_delta_mlp_norm": 10.407570838928223,
        "mean_patched_rank": 2.6666666666666665,
        "mean_pmv_effect": 4.083333333333333,
        "mean_rank_effect": 1.6666666666666667,
        "mean_short_rank": 2.0,
        "mean_target_delta": 7.2557633717854815,
        "mean_target_delta_fraction": 1.247111171786294,
        "mean_target_effect": 8.963861465454102,
        "mean_terse_rank": 1.0,
        "n": 3,
        "patched_best_other_route": {
          "prose": 3
        },
        "patched_top1_rate": 0.0,
        "success_change_rate": 1.0
      },
      "degradation|full_layer_replace_short|L24": {
        "mean_delta_attn_norm": 6.249804814656575,
        "mean_delta_carry_est_norm": 18.706629435221355,
        "mean_delta_layer_norm": 20.297298431396484,
        "mean_delta_mlp_norm": 10.73410161336263,
        "mean_patched_rank": 2.6666666666666665,
        "mean_pmv_effect": 4.083333333333333,
        "mean_rank_effect": 1.6666666666666667,
        "mean_short_rank": 2.0,
        "mean_target_delta": 7.2557633717854815,
        "mean_target_delta_fraction": 1.1533588928072733,
        "mean_target_effect": 8.296123504638672,
        "mean_terse_rank": 1.0,
        "n": 3,
        "patched_best_other_route": {
          "prose": 3
        },
        "patched_top1_rate": 0.0,
        "success_change_rate": 1.0
      },
      "degradation|full_layer_replace_short|L25": {
        "mean_delta_attn_norm": 5.991633574167888,
        "mean_delta_carry_est_norm": 20.301701227823894,
        "mean_delta_layer_norm": 23.472527821858723,
        "mean_delta_mlp_norm": 11.515763600667318,
        "mean_patched_rank": 2.3333333333333335,
        "mean_pmv_effect": 3.7083333333333335,
        "mean_rank_effect": 1.3333333333333333,
        "mean_short_rank": 2.0,
        "mean_target_delta": 7.2557633717854815,
        "mean_target_delta_fraction": 1.0731173110097816,
        "mean_target_effect": 7.7636458079020185,
        "mean_terse_rank": 1.0,
        "n": 3,
        "patched_best_other_route": {
          "prose": 3
        },
        "patched_top1_rate": 0.0,
        "success_change_rate": 1.0
      },
      "degradation|mlp_replace_short|L18": {
        "mean_delta_attn_norm": 5.999481201171875,
        "mean_delta_carry_est_norm": 12.302686055501303,
        "mean_delta_layer_norm": 13.88002904256185,
        "mean_delta_mlp_norm": 8.798112233479818,
        "mean_patched_rank": 1.0,
        "mean_pmv_effect": 0.75,
        "mean_rank_effect": 0.0,
        "mean_short_rank": 2.0,
        "mean_target_delta": 7.2557633717854815,
        "mean_target_delta_fraction": 0.04701116964551677,
        "mean_target_effect": 0.5113608042399088,
        "mean_terse_rank": 1.0,
        "n": 3,
        "patched_best_other_route": {
          "continuation": 2,
          "prose": 1
        },
        "patched_top1_rate": 1.0,
        "success_change_rate": 0.0
      },
      "degradation|mlp_replace_short|L19": {
        "mean_delta_attn_norm": 5.408134301503499,
        "mean_delta_carry_est_norm": 13.885458628336588,
        "mean_delta_layer_norm": 14.631233215332031,
        "mean_delta_mlp_norm": 9.589377721150717,
        "mean_patched_rank": 1.3333333333333333,
        "mean_pmv_effect": 0.8333333333333334,
        "mean_rank_effect": 0.3333333333333333,
        "mean_short_rank": 2.0,
        "mean_target_delta": 7.2557633717854815,
        "mean_target_delta_fraction": 0.013558305141102745,
        "mean_target_effect": 0.16127649943033853,
        "mean_terse_rank": 1.0,
        "n": 3,
        "patched_best_other_route": {
          "continuation": 1,
          "prose": 2
        },
        "patched_top1_rate": 0.6666666666666666,
        "success_change_rate": 0.3333333333333333
      },
      "degradation|mlp_replace_short|L20": {
        "mean_delta_attn_norm": 5.90280818939209,
        "mean_delta_carry_est_norm": 14.633696556091309,
        "mean_delta_layer_norm": 15.3132905960083,
        "mean_delta_mlp_norm": 9.615422884623209,
        "mean_patched_rank": 1.0,
        "mean_pmv_effect": 0.875,
        "mean_rank_effect": 0.0,
        "mean_short_rank": 2.0,
        "mean_target_delta": 7.2557633717854815,
        "mean_target_delta_fraction": -0.024333304151733053,
        "mean_target_effect": -0.10833422342936198,
        "mean_terse_rank": 1.0,
        "n": 3,
        "patched_best_other_route": {
          "continuation": 1,
          "prose": 2
        },
        "patched_top1_rate": 1.0,
        "success_change_rate": 0.0
      },
      "degradation|mlp_replace_short|L21": {
        "mean_delta_attn_norm": 5.449541250864665,
        "mean_delta_carry_est_norm": 15.315458297729492,
        "mean_delta_layer_norm": 16.639885584513348,
        "mean_delta_mlp_norm": 10.93175474802653,
        "mean_patched_rank": 1.0,
        "mean_pmv_effect": -0.75,
        "mean_rank_effect": 0.0,
        "mean_short_rank": 2.0,
        "mean_target_delta": 7.2557633717854815,
        "mean_target_delta_fraction": -0.18891830396579712,
        "mean_target_effect": -1.2710405985514324,
        "mean_terse_rank": 1.0,
        "n": 3,
        "patched_best_other_route": {
          "continuation": 2,
          "prose": 1
        },
        "patched_top1_rate": 1.0,
        "success_change_rate": 0.0
      },
      "degradation|mlp_replace_short|L22": {
        "mean_delta_attn_norm": 7.096989154815674,
        "mean_delta_carry_est_norm": 16.647298177083332,
        "mean_delta_layer_norm": 16.54184087117513,
        "mean_delta_mlp_norm": 10.546352704366049,
        "mean_patched_rank": 1.0,
        "mean_pmv_effect": -0.16666666666666666,
        "mean_rank_effect": 0.0,
        "mean_short_rank": 2.0,
        "mean_target_delta": 7.2557633717854815,
        "mean_target_delta_fraction": -0.07166814629615152,
        "mean_target_effect": -0.40532366434733075,
        "mean_terse_rank": 1.0,
        "n": 3,
        "patched_best_other_route": {
          "continuation": 2,
          "prose": 1
        },
        "patched_top1_rate": 1.0,
        "success_change_rate": 0.0
      },
      "degradation|mlp_replace_short|L23": {
        "mean_delta_attn_norm": 7.451170603434245,
        "mean_delta_carry_est_norm": 16.534291585286457,
        "mean_delta_layer_norm": 18.705244700113933,
        "mean_delta_mlp_norm": 10.407570838928223,
        "mean_patched_rank": 1.0,
        "mean_pmv_effect": 0.8333333333333334,
        "mean_rank_effect": 0.0,
        "mean_short_rank": 2.0,
        "mean_target_delta": 7.2557633717854815,
        "mean_target_delta_fraction": 0.11194868837341676,
        "mean_target_effect": 0.9010321299235026,
        "mean_terse_rank": 1.0,
        "n": 3,
        "patched_best_other_route": {
          "continuation": 1,
          "prose": 2
        },
        "patched_top1_rate": 1.0,
        "success_change_rate": 0.0
      },
      "degradation|mlp_replace_short|L24": {
        "mean_delta_attn_norm": 6.249804814656575,
        "mean_delta_carry_est_norm": 18.706629435221355,
        "mean_delta_layer_norm": 20.297298431396484,
        "mean_delta_mlp_norm": 10.73410161336263,
        "mean_patched_rank": 1.0,
        "mean_pmv_effect": 1.1666666666666667,
        "mean_rank_effect": 0.0,
        "mean_short_rank": 2.0,
        "mean_target_delta": 7.2557633717854815,
        "mean_target_delta_fraction": 0.2686468352248484,
        "mean_target_effect": 1.9028822580973308,
        "mean_terse_rank": 1.0,
        "n": 3,
        "patched_best_other_route": {
          "continuation": 1,
          "prose": 2
        },
        "patched_top1_rate": 1.0,
        "success_change_rate": 0.0
      },
      "degradation|mlp_replace_short|L25": {
        "mean_delta_attn_norm": 5.991633574167888,
        "mean_delta_carry_est_norm": 20.301701227823894,
        "mean_delta_layer_norm": 23.472527821858723,
        "mean_delta_mlp_norm": 11.515763600667318,
        "mean_patched_rank": 1.0,
        "mean_pmv_effect": 1.0833333333333333,
        "mean_rank_effect": 0.0,
        "mean_short_rank": 2.0,
        "mean_target_delta": 7.2557633717854815,
        "mean_target_delta_fraction": 0.20760874231024573,
        "mean_target_effect": 1.5729662577311199,
        "mean_terse_rank": 1.0,
        "n": 3,
        "patched_best_other_route": {
          "continuation": 2,
          "prose": 1
        },
        "patched_top1_rate": 1.0,
        "success_change_rate": 0.0
      },
      "degradation|random_layer_same_norm|L18": {
        "mean_delta_attn_norm": 5.999481201171875,
        "mean_delta_carry_est_norm": 12.302686055501303,
        "mean_delta_layer_norm": 13.88002904256185,
        "mean_delta_mlp_norm": 8.798112233479818,
        "mean_patched_rank": 1.3333333333333333,
        "mean_pmv_effect": 1.8333333333333333,
        "mean_rank_effect": 0.3333333333333333,
        "mean_short_rank": 2.0,
        "mean_target_delta": 7.2557633717854815,
        "mean_target_delta_fraction": 0.4680604068978811,
        "mean_target_effect": 3.5361925760904946,
        "mean_terse_rank": 1.0,
        "n": 3,
        "patched_best_other_route": {
          "continuation": 2,
          "prose": 1
        },
        "patched_top1_rate": 0.6666666666666666,
        "success_change_rate": 0.3333333333333333
      },
      "degradation|random_layer_same_norm|L19": {
        "mean_delta_attn_norm": 5.408134301503499,
        "mean_delta_carry_est_norm": 13.885458628336588,
        "mean_delta_layer_norm": 14.631233215332031,
        "mean_delta_mlp_norm": 9.589377721150717,
        "mean_patched_rank": 1.0,
        "mean_pmv_effect": 0.20833333333333334,
        "mean_rank_effect": 0.0,
        "mean_short_rank": 2.0,
        "mean_target_delta": 7.2557633717854815,
        "mean_target_delta_fraction": 0.16811379407097418,
        "mean_target_effect": 1.111520767211914,
        "mean_terse_rank": 1.0,
        "n": 3,
        "patched_best_other_route": {
          "continuation": 1,
          "prose": 2
        },
        "patched_top1_rate": 1.0,
        "success_change_rate": 0.0
      },
      "degradation|random_layer_same_norm|L20": {
        "mean_delta_attn_norm": 5.90280818939209,
        "mean_delta_carry_est_norm": 14.633696556091309,
        "mean_delta_layer_norm": 15.3132905960083,
        "mean_delta_mlp_norm": 9.615422884623209,
        "mean_patched_rank": 1.3333333333333333,
        "mean_pmv_effect": 0.125,
        "mean_rank_effect": 0.3333333333333333,
        "mean_short_rank": 2.0,
        "mean_target_delta": 7.2557633717854815,
        "mean_target_delta_fraction": -0.15031412255663915,
        "mean_target_effect": -0.9169972737630209,
        "mean_terse_rank": 1.0,
        "n": 3,
        "patched_best_other_route": {
          "continuation": 1,
          "prose": 2
        },
        "patched_top1_rate": 0.6666666666666666,
        "success_change_rate": 0.3333333333333333
      },
      "degradation|random_layer_same_norm|L21": {
        "mean_delta_attn_norm": 5.449541250864665,
        "mean_delta_carry_est_norm": 15.315458297729492,
        "mean_delta_layer_norm": 16.639885584513348,
        "mean_delta_mlp_norm": 10.93175474802653,
        "mean_patched_rank": 1.0,
        "mean_pmv_effect": -0.20833333333333334,
        "mean_rank_effect": 0.0,
        "mean_short_rank": 2.0,
        "mean_target_delta": 7.2557633717854815,
        "mean_target_delta_fraction": -0.09838975245865918,
        "mean_target_effect": -0.6493390401204427,
        "mean_terse_rank": 1.0,
        "n": 3,
        "patched_best_other_route": {
          "continuation": 1,
          "prose": 2
        },
        "patched_top1_rate": 1.0,
        "success_change_rate": 0.0
      },
      "degradation|random_layer_same_norm|L22": {
        "mean_delta_attn_norm": 7.096989154815674,
        "mean_delta_carry_est_norm": 16.647298177083332,
        "mean_delta_layer_norm": 16.54184087117513,
        "mean_delta_mlp_norm": 10.546352704366049,
        "mean_patched_rank": 1.0,
        "mean_pmv_effect": 0.041666666666666664,
        "mean_rank_effect": 0.0,
        "mean_short_rank": 2.0,
        "mean_target_delta": 7.2557633717854815,
        "mean_target_delta_fraction": 0.0018803558722884385,
        "mean_target_effect": 0.1541315714518229,
        "mean_terse_rank": 1.0,
        "n": 3,
        "patched_best_other_route": {
          "continuation": 2,
          "prose": 1
        },
        "patched_top1_rate": 1.0,
        "success_change_rate": 0.0
      },
      "degradation|random_layer_same_norm|L23": {
        "mean_delta_attn_norm": 7.451170603434245,
        "mean_delta_carry_est_norm": 16.534291585286457,
        "mean_delta_layer_norm": 18.705244700113933,
        "mean_delta_mlp_norm": 10.407570838928223,
        "mean_patched_rank": 1.0,
        "mean_pmv_effect": -0.625,
        "mean_rank_effect": 0.0,
        "mean_short_rank": 2.0,
        "mean_target_delta": 7.2557633717854815,
        "mean_target_delta_fraction": -0.24146268522468706,
        "mean_target_effect": -1.8383375803629558,
        "mean_terse_rank": 1.0,
        "n": 3,
        "patched_best_other_route": {
          "continuation": 2,
          "prose": 1
        },
        "patched_top1_rate": 1.0,
        "success_change_rate": 0.0
      },
      "degradation|random_layer_same_norm|L24": {
        "mean_delta_attn_norm": 6.249804814656575,
        "mean_delta_carry_est_norm": 18.706629435221355,
        "mean_delta_layer_norm": 20.297298431396484,
        "mean_delta_mlp_norm": 10.73410161336263,
        "mean_patched_rank": 1.0,
        "mean_pmv_effect": -0.125,
        "mean_rank_effect": 0.0,
        "mean_short_rank": 2.0,
        "mean_target_delta": 7.2557633717854815,
        "mean_target_delta_fraction": 0.03195275557382899,
        "mean_target_effect": 0.23722203572591147,
        "mean_terse_rank": 1.0,
        "n": 3,
        "patched_best_other_route": {
          "continuation": 2,
          "prose": 1
        },
        "patched_top1_rate": 1.0,
        "success_change_rate": 0.0
      },
      "degradation|random_layer_same_norm|L25": {
        "mean_delta_attn_norm": 5.991633574167888,
        "mean_delta_carry_est_norm": 20.301701227823894,
        "mean_delta_layer_norm": 23.472527821858723,
        "mean_delta_mlp_norm": 11.515763600667318,
        "mean_patched_rank": 1.0,
        "mean_pmv_effect": -0.041666666666666664,
        "mean_rank_effect": 0.0,
        "mean_short_rank": 2.0,
        "mean_target_delta": 7.2557633717854815,
        "mean_target_delta_fraction": 0.03116633666930184,
        "mean_target_effect": 0.058367411295572914,
        "mean_terse_rank": 1.0,
        "n": 3,
        "patched_best_other_route": {
          "continuation": 1,
          "prose": 2
        },
        "patched_top1_rate": 1.0,
        "success_change_rate": 0.0
      },
      "degradation|remove_attn_est_layerout|L18": {
        "mean_delta_attn_norm": 5.999481201171875,
        "mean_delta_carry_est_norm": 12.302686055501303,
        "mean_delta_layer_norm": 13.88002904256185,
        "mean_delta_mlp_norm": 8.798112233479818,
        "mean_patched_rank": 1.0,
        "mean_pmv_effect": 0.6666666666666666,
        "mean_rank_effect": 0.0,
        "mean_short_rank": 2.0,
        "mean_target_delta": 7.2557633717854815,
        "mean_target_delta_fraction": 0.18089340460730588,
        "mean_target_effect": 1.3250694274902344,
        "mean_terse_rank": 1.0,
        "n": 3,
        "patched_best_other_route": {
          "continuation": 2,
          "prose": 1
        },
        "patched_top1_rate": 1.0,
        "success_change_rate": 0.0
      },
      "degradation|remove_attn_est_layerout|L19": {
        "mean_delta_attn_norm": 5.408134301503499,
        "mean_delta_carry_est_norm": 13.885458628336588,
        "mean_delta_layer_norm": 14.631233215332031,
        "mean_delta_mlp_norm": 9.589377721150717,
        "mean_patched_rank": 1.0,
        "mean_pmv_effect": 0.0,
        "mean_rank_effect": 0.0,
        "mean_short_rank": 2.0,
        "mean_target_delta": 7.2557633717854815,
        "mean_target_delta_fraction": -0.1062617706391965,
        "mean_target_effect": -0.6950295766194662,
        "mean_terse_rank": 1.0,
        "n": 3,
        "patched_best_other_route": {
          "continuation": 2,
          "prose": 1
        },
        "patched_top1_rate": 1.0,
        "success_change_rate": 0.0
      },
      "degradation|remove_attn_est_layerout|L20": {
        "mean_delta_attn_norm": 5.90280818939209,
        "mean_delta_carry_est_norm": 14.633696556091309,
        "mean_delta_layer_norm": 15.3132905960083,
        "mean_delta_mlp_norm": 9.615422884623209,
        "mean_patched_rank": 1.0,
        "mean_pmv_effect": -0.3333333333333333,
        "mean_rank_effect": 0.0,
        "mean_short_rank": 2.0,
        "mean_target_delta": 7.2557633717854815,
        "mean_target_delta_fraction": -0.0759753677563568,
        "mean_target_effect": -0.5799325307210287,
        "mean_terse_rank": 1.0,
        "n": 3,
        "patched_best_other_route": {
          "continuation": 2,
          "prose": 1
        },
        "patched_top1_rate": 1.0,
        "success_change_rate": 0.0
      },
      "degradation|remove_attn_est_layerout|L21": {
        "mean_delta_attn_norm": 5.449541250864665,
        "mean_delta_carry_est_norm": 15.315458297729492,
        "mean_delta_layer_norm": 16.639885584513348,
        "mean_delta_mlp_norm": 10.93175474802653,
        "mean_patched_rank": 1.0,
        "mean_pmv_effect": 0.3333333333333333,
        "mean_rank_effect": 0.0,
        "mean_short_rank": 2.0,
        "mean_target_delta": 7.2557633717854815,
        "mean_target_delta_fraction": 0.10941217898482071,
        "mean_target_effect": 0.7725747426350912,
        "mean_terse_rank": 1.0,
        "n": 3,
        "patched_best_other_route": {
          "continuation": 2,
          "prose": 1
        },
        "patched_top1_rate": 1.0,
        "success_change_rate": 0.0
      },
      "degradation|remove_attn_est_layerout|L22": {
        "mean_delta_attn_norm": 7.096989154815674,
        "mean_delta_carry_est_norm": 16.647298177083332,
        "mean_delta_layer_norm": 16.54184087117513,
        "mean_delta_mlp_norm": 10.546352704366049,
        "mean_patched_rank": 1.0,
        "mean_pmv_effect": 0.5,
        "mean_rank_effect": 0.0,
        "mean_short_rank": 2.0,
        "mean_target_delta": 7.2557633717854815,
        "mean_target_delta_fraction": 0.029984900048720387,
        "mean_target_effect": 0.2415142059326172,
        "mean_terse_rank": 1.0,
        "n": 3,
        "patched_best_other_route": {
          "continuation": 2,
          "prose": 1
        },
        "patched_top1_rate": 1.0,
        "success_change_rate": 0.0
      },
      "degradation|remove_attn_est_layerout|L23": {
        "mean_delta_attn_norm": 7.451170603434245,
        "mean_delta_carry_est_norm": 16.534291585286457,
        "mean_delta_layer_norm": 18.705244700113933,
        "mean_delta_mlp_norm": 10.407570838928223,
        "mean_patched_rank": 1.0,
        "mean_pmv_effect": 0.9166666666666666,
        "mean_rank_effect": 0.0,
        "mean_short_rank": 2.0,
        "mean_target_delta": 7.2557633717854815,
        "mean_target_delta_fraction": 0.064983672661084,
        "mean_target_effect": 0.5047798156738281,
        "mean_terse_rank": 1.0,
        "n": 3,
        "patched_best_other_route": {
          "prose": 3
        },
        "patched_top1_rate": 1.0,
        "success_change_rate": 0.0
      },
      "degradation|remove_attn_est_layerout|L24": {
        "mean_delta_attn_norm": 6.249804814656575,
        "mean_delta_carry_est_norm": 18.706629435221355,
        "mean_delta_layer_norm": 20.297298431396484,
        "mean_delta_mlp_norm": 10.73410161336263,
        "mean_patched_rank": 1.0,
        "mean_pmv_effect": 0.9583333333333334,
        "mean_rank_effect": 0.0,
        "mean_short_rank": 2.0,
        "mean_target_delta": 7.2557633717854815,
        "mean_target_delta_fraction": 0.2659000497337696,
        "mean_target_effect": 1.9861526489257812,
        "mean_terse_rank": 1.0,
        "n": 3,
        "patched_best_other_route": {
          "continuation": 2,
          "prose": 1
        },
        "patched_top1_rate": 1.0,
        "success_change_rate": 0.0
      },
      "degradation|remove_attn_est_layerout|L25": {
        "mean_delta_attn_norm": 5.991633574167888,
        "mean_delta_carry_est_norm": 20.301701227823894,
        "mean_delta_layer_norm": 23.472527821858723,
        "mean_delta_mlp_norm": 11.515763600667318,
        "mean_patched_rank": 1.0,
        "mean_pmv_effect": 0.16666666666666666,
        "mean_rank_effect": 0.0,
        "mean_short_rank": 2.0,
        "mean_target_delta": 7.2557633717854815,
        "mean_target_delta_fraction": -0.03738971216044256,
        "mean_target_effect": -0.276370366414388,
        "mean_terse_rank": 1.0,
        "n": 3,
        "patched_best_other_route": {
          "continuation": 1,
          "prose": 2
        },
        "patched_top1_rate": 1.0,
        "success_change_rate": 0.0
      },
      "degradation|remove_carry_est_layerout|L18": {
        "mean_delta_attn_norm": 5.999481201171875,
        "mean_delta_carry_est_norm": 12.302686055501303,
        "mean_delta_layer_norm": 13.88002904256185,
        "mean_delta_mlp_norm": 8.798112233479818,
        "mean_patched_rank": 1.0,
        "mean_pmv_effect": 1.3333333333333333,
        "mean_rank_effect": 0.0,
        "mean_short_rank": 2.0,
        "mean_target_delta": 7.2557633717854815,
        "mean_target_delta_fraction": 0.4245218763495295,
        "mean_target_effect": 2.977015813191732,
        "mean_terse_rank": 1.0,
        "n": 3,
        "patched_best_other_route": {
          "continuation": 1,
          "prose": 2
        },
        "patched_top1_rate": 1.0,
        "success_change_rate": 0.0
      },
      "degradation|remove_carry_est_layerout|L19": {
        "mean_delta_attn_norm": 5.408134301503499,
        "mean_delta_carry_est_norm": 13.885458628336588,
        "mean_delta_layer_norm": 14.631233215332031,
        "mean_delta_mlp_norm": 9.589377721150717,
        "mean_patched_rank": 2.3333333333333335,
        "mean_pmv_effect": 2.0416666666666665,
        "mean_rank_effect": 1.3333333333333333,
        "mean_short_rank": 2.0,
        "mean_target_delta": 7.2557633717854815,
        "mean_target_delta_fraction": 0.7932364621622175,
        "mean_target_effect": 5.68031120300293,
        "mean_terse_rank": 1.0,
        "n": 3,
        "patched_best_other_route": {
          "continuation": 2,
          "prose": 1
        },
        "patched_top1_rate": 0.0,
        "success_change_rate": 1.0
      },
      "degradation|remove_carry_est_layerout|L20": {
        "mean_delta_attn_norm": 5.90280818939209,
        "mean_delta_carry_est_norm": 14.633696556091309,
        "mean_delta_layer_norm": 15.3132905960083,
        "mean_delta_mlp_norm": 9.615422884623209,
        "mean_patched_rank": 1.6666666666666667,
        "mean_pmv_effect": 2.6666666666666665,
        "mean_rank_effect": 0.6666666666666666,
        "mean_short_rank": 2.0,
        "mean_target_delta": 7.2557633717854815,
        "mean_target_delta_fraction": 0.9079207905973418,
        "mean_target_effect": 6.56184196472168,
        "mean_terse_rank": 1.0,
        "n": 3,
        "patched_best_other_route": {
          "continuation": 2,
          "prose": 1
        },
        "patched_top1_rate": 0.3333333333333333,
        "success_change_rate": 0.6666666666666666
      },
      "degradation|remove_carry_est_layerout|L21": {
        "mean_delta_attn_norm": 5.449541250864665,
        "mean_delta_carry_est_norm": 15.315458297729492,
        "mean_delta_layer_norm": 16.639885584513348,
        "mean_delta_mlp_norm": 10.93175474802653,
        "mean_patched_rank": 2.0,
        "mean_pmv_effect": 3.1666666666666665,
        "mean_rank_effect": 1.0,
        "mean_short_rank": 2.0,
        "mean_target_delta": 7.2557633717854815,
        "mean_target_delta_fraction": 0.8815853190483381,
        "mean_target_effect": 6.351217269897461,
        "mean_terse_rank": 1.0,
        "n": 3,
        "patched_best_other_route": {
          "continuation": 2,
          "prose": 1
        },
        "patched_top1_rate": 0.3333333333333333,
        "success_change_rate": 0.6666666666666666
      },
      "degradation|remove_carry_est_layerout|L22": {
        "mean_delta_attn_norm": 7.096989154815674,
        "mean_delta_carry_est_norm": 16.647298177083332,
        "mean_delta_layer_norm": 16.54184087117513,
        "mean_delta_mlp_norm": 10.546352704366049,
        "mean_patched_rank": 1.6666666666666667,
        "mean_pmv_effect": 2.5,
        "mean_rank_effect": 0.6666666666666666,
        "mean_short_rank": 2.0,
        "mean_target_delta": 7.2557633717854815,
        "mean_target_delta_fraction": 0.749426648184384,
        "mean_target_effect": 5.345959345499675,
        "mean_terse_rank": 1.0,
        "n": 3,
        "patched_best_other_route": {
          "continuation": 1,
          "prose": 2
        },
        "patched_top1_rate": 0.3333333333333333,
        "success_change_rate": 0.6666666666666666
      },
      "degradation|remove_carry_est_layerout|L23": {
        "mean_delta_attn_norm": 7.451170603434245,
        "mean_delta_carry_est_norm": 16.534291585286457,
        "mean_delta_layer_norm": 18.705244700113933,
        "mean_delta_mlp_norm": 10.407570838928223,
        "mean_patched_rank": 3.6666666666666665,
        "mean_pmv_effect": 3.875,
        "mean_rank_effect": 2.6666666666666665,
        "mean_short_rank": 2.0,
        "mean_target_delta": 7.2557633717854815,
        "mean_target_delta_fraction": 1.3289861988625686,
        "mean_target_effect": 9.463916778564453,
        "mean_terse_rank": 1.0,
        "n": 3,
        "patched_best_other_route": {
          "continuation": 1,
          "prose": 2
        },
        "patched_top1_rate": 0.0,
        "success_change_rate": 1.0
      },
      "degradation|remove_carry_est_layerout|L24": {
        "mean_delta_attn_norm": 6.249804814656575,
        "mean_delta_carry_est_norm": 18.706629435221355,
        "mean_delta_layer_norm": 20.297298431396484,
        "mean_delta_mlp_norm": 10.73410161336263,
        "mean_patched_rank": 1.3333333333333333,
        "mean_pmv_effect": 1.875,
        "mean_rank_effect": 0.3333333333333333,
        "mean_short_rank": 2.0,
        "mean_target_delta": 7.2557633717854815,
        "mean_target_delta_fraction": 0.5331805831862145,
        "mean_target_effect": 3.8282457987467446,
        "mean_terse_rank": 1.0,
        "n": 3,
        "patched_best_other_route": {
          "prose": 3
        },
        "patched_top1_rate": 0.6666666666666666,
        "success_change_rate": 0.3333333333333333
      },
      "degradation|remove_carry_est_layerout|L25": {
        "mean_delta_attn_norm": 5.991633574167888,
        "mean_delta_carry_est_norm": 20.301701227823894,
        "mean_delta_layer_norm": 23.472527821858723,
        "mean_delta_mlp_norm": 11.515763600667318,
        "mean_patched_rank": 1.3333333333333333,
        "mean_pmv_effect": 2.5,
        "mean_rank_effect": 0.3333333333333333,
        "mean_short_rank": 2.0,
        "mean_target_delta": 7.2557633717854815,
        "mean_target_delta_fraction": 0.7636868971510525,
        "mean_target_effect": 5.580619812011719,
        "mean_terse_rank": 1.0,
        "n": 3,
        "patched_best_other_route": {
          "continuation": 1,
          "prose": 2
        },
        "patched_top1_rate": 0.6666666666666666,
        "success_change_rate": 0.3333333333333333
      },
      "degradation|remove_mlp_est_layerout|L18": {
        "mean_delta_attn_norm": 5.999481201171875,
        "mean_delta_carry_est_norm": 12.302686055501303,
        "mean_delta_layer_norm": 13.88002904256185,
        "mean_delta_mlp_norm": 8.798112233479818,
        "mean_patched_rank": 1.0,
        "mean_pmv_effect": 0.625,
        "mean_rank_effect": 0.0,
        "mean_short_rank": 2.0,
        "mean_target_delta": 7.2557633717854815,
        "mean_target_delta_fraction": 0.006688568204100176,
        "mean_target_effect": 0.16454633076985678,
        "mean_terse_rank": 1.0,
        "n": 3,
        "patched_best_other_route": {
          "continuation": 2,
          "prose": 1
        },
        "patched_top1_rate": 1.0,
        "success_change_rate": 0.0
      },
      "degradation|remove_mlp_est_layerout|L19": {
        "mean_delta_attn_norm": 5.408134301503499,
        "mean_delta_carry_est_norm": 13.885458628336588,
        "mean_delta_layer_norm": 14.631233215332031,
        "mean_delta_mlp_norm": 9.589377721150717,
        "mean_patched_rank": 1.0,
        "mean_pmv_effect": 0.875,
        "mean_rank_effect": 0.0,
        "mean_short_rank": 2.0,
        "mean_target_delta": 7.2557633717854815,
        "mean_target_delta_fraction": 0.001114217654059664,
        "mean_target_effect": 0.07757123311360677,
        "mean_terse_rank": 1.0,
        "n": 3,
        "patched_best_other_route": {
          "continuation": 1,
          "prose": 2
        },
        "patched_top1_rate": 1.0,
        "success_change_rate": 0.0
      },
      "degradation|remove_mlp_est_layerout|L20": {
        "mean_delta_attn_norm": 5.90280818939209,
        "mean_delta_carry_est_norm": 14.633696556091309,
        "mean_delta_layer_norm": 15.3132905960083,
        "mean_delta_mlp_norm": 9.615422884623209,
        "mean_patched_rank": 1.0,
        "mean_pmv_effect": 0.8333333333333334,
        "mean_rank_effect": 0.0,
        "mean_short_rank": 2.0,
        "mean_target_delta": 7.2557633717854815,
        "mean_target_delta_fraction": 0.008002966146475476,
        "mean_target_effect": 0.11308797200520833,
        "mean_terse_rank": 1.0,
        "n": 3,
        "patched_best_other_route": {
          "continuation": 1,
          "prose": 2
        },
        "patched_top1_rate": 1.0,
        "success_change_rate": 0.0
      },
      "degradation|remove_mlp_est_layerout|L21": {
        "mean_delta_attn_norm": 5.449541250864665,
        "mean_delta_carry_est_norm": 15.315458297729492,
        "mean_delta_layer_norm": 16.639885584513348,
        "mean_delta_mlp_norm": 10.93175474802653,
        "mean_patched_rank": 1.0,
        "mean_pmv_effect": -0.8333333333333334,
        "mean_rank_effect": 0.0,
        "mean_short_rank": 2.0,
        "mean_target_delta": 7.2557633717854815,
        "mean_target_delta_fraction": -0.2083342857476588,
        "mean_target_effect": -1.460645039876302,
        "mean_terse_rank": 1.0,
        "n": 3,
        "patched_best_other_route": {
          "continuation": 2,
          "prose": 1
        },
        "patched_top1_rate": 1.0,
        "success_change_rate": 0.0
      },
      "degradation|remove_mlp_est_layerout|L22": {
        "mean_delta_attn_norm": 7.096989154815674,
        "mean_delta_carry_est_norm": 16.647298177083332,
        "mean_delta_layer_norm": 16.54184087117513,
        "mean_delta_mlp_norm": 10.546352704366049,
        "mean_patched_rank": 1.0,
        "mean_pmv_effect": -0.20833333333333334,
        "mean_rank_effect": 0.0,
        "mean_short_rank": 2.0,
        "mean_target_delta": 7.2557633717854815,
        "mean_target_delta_fraction": -0.04195402101860068,
        "mean_target_effect": -0.2506109873453776,
        "mean_terse_rank": 1.0,
        "n": 3,
        "patched_best_other_route": {
          "continuation": 2,
          "prose": 1
        },
        "patched_top1_rate": 1.0,
        "success_change_rate": 0.0
      },
      "degradation|remove_mlp_est_layerout|L23": {
        "mean_delta_attn_norm": 7.451170603434245,
        "mean_delta_carry_est_norm": 16.534291585286457,
        "mean_delta_layer_norm": 18.705244700113933,
        "mean_delta_mlp_norm": 10.407570838928223,
        "mean_patched_rank": 1.0,
        "mean_pmv_effect": 0.7916666666666666,
        "mean_rank_effect": 0.0,
        "mean_short_rank": 2.0,
        "mean_target_delta": 7.2557633717854815,
        "mean_target_delta_fraction": 0.11749844347745107,
        "mean_target_effect": 0.9198347727457682,
        "mean_terse_rank": 1.0,
        "n": 3,
        "patched_best_other_route": {
          "continuation": 2,
          "prose": 1
        },
        "patched_top1_rate": 1.0,
        "success_change_rate": 0.0
      },
      "degradation|remove_mlp_est_layerout|L24": {
        "mean_delta_attn_norm": 6.249804814656575,
        "mean_delta_carry_est_norm": 18.706629435221355,
        "mean_delta_layer_norm": 20.297298431396484,
        "mean_delta_mlp_norm": 10.73410161336263,
        "mean_patched_rank": 1.0,
        "mean_pmv_effect": 1.0833333333333333,
        "mean_rank_effect": 0.0,
        "mean_short_rank": 2.0,
        "mean_target_delta": 7.2557633717854815,
        "mean_target_delta_fraction": 0.18286617223431664,
        "mean_target_effect": 1.3040962219238281,
        "mean_terse_rank": 1.0,
        "n": 3,
        "patched_best_other_route": {
          "continuation": 1,
          "prose": 2
        },
        "patched_top1_rate": 1.0,
        "success_change_rate": 0.0
      },
      "degradation|remove_mlp_est_layerout|L25": {
        "mean_delta_attn_norm": 5.991633574167888,
        "mean_delta_carry_est_norm": 20.301701227823894,
        "mean_delta_layer_norm": 23.472527821858723,
        "mean_delta_mlp_norm": 11.515763600667318,
        "mean_patched_rank": 1.0,
        "mean_pmv_effect": 1.125,
        "mean_rank_effect": 0.0,
        "mean_short_rank": 2.0,
        "mean_target_delta": 7.2557633717854815,
        "mean_target_delta_fraction": 0.21054861334561456,
        "mean_target_effect": 1.5678895314534504,
        "mean_terse_rank": 1.0,
        "n": 3,
        "patched_best_other_route": {
          "continuation": 2,
          "prose": 1
        },
        "patched_top1_rate": 1.0,
        "success_change_rate": 0.0
      },
      "restore|attn_delta|L18": {
        "mean_delta_attn_norm": 5.999481201171875,
        "mean_delta_carry_est_norm": 12.302686055501303,
        "mean_delta_layer_norm": 13.88002904256185,
        "mean_delta_mlp_norm": 8.798112233479818,
        "mean_patched_rank": 1.3333333333333333,
        "mean_pmv_effect": 0.5833333333333334,
        "mean_rank_effect": 0.6666666666666666,
        "mean_short_rank": 2.0,
        "mean_target_delta": 7.2557633717854815,
        "mean_target_delta_fraction": 0.2403637002027991,
        "mean_target_effect": 1.8546346028645833,
        "mean_terse_rank": 1.0,
        "n": 3,
        "patched_best_other_route": {
          "continuation": 1,
          "prose": 2
        },
        "patched_top1_rate": 0.6666666666666666,
        "success_change_rate": 0.6666666666666666
      },
      "restore|attn_delta|L19": {
        "mean_delta_attn_norm": 5.408134301503499,
        "mean_delta_carry_est_norm": 13.885458628336588,
        "mean_delta_layer_norm": 14.631233215332031,
        "mean_delta_mlp_norm": 9.589377721150717,
        "mean_patched_rank": 1.6666666666666667,
        "mean_pmv_effect": 0.4583333333333333,
        "mean_rank_effect": 0.3333333333333333,
        "mean_short_rank": 2.0,
        "mean_target_delta": 7.2557633717854815,
        "mean_target_delta_fraction": 0.21758900564723316,
        "mean_target_effect": 1.6493237813313801,
        "mean_terse_rank": 1.0,
        "n": 3,
        "patched_best_other_route": {
          "continuation": 2,
          "prose": 1
        },
        "patched_top1_rate": 0.3333333333333333,
        "success_change_rate": 0.3333333333333333
      },
      "restore|attn_delta|L20": {
        "mean_delta_attn_norm": 5.90280818939209,
        "mean_delta_carry_est_norm": 14.633696556091309,
        "mean_delta_layer_norm": 15.3132905960083,
        "mean_delta_mlp_norm": 9.615422884623209,
        "mean_patched_rank": 1.6666666666666667,
        "mean_pmv_effect": 0.25,
        "mean_rank_effect": 0.3333333333333333,
        "mean_short_rank": 2.0,
        "mean_target_delta": 7.2557633717854815,
        "mean_target_delta_fraction": 0.14690892119678262,
        "mean_target_effect": 1.1345335642496746,
        "mean_terse_rank": 1.0,
        "n": 3,
        "patched_best_other_route": {
          "continuation": 2,
          "prose": 1
        },
        "patched_top1_rate": 0.3333333333333333,
        "success_change_rate": 0.3333333333333333
      },
      "restore|attn_delta|L21": {
        "mean_delta_attn_norm": 5.449541250864665,
        "mean_delta_carry_est_norm": 15.315458297729492,
        "mean_delta_layer_norm": 16.639885584513348,
        "mean_delta_mlp_norm": 10.93175474802653,
        "mean_patched_rank": 2.6666666666666665,
        "mean_pmv_effect": -0.3333333333333333,
        "mean_rank_effect": -0.6666666666666666,
        "mean_short_rank": 2.0,
        "mean_target_delta": 7.2557633717854815,
        "mean_target_delta_fraction": -0.05376785168019749,
        "mean_target_effect": -0.4035479227701823,
        "mean_terse_rank": 1.0,
        "n": 3,
        "patched_best_other_route": {
          "continuation": 2,
          "prose": 1
        },
        "patched_top1_rate": 0.0,
        "success_change_rate": 0.0
      },
      "restore|attn_delta|L22": {
        "mean_delta_attn_norm": 7.096989154815674,
        "mean_delta_carry_est_norm": 16.647298177083332,
        "mean_delta_layer_norm": 16.54184087117513,
        "mean_delta_mlp_norm": 10.546352704366049,
        "mean_patched_rank": 2.0,
        "mean_pmv_effect": 0.2916666666666667,
        "mean_rank_effect": 0.0,
        "mean_short_rank": 2.0,
        "mean_target_delta": 7.2557633717854815,
        "mean_target_delta_fraction": 0.11626295037639217,
        "mean_target_effect": 0.8176167805989584,
        "mean_terse_rank": 1.0,
        "n": 3,
        "patched_best_other_route": {
          "continuation": 2,
          "prose": 1
        },
        "patched_top1_rate": 0.0,
        "success_change_rate": 0.0
      },
      "restore|attn_delta|L23": {
        "mean_delta_attn_norm": 7.451170603434245,
        "mean_delta_carry_est_norm": 16.534291585286457,
        "mean_delta_layer_norm": 18.705244700113933,
        "mean_delta_mlp_norm": 10.407570838928223,
        "mean_patched_rank": 1.6666666666666667,
        "mean_pmv_effect": 0.7083333333333334,
        "mean_rank_effect": 0.3333333333333333,
        "mean_short_rank": 2.0,
        "mean_target_delta": 7.2557633717854815,
        "mean_target_delta_fraction": 0.2549320953413105,
        "mean_target_effect": 1.9005851745605469,
        "mean_terse_rank": 1.0,
        "n": 3,
        "patched_best_other_route": {
          "continuation": 2,
          "prose": 1
        },
        "patched_top1_rate": 0.3333333333333333,
        "success_change_rate": 0.3333333333333333
      },
      "restore|attn_delta|L24": {
        "mean_delta_attn_norm": 6.249804814656575,
        "mean_delta_carry_est_norm": 18.706629435221355,
        "mean_delta_layer_norm": 20.297298431396484,
        "mean_delta_mlp_norm": 10.73410161336263,
        "mean_patched_rank": 1.3333333333333333,
        "mean_pmv_effect": 1.0416666666666667,
        "mean_rank_effect": 0.6666666666666666,
        "mean_short_rank": 2.0,
        "mean_target_delta": 7.2557633717854815,
        "mean_target_delta_fraction": 0.31874588933099596,
        "mean_target_effect": 2.3841381072998047,
        "mean_terse_rank": 1.0,
        "n": 3,
        "patched_best_other_route": {
          "continuation": 2,
          "prose": 1
        },
        "patched_top1_rate": 0.6666666666666666,
        "success_change_rate": 0.6666666666666666
      },
      "restore|attn_delta|L25": {
        "mean_delta_attn_norm": 5.991633574167888,
        "mean_delta_carry_est_norm": 20.301701227823894,
        "mean_delta_layer_norm": 23.472527821858723,
        "mean_delta_mlp_norm": 11.515763600667318,
        "mean_patched_rank": 2.3333333333333335,
        "mean_pmv_effect": 0.16666666666666666,
        "mean_rank_effect": -0.3333333333333333,
        "mean_short_rank": 2.0,
        "mean_target_delta": 7.2557633717854815,
        "mean_target_delta_fraction": 0.128444620629681,
        "mean_target_effect": 0.8740444183349609,
        "mean_terse_rank": 1.0,
        "n": 3,
        "patched_best_other_route": {
          "continuation": 2,
          "prose": 1
        },
        "patched_top1_rate": 0.0,
        "success_change_rate": 0.0
      },
      "restore|attn_mlp_delta|L18": {
        "mean_delta_attn_norm": 5.999481201171875,
        "mean_delta_carry_est_norm": 12.302686055501303,
        "mean_delta_layer_norm": 13.88002904256185,
        "mean_delta_mlp_norm": 8.798112233479818,
        "mean_patched_rank": 1.6666666666666667,
        "mean_pmv_effect": -0.08333333333333333,
        "mean_rank_effect": 0.3333333333333333,
        "mean_short_rank": 2.0,
        "mean_target_delta": 7.2557633717854815,
        "mean_target_delta_fraction": 0.09447011512550885,
        "mean_target_effect": 0.9416599273681641,
        "mean_terse_rank": 1.0,
        "n": 3,
        "patched_best_other_route": {
          "continuation": 1,
          "prose": 2
        },
        "patched_top1_rate": 0.3333333333333333,
        "success_change_rate": 0.3333333333333333
      },
      "restore|attn_mlp_delta|L19": {
        "mean_delta_attn_norm": 5.408134301503499,
        "mean_delta_carry_est_norm": 13.885458628336588,
        "mean_delta_layer_norm": 14.631233215332031,
        "mean_delta_mlp_norm": 9.589377721150717,
        "mean_patched_rank": 2.0,
        "mean_pmv_effect": 0.625,
        "mean_rank_effect": 0.0,
        "mean_short_rank": 2.0,
        "mean_target_delta": 7.2557633717854815,
        "mean_target_delta_fraction": 0.13436257754868708,
        "mean_target_effect": 1.056195576985677,
        "mean_terse_rank": 1.0,
        "n": 3,
        "patched_best_other_route": {
          "continuation": 2,
          "prose": 1
        },
        "patched_top1_rate": 0.0,
        "success_change_rate": 0.0
      },
      "restore|attn_mlp_delta|L20": {
        "mean_delta_attn_norm": 5.90280818939209,
        "mean_delta_carry_est_norm": 14.633696556091309,
        "mean_delta_layer_norm": 15.3132905960083,
        "mean_delta_mlp_norm": 9.615422884623209,
        "mean_patched_rank": 3.0,
        "mean_pmv_effect": -0.5416666666666666,
        "mean_rank_effect": -1.0,
        "mean_short_rank": 2.0,
        "mean_target_delta": 7.2557633717854815,
        "mean_target_delta_fraction": -0.1660034159777096,
        "mean_target_effect": -1.1541703542073567,
        "mean_terse_rank": 1.0,
        "n": 3,
        "patched_best_other_route": {
          "continuation": 2,
          "prose": 1
        },
        "patched_top1_rate": 0.0,
        "success_change_rate": 0.0
      },
      "restore|attn_mlp_delta|L21": {
        "mean_delta_attn_norm": 5.449541250864665,
        "mean_delta_carry_est_norm": 15.315458297729492,
        "mean_delta_layer_norm": 16.639885584513348,
        "mean_delta_mlp_norm": 10.93175474802653,
        "mean_patched_rank": 4.666666666666667,
        "mean_pmv_effect": -1.0416666666666667,
        "mean_rank_effect": -2.6666666666666665,
        "mean_short_rank": 2.0,
        "mean_target_delta": 7.2557633717854815,
        "mean_target_delta_fraction": -0.23632370598014707,
        "mean_target_effect": -1.7445068359375,
        "mean_terse_rank": 1.0,
        "n": 3,
        "patched_best_other_route": {
          "continuation": 2,
          "prose": 1
        },
        "patched_top1_rate": 0.0,
        "success_change_rate": 0.0
      },
      "restore|attn_mlp_delta|L22": {
        "mean_delta_attn_norm": 7.096989154815674,
        "mean_delta_carry_est_norm": 16.647298177083332,
        "mean_delta_layer_norm": 16.54184087117513,
        "mean_delta_mlp_norm": 10.546352704366049,
        "mean_patched_rank": 2.3333333333333335,
        "mean_pmv_effect": -0.20833333333333334,
        "mean_rank_effect": -0.3333333333333333,
        "mean_short_rank": 2.0,
        "mean_target_delta": 7.2557633717854815,
        "mean_target_delta_fraction": 0.02841411146867325,
        "mean_target_effect": 0.30285898844401044,
        "mean_terse_rank": 1.0,
        "n": 3,
        "patched_best_other_route": {
          "continuation": 1,
          "prose": 2
        },
        "patched_top1_rate": 0.0,
        "success_change_rate": 0.0
      },
      "restore|attn_mlp_delta|L23": {
        "mean_delta_attn_norm": 7.451170603434245,
        "mean_delta_carry_est_norm": 16.534291585286457,
        "mean_delta_layer_norm": 18.705244700113933,
        "mean_delta_mlp_norm": 10.407570838928223,
        "mean_patched_rank": 2.6666666666666665,
        "mean_pmv_effect": 0.4583333333333333,
        "mean_rank_effect": -0.6666666666666666,
        "mean_short_rank": 2.0,
        "mean_target_delta": 7.2557633717854815,
        "mean_target_delta_fraction": 0.04156503577255823,
        "mean_target_effect": 0.3706474304199219,
        "mean_terse_rank": 1.0,
        "n": 3,
        "patched_best_other_route": {
          "continuation": 2,
          "prose": 1
        },
        "patched_top1_rate": 0.0,
        "success_change_rate": 0.0
      },
      "restore|attn_mlp_delta|L24": {
        "mean_delta_attn_norm": 6.249804814656575,
        "mean_delta_carry_est_norm": 18.706629435221355,
        "mean_delta_layer_norm": 20.297298431396484,
        "mean_delta_mlp_norm": 10.73410161336263,
        "mean_patched_rank": 1.3333333333333333,
        "mean_pmv_effect": 1.7083333333333333,
        "mean_rank_effect": 0.6666666666666666,
        "mean_short_rank": 2.0,
        "mean_target_delta": 7.2557633717854815,
        "mean_target_delta_fraction": 0.6097347648734271,
        "mean_target_effect": 4.418593724568685,
        "mean_terse_rank": 1.0,
        "n": 3,
        "patched_best_other_route": {
          "continuation": 2,
          "prose": 1
        },
        "patched_top1_rate": 0.6666666666666666,
        "success_change_rate": 0.6666666666666666
      },
      "restore|attn_mlp_delta|L25": {
        "mean_delta_attn_norm": 5.991633574167888,
        "mean_delta_carry_est_norm": 20.301701227823894,
        "mean_delta_layer_norm": 23.472527821858723,
        "mean_delta_mlp_norm": 11.515763600667318,
        "mean_patched_rank": 1.3333333333333333,
        "mean_pmv_effect": 1.0416666666666667,
        "mean_rank_effect": 0.6666666666666666,
        "mean_short_rank": 2.0,
        "mean_target_delta": 7.2557633717854815,
        "mean_target_delta_fraction": 0.31288380712097297,
        "mean_target_effect": 2.2240320841471353,
        "mean_terse_rank": 1.0,
        "n": 3,
        "patched_best_other_route": {
          "continuation": 2,
          "prose": 1
        },
        "patched_top1_rate": 0.6666666666666666,
        "success_change_rate": 0.6666666666666666
      },
      "restore|carry_est_layerout|L18": {
        "mean_delta_attn_norm": 5.999481201171875,
        "mean_delta_carry_est_norm": 12.302686055501303,
        "mean_delta_layer_norm": 13.88002904256185,
        "mean_delta_mlp_norm": 8.798112233479818,
        "mean_patched_rank": 1.0,
        "mean_pmv_effect": 1.7083333333333333,
        "mean_rank_effect": 1.0,
        "mean_short_rank": 2.0,
        "mean_target_delta": 7.2557633717854815,
        "mean_target_delta_fraction": 0.768312772515315,
        "mean_target_effect": 5.46954345703125,
        "mean_terse_rank": 1.0,
        "n": 3,
        "patched_best_other_route": {
          "continuation": 2,
          "prose": 1
        },
        "patched_top1_rate": 1.0,
        "success_change_rate": 1.0
      },
      "restore|carry_est_layerout|L19": {
        "mean_delta_attn_norm": 5.408134301503499,
        "mean_delta_carry_est_norm": 13.885458628336588,
        "mean_delta_layer_norm": 14.631233215332031,
        "mean_delta_mlp_norm": 9.589377721150717,
        "mean_patched_rank": 1.0,
        "mean_pmv_effect": 1.2916666666666667,
        "mean_rank_effect": 1.0,
        "mean_short_rank": 2.0,
        "mean_target_delta": 7.2557633717854815,
        "mean_target_delta_fraction": 0.7498499236029382,
        "mean_target_effect": 5.382199605305989,
        "mean_terse_rank": 1.0,
        "n": 3,
        "patched_best_other_route": {
          "continuation": 1,
          "prose": 2
        },
        "patched_top1_rate": 1.0,
        "success_change_rate": 1.0
      },
      "restore|carry_est_layerout|L20": {
        "mean_delta_attn_norm": 5.90280818939209,
        "mean_delta_carry_est_norm": 14.633696556091309,
        "mean_delta_layer_norm": 15.3132905960083,
        "mean_delta_mlp_norm": 9.615422884623209,
        "mean_patched_rank": 1.0,
        "mean_pmv_effect": 2.3333333333333335,
        "mean_rank_effect": 1.0,
        "mean_short_rank": 2.0,
        "mean_target_delta": 7.2557633717854815,
        "mean_target_delta_fraction": 1.116878841364905,
        "mean_target_effect": 8.04417864481608,
        "mean_terse_rank": 1.0,
        "n": 3,
        "patched_best_other_route": {
          "continuation": 1,
          "prose": 2
        },
        "patched_top1_rate": 1.0,
        "success_change_rate": 1.0
      },
      "restore|carry_est_layerout|L21": {
        "mean_delta_attn_norm": 5.449541250864665,
        "mean_delta_carry_est_norm": 15.315458297729492,
        "mean_delta_layer_norm": 16.639885584513348,
        "mean_delta_mlp_norm": 10.93175474802653,
        "mean_patched_rank": 1.0,
        "mean_pmv_effect": 2.75,
        "mean_rank_effect": 1.0,
        "mean_short_rank": 2.0,
        "mean_target_delta": 7.2557633717854815,
        "mean_target_delta_fraction": 1.1277574513705084,
        "mean_target_effect": 8.120674769083658,
        "mean_terse_rank": 1.0,
        "n": 3,
        "patched_best_other_route": {
          "continuation": 1,
          "prose": 2
        },
        "patched_top1_rate": 1.0,
        "success_change_rate": 1.0
      },
      "restore|carry_est_layerout|L22": {
        "mean_delta_attn_norm": 7.096989154815674,
        "mean_delta_carry_est_norm": 16.647298177083332,
        "mean_delta_layer_norm": 16.54184087117513,
        "mean_delta_mlp_norm": 10.546352704366049,
        "mean_patched_rank": 1.0,
        "mean_pmv_effect": 2.3333333333333335,
        "mean_rank_effect": 1.0,
        "mean_short_rank": 2.0,
        "mean_target_delta": 7.2557633717854815,
        "mean_target_delta_fraction": 0.8290777081048302,
        "mean_target_effect": 6.0560557047526045,
        "mean_terse_rank": 1.0,
        "n": 3,
        "patched_best_other_route": {
          "continuation": 2,
          "prose": 1
        },
        "patched_top1_rate": 1.0,
        "success_change_rate": 1.0
      },
      "restore|carry_est_layerout|L23": {
        "mean_delta_attn_norm": 7.451170603434245,
        "mean_delta_carry_est_norm": 16.534291585286457,
        "mean_delta_layer_norm": 18.705244700113933,
        "mean_delta_mlp_norm": 10.407570838928223,
        "mean_patched_rank": 1.0,
        "mean_pmv_effect": 2.3333333333333335,
        "mean_rank_effect": 1.0,
        "mean_short_rank": 2.0,
        "mean_target_delta": 7.2557633717854815,
        "mean_target_delta_fraction": 1.019192157821492,
        "mean_target_effect": 7.271288553873698,
        "mean_terse_rank": 1.0,
        "n": 3,
        "patched_best_other_route": {
          "continuation": 2,
          "prose": 1
        },
        "patched_top1_rate": 1.0,
        "success_change_rate": 1.0
      },
      "restore|carry_est_layerout|L24": {
        "mean_delta_attn_norm": 6.249804814656575,
        "mean_delta_carry_est_norm": 18.706629435221355,
        "mean_delta_layer_norm": 20.297298431396484,
        "mean_delta_mlp_norm": 10.73410161336263,
        "mean_patched_rank": 1.0,
        "mean_pmv_effect": 1.875,
        "mean_rank_effect": 1.0,
        "mean_short_rank": 2.0,
        "mean_target_delta": 7.2557633717854815,
        "mean_target_delta_fraction": 0.6933040051801417,
        "mean_target_effect": 4.994916915893555,
        "mean_terse_rank": 1.0,
        "n": 3,
        "patched_best_other_route": {
          "continuation": 2,
          "prose": 1
        },
        "patched_top1_rate": 1.0,
        "success_change_rate": 1.0
      },
      "restore|carry_est_layerout|L25": {
        "mean_delta_attn_norm": 5.991633574167888,
        "mean_delta_carry_est_norm": 20.301701227823894,
        "mean_delta_layer_norm": 23.472527821858723,
        "mean_delta_mlp_norm": 11.515763600667318,
        "mean_patched_rank": 1.0,
        "mean_pmv_effect": 2.375,
        "mean_rank_effect": 1.0,
        "mean_short_rank": 2.0,
        "mean_target_delta": 7.2557633717854815,
        "mean_target_delta_fraction": 0.935126428162862,
        "mean_target_effect": 6.829170227050781,
        "mean_terse_rank": 1.0,
        "n": 3,
        "patched_best_other_route": {
          "continuation": 2,
          "prose": 1
        },
        "patched_top1_rate": 1.0,
        "success_change_rate": 1.0
      },
      "restore|full_layer_delta|L18": {
        "mean_delta_attn_norm": 5.999481201171875,
        "mean_delta_carry_est_norm": 12.302686055501303,
        "mean_delta_layer_norm": 13.88002904256185,
        "mean_delta_mlp_norm": 8.798112233479818,
        "mean_patched_rank": 1.0,
        "mean_pmv_effect": 2.375,
        "mean_rank_effect": 1.0,
        "mean_short_rank": 2.0,
        "mean_target_delta": 7.2557633717854815,
        "mean_target_delta_fraction": 0.9547169119730948,
        "mean_target_effect": 6.976982752482097,
        "mean_terse_rank": 1.0,
        "n": 3,
        "patched_best_other_route": {
          "continuation": 2,
          "prose": 1
        },
        "patched_top1_rate": 1.0,
        "success_change_rate": 1.0
      },
      "restore|full_layer_delta|L19": {
        "mean_delta_attn_norm": 5.408134301503499,
        "mean_delta_carry_est_norm": 13.885458628336588,
        "mean_delta_layer_norm": 14.631233215332031,
        "mean_delta_mlp_norm": 9.589377721150717,
        "mean_patched_rank": 1.0,
        "mean_pmv_effect": 2.1666666666666665,
        "mean_rank_effect": 1.0,
        "mean_short_rank": 2.0,
        "mean_target_delta": 7.2557633717854815,
        "mean_target_delta_fraction": 0.9465346931771054,
        "mean_target_effect": 6.888146718343099,
        "mean_terse_rank": 1.0,
        "n": 3,
        "patched_best_other_route": {
          "continuation": 2,
          "prose": 1
        },
        "patched_top1_rate": 1.0,
        "success_change_rate": 1.0
      },
      "restore|full_layer_delta|L20": {
        "mean_delta_attn_norm": 5.90280818939209,
        "mean_delta_carry_est_norm": 14.633696556091309,
        "mean_delta_layer_norm": 15.3132905960083,
        "mean_delta_mlp_norm": 9.615422884623209,
        "mean_patched_rank": 1.0,
        "mean_pmv_effect": 2.25,
        "mean_rank_effect": 1.0,
        "mean_short_rank": 2.0,
        "mean_target_delta": 7.2557633717854815,
        "mean_target_delta_fraction": 0.988282326669502,
        "mean_target_effect": 7.198802312215169,
        "mean_terse_rank": 1.0,
        "n": 3,
        "patched_best_other_route": {
          "continuation": 2,
          "prose": 1
        },
        "patched_top1_rate": 1.0,
        "success_change_rate": 1.0
      },
      "restore|full_layer_delta|L21": {
        "mean_delta_attn_norm": 5.449541250864665,
        "mean_delta_carry_est_norm": 15.315458297729492,
        "mean_delta_layer_norm": 16.639885584513348,
        "mean_delta_mlp_norm": 10.93175474802653,
        "mean_patched_rank": 1.0,
        "mean_pmv_effect": 2.125,
        "mean_rank_effect": 1.0,
        "mean_short_rank": 2.0,
        "mean_target_delta": 7.2557633717854815,
        "mean_target_delta_fraction": 0.9326859050308173,
        "mean_target_effect": 6.763861338297526,
        "mean_terse_rank": 1.0,
        "n": 3,
        "patched_best_other_route": {
          "continuation": 2,
          "prose": 1
        },
        "patched_top1_rate": 1.0,
        "success_change_rate": 1.0
      },
      "restore|full_layer_delta|L22": {
        "mean_delta_attn_norm": 7.096989154815674,
        "mean_delta_carry_est_norm": 16.647298177083332,
        "mean_delta_layer_norm": 16.54184087117513,
        "mean_delta_mlp_norm": 10.546352704366049,
        "mean_patched_rank": 1.0,
        "mean_pmv_effect": 2.1666666666666665,
        "mean_rank_effect": 1.0,
        "mean_short_rank": 2.0,
        "mean_target_delta": 7.2557633717854815,
        "mean_target_delta_fraction": 0.9217875333883637,
        "mean_target_effect": 6.666929244995117,
        "mean_terse_rank": 1.0,
        "n": 3,
        "patched_best_other_route": {
          "continuation": 2,
          "prose": 1
        },
        "patched_top1_rate": 1.0,
        "success_change_rate": 1.0
      },
      "restore|full_layer_delta|L23": {
        "mean_delta_attn_norm": 7.451170603434245,
        "mean_delta_carry_est_norm": 16.534291585286457,
        "mean_delta_layer_norm": 18.705244700113933,
        "mean_delta_mlp_norm": 10.407570838928223,
        "mean_patched_rank": 1.0,
        "mean_pmv_effect": 3.4583333333333335,
        "mean_rank_effect": 1.0,
        "mean_short_rank": 2.0,
        "mean_target_delta": 7.2557633717854815,
        "mean_target_delta_fraction": 1.2611374681384842,
        "mean_target_effect": 9.06766446431478,
        "mean_terse_rank": 1.0,
        "n": 3,
        "patched_best_other_route": {
          "continuation": 2,
          "prose": 1
        },
        "patched_top1_rate": 1.0,
        "success_change_rate": 1.0
      },
      "restore|full_layer_delta|L24": {
        "mean_delta_attn_norm": 6.249804814656575,
        "mean_delta_carry_est_norm": 18.706629435221355,
        "mean_delta_layer_norm": 20.297298431396484,
        "mean_delta_mlp_norm": 10.73410161336263,
        "mean_patched_rank": 1.0,
        "mean_pmv_effect": 3.5833333333333335,
        "mean_rank_effect": 1.0,
        "mean_short_rank": 2.0,
        "mean_target_delta": 7.2557633717854815,
        "mean_target_delta_fraction": 1.199776494946441,
        "mean_target_effect": 8.630599975585938,
        "mean_terse_rank": 1.0,
        "n": 3,
        "patched_best_other_route": {
          "continuation": 2,
          "prose": 1
        },
        "patched_top1_rate": 1.0,
        "success_change_rate": 1.0
      },
      "restore|full_layer_delta|L25": {
        "mean_delta_attn_norm": 5.991633574167888,
        "mean_delta_carry_est_norm": 20.301701227823894,
        "mean_delta_layer_norm": 23.472527821858723,
        "mean_delta_mlp_norm": 11.515763600667318,
        "mean_patched_rank": 1.0,
        "mean_pmv_effect": 3.3333333333333335,
        "mean_rank_effect": 1.0,
        "mean_short_rank": 2.0,
        "mean_target_delta": 7.2557633717854815,
        "mean_target_delta_fraction": 1.1204884585569703,
        "mean_target_effect": 8.097237269083658,
        "mean_terse_rank": 1.0,
        "n": 3,
        "patched_best_other_route": {
          "continuation": 2,
          "prose": 1
        },
        "patched_top1_rate": 1.0,
        "success_change_rate": 1.0
      },
      "restore|layer_minus_attn_delta|L18": {
        "mean_delta_attn_norm": 5.999481201171875,
        "mean_delta_carry_est_norm": 12.302686055501303,
        "mean_delta_layer_norm": 13.88002904256185,
        "mean_delta_mlp_norm": 8.798112233479818,
        "mean_patched_rank": 1.6666666666666667,
        "mean_pmv_effect": 1.25,
        "mean_rank_effect": 0.3333333333333333,
        "mean_short_rank": 2.0,
        "mean_target_delta": 7.2557633717854815,
        "mean_target_delta_fraction": 0.4992542062535957,
        "mean_target_effect": 3.641953150431315,
        "mean_terse_rank": 1.0,
        "n": 3,
        "patched_best_other_route": {
          "continuation": 2,
          "prose": 1
        },
        "patched_top1_rate": 0.3333333333333333,
        "success_change_rate": 0.3333333333333333
      },
      "restore|layer_minus_attn_delta|L19": {
        "mean_delta_attn_norm": 5.408134301503499,
        "mean_delta_carry_est_norm": 13.885458628336588,
        "mean_delta_layer_norm": 14.631233215332031,
        "mean_delta_mlp_norm": 9.589377721150717,
        "mean_patched_rank": 1.0,
        "mean_pmv_effect": 1.9166666666666667,
        "mean_rank_effect": 1.0,
        "mean_short_rank": 2.0,
        "mean_target_delta": 7.2557633717854815,
        "mean_target_delta_fraction": 0.8091946672305145,
        "mean_target_effect": 5.88362185160319,
        "mean_terse_rank": 1.0,
        "n": 3,
        "patched_best_other_route": {
          "continuation": 1,
          "prose": 2
        },
        "patched_top1_rate": 1.0,
        "success_change_rate": 1.0
      },
      "restore|layer_minus_attn_delta|L20": {
        "mean_delta_attn_norm": 5.90280818939209,
        "mean_delta_carry_est_norm": 14.633696556091309,
        "mean_delta_layer_norm": 15.3132905960083,
        "mean_delta_mlp_norm": 9.615422884623209,
        "mean_patched_rank": 1.0,
        "mean_pmv_effect": 2.75,
        "mean_rank_effect": 1.0,
        "mean_short_rank": 2.0,
        "mean_target_delta": 7.2557633717854815,
        "mean_target_delta_fraction": 1.1455858673248336,
        "mean_target_effect": 8.349635442097982,
        "mean_terse_rank": 1.0,
        "n": 3,
        "patched_best_other_route": {
          "continuation": 2,
          "prose": 1
        },
        "patched_top1_rate": 1.0,
        "success_change_rate": 1.0
      },
      "restore|layer_minus_attn_delta|L21": {
        "mean_delta_attn_norm": 5.449541250864665,
        "mean_delta_carry_est_norm": 15.315458297729492,
        "mean_delta_layer_norm": 16.639885584513348,
        "mean_delta_mlp_norm": 10.93175474802653,
        "mean_patched_rank": 1.0,
        "mean_pmv_effect": 1.6666666666666667,
        "mean_rank_effect": 1.0,
        "mean_short_rank": 2.0,
        "mean_target_delta": 7.2557633717854815,
        "mean_target_delta_fraction": 0.7483985996034063,
        "mean_target_effect": 5.435489654541016,
        "mean_terse_rank": 1.0,
        "n": 3,
        "patched_best_other_route": {
          "continuation": 2,
          "prose": 1
        },
        "patched_top1_rate": 1.0,
        "success_change_rate": 1.0
      },
      "restore|layer_minus_attn_delta|L22": {
        "mean_delta_attn_norm": 7.096989154815674,
        "mean_delta_carry_est_norm": 16.647298177083332,
        "mean_delta_layer_norm": 16.54184087117513,
        "mean_delta_mlp_norm": 10.546352704366049,
        "mean_patched_rank": 1.3333333333333333,
        "mean_pmv_effect": 2.25,
        "mean_rank_effect": 0.6666666666666666,
        "mean_short_rank": 2.0,
        "mean_target_delta": 7.2557633717854815,
        "mean_target_delta_fraction": 0.855511325776293,
        "mean_target_effect": 6.256486892700195,
        "mean_terse_rank": 1.0,
        "n": 3,
        "patched_best_other_route": {
          "continuation": 2,
          "prose": 1
        },
        "patched_top1_rate": 0.6666666666666666,
        "success_change_rate": 0.6666666666666666
      },
      "restore|layer_minus_attn_delta|L23": {
        "mean_delta_attn_norm": 7.451170603434245,
        "mean_delta_carry_est_norm": 16.534291585286457,
        "mean_delta_layer_norm": 18.705244700113933,
        "mean_delta_mlp_norm": 10.407570838928223,
        "mean_patched_rank": 1.0,
        "mean_pmv_effect": 2.6666666666666665,
        "mean_rank_effect": 1.0,
        "mean_short_rank": 2.0,
        "mean_target_delta": 7.2557633717854815,
        "mean_target_delta_fraction": 1.1555773540622611,
        "mean_target_effect": 8.251757939656576,
        "mean_terse_rank": 1.0,
        "n": 3,
        "patched_best_other_route": {
          "continuation": 2,
          "prose": 1
        },
        "patched_top1_rate": 1.0,
        "success_change_rate": 1.0
      },
      "restore|layer_minus_attn_delta|L24": {
        "mean_delta_attn_norm": 6.249804814656575,
        "mean_delta_carry_est_norm": 18.706629435221355,
        "mean_delta_layer_norm": 20.297298431396484,
        "mean_delta_mlp_norm": 10.73410161336263,
        "mean_patched_rank": 1.0,
        "mean_pmv_effect": 3.0,
        "mean_rank_effect": 1.0,
        "mean_short_rank": 2.0,
        "mean_target_delta": 7.2557633717854815,
        "mean_target_delta_fraction": 0.9849272587751305,
        "mean_target_effect": 7.067996342976888,
        "mean_terse_rank": 1.0,
        "n": 3,
        "patched_best_other_route": {
          "continuation": 2,
          "prose": 1
        },
        "patched_top1_rate": 1.0,
        "success_change_rate": 1.0
      },
      "restore|layer_minus_attn_delta|L25": {
        "mean_delta_attn_norm": 5.991633574167888,
        "mean_delta_carry_est_norm": 20.301701227823894,
        "mean_delta_layer_norm": 23.472527821858723,
        "mean_delta_mlp_norm": 11.515763600667318,
        "mean_patched_rank": 1.0,
        "mean_pmv_effect": 3.2916666666666665,
        "mean_rank_effect": 1.0,
        "mean_short_rank": 2.0,
        "mean_target_delta": 7.2557633717854815,
        "mean_target_delta_fraction": 1.1069286202284478,
        "mean_target_effect": 8.066596984863281,
        "mean_terse_rank": 1.0,
        "n": 3,
        "patched_best_other_route": {
          "continuation": 2,
          "prose": 1
        },
        "patched_top1_rate": 1.0,
        "success_change_rate": 1.0
      },
      "restore|layer_minus_mlp_delta|L18": {
        "mean_delta_attn_norm": 5.999481201171875,
        "mean_delta_carry_est_norm": 12.302686055501303,
        "mean_delta_layer_norm": 13.88002904256185,
        "mean_delta_mlp_norm": 8.798112233479818,
        "mean_patched_rank": 1.0,
        "mean_pmv_effect": 2.3333333333333335,
        "mean_rank_effect": 1.0,
        "mean_short_rank": 2.0,
        "mean_target_delta": 7.2557633717854815,
        "mean_target_delta_fraction": 1.019264485170635,
        "mean_target_effect": 7.26255734761556,
        "mean_terse_rank": 1.0,
        "n": 3,
        "patched_best_other_route": {
          "continuation": 2,
          "prose": 1
        },
        "patched_top1_rate": 1.0,
        "success_change_rate": 1.0
      },
      "restore|layer_minus_mlp_delta|L19": {
        "mean_delta_attn_norm": 5.408134301503499,
        "mean_delta_carry_est_norm": 13.885458628336588,
        "mean_delta_layer_norm": 14.631233215332031,
        "mean_delta_mlp_norm": 9.589377721150717,
        "mean_patched_rank": 1.0,
        "mean_pmv_effect": 1.7083333333333333,
        "mean_rank_effect": 1.0,
        "mean_short_rank": 2.0,
        "mean_target_delta": 7.2557633717854815,
        "mean_target_delta_fraction": 0.8623293026852861,
        "mean_target_effect": 6.251170476277669,
        "mean_terse_rank": 1.0,
        "n": 3,
        "patched_best_other_route": {
          "continuation": 1,
          "prose": 2
        },
        "patched_top1_rate": 1.0,
        "success_change_rate": 1.0
      },
      "restore|layer_minus_mlp_delta|L20": {
        "mean_delta_attn_norm": 5.90280818939209,
        "mean_delta_carry_est_norm": 14.633696556091309,
        "mean_delta_layer_norm": 15.3132905960083,
        "mean_delta_mlp_norm": 9.615422884623209,
        "mean_patched_rank": 1.0,
        "mean_pmv_effect": 1.4583333333333333,
        "mean_rank_effect": 1.0,
        "mean_short_rank": 2.0,
        "mean_target_delta": 7.2557633717854815,
        "mean_target_delta_fraction": 0.968475802089789,
        "mean_target_effect": 6.930686950683594,
        "mean_terse_rank": 1.0,
        "n": 3,
        "patched_best_other_route": {
          "continuation": 1,
          "prose": 2
        },
        "patched_top1_rate": 1.0,
        "success_change_rate": 1.0
      },
      "restore|layer_minus_mlp_delta|L21": {
        "mean_delta_attn_norm": 5.449541250864665,
        "mean_delta_carry_est_norm": 15.315458297729492,
        "mean_delta_layer_norm": 16.639885584513348,
        "mean_delta_mlp_norm": 10.93175474802653,
        "mean_patched_rank": 1.0,
        "mean_pmv_effect": 3.125,
        "mean_rank_effect": 1.0,
        "mean_short_rank": 2.0,
        "mean_target_delta": 7.2557633717854815,
        "mean_target_delta_fraction": 1.1758224639824117,
        "mean_target_effect": 8.497509002685547,
        "mean_terse_rank": 1.0,
        "n": 3,
        "patched_best_other_route": {
          "continuation": 2,
          "prose": 1
        },
        "patched_top1_rate": 1.0,
        "success_change_rate": 1.0
      },
      "restore|layer_minus_mlp_delta|L22": {
        "mean_delta_attn_norm": 7.096989154815674,
        "mean_delta_carry_est_norm": 16.647298177083332,
        "mean_delta_layer_norm": 16.54184087117513,
        "mean_delta_mlp_norm": 10.546352704366049,
        "mean_patched_rank": 1.0,
        "mean_pmv_effect": 2.4583333333333335,
        "mean_rank_effect": 1.0,
        "mean_short_rank": 2.0,
        "mean_target_delta": 7.2557633717854815,
        "mean_target_delta_fraction": 0.9722260154820018,
        "mean_target_effect": 6.966015497843425,
        "mean_terse_rank": 1.0,
        "n": 3,
        "patched_best_other_route": {
          "continuation": 2,
          "prose": 1
        },
        "patched_top1_rate": 1.0,
        "success_change_rate": 1.0
      },
      "restore|layer_minus_mlp_delta|L23": {
        "mean_delta_attn_norm": 7.451170603434245,
        "mean_delta_carry_est_norm": 16.534291585286457,
        "mean_delta_layer_norm": 18.705244700113933,
        "mean_delta_mlp_norm": 10.407570838928223,
        "mean_patched_rank": 1.0,
        "mean_pmv_effect": 3.0,
        "mean_rank_effect": 1.0,
        "mean_short_rank": 2.0,
        "mean_target_delta": 7.2557633717854815,
        "mean_target_delta_fraction": 1.145835863630668,
        "mean_target_effect": 8.198439280192057,
        "mean_terse_rank": 1.0,
        "n": 3,
        "patched_best_other_route": {
          "continuation": 2,
          "prose": 1
        },
        "patched_top1_rate": 1.0,
        "success_change_rate": 1.0
      },
      "restore|layer_minus_mlp_delta|L24": {
        "mean_delta_attn_norm": 6.249804814656575,
        "mean_delta_carry_est_norm": 18.706629435221355,
        "mean_delta_layer_norm": 20.297298431396484,
        "mean_delta_mlp_norm": 10.73410161336263,
        "mean_patched_rank": 1.0,
        "mean_pmv_effect": 2.6666666666666665,
        "mean_rank_effect": 1.0,
        "mean_short_rank": 2.0,
        "mean_target_delta": 7.2557633717854815,
        "mean_target_delta_fraction": 0.9728875382165155,
        "mean_target_effect": 7.035857518513997,
        "mean_terse_rank": 1.0,
        "n": 3,
        "patched_best_other_route": {
          "continuation": 2,
          "prose": 1
        },
        "patched_top1_rate": 1.0,
        "success_change_rate": 1.0
      },
      "restore|layer_minus_mlp_delta|L25": {
        "mean_delta_attn_norm": 5.991633574167888,
        "mean_delta_carry_est_norm": 20.301701227823894,
        "mean_delta_layer_norm": 23.472527821858723,
        "mean_delta_mlp_norm": 11.515763600667318,
        "mean_patched_rank": 1.0,
        "mean_pmv_effect": 2.3333333333333335,
        "mean_rank_effect": 1.0,
        "mean_short_rank": 2.0,
        "mean_target_delta": 7.2557633717854815,
        "mean_target_delta_fraction": 0.8661888484425312,
        "mean_target_effect": 6.227197011311849,
        "mean_terse_rank": 1.0,
        "n": 3,
        "patched_best_other_route": {
          "continuation": 2,
          "prose": 1
        },
        "patched_top1_rate": 1.0,
        "success_change_rate": 1.0
      },
      "restore|mlp_delta|L18": {
        "mean_delta_attn_norm": 5.999481201171875,
        "mean_delta_carry_est_norm": 12.302686055501303,
        "mean_delta_layer_norm": 13.88002904256185,
        "mean_delta_mlp_norm": 8.798112233479818,
        "mean_patched_rank": 3.0,
        "mean_pmv_effect": -1.0833333333333333,
        "mean_rank_effect": -1.0,
        "mean_short_rank": 2.0,
        "mean_target_delta": 7.2557633717854815,
        "mean_target_delta_fraction": -0.33170157870022376,
        "mean_target_effect": -2.2770824432373047,
        "mean_terse_rank": 1.0,
        "n": 3,
        "patched_best_other_route": {
          "continuation": 1,
          "prose": 2
        },
        "patched_top1_rate": 0.0,
        "success_change_rate": 0.0
      },
      "restore|mlp_delta|L19": {
        "mean_delta_attn_norm": 5.408134301503499,
        "mean_delta_carry_est_norm": 13.885458628336588,
        "mean_delta_layer_norm": 14.631233215332031,
        "mean_delta_mlp_norm": 9.589377721150717,
        "mean_patched_rank": 2.0,
        "mean_pmv_effect": 0.08333333333333333,
        "mean_rank_effect": 0.0,
        "mean_short_rank": 2.0,
        "mean_target_delta": 7.2557633717854815,
        "mean_target_delta_fraction": -0.03093357206847223,
        "mean_target_effect": -0.07071367899576823,
        "mean_terse_rank": 1.0,
        "n": 3,
        "patched_best_other_route": {
          "continuation": 2,
          "prose": 1
        },
        "patched_top1_rate": 0.0,
        "success_change_rate": 0.0
      },
      "restore|mlp_delta|L20": {
        "mean_delta_attn_norm": 5.90280818939209,
        "mean_delta_carry_est_norm": 14.633696556091309,
        "mean_delta_layer_norm": 15.3132905960083,
        "mean_delta_mlp_norm": 9.615422884623209,
        "mean_patched_rank": 1.6666666666666667,
        "mean_pmv_effect": 0.375,
        "mean_rank_effect": 0.3333333333333333,
        "mean_short_rank": 2.0,
        "mean_target_delta": 7.2557633717854815,
        "mean_target_delta_fraction": 0.07965456135308181,
        "mean_target_effect": 0.6358153025309244,
        "mean_terse_rank": 1.0,
        "n": 3,
        "patched_best_other_route": {
          "continuation": 2,
          "prose": 1
        },
        "patched_top1_rate": 0.3333333333333333,
        "success_change_rate": 0.3333333333333333
      },
      "restore|mlp_delta|L21": {
        "mean_delta_attn_norm": 5.449541250864665,
        "mean_delta_carry_est_norm": 15.315458297729492,
        "mean_delta_layer_norm": 16.639885584513348,
        "mean_delta_mlp_norm": 10.93175474802653,
        "mean_patched_rank": 4.333333333333333,
        "mean_pmv_effect": -1.4583333333333333,
        "mean_rank_effect": -2.3333333333333335,
        "mean_short_rank": 2.0,
        "mean_target_delta": 7.2557633717854815,
        "mean_target_delta_fraction": -0.34951848851122996,
        "mean_target_effect": -2.5061251322428384,
        "mean_terse_rank": 1.0,
        "n": 3,
        "patched_best_other_route": {
          "continuation": 2,
          "prose": 1
        },
        "patched_top1_rate": 0.0,
        "success_change_rate": 0.0
      },
      "restore|mlp_delta|L22": {
        "mean_delta_attn_norm": 7.096989154815674,
        "mean_delta_carry_est_norm": 16.647298177083332,
        "mean_delta_layer_norm": 16.54184087117513,
        "mean_delta_mlp_norm": 10.546352704366049,
        "mean_patched_rank": 2.0,
        "mean_pmv_effect": -0.3333333333333333,
        "mean_rank_effect": 0.0,
        "mean_short_rank": 2.0,
        "mean_target_delta": 7.2557633717854815,
        "mean_target_delta_fraction": -0.04650990976053201,
        "mean_target_effect": -0.20109176635742188,
        "mean_terse_rank": 1.0,
        "n": 3,
        "patched_best_other_route": {
          "continuation": 1,
          "prose": 2
        },
        "patched_top1_rate": 0.0,
        "success_change_rate": 0.0
      },
      "restore|mlp_delta|L23": {
        "mean_delta_attn_norm": 7.451170603434245,
        "mean_delta_carry_est_norm": 16.534291585286457,
        "mean_delta_layer_norm": 18.705244700113933,
        "mean_delta_mlp_norm": 10.407570838928223,
        "mean_patched_rank": 3.0,
        "mean_pmv_effect": -0.4583333333333333,
        "mean_rank_effect": -1.0,
        "mean_short_rank": 2.0,
        "mean_target_delta": 7.2557633717854815,
        "mean_target_delta_fraction": -0.18478186905765362,
        "mean_target_effect": -1.1944166819254558,
        "mean_terse_rank": 1.0,
        "n": 3,
        "patched_best_other_route": {
          "continuation": 2,
          "prose": 1
        },
        "patched_top1_rate": 0.0,
        "success_change_rate": 0.0
      },
      "restore|mlp_delta|L24": {
        "mean_delta_attn_norm": 6.249804814656575,
        "mean_delta_carry_est_norm": 18.706629435221355,
        "mean_delta_layer_norm": 20.297298431396484,
        "mean_delta_mlp_norm": 10.73410161336263,
        "mean_patched_rank": 1.3333333333333333,
        "mean_pmv_effect": 1.0416666666666667,
        "mean_rank_effect": 0.6666666666666666,
        "mean_short_rank": 2.0,
        "mean_target_delta": 7.2557633717854815,
        "mean_target_delta_fraction": 0.43694247849208606,
        "mean_target_effect": 3.143191655476888,
        "mean_terse_rank": 1.0,
        "n": 3,
        "patched_best_other_route": {
          "continuation": 2,
          "prose": 1
        },
        "patched_top1_rate": 0.6666666666666666,
        "success_change_rate": 0.6666666666666666
      },
      "restore|mlp_delta|L25": {
        "mean_delta_attn_norm": 5.991633574167888,
        "mean_delta_carry_est_norm": 20.301701227823894,
        "mean_delta_layer_norm": 23.472527821858723,
        "mean_delta_mlp_norm": 11.515763600667318,
        "mean_patched_rank": 1.3333333333333333,
        "mean_pmv_effect": 0.8333333333333334,
        "mean_rank_effect": 0.6666666666666666,
        "mean_short_rank": 2.0,
        "mean_target_delta": 7.2557633717854815,
        "mean_target_delta_fraction": 0.27462765910220915,
        "mean_target_effect": 2.039496103922526,
        "mean_terse_rank": 1.0,
        "n": 3,
        "patched_best_other_route": {
          "continuation": 1,
          "prose": 2
        },
        "patched_top1_rate": 0.6666666666666666,
        "success_change_rate": 0.6666666666666666
      },
      "restore|random_layer_same_norm|L18": {
        "mean_delta_attn_norm": 5.999481201171875,
        "mean_delta_carry_est_norm": 12.302686055501303,
        "mean_delta_layer_norm": 13.88002904256185,
        "mean_delta_mlp_norm": 8.798112233479818,
        "mean_patched_rank": 2.6666666666666665,
        "mean_pmv_effect": -0.8333333333333334,
        "mean_rank_effect": -0.6666666666666666,
        "mean_short_rank": 2.0,
        "mean_target_delta": 7.2557633717854815,
        "mean_target_delta_fraction": -0.224615075872354,
        "mean_target_effect": -1.4561812082926433,
        "mean_terse_rank": 1.0,
        "n": 3,
        "patched_best_other_route": {
          "continuation": 1,
          "prose": 2
        },
        "patched_top1_rate": 0.0,
        "success_change_rate": 0.0
      },
      "restore|random_layer_same_norm|L19": {
        "mean_delta_attn_norm": 5.408134301503499,
        "mean_delta_carry_est_norm": 13.885458628336588,
        "mean_delta_layer_norm": 14.631233215332031,
        "mean_delta_mlp_norm": 9.589377721150717,
        "mean_patched_rank": 4.333333333333333,
        "mean_pmv_effect": -1.75,
        "mean_rank_effect": -2.3333333333333335,
        "mean_short_rank": 2.0,
        "mean_target_delta": 7.2557633717854815,
        "mean_target_delta_fraction": -0.5288874239969865,
        "mean_target_effect": -3.649907430013021,
        "mean_terse_rank": 1.0,
        "n": 3,
        "patched_best_other_route": {
          "continuation": 1,
          "prose": 2
        },
        "patched_top1_rate": 0.0,
        "success_change_rate": 0.0
      },
      "restore|random_layer_same_norm|L20": {
        "mean_delta_attn_norm": 5.90280818939209,
        "mean_delta_carry_est_norm": 14.633696556091309,
        "mean_delta_layer_norm": 15.3132905960083,
        "mean_delta_mlp_norm": 9.615422884623209,
        "mean_patched_rank": 1.3333333333333333,
        "mean_pmv_effect": 0.3333333333333333,
        "mean_rank_effect": 0.6666666666666666,
        "mean_short_rank": 2.0,
        "mean_target_delta": 7.2557633717854815,
        "mean_target_delta_fraction": 0.23578744253625442,
        "mean_target_effect": 1.4543100992838542,
        "mean_terse_rank": 1.0,
        "n": 3,
        "patched_best_other_route": {
          "prose": 3
        },
        "patched_top1_rate": 0.6666666666666666,
        "success_change_rate": 0.6666666666666666
      },
      "restore|random_layer_same_norm|L21": {
        "mean_delta_attn_norm": 5.449541250864665,
        "mean_delta_carry_est_norm": 15.315458297729492,
        "mean_delta_layer_norm": 16.639885584513348,
        "mean_delta_mlp_norm": 10.93175474802653,
        "mean_patched_rank": 3.0,
        "mean_pmv_effect": -0.16666666666666666,
        "mean_rank_effect": -1.0,
        "mean_short_rank": 2.0,
        "mean_target_delta": 7.2557633717854815,
        "mean_target_delta_fraction": -0.2428112799315719,
        "mean_target_effect": -1.646697998046875,
        "mean_terse_rank": 1.0,
        "n": 3,
        "patched_best_other_route": {
          "continuation": 1,
          "prose": 2
        },
        "patched_top1_rate": 0.0,
        "success_change_rate": 0.0
      },
      "restore|random_layer_same_norm|L22": {
        "mean_delta_attn_norm": 7.096989154815674,
        "mean_delta_carry_est_norm": 16.647298177083332,
        "mean_delta_layer_norm": 16.54184087117513,
        "mean_delta_mlp_norm": 10.546352704366049,
        "mean_patched_rank": 1.6666666666666667,
        "mean_pmv_effect": -0.16666666666666666,
        "mean_rank_effect": 0.3333333333333333,
        "mean_short_rank": 2.0,
        "mean_target_delta": 7.2557633717854815,
        "mean_target_delta_fraction": 0.13749445339958685,
        "mean_target_effect": 0.7471351623535156,
        "mean_terse_rank": 1.0,
        "n": 3,
        "patched_best_other_route": {
          "continuation": 2,
          "prose": 1
        },
        "patched_top1_rate": 0.6666666666666666,
        "success_change_rate": 0.6666666666666666
      },
      "restore|random_layer_same_norm|L23": {
        "mean_delta_attn_norm": 7.451170603434245,
        "mean_delta_carry_est_norm": 16.534291585286457,
        "mean_delta_layer_norm": 18.705244700113933,
        "mean_delta_mlp_norm": 10.407570838928223,
        "mean_patched_rank": 3.0,
        "mean_pmv_effect": -1.125,
        "mean_rank_effect": -1.0,
        "mean_short_rank": 2.0,
        "mean_target_delta": 7.2557633717854815,
        "mean_target_delta_fraction": -0.42015177802886616,
        "mean_target_effect": -2.845914840698242,
        "mean_terse_rank": 1.0,
        "n": 3,
        "patched_best_other_route": {
          "continuation": 1,
          "prose": 2
        },
        "patched_top1_rate": 0.3333333333333333,
        "success_change_rate": 0.3333333333333333
      },
      "restore|random_layer_same_norm|L24": {
        "mean_delta_attn_norm": 6.249804814656575,
        "mean_delta_carry_est_norm": 18.706629435221355,
        "mean_delta_layer_norm": 20.297298431396484,
        "mean_delta_mlp_norm": 10.73410161336263,
        "mean_patched_rank": 1.3333333333333333,
        "mean_pmv_effect": 0.4583333333333333,
        "mean_rank_effect": 0.6666666666666666,
        "mean_short_rank": 2.0,
        "mean_target_delta": 7.2557633717854815,
        "mean_target_delta_fraction": 0.17134307493333711,
        "mean_target_effect": 1.4970181783040364,
        "mean_terse_rank": 1.0,
        "n": 3,
        "patched_best_other_route": {
          "continuation": 2,
          "prose": 1
        },
        "patched_top1_rate": 0.6666666666666666,
        "success_change_rate": 0.6666666666666666
      },
      "restore|random_layer_same_norm|L25": {
        "mean_delta_attn_norm": 5.991633574167888,
        "mean_delta_carry_est_norm": 20.301701227823894,
        "mean_delta_layer_norm": 23.472527821858723,
        "mean_delta_mlp_norm": 11.515763600667318,
        "mean_patched_rank": 3.0,
        "mean_pmv_effect": -0.6666666666666666,
        "mean_rank_effect": -1.0,
        "mean_short_rank": 2.0,
        "mean_target_delta": 7.2557633717854815,
        "mean_target_delta_fraction": -0.38316631556159564,
        "mean_target_effect": -2.525599479675293,
        "mean_terse_rank": 1.0,
        "n": 3,
        "patched_best_other_route": {
          "continuation": 2,
          "prose": 1
        },
        "patched_top1_rate": 0.0,
        "success_change_rate": 0.0
      }
    },
    "by_mode": {
      "degradation|attn_mlp_replace_short": {
        "mean_delta_attn_norm": 6.1936953862508135,
        "mean_delta_carry_est_norm": 16.040902495384216,
        "mean_delta_layer_norm": 17.435168782869976,
        "mean_delta_mlp_norm": 10.267307043075562,
        "mean_patched_rank": 1.0833333333333333,
        "mean_pmv_effect": 0.7864583333333334,
        "mean_rank_effect": 0.08333333333333333,
        "mean_short_rank": 2.0,
        "mean_target_delta": 7.2557633717854815,
        "mean_target_delta_fraction": 0.11917769107505372,
        "mean_target_effect": 0.9095083077748617,
        "mean_terse_rank": 1.0,
        "n": 24,
        "patched_best_other_route": {
          "continuation": 11,
          "prose": 13
        },
        "patched_top1_rate": 0.9166666666666666,
        "success_change_rate": 0.08333333333333333
      },
      "degradation|attn_replace_short": {
        "mean_delta_attn_norm": 6.1936953862508135,
        "mean_delta_carry_est_norm": 16.040902495384216,
        "mean_delta_layer_norm": 17.435168782869976,
        "mean_delta_mlp_norm": 10.267307043075562,
        "mean_patched_rank": 1.0,
        "mean_pmv_effect": 0.4270833333333333,
        "mean_rank_effect": 0.0,
        "mean_short_rank": 2.0,
        "mean_target_delta": 7.2557633717854815,
        "mean_target_delta_fraction": 0.056942506140875905,
        "mean_target_effect": 0.41438110669453937,
        "mean_terse_rank": 1.0,
        "n": 24,
        "patched_best_other_route": {
          "continuation": 11,
          "prose": 13
        },
        "patched_top1_rate": 1.0,
        "success_change_rate": 0.0
      },
      "degradation|full_layer_replace_short": {
        "mean_delta_attn_norm": 6.1936953862508135,
        "mean_delta_carry_est_norm": 16.040902495384216,
        "mean_delta_layer_norm": 17.435168782869976,
        "mean_delta_mlp_norm": 10.267307043075562,
        "mean_patched_rank": 1.8333333333333333,
        "mean_pmv_effect": 2.7291666666666665,
        "mean_rank_effect": 0.8333333333333334,
        "mean_short_rank": 2.0,
        "mean_target_delta": 7.2557633717854815,
        "mean_target_delta_fraction": 0.833071326053433,
        "mean_target_effect": 6.003504673639934,
        "mean_terse_rank": 1.0,
        "n": 24,
        "patched_best_other_route": {
          "continuation": 6,
          "prose": 18
        },
        "patched_top1_rate": 0.375,
        "success_change_rate": 0.625
      },
      "degradation|mlp_replace_short": {
        "mean_delta_attn_norm": 6.1936953862508135,
        "mean_delta_carry_est_norm": 16.040902495384216,
        "mean_delta_layer_norm": 17.435168782869976,
        "mean_delta_mlp_norm": 10.267307043075562,
        "mean_patched_rank": 1.0416666666666667,
        "mean_pmv_effect": 0.578125,
        "mean_rank_effect": 0.041666666666666664,
        "mean_short_rank": 2.0,
        "mean_target_delta": 7.2557633717854815,
        "mean_target_delta_fraction": 0.04548174828518109,
        "mean_target_effect": 0.40810243288675946,
        "mean_terse_rank": 1.0,
        "n": 24,
        "patched_best_other_route": {
          "continuation": 12,
          "prose": 12
        },
        "patched_top1_rate": 0.9583333333333334,
        "success_change_rate": 0.041666666666666664
      },
      "degradation|random_layer_same_norm": {
        "mean_delta_attn_norm": 6.1936953862508135,
        "mean_delta_carry_est_norm": 16.040902495384216,
        "mean_delta_layer_norm": 17.435168782869976,
        "mean_delta_mlp_norm": 10.267307043075562,
        "mean_patched_rank": 1.0833333333333333,
        "mean_pmv_effect": 0.15104166666666666,
        "mean_rank_effect": 0.08333333333333333,
        "mean_short_rank": 2.0,
        "mean_target_delta": 7.2557633717854815,
        "mean_target_delta_fraction": 0.026375886105536147,
        "mean_target_effect": 0.2115950584411621,
        "mean_terse_rank": 1.0,
        "n": 24,
        "patched_best_other_route": {
          "continuation": 12,
          "prose": 12
        },
        "patched_top1_rate": 0.9166666666666666,
        "success_change_rate": 0.08333333333333333
      },
      "degradation|remove_attn_est_layerout": {
        "mean_delta_attn_norm": 6.1936953862508135,
        "mean_delta_carry_est_norm": 16.040902495384216,
        "mean_delta_layer_norm": 17.435168782869976,
        "mean_delta_mlp_norm": 10.267307043075562,
        "mean_patched_rank": 1.0,
        "mean_pmv_effect": 0.4010416666666667,
        "mean_rank_effect": 0.0,
        "mean_short_rank": 2.0,
        "mean_target_delta": 7.2557633717854815,
        "mean_target_delta_fraction": 0.053943419434963086,
        "mean_target_effect": 0.4098447958628337,
        "mean_terse_rank": 1.0,
        "n": 24,
        "patched_best_other_route": {
          "continuation": 13,
          "prose": 11
        },
        "patched_top1_rate": 1.0,
        "success_change_rate": 0.0
      },
      "degradation|remove_carry_est_layerout": {
        "mean_delta_attn_norm": 6.1936953862508135,
        "mean_delta_carry_est_norm": 16.040902495384216,
        "mean_delta_layer_norm": 17.435168782869976,
        "mean_delta_mlp_norm": 10.267307043075562,
        "mean_patched_rank": 1.875,
        "mean_pmv_effect": 2.4947916666666665,
        "mean_rank_effect": 0.875,
        "mean_short_rank": 2.0,
        "mean_target_delta": 7.2557633717854815,
        "mean_target_delta_fraction": 0.7978180969427058,
        "mean_target_effect": 5.723640998204549,
        "mean_terse_rank": 1.0,
        "n": 24,
        "patched_best_other_route": {
          "continuation": 10,
          "prose": 14
        },
        "patched_top1_rate": 0.4166666666666667,
        "success_change_rate": 0.5833333333333334
      },
      "degradation|remove_mlp_est_layerout": {
        "mean_delta_attn_norm": 6.1936953862508135,
        "mean_delta_carry_est_norm": 16.040902495384216,
        "mean_delta_layer_norm": 17.435168782869976,
        "mean_delta_mlp_norm": 10.267307043075562,
        "mean_patched_rank": 1.0,
        "mean_pmv_effect": 0.5364583333333334,
        "mean_rank_effect": 0.0,
        "mean_short_rank": 2.0,
        "mean_target_delta": 7.2557633717854815,
        "mean_target_delta_fraction": 0.03455383428696976,
        "mean_target_effect": 0.3044712543487549,
        "mean_terse_rank": 1.0,
        "n": 24,
        "patched_best_other_route": {
          "continuation": 13,
          "prose": 11
        },
        "patched_top1_rate": 1.0,
        "success_change_rate": 0.0
      },
      "restore|attn_delta": {
        "mean_delta_attn_norm": 6.1936953862508135,
        "mean_delta_carry_est_norm": 16.040902495384216,
        "mean_delta_layer_norm": 17.435168782869976,
        "mean_delta_mlp_norm": 10.267307043075562,
        "mean_patched_rank": 1.8333333333333333,
        "mean_pmv_effect": 0.3958333333333333,
        "mean_rank_effect": 0.16666666666666666,
        "mean_short_rank": 2.0,
        "mean_target_delta": 7.2557633717854815,
        "mean_target_delta_fraction": 0.17118491638062464,
        "mean_target_effect": 1.2764160633087158,
        "mean_terse_rank": 1.0,
        "n": 24,
        "patched_best_other_route": {
          "continuation": 15,
          "prose": 9
        },
        "patched_top1_rate": 0.2916666666666667,
        "success_change_rate": 0.2916666666666667
      },
      "restore|attn_mlp_delta": {
        "mean_delta_attn_norm": 6.1936953862508135,
        "mean_delta_carry_est_norm": 16.040902495384216,
        "mean_delta_layer_norm": 17.435168782869976,
        "mean_delta_mlp_norm": 10.267307043075562,
        "mean_patched_rank": 2.375,
        "mean_pmv_effect": 0.24479166666666666,
        "mean_rank_effect": -0.375,
        "mean_short_rank": 2.0,
        "mean_target_delta": 7.2557633717854815,
        "mean_target_delta_fraction": 0.10238791124399636,
        "mean_target_effect": 0.8019138177235922,
        "mean_terse_rank": 1.0,
        "n": 24,
        "patched_best_other_route": {
          "continuation": 14,
          "prose": 10
        },
        "patched_top1_rate": 0.20833333333333334,
        "success_change_rate": 0.20833333333333334
      },
      "restore|carry_est_layerout": {
        "mean_delta_attn_norm": 6.1936953862508135,
        "mean_delta_carry_est_norm": 16.040902495384216,
        "mean_delta_layer_norm": 17.435168782869976,
        "mean_delta_mlp_norm": 10.267307043075562,
        "mean_patched_rank": 1.0,
        "mean_pmv_effect": 2.125,
        "mean_rank_effect": 1.0,
        "mean_short_rank": 2.0,
        "mean_target_delta": 7.2557633717854815,
        "mean_target_delta_fraction": 0.9049374110153741,
        "mean_target_effect": 6.521003484725952,
        "mean_terse_rank": 1.0,
        "n": 24,
        "patched_best_other_route": {
          "continuation": 13,
          "prose": 11
        },
        "patched_top1_rate": 1.0,
        "success_change_rate": 1.0
      },
      "restore|full_layer_delta": {
        "mean_delta_attn_norm": 6.1936953862508135,
        "mean_delta_carry_est_norm": 16.040902495384216,
        "mean_delta_layer_norm": 17.435168782869976,
        "mean_delta_mlp_norm": 10.267307043075562,
        "mean_patched_rank": 1.0,
        "mean_pmv_effect": 2.6822916666666665,
        "mean_rank_effect": 1.0,
        "mean_short_rank": 2.0,
        "mean_target_delta": 7.2557633717854815,
        "mean_target_delta_fraction": 1.0406762239850973,
        "mean_target_effect": 7.536278009414673,
        "mean_terse_rank": 1.0,
        "n": 24,
        "patched_best_other_route": {
          "continuation": 16,
          "prose": 8
        },
        "patched_top1_rate": 1.0,
        "success_change_rate": 1.0
      },
      "restore|layer_minus_attn_delta": {
        "mean_delta_attn_norm": 6.1936953862508135,
        "mean_delta_carry_est_norm": 16.040902495384216,
        "mean_delta_layer_norm": 17.435168782869976,
        "mean_delta_mlp_norm": 10.267307043075562,
        "mean_patched_rank": 1.125,
        "mean_pmv_effect": 2.3489583333333335,
        "mean_rank_effect": 0.875,
        "mean_short_rank": 2.0,
        "mean_target_delta": 7.2557633717854815,
        "mean_target_delta_fraction": 0.9131722374068102,
        "mean_target_effect": 6.619192282358806,
        "mean_terse_rank": 1.0,
        "n": 24,
        "patched_best_other_route": {
          "continuation": 15,
          "prose": 9
        },
        "patched_top1_rate": 0.875,
        "success_change_rate": 0.875
      },
      "restore|layer_minus_mlp_delta": {
        "mean_delta_attn_norm": 6.1936953862508135,
        "mean_delta_carry_est_norm": 16.040902495384216,
        "mean_delta_layer_norm": 17.435168782869976,
        "mean_delta_mlp_norm": 10.267307043075562,
        "mean_patched_rank": 1.0,
        "mean_pmv_effect": 2.3854166666666665,
        "mean_rank_effect": 1.0,
        "mean_short_rank": 2.0,
        "mean_target_delta": 7.2557633717854815,
        "mean_target_delta_fraction": 0.9978787899624798,
        "mean_target_effect": 7.171179135640462,
        "mean_terse_rank": 1.0,
        "n": 24,
        "patched_best_other_route": {
          "continuation": 14,
          "prose": 10
        },
        "patched_top1_rate": 1.0,
        "success_change_rate": 1.0
      },
      "restore|mlp_delta": {
        "mean_delta_attn_norm": 6.1936953862508135,
        "mean_delta_carry_est_norm": 16.040902495384216,
        "mean_delta_layer_norm": 17.435168782869976,
        "mean_delta_mlp_norm": 10.267307043075562,
        "mean_patched_rank": 2.3333333333333335,
        "mean_pmv_effect": -0.125,
        "mean_rank_effect": -0.3333333333333333,
        "mean_short_rank": 2.0,
        "mean_target_delta": 7.2557633717854815,
        "mean_target_delta_fraction": -0.019027589893841828,
        "mean_target_effect": -0.05386583010355631,
        "mean_terse_rank": 1.0,
        "n": 24,
        "patched_best_other_route": {
          "continuation": 13,
          "prose": 11
        },
        "patched_top1_rate": 0.20833333333333334,
        "success_change_rate": 0.20833333333333334
      },
      "restore|random_layer_same_norm": {
        "mean_delta_attn_norm": 6.1936953862508135,
        "mean_delta_carry_est_norm": 16.040902495384216,
        "mean_delta_layer_norm": 17.435168782869976,
        "mean_delta_mlp_norm": 10.267307043075562,
        "mean_patched_rank": 2.5416666666666665,
        "mean_pmv_effect": -0.4895833333333333,
        "mean_rank_effect": -0.5416666666666666,
        "mean_short_rank": 2.0,
        "mean_target_delta": 7.2557633717854815,
        "mean_target_delta_fraction": -0.15687586281527446,
        "mean_target_effect": -1.0532296895980835,
        "mean_terse_rank": 1.0,
        "n": 24,
        "patched_best_other_route": {
          "continuation": 10,
          "prose": 14
        },
        "patched_top1_rate": 0.2916666666666667,
        "success_change_rate": 0.2916666666666667
      }
    },
    "largest_target_effect_conditions": [
      {
        "condition": "degradation|remove_carry_est_layerout|L23",
        "mean_delta_attn_norm": 7.451170603434245,
        "mean_delta_carry_est_norm": 16.534291585286457,
        "mean_delta_layer_norm": 18.705244700113933,
        "mean_delta_mlp_norm": 10.407570838928223,
        "mean_patched_rank": 3.6666666666666665,
        "mean_pmv_effect": 3.875,
        "mean_rank_effect": 2.6666666666666665,
        "mean_short_rank": 2.0,
        "mean_target_delta": 7.2557633717854815,
        "mean_target_delta_fraction": 1.3289861988625686,
        "mean_target_effect": 9.463916778564453,
        "mean_terse_rank": 1.0,
        "n": 3,
        "patched_best_other_route": {
          "continuation": 1,
          "prose": 2
        },
        "patched_top1_rate": 0.0,
        "success_change_rate": 1.0
      },
      {
        "condition": "restore|full_layer_delta|L23",
        "mean_delta_attn_norm": 7.451170603434245,
        "mean_delta_carry_est_norm": 16.534291585286457,
        "mean_delta_layer_norm": 18.705244700113933,
        "mean_delta_mlp_norm": 10.407570838928223,
        "mean_patched_rank": 1.0,
        "mean_pmv_effect": 3.4583333333333335,
        "mean_rank_effect": 1.0,
        "mean_short_rank": 2.0,
        "mean_target_delta": 7.2557633717854815,
        "mean_target_delta_fraction": 1.2611374681384842,
        "mean_target_effect": 9.06766446431478,
        "mean_terse_rank": 1.0,
        "n": 3,
        "patched_best_other_route": {
          "continuation": 2,
          "prose": 1
        },
        "patched_top1_rate": 1.0,
        "success_change_rate": 1.0
      },
      {
        "condition": "degradation|full_layer_replace_short|L23",
        "mean_delta_attn_norm": 7.451170603434245,
        "mean_delta_carry_est_norm": 16.534291585286457,
        "mean_delta_layer_norm": 18.705244700113933,
        "mean_delta_mlp_norm": 10.407570838928223,
        "mean_patched_rank": 2.6666666666666665,
        "mean_pmv_effect": 4.083333333333333,
        "mean_rank_effect": 1.6666666666666667,
        "mean_short_rank": 2.0,
        "mean_target_delta": 7.2557633717854815,
        "mean_target_delta_fraction": 1.247111171786294,
        "mean_target_effect": 8.963861465454102,
        "mean_terse_rank": 1.0,
        "n": 3,
        "patched_best_other_route": {
          "prose": 3
        },
        "patched_top1_rate": 0.0,
        "success_change_rate": 1.0
      },
      {
        "condition": "restore|full_layer_delta|L24",
        "mean_delta_attn_norm": 6.249804814656575,
        "mean_delta_carry_est_norm": 18.706629435221355,
        "mean_delta_layer_norm": 20.297298431396484,
        "mean_delta_mlp_norm": 10.73410161336263,
        "mean_patched_rank": 1.0,
        "mean_pmv_effect": 3.5833333333333335,
        "mean_rank_effect": 1.0,
        "mean_short_rank": 2.0,
        "mean_target_delta": 7.2557633717854815,
        "mean_target_delta_fraction": 1.199776494946441,
        "mean_target_effect": 8.630599975585938,
        "mean_terse_rank": 1.0,
        "n": 3,
        "patched_best_other_route": {
          "continuation": 2,
          "prose": 1
        },
        "patched_top1_rate": 1.0,
        "success_change_rate": 1.0
      },
      {
        "condition": "restore|layer_minus_mlp_delta|L21",
        "mean_delta_attn_norm": 5.449541250864665,
        "mean_delta_carry_est_norm": 15.315458297729492,
        "mean_delta_layer_norm": 16.639885584513348,
        "mean_delta_mlp_norm": 10.93175474802653,
        "mean_patched_rank": 1.0,
        "mean_pmv_effect": 3.125,
        "mean_rank_effect": 1.0,
        "mean_short_rank": 2.0,
        "mean_target_delta": 7.2557633717854815,
        "mean_target_delta_fraction": 1.1758224639824117,
        "mean_target_effect": 8.497509002685547,
        "mean_terse_rank": 1.0,
        "n": 3,
        "patched_best_other_route": {
          "continuation": 2,
          "prose": 1
        },
        "patched_top1_rate": 1.0,
        "success_change_rate": 1.0
      },
      {
        "condition": "restore|layer_minus_attn_delta|L20",
        "mean_delta_attn_norm": 5.90280818939209,
        "mean_delta_carry_est_norm": 14.633696556091309,
        "mean_delta_layer_norm": 15.3132905960083,
        "mean_delta_mlp_norm": 9.615422884623209,
        "mean_patched_rank": 1.0,
        "mean_pmv_effect": 2.75,
        "mean_rank_effect": 1.0,
        "mean_short_rank": 2.0,
        "mean_target_delta": 7.2557633717854815,
        "mean_target_delta_fraction": 1.1455858673248336,
        "mean_target_effect": 8.349635442097982,
        "mean_terse_rank": 1.0,
        "n": 3,
        "patched_best_other_route": {
          "continuation": 2,
          "prose": 1
        },
        "patched_top1_rate": 1.0,
        "success_change_rate": 1.0
      },
      {
        "condition": "degradation|full_layer_replace_short|L24",
        "mean_delta_attn_norm": 6.249804814656575,
        "mean_delta_carry_est_norm": 18.706629435221355,
        "mean_delta_layer_norm": 20.297298431396484,
        "mean_delta_mlp_norm": 10.73410161336263,
        "mean_patched_rank": 2.6666666666666665,
        "mean_pmv_effect": 4.083333333333333,
        "mean_rank_effect": 1.6666666666666667,
        "mean_short_rank": 2.0,
        "mean_target_delta": 7.2557633717854815,
        "mean_target_delta_fraction": 1.1533588928072733,
        "mean_target_effect": 8.296123504638672,
        "mean_terse_rank": 1.0,
        "n": 3,
        "patched_best_other_route": {
          "prose": 3
        },
        "patched_top1_rate": 0.0,
        "success_change_rate": 1.0
      },
      {
        "condition": "restore|layer_minus_attn_delta|L23",
        "mean_delta_attn_norm": 7.451170603434245,
        "mean_delta_carry_est_norm": 16.534291585286457,
        "mean_delta_layer_norm": 18.705244700113933,
        "mean_delta_mlp_norm": 10.407570838928223,
        "mean_patched_rank": 1.0,
        "mean_pmv_effect": 2.6666666666666665,
        "mean_rank_effect": 1.0,
        "mean_short_rank": 2.0,
        "mean_target_delta": 7.2557633717854815,
        "mean_target_delta_fraction": 1.1555773540622611,
        "mean_target_effect": 8.251757939656576,
        "mean_terse_rank": 1.0,
        "n": 3,
        "patched_best_other_route": {
          "continuation": 2,
          "prose": 1
        },
        "patched_top1_rate": 1.0,
        "success_change_rate": 1.0
      },
      {
        "condition": "restore|layer_minus_mlp_delta|L23",
        "mean_delta_attn_norm": 7.451170603434245,
        "mean_delta_carry_est_norm": 16.534291585286457,
        "mean_delta_layer_norm": 18.705244700113933,
        "mean_delta_mlp_norm": 10.407570838928223,
        "mean_patched_rank": 1.0,
        "mean_pmv_effect": 3.0,
        "mean_rank_effect": 1.0,
        "mean_short_rank": 2.0,
        "mean_target_delta": 7.2557633717854815,
        "mean_target_delta_fraction": 1.145835863630668,
        "mean_target_effect": 8.198439280192057,
        "mean_terse_rank": 1.0,
        "n": 3,
        "patched_best_other_route": {
          "continuation": 2,
          "prose": 1
        },
        "patched_top1_rate": 1.0,
        "success_change_rate": 1.0
      },
      {
        "condition": "restore|carry_est_layerout|L21",
        "mean_delta_attn_norm": 5.449541250864665,
        "mean_delta_carry_est_norm": 15.315458297729492,
        "mean_delta_layer_norm": 16.639885584513348,
        "mean_delta_mlp_norm": 10.93175474802653,
        "mean_patched_rank": 1.0,
        "mean_pmv_effect": 2.75,
        "mean_rank_effect": 1.0,
        "mean_short_rank": 2.0,
        "mean_target_delta": 7.2557633717854815,
        "mean_target_delta_fraction": 1.1277574513705084,
        "mean_target_effect": 8.120674769083658,
        "mean_terse_rank": 1.0,
        "n": 3,
        "patched_best_other_route": {
          "continuation": 1,
          "prose": 2
        },
        "patched_top1_rate": 1.0,
        "success_change_rate": 1.0
      },
      {
        "condition": "restore|full_layer_delta|L25",
        "mean_delta_attn_norm": 5.991633574167888,
        "mean_delta_carry_est_norm": 20.301701227823894,
        "mean_delta_layer_norm": 23.472527821858723,
        "mean_delta_mlp_norm": 11.515763600667318,
        "mean_patched_rank": 1.0,
        "mean_pmv_effect": 3.3333333333333335,
        "mean_rank_effect": 1.0,
        "mean_short_rank": 2.0,
        "mean_target_delta": 7.2557633717854815,
        "mean_target_delta_fraction": 1.1204884585569703,
        "mean_target_effect": 8.097237269083658,
        "mean_terse_rank": 1.0,
        "n": 3,
        "patched_best_other_route": {
          "continuation": 2,
          "prose": 1
        },
        "patched_top1_rate": 1.0,
        "success_change_rate": 1.0
      },
      {
        "condition": "restore|layer_minus_attn_delta|L25",
        "mean_delta_attn_norm": 5.991633574167888,
        "mean_delta_carry_est_norm": 20.301701227823894,
        "mean_delta_layer_norm": 23.472527821858723,
        "mean_delta_mlp_norm": 11.515763600667318,
        "mean_patched_rank": 1.0,
        "mean_pmv_effect": 3.2916666666666665,
        "mean_rank_effect": 1.0,
        "mean_short_rank": 2.0,
        "mean_target_delta": 7.2557633717854815,
        "mean_target_delta_fraction": 1.1069286202284478,
        "mean_target_effect": 8.066596984863281,
        "mean_terse_rank": 1.0,
        "n": 3,
        "patched_best_other_route": {
          "continuation": 2,
          "prose": 1
        },
        "patched_top1_rate": 1.0,
        "success_change_rate": 1.0
      },
      {
        "condition": "restore|carry_est_layerout|L20",
        "mean_delta_attn_norm": 5.90280818939209,
        "mean_delta_carry_est_norm": 14.633696556091309,
        "mean_delta_layer_norm": 15.3132905960083,
        "mean_delta_mlp_norm": 9.615422884623209,
        "mean_patched_rank": 1.0,
        "mean_pmv_effect": 2.3333333333333335,
        "mean_rank_effect": 1.0,
        "mean_short_rank": 2.0,
        "mean_target_delta": 7.2557633717854815,
        "mean_target_delta_fraction": 1.116878841364905,
        "mean_target_effect": 8.04417864481608,
        "mean_terse_rank": 1.0,
        "n": 3,
        "patched_best_other_route": {
          "continuation": 1,
          "prose": 2
        },
        "patched_top1_rate": 1.0,
        "success_change_rate": 1.0
      },
      {
        "condition": "degradation|full_layer_replace_short|L25",
        "mean_delta_attn_norm": 5.991633574167888,
        "mean_delta_carry_est_norm": 20.301701227823894,
        "mean_delta_layer_norm": 23.472527821858723,
        "mean_delta_mlp_norm": 11.515763600667318,
        "mean_patched_rank": 2.3333333333333335,
        "mean_pmv_effect": 3.7083333333333335,
        "mean_rank_effect": 1.3333333333333333,
        "mean_short_rank": 2.0,
        "mean_target_delta": 7.2557633717854815,
        "mean_target_delta_fraction": 1.0731173110097816,
        "mean_target_effect": 7.7636458079020185,
        "mean_terse_rank": 1.0,
        "n": 3,
        "patched_best_other_route": {
          "prose": 3
        },
        "patched_top1_rate": 0.0,
        "success_change_rate": 1.0
      },
      {
        "condition": "restore|carry_est_layerout|L23",
        "mean_delta_attn_norm": 7.451170603434245,
        "mean_delta_carry_est_norm": 16.534291585286457,
        "mean_delta_layer_norm": 18.705244700113933,
        "mean_delta_mlp_norm": 10.407570838928223,
        "mean_patched_rank": 1.0,
        "mean_pmv_effect": 2.3333333333333335,
        "mean_rank_effect": 1.0,
        "mean_short_rank": 2.0,
        "mean_target_delta": 7.2557633717854815,
        "mean_target_delta_fraction": 1.019192157821492,
        "mean_target_effect": 7.271288553873698,
        "mean_terse_rank": 1.0,
        "n": 3,
        "patched_best_other_route": {
          "continuation": 2,
          "prose": 1
        },
        "patched_top1_rate": 1.0,
        "success_change_rate": 1.0
      },
      {
        "condition": "restore|layer_minus_mlp_delta|L18",
        "mean_delta_attn_norm": 5.999481201171875,
        "mean_delta_carry_est_norm": 12.302686055501303,
        "mean_delta_layer_norm": 13.88002904256185,
        "mean_delta_mlp_norm": 8.798112233479818,
        "mean_patched_rank": 1.0,
        "mean_pmv_effect": 2.3333333333333335,
        "mean_rank_effect": 1.0,
        "mean_short_rank": 2.0,
        "mean_target_delta": 7.2557633717854815,
        "mean_target_delta_fraction": 1.019264485170635,
        "mean_target_effect": 7.26255734761556,
        "mean_terse_rank": 1.0,
        "n": 3,
        "patched_best_other_route": {
          "continuation": 2,
          "prose": 1
        },
        "patched_top1_rate": 1.0,
        "success_change_rate": 1.0
      },
      {
        "condition": "restore|full_layer_delta|L20",
        "mean_delta_attn_norm": 5.90280818939209,
        "mean_delta_carry_est_norm": 14.633696556091309,
        "mean_delta_layer_norm": 15.3132905960083,
        "mean_delta_mlp_norm": 9.615422884623209,
        "mean_patched_rank": 1.0,
        "mean_pmv_effect": 2.25,
        "mean_rank_effect": 1.0,
        "mean_short_rank": 2.0,
        "mean_target_delta": 7.2557633717854815,
        "mean_target_delta_fraction": 0.988282326669502,
        "mean_target_effect": 7.198802312215169,
        "mean_terse_rank": 1.0,
        "n": 3,
        "patched_best_other_route": {
          "continuation": 2,
          "prose": 1
        },
        "patched_top1_rate": 1.0,
        "success_change_rate": 1.0
      },
      {
        "condition": "restore|layer_minus_attn_delta|L24",
        "mean_delta_attn_norm": 6.249804814656575,
        "mean_delta_carry_est_norm": 18.706629435221355,
        "mean_delta_layer_norm": 20.297298431396484,
        "mean_delta_mlp_norm": 10.73410161336263,
        "mean_patched_rank": 1.0,
        "mean_pmv_effect": 3.0,
        "mean_rank_effect": 1.0,
        "mean_short_rank": 2.0,
        "mean_target_delta": 7.2557633717854815,
        "mean_target_delta_fraction": 0.9849272587751305,
        "mean_target_effect": 7.067996342976888,
        "mean_terse_rank": 1.0,
        "n": 3,
        "patched_best_other_route": {
          "continuation": 2,
          "prose": 1
        },
        "patched_top1_rate": 1.0,
        "success_change_rate": 1.0
      },
      {
        "condition": "restore|layer_minus_mlp_delta|L24",
        "mean_delta_attn_norm": 6.249804814656575,
        "mean_delta_carry_est_norm": 18.706629435221355,
        "mean_delta_layer_norm": 20.297298431396484,
        "mean_delta_mlp_norm": 10.73410161336263,
        "mean_patched_rank": 1.0,
        "mean_pmv_effect": 2.6666666666666665,
        "mean_rank_effect": 1.0,
        "mean_short_rank": 2.0,
        "mean_target_delta": 7.2557633717854815,
        "mean_target_delta_fraction": 0.9728875382165155,
        "mean_target_effect": 7.035857518513997,
        "mean_terse_rank": 1.0,
        "n": 3,
        "patched_best_other_route": {
          "continuation": 2,
          "prose": 1
        },
        "patched_top1_rate": 1.0,
        "success_change_rate": 1.0
      },
      {
        "condition": "restore|full_layer_delta|L18",
        "mean_delta_attn_norm": 5.999481201171875,
        "mean_delta_carry_est_norm": 12.302686055501303,
        "mean_delta_layer_norm": 13.88002904256185,
        "mean_delta_mlp_norm": 8.798112233479818,
        "mean_patched_rank": 1.0,
        "mean_pmv_effect": 2.375,
        "mean_rank_effect": 1.0,
        "mean_short_rank": 2.0,
        "mean_target_delta": 7.2557633717854815,
        "mean_target_delta_fraction": 0.9547169119730948,
        "mean_target_effect": 6.976982752482097,
        "mean_terse_rank": 1.0,
        "n": 3,
        "patched_best_other_route": {
          "continuation": 2,
          "prose": 1
        },
        "patched_top1_rate": 1.0,
        "success_change_rate": 1.0
      },
      {
        "condition": "restore|layer_minus_mlp_delta|L22",
        "mean_delta_attn_norm": 7.096989154815674,
        "mean_delta_carry_est_norm": 16.647298177083332,
        "mean_delta_layer_norm": 16.54184087117513,
        "mean_delta_mlp_norm": 10.546352704366049,
        "mean_patched_rank": 1.0,
        "mean_pmv_effect": 2.4583333333333335,
        "mean_rank_effect": 1.0,
        "mean_short_rank": 2.0,
        "mean_target_delta": 7.2557633717854815,
        "mean_target_delta_fraction": 0.9722260154820018,
        "mean_target_effect": 6.966015497843425,
        "mean_terse_rank": 1.0,
        "n": 3,
        "patched_best_other_route": {
          "continuation": 2,
          "prose": 1
        },
        "patched_top1_rate": 1.0,
        "success_change_rate": 1.0
      },
      {
        "condition": "restore|layer_minus_mlp_delta|L20",
        "mean_delta_attn_norm": 5.90280818939209,
        "mean_delta_carry_est_norm": 14.633696556091309,
        "mean_delta_layer_norm": 15.3132905960083,
        "mean_delta_mlp_norm": 9.615422884623209,
        "mean_patched_rank": 1.0,
        "mean_pmv_effect": 1.4583333333333333,
        "mean_rank_effect": 1.0,
        "mean_short_rank": 2.0,
        "mean_target_delta": 7.2557633717854815,
        "mean_target_delta_fraction": 0.968475802089789,
        "mean_target_effect": 6.930686950683594,
        "mean_terse_rank": 1.0,
        "n": 3,
        "patched_best_other_route": {
          "continuation": 1,
          "prose": 2
        },
        "patched_top1_rate": 1.0,
        "success_change_rate": 1.0
      },
      {
        "condition": "restore|full_layer_delta|L19",
        "mean_delta_attn_norm": 5.408134301503499,
        "mean_delta_carry_est_norm": 13.885458628336588,
        "mean_delta_layer_norm": 14.631233215332031,
        "mean_delta_mlp_norm": 9.589377721150717,
        "mean_patched_rank": 1.0,
        "mean_pmv_effect": 2.1666666666666665,
        "mean_rank_effect": 1.0,
        "mean_short_rank": 2.0,
        "mean_target_delta": 7.2557633717854815,
        "mean_target_delta_fraction": 0.9465346931771054,
        "mean_target_effect": 6.888146718343099,
        "mean_terse_rank": 1.0,
        "n": 3,
        "patched_best_other_route": {
          "continuation": 2,
          "prose": 1
        },
        "patched_top1_rate": 1.0,
        "success_change_rate": 1.0
      },
      {
        "condition": "restore|carry_est_layerout|L25",
        "mean_delta_attn_norm": 5.991633574167888,
        "mean_delta_carry_est_norm": 20.301701227823894,
        "mean_delta_layer_norm": 23.472527821858723,
        "mean_delta_mlp_norm": 11.515763600667318,
        "mean_patched_rank": 1.0,
        "mean_pmv_effect": 2.375,
        "mean_rank_effect": 1.0,
        "mean_short_rank": 2.0,
        "mean_target_delta": 7.2557633717854815,
        "mean_target_delta_fraction": 0.935126428162862,
        "mean_target_effect": 6.829170227050781,
        "mean_terse_rank": 1.0,
        "n": 3,
        "patched_best_other_route": {
          "continuation": 2,
          "prose": 1
        },
        "patched_top1_rate": 1.0,
        "success_change_rate": 1.0
      }
    ],
    "model": "qwen3",
    "n_paired_cases": 3
  },
  "target_layer": 33,
  "timestamp": "2026-06-26 14:31:31",
  "title": "Boundary Component and Residual-Carry Decomposition"
}
