`torch_dtype` is deprecated! Use `dtype` instead!
Loading weights:   0%|          | 0/443 [00:00<?, ?it/s]Loading weights:   0%|          | 2/443 [00:00<00:44,  9.85it/s]Loading weights:   6%|▌         | 25/443 [00:00<00:04, 98.28it/s]Loading weights:  14%|█▎        | 60/443 [00:00<00:02, 181.44it/s]Loading weights:  20%|█▉        | 87/443 [00:00<00:01, 204.52it/s]Loading weights:  26%|██▋       | 117/443 [00:00<00:01, 231.89it/s]Loading weights:  36%|███▌      | 159/443 [00:00<00:00, 284.29it/s]Loading weights:  43%|████▎     | 192/443 [00:00<00:00, 290.40it/s]Loading weights:  50%|█████     | 223/443 [00:00<00:00, 294.15it/s]Loading weights:  58%|█████▊    | 258/443 [00:01<00:00, 310.30it/s]Loading weights:  66%|██████▌   | 291/443 [00:01<00:00, 313.12it/s]Loading weights:  73%|███████▎  | 324/443 [00:01<00:00, 314.94it/s]Loading weights:  81%|████████  | 357/443 [00:01<00:00, 315.26it/s]Loading weights:  88%|████████▊ | 389/443 [00:01<00:00, 304.38it/s]Loading weights:  98%|█████████▊| 433/443 [00:01<00:00, 340.04it/s]Loading weights: 100%|██████████| 443/443 [00:01<00:00, 275.55it/s]
[14:31:50] Loaded glm4: class=GlmForCausalLM, GPU=18.80GB, attn=eager
[14:32:21] glm4: patched 5/5 paired cases
[model_utils] GPU memory released, allocated=18.86 GB
{
  "model": "glm4",
  "n_paired_cases": 5,
  "n_rows": 640,
  "phase": 691,
  "scan_layers": [
    23,
    24,
    25,
    26,
    27,
    28,
    29,
    30
  ],
  "summary": {
    "best_degradation_conditions": [
      {
        "condition": "degradation|full_layer_replace_short|L27",
        "mean_delta_attn_norm": 3.246475410461426,
        "mean_delta_carry_est_norm": 16.113224983215332,
        "mean_delta_layer_norm": 18.02225341796875,
        "mean_delta_mlp_norm": 4.960211181640625,
        "mean_patched_rank": 1.6,
        "mean_pmv_effect": 1.5625,
        "mean_rank_effect": 0.6,
        "mean_short_rank": 2.0,
        "mean_target_delta": 1.5801043033599853,
        "mean_target_delta_fraction": 0.9977455052016817,
        "mean_target_effect": 1.5538652896881104,
        "mean_terse_rank": 1.0,
        "n": 5,
        "patched_best_other_route": {
          "continuation": 5
        },
        "patched_top1_rate": 0.4,
        "success_change_rate": 0.6
      },
      {
        "condition": "degradation|full_layer_replace_short|L28",
        "mean_delta_attn_norm": 2.600210356712341,
        "mean_delta_carry_est_norm": 18.022699928283693,
        "mean_delta_layer_norm": 20.126527404785158,
        "mean_delta_mlp_norm": 5.589112949371338,
        "mean_patched_rank": 1.6,
        "mean_pmv_effect": 1.4875,
        "mean_rank_effect": 0.6,
        "mean_short_rank": 2.0,
        "mean_target_delta": 1.5801043033599853,
        "mean_target_delta_fraction": 0.9817997007418618,
        "mean_target_effect": 1.5450028896331787,
        "mean_terse_rank": 1.0,
        "n": 5,
        "patched_best_other_route": {
          "continuation": 5
        },
        "patched_top1_rate": 0.4,
        "success_change_rate": 0.6
      },
      {
        "condition": "degradation|full_layer_replace_short|L29",
        "mean_delta_attn_norm": 5.975450229644776,
        "mean_delta_carry_est_norm": 20.103406143188476,
        "mean_delta_layer_norm": 22.92641372680664,
        "mean_delta_mlp_norm": 5.849491024017334,
        "mean_patched_rank": 1.6,
        "mean_pmv_effect": 1.4875,
        "mean_rank_effect": 0.6,
        "mean_short_rank": 2.0,
        "mean_target_delta": 1.5801043033599853,
        "mean_target_delta_fraction": 0.9790669746450187,
        "mean_target_effect": 1.543333387374878,
        "mean_terse_rank": 1.0,
        "n": 5,
        "patched_best_other_route": {
          "continuation": 5
        },
        "patched_top1_rate": 0.4,
        "success_change_rate": 0.6
      },
      {
        "condition": "degradation|full_layer_replace_short|L30",
        "mean_delta_attn_norm": 2.638501739501953,
        "mean_delta_carry_est_norm": 22.94359931945801,
        "mean_delta_layer_norm": 25.04685401916504,
        "mean_delta_mlp_norm": 7.066538715362549,
        "mean_patched_rank": 1.4,
        "mean_pmv_effect": 1.45,
        "mean_rank_effect": 0.4,
        "mean_short_rank": 2.0,
        "mean_target_delta": 1.5801043033599853,
        "mean_target_delta_fraction": 1.0190208499991853,
        "mean_target_effect": 1.593758487701416,
        "mean_terse_rank": 1.0,
        "n": 5,
        "patched_best_other_route": {
          "continuation": 5
        },
        "patched_top1_rate": 0.6,
        "success_change_rate": 0.4
      },
      {
        "condition": "degradation|remove_carry_est_layerout|L30",
        "mean_delta_attn_norm": 2.638501739501953,
        "mean_delta_carry_est_norm": 22.94359931945801,
        "mean_delta_layer_norm": 25.04685401916504,
        "mean_delta_mlp_norm": 7.066538715362549,
        "mean_patched_rank": 1.2,
        "mean_pmv_effect": 1.425,
        "mean_rank_effect": 0.2,
        "mean_short_rank": 2.0,
        "mean_target_delta": 1.5801043033599853,
        "mean_target_delta_fraction": 0.9937223292808017,
        "mean_target_effect": 1.506458616256714,
        "mean_terse_rank": 1.0,
        "n": 5,
        "patched_best_other_route": {
          "continuation": 5
        },
        "patched_top1_rate": 0.8,
        "success_change_rate": 0.2
      },
      {
        "condition": "degradation|remove_carry_est_layerout|L28",
        "mean_delta_attn_norm": 2.600210356712341,
        "mean_delta_carry_est_norm": 18.022699928283693,
        "mean_delta_layer_norm": 20.126527404785158,
        "mean_delta_mlp_norm": 5.589112949371338,
        "mean_patched_rank": 1.2,
        "mean_pmv_effect": 1.3125,
        "mean_rank_effect": 0.2,
        "mean_short_rank": 2.0,
        "mean_target_delta": 1.5801043033599853,
        "mean_target_delta_fraction": 0.8472679502021698,
        "mean_target_effect": 1.3242190837860108,
        "mean_terse_rank": 1.0,
        "n": 5,
        "patched_best_other_route": {
          "continuation": 5
        },
        "patched_top1_rate": 0.8,
        "success_change_rate": 0.2
      },
      {
        "condition": "degradation|full_layer_replace_short|L25",
        "mean_delta_attn_norm": 2.116357421875,
        "mean_delta_carry_est_norm": 11.416929244995117,
        "mean_delta_layer_norm": 13.833181571960449,
        "mean_delta_mlp_norm": 5.638253688812256,
        "mean_patched_rank": 1.2,
        "mean_pmv_effect": 1.3125,
        "mean_rank_effect": 0.2,
        "mean_short_rank": 2.0,
        "mean_target_delta": 1.5801043033599853,
        "mean_target_delta_fraction": 0.8130458304370416,
        "mean_target_effect": 1.2833716869354248,
        "mean_terse_rank": 1.0,
        "n": 5,
        "patched_best_other_route": {
          "continuation": 5
        },
        "patched_top1_rate": 0.8,
        "success_change_rate": 0.2
      },
      {
        "condition": "degradation|full_layer_replace_short|L23",
        "mean_delta_attn_norm": 2.8211475372314454,
        "mean_delta_carry_est_norm": 7.28975658416748,
        "mean_delta_layer_norm": 9.414237785339356,
        "mean_delta_mlp_norm": 4.800378322601318,
        "mean_patched_rank": 1.2,
        "mean_pmv_effect": 1.2125,
        "mean_rank_effect": 0.2,
        "mean_short_rank": 2.0,
        "mean_target_delta": 1.5801043033599853,
        "mean_target_delta_fraction": 0.8202644997835217,
        "mean_target_effect": 1.282674741744995,
        "mean_terse_rank": 1.0,
        "n": 5,
        "patched_best_other_route": {
          "continuation": 5
        },
        "patched_top1_rate": 0.8,
        "success_change_rate": 0.2
      },
      {
        "condition": "degradation|full_layer_replace_short|L26",
        "mean_delta_attn_norm": 3.5205638885498045,
        "mean_delta_carry_est_norm": 13.8385009765625,
        "mean_delta_layer_norm": 16.109059143066407,
        "mean_delta_mlp_norm": 5.352456092834473,
        "mean_patched_rank": 1.2,
        "mean_pmv_effect": 1.325,
        "mean_rank_effect": 0.2,
        "mean_short_rank": 2.0,
        "mean_target_delta": 1.5801043033599853,
        "mean_target_delta_fraction": 0.8086486057231568,
        "mean_target_effect": 1.2768489360809325,
        "mean_terse_rank": 1.0,
        "n": 5,
        "patched_best_other_route": {
          "continuation": 5
        },
        "patched_top1_rate": 0.8,
        "success_change_rate": 0.2
      },
      {
        "condition": "degradation|full_layer_replace_short|L24",
        "mean_delta_attn_norm": 2.557505178451538,
        "mean_delta_carry_est_norm": 9.416544532775879,
        "mean_delta_layer_norm": 11.417878341674804,
        "mean_delta_mlp_norm": 4.783820629119873,
        "mean_patched_rank": 1.2,
        "mean_pmv_effect": 1.2375,
        "mean_rank_effect": 0.2,
        "mean_short_rank": 2.0,
        "mean_target_delta": 1.5801043033599853,
        "mean_target_delta_fraction": 0.7524909887893758,
        "mean_target_effect": 1.2062819480895997,
        "mean_terse_rank": 1.0,
        "n": 5,
        "patched_best_other_route": {
          "continuation": 5
        },
        "patched_top1_rate": 0.8,
        "success_change_rate": 0.2
      },
      {
        "condition": "degradation|remove_carry_est_layerout|L27",
        "mean_delta_attn_norm": 3.246475410461426,
        "mean_delta_carry_est_norm": 16.113224983215332,
        "mean_delta_layer_norm": 18.02225341796875,
        "mean_delta_mlp_norm": 4.960211181640625,
        "mean_patched_rank": 1.4,
        "mean_pmv_effect": 1.3,
        "mean_rank_effect": 0.4,
        "mean_short_rank": 2.0,
        "mean_target_delta": 1.5801043033599853,
        "mean_target_delta_fraction": 0.7578936524802851,
        "mean_target_effect": 1.1812045097351074,
        "mean_terse_rank": 1.0,
        "n": 5,
        "patched_best_other_route": {
          "continuation": 5
        },
        "patched_top1_rate": 0.8,
        "success_change_rate": 0.2
      },
      {
        "condition": "degradation|attn_mlp_replace_short|L23",
        "mean_delta_attn_norm": 2.8211475372314454,
        "mean_delta_carry_est_norm": 7.28975658416748,
        "mean_delta_layer_norm": 9.414237785339356,
        "mean_delta_mlp_norm": 4.800378322601318,
        "mean_patched_rank": 1.2,
        "mean_pmv_effect": 0.8,
        "mean_rank_effect": 0.2,
        "mean_short_rank": 2.0,
        "mean_target_delta": 1.5801043033599853,
        "mean_target_delta_fraction": 0.7121770988810592,
        "mean_target_effect": 1.0223181247711182,
        "mean_terse_rank": 1.0,
        "n": 5,
        "patched_best_other_route": {
          "continuation": 3,
          "prose": 2
        },
        "patched_top1_rate": 0.8,
        "success_change_rate": 0.2
      },
      {
        "condition": "degradation|remove_carry_est_layerout|L29",
        "mean_delta_attn_norm": 5.975450229644776,
        "mean_delta_carry_est_norm": 20.103406143188476,
        "mean_delta_layer_norm": 22.92641372680664,
        "mean_delta_mlp_norm": 5.849491024017334,
        "mean_patched_rank": 1.2,
        "mean_pmv_effect": 1.2125,
        "mean_rank_effect": 0.2,
        "mean_short_rank": 2.0,
        "mean_target_delta": 1.5801043033599853,
        "mean_target_delta_fraction": 0.6430289453459881,
        "mean_target_effect": 1.0109328269958495,
        "mean_terse_rank": 1.0,
        "n": 5,
        "patched_best_other_route": {
          "continuation": 5
        },
        "patched_top1_rate": 0.8,
        "success_change_rate": 0.2
      },
      {
        "condition": "degradation|random_layer_same_norm|L24",
        "mean_delta_attn_norm": 2.557505178451538,
        "mean_delta_carry_est_norm": 9.416544532775879,
        "mean_delta_layer_norm": 11.417878341674804,
        "mean_delta_mlp_norm": 4.783820629119873,
        "mean_patched_rank": 1.2,
        "mean_pmv_effect": 0.4,
        "mean_rank_effect": 0.2,
        "mean_short_rank": 2.0,
        "mean_target_delta": 1.5801043033599853,
        "mean_target_delta_fraction": 0.10609998048267522,
        "mean_target_effect": 0.06358917951583862,
        "mean_terse_rank": 1.0,
        "n": 5,
        "patched_best_other_route": {
          "prose": 5
        },
        "patched_top1_rate": 0.8,
        "success_change_rate": 0.2
      },
      {
        "condition": "degradation|remove_carry_est_layerout|L26",
        "mean_delta_attn_norm": 3.5205638885498045,
        "mean_delta_carry_est_norm": 13.8385009765625,
        "mean_delta_layer_norm": 16.109059143066407,
        "mean_delta_mlp_norm": 5.352456092834473,
        "mean_patched_rank": 1.0,
        "mean_pmv_effect": 1.1,
        "mean_rank_effect": 0.0,
        "mean_short_rank": 2.0,
        "mean_target_delta": 1.5801043033599853,
        "mean_target_delta_fraction": 0.7073401280711769,
        "mean_target_effect": 1.1581345558166505,
        "mean_terse_rank": 1.0,
        "n": 5,
        "patched_best_other_route": {
          "continuation": 5
        },
        "patched_top1_rate": 1.0,
        "success_change_rate": 0.0
      },
      {
        "condition": "degradation|remove_carry_est_layerout|L25",
        "mean_delta_attn_norm": 2.116357421875,
        "mean_delta_carry_est_norm": 11.416929244995117,
        "mean_delta_layer_norm": 13.833181571960449,
        "mean_delta_mlp_norm": 5.638253688812256,
        "mean_patched_rank": 1.0,
        "mean_pmv_effect": 0.59375,
        "mean_rank_effect": 0.0,
        "mean_short_rank": 2.0,
        "mean_target_delta": 1.5801043033599853,
        "mean_target_delta_fraction": 0.5372774636264346,
        "mean_target_effect": 0.9049436807632446,
        "mean_terse_rank": 1.0,
        "n": 5,
        "patched_best_other_route": {
          "continuation": 5
        },
        "patched_top1_rate": 1.0,
        "success_change_rate": 0.0
      },
      {
        "condition": "degradation|remove_carry_est_layerout|L24",
        "mean_delta_attn_norm": 2.557505178451538,
        "mean_delta_carry_est_norm": 9.416544532775879,
        "mean_delta_layer_norm": 11.417878341674804,
        "mean_delta_mlp_norm": 4.783820629119873,
        "mean_patched_rank": 1.0,
        "mean_pmv_effect": 0.75,
        "mean_rank_effect": 0.0,
        "mean_short_rank": 2.0,
        "mean_target_delta": 1.5801043033599853,
        "mean_target_delta_fraction": 0.5239858644547366,
        "mean_target_effect": 0.8316010951995849,
        "mean_terse_rank": 1.0,
        "n": 5,
        "patched_best_other_route": {
          "continuation": 5
        },
        "patched_top1_rate": 1.0,
        "success_change_rate": 0.0
      },
      {
        "condition": "degradation|remove_mlp_est_layerout|L23",
        "mean_delta_attn_norm": 2.8211475372314454,
        "mean_delta_carry_est_norm": 7.28975658416748,
        "mean_delta_layer_norm": 9.414237785339356,
        "mean_delta_mlp_norm": 4.800378322601318,
        "mean_patched_rank": 1.0,
        "mean_pmv_effect": 0.725,
        "mean_rank_effect": 0.0,
        "mean_short_rank": 2.0,
        "mean_target_delta": 1.5801043033599853,
        "mean_target_delta_fraction": 0.5530515335790687,
        "mean_target_effect": 0.8028145790100097,
        "mean_terse_rank": 1.0,
        "n": 5,
        "patched_best_other_route": {
          "prose": 5
        },
        "patched_top1_rate": 1.0,
        "success_change_rate": 0.0
      },
      {
        "condition": "degradation|mlp_replace_short|L23",
        "mean_delta_attn_norm": 2.8211475372314454,
        "mean_delta_carry_est_norm": 7.28975658416748,
        "mean_delta_layer_norm": 9.414237785339356,
        "mean_delta_mlp_norm": 4.800378322601318,
        "mean_patched_rank": 1.0,
        "mean_pmv_effect": 0.7,
        "mean_rank_effect": 0.0,
        "mean_short_rank": 2.0,
        "mean_target_delta": 1.5801043033599853,
        "mean_target_delta_fraction": 0.5328291860185435,
        "mean_target_effect": 0.768204927444458,
        "mean_terse_rank": 1.0,
        "n": 5,
        "patched_best_other_route": {
          "prose": 5
        },
        "patched_top1_rate": 1.0,
        "success_change_rate": 0.0
      },
      {
        "condition": "degradation|attn_mlp_replace_short|L29",
        "mean_delta_attn_norm": 5.975450229644776,
        "mean_delta_carry_est_norm": 20.103406143188476,
        "mean_delta_layer_norm": 22.92641372680664,
        "mean_delta_mlp_norm": 5.849491024017334,
        "mean_patched_rank": 1.0,
        "mean_pmv_effect": 0.0375,
        "mean_rank_effect": 0.0,
        "mean_short_rank": 2.0,
        "mean_target_delta": 1.5801043033599853,
        "mean_target_delta_fraction": 0.2635114630554207,
        "mean_target_effect": 0.4434794902801514,
        "mean_terse_rank": 1.0,
        "n": 5,
        "patched_best_other_route": {
          "continuation": 1,
          "prose": 4
        },
        "patched_top1_rate": 1.0,
        "success_change_rate": 0.0
      },
      {
        "condition": "degradation|attn_mlp_replace_short|L27",
        "mean_delta_attn_norm": 3.246475410461426,
        "mean_delta_carry_est_norm": 16.113224983215332,
        "mean_delta_layer_norm": 18.02225341796875,
        "mean_delta_mlp_norm": 4.960211181640625,
        "mean_patched_rank": 1.0,
        "mean_pmv_effect": 0.0,
        "mean_rank_effect": 0.0,
        "mean_short_rank": 2.0,
        "mean_target_delta": 1.5801043033599853,
        "mean_target_delta_fraction": 0.24174609436281552,
        "mean_target_effect": 0.4134210586547852,
        "mean_terse_rank": 1.0,
        "n": 5,
        "patched_best_other_route": {
          "continuation": 2,
          "prose": 3
        },
        "patched_top1_rate": 1.0,
        "success_change_rate": 0.0
      },
      {
        "condition": "degradation|remove_carry_est_layerout|L23",
        "mean_delta_attn_norm": 2.8211475372314454,
        "mean_delta_carry_est_norm": 7.28975658416748,
        "mean_delta_layer_norm": 9.414237785339356,
        "mean_delta_mlp_norm": 4.800378322601318,
        "mean_patched_rank": 1.0,
        "mean_pmv_effect": 0.06875,
        "mean_rank_effect": 0.0,
        "mean_short_rank": 2.0,
        "mean_target_delta": 1.5801043033599853,
        "mean_target_delta_fraction": 0.1589018705408772,
        "mean_target_effect": 0.3409550189971924,
        "mean_terse_rank": 1.0,
        "n": 5,
        "patched_best_other_route": {
          "continuation": 5
        },
        "patched_top1_rate": 1.0,
        "success_change_rate": 0.0
      },
      {
        "condition": "degradation|attn_mlp_replace_short|L24",
        "mean_delta_attn_norm": 2.557505178451538,
        "mean_delta_carry_est_norm": 9.416544532775879,
        "mean_delta_layer_norm": 11.417878341674804,
        "mean_delta_mlp_norm": 4.783820629119873,
        "mean_patched_rank": 1.0,
        "mean_pmv_effect": 0.15625,
        "mean_rank_effect": 0.0,
        "mean_short_rank": 2.0,
        "mean_target_delta": 1.5801043033599853,
        "mean_target_delta_fraction": 0.19792781412565003,
        "mean_target_effect": 0.33840599060058596,
        "mean_terse_rank": 1.0,
        "n": 5,
        "patched_best_other_route": {
          "continuation": 2,
          "prose": 3
        },
        "patched_top1_rate": 1.0,
        "success_change_rate": 0.0
      },
      {
        "condition": "degradation|random_layer_same_norm|L27",
        "mean_delta_attn_norm": 3.246475410461426,
        "mean_delta_carry_est_norm": 16.113224983215332,
        "mean_delta_layer_norm": 18.02225341796875,
        "mean_delta_mlp_norm": 4.960211181640625,
        "mean_patched_rank": 1.0,
        "mean_pmv_effect": 0.1125,
        "mean_rank_effect": 0.0,
        "mean_short_rank": 2.0,
        "mean_target_delta": 1.5801043033599853,
        "mean_target_delta_fraction": 0.14337878307577503,
        "mean_target_effect": 0.30441497564315795,
        "mean_terse_rank": 1.0,
        "n": 5,
        "patched_best_other_route": {
          "prose": 5
        },
        "patched_top1_rate": 1.0,
        "success_change_rate": 0.0
      }
    ],
    "best_restore_conditions": [
      {
        "condition": "restore|layer_minus_attn_delta|L30",
        "mean_delta_attn_norm": 2.638501739501953,
        "mean_delta_carry_est_norm": 22.94359931945801,
        "mean_delta_layer_norm": 25.04685401916504,
        "mean_delta_mlp_norm": 7.066538715362549,
        "mean_patched_rank": 1.0,
        "mean_pmv_effect": 1.5,
        "mean_rank_effect": 1.0,
        "mean_short_rank": 2.0,
        "mean_target_delta": 1.5801043033599853,
        "mean_target_delta_fraction": 0.9807252680101982,
        "mean_target_effect": 1.565488910675049,
        "mean_terse_rank": 1.0,
        "n": 5,
        "patched_best_other_route": {
          "continuation": 1,
          "prose": 4
        },
        "patched_top1_rate": 1.0,
        "success_change_rate": 1.0
      },
      {
        "condition": "restore|full_layer_delta|L30",
        "mean_delta_attn_norm": 2.638501739501953,
        "mean_delta_carry_est_norm": 22.94359931945801,
        "mean_delta_layer_norm": 25.04685401916504,
        "mean_delta_mlp_norm": 7.066538715362549,
        "mean_patched_rank": 1.0,
        "mean_pmv_effect": 1.55,
        "mean_rank_effect": 1.0,
        "mean_short_rank": 2.0,
        "mean_target_delta": 1.5801043033599853,
        "mean_target_delta_fraction": 0.9723635322966478,
        "mean_target_effect": 1.5461069583892821,
        "mean_terse_rank": 1.0,
        "n": 5,
        "patched_best_other_route": {
          "prose": 5
        },
        "patched_top1_rate": 1.0,
        "success_change_rate": 1.0
      },
      {
        "condition": "restore|full_layer_delta|L27",
        "mean_delta_attn_norm": 3.246475410461426,
        "mean_delta_carry_est_norm": 16.113224983215332,
        "mean_delta_layer_norm": 18.02225341796875,
        "mean_delta_mlp_norm": 4.960211181640625,
        "mean_patched_rank": 1.0,
        "mean_pmv_effect": 1.65,
        "mean_rank_effect": 1.0,
        "mean_short_rank": 2.0,
        "mean_target_delta": 1.5801043033599853,
        "mean_target_delta_fraction": 0.9754318026273004,
        "mean_target_effect": 1.5379061698913574,
        "mean_terse_rank": 1.0,
        "n": 5,
        "patched_best_other_route": {
          "continuation": 1,
          "prose": 4
        },
        "patched_top1_rate": 1.0,
        "success_change_rate": 1.0
      },
      {
        "condition": "restore|full_layer_delta|L29",
        "mean_delta_attn_norm": 5.975450229644776,
        "mean_delta_carry_est_norm": 20.103406143188476,
        "mean_delta_layer_norm": 22.92641372680664,
        "mean_delta_mlp_norm": 5.849491024017334,
        "mean_patched_rank": 1.0,
        "mean_pmv_effect": 1.55,
        "mean_rank_effect": 1.0,
        "mean_short_rank": 2.0,
        "mean_target_delta": 1.5801043033599853,
        "mean_target_delta_fraction": 0.9617200859303822,
        "mean_target_effect": 1.5297123432159423,
        "mean_terse_rank": 1.0,
        "n": 5,
        "patched_best_other_route": {
          "prose": 5
        },
        "patched_top1_rate": 1.0,
        "success_change_rate": 1.0
      },
      {
        "condition": "restore|full_layer_delta|L28",
        "mean_delta_attn_norm": 2.600210356712341,
        "mean_delta_carry_est_norm": 18.022699928283693,
        "mean_delta_layer_norm": 20.126527404785158,
        "mean_delta_mlp_norm": 5.589112949371338,
        "mean_patched_rank": 1.0,
        "mean_pmv_effect": 1.55,
        "mean_rank_effect": 1.0,
        "mean_short_rank": 2.0,
        "mean_target_delta": 1.5801043033599853,
        "mean_target_delta_fraction": 0.954792941289066,
        "mean_target_effect": 1.5226923942565918,
        "mean_terse_rank": 1.0,
        "n": 5,
        "patched_best_other_route": {
          "continuation": 1,
          "prose": 4
        },
        "patched_top1_rate": 1.0,
        "success_change_rate": 1.0
      },
      {
        "condition": "restore|layer_minus_mlp_delta|L30",
        "mean_delta_attn_norm": 2.638501739501953,
        "mean_delta_carry_est_norm": 22.94359931945801,
        "mean_delta_layer_norm": 25.04685401916504,
        "mean_delta_mlp_norm": 7.066538715362549,
        "mean_patched_rank": 1.0,
        "mean_pmv_effect": 1.55,
        "mean_rank_effect": 1.0,
        "mean_short_rank": 2.0,
        "mean_target_delta": 1.5801043033599853,
        "mean_target_delta_fraction": 0.9930710567612078,
        "mean_target_effect": 1.504681158065796,
        "mean_terse_rank": 1.0,
        "n": 5,
        "patched_best_other_route": {
          "continuation": 2,
          "prose": 3
        },
        "patched_top1_rate": 1.0,
        "success_change_rate": 1.0
      },
      {
        "condition": "restore|carry_est_layerout|L30",
        "mean_delta_attn_norm": 2.638501739501953,
        "mean_delta_carry_est_norm": 22.94359931945801,
        "mean_delta_layer_norm": 25.04685401916504,
        "mean_delta_mlp_norm": 7.066538715362549,
        "mean_patched_rank": 1.0,
        "mean_pmv_effect": 1.5,
        "mean_rank_effect": 1.0,
        "mean_short_rank": 2.0,
        "mean_target_delta": 1.5801043033599853,
        "mean_target_delta_fraction": 0.9880811916218365,
        "mean_target_effect": 1.494093155860901,
        "mean_terse_rank": 1.0,
        "n": 5,
        "patched_best_other_route": {
          "continuation": 2,
          "prose": 3
        },
        "patched_top1_rate": 1.0,
        "success_change_rate": 1.0
      },
      {
        "condition": "restore|layer_minus_attn_delta|L28",
        "mean_delta_attn_norm": 2.600210356712341,
        "mean_delta_carry_est_norm": 18.022699928283693,
        "mean_delta_layer_norm": 20.126527404785158,
        "mean_delta_mlp_norm": 5.589112949371338,
        "mean_patched_rank": 1.0,
        "mean_pmv_effect": 1.55,
        "mean_rank_effect": 1.0,
        "mean_short_rank": 2.0,
        "mean_target_delta": 1.5801043033599853,
        "mean_target_delta_fraction": 0.9234940146017552,
        "mean_target_effect": 1.4583136558532714,
        "mean_terse_rank": 1.0,
        "n": 5,
        "patched_best_other_route": {
          "prose": 5
        },
        "patched_top1_rate": 1.0,
        "success_change_rate": 1.0
      },
      {
        "condition": "restore|layer_minus_attn_delta|L25",
        "mean_delta_attn_norm": 2.116357421875,
        "mean_delta_carry_est_norm": 11.416929244995117,
        "mean_delta_layer_norm": 13.833181571960449,
        "mean_delta_mlp_norm": 5.638253688812256,
        "mean_patched_rank": 1.0,
        "mean_pmv_effect": 1.4625,
        "mean_rank_effect": 1.0,
        "mean_short_rank": 2.0,
        "mean_target_delta": 1.5801043033599853,
        "mean_target_delta_fraction": 0.8927477968742984,
        "mean_target_effect": 1.4563519716262818,
        "mean_terse_rank": 1.0,
        "n": 5,
        "patched_best_other_route": {
          "continuation": 1,
          "prose": 4
        },
        "patched_top1_rate": 1.0,
        "success_change_rate": 1.0
      },
      {
        "condition": "restore|full_layer_delta|L23",
        "mean_delta_attn_norm": 2.8211475372314454,
        "mean_delta_carry_est_norm": 7.28975658416748,
        "mean_delta_layer_norm": 9.414237785339356,
        "mean_delta_mlp_norm": 4.800378322601318,
        "mean_patched_rank": 1.0,
        "mean_pmv_effect": 1.5375,
        "mean_rank_effect": 1.0,
        "mean_short_rank": 2.0,
        "mean_target_delta": 1.5801043033599853,
        "mean_target_delta_fraction": 0.927293227915978,
        "mean_target_effect": 1.4510581016540527,
        "mean_terse_rank": 1.0,
        "n": 5,
        "patched_best_other_route": {
          "continuation": 1,
          "prose": 4
        },
        "patched_top1_rate": 1.0,
        "success_change_rate": 1.0
      },
      {
        "condition": "restore|layer_minus_attn_delta|L26",
        "mean_delta_attn_norm": 3.5205638885498045,
        "mean_delta_carry_est_norm": 13.8385009765625,
        "mean_delta_layer_norm": 16.109059143066407,
        "mean_delta_mlp_norm": 5.352456092834473,
        "mean_patched_rank": 1.0,
        "mean_pmv_effect": 1.575,
        "mean_rank_effect": 1.0,
        "mean_short_rank": 2.0,
        "mean_target_delta": 1.5801043033599853,
        "mean_target_delta_fraction": 0.9293464140879433,
        "mean_target_effect": 1.445229411125183,
        "mean_terse_rank": 1.0,
        "n": 5,
        "patched_best_other_route": {
          "continuation": 1,
          "prose": 4
        },
        "patched_top1_rate": 1.0,
        "success_change_rate": 1.0
      },
      {
        "condition": "restore|full_layer_delta|L25",
        "mean_delta_attn_norm": 2.116357421875,
        "mean_delta_carry_est_norm": 11.416929244995117,
        "mean_delta_layer_norm": 13.833181571960449,
        "mean_delta_mlp_norm": 5.638253688812256,
        "mean_patched_rank": 1.0,
        "mean_pmv_effect": 1.575,
        "mean_rank_effect": 1.0,
        "mean_short_rank": 2.0,
        "mean_target_delta": 1.5801043033599853,
        "mean_target_delta_fraction": 0.8921598489241743,
        "mean_target_effect": 1.3995846509933472,
        "mean_terse_rank": 1.0,
        "n": 5,
        "patched_best_other_route": {
          "continuation": 1,
          "prose": 4
        },
        "patched_top1_rate": 1.0,
        "success_change_rate": 1.0
      },
      {
        "condition": "restore|full_layer_delta|L26",
        "mean_delta_attn_norm": 3.5205638885498045,
        "mean_delta_carry_est_norm": 13.8385009765625,
        "mean_delta_layer_norm": 16.109059143066407,
        "mean_delta_mlp_norm": 5.352456092834473,
        "mean_patched_rank": 1.0,
        "mean_pmv_effect": 1.575,
        "mean_rank_effect": 1.0,
        "mean_short_rank": 2.0,
        "mean_target_delta": 1.5801043033599853,
        "mean_target_delta_fraction": 0.8857452659863885,
        "mean_target_effect": 1.3981186389923095,
        "mean_terse_rank": 1.0,
        "n": 5,
        "patched_best_other_route": {
          "continuation": 1,
          "prose": 4
        },
        "patched_top1_rate": 1.0,
        "success_change_rate": 1.0
      },
      {
        "condition": "restore|layer_minus_mlp_delta|L28",
        "mean_delta_attn_norm": 2.600210356712341,
        "mean_delta_carry_est_norm": 18.022699928283693,
        "mean_delta_layer_norm": 20.126527404785158,
        "mean_delta_mlp_norm": 5.589112949371338,
        "mean_patched_rank": 1.0,
        "mean_pmv_effect": 1.5625,
        "mean_rank_effect": 1.0,
        "mean_short_rank": 2.0,
        "mean_target_delta": 1.5801043033599853,
        "mean_target_delta_fraction": 0.8932596679481266,
        "mean_target_effect": 1.3951312065124513,
        "mean_terse_rank": 1.0,
        "n": 5,
        "patched_best_other_route": {
          "continuation": 1,
          "prose": 4
        },
        "patched_top1_rate": 1.0,
        "success_change_rate": 1.0
      },
      {
        "condition": "restore|layer_minus_attn_delta|L24",
        "mean_delta_attn_norm": 2.557505178451538,
        "mean_delta_carry_est_norm": 9.416544532775879,
        "mean_delta_layer_norm": 11.417878341674804,
        "mean_delta_mlp_norm": 4.783820629119873,
        "mean_patched_rank": 1.0,
        "mean_pmv_effect": 1.625,
        "mean_rank_effect": 1.0,
        "mean_short_rank": 2.0,
        "mean_target_delta": 1.5801043033599853,
        "mean_target_delta_fraction": 0.8880769160444568,
        "mean_target_effect": 1.3781992197036743,
        "mean_terse_rank": 1.0,
        "n": 5,
        "patched_best_other_route": {
          "continuation": 1,
          "prose": 4
        },
        "patched_top1_rate": 1.0,
        "success_change_rate": 1.0
      },
      {
        "condition": "restore|layer_minus_attn_delta|L29",
        "mean_delta_attn_norm": 5.975450229644776,
        "mean_delta_carry_est_norm": 20.103406143188476,
        "mean_delta_layer_norm": 22.92641372680664,
        "mean_delta_mlp_norm": 5.849491024017334,
        "mean_patched_rank": 1.0,
        "mean_pmv_effect": 1.5125,
        "mean_rank_effect": 1.0,
        "mean_short_rank": 2.0,
        "mean_target_delta": 1.5801043033599853,
        "mean_target_delta_fraction": 0.8629436112742507,
        "mean_target_effect": 1.3484308004379273,
        "mean_terse_rank": 1.0,
        "n": 5,
        "patched_best_other_route": {
          "continuation": 1,
          "prose": 4
        },
        "patched_top1_rate": 1.0,
        "success_change_rate": 1.0
      },
      {
        "condition": "restore|layer_minus_mlp_delta|L27",
        "mean_delta_attn_norm": 3.246475410461426,
        "mean_delta_carry_est_norm": 16.113224983215332,
        "mean_delta_layer_norm": 18.02225341796875,
        "mean_delta_mlp_norm": 4.960211181640625,
        "mean_patched_rank": 1.0,
        "mean_pmv_effect": 1.6125,
        "mean_rank_effect": 1.0,
        "mean_short_rank": 2.0,
        "mean_target_delta": 1.5801043033599853,
        "mean_target_delta_fraction": 0.8762383768385762,
        "mean_target_effect": 1.344203782081604,
        "mean_terse_rank": 1.0,
        "n": 5,
        "patched_best_other_route": {
          "continuation": 1,
          "prose": 4
        },
        "patched_top1_rate": 1.0,
        "success_change_rate": 1.0
      },
      {
        "condition": "restore|full_layer_delta|L24",
        "mean_delta_attn_norm": 2.557505178451538,
        "mean_delta_carry_est_norm": 9.416544532775879,
        "mean_delta_layer_norm": 11.417878341674804,
        "mean_delta_mlp_norm": 4.783820629119873,
        "mean_patched_rank": 1.0,
        "mean_pmv_effect": 1.525,
        "mean_rank_effect": 1.0,
        "mean_short_rank": 2.0,
        "mean_target_delta": 1.5801043033599853,
        "mean_target_delta_fraction": 0.8516057161579826,
        "mean_target_effect": 1.3418050527572631,
        "mean_terse_rank": 1.0,
        "n": 5,
        "patched_best_other_route": {
          "continuation": 1,
          "prose": 4
        },
        "patched_top1_rate": 1.0,
        "success_change_rate": 1.0
      },
      {
        "condition": "restore|layer_minus_attn_delta|L27",
        "mean_delta_attn_norm": 3.246475410461426,
        "mean_delta_carry_est_norm": 16.113224983215332,
        "mean_delta_layer_norm": 18.02225341796875,
        "mean_delta_mlp_norm": 4.960211181640625,
        "mean_patched_rank": 1.0,
        "mean_pmv_effect": 1.65,
        "mean_rank_effect": 1.0,
        "mean_short_rank": 2.0,
        "mean_target_delta": 1.5801043033599853,
        "mean_target_delta_fraction": 0.843629042980584,
        "mean_target_effect": 1.332394051551819,
        "mean_terse_rank": 1.0,
        "n": 5,
        "patched_best_other_route": {
          "continuation": 1,
          "prose": 4
        },
        "patched_top1_rate": 1.0,
        "success_change_rate": 1.0
      },
      {
        "condition": "restore|carry_est_layerout|L28",
        "mean_delta_attn_norm": 2.600210356712341,
        "mean_delta_carry_est_norm": 18.022699928283693,
        "mean_delta_layer_norm": 20.126527404785158,
        "mean_delta_mlp_norm": 5.589112949371338,
        "mean_patched_rank": 1.0,
        "mean_pmv_effect": 1.55,
        "mean_rank_effect": 1.0,
        "mean_short_rank": 2.0,
        "mean_target_delta": 1.5801043033599853,
        "mean_target_delta_fraction": 0.8171996671823883,
        "mean_target_effect": 1.2696454524993896,
        "mean_terse_rank": 1.0,
        "n": 5,
        "patched_best_other_route": {
          "continuation": 1,
          "prose": 4
        },
        "patched_top1_rate": 1.0,
        "success_change_rate": 1.0
      },
      {
        "condition": "restore|carry_est_layerout|L25",
        "mean_delta_attn_norm": 2.116357421875,
        "mean_delta_carry_est_norm": 11.416929244995117,
        "mean_delta_layer_norm": 13.833181571960449,
        "mean_delta_mlp_norm": 5.638253688812256,
        "mean_patched_rank": 1.0,
        "mean_pmv_effect": 1.15,
        "mean_rank_effect": 1.0,
        "mean_short_rank": 2.0,
        "mean_target_delta": 1.5801043033599853,
        "mean_target_delta_fraction": 0.7808700746256966,
        "mean_target_effect": 1.263023591041565,
        "mean_terse_rank": 1.0,
        "n": 5,
        "patched_best_other_route": {
          "continuation": 2,
          "prose": 3
        },
        "patched_top1_rate": 1.0,
        "success_change_rate": 1.0
      },
      {
        "condition": "restore|layer_minus_attn_delta|L23",
        "mean_delta_attn_norm": 2.8211475372314454,
        "mean_delta_carry_est_norm": 7.28975658416748,
        "mean_delta_layer_norm": 9.414237785339356,
        "mean_delta_mlp_norm": 4.800378322601318,
        "mean_patched_rank": 1.0,
        "mean_pmv_effect": 1.5,
        "mean_rank_effect": 1.0,
        "mean_short_rank": 2.0,
        "mean_target_delta": 1.5801043033599853,
        "mean_target_delta_fraction": 0.7644915321389005,
        "mean_target_effect": 1.2328798294067382,
        "mean_terse_rank": 1.0,
        "n": 5,
        "patched_best_other_route": {
          "continuation": 1,
          "prose": 4
        },
        "patched_top1_rate": 1.0,
        "success_change_rate": 1.0
      },
      {
        "condition": "restore|layer_minus_mlp_delta|L29",
        "mean_delta_attn_norm": 5.975450229644776,
        "mean_delta_carry_est_norm": 20.103406143188476,
        "mean_delta_layer_norm": 22.92641372680664,
        "mean_delta_mlp_norm": 5.849491024017334,
        "mean_patched_rank": 1.0,
        "mean_pmv_effect": 1.4625,
        "mean_rank_effect": 1.0,
        "mean_short_rank": 2.0,
        "mean_target_delta": 1.5801043033599853,
        "mean_target_delta_fraction": 0.7831067654274939,
        "mean_target_effect": 1.2149713277816772,
        "mean_terse_rank": 1.0,
        "n": 5,
        "patched_best_other_route": {
          "continuation": 1,
          "prose": 4
        },
        "patched_top1_rate": 1.0,
        "success_change_rate": 1.0
      },
      {
        "condition": "restore|layer_minus_mlp_delta|L26",
        "mean_delta_attn_norm": 3.5205638885498045,
        "mean_delta_carry_est_norm": 13.8385009765625,
        "mean_delta_layer_norm": 16.109059143066407,
        "mean_delta_mlp_norm": 5.352456092834473,
        "mean_patched_rank": 1.0,
        "mean_pmv_effect": 1.4625,
        "mean_rank_effect": 1.0,
        "mean_short_rank": 2.0,
        "mean_target_delta": 1.5801043033599853,
        "mean_target_delta_fraction": 0.7515670048657117,
        "mean_target_effect": 1.1817667484283447,
        "mean_terse_rank": 1.0,
        "n": 5,
        "patched_best_other_route": {
          "continuation": 2,
          "prose": 3
        },
        "patched_top1_rate": 1.0,
        "success_change_rate": 1.0
      }
    ],
    "by_condition": {
      "degradation|attn_mlp_replace_short|L23": {
        "mean_delta_attn_norm": 2.8211475372314454,
        "mean_delta_carry_est_norm": 7.28975658416748,
        "mean_delta_layer_norm": 9.414237785339356,
        "mean_delta_mlp_norm": 4.800378322601318,
        "mean_patched_rank": 1.2,
        "mean_pmv_effect": 0.8,
        "mean_rank_effect": 0.2,
        "mean_short_rank": 2.0,
        "mean_target_delta": 1.5801043033599853,
        "mean_target_delta_fraction": 0.7121770988810592,
        "mean_target_effect": 1.0223181247711182,
        "mean_terse_rank": 1.0,
        "n": 5,
        "patched_best_other_route": {
          "continuation": 3,
          "prose": 2
        },
        "patched_top1_rate": 0.8,
        "success_change_rate": 0.2
      },
      "degradation|attn_mlp_replace_short|L24": {
        "mean_delta_attn_norm": 2.557505178451538,
        "mean_delta_carry_est_norm": 9.416544532775879,
        "mean_delta_layer_norm": 11.417878341674804,
        "mean_delta_mlp_norm": 4.783820629119873,
        "mean_patched_rank": 1.0,
        "mean_pmv_effect": 0.15625,
        "mean_rank_effect": 0.0,
        "mean_short_rank": 2.0,
        "mean_target_delta": 1.5801043033599853,
        "mean_target_delta_fraction": 0.19792781412565003,
        "mean_target_effect": 0.33840599060058596,
        "mean_terse_rank": 1.0,
        "n": 5,
        "patched_best_other_route": {
          "continuation": 2,
          "prose": 3
        },
        "patched_top1_rate": 1.0,
        "success_change_rate": 0.0
      },
      "degradation|attn_mlp_replace_short|L25": {
        "mean_delta_attn_norm": 2.116357421875,
        "mean_delta_carry_est_norm": 11.416929244995117,
        "mean_delta_layer_norm": 13.833181571960449,
        "mean_delta_mlp_norm": 5.638253688812256,
        "mean_patched_rank": 1.0,
        "mean_pmv_effect": 0.3875,
        "mean_rank_effect": 0.0,
        "mean_short_rank": 2.0,
        "mean_target_delta": 1.5801043033599853,
        "mean_target_delta_fraction": 0.0773621315080599,
        "mean_target_effect": 0.08272376060485839,
        "mean_terse_rank": 1.0,
        "n": 5,
        "patched_best_other_route": {
          "continuation": 1,
          "prose": 4
        },
        "patched_top1_rate": 1.0,
        "success_change_rate": 0.0
      },
      "degradation|attn_mlp_replace_short|L26": {
        "mean_delta_attn_norm": 3.5205638885498045,
        "mean_delta_carry_est_norm": 13.8385009765625,
        "mean_delta_layer_norm": 16.109059143066407,
        "mean_delta_mlp_norm": 5.352456092834473,
        "mean_patched_rank": 1.0,
        "mean_pmv_effect": 0.05,
        "mean_rank_effect": 0.0,
        "mean_short_rank": 2.0,
        "mean_target_delta": 1.5801043033599853,
        "mean_target_delta_fraction": 0.13190138864834805,
        "mean_target_effect": 0.22478880882263183,
        "mean_terse_rank": 1.0,
        "n": 5,
        "patched_best_other_route": {
          "continuation": 2,
          "prose": 3
        },
        "patched_top1_rate": 1.0,
        "success_change_rate": 0.0
      },
      "degradation|attn_mlp_replace_short|L27": {
        "mean_delta_attn_norm": 3.246475410461426,
        "mean_delta_carry_est_norm": 16.113224983215332,
        "mean_delta_layer_norm": 18.02225341796875,
        "mean_delta_mlp_norm": 4.960211181640625,
        "mean_patched_rank": 1.0,
        "mean_pmv_effect": 0.0,
        "mean_rank_effect": 0.0,
        "mean_short_rank": 2.0,
        "mean_target_delta": 1.5801043033599853,
        "mean_target_delta_fraction": 0.24174609436281552,
        "mean_target_effect": 0.4134210586547852,
        "mean_terse_rank": 1.0,
        "n": 5,
        "patched_best_other_route": {
          "continuation": 2,
          "prose": 3
        },
        "patched_top1_rate": 1.0,
        "success_change_rate": 0.0
      },
      "degradation|attn_mlp_replace_short|L28": {
        "mean_delta_attn_norm": 2.600210356712341,
        "mean_delta_carry_est_norm": 18.022699928283693,
        "mean_delta_layer_norm": 20.126527404785158,
        "mean_delta_mlp_norm": 5.589112949371338,
        "mean_patched_rank": 1.0,
        "mean_pmv_effect": 0.0125,
        "mean_rank_effect": 0.0,
        "mean_short_rank": 2.0,
        "mean_target_delta": 1.5801043033599853,
        "mean_target_delta_fraction": 0.13354024659808894,
        "mean_target_effect": 0.23799583911895753,
        "mean_terse_rank": 1.0,
        "n": 5,
        "patched_best_other_route": {
          "continuation": 1,
          "prose": 4
        },
        "patched_top1_rate": 1.0,
        "success_change_rate": 0.0
      },
      "degradation|attn_mlp_replace_short|L29": {
        "mean_delta_attn_norm": 5.975450229644776,
        "mean_delta_carry_est_norm": 20.103406143188476,
        "mean_delta_layer_norm": 22.92641372680664,
        "mean_delta_mlp_norm": 5.849491024017334,
        "mean_patched_rank": 1.0,
        "mean_pmv_effect": 0.0375,
        "mean_rank_effect": 0.0,
        "mean_short_rank": 2.0,
        "mean_target_delta": 1.5801043033599853,
        "mean_target_delta_fraction": 0.2635114630554207,
        "mean_target_effect": 0.4434794902801514,
        "mean_terse_rank": 1.0,
        "n": 5,
        "patched_best_other_route": {
          "continuation": 1,
          "prose": 4
        },
        "patched_top1_rate": 1.0,
        "success_change_rate": 0.0
      },
      "degradation|attn_mlp_replace_short|L30": {
        "mean_delta_attn_norm": 2.638501739501953,
        "mean_delta_carry_est_norm": 22.94359931945801,
        "mean_delta_layer_norm": 25.04685401916504,
        "mean_delta_mlp_norm": 7.066538715362549,
        "mean_patched_rank": 1.0,
        "mean_pmv_effect": 0.0125,
        "mean_rank_effect": 0.0,
        "mean_short_rank": 2.0,
        "mean_target_delta": 1.5801043033599853,
        "mean_target_delta_fraction": -0.0494543512889919,
        "mean_target_effect": -0.0017541408538818359,
        "mean_terse_rank": 1.0,
        "n": 5,
        "patched_best_other_route": {
          "continuation": 2,
          "prose": 3
        },
        "patched_top1_rate": 1.0,
        "success_change_rate": 0.0
      },
      "degradation|attn_replace_short|L23": {
        "mean_delta_attn_norm": 2.8211475372314454,
        "mean_delta_carry_est_norm": 7.28975658416748,
        "mean_delta_layer_norm": 9.414237785339356,
        "mean_delta_mlp_norm": 4.800378322601318,
        "mean_patched_rank": 1.0,
        "mean_pmv_effect": 0.1625,
        "mean_rank_effect": 0.0,
        "mean_short_rank": 2.0,
        "mean_target_delta": 1.5801043033599853,
        "mean_target_delta_fraction": 0.16317130251586343,
        "mean_target_effect": 0.21880764961242677,
        "mean_terse_rank": 1.0,
        "n": 5,
        "patched_best_other_route": {
          "continuation": 1,
          "prose": 4
        },
        "patched_top1_rate": 1.0,
        "success_change_rate": 0.0
      },
      "degradation|attn_replace_short|L24": {
        "mean_delta_attn_norm": 2.557505178451538,
        "mean_delta_carry_est_norm": 9.416544532775879,
        "mean_delta_layer_norm": 11.417878341674804,
        "mean_delta_mlp_norm": 4.783820629119873,
        "mean_patched_rank": 1.0,
        "mean_pmv_effect": -0.125,
        "mean_rank_effect": 0.0,
        "mean_short_rank": 2.0,
        "mean_target_delta": 1.5801043033599853,
        "mean_target_delta_fraction": -0.03446202250085812,
        "mean_target_effect": -0.03459203243255615,
        "mean_terse_rank": 1.0,
        "n": 5,
        "patched_best_other_route": {
          "continuation": 1,
          "prose": 4
        },
        "patched_top1_rate": 1.0,
        "success_change_rate": 0.0
      },
      "degradation|attn_replace_short|L25": {
        "mean_delta_attn_norm": 2.116357421875,
        "mean_delta_carry_est_norm": 11.416929244995117,
        "mean_delta_layer_norm": 13.833181571960449,
        "mean_delta_mlp_norm": 5.638253688812256,
        "mean_patched_rank": 1.0,
        "mean_pmv_effect": 0.0625,
        "mean_rank_effect": 0.0,
        "mean_short_rank": 2.0,
        "mean_target_delta": 1.5801043033599853,
        "mean_target_delta_fraction": 0.038847922775013165,
        "mean_target_effect": -0.0271655797958374,
        "mean_terse_rank": 1.0,
        "n": 5,
        "patched_best_other_route": {
          "prose": 5
        },
        "patched_top1_rate": 1.0,
        "success_change_rate": 0.0
      },
      "degradation|attn_replace_short|L26": {
        "mean_delta_attn_norm": 3.5205638885498045,
        "mean_delta_carry_est_norm": 13.8385009765625,
        "mean_delta_layer_norm": 16.109059143066407,
        "mean_delta_mlp_norm": 5.352456092834473,
        "mean_patched_rank": 1.0,
        "mean_pmv_effect": -0.075,
        "mean_rank_effect": 0.0,
        "mean_short_rank": 2.0,
        "mean_target_delta": 1.5801043033599853,
        "mean_target_delta_fraction": -0.06735120613640767,
        "mean_target_effect": -0.09827923774719238,
        "mean_terse_rank": 1.0,
        "n": 5,
        "patched_best_other_route": {
          "prose": 5
        },
        "patched_top1_rate": 1.0,
        "success_change_rate": 0.0
      },
      "degradation|attn_replace_short|L27": {
        "mean_delta_attn_norm": 3.246475410461426,
        "mean_delta_carry_est_norm": 16.113224983215332,
        "mean_delta_layer_norm": 18.02225341796875,
        "mean_delta_mlp_norm": 4.960211181640625,
        "mean_patched_rank": 1.0,
        "mean_pmv_effect": 0.025,
        "mean_rank_effect": 0.0,
        "mean_short_rank": 2.0,
        "mean_target_delta": 1.5801043033599853,
        "mean_target_delta_fraction": 0.15855322626241986,
        "mean_target_effect": 0.24486050605773926,
        "mean_terse_rank": 1.0,
        "n": 5,
        "patched_best_other_route": {
          "prose": 5
        },
        "patched_top1_rate": 1.0,
        "success_change_rate": 0.0
      },
      "degradation|attn_replace_short|L28": {
        "mean_delta_attn_norm": 2.600210356712341,
        "mean_delta_carry_est_norm": 18.022699928283693,
        "mean_delta_layer_norm": 20.126527404785158,
        "mean_delta_mlp_norm": 5.589112949371338,
        "mean_patched_rank": 1.0,
        "mean_pmv_effect": -0.0375,
        "mean_rank_effect": 0.0,
        "mean_short_rank": 2.0,
        "mean_target_delta": 1.5801043033599853,
        "mean_target_delta_fraction": 0.04681108293720577,
        "mean_target_effect": 0.07986412048339844,
        "mean_terse_rank": 1.0,
        "n": 5,
        "patched_best_other_route": {
          "prose": 5
        },
        "patched_top1_rate": 1.0,
        "success_change_rate": 0.0
      },
      "degradation|attn_replace_short|L29": {
        "mean_delta_attn_norm": 5.975450229644776,
        "mean_delta_carry_est_norm": 20.103406143188476,
        "mean_delta_layer_norm": 22.92641372680664,
        "mean_delta_mlp_norm": 5.849491024017334,
        "mean_patched_rank": 1.0,
        "mean_pmv_effect": -0.05,
        "mean_rank_effect": 0.0,
        "mean_short_rank": 2.0,
        "mean_target_delta": 1.5801043033599853,
        "mean_target_delta_fraction": 0.07863560218142163,
        "mean_target_effect": 0.12031307220458984,
        "mean_terse_rank": 1.0,
        "n": 5,
        "patched_best_other_route": {
          "prose": 5
        },
        "patched_top1_rate": 1.0,
        "success_change_rate": 0.0
      },
      "degradation|attn_replace_short|L30": {
        "mean_delta_attn_norm": 2.638501739501953,
        "mean_delta_carry_est_norm": 22.94359931945801,
        "mean_delta_layer_norm": 25.04685401916504,
        "mean_delta_mlp_norm": 7.066538715362549,
        "mean_patched_rank": 1.0,
        "mean_pmv_effect": 0.0125,
        "mean_rank_effect": 0.0,
        "mean_short_rank": 2.0,
        "mean_target_delta": 1.5801043033599853,
        "mean_target_delta_fraction": -0.00197380967625142,
        "mean_target_effect": -0.014860057830810547,
        "mean_terse_rank": 1.0,
        "n": 5,
        "patched_best_other_route": {
          "prose": 5
        },
        "patched_top1_rate": 1.0,
        "success_change_rate": 0.0
      },
      "degradation|full_layer_replace_short|L23": {
        "mean_delta_attn_norm": 2.8211475372314454,
        "mean_delta_carry_est_norm": 7.28975658416748,
        "mean_delta_layer_norm": 9.414237785339356,
        "mean_delta_mlp_norm": 4.800378322601318,
        "mean_patched_rank": 1.2,
        "mean_pmv_effect": 1.2125,
        "mean_rank_effect": 0.2,
        "mean_short_rank": 2.0,
        "mean_target_delta": 1.5801043033599853,
        "mean_target_delta_fraction": 0.8202644997835217,
        "mean_target_effect": 1.282674741744995,
        "mean_terse_rank": 1.0,
        "n": 5,
        "patched_best_other_route": {
          "continuation": 5
        },
        "patched_top1_rate": 0.8,
        "success_change_rate": 0.2
      },
      "degradation|full_layer_replace_short|L24": {
        "mean_delta_attn_norm": 2.557505178451538,
        "mean_delta_carry_est_norm": 9.416544532775879,
        "mean_delta_layer_norm": 11.417878341674804,
        "mean_delta_mlp_norm": 4.783820629119873,
        "mean_patched_rank": 1.2,
        "mean_pmv_effect": 1.2375,
        "mean_rank_effect": 0.2,
        "mean_short_rank": 2.0,
        "mean_target_delta": 1.5801043033599853,
        "mean_target_delta_fraction": 0.7524909887893758,
        "mean_target_effect": 1.2062819480895997,
        "mean_terse_rank": 1.0,
        "n": 5,
        "patched_best_other_route": {
          "continuation": 5
        },
        "patched_top1_rate": 0.8,
        "success_change_rate": 0.2
      },
      "degradation|full_layer_replace_short|L25": {
        "mean_delta_attn_norm": 2.116357421875,
        "mean_delta_carry_est_norm": 11.416929244995117,
        "mean_delta_layer_norm": 13.833181571960449,
        "mean_delta_mlp_norm": 5.638253688812256,
        "mean_patched_rank": 1.2,
        "mean_pmv_effect": 1.3125,
        "mean_rank_effect": 0.2,
        "mean_short_rank": 2.0,
        "mean_target_delta": 1.5801043033599853,
        "mean_target_delta_fraction": 0.8130458304370416,
        "mean_target_effect": 1.2833716869354248,
        "mean_terse_rank": 1.0,
        "n": 5,
        "patched_best_other_route": {
          "continuation": 5
        },
        "patched_top1_rate": 0.8,
        "success_change_rate": 0.2
      },
      "degradation|full_layer_replace_short|L26": {
        "mean_delta_attn_norm": 3.5205638885498045,
        "mean_delta_carry_est_norm": 13.8385009765625,
        "mean_delta_layer_norm": 16.109059143066407,
        "mean_delta_mlp_norm": 5.352456092834473,
        "mean_patched_rank": 1.2,
        "mean_pmv_effect": 1.325,
        "mean_rank_effect": 0.2,
        "mean_short_rank": 2.0,
        "mean_target_delta": 1.5801043033599853,
        "mean_target_delta_fraction": 0.8086486057231568,
        "mean_target_effect": 1.2768489360809325,
        "mean_terse_rank": 1.0,
        "n": 5,
        "patched_best_other_route": {
          "continuation": 5
        },
        "patched_top1_rate": 0.8,
        "success_change_rate": 0.2
      },
      "degradation|full_layer_replace_short|L27": {
        "mean_delta_attn_norm": 3.246475410461426,
        "mean_delta_carry_est_norm": 16.113224983215332,
        "mean_delta_layer_norm": 18.02225341796875,
        "mean_delta_mlp_norm": 4.960211181640625,
        "mean_patched_rank": 1.6,
        "mean_pmv_effect": 1.5625,
        "mean_rank_effect": 0.6,
        "mean_short_rank": 2.0,
        "mean_target_delta": 1.5801043033599853,
        "mean_target_delta_fraction": 0.9977455052016817,
        "mean_target_effect": 1.5538652896881104,
        "mean_terse_rank": 1.0,
        "n": 5,
        "patched_best_other_route": {
          "continuation": 5
        },
        "patched_top1_rate": 0.4,
        "success_change_rate": 0.6
      },
      "degradation|full_layer_replace_short|L28": {
        "mean_delta_attn_norm": 2.600210356712341,
        "mean_delta_carry_est_norm": 18.022699928283693,
        "mean_delta_layer_norm": 20.126527404785158,
        "mean_delta_mlp_norm": 5.589112949371338,
        "mean_patched_rank": 1.6,
        "mean_pmv_effect": 1.4875,
        "mean_rank_effect": 0.6,
        "mean_short_rank": 2.0,
        "mean_target_delta": 1.5801043033599853,
        "mean_target_delta_fraction": 0.9817997007418618,
        "mean_target_effect": 1.5450028896331787,
        "mean_terse_rank": 1.0,
        "n": 5,
        "patched_best_other_route": {
          "continuation": 5
        },
        "patched_top1_rate": 0.4,
        "success_change_rate": 0.6
      },
      "degradation|full_layer_replace_short|L29": {
        "mean_delta_attn_norm": 5.975450229644776,
        "mean_delta_carry_est_norm": 20.103406143188476,
        "mean_delta_layer_norm": 22.92641372680664,
        "mean_delta_mlp_norm": 5.849491024017334,
        "mean_patched_rank": 1.6,
        "mean_pmv_effect": 1.4875,
        "mean_rank_effect": 0.6,
        "mean_short_rank": 2.0,
        "mean_target_delta": 1.5801043033599853,
        "mean_target_delta_fraction": 0.9790669746450187,
        "mean_target_effect": 1.543333387374878,
        "mean_terse_rank": 1.0,
        "n": 5,
        "patched_best_other_route": {
          "continuation": 5
        },
        "patched_top1_rate": 0.4,
        "success_change_rate": 0.6
      },
      "degradation|full_layer_replace_short|L30": {
        "mean_delta_attn_norm": 2.638501739501953,
        "mean_delta_carry_est_norm": 22.94359931945801,
        "mean_delta_layer_norm": 25.04685401916504,
        "mean_delta_mlp_norm": 7.066538715362549,
        "mean_patched_rank": 1.4,
        "mean_pmv_effect": 1.45,
        "mean_rank_effect": 0.4,
        "mean_short_rank": 2.0,
        "mean_target_delta": 1.5801043033599853,
        "mean_target_delta_fraction": 1.0190208499991853,
        "mean_target_effect": 1.593758487701416,
        "mean_terse_rank": 1.0,
        "n": 5,
        "patched_best_other_route": {
          "continuation": 5
        },
        "patched_top1_rate": 0.6,
        "success_change_rate": 0.4
      },
      "degradation|mlp_replace_short|L23": {
        "mean_delta_attn_norm": 2.8211475372314454,
        "mean_delta_carry_est_norm": 7.28975658416748,
        "mean_delta_layer_norm": 9.414237785339356,
        "mean_delta_mlp_norm": 4.800378322601318,
        "mean_patched_rank": 1.0,
        "mean_pmv_effect": 0.7,
        "mean_rank_effect": 0.0,
        "mean_short_rank": 2.0,
        "mean_target_delta": 1.5801043033599853,
        "mean_target_delta_fraction": 0.5328291860185435,
        "mean_target_effect": 0.768204927444458,
        "mean_terse_rank": 1.0,
        "n": 5,
        "patched_best_other_route": {
          "prose": 5
        },
        "patched_top1_rate": 1.0,
        "success_change_rate": 0.0
      },
      "degradation|mlp_replace_short|L24": {
        "mean_delta_attn_norm": 2.557505178451538,
        "mean_delta_carry_est_norm": 9.416544532775879,
        "mean_delta_layer_norm": 11.417878341674804,
        "mean_delta_mlp_norm": 4.783820629119873,
        "mean_patched_rank": 1.0,
        "mean_pmv_effect": 0.225,
        "mean_rank_effect": 0.0,
        "mean_short_rank": 2.0,
        "mean_target_delta": 1.5801043033599853,
        "mean_target_delta_fraction": 0.18738415190248633,
        "mean_target_effect": 0.2918914556503296,
        "mean_terse_rank": 1.0,
        "n": 5,
        "patched_best_other_route": {
          "continuation": 2,
          "prose": 3
        },
        "patched_top1_rate": 1.0,
        "success_change_rate": 0.0
      },
      "degradation|mlp_replace_short|L25": {
        "mean_delta_attn_norm": 2.116357421875,
        "mean_delta_carry_est_norm": 11.416929244995117,
        "mean_delta_layer_norm": 13.833181571960449,
        "mean_delta_mlp_norm": 5.638253688812256,
        "mean_patched_rank": 1.0,
        "mean_pmv_effect": 0.2875,
        "mean_rank_effect": 0.0,
        "mean_short_rank": 2.0,
        "mean_target_delta": 1.5801043033599853,
        "mean_target_delta_fraction": 0.08016914860322846,
        "mean_target_effect": 0.13606295585632325,
        "mean_terse_rank": 1.0,
        "n": 5,
        "patched_best_other_route": {
          "continuation": 1,
          "prose": 4
        },
        "patched_top1_rate": 1.0,
        "success_change_rate": 0.0
      },
      "degradation|mlp_replace_short|L26": {
        "mean_delta_attn_norm": 3.5205638885498045,
        "mean_delta_carry_est_norm": 13.8385009765625,
        "mean_delta_layer_norm": 16.109059143066407,
        "mean_delta_mlp_norm": 5.352456092834473,
        "mean_patched_rank": 1.0,
        "mean_pmv_effect": 0.075,
        "mean_rank_effect": 0.0,
        "mean_short_rank": 2.0,
        "mean_target_delta": 1.5801043033599853,
        "mean_target_delta_fraction": 0.15591914304192095,
        "mean_target_effect": 0.2475144386291504,
        "mean_terse_rank": 1.0,
        "n": 5,
        "patched_best_other_route": {
          "continuation": 2,
          "prose": 3
        },
        "patched_top1_rate": 1.0,
        "success_change_rate": 0.0
      },
      "degradation|mlp_replace_short|L27": {
        "mean_delta_attn_norm": 3.246475410461426,
        "mean_delta_carry_est_norm": 16.113224983215332,
        "mean_delta_layer_norm": 18.02225341796875,
        "mean_delta_mlp_norm": 4.960211181640625,
        "mean_patched_rank": 1.0,
        "mean_pmv_effect": -0.025,
        "mean_rank_effect": 0.0,
        "mean_short_rank": 2.0,
        "mean_target_delta": 1.5801043033599853,
        "mean_target_delta_fraction": 0.09037955412101684,
        "mean_target_effect": 0.1791797399520874,
        "mean_terse_rank": 1.0,
        "n": 5,
        "patched_best_other_route": {
          "continuation": 1,
          "prose": 4
        },
        "patched_top1_rate": 1.0,
        "success_change_rate": 0.0
      },
      "degradation|mlp_replace_short|L28": {
        "mean_delta_attn_norm": 2.600210356712341,
        "mean_delta_carry_est_norm": 18.022699928283693,
        "mean_delta_layer_norm": 20.126527404785158,
        "mean_delta_mlp_norm": 5.589112949371338,
        "mean_patched_rank": 1.0,
        "mean_pmv_effect": 0.0125,
        "mean_rank_effect": 0.0,
        "mean_short_rank": 2.0,
        "mean_target_delta": 1.5801043033599853,
        "mean_target_delta_fraction": 0.0746129366026417,
        "mean_target_effect": 0.1379925489425659,
        "mean_terse_rank": 1.0,
        "n": 5,
        "patched_best_other_route": {
          "continuation": 1,
          "prose": 4
        },
        "patched_top1_rate": 1.0,
        "success_change_rate": 0.0
      },
      "degradation|mlp_replace_short|L29": {
        "mean_delta_attn_norm": 5.975450229644776,
        "mean_delta_carry_est_norm": 20.103406143188476,
        "mean_delta_layer_norm": 22.92641372680664,
        "mean_delta_mlp_norm": 5.849491024017334,
        "mean_patched_rank": 1.0,
        "mean_pmv_effect": 0.0,
        "mean_rank_effect": 0.0,
        "mean_short_rank": 2.0,
        "mean_target_delta": 1.5801043033599853,
        "mean_target_delta_fraction": 0.15659553263984619,
        "mean_target_effect": 0.270032262802124,
        "mean_terse_rank": 1.0,
        "n": 5,
        "patched_best_other_route": {
          "continuation": 1,
          "prose": 4
        },
        "patched_top1_rate": 1.0,
        "success_change_rate": 0.0
      },
      "degradation|mlp_replace_short|L30": {
        "mean_delta_attn_norm": 2.638501739501953,
        "mean_delta_carry_est_norm": 22.94359931945801,
        "mean_delta_layer_norm": 25.04685401916504,
        "mean_delta_mlp_norm": 7.066538715362549,
        "mean_patched_rank": 1.0,
        "mean_pmv_effect": -0.025,
        "mean_rank_effect": 0.0,
        "mean_short_rank": 2.0,
        "mean_target_delta": 1.5801043033599853,
        "mean_target_delta_fraction": -0.015200841156875314,
        "mean_target_effect": 0.04839303493499756,
        "mean_terse_rank": 1.0,
        "n": 5,
        "patched_best_other_route": {
          "continuation": 2,
          "prose": 3
        },
        "patched_top1_rate": 1.0,
        "success_change_rate": 0.0
      },
      "degradation|random_layer_same_norm|L23": {
        "mean_delta_attn_norm": 2.8211475372314454,
        "mean_delta_carry_est_norm": 7.28975658416748,
        "mean_delta_layer_norm": 9.414237785339356,
        "mean_delta_mlp_norm": 4.800378322601318,
        "mean_patched_rank": 1.0,
        "mean_pmv_effect": -0.025,
        "mean_rank_effect": 0.0,
        "mean_short_rank": 2.0,
        "mean_target_delta": 1.5801043033599853,
        "mean_target_delta_fraction": -0.024334543737270613,
        "mean_target_effect": -0.06269793510437012,
        "mean_terse_rank": 1.0,
        "n": 5,
        "patched_best_other_route": {
          "continuation": 2,
          "prose": 3
        },
        "patched_top1_rate": 1.0,
        "success_change_rate": 0.0
      },
      "degradation|random_layer_same_norm|L24": {
        "mean_delta_attn_norm": 2.557505178451538,
        "mean_delta_carry_est_norm": 9.416544532775879,
        "mean_delta_layer_norm": 11.417878341674804,
        "mean_delta_mlp_norm": 4.783820629119873,
        "mean_patched_rank": 1.2,
        "mean_pmv_effect": 0.4,
        "mean_rank_effect": 0.2,
        "mean_short_rank": 2.0,
        "mean_target_delta": 1.5801043033599853,
        "mean_target_delta_fraction": 0.10609998048267522,
        "mean_target_effect": 0.06358917951583862,
        "mean_terse_rank": 1.0,
        "n": 5,
        "patched_best_other_route": {
          "prose": 5
        },
        "patched_top1_rate": 0.8,
        "success_change_rate": 0.2
      },
      "degradation|random_layer_same_norm|L25": {
        "mean_delta_attn_norm": 2.116357421875,
        "mean_delta_carry_est_norm": 11.416929244995117,
        "mean_delta_layer_norm": 13.833181571960449,
        "mean_delta_mlp_norm": 5.638253688812256,
        "mean_patched_rank": 1.0,
        "mean_pmv_effect": 0.0125,
        "mean_rank_effect": 0.0,
        "mean_short_rank": 2.0,
        "mean_target_delta": 1.5801043033599853,
        "mean_target_delta_fraction": 0.14159774936391104,
        "mean_target_effect": 0.21698036193847656,
        "mean_terse_rank": 1.0,
        "n": 5,
        "patched_best_other_route": {
          "continuation": 1,
          "prose": 4
        },
        "patched_top1_rate": 1.0,
        "success_change_rate": 0.0
      },
      "degradation|random_layer_same_norm|L26": {
        "mean_delta_attn_norm": 3.5205638885498045,
        "mean_delta_carry_est_norm": 13.8385009765625,
        "mean_delta_layer_norm": 16.109059143066407,
        "mean_delta_mlp_norm": 5.352456092834473,
        "mean_patched_rank": 1.0,
        "mean_pmv_effect": 0.025,
        "mean_rank_effect": 0.0,
        "mean_short_rank": 2.0,
        "mean_target_delta": 1.5801043033599853,
        "mean_target_delta_fraction": 0.18353688253207368,
        "mean_target_effect": 0.12120052576065063,
        "mean_terse_rank": 1.0,
        "n": 5,
        "patched_best_other_route": {
          "continuation": 1,
          "prose": 4
        },
        "patched_top1_rate": 1.0,
        "success_change_rate": 0.0
      },
      "degradation|random_layer_same_norm|L27": {
        "mean_delta_attn_norm": 3.246475410461426,
        "mean_delta_carry_est_norm": 16.113224983215332,
        "mean_delta_layer_norm": 18.02225341796875,
        "mean_delta_mlp_norm": 4.960211181640625,
        "mean_patched_rank": 1.0,
        "mean_pmv_effect": 0.1125,
        "mean_rank_effect": 0.0,
        "mean_short_rank": 2.0,
        "mean_target_delta": 1.5801043033599853,
        "mean_target_delta_fraction": 0.14337878307577503,
        "mean_target_effect": 0.30441497564315795,
        "mean_terse_rank": 1.0,
        "n": 5,
        "patched_best_other_route": {
          "prose": 5
        },
        "patched_top1_rate": 1.0,
        "success_change_rate": 0.0
      },
      "degradation|random_layer_same_norm|L28": {
        "mean_delta_attn_norm": 2.600210356712341,
        "mean_delta_carry_est_norm": 18.022699928283693,
        "mean_delta_layer_norm": 20.126527404785158,
        "mean_delta_mlp_norm": 5.589112949371338,
        "mean_patched_rank": 1.0,
        "mean_pmv_effect": -0.2,
        "mean_rank_effect": 0.0,
        "mean_short_rank": 2.0,
        "mean_target_delta": 1.5801043033599853,
        "mean_target_delta_fraction": -0.08321756993039245,
        "mean_target_effect": -0.06434464454650879,
        "mean_terse_rank": 1.0,
        "n": 5,
        "patched_best_other_route": {
          "prose": 5
        },
        "patched_top1_rate": 1.0,
        "success_change_rate": 0.0
      },
      "degradation|random_layer_same_norm|L29": {
        "mean_delta_attn_norm": 5.975450229644776,
        "mean_delta_carry_est_norm": 20.103406143188476,
        "mean_delta_layer_norm": 22.92641372680664,
        "mean_delta_mlp_norm": 5.849491024017334,
        "mean_patched_rank": 1.0,
        "mean_pmv_effect": -0.2,
        "mean_rank_effect": 0.0,
        "mean_short_rank": 2.0,
        "mean_target_delta": 1.5801043033599853,
        "mean_target_delta_fraction": -0.16894094951764974,
        "mean_target_effect": -0.225637686252594,
        "mean_terse_rank": 1.0,
        "n": 5,
        "patched_best_other_route": {
          "continuation": 1,
          "prose": 4
        },
        "patched_top1_rate": 1.0,
        "success_change_rate": 0.0
      },
      "degradation|random_layer_same_norm|L30": {
        "mean_delta_attn_norm": 2.638501739501953,
        "mean_delta_carry_est_norm": 22.94359931945801,
        "mean_delta_layer_norm": 25.04685401916504,
        "mean_delta_mlp_norm": 7.066538715362549,
        "mean_patched_rank": 1.0,
        "mean_pmv_effect": 0.2625,
        "mean_rank_effect": 0.0,
        "mean_short_rank": 2.0,
        "mean_target_delta": 1.5801043033599853,
        "mean_target_delta_fraction": 0.0067884430429702046,
        "mean_target_effect": 0.031015241146087648,
        "mean_terse_rank": 1.0,
        "n": 5,
        "patched_best_other_route": {
          "prose": 5
        },
        "patched_top1_rate": 1.0,
        "success_change_rate": 0.0
      },
      "degradation|remove_attn_est_layerout|L23": {
        "mean_delta_attn_norm": 2.8211475372314454,
        "mean_delta_carry_est_norm": 7.28975658416748,
        "mean_delta_layer_norm": 9.414237785339356,
        "mean_delta_mlp_norm": 4.800378322601318,
        "mean_patched_rank": 1.0,
        "mean_pmv_effect": 0.03125,
        "mean_rank_effect": 0.0,
        "mean_short_rank": 2.0,
        "mean_target_delta": 1.5801043033599853,
        "mean_target_delta_fraction": 0.1729888309886588,
        "mean_target_effect": 0.22333140373229982,
        "mean_terse_rank": 1.0,
        "n": 5,
        "patched_best_other_route": {
          "continuation": 1,
          "prose": 4
        },
        "patched_top1_rate": 1.0,
        "success_change_rate": 0.0
      },
      "degradation|remove_attn_est_layerout|L24": {
        "mean_delta_attn_norm": 2.557505178451538,
        "mean_delta_carry_est_norm": 9.416544532775879,
        "mean_delta_layer_norm": 11.417878341674804,
        "mean_delta_mlp_norm": 4.783820629119873,
        "mean_patched_rank": 1.0,
        "mean_pmv_effect": -0.0875,
        "mean_rank_effect": 0.0,
        "mean_short_rank": 2.0,
        "mean_target_delta": 1.5801043033599853,
        "mean_target_delta_fraction": -0.0036058970559160464,
        "mean_target_effect": 0.009666538238525391,
        "mean_terse_rank": 1.0,
        "n": 5,
        "patched_best_other_route": {
          "continuation": 1,
          "prose": 4
        },
        "patched_top1_rate": 1.0,
        "success_change_rate": 0.0
      },
      "degradation|remove_attn_est_layerout|L25": {
        "mean_delta_attn_norm": 2.116357421875,
        "mean_delta_carry_est_norm": 11.416929244995117,
        "mean_delta_layer_norm": 13.833181571960449,
        "mean_delta_mlp_norm": 5.638253688812256,
        "mean_patched_rank": 1.0,
        "mean_pmv_effect": 0.0375,
        "mean_rank_effect": 0.0,
        "mean_short_rank": 2.0,
        "mean_target_delta": 1.5801043033599853,
        "mean_target_delta_fraction": 0.01313323092794936,
        "mean_target_effect": -0.04807302951812744,
        "mean_terse_rank": 1.0,
        "n": 5,
        "patched_best_other_route": {
          "prose": 5
        },
        "patched_top1_rate": 1.0,
        "success_change_rate": 0.0
      },
      "degradation|remove_attn_est_layerout|L26": {
        "mean_delta_attn_norm": 3.5205638885498045,
        "mean_delta_carry_est_norm": 13.8385009765625,
        "mean_delta_layer_norm": 16.109059143066407,
        "mean_delta_mlp_norm": 5.352456092834473,
        "mean_patched_rank": 1.0,
        "mean_pmv_effect": -0.025,
        "mean_rank_effect": 0.0,
        "mean_short_rank": 2.0,
        "mean_target_delta": 1.5801043033599853,
        "mean_target_delta_fraction": -0.022649515141531067,
        "mean_target_effect": -0.03375334739685058,
        "mean_terse_rank": 1.0,
        "n": 5,
        "patched_best_other_route": {
          "prose": 5
        },
        "patched_top1_rate": 1.0,
        "success_change_rate": 0.0
      },
      "degradation|remove_attn_est_layerout|L27": {
        "mean_delta_attn_norm": 3.246475410461426,
        "mean_delta_carry_est_norm": 16.113224983215332,
        "mean_delta_layer_norm": 18.02225341796875,
        "mean_delta_mlp_norm": 4.960211181640625,
        "mean_patched_rank": 1.0,
        "mean_pmv_effect": -0.0125,
        "mean_rank_effect": 0.0,
        "mean_short_rank": 2.0,
        "mean_target_delta": 1.5801043033599853,
        "mean_target_delta_fraction": 0.1297220637165761,
        "mean_target_effect": 0.1950068235397339,
        "mean_terse_rank": 1.0,
        "n": 5,
        "patched_best_other_route": {
          "prose": 5
        },
        "patched_top1_rate": 1.0,
        "success_change_rate": 0.0
      },
      "degradation|remove_attn_est_layerout|L28": {
        "mean_delta_attn_norm": 2.600210356712341,
        "mean_delta_carry_est_norm": 18.022699928283693,
        "mean_delta_layer_norm": 20.126527404785158,
        "mean_delta_mlp_norm": 5.589112949371338,
        "mean_patched_rank": 1.0,
        "mean_pmv_effect": -0.025,
        "mean_rank_effect": 0.0,
        "mean_short_rank": 2.0,
        "mean_target_delta": 1.5801043033599853,
        "mean_target_delta_fraction": 0.03785221902028893,
        "mean_target_effect": 0.05342435836791992,
        "mean_terse_rank": 1.0,
        "n": 5,
        "patched_best_other_route": {
          "prose": 5
        },
        "patched_top1_rate": 1.0,
        "success_change_rate": 0.0
      },
      "degradation|remove_attn_est_layerout|L29": {
        "mean_delta_attn_norm": 5.975450229644776,
        "mean_delta_carry_est_norm": 20.103406143188476,
        "mean_delta_layer_norm": 22.92641372680664,
        "mean_delta_mlp_norm": 5.849491024017334,
        "mean_patched_rank": 1.0,
        "mean_pmv_effect": -0.0125,
        "mean_rank_effect": 0.0,
        "mean_short_rank": 2.0,
        "mean_target_delta": 1.5801043033599853,
        "mean_target_delta_fraction": 0.1270877098988727,
        "mean_target_effect": 0.200536847114563,
        "mean_terse_rank": 1.0,
        "n": 5,
        "patched_best_other_route": {
          "prose": 5
        },
        "patched_top1_rate": 1.0,
        "success_change_rate": 0.0
      },
      "degradation|remove_attn_est_layerout|L30": {
        "mean_delta_attn_norm": 2.638501739501953,
        "mean_delta_carry_est_norm": 22.94359931945801,
        "mean_delta_layer_norm": 25.04685401916504,
        "mean_delta_mlp_norm": 7.066538715362549,
        "mean_patched_rank": 1.0,
        "mean_pmv_effect": 0.025,
        "mean_rank_effect": 0.0,
        "mean_short_rank": 2.0,
        "mean_target_delta": 1.5801043033599853,
        "mean_target_delta_fraction": -0.014969200952318804,
        "mean_target_effect": -0.03546745777130127,
        "mean_terse_rank": 1.0,
        "n": 5,
        "patched_best_other_route": {
          "prose": 5
        },
        "patched_top1_rate": 1.0,
        "success_change_rate": 0.0
      },
      "degradation|remove_carry_est_layerout|L23": {
        "mean_delta_attn_norm": 2.8211475372314454,
        "mean_delta_carry_est_norm": 7.28975658416748,
        "mean_delta_layer_norm": 9.414237785339356,
        "mean_delta_mlp_norm": 4.800378322601318,
        "mean_patched_rank": 1.0,
        "mean_pmv_effect": 0.06875,
        "mean_rank_effect": 0.0,
        "mean_short_rank": 2.0,
        "mean_target_delta": 1.5801043033599853,
        "mean_target_delta_fraction": 0.1589018705408772,
        "mean_target_effect": 0.3409550189971924,
        "mean_terse_rank": 1.0,
        "n": 5,
        "patched_best_other_route": {
          "continuation": 5
        },
        "patched_top1_rate": 1.0,
        "success_change_rate": 0.0
      },
      "degradation|remove_carry_est_layerout|L24": {
        "mean_delta_attn_norm": 2.557505178451538,
        "mean_delta_carry_est_norm": 9.416544532775879,
        "mean_delta_layer_norm": 11.417878341674804,
        "mean_delta_mlp_norm": 4.783820629119873,
        "mean_patched_rank": 1.0,
        "mean_pmv_effect": 0.75,
        "mean_rank_effect": 0.0,
        "mean_short_rank": 2.0,
        "mean_target_delta": 1.5801043033599853,
        "mean_target_delta_fraction": 0.5239858644547366,
        "mean_target_effect": 0.8316010951995849,
        "mean_terse_rank": 1.0,
        "n": 5,
        "patched_best_other_route": {
          "continuation": 5
        },
        "patched_top1_rate": 1.0,
        "success_change_rate": 0.0
      },
      "degradation|remove_carry_est_layerout|L25": {
        "mean_delta_attn_norm": 2.116357421875,
        "mean_delta_carry_est_norm": 11.416929244995117,
        "mean_delta_layer_norm": 13.833181571960449,
        "mean_delta_mlp_norm": 5.638253688812256,
        "mean_patched_rank": 1.0,
        "mean_pmv_effect": 0.59375,
        "mean_rank_effect": 0.0,
        "mean_short_rank": 2.0,
        "mean_target_delta": 1.5801043033599853,
        "mean_target_delta_fraction": 0.5372774636264346,
        "mean_target_effect": 0.9049436807632446,
        "mean_terse_rank": 1.0,
        "n": 5,
        "patched_best_other_route": {
          "continuation": 5
        },
        "patched_top1_rate": 1.0,
        "success_change_rate": 0.0
      },
      "degradation|remove_carry_est_layerout|L26": {
        "mean_delta_attn_norm": 3.5205638885498045,
        "mean_delta_carry_est_norm": 13.8385009765625,
        "mean_delta_layer_norm": 16.109059143066407,
        "mean_delta_mlp_norm": 5.352456092834473,
        "mean_patched_rank": 1.0,
        "mean_pmv_effect": 1.1,
        "mean_rank_effect": 0.0,
        "mean_short_rank": 2.0,
        "mean_target_delta": 1.5801043033599853,
        "mean_target_delta_fraction": 0.7073401280711769,
        "mean_target_effect": 1.1581345558166505,
        "mean_terse_rank": 1.0,
        "n": 5,
        "patched_best_other_route": {
          "continuation": 5
        },
        "patched_top1_rate": 1.0,
        "success_change_rate": 0.0
      },
      "degradation|remove_carry_est_layerout|L27": {
        "mean_delta_attn_norm": 3.246475410461426,
        "mean_delta_carry_est_norm": 16.113224983215332,
        "mean_delta_layer_norm": 18.02225341796875,
        "mean_delta_mlp_norm": 4.960211181640625,
        "mean_patched_rank": 1.4,
        "mean_pmv_effect": 1.3,
        "mean_rank_effect": 0.4,
        "mean_short_rank": 2.0,
        "mean_target_delta": 1.5801043033599853,
        "mean_target_delta_fraction": 0.7578936524802851,
        "mean_target_effect": 1.1812045097351074,
        "mean_terse_rank": 1.0,
        "n": 5,
        "patched_best_other_route": {
          "continuation": 5
        },
        "patched_top1_rate": 0.8,
        "success_change_rate": 0.2
      },
      "degradation|remove_carry_est_layerout|L28": {
        "mean_delta_attn_norm": 2.600210356712341,
        "mean_delta_carry_est_norm": 18.022699928283693,
        "mean_delta_layer_norm": 20.126527404785158,
        "mean_delta_mlp_norm": 5.589112949371338,
        "mean_patched_rank": 1.2,
        "mean_pmv_effect": 1.3125,
        "mean_rank_effect": 0.2,
        "mean_short_rank": 2.0,
        "mean_target_delta": 1.5801043033599853,
        "mean_target_delta_fraction": 0.8472679502021698,
        "mean_target_effect": 1.3242190837860108,
        "mean_terse_rank": 1.0,
        "n": 5,
        "patched_best_other_route": {
          "continuation": 5
        },
        "patched_top1_rate": 0.8,
        "success_change_rate": 0.2
      },
      "degradation|remove_carry_est_layerout|L29": {
        "mean_delta_attn_norm": 5.975450229644776,
        "mean_delta_carry_est_norm": 20.103406143188476,
        "mean_delta_layer_norm": 22.92641372680664,
        "mean_delta_mlp_norm": 5.849491024017334,
        "mean_patched_rank": 1.2,
        "mean_pmv_effect": 1.2125,
        "mean_rank_effect": 0.2,
        "mean_short_rank": 2.0,
        "mean_target_delta": 1.5801043033599853,
        "mean_target_delta_fraction": 0.6430289453459881,
        "mean_target_effect": 1.0109328269958495,
        "mean_terse_rank": 1.0,
        "n": 5,
        "patched_best_other_route": {
          "continuation": 5
        },
        "patched_top1_rate": 0.8,
        "success_change_rate": 0.2
      },
      "degradation|remove_carry_est_layerout|L30": {
        "mean_delta_attn_norm": 2.638501739501953,
        "mean_delta_carry_est_norm": 22.94359931945801,
        "mean_delta_layer_norm": 25.04685401916504,
        "mean_delta_mlp_norm": 7.066538715362549,
        "mean_patched_rank": 1.2,
        "mean_pmv_effect": 1.425,
        "mean_rank_effect": 0.2,
        "mean_short_rank": 2.0,
        "mean_target_delta": 1.5801043033599853,
        "mean_target_delta_fraction": 0.9937223292808017,
        "mean_target_effect": 1.506458616256714,
        "mean_terse_rank": 1.0,
        "n": 5,
        "patched_best_other_route": {
          "continuation": 5
        },
        "patched_top1_rate": 0.8,
        "success_change_rate": 0.2
      },
      "degradation|remove_mlp_est_layerout|L23": {
        "mean_delta_attn_norm": 2.8211475372314454,
        "mean_delta_carry_est_norm": 7.28975658416748,
        "mean_delta_layer_norm": 9.414237785339356,
        "mean_delta_mlp_norm": 4.800378322601318,
        "mean_patched_rank": 1.0,
        "mean_pmv_effect": 0.725,
        "mean_rank_effect": 0.0,
        "mean_short_rank": 2.0,
        "mean_target_delta": 1.5801043033599853,
        "mean_target_delta_fraction": 0.5530515335790687,
        "mean_target_effect": 0.8028145790100097,
        "mean_terse_rank": 1.0,
        "n": 5,
        "patched_best_other_route": {
          "prose": 5
        },
        "patched_top1_rate": 1.0,
        "success_change_rate": 0.0
      },
      "degradation|remove_mlp_est_layerout|L24": {
        "mean_delta_attn_norm": 2.557505178451538,
        "mean_delta_carry_est_norm": 9.416544532775879,
        "mean_delta_layer_norm": 11.417878341674804,
        "mean_delta_mlp_norm": 4.783820629119873,
        "mean_patched_rank": 1.0,
        "mean_pmv_effect": 0.20625,
        "mean_rank_effect": 0.0,
        "mean_short_rank": 2.0,
        "mean_target_delta": 1.5801043033599853,
        "mean_target_delta_fraction": 0.17038289635711554,
        "mean_target_effect": 0.27008533477783203,
        "mean_terse_rank": 1.0,
        "n": 5,
        "patched_best_other_route": {
          "continuation": 2,
          "prose": 3
        },
        "patched_top1_rate": 1.0,
        "success_change_rate": 0.0
      },
      "degradation|remove_mlp_est_layerout|L25": {
        "mean_delta_attn_norm": 2.116357421875,
        "mean_delta_carry_est_norm": 11.416929244995117,
        "mean_delta_layer_norm": 13.833181571960449,
        "mean_delta_mlp_norm": 5.638253688812256,
        "mean_patched_rank": 1.0,
        "mean_pmv_effect": 0.2875,
        "mean_rank_effect": 0.0,
        "mean_short_rank": 2.0,
        "mean_target_delta": 1.5801043033599853,
        "mean_target_delta_fraction": 0.06650708537924323,
        "mean_target_effect": 0.12419981956481933,
        "mean_terse_rank": 1.0,
        "n": 5,
        "patched_best_other_route": {
          "continuation": 1,
          "prose": 4
        },
        "patched_top1_rate": 1.0,
        "success_change_rate": 0.0
      },
      "degradation|remove_mlp_est_layerout|L26": {
        "mean_delta_attn_norm": 3.5205638885498045,
        "mean_delta_carry_est_norm": 13.8385009765625,
        "mean_delta_layer_norm": 16.109059143066407,
        "mean_delta_mlp_norm": 5.352456092834473,
        "mean_patched_rank": 1.0,
        "mean_pmv_effect": 0.0875,
        "mean_rank_effect": 0.0,
        "mean_short_rank": 2.0,
        "mean_target_delta": 1.5801043033599853,
        "mean_target_delta_fraction": 0.14294986407692498,
        "mean_target_effect": 0.2301210880279541,
        "mean_terse_rank": 1.0,
        "n": 5,
        "patched_best_other_route": {
          "continuation": 2,
          "prose": 3
        },
        "patched_top1_rate": 1.0,
        "success_change_rate": 0.0
      },
      "degradation|remove_mlp_est_layerout|L27": {
        "mean_delta_attn_norm": 3.246475410461426,
        "mean_delta_carry_est_norm": 16.113224983215332,
        "mean_delta_layer_norm": 18.02225341796875,
        "mean_delta_mlp_norm": 4.960211181640625,
        "mean_patched_rank": 1.0,
        "mean_pmv_effect": -0.0125,
        "mean_rank_effect": 0.0,
        "mean_short_rank": 2.0,
        "mean_target_delta": 1.5801043033599853,
        "mean_target_delta_fraction": 0.08765301852212568,
        "mean_target_effect": 0.18408479690551757,
        "mean_terse_rank": 1.0,
        "n": 5,
        "patched_best_other_route": {
          "continuation": 1,
          "prose": 4
        },
        "patched_top1_rate": 1.0,
        "success_change_rate": 0.0
      },
      "degradation|remove_mlp_est_layerout|L28": {
        "mean_delta_attn_norm": 2.600210356712341,
        "mean_delta_carry_est_norm": 18.022699928283693,
        "mean_delta_layer_norm": 20.126527404785158,
        "mean_delta_mlp_norm": 5.589112949371338,
        "mean_patched_rank": 1.0,
        "mean_pmv_effect": 0.0,
        "mean_rank_effect": 0.0,
        "mean_short_rank": 2.0,
        "mean_target_delta": 1.5801043033599853,
        "mean_target_delta_fraction": 0.08969235451327831,
        "mean_target_effect": 0.16798725128173828,
        "mean_terse_rank": 1.0,
        "n": 5,
        "patched_best_other_route": {
          "continuation": 1,
          "prose": 4
        },
        "patched_top1_rate": 1.0,
        "success_change_rate": 0.0
      },
      "degradation|remove_mlp_est_layerout|L29": {
        "mean_delta_attn_norm": 5.975450229644776,
        "mean_delta_carry_est_norm": 20.103406143188476,
        "mean_delta_layer_norm": 22.92641372680664,
        "mean_delta_mlp_norm": 5.849491024017334,
        "mean_patched_rank": 1.0,
        "mean_pmv_effect": 0.0125,
        "mean_rank_effect": 0.0,
        "mean_short_rank": 2.0,
        "mean_target_delta": 1.5801043033599853,
        "mean_target_delta_fraction": 0.15988227111912107,
        "mean_target_effect": 0.2713433265686035,
        "mean_terse_rank": 1.0,
        "n": 5,
        "patched_best_other_route": {
          "continuation": 1,
          "prose": 4
        },
        "patched_top1_rate": 1.0,
        "success_change_rate": 0.0
      },
      "degradation|remove_mlp_est_layerout|L30": {
        "mean_delta_attn_norm": 2.638501739501953,
        "mean_delta_carry_est_norm": 22.94359931945801,
        "mean_delta_layer_norm": 25.04685401916504,
        "mean_delta_mlp_norm": 7.066538715362549,
        "mean_patched_rank": 1.0,
        "mean_pmv_effect": -0.05,
        "mean_rank_effect": 0.0,
        "mean_short_rank": 2.0,
        "mean_target_delta": 1.5801043033599853,
        "mean_target_delta_fraction": -0.036718080758240575,
        "mean_target_effect": 0.02205348014831543,
        "mean_terse_rank": 1.0,
        "n": 5,
        "patched_best_other_route": {
          "continuation": 2,
          "prose": 3
        },
        "patched_top1_rate": 1.0,
        "success_change_rate": 0.0
      },
      "restore|attn_delta|L23": {
        "mean_delta_attn_norm": 2.8211475372314454,
        "mean_delta_carry_est_norm": 7.28975658416748,
        "mean_delta_layer_norm": 9.414237785339356,
        "mean_delta_mlp_norm": 4.800378322601318,
        "mean_patched_rank": 1.2,
        "mean_pmv_effect": 0.225,
        "mean_rank_effect": 0.8,
        "mean_short_rank": 2.0,
        "mean_target_delta": 1.5801043033599853,
        "mean_target_delta_fraction": 0.03612668383471011,
        "mean_target_effect": 0.021077823638916016,
        "mean_terse_rank": 1.0,
        "n": 5,
        "patched_best_other_route": {
          "continuation": 5
        },
        "patched_top1_rate": 0.8,
        "success_change_rate": 0.8
      },
      "restore|attn_delta|L24": {
        "mean_delta_attn_norm": 2.557505178451538,
        "mean_delta_carry_est_norm": 9.416544532775879,
        "mean_delta_layer_norm": 11.417878341674804,
        "mean_delta_mlp_norm": 4.783820629119873,
        "mean_patched_rank": 1.2,
        "mean_pmv_effect": 0.2,
        "mean_rank_effect": 0.8,
        "mean_short_rank": 2.0,
        "mean_target_delta": 1.5801043033599853,
        "mean_target_delta_fraction": 0.0313634635226329,
        "mean_target_effect": 0.07892298698425293,
        "mean_terse_rank": 1.0,
        "n": 5,
        "patched_best_other_route": {
          "continuation": 5
        },
        "patched_top1_rate": 0.8,
        "success_change_rate": 0.8
      },
      "restore|attn_delta|L25": {
        "mean_delta_attn_norm": 2.116357421875,
        "mean_delta_carry_est_norm": 11.416929244995117,
        "mean_delta_layer_norm": 13.833181571960449,
        "mean_delta_mlp_norm": 5.638253688812256,
        "mean_patched_rank": 1.8,
        "mean_pmv_effect": 0.1625,
        "mean_rank_effect": 0.2,
        "mean_short_rank": 2.0,
        "mean_target_delta": 1.5801043033599853,
        "mean_target_delta_fraction": 0.11317048185806751,
        "mean_target_effect": 0.12795624732971192,
        "mean_terse_rank": 1.0,
        "n": 5,
        "patched_best_other_route": {
          "continuation": 5
        },
        "patched_top1_rate": 0.2,
        "success_change_rate": 0.2
      },
      "restore|attn_delta|L26": {
        "mean_delta_attn_norm": 3.5205638885498045,
        "mean_delta_carry_est_norm": 13.8385009765625,
        "mean_delta_layer_norm": 16.109059143066407,
        "mean_delta_mlp_norm": 5.352456092834473,
        "mean_patched_rank": 1.8,
        "mean_pmv_effect": -0.375,
        "mean_rank_effect": 0.2,
        "mean_short_rank": 2.0,
        "mean_target_delta": 1.5801043033599853,
        "mean_target_delta_fraction": -0.27567398652175573,
        "mean_target_effect": -0.45553131103515626,
        "mean_terse_rank": 1.0,
        "n": 5,
        "patched_best_other_route": {
          "continuation": 5
        },
        "patched_top1_rate": 0.2,
        "success_change_rate": 0.2
      },
      "restore|attn_delta|L27": {
        "mean_delta_attn_norm": 3.246475410461426,
        "mean_delta_carry_est_norm": 16.113224983215332,
        "mean_delta_layer_norm": 18.02225341796875,
        "mean_delta_mlp_norm": 4.960211181640625,
        "mean_patched_rank": 1.2,
        "mean_pmv_effect": 0.2,
        "mean_rank_effect": 0.8,
        "mean_short_rank": 2.0,
        "mean_target_delta": 1.5801043033599853,
        "mean_target_delta_fraction": 0.22186323861846682,
        "mean_target_effect": 0.3391469955444336,
        "mean_terse_rank": 1.0,
        "n": 5,
        "patched_best_other_route": {
          "continuation": 5
        },
        "patched_top1_rate": 0.8,
        "success_change_rate": 0.8
      },
      "restore|attn_delta|L28": {
        "mean_delta_attn_norm": 2.600210356712341,
        "mean_delta_carry_est_norm": 18.022699928283693,
        "mean_delta_layer_norm": 20.126527404785158,
        "mean_delta_mlp_norm": 5.589112949371338,
        "mean_patched_rank": 2.0,
        "mean_pmv_effect": 0.025,
        "mean_rank_effect": 0.0,
        "mean_short_rank": 2.0,
        "mean_target_delta": 1.5801043033599853,
        "mean_target_delta_fraction": 0.020159818085113836,
        "mean_target_effect": 0.05418496131896973,
        "mean_terse_rank": 1.0,
        "n": 5,
        "patched_best_other_route": {
          "continuation": 5
        },
        "patched_top1_rate": 0.0,
        "success_change_rate": 0.0
      },
      "restore|attn_delta|L29": {
        "mean_delta_attn_norm": 5.975450229644776,
        "mean_delta_carry_est_norm": 20.103406143188476,
        "mean_delta_layer_norm": 22.92641372680664,
        "mean_delta_mlp_norm": 5.849491024017334,
        "mean_patched_rank": 1.6,
        "mean_pmv_effect": 0.1,
        "mean_rank_effect": 0.4,
        "mean_short_rank": 2.0,
        "mean_target_delta": 1.5801043033599853,
        "mean_target_delta_fraction": 0.1702660578420894,
        "mean_target_effect": 0.2581939220428467,
        "mean_terse_rank": 1.0,
        "n": 5,
        "patched_best_other_route": {
          "continuation": 5
        },
        "patched_top1_rate": 0.4,
        "success_change_rate": 0.4
      },
      "restore|attn_delta|L30": {
        "mean_delta_attn_norm": 2.638501739501953,
        "mean_delta_carry_est_norm": 22.94359931945801,
        "mean_delta_layer_norm": 25.04685401916504,
        "mean_delta_mlp_norm": 7.066538715362549,
        "mean_patched_rank": 1.8,
        "mean_pmv_effect": 0.0625,
        "mean_rank_effect": 0.2,
        "mean_short_rank": 2.0,
        "mean_target_delta": 1.5801043033599853,
        "mean_target_delta_fraction": 0.025058244190972422,
        "mean_target_effect": 0.03741369247436523,
        "mean_terse_rank": 1.0,
        "n": 5,
        "patched_best_other_route": {
          "continuation": 5
        },
        "patched_top1_rate": 0.2,
        "success_change_rate": 0.2
      },
      "restore|attn_mlp_delta|L23": {
        "mean_delta_attn_norm": 2.8211475372314454,
        "mean_delta_carry_est_norm": 7.28975658416748,
        "mean_delta_layer_norm": 9.414237785339356,
        "mean_delta_mlp_norm": 4.800378322601318,
        "mean_patched_rank": 1.0,
        "mean_pmv_effect": 1.4125,
        "mean_rank_effect": 1.0,
        "mean_short_rank": 2.0,
        "mean_target_delta": 1.5801043033599853,
        "mean_target_delta_fraction": 0.7632311857818564,
        "mean_target_effect": 1.0647002696990966,
        "mean_terse_rank": 1.0,
        "n": 5,
        "patched_best_other_route": {
          "continuation": 5
        },
        "patched_top1_rate": 1.0,
        "success_change_rate": 1.0
      },
      "restore|attn_mlp_delta|L24": {
        "mean_delta_attn_norm": 2.557505178451538,
        "mean_delta_carry_est_norm": 9.416544532775879,
        "mean_delta_layer_norm": 11.417878341674804,
        "mean_delta_mlp_norm": 4.783820629119873,
        "mean_patched_rank": 1.0,
        "mean_pmv_effect": 0.575,
        "mean_rank_effect": 1.0,
        "mean_short_rank": 2.0,
        "mean_target_delta": 1.5801043033599853,
        "mean_target_delta_fraction": 0.25414876619278165,
        "mean_target_effect": 0.40561375617980955,
        "mean_terse_rank": 1.0,
        "n": 5,
        "patched_best_other_route": {
          "continuation": 5
        },
        "patched_top1_rate": 1.0,
        "success_change_rate": 1.0
      },
      "restore|attn_mlp_delta|L25": {
        "mean_delta_attn_norm": 2.116357421875,
        "mean_delta_carry_est_norm": 11.416929244995117,
        "mean_delta_layer_norm": 13.833181571960449,
        "mean_delta_mlp_norm": 5.638253688812256,
        "mean_patched_rank": 1.0,
        "mean_pmv_effect": 0.81875,
        "mean_rank_effect": 1.0,
        "mean_short_rank": 2.0,
        "mean_target_delta": 1.5801043033599853,
        "mean_target_delta_fraction": 0.3297377498100592,
        "mean_target_effect": 0.46387438774108886,
        "mean_terse_rank": 1.0,
        "n": 5,
        "patched_best_other_route": {
          "continuation": 5
        },
        "patched_top1_rate": 1.0,
        "success_change_rate": 1.0
      },
      "restore|attn_mlp_delta|L26": {
        "mean_delta_attn_norm": 3.5205638885498045,
        "mean_delta_carry_est_norm": 13.8385009765625,
        "mean_delta_layer_norm": 16.109059143066407,
        "mean_delta_mlp_norm": 5.352456092834473,
        "mean_patched_rank": 1.4,
        "mean_pmv_effect": 0.2375,
        "mean_rank_effect": 0.6,
        "mean_short_rank": 2.0,
        "mean_target_delta": 1.5801043033599853,
        "mean_target_delta_fraction": 0.044296178273322474,
        "mean_target_effect": 0.0567131519317627,
        "mean_terse_rank": 1.0,
        "n": 5,
        "patched_best_other_route": {
          "continuation": 5
        },
        "patched_top1_rate": 0.6,
        "success_change_rate": 0.6
      },
      "restore|attn_mlp_delta|L27": {
        "mean_delta_attn_norm": 3.246475410461426,
        "mean_delta_carry_est_norm": 16.113224983215332,
        "mean_delta_layer_norm": 18.02225341796875,
        "mean_delta_mlp_norm": 4.960211181640625,
        "mean_patched_rank": 1.2,
        "mean_pmv_effect": 0.275,
        "mean_rank_effect": 0.8,
        "mean_short_rank": 2.0,
        "mean_target_delta": 1.5801043033599853,
        "mean_target_delta_fraction": 0.23774961302811604,
        "mean_target_effect": 0.3903790473937988,
        "mean_terse_rank": 1.0,
        "n": 5,
        "patched_best_other_route": {
          "continuation": 5
        },
        "patched_top1_rate": 0.8,
        "success_change_rate": 0.8
      },
      "restore|attn_mlp_delta|L28": {
        "mean_delta_attn_norm": 2.600210356712341,
        "mean_delta_carry_est_norm": 18.022699928283693,
        "mean_delta_layer_norm": 20.126527404785158,
        "mean_delta_mlp_norm": 5.589112949371338,
        "mean_patched_rank": 1.2,
        "mean_pmv_effect": 0.1625,
        "mean_rank_effect": 0.8,
        "mean_short_rank": 2.0,
        "mean_target_delta": 1.5801043033599853,
        "mean_target_delta_fraction": 0.1045464586686555,
        "mean_target_effect": 0.18737144470214845,
        "mean_terse_rank": 1.0,
        "n": 5,
        "patched_best_other_route": {
          "continuation": 5
        },
        "patched_top1_rate": 0.8,
        "success_change_rate": 0.8
      },
      "restore|attn_mlp_delta|L29": {
        "mean_delta_attn_norm": 5.975450229644776,
        "mean_delta_carry_est_norm": 20.103406143188476,
        "mean_delta_layer_norm": 22.92641372680664,
        "mean_delta_mlp_norm": 5.849491024017334,
        "mean_patched_rank": 1.2,
        "mean_pmv_effect": 0.25,
        "mean_rank_effect": 0.8,
        "mean_short_rank": 2.0,
        "mean_target_delta": 1.5801043033599853,
        "mean_target_delta_fraction": 0.3507430739516165,
        "mean_target_effect": 0.5560673236846924,
        "mean_terse_rank": 1.0,
        "n": 5,
        "patched_best_other_route": {
          "continuation": 5
        },
        "patched_top1_rate": 0.8,
        "success_change_rate": 0.8
      },
      "restore|attn_mlp_delta|L30": {
        "mean_delta_attn_norm": 2.638501739501953,
        "mean_delta_carry_est_norm": 22.94359931945801,
        "mean_delta_layer_norm": 25.04685401916504,
        "mean_delta_mlp_norm": 7.066538715362549,
        "mean_patched_rank": 1.2,
        "mean_pmv_effect": 0.0625,
        "mean_rank_effect": 0.8,
        "mean_short_rank": 2.0,
        "mean_target_delta": 1.5801043033599853,
        "mean_target_delta_fraction": -0.01670679481894414,
        "mean_target_effect": 0.030141258239746095,
        "mean_terse_rank": 1.0,
        "n": 5,
        "patched_best_other_route": {
          "continuation": 5
        },
        "patched_top1_rate": 0.8,
        "success_change_rate": 0.8
      },
      "restore|carry_est_layerout|L23": {
        "mean_delta_attn_norm": 2.8211475372314454,
        "mean_delta_carry_est_norm": 7.28975658416748,
        "mean_delta_layer_norm": 9.414237785339356,
        "mean_delta_mlp_norm": 4.800378322601318,
        "mean_patched_rank": 1.2,
        "mean_pmv_effect": 0.6625,
        "mean_rank_effect": 0.8,
        "mean_short_rank": 2.0,
        "mean_target_delta": 1.5801043033599853,
        "mean_target_delta_fraction": 0.15741191782431532,
        "mean_target_effect": 0.3293304920196533,
        "mean_terse_rank": 1.0,
        "n": 5,
        "patched_best_other_route": {
          "continuation": 4,
          "prose": 1
        },
        "patched_top1_rate": 0.8,
        "success_change_rate": 0.8
      },
      "restore|carry_est_layerout|L24": {
        "mean_delta_attn_norm": 2.557505178451538,
        "mean_delta_carry_est_norm": 9.416544532775879,
        "mean_delta_layer_norm": 11.417878341674804,
        "mean_delta_mlp_norm": 4.783820629119873,
        "mean_patched_rank": 1.0,
        "mean_pmv_effect": 1.325,
        "mean_rank_effect": 1.0,
        "mean_short_rank": 2.0,
        "mean_target_delta": 1.5801043033599853,
        "mean_target_delta_fraction": 0.6394152963873072,
        "mean_target_effect": 0.9874855279922485,
        "mean_terse_rank": 1.0,
        "n": 5,
        "patched_best_other_route": {
          "continuation": 2,
          "prose": 3
        },
        "patched_top1_rate": 1.0,
        "success_change_rate": 1.0
      },
      "restore|carry_est_layerout|L25": {
        "mean_delta_attn_norm": 2.116357421875,
        "mean_delta_carry_est_norm": 11.416929244995117,
        "mean_delta_layer_norm": 13.833181571960449,
        "mean_delta_mlp_norm": 5.638253688812256,
        "mean_patched_rank": 1.0,
        "mean_pmv_effect": 1.15,
        "mean_rank_effect": 1.0,
        "mean_short_rank": 2.0,
        "mean_target_delta": 1.5801043033599853,
        "mean_target_delta_fraction": 0.7808700746256966,
        "mean_target_effect": 1.263023591041565,
        "mean_terse_rank": 1.0,
        "n": 5,
        "patched_best_other_route": {
          "continuation": 2,
          "prose": 3
        },
        "patched_top1_rate": 1.0,
        "success_change_rate": 1.0
      },
      "restore|carry_est_layerout|L26": {
        "mean_delta_attn_norm": 3.5205638885498045,
        "mean_delta_carry_est_norm": 13.8385009765625,
        "mean_delta_layer_norm": 16.109059143066407,
        "mean_delta_mlp_norm": 5.352456092834473,
        "mean_patched_rank": 1.0,
        "mean_pmv_effect": 1.4875,
        "mean_rank_effect": 1.0,
        "mean_short_rank": 2.0,
        "mean_target_delta": 1.5801043033599853,
        "mean_target_delta_fraction": 0.7497530111027237,
        "mean_target_effect": 1.1752909183502198,
        "mean_terse_rank": 1.0,
        "n": 5,
        "patched_best_other_route": {
          "continuation": 2,
          "prose": 3
        },
        "patched_top1_rate": 1.0,
        "success_change_rate": 1.0
      },
      "restore|carry_est_layerout|L27": {
        "mean_delta_attn_norm": 3.246475410461426,
        "mean_delta_carry_est_norm": 16.113224983215332,
        "mean_delta_layer_norm": 18.02225341796875,
        "mean_delta_mlp_norm": 4.960211181640625,
        "mean_patched_rank": 1.0,
        "mean_pmv_effect": 1.65,
        "mean_rank_effect": 1.0,
        "mean_short_rank": 2.0,
        "mean_target_delta": 1.5801043033599853,
        "mean_target_delta_fraction": 0.7778755159286376,
        "mean_target_effect": 1.17987163066864,
        "mean_terse_rank": 1.0,
        "n": 5,
        "patched_best_other_route": {
          "continuation": 2,
          "prose": 3
        },
        "patched_top1_rate": 1.0,
        "success_change_rate": 1.0
      },
      "restore|carry_est_layerout|L28": {
        "mean_delta_attn_norm": 2.600210356712341,
        "mean_delta_carry_est_norm": 18.022699928283693,
        "mean_delta_layer_norm": 20.126527404785158,
        "mean_delta_mlp_norm": 5.589112949371338,
        "mean_patched_rank": 1.0,
        "mean_pmv_effect": 1.55,
        "mean_rank_effect": 1.0,
        "mean_short_rank": 2.0,
        "mean_target_delta": 1.5801043033599853,
        "mean_target_delta_fraction": 0.8171996671823883,
        "mean_target_effect": 1.2696454524993896,
        "mean_terse_rank": 1.0,
        "n": 5,
        "patched_best_other_route": {
          "continuation": 1,
          "prose": 4
        },
        "patched_top1_rate": 1.0,
        "success_change_rate": 1.0
      },
      "restore|carry_est_layerout|L29": {
        "mean_delta_attn_norm": 5.975450229644776,
        "mean_delta_carry_est_norm": 20.103406143188476,
        "mean_delta_layer_norm": 22.92641372680664,
        "mean_delta_mlp_norm": 5.849491024017334,
        "mean_patched_rank": 1.0,
        "mean_pmv_effect": 1.4625,
        "mean_rank_effect": 1.0,
        "mean_short_rank": 2.0,
        "mean_target_delta": 1.5801043033599853,
        "mean_target_delta_fraction": 0.6716804397723112,
        "mean_target_effect": 1.035969090461731,
        "mean_terse_rank": 1.0,
        "n": 5,
        "patched_best_other_route": {
          "continuation": 1,
          "prose": 4
        },
        "patched_top1_rate": 1.0,
        "success_change_rate": 1.0
      },
      "restore|carry_est_layerout|L30": {
        "mean_delta_attn_norm": 2.638501739501953,
        "mean_delta_carry_est_norm": 22.94359931945801,
        "mean_delta_layer_norm": 25.04685401916504,
        "mean_delta_mlp_norm": 7.066538715362549,
        "mean_patched_rank": 1.0,
        "mean_pmv_effect": 1.5,
        "mean_rank_effect": 1.0,
        "mean_short_rank": 2.0,
        "mean_target_delta": 1.5801043033599853,
        "mean_target_delta_fraction": 0.9880811916218365,
        "mean_target_effect": 1.494093155860901,
        "mean_terse_rank": 1.0,
        "n": 5,
        "patched_best_other_route": {
          "continuation": 2,
          "prose": 3
        },
        "patched_top1_rate": 1.0,
        "success_change_rate": 1.0
      },
      "restore|full_layer_delta|L23": {
        "mean_delta_attn_norm": 2.8211475372314454,
        "mean_delta_carry_est_norm": 7.28975658416748,
        "mean_delta_layer_norm": 9.414237785339356,
        "mean_delta_mlp_norm": 4.800378322601318,
        "mean_patched_rank": 1.0,
        "mean_pmv_effect": 1.5375,
        "mean_rank_effect": 1.0,
        "mean_short_rank": 2.0,
        "mean_target_delta": 1.5801043033599853,
        "mean_target_delta_fraction": 0.927293227915978,
        "mean_target_effect": 1.4510581016540527,
        "mean_terse_rank": 1.0,
        "n": 5,
        "patched_best_other_route": {
          "continuation": 1,
          "prose": 4
        },
        "patched_top1_rate": 1.0,
        "success_change_rate": 1.0
      },
      "restore|full_layer_delta|L24": {
        "mean_delta_attn_norm": 2.557505178451538,
        "mean_delta_carry_est_norm": 9.416544532775879,
        "mean_delta_layer_norm": 11.417878341674804,
        "mean_delta_mlp_norm": 4.783820629119873,
        "mean_patched_rank": 1.0,
        "mean_pmv_effect": 1.525,
        "mean_rank_effect": 1.0,
        "mean_short_rank": 2.0,
        "mean_target_delta": 1.5801043033599853,
        "mean_target_delta_fraction": 0.8516057161579826,
        "mean_target_effect": 1.3418050527572631,
        "mean_terse_rank": 1.0,
        "n": 5,
        "patched_best_other_route": {
          "continuation": 1,
          "prose": 4
        },
        "patched_top1_rate": 1.0,
        "success_change_rate": 1.0
      },
      "restore|full_layer_delta|L25": {
        "mean_delta_attn_norm": 2.116357421875,
        "mean_delta_carry_est_norm": 11.416929244995117,
        "mean_delta_layer_norm": 13.833181571960449,
        "mean_delta_mlp_norm": 5.638253688812256,
        "mean_patched_rank": 1.0,
        "mean_pmv_effect": 1.575,
        "mean_rank_effect": 1.0,
        "mean_short_rank": 2.0,
        "mean_target_delta": 1.5801043033599853,
        "mean_target_delta_fraction": 0.8921598489241743,
        "mean_target_effect": 1.3995846509933472,
        "mean_terse_rank": 1.0,
        "n": 5,
        "patched_best_other_route": {
          "continuation": 1,
          "prose": 4
        },
        "patched_top1_rate": 1.0,
        "success_change_rate": 1.0
      },
      "restore|full_layer_delta|L26": {
        "mean_delta_attn_norm": 3.5205638885498045,
        "mean_delta_carry_est_norm": 13.8385009765625,
        "mean_delta_layer_norm": 16.109059143066407,
        "mean_delta_mlp_norm": 5.352456092834473,
        "mean_patched_rank": 1.0,
        "mean_pmv_effect": 1.575,
        "mean_rank_effect": 1.0,
        "mean_short_rank": 2.0,
        "mean_target_delta": 1.5801043033599853,
        "mean_target_delta_fraction": 0.8857452659863885,
        "mean_target_effect": 1.3981186389923095,
        "mean_terse_rank": 1.0,
        "n": 5,
        "patched_best_other_route": {
          "continuation": 1,
          "prose": 4
        },
        "patched_top1_rate": 1.0,
        "success_change_rate": 1.0
      },
      "restore|full_layer_delta|L27": {
        "mean_delta_attn_norm": 3.246475410461426,
        "mean_delta_carry_est_norm": 16.113224983215332,
        "mean_delta_layer_norm": 18.02225341796875,
        "mean_delta_mlp_norm": 4.960211181640625,
        "mean_patched_rank": 1.0,
        "mean_pmv_effect": 1.65,
        "mean_rank_effect": 1.0,
        "mean_short_rank": 2.0,
        "mean_target_delta": 1.5801043033599853,
        "mean_target_delta_fraction": 0.9754318026273004,
        "mean_target_effect": 1.5379061698913574,
        "mean_terse_rank": 1.0,
        "n": 5,
        "patched_best_other_route": {
          "continuation": 1,
          "prose": 4
        },
        "patched_top1_rate": 1.0,
        "success_change_rate": 1.0
      },
      "restore|full_layer_delta|L28": {
        "mean_delta_attn_norm": 2.600210356712341,
        "mean_delta_carry_est_norm": 18.022699928283693,
        "mean_delta_layer_norm": 20.126527404785158,
        "mean_delta_mlp_norm": 5.589112949371338,
        "mean_patched_rank": 1.0,
        "mean_pmv_effect": 1.55,
        "mean_rank_effect": 1.0,
        "mean_short_rank": 2.0,
        "mean_target_delta": 1.5801043033599853,
        "mean_target_delta_fraction": 0.954792941289066,
        "mean_target_effect": 1.5226923942565918,
        "mean_terse_rank": 1.0,
        "n": 5,
        "patched_best_other_route": {
          "continuation": 1,
          "prose": 4
        },
        "patched_top1_rate": 1.0,
        "success_change_rate": 1.0
      },
      "restore|full_layer_delta|L29": {
        "mean_delta_attn_norm": 5.975450229644776,
        "mean_delta_carry_est_norm": 20.103406143188476,
        "mean_delta_layer_norm": 22.92641372680664,
        "mean_delta_mlp_norm": 5.849491024017334,
        "mean_patched_rank": 1.0,
        "mean_pmv_effect": 1.55,
        "mean_rank_effect": 1.0,
        "mean_short_rank": 2.0,
        "mean_target_delta": 1.5801043033599853,
        "mean_target_delta_fraction": 0.9617200859303822,
        "mean_target_effect": 1.5297123432159423,
        "mean_terse_rank": 1.0,
        "n": 5,
        "patched_best_other_route": {
          "prose": 5
        },
        "patched_top1_rate": 1.0,
        "success_change_rate": 1.0
      },
      "restore|full_layer_delta|L30": {
        "mean_delta_attn_norm": 2.638501739501953,
        "mean_delta_carry_est_norm": 22.94359931945801,
        "mean_delta_layer_norm": 25.04685401916504,
        "mean_delta_mlp_norm": 7.066538715362549,
        "mean_patched_rank": 1.0,
        "mean_pmv_effect": 1.55,
        "mean_rank_effect": 1.0,
        "mean_short_rank": 2.0,
        "mean_target_delta": 1.5801043033599853,
        "mean_target_delta_fraction": 0.9723635322966478,
        "mean_target_effect": 1.5461069583892821,
        "mean_terse_rank": 1.0,
        "n": 5,
        "patched_best_other_route": {
          "prose": 5
        },
        "patched_top1_rate": 1.0,
        "success_change_rate": 1.0
      },
      "restore|layer_minus_attn_delta|L23": {
        "mean_delta_attn_norm": 2.8211475372314454,
        "mean_delta_carry_est_norm": 7.28975658416748,
        "mean_delta_layer_norm": 9.414237785339356,
        "mean_delta_mlp_norm": 4.800378322601318,
        "mean_patched_rank": 1.0,
        "mean_pmv_effect": 1.5,
        "mean_rank_effect": 1.0,
        "mean_short_rank": 2.0,
        "mean_target_delta": 1.5801043033599853,
        "mean_target_delta_fraction": 0.7644915321389005,
        "mean_target_effect": 1.2328798294067382,
        "mean_terse_rank": 1.0,
        "n": 5,
        "patched_best_other_route": {
          "continuation": 1,
          "prose": 4
        },
        "patched_top1_rate": 1.0,
        "success_change_rate": 1.0
      },
      "restore|layer_minus_attn_delta|L24": {
        "mean_delta_attn_norm": 2.557505178451538,
        "mean_delta_carry_est_norm": 9.416544532775879,
        "mean_delta_layer_norm": 11.417878341674804,
        "mean_delta_mlp_norm": 4.783820629119873,
        "mean_patched_rank": 1.0,
        "mean_pmv_effect": 1.625,
        "mean_rank_effect": 1.0,
        "mean_short_rank": 2.0,
        "mean_target_delta": 1.5801043033599853,
        "mean_target_delta_fraction": 0.8880769160444568,
        "mean_target_effect": 1.3781992197036743,
        "mean_terse_rank": 1.0,
        "n": 5,
        "patched_best_other_route": {
          "continuation": 1,
          "prose": 4
        },
        "patched_top1_rate": 1.0,
        "success_change_rate": 1.0
      },
      "restore|layer_minus_attn_delta|L25": {
        "mean_delta_attn_norm": 2.116357421875,
        "mean_delta_carry_est_norm": 11.416929244995117,
        "mean_delta_layer_norm": 13.833181571960449,
        "mean_delta_mlp_norm": 5.638253688812256,
        "mean_patched_rank": 1.0,
        "mean_pmv_effect": 1.4625,
        "mean_rank_effect": 1.0,
        "mean_short_rank": 2.0,
        "mean_target_delta": 1.5801043033599853,
        "mean_target_delta_fraction": 0.8927477968742984,
        "mean_target_effect": 1.4563519716262818,
        "mean_terse_rank": 1.0,
        "n": 5,
        "patched_best_other_route": {
          "continuation": 1,
          "prose": 4
        },
        "patched_top1_rate": 1.0,
        "success_change_rate": 1.0
      },
      "restore|layer_minus_attn_delta|L26": {
        "mean_delta_attn_norm": 3.5205638885498045,
        "mean_delta_carry_est_norm": 13.8385009765625,
        "mean_delta_layer_norm": 16.109059143066407,
        "mean_delta_mlp_norm": 5.352456092834473,
        "mean_patched_rank": 1.0,
        "mean_pmv_effect": 1.575,
        "mean_rank_effect": 1.0,
        "mean_short_rank": 2.0,
        "mean_target_delta": 1.5801043033599853,
        "mean_target_delta_fraction": 0.9293464140879433,
        "mean_target_effect": 1.445229411125183,
        "mean_terse_rank": 1.0,
        "n": 5,
        "patched_best_other_route": {
          "continuation": 1,
          "prose": 4
        },
        "patched_top1_rate": 1.0,
        "success_change_rate": 1.0
      },
      "restore|layer_minus_attn_delta|L27": {
        "mean_delta_attn_norm": 3.246475410461426,
        "mean_delta_carry_est_norm": 16.113224983215332,
        "mean_delta_layer_norm": 18.02225341796875,
        "mean_delta_mlp_norm": 4.960211181640625,
        "mean_patched_rank": 1.0,
        "mean_pmv_effect": 1.65,
        "mean_rank_effect": 1.0,
        "mean_short_rank": 2.0,
        "mean_target_delta": 1.5801043033599853,
        "mean_target_delta_fraction": 0.843629042980584,
        "mean_target_effect": 1.332394051551819,
        "mean_terse_rank": 1.0,
        "n": 5,
        "patched_best_other_route": {
          "continuation": 1,
          "prose": 4
        },
        "patched_top1_rate": 1.0,
        "success_change_rate": 1.0
      },
      "restore|layer_minus_attn_delta|L28": {
        "mean_delta_attn_norm": 2.600210356712341,
        "mean_delta_carry_est_norm": 18.022699928283693,
        "mean_delta_layer_norm": 20.126527404785158,
        "mean_delta_mlp_norm": 5.589112949371338,
        "mean_patched_rank": 1.0,
        "mean_pmv_effect": 1.55,
        "mean_rank_effect": 1.0,
        "mean_short_rank": 2.0,
        "mean_target_delta": 1.5801043033599853,
        "mean_target_delta_fraction": 0.9234940146017552,
        "mean_target_effect": 1.4583136558532714,
        "mean_terse_rank": 1.0,
        "n": 5,
        "patched_best_other_route": {
          "prose": 5
        },
        "patched_top1_rate": 1.0,
        "success_change_rate": 1.0
      },
      "restore|layer_minus_attn_delta|L29": {
        "mean_delta_attn_norm": 5.975450229644776,
        "mean_delta_carry_est_norm": 20.103406143188476,
        "mean_delta_layer_norm": 22.92641372680664,
        "mean_delta_mlp_norm": 5.849491024017334,
        "mean_patched_rank": 1.0,
        "mean_pmv_effect": 1.5125,
        "mean_rank_effect": 1.0,
        "mean_short_rank": 2.0,
        "mean_target_delta": 1.5801043033599853,
        "mean_target_delta_fraction": 0.8629436112742507,
        "mean_target_effect": 1.3484308004379273,
        "mean_terse_rank": 1.0,
        "n": 5,
        "patched_best_other_route": {
          "continuation": 1,
          "prose": 4
        },
        "patched_top1_rate": 1.0,
        "success_change_rate": 1.0
      },
      "restore|layer_minus_attn_delta|L30": {
        "mean_delta_attn_norm": 2.638501739501953,
        "mean_delta_carry_est_norm": 22.94359931945801,
        "mean_delta_layer_norm": 25.04685401916504,
        "mean_delta_mlp_norm": 7.066538715362549,
        "mean_patched_rank": 1.0,
        "mean_pmv_effect": 1.5,
        "mean_rank_effect": 1.0,
        "mean_short_rank": 2.0,
        "mean_target_delta": 1.5801043033599853,
        "mean_target_delta_fraction": 0.9807252680101982,
        "mean_target_effect": 1.565488910675049,
        "mean_terse_rank": 1.0,
        "n": 5,
        "patched_best_other_route": {
          "continuation": 1,
          "prose": 4
        },
        "patched_top1_rate": 1.0,
        "success_change_rate": 1.0
      },
      "restore|layer_minus_mlp_delta|L23": {
        "mean_delta_attn_norm": 2.8211475372314454,
        "mean_delta_carry_est_norm": 7.28975658416748,
        "mean_delta_layer_norm": 9.414237785339356,
        "mean_delta_mlp_norm": 4.800378322601318,
        "mean_patched_rank": 1.2,
        "mean_pmv_effect": 0.7625,
        "mean_rank_effect": 0.8,
        "mean_short_rank": 2.0,
        "mean_target_delta": 1.5801043033599853,
        "mean_target_delta_fraction": 0.3905421661961596,
        "mean_target_effect": 0.6579948425292969,
        "mean_terse_rank": 1.0,
        "n": 5,
        "patched_best_other_route": {
          "prose": 5
        },
        "patched_top1_rate": 0.8,
        "success_change_rate": 0.8
      },
      "restore|layer_minus_mlp_delta|L24": {
        "mean_delta_attn_norm": 2.557505178451538,
        "mean_delta_carry_est_norm": 9.416544532775879,
        "mean_delta_layer_norm": 11.417878341674804,
        "mean_delta_mlp_norm": 4.783820629119873,
        "mean_patched_rank": 1.0,
        "mean_pmv_effect": 1.2125,
        "mean_rank_effect": 1.0,
        "mean_short_rank": 2.0,
        "mean_target_delta": 1.5801043033599853,
        "mean_target_delta_fraction": 0.6226837307121869,
        "mean_target_effect": 0.9835196495056152,
        "mean_terse_rank": 1.0,
        "n": 5,
        "patched_best_other_route": {
          "continuation": 2,
          "prose": 3
        },
        "patched_top1_rate": 1.0,
        "success_change_rate": 1.0
      },
      "restore|layer_minus_mlp_delta|L25": {
        "mean_delta_attn_norm": 2.116357421875,
        "mean_delta_carry_est_norm": 11.416929244995117,
        "mean_delta_layer_norm": 13.833181571960449,
        "mean_delta_mlp_norm": 5.638253688812256,
        "mean_patched_rank": 1.0,
        "mean_pmv_effect": 1.2125,
        "mean_rank_effect": 1.0,
        "mean_short_rank": 2.0,
        "mean_target_delta": 1.5801043033599853,
        "mean_target_delta_fraction": 0.7474652590450941,
        "mean_target_effect": 1.158699369430542,
        "mean_terse_rank": 1.0,
        "n": 5,
        "patched_best_other_route": {
          "continuation": 2,
          "prose": 3
        },
        "patched_top1_rate": 1.0,
        "success_change_rate": 1.0
      },
      "restore|layer_minus_mlp_delta|L26": {
        "mean_delta_attn_norm": 3.5205638885498045,
        "mean_delta_carry_est_norm": 13.8385009765625,
        "mean_delta_layer_norm": 16.109059143066407,
        "mean_delta_mlp_norm": 5.352456092834473,
        "mean_patched_rank": 1.0,
        "mean_pmv_effect": 1.4625,
        "mean_rank_effect": 1.0,
        "mean_short_rank": 2.0,
        "mean_target_delta": 1.5801043033599853,
        "mean_target_delta_fraction": 0.7515670048657117,
        "mean_target_effect": 1.1817667484283447,
        "mean_terse_rank": 1.0,
        "n": 5,
        "patched_best_other_route": {
          "continuation": 2,
          "prose": 3
        },
        "patched_top1_rate": 1.0,
        "success_change_rate": 1.0
      },
      "restore|layer_minus_mlp_delta|L27": {
        "mean_delta_attn_norm": 3.246475410461426,
        "mean_delta_carry_est_norm": 16.113224983215332,
        "mean_delta_layer_norm": 18.02225341796875,
        "mean_delta_mlp_norm": 4.960211181640625,
        "mean_patched_rank": 1.0,
        "mean_pmv_effect": 1.6125,
        "mean_rank_effect": 1.0,
        "mean_short_rank": 2.0,
        "mean_target_delta": 1.5801043033599853,
        "mean_target_delta_fraction": 0.8762383768385762,
        "mean_target_effect": 1.344203782081604,
        "mean_terse_rank": 1.0,
        "n": 5,
        "patched_best_other_route": {
          "continuation": 1,
          "prose": 4
        },
        "patched_top1_rate": 1.0,
        "success_change_rate": 1.0
      },
      "restore|layer_minus_mlp_delta|L28": {
        "mean_delta_attn_norm": 2.600210356712341,
        "mean_delta_carry_est_norm": 18.022699928283693,
        "mean_delta_layer_norm": 20.126527404785158,
        "mean_delta_mlp_norm": 5.589112949371338,
        "mean_patched_rank": 1.0,
        "mean_pmv_effect": 1.5625,
        "mean_rank_effect": 1.0,
        "mean_short_rank": 2.0,
        "mean_target_delta": 1.5801043033599853,
        "mean_target_delta_fraction": 0.8932596679481266,
        "mean_target_effect": 1.3951312065124513,
        "mean_terse_rank": 1.0,
        "n": 5,
        "patched_best_other_route": {
          "continuation": 1,
          "prose": 4
        },
        "patched_top1_rate": 1.0,
        "success_change_rate": 1.0
      },
      "restore|layer_minus_mlp_delta|L29": {
        "mean_delta_attn_norm": 5.975450229644776,
        "mean_delta_carry_est_norm": 20.103406143188476,
        "mean_delta_layer_norm": 22.92641372680664,
        "mean_delta_mlp_norm": 5.849491024017334,
        "mean_patched_rank": 1.0,
        "mean_pmv_effect": 1.4625,
        "mean_rank_effect": 1.0,
        "mean_short_rank": 2.0,
        "mean_target_delta": 1.5801043033599853,
        "mean_target_delta_fraction": 0.7831067654274939,
        "mean_target_effect": 1.2149713277816772,
        "mean_terse_rank": 1.0,
        "n": 5,
        "patched_best_other_route": {
          "continuation": 1,
          "prose": 4
        },
        "patched_top1_rate": 1.0,
        "success_change_rate": 1.0
      },
      "restore|layer_minus_mlp_delta|L30": {
        "mean_delta_attn_norm": 2.638501739501953,
        "mean_delta_carry_est_norm": 22.94359931945801,
        "mean_delta_layer_norm": 25.04685401916504,
        "mean_delta_mlp_norm": 7.066538715362549,
        "mean_patched_rank": 1.0,
        "mean_pmv_effect": 1.55,
        "mean_rank_effect": 1.0,
        "mean_short_rank": 2.0,
        "mean_target_delta": 1.5801043033599853,
        "mean_target_delta_fraction": 0.9930710567612078,
        "mean_target_effect": 1.504681158065796,
        "mean_terse_rank": 1.0,
        "n": 5,
        "patched_best_other_route": {
          "continuation": 2,
          "prose": 3
        },
        "patched_top1_rate": 1.0,
        "success_change_rate": 1.0
      },
      "restore|mlp_delta|L23": {
        "mean_delta_attn_norm": 2.8211475372314454,
        "mean_delta_carry_est_norm": 7.28975658416748,
        "mean_delta_layer_norm": 9.414237785339356,
        "mean_delta_mlp_norm": 4.800378322601318,
        "mean_patched_rank": 1.0,
        "mean_pmv_effect": 1.2125,
        "mean_rank_effect": 1.0,
        "mean_short_rank": 2.0,
        "mean_target_delta": 1.5801043033599853,
        "mean_target_delta_fraction": 0.5770235361136745,
        "mean_target_effect": 0.8194437503814698,
        "mean_terse_rank": 1.0,
        "n": 5,
        "patched_best_other_route": {
          "continuation": 5
        },
        "patched_top1_rate": 1.0,
        "success_change_rate": 1.0
      },
      "restore|mlp_delta|L24": {
        "mean_delta_attn_norm": 2.557505178451538,
        "mean_delta_carry_est_norm": 9.416544532775879,
        "mean_delta_layer_norm": 11.417878341674804,
        "mean_delta_mlp_norm": 4.783820629119873,
        "mean_patched_rank": 1.0,
        "mean_pmv_effect": 0.5,
        "mean_rank_effect": 1.0,
        "mean_short_rank": 2.0,
        "mean_target_delta": 1.5801043033599853,
        "mean_target_delta_fraction": 0.2853416518769337,
        "mean_target_effect": 0.4209726333618164,
        "mean_terse_rank": 1.0,
        "n": 5,
        "patched_best_other_route": {
          "continuation": 5
        },
        "patched_top1_rate": 1.0,
        "success_change_rate": 1.0
      },
      "restore|mlp_delta|L25": {
        "mean_delta_attn_norm": 2.116357421875,
        "mean_delta_carry_est_norm": 11.416929244995117,
        "mean_delta_layer_norm": 13.833181571960449,
        "mean_delta_mlp_norm": 5.638253688812256,
        "mean_patched_rank": 1.0,
        "mean_pmv_effect": 0.7,
        "mean_rank_effect": 1.0,
        "mean_short_rank": 2.0,
        "mean_target_delta": 1.5801043033599853,
        "mean_target_delta_fraction": 0.2858402115055728,
        "mean_target_effect": 0.4439994812011719,
        "mean_terse_rank": 1.0,
        "n": 5,
        "patched_best_other_route": {
          "continuation": 5
        },
        "patched_top1_rate": 1.0,
        "success_change_rate": 1.0
      },
      "restore|mlp_delta|L26": {
        "mean_delta_attn_norm": 3.5205638885498045,
        "mean_delta_carry_est_norm": 13.8385009765625,
        "mean_delta_layer_norm": 16.109059143066407,
        "mean_delta_mlp_norm": 5.352456092834473,
        "mean_patched_rank": 1.2,
        "mean_pmv_effect": 0.3875,
        "mean_rank_effect": 0.8,
        "mean_short_rank": 2.0,
        "mean_target_delta": 1.5801043033599853,
        "mean_target_delta_fraction": 0.19915630756985564,
        "mean_target_effect": 0.2933062553405762,
        "mean_terse_rank": 1.0,
        "n": 5,
        "patched_best_other_route": {
          "continuation": 5
        },
        "patched_top1_rate": 0.8,
        "success_change_rate": 0.8
      },
      "restore|mlp_delta|L27": {
        "mean_delta_attn_norm": 3.246475410461426,
        "mean_delta_carry_est_norm": 16.113224983215332,
        "mean_delta_layer_norm": 18.02225341796875,
        "mean_delta_mlp_norm": 4.960211181640625,
        "mean_patched_rank": 1.6,
        "mean_pmv_effect": 0.1,
        "mean_rank_effect": 0.4,
        "mean_short_rank": 2.0,
        "mean_target_delta": 1.5801043033599853,
        "mean_target_delta_fraction": 0.0037875180310212838,
        "mean_target_effect": 0.04069361686706543,
        "mean_terse_rank": 1.0,
        "n": 5,
        "patched_best_other_route": {
          "continuation": 5
        },
        "patched_top1_rate": 0.4,
        "success_change_rate": 0.4
      },
      "restore|mlp_delta|L28": {
        "mean_delta_attn_norm": 2.600210356712341,
        "mean_delta_carry_est_norm": 18.022699928283693,
        "mean_delta_layer_norm": 20.126527404785158,
        "mean_delta_mlp_norm": 5.589112949371338,
        "mean_patched_rank": 1.4,
        "mean_pmv_effect": 0.15,
        "mean_rank_effect": 0.6,
        "mean_short_rank": 2.0,
        "mean_target_delta": 1.5801043033599853,
        "mean_target_delta_fraction": 0.08789406366012223,
        "mean_target_effect": 0.14060559272766113,
        "mean_terse_rank": 1.0,
        "n": 5,
        "patched_best_other_route": {
          "continuation": 5
        },
        "patched_top1_rate": 0.6,
        "success_change_rate": 0.6
      },
      "restore|mlp_delta|L29": {
        "mean_delta_attn_norm": 5.975450229644776,
        "mean_delta_carry_est_norm": 20.103406143188476,
        "mean_delta_layer_norm": 22.92641372680664,
        "mean_delta_mlp_norm": 5.849491024017334,
        "mean_patched_rank": 1.4,
        "mean_pmv_effect": 0.1,
        "mean_rank_effect": 0.6,
        "mean_short_rank": 2.0,
        "mean_target_delta": 1.5801043033599853,
        "mean_target_delta_fraction": 0.1740260236021305,
        "mean_target_effect": 0.2957061767578125,
        "mean_terse_rank": 1.0,
        "n": 5,
        "patched_best_other_route": {
          "continuation": 5
        },
        "patched_top1_rate": 0.6,
        "success_change_rate": 0.6
      },
      "restore|mlp_delta|L30": {
        "mean_delta_attn_norm": 2.638501739501953,
        "mean_delta_carry_est_norm": 22.94359931945801,
        "mean_delta_layer_norm": 25.04685401916504,
        "mean_delta_mlp_norm": 7.066538715362549,
        "mean_patched_rank": 1.4,
        "mean_pmv_effect": 0.05,
        "mean_rank_effect": 0.6,
        "mean_short_rank": 2.0,
        "mean_target_delta": 1.5801043033599853,
        "mean_target_delta_fraction": -0.013368806540206214,
        "mean_target_effect": 0.04026179313659668,
        "mean_terse_rank": 1.0,
        "n": 5,
        "patched_best_other_route": {
          "continuation": 5
        },
        "patched_top1_rate": 0.6,
        "success_change_rate": 0.6
      },
      "restore|random_layer_same_norm|L23": {
        "mean_delta_attn_norm": 2.8211475372314454,
        "mean_delta_carry_est_norm": 7.28975658416748,
        "mean_delta_layer_norm": 9.414237785339356,
        "mean_delta_mlp_norm": 4.800378322601318,
        "mean_patched_rank": 2.0,
        "mean_pmv_effect": -0.2125,
        "mean_rank_effect": 0.0,
        "mean_short_rank": 2.0,
        "mean_target_delta": 1.5801043033599853,
        "mean_target_delta_fraction": -0.2942406150202649,
        "mean_target_effect": -0.2306027889251709,
        "mean_terse_rank": 1.0,
        "n": 5,
        "patched_best_other_route": {
          "continuation": 5
        },
        "patched_top1_rate": 0.2,
        "success_change_rate": 0.2
      },
      "restore|random_layer_same_norm|L24": {
        "mean_delta_attn_norm": 2.557505178451538,
        "mean_delta_carry_est_norm": 9.416544532775879,
        "mean_delta_layer_norm": 11.417878341674804,
        "mean_delta_mlp_norm": 4.783820629119873,
        "mean_patched_rank": 1.8,
        "mean_pmv_effect": -0.6,
        "mean_rank_effect": 0.2,
        "mean_short_rank": 2.0,
        "mean_target_delta": 1.5801043033599853,
        "mean_target_delta_fraction": -0.0944976492230417,
        "mean_target_effect": -0.18225274085998536,
        "mean_terse_rank": 1.0,
        "n": 5,
        "patched_best_other_route": {
          "continuation": 5
        },
        "patched_top1_rate": 0.2,
        "success_change_rate": 0.2
      },
      "restore|random_layer_same_norm|L25": {
        "mean_delta_attn_norm": 2.116357421875,
        "mean_delta_carry_est_norm": 11.416929244995117,
        "mean_delta_layer_norm": 13.833181571960449,
        "mean_delta_mlp_norm": 5.638253688812256,
        "mean_patched_rank": 1.6,
        "mean_pmv_effect": 0.025,
        "mean_rank_effect": 0.4,
        "mean_short_rank": 2.0,
        "mean_target_delta": 1.5801043033599853,
        "mean_target_delta_fraction": 0.262444365167242,
        "mean_target_effect": 0.5177041292190552,
        "mean_terse_rank": 1.0,
        "n": 5,
        "patched_best_other_route": {
          "continuation": 5
        },
        "patched_top1_rate": 0.4,
        "success_change_rate": 0.4
      },
      "restore|random_layer_same_norm|L26": {
        "mean_delta_attn_norm": 3.5205638885498045,
        "mean_delta_carry_est_norm": 13.8385009765625,
        "mean_delta_layer_norm": 16.109059143066407,
        "mean_delta_mlp_norm": 5.352456092834473,
        "mean_patched_rank": 2.0,
        "mean_pmv_effect": -0.28125,
        "mean_rank_effect": 0.0,
        "mean_short_rank": 2.0,
        "mean_target_delta": 1.5801043033599853,
        "mean_target_delta_fraction": -0.000733867322241466,
        "mean_target_effect": 0.07682132720947266,
        "mean_terse_rank": 1.0,
        "n": 5,
        "patched_best_other_route": {
          "continuation": 5
        },
        "patched_top1_rate": 0.0,
        "success_change_rate": 0.0
      },
      "restore|random_layer_same_norm|L27": {
        "mean_delta_attn_norm": 3.246475410461426,
        "mean_delta_carry_est_norm": 16.113224983215332,
        "mean_delta_layer_norm": 18.02225341796875,
        "mean_delta_mlp_norm": 4.960211181640625,
        "mean_patched_rank": 2.0,
        "mean_pmv_effect": -0.15,
        "mean_rank_effect": 0.0,
        "mean_short_rank": 2.0,
        "mean_target_delta": 1.5801043033599853,
        "mean_target_delta_fraction": 0.15260030511137007,
        "mean_target_effect": 0.36985173225402834,
        "mean_terse_rank": 1.0,
        "n": 5,
        "patched_best_other_route": {
          "continuation": 5
        },
        "patched_top1_rate": 0.0,
        "success_change_rate": 0.0
      },
      "restore|random_layer_same_norm|L28": {
        "mean_delta_attn_norm": 2.600210356712341,
        "mean_delta_carry_est_norm": 18.022699928283693,
        "mean_delta_layer_norm": 20.126527404785158,
        "mean_delta_mlp_norm": 5.589112949371338,
        "mean_patched_rank": 2.0,
        "mean_pmv_effect": 0.2125,
        "mean_rank_effect": 0.0,
        "mean_short_rank": 2.0,
        "mean_target_delta": 1.5801043033599853,
        "mean_target_delta_fraction": -0.05060683687506271,
        "mean_target_effect": -0.11537494659423828,
        "mean_terse_rank": 1.0,
        "n": 5,
        "patched_best_other_route": {
          "continuation": 5
        },
        "patched_top1_rate": 0.2,
        "success_change_rate": 0.2
      },
      "restore|random_layer_same_norm|L29": {
        "mean_delta_attn_norm": 5.975450229644776,
        "mean_delta_carry_est_norm": 20.103406143188476,
        "mean_delta_layer_norm": 22.92641372680664,
        "mean_delta_mlp_norm": 5.849491024017334,
        "mean_patched_rank": 2.0,
        "mean_pmv_effect": -0.3,
        "mean_rank_effect": 0.0,
        "mean_short_rank": 2.0,
        "mean_target_delta": 1.5801043033599853,
        "mean_target_delta_fraction": 0.2092323467776956,
        "mean_target_effect": 0.3856390953063965,
        "mean_terse_rank": 1.0,
        "n": 5,
        "patched_best_other_route": {
          "continuation": 5
        },
        "patched_top1_rate": 0.2,
        "success_change_rate": 0.2
      },
      "restore|random_layer_same_norm|L30": {
        "mean_delta_attn_norm": 2.638501739501953,
        "mean_delta_carry_est_norm": 22.94359931945801,
        "mean_delta_layer_norm": 25.04685401916504,
        "mean_delta_mlp_norm": 7.066538715362549,
        "mean_patched_rank": 1.4,
        "mean_pmv_effect": 0.55,
        "mean_rank_effect": 0.6,
        "mean_short_rank": 2.0,
        "mean_target_delta": 1.5801043033599853,
        "mean_target_delta_fraction": 0.26152703023090207,
        "mean_target_effect": 0.3692485809326172,
        "mean_terse_rank": 1.0,
        "n": 5,
        "patched_best_other_route": {
          "continuation": 5
        },
        "patched_top1_rate": 0.6,
        "success_change_rate": 0.6
      }
    },
    "by_mode": {
      "degradation|attn_mlp_replace_short": {
        "mean_delta_attn_norm": 3.1845264703035356,
        "mean_delta_carry_est_norm": 14.89308271408081,
        "mean_delta_layer_norm": 17.112050676345824,
        "mean_delta_mlp_norm": 5.5050328254699705,
        "mean_patched_rank": 1.025,
        "mean_pmv_effect": 0.18203125,
        "mean_rank_effect": 0.025,
        "mean_short_rank": 2.0,
        "mean_target_delta": 1.5801043033599853,
        "mean_target_delta_fraction": 0.21358898573630633,
        "mean_target_effect": 0.3451723664999008,
        "mean_terse_rank": 1.0,
        "n": 40,
        "patched_best_other_route": {
          "continuation": 14,
          "prose": 26
        },
        "patched_top1_rate": 0.975,
        "success_change_rate": 0.025
      },
      "degradation|attn_replace_short": {
        "mean_delta_attn_norm": 3.1845264703035356,
        "mean_delta_carry_est_norm": 14.89308271408081,
        "mean_delta_layer_norm": 17.112050676345824,
        "mean_delta_mlp_norm": 5.5050328254699705,
        "mean_patched_rank": 1.0,
        "mean_pmv_effect": -0.003125,
        "mean_rank_effect": 0.0,
        "mean_short_rank": 2.0,
        "mean_target_delta": 1.5801043033599853,
        "mean_target_delta_fraction": 0.047779012294800825,
        "mean_target_effect": 0.061118555068969724,
        "mean_terse_rank": 1.0,
        "n": 40,
        "patched_best_other_route": {
          "continuation": 2,
          "prose": 38
        },
        "patched_top1_rate": 1.0,
        "success_change_rate": 0.0
      },
      "degradation|full_layer_replace_short": {
        "mean_delta_attn_norm": 3.1845264703035356,
        "mean_delta_carry_est_norm": 14.89308271408081,
        "mean_delta_layer_norm": 17.112050676345824,
        "mean_delta_mlp_norm": 5.5050328254699705,
        "mean_patched_rank": 1.375,
        "mean_pmv_effect": 1.384375,
        "mean_rank_effect": 0.375,
        "mean_short_rank": 2.0,
        "mean_target_delta": 1.5801043033599853,
        "mean_target_delta_fraction": 0.8965103694151054,
        "mean_target_effect": 1.4106421709060668,
        "mean_terse_rank": 1.0,
        "n": 40,
        "patched_best_other_route": {
          "continuation": 40
        },
        "patched_top1_rate": 0.625,
        "success_change_rate": 0.375
      },
      "degradation|mlp_replace_short": {
        "mean_delta_attn_norm": 3.1845264703035356,
        "mean_delta_carry_est_norm": 14.89308271408081,
        "mean_delta_layer_norm": 17.112050676345824,
        "mean_delta_mlp_norm": 5.5050328254699705,
        "mean_patched_rank": 1.0,
        "mean_pmv_effect": 0.15625,
        "mean_rank_effect": 0.0,
        "mean_short_rank": 2.0,
        "mean_target_delta": 1.5801043033599853,
        "mean_target_delta_fraction": 0.15783610147160107,
        "mean_target_effect": 0.2599089205265045,
        "mean_terse_rank": 1.0,
        "n": 40,
        "patched_best_other_route": {
          "continuation": 10,
          "prose": 30
        },
        "patched_top1_rate": 1.0,
        "success_change_rate": 0.0
      },
      "degradation|random_layer_same_norm": {
        "mean_delta_attn_norm": 3.1845264703035356,
        "mean_delta_carry_est_norm": 14.89308271408081,
        "mean_delta_layer_norm": 17.112050676345824,
        "mean_delta_mlp_norm": 5.5050328254699705,
        "mean_patched_rank": 1.025,
        "mean_pmv_effect": 0.0484375,
        "mean_rank_effect": 0.025,
        "mean_short_rank": 2.0,
        "mean_target_delta": 1.5801043033599853,
        "mean_target_delta_fraction": 0.03811359691401154,
        "mean_target_effect": 0.04806500226259232,
        "mean_terse_rank": 1.0,
        "n": 40,
        "patched_best_other_route": {
          "continuation": 5,
          "prose": 35
        },
        "patched_top1_rate": 0.975,
        "success_change_rate": 0.025
      },
      "degradation|remove_attn_est_layerout": {
        "mean_delta_attn_norm": 3.1845264703035356,
        "mean_delta_carry_est_norm": 14.89308271408081,
        "mean_delta_layer_norm": 17.112050676345824,
        "mean_delta_mlp_norm": 5.5050328254699705,
        "mean_patched_rank": 1.0,
        "mean_pmv_effect": -0.00859375,
        "mean_rank_effect": 0.0,
        "mean_short_rank": 2.0,
        "mean_target_delta": 1.5801043033599853,
        "mean_target_delta_fraction": 0.0549449301753225,
        "mean_target_effect": 0.07058401703834534,
        "mean_terse_rank": 1.0,
        "n": 40,
        "patched_best_other_route": {
          "continuation": 2,
          "prose": 38
        },
        "patched_top1_rate": 1.0,
        "success_change_rate": 0.0
      },
      "degradation|remove_carry_est_layerout": {
        "mean_delta_attn_norm": 3.1845264703035356,
        "mean_delta_carry_est_norm": 14.89308271408081,
        "mean_delta_layer_norm": 17.112050676345824,
        "mean_delta_mlp_norm": 5.5050328254699705,
        "mean_patched_rank": 1.125,
        "mean_pmv_effect": 0.9703125,
        "mean_rank_effect": 0.125,
        "mean_short_rank": 2.0,
        "mean_target_delta": 1.5801043033599853,
        "mean_target_delta_fraction": 0.6461772755003088,
        "mean_target_effect": 1.0323061734437942,
        "mean_terse_rank": 1.0,
        "n": 40,
        "patched_best_other_route": {
          "continuation": 40
        },
        "patched_top1_rate": 0.9,
        "success_change_rate": 0.1
      },
      "degradation|remove_mlp_est_layerout": {
        "mean_delta_attn_norm": 3.1845264703035356,
        "mean_delta_carry_est_norm": 14.89308271408081,
        "mean_delta_layer_norm": 17.112050676345824,
        "mean_delta_mlp_norm": 5.5050328254699705,
        "mean_patched_rank": 1.0,
        "mean_pmv_effect": 0.15703125,
        "mean_rank_effect": 0.0,
        "mean_short_rank": 2.0,
        "mean_target_delta": 1.5801043033599853,
        "mean_target_delta_fraction": 0.15417511784857962,
        "mean_target_effect": 0.25908620953559874,
        "mean_terse_rank": 1.0,
        "n": 40,
        "patched_best_other_route": {
          "continuation": 10,
          "prose": 30
        },
        "patched_top1_rate": 1.0,
        "success_change_rate": 0.0
      },
      "restore|attn_delta": {
        "mean_delta_attn_norm": 3.1845264703035356,
        "mean_delta_carry_est_norm": 14.89308271408081,
        "mean_delta_layer_norm": 17.112050676345824,
        "mean_delta_mlp_norm": 5.5050328254699705,
        "mean_patched_rank": 1.575,
        "mean_pmv_effect": 0.075,
        "mean_rank_effect": 0.425,
        "mean_short_rank": 2.0,
        "mean_target_delta": 1.5801043033599853,
        "mean_target_delta_fraction": 0.042791750178787155,
        "mean_target_effect": 0.05767066478729248,
        "mean_terse_rank": 1.0,
        "n": 40,
        "patched_best_other_route": {
          "continuation": 40
        },
        "patched_top1_rate": 0.425,
        "success_change_rate": 0.425
      },
      "restore|attn_mlp_delta": {
        "mean_delta_attn_norm": 3.1845264703035356,
        "mean_delta_carry_est_norm": 14.89308271408081,
        "mean_delta_layer_norm": 17.112050676345824,
        "mean_delta_mlp_norm": 5.5050328254699705,
        "mean_patched_rank": 1.15,
        "mean_pmv_effect": 0.47421875,
        "mean_rank_effect": 0.85,
        "mean_short_rank": 2.0,
        "mean_target_delta": 1.5801043033599853,
        "mean_target_delta_fraction": 0.258468278860933,
        "mean_target_effect": 0.39435757994651793,
        "mean_terse_rank": 1.0,
        "n": 40,
        "patched_best_other_route": {
          "continuation": 40
        },
        "patched_top1_rate": 0.85,
        "success_change_rate": 0.85
      },
      "restore|carry_est_layerout": {
        "mean_delta_attn_norm": 3.1845264703035356,
        "mean_delta_carry_est_norm": 14.89308271408081,
        "mean_delta_layer_norm": 17.112050676345824,
        "mean_delta_mlp_norm": 5.5050328254699705,
        "mean_patched_rank": 1.025,
        "mean_pmv_effect": 1.3484375,
        "mean_rank_effect": 0.975,
        "mean_short_rank": 2.0,
        "mean_target_delta": 1.5801043033599853,
        "mean_target_delta_fraction": 0.6977858893056521,
        "mean_target_effect": 1.0918387323617935,
        "mean_terse_rank": 1.0,
        "n": 40,
        "patched_best_other_route": {
          "continuation": 16,
          "prose": 24
        },
        "patched_top1_rate": 0.975,
        "success_change_rate": 0.975
      },
      "restore|full_layer_delta": {
        "mean_delta_attn_norm": 3.1845264703035356,
        "mean_delta_carry_est_norm": 14.89308271408081,
        "mean_delta_layer_norm": 17.112050676345824,
        "mean_delta_mlp_norm": 5.5050328254699705,
        "mean_patched_rank": 1.0,
        "mean_pmv_effect": 1.5640625,
        "mean_rank_effect": 1.0,
        "mean_short_rank": 2.0,
        "mean_target_delta": 1.5801043033599853,
        "mean_target_delta_fraction": 0.92763905264099,
        "mean_target_effect": 1.4658730387687684,
        "mean_terse_rank": 1.0,
        "n": 40,
        "patched_best_other_route": {
          "continuation": 6,
          "prose": 34
        },
        "patched_top1_rate": 1.0,
        "success_change_rate": 1.0
      },
      "restore|layer_minus_attn_delta": {
        "mean_delta_attn_norm": 3.1845264703035356,
        "mean_delta_carry_est_norm": 14.89308271408081,
        "mean_delta_layer_norm": 17.112050676345824,
        "mean_delta_mlp_norm": 5.5050328254699705,
        "mean_patched_rank": 1.0,
        "mean_pmv_effect": 1.546875,
        "mean_rank_effect": 1.0,
        "mean_short_rank": 2.0,
        "mean_target_delta": 1.5801043033599853,
        "mean_target_delta_fraction": 0.8856818245015484,
        "mean_target_effect": 1.402160981297493,
        "mean_terse_rank": 1.0,
        "n": 40,
        "patched_best_other_route": {
          "continuation": 7,
          "prose": 33
        },
        "patched_top1_rate": 1.0,
        "success_change_rate": 1.0
      },
      "restore|layer_minus_mlp_delta": {
        "mean_delta_attn_norm": 3.1845264703035356,
        "mean_delta_carry_est_norm": 14.89308271408081,
        "mean_delta_layer_norm": 17.112050676345824,
        "mean_delta_mlp_norm": 5.5050328254699705,
        "mean_patched_rank": 1.025,
        "mean_pmv_effect": 1.3546875,
        "mean_rank_effect": 0.975,
        "mean_short_rank": 2.0,
        "mean_target_delta": 1.5801043033599853,
        "mean_target_delta_fraction": 0.7572417534743197,
        "mean_target_effect": 1.180121010541916,
        "mean_terse_rank": 1.0,
        "n": 40,
        "patched_best_other_route": {
          "continuation": 11,
          "prose": 29
        },
        "patched_top1_rate": 0.975,
        "success_change_rate": 0.975
      },
      "restore|mlp_delta": {
        "mean_delta_attn_norm": 3.1845264703035356,
        "mean_delta_carry_est_norm": 14.89308271408081,
        "mean_delta_layer_norm": 17.112050676345824,
        "mean_delta_mlp_norm": 5.5050328254699705,
        "mean_patched_rank": 1.25,
        "mean_pmv_effect": 0.4,
        "mean_rank_effect": 0.75,
        "mean_short_rank": 2.0,
        "mean_target_delta": 1.5801043033599853,
        "mean_target_delta_fraction": 0.19996256322738806,
        "mean_target_effect": 0.31187366247177123,
        "mean_terse_rank": 1.0,
        "n": 40,
        "patched_best_other_route": {
          "continuation": 40
        },
        "patched_top1_rate": 0.75,
        "success_change_rate": 0.75
      },
      "restore|random_layer_same_norm": {
        "mean_delta_attn_norm": 3.1845264703035356,
        "mean_delta_carry_est_norm": 14.89308271408081,
        "mean_delta_layer_norm": 17.112050676345824,
        "mean_delta_mlp_norm": 5.5050328254699705,
        "mean_patched_rank": 1.85,
        "mean_pmv_effect": -0.09453125,
        "mean_rank_effect": 0.15,
        "mean_short_rank": 2.0,
        "mean_target_delta": 1.5801043033599853,
        "mean_target_delta_fraction": 0.05571563485582488,
        "mean_target_effect": 0.1488792985677719,
        "mean_terse_rank": 1.0,
        "n": 40,
        "patched_best_other_route": {
          "continuation": 40
        },
        "patched_top1_rate": 0.225,
        "success_change_rate": 0.225
      }
    },
    "largest_target_effect_conditions": [
      {
        "condition": "degradation|full_layer_replace_short|L30",
        "mean_delta_attn_norm": 2.638501739501953,
        "mean_delta_carry_est_norm": 22.94359931945801,
        "mean_delta_layer_norm": 25.04685401916504,
        "mean_delta_mlp_norm": 7.066538715362549,
        "mean_patched_rank": 1.4,
        "mean_pmv_effect": 1.45,
        "mean_rank_effect": 0.4,
        "mean_short_rank": 2.0,
        "mean_target_delta": 1.5801043033599853,
        "mean_target_delta_fraction": 1.0190208499991853,
        "mean_target_effect": 1.593758487701416,
        "mean_terse_rank": 1.0,
        "n": 5,
        "patched_best_other_route": {
          "continuation": 5
        },
        "patched_top1_rate": 0.6,
        "success_change_rate": 0.4
      },
      {
        "condition": "restore|layer_minus_attn_delta|L30",
        "mean_delta_attn_norm": 2.638501739501953,
        "mean_delta_carry_est_norm": 22.94359931945801,
        "mean_delta_layer_norm": 25.04685401916504,
        "mean_delta_mlp_norm": 7.066538715362549,
        "mean_patched_rank": 1.0,
        "mean_pmv_effect": 1.5,
        "mean_rank_effect": 1.0,
        "mean_short_rank": 2.0,
        "mean_target_delta": 1.5801043033599853,
        "mean_target_delta_fraction": 0.9807252680101982,
        "mean_target_effect": 1.565488910675049,
        "mean_terse_rank": 1.0,
        "n": 5,
        "patched_best_other_route": {
          "continuation": 1,
          "prose": 4
        },
        "patched_top1_rate": 1.0,
        "success_change_rate": 1.0
      },
      {
        "condition": "degradation|full_layer_replace_short|L27",
        "mean_delta_attn_norm": 3.246475410461426,
        "mean_delta_carry_est_norm": 16.113224983215332,
        "mean_delta_layer_norm": 18.02225341796875,
        "mean_delta_mlp_norm": 4.960211181640625,
        "mean_patched_rank": 1.6,
        "mean_pmv_effect": 1.5625,
        "mean_rank_effect": 0.6,
        "mean_short_rank": 2.0,
        "mean_target_delta": 1.5801043033599853,
        "mean_target_delta_fraction": 0.9977455052016817,
        "mean_target_effect": 1.5538652896881104,
        "mean_terse_rank": 1.0,
        "n": 5,
        "patched_best_other_route": {
          "continuation": 5
        },
        "patched_top1_rate": 0.4,
        "success_change_rate": 0.6
      },
      {
        "condition": "restore|full_layer_delta|L30",
        "mean_delta_attn_norm": 2.638501739501953,
        "mean_delta_carry_est_norm": 22.94359931945801,
        "mean_delta_layer_norm": 25.04685401916504,
        "mean_delta_mlp_norm": 7.066538715362549,
        "mean_patched_rank": 1.0,
        "mean_pmv_effect": 1.55,
        "mean_rank_effect": 1.0,
        "mean_short_rank": 2.0,
        "mean_target_delta": 1.5801043033599853,
        "mean_target_delta_fraction": 0.9723635322966478,
        "mean_target_effect": 1.5461069583892821,
        "mean_terse_rank": 1.0,
        "n": 5,
        "patched_best_other_route": {
          "prose": 5
        },
        "patched_top1_rate": 1.0,
        "success_change_rate": 1.0
      },
      {
        "condition": "degradation|full_layer_replace_short|L28",
        "mean_delta_attn_norm": 2.600210356712341,
        "mean_delta_carry_est_norm": 18.022699928283693,
        "mean_delta_layer_norm": 20.126527404785158,
        "mean_delta_mlp_norm": 5.589112949371338,
        "mean_patched_rank": 1.6,
        "mean_pmv_effect": 1.4875,
        "mean_rank_effect": 0.6,
        "mean_short_rank": 2.0,
        "mean_target_delta": 1.5801043033599853,
        "mean_target_delta_fraction": 0.9817997007418618,
        "mean_target_effect": 1.5450028896331787,
        "mean_terse_rank": 1.0,
        "n": 5,
        "patched_best_other_route": {
          "continuation": 5
        },
        "patched_top1_rate": 0.4,
        "success_change_rate": 0.6
      },
      {
        "condition": "degradation|full_layer_replace_short|L29",
        "mean_delta_attn_norm": 5.975450229644776,
        "mean_delta_carry_est_norm": 20.103406143188476,
        "mean_delta_layer_norm": 22.92641372680664,
        "mean_delta_mlp_norm": 5.849491024017334,
        "mean_patched_rank": 1.6,
        "mean_pmv_effect": 1.4875,
        "mean_rank_effect": 0.6,
        "mean_short_rank": 2.0,
        "mean_target_delta": 1.5801043033599853,
        "mean_target_delta_fraction": 0.9790669746450187,
        "mean_target_effect": 1.543333387374878,
        "mean_terse_rank": 1.0,
        "n": 5,
        "patched_best_other_route": {
          "continuation": 5
        },
        "patched_top1_rate": 0.4,
        "success_change_rate": 0.6
      },
      {
        "condition": "restore|full_layer_delta|L27",
        "mean_delta_attn_norm": 3.246475410461426,
        "mean_delta_carry_est_norm": 16.113224983215332,
        "mean_delta_layer_norm": 18.02225341796875,
        "mean_delta_mlp_norm": 4.960211181640625,
        "mean_patched_rank": 1.0,
        "mean_pmv_effect": 1.65,
        "mean_rank_effect": 1.0,
        "mean_short_rank": 2.0,
        "mean_target_delta": 1.5801043033599853,
        "mean_target_delta_fraction": 0.9754318026273004,
        "mean_target_effect": 1.5379061698913574,
        "mean_terse_rank": 1.0,
        "n": 5,
        "patched_best_other_route": {
          "continuation": 1,
          "prose": 4
        },
        "patched_top1_rate": 1.0,
        "success_change_rate": 1.0
      },
      {
        "condition": "restore|full_layer_delta|L29",
        "mean_delta_attn_norm": 5.975450229644776,
        "mean_delta_carry_est_norm": 20.103406143188476,
        "mean_delta_layer_norm": 22.92641372680664,
        "mean_delta_mlp_norm": 5.849491024017334,
        "mean_patched_rank": 1.0,
        "mean_pmv_effect": 1.55,
        "mean_rank_effect": 1.0,
        "mean_short_rank": 2.0,
        "mean_target_delta": 1.5801043033599853,
        "mean_target_delta_fraction": 0.9617200859303822,
        "mean_target_effect": 1.5297123432159423,
        "mean_terse_rank": 1.0,
        "n": 5,
        "patched_best_other_route": {
          "prose": 5
        },
        "patched_top1_rate": 1.0,
        "success_change_rate": 1.0
      },
      {
        "condition": "restore|full_layer_delta|L28",
        "mean_delta_attn_norm": 2.600210356712341,
        "mean_delta_carry_est_norm": 18.022699928283693,
        "mean_delta_layer_norm": 20.126527404785158,
        "mean_delta_mlp_norm": 5.589112949371338,
        "mean_patched_rank": 1.0,
        "mean_pmv_effect": 1.55,
        "mean_rank_effect": 1.0,
        "mean_short_rank": 2.0,
        "mean_target_delta": 1.5801043033599853,
        "mean_target_delta_fraction": 0.954792941289066,
        "mean_target_effect": 1.5226923942565918,
        "mean_terse_rank": 1.0,
        "n": 5,
        "patched_best_other_route": {
          "continuation": 1,
          "prose": 4
        },
        "patched_top1_rate": 1.0,
        "success_change_rate": 1.0
      },
      {
        "condition": "degradation|remove_carry_est_layerout|L30",
        "mean_delta_attn_norm": 2.638501739501953,
        "mean_delta_carry_est_norm": 22.94359931945801,
        "mean_delta_layer_norm": 25.04685401916504,
        "mean_delta_mlp_norm": 7.066538715362549,
        "mean_patched_rank": 1.2,
        "mean_pmv_effect": 1.425,
        "mean_rank_effect": 0.2,
        "mean_short_rank": 2.0,
        "mean_target_delta": 1.5801043033599853,
        "mean_target_delta_fraction": 0.9937223292808017,
        "mean_target_effect": 1.506458616256714,
        "mean_terse_rank": 1.0,
        "n": 5,
        "patched_best_other_route": {
          "continuation": 5
        },
        "patched_top1_rate": 0.8,
        "success_change_rate": 0.2
      },
      {
        "condition": "restore|layer_minus_mlp_delta|L30",
        "mean_delta_attn_norm": 2.638501739501953,
        "mean_delta_carry_est_norm": 22.94359931945801,
        "mean_delta_layer_norm": 25.04685401916504,
        "mean_delta_mlp_norm": 7.066538715362549,
        "mean_patched_rank": 1.0,
        "mean_pmv_effect": 1.55,
        "mean_rank_effect": 1.0,
        "mean_short_rank": 2.0,
        "mean_target_delta": 1.5801043033599853,
        "mean_target_delta_fraction": 0.9930710567612078,
        "mean_target_effect": 1.504681158065796,
        "mean_terse_rank": 1.0,
        "n": 5,
        "patched_best_other_route": {
          "continuation": 2,
          "prose": 3
        },
        "patched_top1_rate": 1.0,
        "success_change_rate": 1.0
      },
      {
        "condition": "restore|carry_est_layerout|L30",
        "mean_delta_attn_norm": 2.638501739501953,
        "mean_delta_carry_est_norm": 22.94359931945801,
        "mean_delta_layer_norm": 25.04685401916504,
        "mean_delta_mlp_norm": 7.066538715362549,
        "mean_patched_rank": 1.0,
        "mean_pmv_effect": 1.5,
        "mean_rank_effect": 1.0,
        "mean_short_rank": 2.0,
        "mean_target_delta": 1.5801043033599853,
        "mean_target_delta_fraction": 0.9880811916218365,
        "mean_target_effect": 1.494093155860901,
        "mean_terse_rank": 1.0,
        "n": 5,
        "patched_best_other_route": {
          "continuation": 2,
          "prose": 3
        },
        "patched_top1_rate": 1.0,
        "success_change_rate": 1.0
      },
      {
        "condition": "restore|layer_minus_attn_delta|L28",
        "mean_delta_attn_norm": 2.600210356712341,
        "mean_delta_carry_est_norm": 18.022699928283693,
        "mean_delta_layer_norm": 20.126527404785158,
        "mean_delta_mlp_norm": 5.589112949371338,
        "mean_patched_rank": 1.0,
        "mean_pmv_effect": 1.55,
        "mean_rank_effect": 1.0,
        "mean_short_rank": 2.0,
        "mean_target_delta": 1.5801043033599853,
        "mean_target_delta_fraction": 0.9234940146017552,
        "mean_target_effect": 1.4583136558532714,
        "mean_terse_rank": 1.0,
        "n": 5,
        "patched_best_other_route": {
          "prose": 5
        },
        "patched_top1_rate": 1.0,
        "success_change_rate": 1.0
      },
      {
        "condition": "restore|layer_minus_attn_delta|L25",
        "mean_delta_attn_norm": 2.116357421875,
        "mean_delta_carry_est_norm": 11.416929244995117,
        "mean_delta_layer_norm": 13.833181571960449,
        "mean_delta_mlp_norm": 5.638253688812256,
        "mean_patched_rank": 1.0,
        "mean_pmv_effect": 1.4625,
        "mean_rank_effect": 1.0,
        "mean_short_rank": 2.0,
        "mean_target_delta": 1.5801043033599853,
        "mean_target_delta_fraction": 0.8927477968742984,
        "mean_target_effect": 1.4563519716262818,
        "mean_terse_rank": 1.0,
        "n": 5,
        "patched_best_other_route": {
          "continuation": 1,
          "prose": 4
        },
        "patched_top1_rate": 1.0,
        "success_change_rate": 1.0
      },
      {
        "condition": "restore|full_layer_delta|L23",
        "mean_delta_attn_norm": 2.8211475372314454,
        "mean_delta_carry_est_norm": 7.28975658416748,
        "mean_delta_layer_norm": 9.414237785339356,
        "mean_delta_mlp_norm": 4.800378322601318,
        "mean_patched_rank": 1.0,
        "mean_pmv_effect": 1.5375,
        "mean_rank_effect": 1.0,
        "mean_short_rank": 2.0,
        "mean_target_delta": 1.5801043033599853,
        "mean_target_delta_fraction": 0.927293227915978,
        "mean_target_effect": 1.4510581016540527,
        "mean_terse_rank": 1.0,
        "n": 5,
        "patched_best_other_route": {
          "continuation": 1,
          "prose": 4
        },
        "patched_top1_rate": 1.0,
        "success_change_rate": 1.0
      },
      {
        "condition": "restore|layer_minus_attn_delta|L26",
        "mean_delta_attn_norm": 3.5205638885498045,
        "mean_delta_carry_est_norm": 13.8385009765625,
        "mean_delta_layer_norm": 16.109059143066407,
        "mean_delta_mlp_norm": 5.352456092834473,
        "mean_patched_rank": 1.0,
        "mean_pmv_effect": 1.575,
        "mean_rank_effect": 1.0,
        "mean_short_rank": 2.0,
        "mean_target_delta": 1.5801043033599853,
        "mean_target_delta_fraction": 0.9293464140879433,
        "mean_target_effect": 1.445229411125183,
        "mean_terse_rank": 1.0,
        "n": 5,
        "patched_best_other_route": {
          "continuation": 1,
          "prose": 4
        },
        "patched_top1_rate": 1.0,
        "success_change_rate": 1.0
      },
      {
        "condition": "restore|full_layer_delta|L25",
        "mean_delta_attn_norm": 2.116357421875,
        "mean_delta_carry_est_norm": 11.416929244995117,
        "mean_delta_layer_norm": 13.833181571960449,
        "mean_delta_mlp_norm": 5.638253688812256,
        "mean_patched_rank": 1.0,
        "mean_pmv_effect": 1.575,
        "mean_rank_effect": 1.0,
        "mean_short_rank": 2.0,
        "mean_target_delta": 1.5801043033599853,
        "mean_target_delta_fraction": 0.8921598489241743,
        "mean_target_effect": 1.3995846509933472,
        "mean_terse_rank": 1.0,
        "n": 5,
        "patched_best_other_route": {
          "continuation": 1,
          "prose": 4
        },
        "patched_top1_rate": 1.0,
        "success_change_rate": 1.0
      },
      {
        "condition": "restore|full_layer_delta|L26",
        "mean_delta_attn_norm": 3.5205638885498045,
        "mean_delta_carry_est_norm": 13.8385009765625,
        "mean_delta_layer_norm": 16.109059143066407,
        "mean_delta_mlp_norm": 5.352456092834473,
        "mean_patched_rank": 1.0,
        "mean_pmv_effect": 1.575,
        "mean_rank_effect": 1.0,
        "mean_short_rank": 2.0,
        "mean_target_delta": 1.5801043033599853,
        "mean_target_delta_fraction": 0.8857452659863885,
        "mean_target_effect": 1.3981186389923095,
        "mean_terse_rank": 1.0,
        "n": 5,
        "patched_best_other_route": {
          "continuation": 1,
          "prose": 4
        },
        "patched_top1_rate": 1.0,
        "success_change_rate": 1.0
      },
      {
        "condition": "restore|layer_minus_mlp_delta|L28",
        "mean_delta_attn_norm": 2.600210356712341,
        "mean_delta_carry_est_norm": 18.022699928283693,
        "mean_delta_layer_norm": 20.126527404785158,
        "mean_delta_mlp_norm": 5.589112949371338,
        "mean_patched_rank": 1.0,
        "mean_pmv_effect": 1.5625,
        "mean_rank_effect": 1.0,
        "mean_short_rank": 2.0,
        "mean_target_delta": 1.5801043033599853,
        "mean_target_delta_fraction": 0.8932596679481266,
        "mean_target_effect": 1.3951312065124513,
        "mean_terse_rank": 1.0,
        "n": 5,
        "patched_best_other_route": {
          "continuation": 1,
          "prose": 4
        },
        "patched_top1_rate": 1.0,
        "success_change_rate": 1.0
      },
      {
        "condition": "restore|layer_minus_attn_delta|L24",
        "mean_delta_attn_norm": 2.557505178451538,
        "mean_delta_carry_est_norm": 9.416544532775879,
        "mean_delta_layer_norm": 11.417878341674804,
        "mean_delta_mlp_norm": 4.783820629119873,
        "mean_patched_rank": 1.0,
        "mean_pmv_effect": 1.625,
        "mean_rank_effect": 1.0,
        "mean_short_rank": 2.0,
        "mean_target_delta": 1.5801043033599853,
        "mean_target_delta_fraction": 0.8880769160444568,
        "mean_target_effect": 1.3781992197036743,
        "mean_terse_rank": 1.0,
        "n": 5,
        "patched_best_other_route": {
          "continuation": 1,
          "prose": 4
        },
        "patched_top1_rate": 1.0,
        "success_change_rate": 1.0
      },
      {
        "condition": "restore|layer_minus_attn_delta|L29",
        "mean_delta_attn_norm": 5.975450229644776,
        "mean_delta_carry_est_norm": 20.103406143188476,
        "mean_delta_layer_norm": 22.92641372680664,
        "mean_delta_mlp_norm": 5.849491024017334,
        "mean_patched_rank": 1.0,
        "mean_pmv_effect": 1.5125,
        "mean_rank_effect": 1.0,
        "mean_short_rank": 2.0,
        "mean_target_delta": 1.5801043033599853,
        "mean_target_delta_fraction": 0.8629436112742507,
        "mean_target_effect": 1.3484308004379273,
        "mean_terse_rank": 1.0,
        "n": 5,
        "patched_best_other_route": {
          "continuation": 1,
          "prose": 4
        },
        "patched_top1_rate": 1.0,
        "success_change_rate": 1.0
      },
      {
        "condition": "restore|layer_minus_mlp_delta|L27",
        "mean_delta_attn_norm": 3.246475410461426,
        "mean_delta_carry_est_norm": 16.113224983215332,
        "mean_delta_layer_norm": 18.02225341796875,
        "mean_delta_mlp_norm": 4.960211181640625,
        "mean_patched_rank": 1.0,
        "mean_pmv_effect": 1.6125,
        "mean_rank_effect": 1.0,
        "mean_short_rank": 2.0,
        "mean_target_delta": 1.5801043033599853,
        "mean_target_delta_fraction": 0.8762383768385762,
        "mean_target_effect": 1.344203782081604,
        "mean_terse_rank": 1.0,
        "n": 5,
        "patched_best_other_route": {
          "continuation": 1,
          "prose": 4
        },
        "patched_top1_rate": 1.0,
        "success_change_rate": 1.0
      },
      {
        "condition": "restore|full_layer_delta|L24",
        "mean_delta_attn_norm": 2.557505178451538,
        "mean_delta_carry_est_norm": 9.416544532775879,
        "mean_delta_layer_norm": 11.417878341674804,
        "mean_delta_mlp_norm": 4.783820629119873,
        "mean_patched_rank": 1.0,
        "mean_pmv_effect": 1.525,
        "mean_rank_effect": 1.0,
        "mean_short_rank": 2.0,
        "mean_target_delta": 1.5801043033599853,
        "mean_target_delta_fraction": 0.8516057161579826,
        "mean_target_effect": 1.3418050527572631,
        "mean_terse_rank": 1.0,
        "n": 5,
        "patched_best_other_route": {
          "continuation": 1,
          "prose": 4
        },
        "patched_top1_rate": 1.0,
        "success_change_rate": 1.0
      },
      {
        "condition": "restore|layer_minus_attn_delta|L27",
        "mean_delta_attn_norm": 3.246475410461426,
        "mean_delta_carry_est_norm": 16.113224983215332,
        "mean_delta_layer_norm": 18.02225341796875,
        "mean_delta_mlp_norm": 4.960211181640625,
        "mean_patched_rank": 1.0,
        "mean_pmv_effect": 1.65,
        "mean_rank_effect": 1.0,
        "mean_short_rank": 2.0,
        "mean_target_delta": 1.5801043033599853,
        "mean_target_delta_fraction": 0.843629042980584,
        "mean_target_effect": 1.332394051551819,
        "mean_terse_rank": 1.0,
        "n": 5,
        "patched_best_other_route": {
          "continuation": 1,
          "prose": 4
        },
        "patched_top1_rate": 1.0,
        "success_change_rate": 1.0
      }
    ],
    "model": "glm4",
    "n_paired_cases": 5
  },
  "target_layer": 38,
  "timestamp": "2026-06-26 14:32:21",
  "title": "Boundary Component and Residual-Carry Decomposition"
}
