`torch_dtype` is deprecated! Use `dtype` instead!
Loading weights:   0%|          | 0/443 [00:00<?, ?it/s]Loading weights:   0%|          | 1/443 [00:00<00:47,  9.35it/s]Loading weights:   5%|▍         | 21/443 [00:00<00:03, 114.77it/s]Loading weights:  14%|█▎        | 60/443 [00:00<00:01, 192.53it/s]Loading weights:  22%|██▏       | 98/443 [00:00<00:01, 247.51it/s]Loading weights:  31%|███       | 137/443 [00:00<00:01, 282.61it/s]Loading weights:  38%|███▊      | 167/443 [00:00<00:00, 287.29it/s]Loading weights:  46%|████▌     | 203/443 [00:00<00:00, 309.25it/s]Loading weights:  53%|█████▎    | 236/443 [00:00<00:00, 312.67it/s]Loading weights:  60%|██████    | 268/443 [00:00<00:00, 306.23it/s]Loading weights:  68%|██████▊   | 301/443 [00:01<00:00, 298.98it/s]Loading weights:  78%|███████▊  | 345/443 [00:01<00:00, 339.12it/s]Loading weights:  86%|████████▌ | 380/443 [00:01<00:00, 295.55it/s]Loading weights:  95%|█████████▌| 423/443 [00:01<00:00, 328.79it/s]Loading weights: 100%|██████████| 443/443 [00:01<00:00, 292.65it/s]
[11:44:24] Loaded glm4: class=GlmForCausalLM, GPU=18.80GB, attn=eager
[11:44:27] glm4: 24/342 cases
[11:44:30] glm4: 48/342 cases
[11:44:33] glm4: 72/342 cases
[11:44:35] glm4: 96/342 cases
[11:44:38] glm4: 120/342 cases
[11:44:40] glm4: 144/342 cases
[11:44:42] glm4: 168/342 cases
[11:44:45] glm4: 192/342 cases
[11:44:47] glm4: 216/342 cases
[11:44:50] glm4: 240/342 cases
[11:44:52] glm4: 264/342 cases
[11:44:55] glm4: 288/342 cases
[11:44:58] glm4: 312/342 cases
[11:45:00] glm4: 336/342 cases
[11:45:01] glm4: 342/342 cases
[model_utils] GPU memory released, allocated=18.81 GB
{
  "family_limits": {
    "different_value_same_format": 48,
    "factor_isolation": 54,
    "same_format_random_value": 72,
    "same_prefix_different_continuation": 24,
    "same_value_different_format": 144
  },
  "model": "glm4",
  "n_cases": 342,
  "phase": 680,
  "summary": {
    "baseline": {
      "different_value_same_format": {
        "expected_top1_rate": 0.6666666666666666,
        "failure_rate": 0.3333333333333333,
        "mean_expected_rank": 1.5208333333333333,
        "mean_final_gap": -0.3528645833333333,
        "n": 48,
        "top1_category": {
          "expected": 32,
          "space": 16
        }
      },
      "factor_isolation": {
        "expected_top1_rate": 0.7962962962962963,
        "failure_rate": 0.2037037037037037,
        "mean_expected_rank": 1.2037037037037037,
        "mean_final_gap": -0.6493055555555556,
        "n": 54,
        "top1_category": {
          "expected": 42,
          "other": 10,
          "space": 2
        }
      },
      "overall": {
        "expected_top1_rate": 0.8918128654970761,
        "failure_rate": 0.10818713450292397,
        "mean_expected_rank": 1.1403508771929824,
        "mean_final_gap": -1.856907894736842,
        "n": 342,
        "top1_category": {
          "expected": 304,
          "other": 12,
          "space": 26
        }
      },
      "same_format_random_value": {
        "expected_top1_rate": 1.0,
        "failure_rate": 0.0,
        "mean_expected_rank": 1.0,
        "mean_final_gap": -3.3289930555555554,
        "n": 72,
        "top1_category": {
          "expected": 72
        }
      },
      "same_prefix_different_continuation": {
        "expected_top1_rate": 1.0,
        "failure_rate": 0.0,
        "mean_expected_rank": 1.0,
        "mean_final_gap": -2.7942708333333335,
        "n": 24,
        "top1_category": {
          "expected": 24
        }
      },
      "same_value_different_format": {
        "expected_top1_rate": 0.9305555555555556,
        "failure_rate": 0.06944444444444445,
        "mean_expected_rank": 1.0833333333333333,
        "mean_final_gap": -1.9188368055555556,
        "n": 144,
        "top1_category": {
          "expected": 134,
          "other": 2,
          "space": 8
        }
      }
    },
    "by_family": {
      "different_value_same_format": {
        "near_readout_reference": [
          {
            "failure_capture_rate": 1.0,
            "failure_precision": 1.0,
            "failures": 16,
            "feature": "final_gap",
            "gate": "REF_final_gap_gt_-0.03125",
            "gate_score": 1.0,
            "kind": "near_readout_reference",
            "n": 48,
            "op": ">",
            "predicted_count": 16,
            "predicted_rate": 0.3333333333333333,
            "success_false_positive_rate": 0.0,
            "successes": 32,
            "threshold": -0.03125
          },
          {
            "failure_capture_rate": 1.0,
            "failure_precision": 1.0,
            "failures": 16,
            "feature": "final_gap",
            "gate": "REF_final_gap_gt_0",
            "gate_score": 1.0,
            "kind": "near_readout_reference",
            "n": 48,
            "op": ">",
            "predicted_count": 16,
            "predicted_rate": 0.3333333333333333,
            "success_false_positive_rate": 0.0,
            "successes": 32,
            "threshold": 0.0
          },
          {
            "failure_capture_rate": 1.0,
            "failure_precision": 1.0,
            "failures": 16,
            "feature": "top1_category",
            "gate": "REF_top1_category_not_expected",
            "gate_score": 1.0,
            "kind": "near_readout_reference",
            "n": 48,
            "op": "!=",
            "predicted_count": 16,
            "predicted_rate": 0.3333333333333333,
            "success_false_positive_rate": 0.0,
            "successes": 32,
            "threshold": "expected"
          },
          {
            "failure_capture_rate": 1.0,
            "failure_precision": 0.7272727272727273,
            "failures": 16,
            "feature": "final_gap",
            "gate": "REF_final_gap_gt_-0.4375",
            "gate_score": 0.8125,
            "kind": "near_readout_reference",
            "n": 48,
            "op": ">",
            "predicted_count": 22,
            "predicted_rate": 0.4583333333333333,
            "success_false_positive_rate": 0.1875,
            "successes": 32,
            "threshold": -0.4375
          },
          {
            "failure_capture_rate": 1.0,
            "failure_precision": 0.34782608695652173,
            "failures": 16,
            "feature": "final_gap",
            "gate": "REF_final_gap_gt_-2.062",
            "gate_score": 0.0625,
            "kind": "near_readout_reference",
            "n": 48,
            "op": ">",
            "predicted_count": 46,
            "predicted_rate": 0.9583333333333334,
            "success_false_positive_rate": 0.9375,
            "successes": 32,
            "threshold": -2.0625
          },
          {
            "failure_capture_rate": 1.0,
            "failure_precision": 0.3333333333333333,
            "failures": 16,
            "feature": "final_gap",
            "gate": "REF_final_gap_gt_-6",
            "gate_score": 0.0,
            "kind": "near_readout_reference",
            "n": 48,
            "op": ">",
            "predicted_count": 48,
            "predicted_rate": 1.0,
            "success_false_positive_rate": 1.0,
            "successes": 32,
            "threshold": -6.0
          },
          {
            "failure_capture_rate": 1.0,
            "failure_precision": 0.3333333333333333,
            "failures": 16,
            "feature": "final_gap",
            "gate": "REF_final_gap_gt_-3.688",
            "gate_score": 0.0,
            "kind": "near_readout_reference",
            "n": 48,
            "op": ">",
            "predicted_count": 48,
            "predicted_rate": 1.0,
            "success_false_positive_rate": 1.0,
            "successes": 32,
            "threshold": -3.6875
          },
          {
            "failure_capture_rate": 0.0,
            "failure_precision": 0.0,
            "failures": 16,
            "feature": "final_gap",
            "gate": "REF_final_gap_gt_2.5",
            "gate_score": 0.0,
            "kind": "near_readout_reference",
            "n": 48,
            "op": ">",
            "predicted_count": 0,
            "predicted_rate": 0.0,
            "success_false_positive_rate": 0.0,
            "successes": 32,
            "threshold": 2.5
          }
        ],
        "pre_readout": [
          {
            "failure_capture_rate": 0.9375,
            "failure_precision": 0.6521739130434783,
            "failures": 16,
            "feature": "final_norm_input_gap",
            "gate": "final_norm_input_gap_lt_-36.05",
            "gate_score": 0.6875,
            "kind": "pre_final_norm",
            "n": 48,
            "op": "<",
            "predicted_count": 23,
            "predicted_rate": 0.4791666666666667,
            "success_false_positive_rate": 0.25,
            "successes": 32,
            "threshold": -36.0546875
          },
          {
            "failure_capture_rate": 0.9375,
            "failure_precision": 0.6521739130434783,
            "failures": 16,
            "feature": "last_layer_gap",
            "gate": "last_layer_gap_lt_-36.05",
            "gate_score": 0.6875,
            "kind": "late_residual",
            "n": 48,
            "op": "<",
            "predicted_count": 23,
            "predicted_rate": 0.4791666666666667,
            "success_false_positive_rate": 0.25,
            "successes": 32,
            "threshold": -36.0546875
          },
          {
            "failure_capture_rate": 0.9375,
            "failure_precision": 0.6521739130434783,
            "failures": 16,
            "feature": "mid_to_late_shift",
            "gate": "mid_to_late_shift_lt_-29.89",
            "gate_score": 0.6875,
            "kind": "late_residual",
            "n": 48,
            "op": "<",
            "predicted_count": 23,
            "predicted_rate": 0.4791666666666667,
            "success_false_positive_rate": 0.25,
            "successes": 32,
            "threshold": -29.890625
          },
          {
            "failure_capture_rate": 0.9375,
            "failure_precision": 0.6521739130434783,
            "failures": 16,
            "feature": "max_layer_gap",
            "gate": "max_layer_gap_lt_-0.3086",
            "gate_score": 0.6875,
            "kind": "trajectory",
            "n": 48,
            "op": "<",
            "predicted_count": 23,
            "predicted_rate": 0.4791666666666667,
            "success_false_positive_rate": 0.25,
            "successes": 32,
            "threshold": -0.30859375
          },
          {
            "failure_capture_rate": 0.9375,
            "failure_precision": 0.6521739130434783,
            "failures": 16,
            "feature": "min_layer_gap",
            "gate": "min_layer_gap_lt_-35.7",
            "gate_score": 0.6875,
            "kind": "trajectory",
            "n": 48,
            "op": "<",
            "predicted_count": 23,
            "predicted_rate": 0.4791666666666667,
            "success_false_positive_rate": 0.25,
            "successes": 32,
            "threshold": -35.703125
          },
          {
            "failure_capture_rate": 0.9375,
            "failure_precision": 0.6,
            "failures": 16,
            "feature": "final_norm_input_gap",
            "gate": "final_norm_input_gap_lt_-11.62",
            "gate_score": 0.625,
            "kind": "pre_final_norm",
            "n": 48,
            "op": "<",
            "predicted_count": 25,
            "predicted_rate": 0.5208333333333334,
            "success_false_positive_rate": 0.3125,
            "successes": 32,
            "threshold": -11.625
          },
          {
            "failure_capture_rate": 0.9375,
            "failure_precision": 0.6,
            "failures": 16,
            "feature": "last_layer_gap",
            "gate": "last_layer_gap_lt_-11.62",
            "gate_score": 0.625,
            "kind": "late_residual",
            "n": 48,
            "op": "<",
            "predicted_count": 25,
            "predicted_rate": 0.5208333333333334,
            "success_false_positive_rate": 0.3125,
            "successes": 32,
            "threshold": -11.625
          },
          {
            "failure_capture_rate": 0.9375,
            "failure_precision": 0.6,
            "failures": 16,
            "feature": "mid_to_late_shift",
            "gate": "mid_to_late_shift_lt_-10.89",
            "gate_score": 0.625,
            "kind": "late_residual",
            "n": 48,
            "op": "<",
            "predicted_count": 25,
            "predicted_rate": 0.5208333333333334,
            "success_false_positive_rate": 0.3125,
            "successes": 32,
            "threshold": -10.890625
          },
          {
            "failure_capture_rate": 0.9375,
            "failure_precision": 0.6,
            "failures": 16,
            "feature": "min_layer_gap",
            "gate": "min_layer_gap_lt_-12.25",
            "gate_score": 0.625,
            "kind": "trajectory",
            "n": 48,
            "op": "<",
            "predicted_count": 25,
            "predicted_rate": 0.5208333333333334,
            "success_false_positive_rate": 0.3125,
            "successes": 32,
            "threshold": -12.25
          },
          {
            "failure_capture_rate": 0.9375,
            "failure_precision": 0.5769230769230769,
            "failures": 16,
            "feature": "max_layer_gap",
            "gate": "max_layer_gap_lt_-0.03555",
            "gate_score": 0.59375,
            "kind": "trajectory",
            "n": 48,
            "op": "<",
            "predicted_count": 26,
            "predicted_rate": 0.5416666666666666,
            "success_false_positive_rate": 0.34375,
            "successes": 32,
            "threshold": -0.035552978515625
          },
          {
            "failure_capture_rate": 0.9375,
            "failure_precision": 0.5555555555555556,
            "failures": 16,
            "feature": "max_layer_gap",
            "gate": "max_layer_gap_lt_-0.001953",
            "gate_score": 0.5625,
            "kind": "trajectory",
            "n": 48,
            "op": "<",
            "predicted_count": 27,
            "predicted_rate": 0.5625,
            "success_false_positive_rate": 0.375,
            "successes": 32,
            "threshold": -0.001953125
          },
          {
            "failure_capture_rate": 0.9375,
            "failure_precision": 0.5555555555555556,
            "failures": 16,
            "feature": "max_layer_gap",
            "gate": "max_layer_gap_lt_0",
            "gate_score": 0.5625,
            "kind": "trajectory",
            "n": 48,
            "op": "<",
            "predicted_count": 27,
            "predicted_rate": 0.5625,
            "success_false_positive_rate": 0.375,
            "successes": 32,
            "threshold": 0.0
          },
          {
            "failure_capture_rate": 1.0,
            "failure_precision": 0.5161290322580645,
            "failures": 16,
            "feature": "first_positive_layer_frac",
            "gate": "first_positive_layer_frac_gt_0.5128",
            "gate_score": 0.53125,
            "kind": "trajectory",
            "n": 48,
            "op": ">",
            "predicted_count": 31,
            "predicted_rate": 0.6458333333333334,
            "success_false_positive_rate": 0.46875,
            "successes": 32,
            "threshold": 0.5128205128205128
          },
          {
            "failure_capture_rate": 0.9375,
            "failure_precision": 0.5357142857142857,
            "failures": 16,
            "feature": "positive_layer_count",
            "gate": "positive_layer_count_lt_0.5",
            "gate_score": 0.53125,
            "kind": "trajectory",
            "n": 48,
            "op": "<",
            "predicted_count": 28,
            "predicted_rate": 0.5833333333333334,
            "success_false_positive_rate": 0.40625,
            "successes": 32,
            "threshold": 0.5
          },
          {
            "failure_capture_rate": 0.9375,
            "failure_precision": 0.5172413793103449,
            "failures": 16,
            "feature": "first_positive_layer_frac",
            "gate": "first_positive_layer_frac_gt_0.8462",
            "gate_score": 0.5,
            "kind": "trajectory",
            "n": 48,
            "op": ">",
            "predicted_count": 29,
            "predicted_rate": 0.6041666666666666,
            "success_false_positive_rate": 0.4375,
            "successes": 32,
            "threshold": 0.8461538461538461
          }
        ]
      },
      "factor_isolation": {
        "near_readout_reference": [
          {
            "failure_capture_rate": 1.0,
            "failure_precision": 1.0,
            "failures": 11,
            "feature": "final_gap",
            "gate": "REF_final_gap_gt_0",
            "gate_score": 1.0,
            "kind": "near_readout_reference",
            "n": 54,
            "op": ">",
            "predicted_count": 11,
            "predicted_rate": 0.2037037037037037,
            "success_false_positive_rate": 0.0,
            "successes": 43,
            "threshold": 0.0
          },
          {
            "failure_capture_rate": 1.0,
            "failure_precision": 0.9166666666666666,
            "failures": 11,
            "feature": "final_gap",
            "gate": "REF_final_gap_gt_-0.03125",
            "gate_score": 0.9767441860465116,
            "kind": "near_readout_reference",
            "n": 54,
            "op": ">",
            "predicted_count": 12,
            "predicted_rate": 0.2222222222222222,
            "success_false_positive_rate": 0.023255813953488372,
            "successes": 43,
            "threshold": -0.03125
          },
          {
            "failure_capture_rate": 1.0,
            "failure_precision": 0.9166666666666666,
            "failures": 11,
            "feature": "top1_category",
            "gate": "REF_top1_category_not_expected",
            "gate_score": 0.9767441860465116,
            "kind": "near_readout_reference",
            "n": 54,
            "op": "!=",
            "predicted_count": 12,
            "predicted_rate": 0.2222222222222222,
            "success_false_positive_rate": 0.023255813953488372,
            "successes": 43,
            "threshold": "expected"
          },
          {
            "failure_capture_rate": 1.0,
            "failure_precision": 0.5,
            "failures": 11,
            "feature": "final_gap",
            "gate": "REF_final_gap_gt_-0.4375",
            "gate_score": 0.7441860465116279,
            "kind": "near_readout_reference",
            "n": 54,
            "op": ">",
            "predicted_count": 22,
            "predicted_rate": 0.4074074074074074,
            "success_false_positive_rate": 0.2558139534883721,
            "successes": 43,
            "threshold": -0.4375
          },
          {
            "failure_capture_rate": 1.0,
            "failure_precision": 0.2037037037037037,
            "failures": 11,
            "feature": "final_gap",
            "gate": "REF_final_gap_gt_-6",
            "gate_score": 0.0,
            "kind": "near_readout_reference",
            "n": 54,
            "op": ">",
            "predicted_count": 54,
            "predicted_rate": 1.0,
            "success_false_positive_rate": 1.0,
            "successes": 43,
            "threshold": -6.0
          },
          {
            "failure_capture_rate": 1.0,
            "failure_precision": 0.2037037037037037,
            "failures": 11,
            "feature": "final_gap",
            "gate": "REF_final_gap_gt_-3.688",
            "gate_score": 0.0,
            "kind": "near_readout_reference",
            "n": 54,
            "op": ">",
            "predicted_count": 54,
            "predicted_rate": 1.0,
            "success_false_positive_rate": 1.0,
            "successes": 43,
            "threshold": -3.6875
          },
          {
            "failure_capture_rate": 1.0,
            "failure_precision": 0.2037037037037037,
            "failures": 11,
            "feature": "final_gap",
            "gate": "REF_final_gap_gt_-2.062",
            "gate_score": 0.0,
            "kind": "near_readout_reference",
            "n": 54,
            "op": ">",
            "predicted_count": 54,
            "predicted_rate": 1.0,
            "success_false_positive_rate": 1.0,
            "successes": 43,
            "threshold": -2.0625
          },
          {
            "failure_capture_rate": 0.0,
            "failure_precision": 0.0,
            "failures": 11,
            "feature": "final_gap",
            "gate": "REF_final_gap_gt_2.5",
            "gate_score": 0.0,
            "kind": "near_readout_reference",
            "n": 54,
            "op": ">",
            "predicted_count": 0,
            "predicted_rate": 0.0,
            "success_false_positive_rate": 0.0,
            "successes": 43,
            "threshold": 2.5
          }
        ],
        "pre_readout": [
          {
            "failure_capture_rate": 1.0,
            "failure_precision": 0.3235294117647059,
            "failures": 11,
            "feature": "final_norm_input_rank",
            "gate": "final_norm_input_rank_gt_1420",
            "gate_score": 0.4651162790697675,
            "kind": "pre_final_norm",
            "n": 54,
            "op": ">",
            "predicted_count": 34,
            "predicted_rate": 0.6296296296296297,
            "success_false_positive_rate": 0.5348837209302325,
            "successes": 43,
            "threshold": 1420.0
          },
          {
            "failure_capture_rate": 0.8181818181818182,
            "failure_precision": 0.3333333333333333,
            "failures": 11,
            "feature": "final_norm_input_gap",
            "gate": "final_norm_input_gap_gt_-11.62",
            "gate_score": 0.3995771670190275,
            "kind": "pre_final_norm",
            "n": 54,
            "op": ">",
            "predicted_count": 27,
            "predicted_rate": 0.5,
            "success_false_positive_rate": 0.4186046511627907,
            "successes": 43,
            "threshold": -11.625
          },
          {
            "failure_capture_rate": 0.8181818181818182,
            "failure_precision": 0.3333333333333333,
            "failures": 11,
            "feature": "last_layer_gap",
            "gate": "last_layer_gap_gt_-11.62",
            "gate_score": 0.3995771670190275,
            "kind": "late_residual",
            "n": 54,
            "op": ">",
            "predicted_count": 27,
            "predicted_rate": 0.5,
            "success_false_positive_rate": 0.4186046511627907,
            "successes": 43,
            "threshold": -11.625
          },
          {
            "failure_capture_rate": 0.8181818181818182,
            "failure_precision": 0.3333333333333333,
            "failures": 11,
            "feature": "mid_to_late_shift",
            "gate": "mid_to_late_shift_gt_-10.89",
            "gate_score": 0.3995771670190275,
            "kind": "late_residual",
            "n": 54,
            "op": ">",
            "predicted_count": 27,
            "predicted_rate": 0.5,
            "success_false_positive_rate": 0.4186046511627907,
            "successes": 43,
            "threshold": -10.890625
          },
          {
            "failure_capture_rate": 0.8181818181818182,
            "failure_precision": 0.3333333333333333,
            "failures": 11,
            "feature": "min_layer_gap",
            "gate": "min_layer_gap_gt_-12.25",
            "gate_score": 0.3995771670190275,
            "kind": "trajectory",
            "n": 54,
            "op": ">",
            "predicted_count": 27,
            "predicted_rate": 0.5,
            "success_false_positive_rate": 0.4186046511627907,
            "successes": 43,
            "threshold": -12.25
          },
          {
            "failure_capture_rate": 1.0,
            "failure_precision": 0.275,
            "failures": 11,
            "feature": "final_norm_input_rank",
            "gate": "final_norm_input_rank_gt_279",
            "gate_score": 0.32558139534883723,
            "kind": "pre_final_norm",
            "n": 54,
            "op": ">",
            "predicted_count": 40,
            "predicted_rate": 0.7407407407407407,
            "success_false_positive_rate": 0.6744186046511628,
            "successes": 43,
            "threshold": 279.0
          },
          {
            "failure_capture_rate": 0.2727272727272727,
            "failure_precision": 0.3,
            "failures": 11,
            "feature": "max_layer_gap",
            "gate": "max_layer_gap_gt_-0.03555",
            "gate_score": 0.10993657505285409,
            "kind": "trajectory",
            "n": 54,
            "op": ">",
            "predicted_count": 10,
            "predicted_rate": 0.18518518518518517,
            "success_false_positive_rate": 0.16279069767441862,
            "successes": 43,
            "threshold": -0.035552978515625
          },
          {
            "failure_capture_rate": 1.0,
            "failure_precision": 0.22,
            "failures": 11,
            "feature": "min_layer_gap",
            "gate": "min_layer_gap_lt_-0.4375",
            "gate_score": 0.09302325581395354,
            "kind": "trajectory",
            "n": 54,
            "op": "<",
            "predicted_count": 50,
            "predicted_rate": 0.9259259259259259,
            "success_false_positive_rate": 0.9069767441860465,
            "successes": 43,
            "threshold": -0.4375
          },
          {
            "failure_capture_rate": 1.0,
            "failure_precision": 0.21568627450980393,
            "failures": 11,
            "feature": "positive_layer_count",
            "gate": "positive_layer_count_lt_9",
            "gate_score": 0.06976744186046513,
            "kind": "trajectory",
            "n": 54,
            "op": "<",
            "predicted_count": 51,
            "predicted_rate": 0.9444444444444444,
            "success_false_positive_rate": 0.9302325581395349,
            "successes": 43,
            "threshold": 9.0
          },
          {
            "failure_capture_rate": 1.0,
            "failure_precision": 0.21153846153846154,
            "failures": 11,
            "feature": "final_norm_input_gap",
            "gate": "final_norm_input_gap_lt_4.25",
            "gate_score": 0.046511627906976716,
            "kind": "pre_final_norm",
            "n": 54,
            "op": "<",
            "predicted_count": 52,
            "predicted_rate": 0.9629629629629629,
            "success_false_positive_rate": 0.9534883720930233,
            "successes": 43,
            "threshold": 4.25
          },
          {
            "failure_capture_rate": 1.0,
            "failure_precision": 0.21153846153846154,
            "failures": 11,
            "feature": "last_layer_gap",
            "gate": "last_layer_gap_lt_4.25",
            "gate_score": 0.046511627906976716,
            "kind": "late_residual",
            "n": 54,
            "op": "<",
            "predicted_count": 52,
            "predicted_rate": 0.9629629629629629,
            "success_false_positive_rate": 0.9534883720930233,
            "successes": 43,
            "threshold": 4.25
          },
          {
            "failure_capture_rate": 1.0,
            "failure_precision": 0.21153846153846154,
            "failures": 11,
            "feature": "positive_layer_count",
            "gate": "positive_layer_count_lt_13",
            "gate_score": 0.046511627906976716,
            "kind": "trajectory",
            "n": 54,
            "op": "<",
            "predicted_count": 52,
            "predicted_rate": 0.9629629629629629,
            "success_false_positive_rate": 0.9534883720930233,
            "successes": 43,
            "threshold": 13.0
          },
          {
            "failure_capture_rate": 0.09090909090909091,
            "failure_precision": 0.3333333333333333,
            "failures": 11,
            "feature": "mid_to_late_shift",
            "gate": "mid_to_late_shift_gt_2.359",
            "gate_score": 0.04439746300211417,
            "kind": "late_residual",
            "n": 54,
            "op": ">",
            "predicted_count": 3,
            "predicted_rate": 0.05555555555555555,
            "success_false_positive_rate": 0.046511627906976744,
            "successes": 43,
            "threshold": 2.359375
          },
          {
            "failure_capture_rate": 0.09090909090909091,
            "failure_precision": 0.3333333333333333,
            "failures": 11,
            "feature": "max_layer_gap",
            "gate": "max_layer_gap_gt_3.375",
            "gate_score": 0.04439746300211417,
            "kind": "trajectory",
            "n": 54,
            "op": ">",
            "predicted_count": 3,
            "predicted_rate": 0.05555555555555555,
            "success_false_positive_rate": 0.046511627906976744,
            "successes": 43,
            "threshold": 3.375
          },
          {
            "failure_capture_rate": 0.18181818181818182,
            "failure_precision": 0.25,
            "failures": 11,
            "feature": "final_norm_input_gap",
            "gate": "final_norm_input_gap_lt_-36.05",
            "gate_score": 0.04228329809725159,
            "kind": "pre_final_norm",
            "n": 54,
            "op": "<",
            "predicted_count": 8,
            "predicted_rate": 0.14814814814814814,
            "success_false_positive_rate": 0.13953488372093023,
            "successes": 43,
            "threshold": -36.0546875
          }
        ]
      },
      "same_format_random_value": {
        "near_readout_reference": [
          {
            "failure_capture_rate": 0.0,
            "failure_precision": 0.0,
            "failures": 0,
            "feature": "final_gap",
            "gate": "REF_final_gap_gt_-0.03125",
            "gate_score": 0.0,
            "kind": "near_readout_reference",
            "n": 72,
            "op": ">",
            "predicted_count": 0,
            "predicted_rate": 0.0,
            "success_false_positive_rate": 0.0,
            "successes": 72,
            "threshold": -0.03125
          },
          {
            "failure_capture_rate": 0.0,
            "failure_precision": 0.0,
            "failures": 0,
            "feature": "final_gap",
            "gate": "REF_final_gap_gt_0",
            "gate_score": 0.0,
            "kind": "near_readout_reference",
            "n": 72,
            "op": ">",
            "predicted_count": 0,
            "predicted_rate": 0.0,
            "success_false_positive_rate": 0.0,
            "successes": 72,
            "threshold": 0.0
          },
          {
            "failure_capture_rate": 0.0,
            "failure_precision": 0.0,
            "failures": 0,
            "feature": "final_gap",
            "gate": "REF_final_gap_gt_2.5",
            "gate_score": 0.0,
            "kind": "near_readout_reference",
            "n": 72,
            "op": ">",
            "predicted_count": 0,
            "predicted_rate": 0.0,
            "success_false_positive_rate": 0.0,
            "successes": 72,
            "threshold": 2.5
          },
          {
            "failure_capture_rate": 0.0,
            "failure_precision": 0.0,
            "failures": 0,
            "feature": "top1_category",
            "gate": "REF_top1_category_not_expected",
            "gate_score": 0.0,
            "kind": "near_readout_reference",
            "n": 72,
            "op": "!=",
            "predicted_count": 0,
            "predicted_rate": 0.0,
            "success_false_positive_rate": 0.0,
            "successes": 72,
            "threshold": "expected"
          },
          {
            "failure_capture_rate": 0.0,
            "failure_precision": 0.0,
            "failures": 0,
            "feature": "final_gap",
            "gate": "REF_final_gap_gt_-0.4375",
            "gate_score": -0.013888888888888888,
            "kind": "near_readout_reference",
            "n": 72,
            "op": ">",
            "predicted_count": 1,
            "predicted_rate": 0.013888888888888888,
            "success_false_positive_rate": 0.013888888888888888,
            "successes": 72,
            "threshold": -0.4375
          },
          {
            "failure_capture_rate": 0.0,
            "failure_precision": 0.0,
            "failures": 0,
            "feature": "final_gap",
            "gate": "REF_final_gap_gt_-2.062",
            "gate_score": -0.1527777777777778,
            "kind": "near_readout_reference",
            "n": 72,
            "op": ">",
            "predicted_count": 11,
            "predicted_rate": 0.1527777777777778,
            "success_false_positive_rate": 0.1527777777777778,
            "successes": 72,
            "threshold": -2.0625
          },
          {
            "failure_capture_rate": 0.0,
            "failure_precision": 0.0,
            "failures": 0,
            "feature": "final_gap",
            "gate": "REF_final_gap_gt_-3.688",
            "gate_score": -0.5972222222222222,
            "kind": "near_readout_reference",
            "n": 72,
            "op": ">",
            "predicted_count": 43,
            "predicted_rate": 0.5972222222222222,
            "success_false_positive_rate": 0.5972222222222222,
            "successes": 72,
            "threshold": -3.6875
          },
          {
            "failure_capture_rate": 0.0,
            "failure_precision": 0.0,
            "failures": 0,
            "feature": "final_gap",
            "gate": "REF_final_gap_gt_-6",
            "gate_score": -1.0,
            "kind": "near_readout_reference",
            "n": 72,
            "op": ">",
            "predicted_count": 72,
            "predicted_rate": 1.0,
            "success_false_positive_rate": 1.0,
            "successes": 72,
            "threshold": -6.0
          }
        ],
        "pre_readout": [
          {
            "failure_capture_rate": 0.0,
            "failure_precision": 0.0,
            "failures": 0,
            "feature": "final_norm_input_gap",
            "gate": "final_norm_input_gap_lt_-71.25",
            "gate_score": 0.0,
            "kind": "pre_final_norm",
            "n": 72,
            "op": "<",
            "predicted_count": 0,
            "predicted_rate": 0.0,
            "success_false_positive_rate": 0.0,
            "successes": 72,
            "threshold": -71.25
          },
          {
            "failure_capture_rate": 0.0,
            "failure_precision": 0.0,
            "failures": 0,
            "feature": "final_norm_input_gap",
            "gate": "final_norm_input_gap_gt_4.25",
            "gate_score": 0.0,
            "kind": "pre_final_norm",
            "n": 72,
            "op": ">",
            "predicted_count": 0,
            "predicted_rate": 0.0,
            "success_false_positive_rate": 0.0,
            "successes": 72,
            "threshold": 4.25
          },
          {
            "failure_capture_rate": 0.0,
            "failure_precision": 0.0,
            "failures": 0,
            "feature": "final_norm_input_gap",
            "gate": "final_norm_input_gap_gt_36.06",
            "gate_score": 0.0,
            "kind": "pre_final_norm",
            "n": 72,
            "op": ">",
            "predicted_count": 0,
            "predicted_rate": 0.0,
            "success_false_positive_rate": 0.0,
            "successes": 72,
            "threshold": 36.0625
          },
          {
            "failure_capture_rate": 0.0,
            "failure_precision": 0.0,
            "failures": 0,
            "feature": "final_norm_input_rank",
            "gate": "final_norm_input_rank_lt_0",
            "gate_score": 0.0,
            "kind": "pre_final_norm",
            "n": 72,
            "op": "<",
            "predicted_count": 0,
            "predicted_rate": 0.0,
            "success_false_positive_rate": 0.0,
            "successes": 72,
            "threshold": 0.0
          },
          {
            "failure_capture_rate": 0.0,
            "failure_precision": 0.0,
            "failures": 0,
            "feature": "final_norm_input_rank",
            "gate": "final_norm_input_rank_lt_6",
            "gate_score": 0.0,
            "kind": "pre_final_norm",
            "n": 72,
            "op": "<",
            "predicted_count": 0,
            "predicted_rate": 0.0,
            "success_false_positive_rate": 0.0,
            "successes": 72,
            "threshold": 6.0
          },
          {
            "failure_capture_rate": 0.0,
            "failure_precision": 0.0,
            "failures": 0,
            "feature": "final_norm_input_rank",
            "gate": "final_norm_input_rank_gt_279",
            "gate_score": 0.0,
            "kind": "pre_final_norm",
            "n": 72,
            "op": ">",
            "predicted_count": 0,
            "predicted_rate": 0.0,
            "success_false_positive_rate": 0.0,
            "successes": 72,
            "threshold": 279.0
          },
          {
            "failure_capture_rate": 0.0,
            "failure_precision": 0.0,
            "failures": 0,
            "feature": "final_norm_input_rank",
            "gate": "final_norm_input_rank_gt_1420",
            "gate_score": 0.0,
            "kind": "pre_final_norm",
            "n": 72,
            "op": ">",
            "predicted_count": 0,
            "predicted_rate": 0.0,
            "success_false_positive_rate": 0.0,
            "successes": 72,
            "threshold": 1420.0
          },
          {
            "failure_capture_rate": 0.0,
            "failure_precision": 0.0,
            "failures": 0,
            "feature": "final_norm_input_rank",
            "gate": "final_norm_input_rank_gt_2.487e+04",
            "gate_score": 0.0,
            "kind": "pre_final_norm",
            "n": 72,
            "op": ">",
            "predicted_count": 0,
            "predicted_rate": 0.0,
            "success_false_positive_rate": 0.0,
            "successes": 72,
            "threshold": 24870.0
          },
          {
            "failure_capture_rate": 0.0,
            "failure_precision": 0.0,
            "failures": 0,
            "feature": "final_norm_input_rank",
            "gate": "final_norm_input_rank_gt_1.505e+05",
            "gate_score": 0.0,
            "kind": "pre_final_norm",
            "n": 72,
            "op": ">",
            "predicted_count": 0,
            "predicted_rate": 0.0,
            "success_false_positive_rate": 0.0,
            "successes": 72,
            "threshold": 150508.0
          },
          {
            "failure_capture_rate": 0.0,
            "failure_precision": 0.0,
            "failures": 0,
            "feature": "last_layer_gap",
            "gate": "last_layer_gap_lt_-71.25",
            "gate_score": 0.0,
            "kind": "late_residual",
            "n": 72,
            "op": "<",
            "predicted_count": 0,
            "predicted_rate": 0.0,
            "success_false_positive_rate": 0.0,
            "successes": 72,
            "threshold": -71.25
          },
          {
            "failure_capture_rate": 0.0,
            "failure_precision": 0.0,
            "failures": 0,
            "feature": "last_layer_gap",
            "gate": "last_layer_gap_gt_4.25",
            "gate_score": 0.0,
            "kind": "late_residual",
            "n": 72,
            "op": ">",
            "predicted_count": 0,
            "predicted_rate": 0.0,
            "success_false_positive_rate": 0.0,
            "successes": 72,
            "threshold": 4.25
          },
          {
            "failure_capture_rate": 0.0,
            "failure_precision": 0.0,
            "failures": 0,
            "feature": "last_layer_gap",
            "gate": "last_layer_gap_gt_36.06",
            "gate_score": 0.0,
            "kind": "late_residual",
            "n": 72,
            "op": ">",
            "predicted_count": 0,
            "predicted_rate": 0.0,
            "success_false_positive_rate": 0.0,
            "successes": 72,
            "threshold": 36.0625
          },
          {
            "failure_capture_rate": 0.0,
            "failure_precision": 0.0,
            "failures": 0,
            "feature": "late_gap_shift",
            "gate": "late_gap_shift_gt_0",
            "gate_score": 0.0,
            "kind": "late_residual",
            "n": 72,
            "op": ">",
            "predicted_count": 0,
            "predicted_rate": 0.0,
            "success_false_positive_rate": 0.0,
            "successes": 72,
            "threshold": 0.0
          },
          {
            "failure_capture_rate": 0.0,
            "failure_precision": 0.0,
            "failures": 0,
            "feature": "late_gap_shift",
            "gate": "late_gap_shift_lt_0",
            "gate_score": 0.0,
            "kind": "late_residual",
            "n": 72,
            "op": "<",
            "predicted_count": 0,
            "predicted_rate": 0.0,
            "success_false_positive_rate": 0.0,
            "successes": 72,
            "threshold": 0.0
          },
          {
            "failure_capture_rate": 0.0,
            "failure_precision": 0.0,
            "failures": 0,
            "feature": "mid_to_late_shift",
            "gate": "mid_to_late_shift_lt_-64.32",
            "gate_score": 0.0,
            "kind": "late_residual",
            "n": 72,
            "op": "<",
            "predicted_count": 0,
            "predicted_rate": 0.0,
            "success_false_positive_rate": 0.0,
            "successes": 72,
            "threshold": -64.3203125
          }
        ]
      },
      "same_prefix_different_continuation": {
        "near_readout_reference": [
          {
            "failure_capture_rate": 0.0,
            "failure_precision": 0.0,
            "failures": 0,
            "feature": "final_gap",
            "gate": "REF_final_gap_gt_-0.4375",
            "gate_score": 0.0,
            "kind": "near_readout_reference",
            "n": 24,
            "op": ">",
            "predicted_count": 0,
            "predicted_rate": 0.0,
            "success_false_positive_rate": 0.0,
            "successes": 24,
            "threshold": -0.4375
          },
          {
            "failure_capture_rate": 0.0,
            "failure_precision": 0.0,
            "failures": 0,
            "feature": "final_gap",
            "gate": "REF_final_gap_gt_-0.03125",
            "gate_score": 0.0,
            "kind": "near_readout_reference",
            "n": 24,
            "op": ">",
            "predicted_count": 0,
            "predicted_rate": 0.0,
            "success_false_positive_rate": 0.0,
            "successes": 24,
            "threshold": -0.03125
          },
          {
            "failure_capture_rate": 0.0,
            "failure_precision": 0.0,
            "failures": 0,
            "feature": "final_gap",
            "gate": "REF_final_gap_gt_0",
            "gate_score": 0.0,
            "kind": "near_readout_reference",
            "n": 24,
            "op": ">",
            "predicted_count": 0,
            "predicted_rate": 0.0,
            "success_false_positive_rate": 0.0,
            "successes": 24,
            "threshold": 0.0
          },
          {
            "failure_capture_rate": 0.0,
            "failure_precision": 0.0,
            "failures": 0,
            "feature": "final_gap",
            "gate": "REF_final_gap_gt_2.5",
            "gate_score": 0.0,
            "kind": "near_readout_reference",
            "n": 24,
            "op": ">",
            "predicted_count": 0,
            "predicted_rate": 0.0,
            "success_false_positive_rate": 0.0,
            "successes": 24,
            "threshold": 2.5
          },
          {
            "failure_capture_rate": 0.0,
            "failure_precision": 0.0,
            "failures": 0,
            "feature": "top1_category",
            "gate": "REF_top1_category_not_expected",
            "gate_score": 0.0,
            "kind": "near_readout_reference",
            "n": 24,
            "op": "!=",
            "predicted_count": 0,
            "predicted_rate": 0.0,
            "success_false_positive_rate": 0.0,
            "successes": 24,
            "threshold": "expected"
          },
          {
            "failure_capture_rate": 0.0,
            "failure_precision": 0.0,
            "failures": 0,
            "feature": "final_gap",
            "gate": "REF_final_gap_gt_-2.062",
            "gate_score": -0.16666666666666666,
            "kind": "near_readout_reference",
            "n": 24,
            "op": ">",
            "predicted_count": 4,
            "predicted_rate": 0.16666666666666666,
            "success_false_positive_rate": 0.16666666666666666,
            "successes": 24,
            "threshold": -2.0625
          },
          {
            "failure_capture_rate": 0.0,
            "failure_precision": 0.0,
            "failures": 0,
            "feature": "final_gap",
            "gate": "REF_final_gap_gt_-3.688",
            "gate_score": -0.8333333333333334,
            "kind": "near_readout_reference",
            "n": 24,
            "op": ">",
            "predicted_count": 20,
            "predicted_rate": 0.8333333333333334,
            "success_false_positive_rate": 0.8333333333333334,
            "successes": 24,
            "threshold": -3.6875
          },
          {
            "failure_capture_rate": 0.0,
            "failure_precision": 0.0,
            "failures": 0,
            "feature": "final_gap",
            "gate": "REF_final_gap_gt_-6",
            "gate_score": -1.0,
            "kind": "near_readout_reference",
            "n": 24,
            "op": ">",
            "predicted_count": 24,
            "predicted_rate": 1.0,
            "success_false_positive_rate": 1.0,
            "successes": 24,
            "threshold": -6.0
          }
        ],
        "pre_readout": [
          {
            "failure_capture_rate": 0.0,
            "failure_precision": 0.0,
            "failures": 0,
            "feature": "final_norm_input_gap",
            "gate": "final_norm_input_gap_lt_-71.25",
            "gate_score": 0.0,
            "kind": "pre_final_norm",
            "n": 24,
            "op": "<",
            "predicted_count": 0,
            "predicted_rate": 0.0,
            "success_false_positive_rate": 0.0,
            "successes": 24,
            "threshold": -71.25
          },
          {
            "failure_capture_rate": 0.0,
            "failure_precision": 0.0,
            "failures": 0,
            "feature": "final_norm_input_gap",
            "gate": "final_norm_input_gap_lt_-36.05",
            "gate_score": 0.0,
            "kind": "pre_final_norm",
            "n": 24,
            "op": "<",
            "predicted_count": 0,
            "predicted_rate": 0.0,
            "success_false_positive_rate": 0.0,
            "successes": 24,
            "threshold": -36.0546875
          },
          {
            "failure_capture_rate": 0.0,
            "failure_precision": 0.0,
            "failures": 0,
            "feature": "final_norm_input_gap",
            "gate": "final_norm_input_gap_gt_36.06",
            "gate_score": 0.0,
            "kind": "pre_final_norm",
            "n": 24,
            "op": ">",
            "predicted_count": 0,
            "predicted_rate": 0.0,
            "success_false_positive_rate": 0.0,
            "successes": 24,
            "threshold": 36.0625
          },
          {
            "failure_capture_rate": 0.0,
            "failure_precision": 0.0,
            "failures": 0,
            "feature": "final_norm_input_rank",
            "gate": "final_norm_input_rank_lt_0",
            "gate_score": 0.0,
            "kind": "pre_final_norm",
            "n": 24,
            "op": "<",
            "predicted_count": 0,
            "predicted_rate": 0.0,
            "success_false_positive_rate": 0.0,
            "successes": 24,
            "threshold": 0.0
          },
          {
            "failure_capture_rate": 0.0,
            "failure_precision": 0.0,
            "failures": 0,
            "feature": "final_norm_input_rank",
            "gate": "final_norm_input_rank_lt_6",
            "gate_score": 0.0,
            "kind": "pre_final_norm",
            "n": 24,
            "op": "<",
            "predicted_count": 0,
            "predicted_rate": 0.0,
            "success_false_positive_rate": 0.0,
            "successes": 24,
            "threshold": 6.0
          },
          {
            "failure_capture_rate": 0.0,
            "failure_precision": 0.0,
            "failures": 0,
            "feature": "final_norm_input_rank",
            "gate": "final_norm_input_rank_lt_279",
            "gate_score": 0.0,
            "kind": "pre_final_norm",
            "n": 24,
            "op": "<",
            "predicted_count": 0,
            "predicted_rate": 0.0,
            "success_false_positive_rate": 0.0,
            "successes": 24,
            "threshold": 279.0
          },
          {
            "failure_capture_rate": 0.0,
            "failure_precision": 0.0,
            "failures": 0,
            "feature": "final_norm_input_rank",
            "gate": "final_norm_input_rank_gt_1.505e+05",
            "gate_score": 0.0,
            "kind": "pre_final_norm",
            "n": 24,
            "op": ">",
            "predicted_count": 0,
            "predicted_rate": 0.0,
            "success_false_positive_rate": 0.0,
            "successes": 24,
            "threshold": 150508.0
          },
          {
            "failure_capture_rate": 0.0,
            "failure_precision": 0.0,
            "failures": 0,
            "feature": "last_layer_gap",
            "gate": "last_layer_gap_lt_-71.25",
            "gate_score": 0.0,
            "kind": "late_residual",
            "n": 24,
            "op": "<",
            "predicted_count": 0,
            "predicted_rate": 0.0,
            "success_false_positive_rate": 0.0,
            "successes": 24,
            "threshold": -71.25
          },
          {
            "failure_capture_rate": 0.0,
            "failure_precision": 0.0,
            "failures": 0,
            "feature": "last_layer_gap",
            "gate": "last_layer_gap_lt_-36.05",
            "gate_score": 0.0,
            "kind": "late_residual",
            "n": 24,
            "op": "<",
            "predicted_count": 0,
            "predicted_rate": 0.0,
            "success_false_positive_rate": 0.0,
            "successes": 24,
            "threshold": -36.0546875
          },
          {
            "failure_capture_rate": 0.0,
            "failure_precision": 0.0,
            "failures": 0,
            "feature": "last_layer_gap",
            "gate": "last_layer_gap_gt_36.06",
            "gate_score": 0.0,
            "kind": "late_residual",
            "n": 24,
            "op": ">",
            "predicted_count": 0,
            "predicted_rate": 0.0,
            "success_false_positive_rate": 0.0,
            "successes": 24,
            "threshold": 36.0625
          },
          {
            "failure_capture_rate": 0.0,
            "failure_precision": 0.0,
            "failures": 0,
            "feature": "late_gap_shift",
            "gate": "late_gap_shift_gt_0",
            "gate_score": 0.0,
            "kind": "late_residual",
            "n": 24,
            "op": ">",
            "predicted_count": 0,
            "predicted_rate": 0.0,
            "success_false_positive_rate": 0.0,
            "successes": 24,
            "threshold": 0.0
          },
          {
            "failure_capture_rate": 0.0,
            "failure_precision": 0.0,
            "failures": 0,
            "feature": "late_gap_shift",
            "gate": "late_gap_shift_lt_0",
            "gate_score": 0.0,
            "kind": "late_residual",
            "n": 24,
            "op": "<",
            "predicted_count": 0,
            "predicted_rate": 0.0,
            "success_false_positive_rate": 0.0,
            "successes": 24,
            "threshold": 0.0
          },
          {
            "failure_capture_rate": 0.0,
            "failure_precision": 0.0,
            "failures": 0,
            "feature": "mid_to_late_shift",
            "gate": "mid_to_late_shift_lt_-64.32",
            "gate_score": 0.0,
            "kind": "late_residual",
            "n": 24,
            "op": "<",
            "predicted_count": 0,
            "predicted_rate": 0.0,
            "success_false_positive_rate": 0.0,
            "successes": 24,
            "threshold": -64.3203125
          },
          {
            "failure_capture_rate": 0.0,
            "failure_precision": 0.0,
            "failures": 0,
            "feature": "mid_to_late_shift",
            "gate": "mid_to_late_shift_lt_-29.89",
            "gate_score": 0.0,
            "kind": "late_residual",
            "n": 24,
            "op": "<",
            "predicted_count": 0,
            "predicted_rate": 0.0,
            "success_false_positive_rate": 0.0,
            "successes": 24,
            "threshold": -29.890625
          },
          {
            "failure_capture_rate": 0.0,
            "failure_precision": 0.0,
            "failures": 0,
            "feature": "mid_to_late_shift",
            "gate": "mid_to_late_shift_gt_32.23",
            "gate_score": 0.0,
            "kind": "late_residual",
            "n": 24,
            "op": ">",
            "predicted_count": 0,
            "predicted_rate": 0.0,
            "success_false_positive_rate": 0.0,
            "successes": 24,
            "threshold": 32.2265625
          }
        ]
      },
      "same_value_different_format": {
        "near_readout_reference": [
          {
            "failure_capture_rate": 1.0,
            "failure_precision": 1.0,
            "failures": 10,
            "feature": "final_gap",
            "gate": "REF_final_gap_gt_-0.03125",
            "gate_score": 1.0,
            "kind": "near_readout_reference",
            "n": 144,
            "op": ">",
            "predicted_count": 10,
            "predicted_rate": 0.06944444444444445,
            "success_false_positive_rate": 0.0,
            "successes": 134,
            "threshold": -0.03125
          },
          {
            "failure_capture_rate": 1.0,
            "failure_precision": 1.0,
            "failures": 10,
            "feature": "final_gap",
            "gate": "REF_final_gap_gt_0",
            "gate_score": 1.0,
            "kind": "near_readout_reference",
            "n": 144,
            "op": ">",
            "predicted_count": 10,
            "predicted_rate": 0.06944444444444445,
            "success_false_positive_rate": 0.0,
            "successes": 134,
            "threshold": 0.0
          },
          {
            "failure_capture_rate": 1.0,
            "failure_precision": 1.0,
            "failures": 10,
            "feature": "top1_category",
            "gate": "REF_top1_category_not_expected",
            "gate_score": 1.0,
            "kind": "near_readout_reference",
            "n": 144,
            "op": "!=",
            "predicted_count": 10,
            "predicted_rate": 0.06944444444444445,
            "success_false_positive_rate": 0.0,
            "successes": 134,
            "threshold": "expected"
          },
          {
            "failure_capture_rate": 1.0,
            "failure_precision": 0.5,
            "failures": 10,
            "feature": "final_gap",
            "gate": "REF_final_gap_gt_-0.4375",
            "gate_score": 0.9253731343283582,
            "kind": "near_readout_reference",
            "n": 144,
            "op": ">",
            "predicted_count": 20,
            "predicted_rate": 0.1388888888888889,
            "success_false_positive_rate": 0.07462686567164178,
            "successes": 134,
            "threshold": -0.4375
          },
          {
            "failure_capture_rate": 1.0,
            "failure_precision": 0.12048192771084337,
            "failures": 10,
            "feature": "final_gap",
            "gate": "REF_final_gap_gt_-2.062",
            "gate_score": 0.4552238805970149,
            "kind": "near_readout_reference",
            "n": 144,
            "op": ">",
            "predicted_count": 83,
            "predicted_rate": 0.5763888888888888,
            "success_false_positive_rate": 0.5447761194029851,
            "successes": 134,
            "threshold": -2.0625
          },
          {
            "failure_capture_rate": 1.0,
            "failure_precision": 0.08064516129032258,
            "failures": 10,
            "feature": "final_gap",
            "gate": "REF_final_gap_gt_-3.688",
            "gate_score": 0.14925373134328357,
            "kind": "near_readout_reference",
            "n": 144,
            "op": ">",
            "predicted_count": 124,
            "predicted_rate": 0.8611111111111112,
            "success_false_positive_rate": 0.8507462686567164,
            "successes": 134,
            "threshold": -3.6875
          },
          {
            "failure_capture_rate": 1.0,
            "failure_precision": 0.06993006993006994,
            "failures": 10,
            "feature": "final_gap",
            "gate": "REF_final_gap_gt_-6",
            "gate_score": 0.007462686567164201,
            "kind": "near_readout_reference",
            "n": 144,
            "op": ">",
            "predicted_count": 143,
            "predicted_rate": 0.9930555555555556,
            "success_false_positive_rate": 0.9925373134328358,
            "successes": 134,
            "threshold": -6.0
          },
          {
            "failure_capture_rate": 0.0,
            "failure_precision": 0.0,
            "failures": 10,
            "feature": "final_gap",
            "gate": "REF_final_gap_gt_2.5",
            "gate_score": 0.0,
            "kind": "near_readout_reference",
            "n": 144,
            "op": ">",
            "predicted_count": 0,
            "predicted_rate": 0.0,
            "success_false_positive_rate": 0.0,
            "successes": 134,
            "threshold": 2.5
          }
        ],
        "pre_readout": [
          {
            "failure_capture_rate": 0.8,
            "failure_precision": 0.5,
            "failures": 10,
            "feature": "final_norm_input_gap",
            "gate": "final_norm_input_gap_lt_-36.05",
            "gate_score": 0.7402985074626867,
            "kind": "pre_final_norm",
            "n": 144,
            "op": "<",
            "predicted_count": 16,
            "predicted_rate": 0.1111111111111111,
            "success_false_positive_rate": 0.05970149253731343,
            "successes": 134,
            "threshold": -36.0546875
          },
          {
            "failure_capture_rate": 0.8,
            "failure_precision": 0.5,
            "failures": 10,
            "feature": "last_layer_gap",
            "gate": "last_layer_gap_lt_-36.05",
            "gate_score": 0.7402985074626867,
            "kind": "late_residual",
            "n": 144,
            "op": "<",
            "predicted_count": 16,
            "predicted_rate": 0.1111111111111111,
            "success_false_positive_rate": 0.05970149253731343,
            "successes": 134,
            "threshold": -36.0546875
          },
          {
            "failure_capture_rate": 0.8,
            "failure_precision": 0.5,
            "failures": 10,
            "feature": "mid_to_late_shift",
            "gate": "mid_to_late_shift_lt_-29.89",
            "gate_score": 0.7402985074626867,
            "kind": "late_residual",
            "n": 144,
            "op": "<",
            "predicted_count": 16,
            "predicted_rate": 0.1111111111111111,
            "success_false_positive_rate": 0.05970149253731343,
            "successes": 134,
            "threshold": -29.890625
          },
          {
            "failure_capture_rate": 0.8,
            "failure_precision": 0.5,
            "failures": 10,
            "feature": "min_layer_gap",
            "gate": "min_layer_gap_lt_-35.7",
            "gate_score": 0.7402985074626867,
            "kind": "trajectory",
            "n": 144,
            "op": "<",
            "predicted_count": 16,
            "predicted_rate": 0.1111111111111111,
            "success_false_positive_rate": 0.05970149253731343,
            "successes": 134,
            "threshold": -35.703125
          },
          {
            "failure_capture_rate": 0.8,
            "failure_precision": 0.32,
            "failures": 10,
            "feature": "max_layer_gap",
            "gate": "max_layer_gap_lt_-0.3086",
            "gate_score": 0.673134328358209,
            "kind": "trajectory",
            "n": 144,
            "op": "<",
            "predicted_count": 25,
            "predicted_rate": 0.1736111111111111,
            "success_false_positive_rate": 0.12686567164179105,
            "successes": 134,
            "threshold": -0.30859375
          },
          {
            "failure_capture_rate": 0.8,
            "failure_precision": 0.15384615384615385,
            "failures": 10,
            "feature": "mid_to_late_shift",
            "gate": "mid_to_late_shift_lt_-10.89",
            "gate_score": 0.47164179104477616,
            "kind": "late_residual",
            "n": 144,
            "op": "<",
            "predicted_count": 52,
            "predicted_rate": 0.3611111111111111,
            "success_false_positive_rate": 0.3283582089552239,
            "successes": 134,
            "threshold": -10.890625
          },
          {
            "failure_capture_rate": 0.8,
            "failure_precision": 0.14545454545454545,
            "failures": 10,
            "feature": "final_norm_input_gap",
            "gate": "final_norm_input_gap_lt_-11.62",
            "gate_score": 0.4492537313432836,
            "kind": "pre_final_norm",
            "n": 144,
            "op": "<",
            "predicted_count": 55,
            "predicted_rate": 0.3819444444444444,
            "success_false_positive_rate": 0.35074626865671643,
            "successes": 134,
            "threshold": -11.625
          },
          {
            "failure_capture_rate": 0.8,
            "failure_precision": 0.14545454545454545,
            "failures": 10,
            "feature": "last_layer_gap",
            "gate": "last_layer_gap_lt_-11.62",
            "gate_score": 0.4492537313432836,
            "kind": "late_residual",
            "n": 144,
            "op": "<",
            "predicted_count": 55,
            "predicted_rate": 0.3819444444444444,
            "success_false_positive_rate": 0.35074626865671643,
            "successes": 134,
            "threshold": -11.625
          },
          {
            "failure_capture_rate": 0.8,
            "failure_precision": 0.14285714285714285,
            "failures": 10,
            "feature": "max_layer_gap",
            "gate": "max_layer_gap_lt_-0.03555",
            "gate_score": 0.44179104477611947,
            "kind": "trajectory",
            "n": 144,
            "op": "<",
            "predicted_count": 56,
            "predicted_rate": 0.3888888888888889,
            "success_false_positive_rate": 0.3582089552238806,
            "successes": 134,
            "threshold": -0.035552978515625
          },
          {
            "failure_capture_rate": 0.8,
            "failure_precision": 0.14285714285714285,
            "failures": 10,
            "feature": "min_layer_gap",
            "gate": "min_layer_gap_lt_-12.25",
            "gate_score": 0.44179104477611947,
            "kind": "trajectory",
            "n": 144,
            "op": "<",
            "predicted_count": 56,
            "predicted_rate": 0.3888888888888889,
            "success_false_positive_rate": 0.3582089552238806,
            "successes": 134,
            "threshold": -12.25
          },
          {
            "failure_capture_rate": 0.8,
            "failure_precision": 0.14035087719298245,
            "failures": 10,
            "feature": "max_layer_gap",
            "gate": "max_layer_gap_lt_-0.001953",
            "gate_score": 0.43432835820895527,
            "kind": "trajectory",
            "n": 144,
            "op": "<",
            "predicted_count": 57,
            "predicted_rate": 0.3958333333333333,
            "success_false_positive_rate": 0.3656716417910448,
            "successes": 134,
            "threshold": -0.001953125
          },
          {
            "failure_capture_rate": 0.8,
            "failure_precision": 0.14035087719298245,
            "failures": 10,
            "feature": "max_layer_gap",
            "gate": "max_layer_gap_lt_0",
            "gate_score": 0.43432835820895527,
            "kind": "trajectory",
            "n": 144,
            "op": "<",
            "predicted_count": 57,
            "predicted_rate": 0.3958333333333333,
            "success_false_positive_rate": 0.3656716417910448,
            "successes": 134,
            "threshold": 0.0
          },
          {
            "failure_capture_rate": 0.8,
            "failure_precision": 0.14035087719298245,
            "failures": 10,
            "feature": "positive_layer_count",
            "gate": "positive_layer_count_lt_0.5",
            "gate_score": 0.43432835820895527,
            "kind": "trajectory",
            "n": 144,
            "op": "<",
            "predicted_count": 57,
            "predicted_rate": 0.3958333333333333,
            "success_false_positive_rate": 0.3656716417910448,
            "successes": 134,
            "threshold": 0.5
          },
          {
            "failure_capture_rate": 0.8,
            "failure_precision": 0.14035087719298245,
            "failures": 10,
            "feature": "first_positive_layer_frac",
            "gate": "first_positive_layer_frac_gt_0.8462",
            "gate_score": 0.43432835820895527,
            "kind": "trajectory",
            "n": 144,
            "op": ">",
            "predicted_count": 57,
            "predicted_rate": 0.3958333333333333,
            "success_false_positive_rate": 0.3656716417910448,
            "successes": 134,
            "threshold": 0.8461538461538461
          },
          {
            "failure_capture_rate": 0.8,
            "failure_precision": 0.13114754098360656,
            "failures": 10,
            "feature": "first_positive_layer_frac",
            "gate": "first_positive_layer_frac_gt_0.641",
            "gate_score": 0.4044776119402986,
            "kind": "trajectory",
            "n": 144,
            "op": ">",
            "predicted_count": 61,
            "predicted_rate": 0.4236111111111111,
            "success_false_positive_rate": 0.39552238805970147,
            "successes": 134,
            "threshold": 0.6410256410256411
          }
        ]
      }
    },
    "cross_family_generalization": [
      {
        "gate": "final_norm_input_gap_lt_-36.05",
        "kind": "pre_final_norm",
        "source_failure_capture": 0.9375,
        "source_false_pos": 0.25,
        "source_family": "different_value_same_format",
        "target_failure_capture": 0.8,
        "target_failures": 10,
        "target_false_pos": 0.05970149253731343,
        "target_family": "same_value_different_format",
        "target_score": 0.7402985074626867,
        "target_successes": 134
      },
      {
        "gate": "last_layer_gap_lt_-36.05",
        "kind": "late_residual",
        "source_failure_capture": 0.9375,
        "source_false_pos": 0.25,
        "source_family": "different_value_same_format",
        "target_failure_capture": 0.8,
        "target_failures": 10,
        "target_false_pos": 0.05970149253731343,
        "target_family": "same_value_different_format",
        "target_score": 0.7402985074626867,
        "target_successes": 134
      },
      {
        "gate": "mid_to_late_shift_lt_-29.89",
        "kind": "late_residual",
        "source_failure_capture": 0.9375,
        "source_false_pos": 0.25,
        "source_family": "different_value_same_format",
        "target_failure_capture": 0.8,
        "target_failures": 10,
        "target_false_pos": 0.05970149253731343,
        "target_family": "same_value_different_format",
        "target_score": 0.7402985074626867,
        "target_successes": 134
      },
      {
        "gate": "min_layer_gap_lt_-35.7",
        "kind": "trajectory",
        "source_failure_capture": 0.9375,
        "source_false_pos": 0.25,
        "source_family": "different_value_same_format",
        "target_failure_capture": 0.8,
        "target_failures": 10,
        "target_false_pos": 0.05970149253731343,
        "target_family": "same_value_different_format",
        "target_score": 0.7402985074626867,
        "target_successes": 134
      },
      {
        "gate": "final_norm_input_gap_lt_-36.05",
        "kind": "pre_final_norm",
        "source_failure_capture": 0.8,
        "source_false_pos": 0.05970149253731343,
        "source_family": "same_value_different_format",
        "target_failure_capture": 0.9375,
        "target_failures": 16,
        "target_false_pos": 0.25,
        "target_family": "different_value_same_format",
        "target_score": 0.6875,
        "target_successes": 32
      },
      {
        "gate": "last_layer_gap_lt_-36.05",
        "kind": "late_residual",
        "source_failure_capture": 0.8,
        "source_false_pos": 0.05970149253731343,
        "source_family": "same_value_different_format",
        "target_failure_capture": 0.9375,
        "target_failures": 16,
        "target_false_pos": 0.25,
        "target_family": "different_value_same_format",
        "target_score": 0.6875,
        "target_successes": 32
      },
      {
        "gate": "mid_to_late_shift_lt_-29.89",
        "kind": "late_residual",
        "source_failure_capture": 0.8,
        "source_false_pos": 0.05970149253731343,
        "source_family": "same_value_different_format",
        "target_failure_capture": 0.9375,
        "target_failures": 16,
        "target_false_pos": 0.25,
        "target_family": "different_value_same_format",
        "target_score": 0.6875,
        "target_successes": 32
      },
      {
        "gate": "min_layer_gap_lt_-35.7",
        "kind": "trajectory",
        "source_failure_capture": 0.8,
        "source_false_pos": 0.05970149253731343,
        "source_family": "same_value_different_format",
        "target_failure_capture": 0.9375,
        "target_failures": 16,
        "target_false_pos": 0.25,
        "target_family": "different_value_same_format",
        "target_score": 0.6875,
        "target_successes": 32
      },
      {
        "gate": "max_layer_gap_lt_-0.3086",
        "kind": "trajectory",
        "source_failure_capture": 0.8,
        "source_false_pos": 0.12686567164179105,
        "source_family": "same_value_different_format",
        "target_failure_capture": 0.9375,
        "target_failures": 16,
        "target_false_pos": 0.25,
        "target_family": "different_value_same_format",
        "target_score": 0.6875,
        "target_successes": 32
      },
      {
        "gate": "max_layer_gap_lt_-0.3086",
        "kind": "trajectory",
        "source_failure_capture": 0.9375,
        "source_false_pos": 0.25,
        "source_family": "different_value_same_format",
        "target_failure_capture": 0.8,
        "target_failures": 10,
        "target_false_pos": 0.12686567164179105,
        "target_family": "same_value_different_format",
        "target_score": 0.673134328358209,
        "target_successes": 134
      },
      {
        "gate": "final_norm_input_gap_lt_-36.05",
        "kind": "pre_final_norm",
        "source_failure_capture": 0.9375,
        "source_false_pos": 0.25,
        "source_family": "different_value_same_format",
        "target_failure_capture": 0.18181818181818182,
        "target_failures": 11,
        "target_false_pos": 0.13953488372093023,
        "target_family": "factor_isolation",
        "target_score": 0.04228329809725159,
        "target_successes": 43
      },
      {
        "gate": "last_layer_gap_lt_-36.05",
        "kind": "late_residual",
        "source_failure_capture": 0.9375,
        "source_false_pos": 0.25,
        "source_family": "different_value_same_format",
        "target_failure_capture": 0.18181818181818182,
        "target_failures": 11,
        "target_false_pos": 0.13953488372093023,
        "target_family": "factor_isolation",
        "target_score": 0.04228329809725159,
        "target_successes": 43
      },
      {
        "gate": "mid_to_late_shift_lt_-29.89",
        "kind": "late_residual",
        "source_failure_capture": 0.9375,
        "source_false_pos": 0.25,
        "source_family": "different_value_same_format",
        "target_failure_capture": 0.18181818181818182,
        "target_failures": 11,
        "target_false_pos": 0.13953488372093023,
        "target_family": "factor_isolation",
        "target_score": 0.04228329809725159,
        "target_successes": 43
      },
      {
        "gate": "max_layer_gap_lt_-0.3086",
        "kind": "trajectory",
        "source_failure_capture": 0.9375,
        "source_false_pos": 0.25,
        "source_family": "different_value_same_format",
        "target_failure_capture": 0.18181818181818182,
        "target_failures": 11,
        "target_false_pos": 0.13953488372093023,
        "target_family": "factor_isolation",
        "target_score": 0.04228329809725159,
        "target_successes": 43
      },
      {
        "gate": "min_layer_gap_lt_-35.7",
        "kind": "trajectory",
        "source_failure_capture": 0.9375,
        "source_false_pos": 0.25,
        "source_family": "different_value_same_format",
        "target_failure_capture": 0.18181818181818182,
        "target_failures": 11,
        "target_false_pos": 0.13953488372093023,
        "target_family": "factor_isolation",
        "target_score": 0.04228329809725159,
        "target_successes": 43
      },
      {
        "gate": "final_norm_input_gap_lt_-36.05",
        "kind": "pre_final_norm",
        "source_failure_capture": 0.8,
        "source_false_pos": 0.05970149253731343,
        "source_family": "same_value_different_format",
        "target_failure_capture": 0.18181818181818182,
        "target_failures": 11,
        "target_false_pos": 0.13953488372093023,
        "target_family": "factor_isolation",
        "target_score": 0.04228329809725159,
        "target_successes": 43
      },
      {
        "gate": "last_layer_gap_lt_-36.05",
        "kind": "late_residual",
        "source_failure_capture": 0.8,
        "source_false_pos": 0.05970149253731343,
        "source_family": "same_value_different_format",
        "target_failure_capture": 0.18181818181818182,
        "target_failures": 11,
        "target_false_pos": 0.13953488372093023,
        "target_family": "factor_isolation",
        "target_score": 0.04228329809725159,
        "target_successes": 43
      },
      {
        "gate": "mid_to_late_shift_lt_-29.89",
        "kind": "late_residual",
        "source_failure_capture": 0.8,
        "source_false_pos": 0.05970149253731343,
        "source_family": "same_value_different_format",
        "target_failure_capture": 0.18181818181818182,
        "target_failures": 11,
        "target_false_pos": 0.13953488372093023,
        "target_family": "factor_isolation",
        "target_score": 0.04228329809725159,
        "target_successes": 43
      },
      {
        "gate": "min_layer_gap_lt_-35.7",
        "kind": "trajectory",
        "source_failure_capture": 0.8,
        "source_false_pos": 0.05970149253731343,
        "source_family": "same_value_different_format",
        "target_failure_capture": 0.18181818181818182,
        "target_failures": 11,
        "target_false_pos": 0.13953488372093023,
        "target_family": "factor_isolation",
        "target_score": 0.04228329809725159,
        "target_successes": 43
      },
      {
        "gate": "max_layer_gap_lt_-0.3086",
        "kind": "trajectory",
        "source_failure_capture": 0.8,
        "source_false_pos": 0.12686567164179105,
        "source_family": "same_value_different_format",
        "target_failure_capture": 0.18181818181818182,
        "target_failures": 11,
        "target_false_pos": 0.13953488372093023,
        "target_family": "factor_isolation",
        "target_score": 0.04228329809725159,
        "target_successes": 43
      },
      {
        "gate": "final_norm_input_gap_lt_-36.05",
        "kind": "pre_final_norm",
        "source_failure_capture": 0.9375,
        "source_false_pos": 0.25,
        "source_family": "different_value_same_format",
        "target_failure_capture": 0.0,
        "target_failures": 0,
        "target_false_pos": 0.0,
        "target_family": "same_prefix_different_continuation",
        "target_score": 0.0,
        "target_successes": 24
      },
      {
        "gate": "last_layer_gap_lt_-36.05",
        "kind": "late_residual",
        "source_failure_capture": 0.9375,
        "source_false_pos": 0.25,
        "source_family": "different_value_same_format",
        "target_failure_capture": 0.0,
        "target_failures": 0,
        "target_false_pos": 0.0,
        "target_family": "same_prefix_different_continuation",
        "target_score": 0.0,
        "target_successes": 24
      },
      {
        "gate": "mid_to_late_shift_lt_-29.89",
        "kind": "late_residual",
        "source_failure_capture": 0.9375,
        "source_false_pos": 0.25,
        "source_family": "different_value_same_format",
        "target_failure_capture": 0.0,
        "target_failures": 0,
        "target_false_pos": 0.0,
        "target_family": "same_prefix_different_continuation",
        "target_score": 0.0,
        "target_successes": 24
      },
      {
        "gate": "max_layer_gap_lt_-0.3086",
        "kind": "trajectory",
        "source_failure_capture": 0.9375,
        "source_false_pos": 0.25,
        "source_family": "different_value_same_format",
        "target_failure_capture": 0.0,
        "target_failures": 0,
        "target_false_pos": 0.0,
        "target_family": "same_prefix_different_continuation",
        "target_score": 0.0,
        "target_successes": 24
      },
      {
        "gate": "min_layer_gap_lt_-35.7",
        "kind": "trajectory",
        "source_failure_capture": 0.9375,
        "source_false_pos": 0.25,
        "source_family": "different_value_same_format",
        "target_failure_capture": 0.0,
        "target_failures": 0,
        "target_false_pos": 0.0,
        "target_family": "same_prefix_different_continuation",
        "target_score": 0.0,
        "target_successes": 24
      },
      {
        "gate": "final_norm_input_gap_lt_-36.05",
        "kind": "pre_final_norm",
        "source_failure_capture": 0.8,
        "source_false_pos": 0.05970149253731343,
        "source_family": "same_value_different_format",
        "target_failure_capture": 0.0,
        "target_failures": 0,
        "target_false_pos": 0.0,
        "target_family": "same_prefix_different_continuation",
        "target_score": 0.0,
        "target_successes": 24
      },
      {
        "gate": "last_layer_gap_lt_-36.05",
        "kind": "late_residual",
        "source_failure_capture": 0.8,
        "source_false_pos": 0.05970149253731343,
        "source_family": "same_value_different_format",
        "target_failure_capture": 0.0,
        "target_failures": 0,
        "target_false_pos": 0.0,
        "target_family": "same_prefix_different_continuation",
        "target_score": 0.0,
        "target_successes": 24
      },
      {
        "gate": "mid_to_late_shift_lt_-29.89",
        "kind": "late_residual",
        "source_failure_capture": 0.8,
        "source_false_pos": 0.05970149253731343,
        "source_family": "same_value_different_format",
        "target_failure_capture": 0.0,
        "target_failures": 0,
        "target_false_pos": 0.0,
        "target_family": "same_prefix_different_continuation",
        "target_score": 0.0,
        "target_successes": 24
      },
      {
        "gate": "min_layer_gap_lt_-35.7",
        "kind": "trajectory",
        "source_failure_capture": 0.8,
        "source_false_pos": 0.05970149253731343,
        "source_family": "same_value_different_format",
        "target_failure_capture": 0.0,
        "target_failures": 0,
        "target_false_pos": 0.0,
        "target_family": "same_prefix_different_continuation",
        "target_score": 0.0,
        "target_successes": 24
      },
      {
        "gate": "max_layer_gap_lt_-0.3086",
        "kind": "trajectory",
        "source_failure_capture": 0.8,
        "source_false_pos": 0.12686567164179105,
        "source_family": "same_value_different_format",
        "target_failure_capture": 0.0,
        "target_failures": 0,
        "target_false_pos": 0.0,
        "target_family": "same_prefix_different_continuation",
        "target_score": 0.0,
        "target_successes": 24
      },
      {
        "gate": "max_layer_gap_lt_-0.3086",
        "kind": "trajectory",
        "source_failure_capture": 0.9375,
        "source_false_pos": 0.25,
        "source_family": "different_value_same_format",
        "target_failure_capture": 0.0,
        "target_failures": 0,
        "target_false_pos": 0.4444444444444444,
        "target_family": "same_format_random_value",
        "target_score": -0.4444444444444444,
        "target_successes": 72
      },
      {
        "gate": "max_layer_gap_lt_-0.3086",
        "kind": "trajectory",
        "source_failure_capture": 0.8,
        "source_false_pos": 0.12686567164179105,
        "source_family": "same_value_different_format",
        "target_failure_capture": 0.0,
        "target_failures": 0,
        "target_false_pos": 0.4444444444444444,
        "target_family": "same_format_random_value",
        "target_score": -0.4444444444444444,
        "target_successes": 72
      },
      {
        "gate": "final_norm_input_gap_lt_-36.05",
        "kind": "pre_final_norm",
        "source_failure_capture": 0.9375,
        "source_false_pos": 0.25,
        "source_family": "different_value_same_format",
        "target_failure_capture": 0.0,
        "target_failures": 0,
        "target_false_pos": 0.5277777777777778,
        "target_family": "same_format_random_value",
        "target_score": -0.5277777777777778,
        "target_successes": 72
      },
      {
        "gate": "last_layer_gap_lt_-36.05",
        "kind": "late_residual",
        "source_failure_capture": 0.9375,
        "source_false_pos": 0.25,
        "source_family": "different_value_same_format",
        "target_failure_capture": 0.0,
        "target_failures": 0,
        "target_false_pos": 0.5277777777777778,
        "target_family": "same_format_random_value",
        "target_score": -0.5277777777777778,
        "target_successes": 72
      },
      {
        "gate": "final_norm_input_gap_lt_-36.05",
        "kind": "pre_final_norm",
        "source_failure_capture": 0.8,
        "source_false_pos": 0.05970149253731343,
        "source_family": "same_value_different_format",
        "target_failure_capture": 0.0,
        "target_failures": 0,
        "target_false_pos": 0.5277777777777778,
        "target_family": "same_format_random_value",
        "target_score": -0.5277777777777778,
        "target_successes": 72
      },
      {
        "gate": "last_layer_gap_lt_-36.05",
        "kind": "late_residual",
        "source_failure_capture": 0.8,
        "source_false_pos": 0.05970149253731343,
        "source_family": "same_value_different_format",
        "target_failure_capture": 0.0,
        "target_failures": 0,
        "target_false_pos": 0.5277777777777778,
        "target_family": "same_format_random_value",
        "target_score": -0.5277777777777778,
        "target_successes": 72
      },
      {
        "gate": "min_layer_gap_lt_-35.7",
        "kind": "trajectory",
        "source_failure_capture": 0.9375,
        "source_false_pos": 0.25,
        "source_family": "different_value_same_format",
        "target_failure_capture": 0.0,
        "target_failures": 0,
        "target_false_pos": 0.5555555555555556,
        "target_family": "same_format_random_value",
        "target_score": -0.5555555555555556,
        "target_successes": 72
      },
      {
        "gate": "min_layer_gap_lt_-35.7",
        "kind": "trajectory",
        "source_failure_capture": 0.8,
        "source_false_pos": 0.05970149253731343,
        "source_family": "same_value_different_format",
        "target_failure_capture": 0.0,
        "target_failures": 0,
        "target_false_pos": 0.5555555555555556,
        "target_family": "same_format_random_value",
        "target_score": -0.5555555555555556,
        "target_successes": 72
      },
      {
        "gate": "mid_to_late_shift_lt_-29.89",
        "kind": "late_residual",
        "source_failure_capture": 0.9375,
        "source_false_pos": 0.25,
        "source_family": "different_value_same_format",
        "target_failure_capture": 0.0,
        "target_failures": 0,
        "target_false_pos": 0.5694444444444444,
        "target_family": "same_format_random_value",
        "target_score": -0.5694444444444444,
        "target_successes": 72
      },
      {
        "gate": "mid_to_late_shift_lt_-29.89",
        "kind": "late_residual",
        "source_failure_capture": 0.8,
        "source_false_pos": 0.05970149253731343,
        "source_family": "same_value_different_format",
        "target_failure_capture": 0.0,
        "target_failures": 0,
        "target_false_pos": 0.5694444444444444,
        "target_family": "same_format_random_value",
        "target_score": -0.5694444444444444,
        "target_successes": 72
      }
    ],
    "model": "glm4",
    "top_near_readout_reference_gates": [
      {
        "failure_capture_rate": 1.0,
        "failure_precision": 1.0,
        "failures": 37,
        "feature": "final_gap",
        "gate": "REF_final_gap_gt_0",
        "gate_score": 1.0,
        "kind": "near_readout_reference",
        "n": 342,
        "op": ">",
        "predicted_count": 37,
        "predicted_rate": 0.10818713450292397,
        "success_false_positive_rate": 0.0,
        "successes": 305,
        "threshold": 0.0
      },
      {
        "failure_capture_rate": 1.0,
        "failure_precision": 0.9736842105263158,
        "failures": 37,
        "feature": "final_gap",
        "gate": "REF_final_gap_gt_-0.03125",
        "gate_score": 0.9967213114754099,
        "kind": "near_readout_reference",
        "n": 342,
        "op": ">",
        "predicted_count": 38,
        "predicted_rate": 0.1111111111111111,
        "success_false_positive_rate": 0.003278688524590164,
        "successes": 305,
        "threshold": -0.03125
      },
      {
        "failure_capture_rate": 1.0,
        "failure_precision": 0.9736842105263158,
        "failures": 37,
        "feature": "top1_category",
        "gate": "REF_top1_category_not_expected",
        "gate_score": 0.9967213114754099,
        "kind": "near_readout_reference",
        "n": 342,
        "op": "!=",
        "predicted_count": 38,
        "predicted_rate": 0.1111111111111111,
        "success_false_positive_rate": 0.003278688524590164,
        "successes": 305,
        "threshold": "expected"
      },
      {
        "failure_capture_rate": 1.0,
        "failure_precision": 0.5692307692307692,
        "failures": 37,
        "feature": "final_gap",
        "gate": "REF_final_gap_gt_-0.4375",
        "gate_score": 0.9081967213114754,
        "kind": "near_readout_reference",
        "n": 342,
        "op": ">",
        "predicted_count": 65,
        "predicted_rate": 0.19005847953216373,
        "success_false_positive_rate": 0.09180327868852459,
        "successes": 305,
        "threshold": -0.4375
      },
      {
        "failure_capture_rate": 1.0,
        "failure_precision": 0.18686868686868688,
        "failures": 37,
        "feature": "final_gap",
        "gate": "REF_final_gap_gt_-2.062",
        "gate_score": 0.4721311475409836,
        "kind": "near_readout_reference",
        "n": 342,
        "op": ">",
        "predicted_count": 198,
        "predicted_rate": 0.5789473684210527,
        "success_false_positive_rate": 0.5278688524590164,
        "successes": 305,
        "threshold": -2.0625
      },
      {
        "failure_capture_rate": 1.0,
        "failure_precision": 0.12802768166089964,
        "failures": 37,
        "feature": "final_gap",
        "gate": "REF_final_gap_gt_-3.688",
        "gate_score": 0.17377049180327864,
        "kind": "near_readout_reference",
        "n": 342,
        "op": ">",
        "predicted_count": 289,
        "predicted_rate": 0.8450292397660819,
        "success_false_positive_rate": 0.8262295081967214,
        "successes": 305,
        "threshold": -3.6875
      },
      {
        "failure_capture_rate": 1.0,
        "failure_precision": 0.10850439882697947,
        "failures": 37,
        "feature": "final_gap",
        "gate": "REF_final_gap_gt_-6",
        "gate_score": 0.003278688524590123,
        "kind": "near_readout_reference",
        "n": 342,
        "op": ">",
        "predicted_count": 341,
        "predicted_rate": 0.9970760233918129,
        "success_false_positive_rate": 0.9967213114754099,
        "successes": 305,
        "threshold": -6.0
      },
      {
        "failure_capture_rate": 0.0,
        "failure_precision": 0.0,
        "failures": 37,
        "feature": "final_gap",
        "gate": "REF_final_gap_gt_2.5",
        "gate_score": 0.0,
        "kind": "near_readout_reference",
        "n": 342,
        "op": ">",
        "predicted_count": 0,
        "predicted_rate": 0.0,
        "success_false_positive_rate": 0.0,
        "successes": 305,
        "threshold": 2.5
      }
    ],
    "top_pre_readout_gates": [
      {
        "failure_capture_rate": 0.6756756756756757,
        "failure_precision": 0.29411764705882354,
        "failures": 37,
        "feature": "final_norm_input_gap",
        "gate": "final_norm_input_gap_lt_-36.05",
        "gate_score": 0.4789543642002658,
        "kind": "pre_final_norm",
        "n": 342,
        "op": "<",
        "predicted_count": 85,
        "predicted_rate": 0.24853801169590642,
        "success_false_positive_rate": 0.19672131147540983,
        "successes": 305,
        "threshold": -36.0546875
      },
      {
        "failure_capture_rate": 0.6756756756756757,
        "failure_precision": 0.29411764705882354,
        "failures": 37,
        "feature": "last_layer_gap",
        "gate": "last_layer_gap_lt_-36.05",
        "gate_score": 0.4789543642002658,
        "kind": "late_residual",
        "n": 342,
        "op": "<",
        "predicted_count": 85,
        "predicted_rate": 0.24853801169590642,
        "success_false_positive_rate": 0.19672131147540983,
        "successes": 305,
        "threshold": -36.0546875
      },
      {
        "failure_capture_rate": 0.6756756756756757,
        "failure_precision": 0.28735632183908044,
        "failures": 37,
        "feature": "min_layer_gap",
        "gate": "min_layer_gap_lt_-35.7",
        "gate_score": 0.47239698715108547,
        "kind": "trajectory",
        "n": 342,
        "op": "<",
        "predicted_count": 87,
        "predicted_rate": 0.2543859649122807,
        "success_false_positive_rate": 0.20327868852459016,
        "successes": 305,
        "threshold": -35.703125
      },
      {
        "failure_capture_rate": 0.6756756756756757,
        "failure_precision": 0.2840909090909091,
        "failures": 37,
        "feature": "mid_to_late_shift",
        "gate": "mid_to_late_shift_lt_-29.89",
        "gate_score": 0.46911829862649534,
        "kind": "late_residual",
        "n": 342,
        "op": "<",
        "predicted_count": 88,
        "predicted_rate": 0.2573099415204678,
        "success_false_positive_rate": 0.20655737704918034,
        "successes": 305,
        "threshold": -29.890625
      },
      {
        "failure_capture_rate": 0.6756756756756757,
        "failure_precision": 0.2840909090909091,
        "failures": 37,
        "feature": "max_layer_gap",
        "gate": "max_layer_gap_lt_-0.3086",
        "gate_score": 0.46911829862649534,
        "kind": "trajectory",
        "n": 342,
        "op": "<",
        "predicted_count": 88,
        "predicted_rate": 0.2573099415204678,
        "success_false_positive_rate": 0.20655737704918034,
        "successes": 305,
        "threshold": -0.30859375
      },
      {
        "failure_capture_rate": 0.8918918918918919,
        "failure_precision": 0.1774193548387097,
        "failures": 37,
        "feature": "max_layer_gap",
        "gate": "max_layer_gap_lt_-0.001953",
        "gate_score": 0.3902525476295968,
        "kind": "trajectory",
        "n": 342,
        "op": "<",
        "predicted_count": 186,
        "predicted_rate": 0.543859649122807,
        "success_false_positive_rate": 0.5016393442622951,
        "successes": 305,
        "threshold": -0.001953125
      },
      {
        "failure_capture_rate": 0.8918918918918919,
        "failure_precision": 0.1774193548387097,
        "failures": 37,
        "feature": "max_layer_gap",
        "gate": "max_layer_gap_lt_0",
        "gate_score": 0.3902525476295968,
        "kind": "trajectory",
        "n": 342,
        "op": "<",
        "predicted_count": 186,
        "predicted_rate": 0.543859649122807,
        "success_false_positive_rate": 0.5016393442622951,
        "successes": 305,
        "threshold": 0.0
      },
      {
        "failure_capture_rate": 0.8918918918918919,
        "failure_precision": 0.17647058823529413,
        "failures": 37,
        "feature": "positive_layer_count",
        "gate": "positive_layer_count_lt_0.5",
        "gate_score": 0.3869738591050066,
        "kind": "trajectory",
        "n": 342,
        "op": "<",
        "predicted_count": 187,
        "predicted_rate": 0.5467836257309941,
        "success_false_positive_rate": 0.5049180327868853,
        "successes": 305,
        "threshold": 0.5
      },
      {
        "failure_capture_rate": 0.8918918918918919,
        "failure_precision": 0.17553191489361702,
        "failures": 37,
        "feature": "first_positive_layer_frac",
        "gate": "first_positive_layer_frac_gt_0.8462",
        "gate_score": 0.38369517058041647,
        "kind": "trajectory",
        "n": 342,
        "op": ">",
        "predicted_count": 188,
        "predicted_rate": 0.5497076023391813,
        "success_false_positive_rate": 0.5081967213114754,
        "successes": 305,
        "threshold": 0.8461538461538461
      },
      {
        "failure_capture_rate": 0.8918918918918919,
        "failure_precision": 0.17010309278350516,
        "failures": 37,
        "feature": "first_positive_layer_frac",
        "gate": "first_positive_layer_frac_gt_0.641",
        "gate_score": 0.3640230394328755,
        "kind": "trajectory",
        "n": 342,
        "op": ">",
        "predicted_count": 194,
        "predicted_rate": 0.5672514619883041,
        "success_false_positive_rate": 0.5278688524590164,
        "successes": 305,
        "threshold": 0.6410256410256411
      },
      {
        "failure_capture_rate": 0.8378378378378378,
        "failure_precision": 0.17613636363636365,
        "failures": 37,
        "feature": "max_layer_gap",
        "gate": "max_layer_gap_lt_-0.03555",
        "gate_score": 0.3624280017722641,
        "kind": "trajectory",
        "n": 342,
        "op": "<",
        "predicted_count": 176,
        "predicted_rate": 0.5146198830409356,
        "success_false_positive_rate": 0.47540983606557374,
        "successes": 305,
        "threshold": -0.035552978515625
      },
      {
        "failure_capture_rate": 0.918918918918919,
        "failure_precision": 0.16585365853658537,
        "failures": 37,
        "feature": "first_positive_layer_frac",
        "gate": "first_positive_layer_frac_gt_0.5128",
        "gate_score": 0.3582631812140009,
        "kind": "trajectory",
        "n": 342,
        "op": ">",
        "predicted_count": 205,
        "predicted_rate": 0.5994152046783626,
        "success_false_positive_rate": 0.5606557377049181,
        "successes": 305,
        "threshold": 0.5128205128205128
      },
      {
        "failure_capture_rate": 1.0,
        "failure_precision": 0.15677966101694915,
        "failures": 37,
        "feature": "final_norm_input_rank",
        "gate": "final_norm_input_rank_gt_279",
        "gate_score": 0.3475409836065574,
        "kind": "pre_final_norm",
        "n": 342,
        "op": ">",
        "predicted_count": 236,
        "predicted_rate": 0.6900584795321637,
        "success_false_positive_rate": 0.6524590163934426,
        "successes": 305,
        "threshold": 279.0
      },
      {
        "failure_capture_rate": 0.8918918918918919,
        "failure_precision": 0.15714285714285714,
        "failures": 37,
        "feature": "positive_layer_count",
        "gate": "positive_layer_count_lt_4",
        "gate_score": 0.31156402303943287,
        "kind": "trajectory",
        "n": 342,
        "op": "<",
        "predicted_count": 210,
        "predicted_rate": 0.6140350877192983,
        "success_false_positive_rate": 0.580327868852459,
        "successes": 305,
        "threshold": 4.0
      },
      {
        "failure_capture_rate": 0.7027027027027027,
        "failure_precision": 0.16666666666666666,
        "failures": 37,
        "feature": "final_norm_input_rank",
        "gate": "final_norm_input_rank_gt_1420",
        "gate_score": 0.27647319450598146,
        "kind": "pre_final_norm",
        "n": 342,
        "op": ">",
        "predicted_count": 156,
        "predicted_rate": 0.45614035087719296,
        "success_false_positive_rate": 0.4262295081967213,
        "successes": 305,
        "threshold": 1420.0
      },
      {
        "failure_capture_rate": 0.918918918918919,
        "failure_precision": 0.1452991452991453,
        "failures": 37,
        "feature": "first_positive_layer_frac",
        "gate": "first_positive_layer_frac_gt_0.4359",
        "gate_score": 0.26318121400088623,
        "kind": "trajectory",
        "n": 342,
        "op": ">",
        "predicted_count": 234,
        "predicted_rate": 0.6842105263157895,
        "success_false_positive_rate": 0.6557377049180327,
        "successes": 305,
        "threshold": 0.4358974358974359
      },
      {
        "failure_capture_rate": 0.918918918918919,
        "failure_precision": 0.13821138211382114,
        "failures": 37,
        "feature": "positive_layer_count",
        "gate": "positive_layer_count_lt_9",
        "gate_score": 0.2238369517058042,
        "kind": "trajectory",
        "n": 342,
        "op": "<",
        "predicted_count": 246,
        "predicted_rate": 0.7192982456140351,
        "success_false_positive_rate": 0.6950819672131148,
        "successes": 305,
        "threshold": 9.0
      },
      {
        "failure_capture_rate": 0.8918918918918919,
        "failure_precision": 0.13807531380753138,
        "failures": 37,
        "feature": "final_norm_input_gap",
        "gate": "final_norm_input_gap_lt_-0.1328",
        "gate_score": 0.21648205582631808,
        "kind": "pre_final_norm",
        "n": 342,
        "op": "<",
        "predicted_count": 239,
        "predicted_rate": 0.6988304093567251,
        "success_false_positive_rate": 0.6754098360655738,
        "successes": 305,
        "threshold": -0.1328125
      },
      {
        "failure_capture_rate": 0.8918918918918919,
        "failure_precision": 0.13807531380753138,
        "failures": 37,
        "feature": "final_norm_input_gap",
        "gate": "final_norm_input_gap_lt_0",
        "gate_score": 0.21648205582631808,
        "kind": "pre_final_norm",
        "n": 342,
        "op": "<",
        "predicted_count": 239,
        "predicted_rate": 0.6988304093567251,
        "success_false_positive_rate": 0.6754098360655738,
        "successes": 305,
        "threshold": 0.0
      },
      {
        "failure_capture_rate": 0.8918918918918919,
        "failure_precision": 0.13807531380753138,
        "failures": 37,
        "feature": "last_layer_gap",
        "gate": "last_layer_gap_lt_-0.1328",
        "gate_score": 0.21648205582631808,
        "kind": "late_residual",
        "n": 342,
        "op": "<",
        "predicted_count": 239,
        "predicted_rate": 0.6988304093567251,
        "success_false_positive_rate": 0.6754098360655738,
        "successes": 305,
        "threshold": -0.1328125
      },
      {
        "failure_capture_rate": 0.8918918918918919,
        "failure_precision": 0.13807531380753138,
        "failures": 37,
        "feature": "last_layer_gap",
        "gate": "last_layer_gap_lt_0",
        "gate_score": 0.21648205582631808,
        "kind": "late_residual",
        "n": 342,
        "op": "<",
        "predicted_count": 239,
        "predicted_rate": 0.6988304093567251,
        "success_false_positive_rate": 0.6754098360655738,
        "successes": 305,
        "threshold": 0.0
      },
      {
        "failure_capture_rate": 0.8918918918918919,
        "failure_precision": 0.1375,
        "failures": 37,
        "feature": "mid_to_late_shift",
        "gate": "mid_to_late_shift_lt_-0.1523",
        "gate_score": 0.21320336730172795,
        "kind": "late_residual",
        "n": 342,
        "op": "<",
        "predicted_count": 240,
        "predicted_rate": 0.7017543859649122,
        "success_false_positive_rate": 0.6786885245901639,
        "successes": 305,
        "threshold": -0.15234375
      },
      {
        "failure_capture_rate": 0.8918918918918919,
        "failure_precision": 0.1375,
        "failures": 37,
        "feature": "mid_to_late_shift",
        "gate": "mid_to_late_shift_lt_0",
        "gate_score": 0.21320336730172795,
        "kind": "late_residual",
        "n": 342,
        "op": "<",
        "predicted_count": 240,
        "predicted_rate": 0.7017543859649122,
        "success_false_positive_rate": 0.6786885245901639,
        "successes": 305,
        "threshold": 0.0
      },
      {
        "failure_capture_rate": 0.6756756756756757,
        "failure_precision": 0.14534883720930233,
        "failures": 37,
        "feature": "mid_to_late_shift",
        "gate": "mid_to_late_shift_lt_-10.89",
        "gate_score": 0.19370846256092156,
        "kind": "late_residual",
        "n": 342,
        "op": "<",
        "predicted_count": 172,
        "predicted_rate": 0.5029239766081871,
        "success_false_positive_rate": 0.4819672131147541,
        "successes": 305,
        "threshold": -10.890625
      },
      {
        "failure_capture_rate": 0.9459459459459459,
        "failure_precision": 0.13157894736842105,
        "failures": 37,
        "feature": "final_norm_input_rank",
        "gate": "final_norm_input_rank_lt_2.487e+04",
        "gate_score": 0.18856889676561805,
        "kind": "pre_final_norm",
        "n": 342,
        "op": "<",
        "predicted_count": 266,
        "predicted_rate": 0.7777777777777778,
        "success_false_positive_rate": 0.7573770491803279,
        "successes": 305,
        "threshold": 24870.0
      }
    ]
  },
  "timestamp": "2026-06-26 11:45:01",
  "title": "Pre-Readout Natural Gate and Cross-Family Generalization Audit"
}
