`torch_dtype` is deprecated! Use `dtype` instead!
Loading weights:   0%|          | 0/398 [00:00<?, ?it/s]Loading weights:   7%|▋         | 27/398 [00:00<00:01, 260.58it/s]Loading weights:  21%|██        | 83/398 [00:00<00:00, 433.26it/s]Loading weights:  37%|███▋      | 146/398 [00:00<00:00, 511.16it/s]Loading weights:  54%|█████▎    | 213/398 [00:00<00:00, 567.88it/s]Loading weights:  69%|██████▉   | 274/398 [00:00<00:00, 569.95it/s]Loading weights:  86%|████████▋ | 344/398 [00:00<00:00, 608.04it/s]Loading weights: 100%|██████████| 398/398 [00:00<00:00, 565.85it/s]
[11:43:43] Loaded qwen3: class=Qwen3ForCausalLM, GPU=8.05GB, attn=eager
[11:43:46] qwen3: 24/342 cases
[11:43:48] qwen3: 48/342 cases
[11:43:50] qwen3: 72/342 cases
[11:43:52] qwen3: 96/342 cases
[11:43:54] qwen3: 120/342 cases
[11:43:56] qwen3: 144/342 cases
[11:43:58] qwen3: 168/342 cases
[11:44:00] qwen3: 192/342 cases
[11:44:02] qwen3: 216/342 cases
[11:44:04] qwen3: 240/342 cases
[11:44:06] qwen3: 264/342 cases
[11:44:07] qwen3: 288/342 cases
[11:44:09] qwen3: 312/342 cases
[11:44:11] qwen3: 336/342 cases
[11:44:11] qwen3: 342/342 cases
[model_utils] GPU memory released, allocated=8.05 GB
{
  "family_limits": {
    "different_value_same_format": 48,
    "factor_isolation": 54,
    "same_format_random_value": 72,
    "same_prefix_different_continuation": 24,
    "same_value_different_format": 144
  },
  "model": "qwen3",
  "n_cases": 342,
  "phase": 680,
  "summary": {
    "baseline": {
      "different_value_same_format": {
        "expected_top1_rate": 1.0,
        "failure_rate": 0.0,
        "mean_expected_rank": 1.0,
        "mean_final_gap": -5.4921875,
        "n": 48,
        "top1_category": {
          "expected": 48
        }
      },
      "factor_isolation": {
        "expected_top1_rate": 0.6666666666666666,
        "failure_rate": 0.3333333333333333,
        "mean_expected_rank": 1.3333333333333333,
        "mean_final_gap": -4.043981481481482,
        "n": 54,
        "top1_category": {
          "expected": 36,
          "other": 18
        }
      },
      "overall": {
        "expected_top1_rate": 0.9327485380116959,
        "failure_rate": 0.06725146198830409,
        "mean_expected_rank": 1.154970760233918,
        "mean_final_gap": -6.1675804093567255,
        "n": 342,
        "top1_category": {
          "expected": 319,
          "other": 23
        }
      },
      "same_format_random_value": {
        "expected_top1_rate": 0.9305555555555556,
        "failure_rate": 0.06944444444444445,
        "mean_expected_rank": 1.4861111111111112,
        "mean_final_gap": -5.341145833333333,
        "n": 72,
        "top1_category": {
          "expected": 67,
          "other": 5
        }
      },
      "same_prefix_different_continuation": {
        "expected_top1_rate": 1.0,
        "failure_rate": 0.0,
        "mean_expected_rank": 1.0,
        "mean_final_gap": -3.609375,
        "n": 24,
        "top1_category": {
          "expected": 24
        }
      },
      "same_value_different_format": {
        "expected_top1_rate": 1.0,
        "failure_rate": 0.0,
        "mean_expected_rank": 1.0,
        "mean_final_gap": -8.028645833333334,
        "n": 144,
        "top1_category": {
          "expected": 144
        }
      }
    },
    "by_family": {
      "different_value_same_format": {
        "near_readout_reference": [
          {
            "failure_capture_rate": 0.0,
            "failure_precision": 0.0,
            "failures": 0,
            "feature": "final_gap",
            "gate": "REF_final_gap_gt_-2.25",
            "gate_score": 0.0,
            "kind": "near_readout_reference",
            "n": 48,
            "op": ">",
            "predicted_count": 0,
            "predicted_rate": 0.0,
            "success_false_positive_rate": 0.0,
            "successes": 48,
            "threshold": -2.25
          },
          {
            "failure_capture_rate": 0.0,
            "failure_precision": 0.0,
            "failures": 0,
            "feature": "final_gap",
            "gate": "REF_final_gap_gt_-0.25",
            "gate_score": 0.0,
            "kind": "near_readout_reference",
            "n": 48,
            "op": ">",
            "predicted_count": 0,
            "predicted_rate": 0.0,
            "success_false_positive_rate": 0.0,
            "successes": 48,
            "threshold": -0.25
          },
          {
            "failure_capture_rate": 0.0,
            "failure_precision": 0.0,
            "failures": 0,
            "feature": "final_gap",
            "gate": "REF_final_gap_gt_0",
            "gate_score": 0.0,
            "kind": "near_readout_reference",
            "n": 48,
            "op": ">",
            "predicted_count": 0,
            "predicted_rate": 0.0,
            "success_false_positive_rate": 0.0,
            "successes": 48,
            "threshold": 0.0
          },
          {
            "failure_capture_rate": 0.0,
            "failure_precision": 0.0,
            "failures": 0,
            "feature": "final_gap",
            "gate": "REF_final_gap_gt_10.81",
            "gate_score": 0.0,
            "kind": "near_readout_reference",
            "n": 48,
            "op": ">",
            "predicted_count": 0,
            "predicted_rate": 0.0,
            "success_false_positive_rate": 0.0,
            "successes": 48,
            "threshold": 10.8125
          },
          {
            "failure_capture_rate": 0.0,
            "failure_precision": 0.0,
            "failures": 0,
            "feature": "top1_category",
            "gate": "REF_top1_category_not_expected",
            "gate_score": 0.0,
            "kind": "near_readout_reference",
            "n": 48,
            "op": "!=",
            "predicted_count": 0,
            "predicted_rate": 0.0,
            "success_false_positive_rate": 0.0,
            "successes": 48,
            "threshold": "expected"
          },
          {
            "failure_capture_rate": 0.0,
            "failure_precision": 0.0,
            "failures": 0,
            "feature": "final_gap",
            "gate": "REF_final_gap_gt_-5.5",
            "gate_score": -0.5,
            "kind": "near_readout_reference",
            "n": 48,
            "op": ">",
            "predicted_count": 24,
            "predicted_rate": 0.5,
            "success_false_positive_rate": 0.5,
            "successes": 48,
            "threshold": -5.5
          },
          {
            "failure_capture_rate": 0.0,
            "failure_precision": 0.0,
            "failures": 0,
            "feature": "final_gap",
            "gate": "REF_final_gap_gt_-12.38",
            "gate_score": -1.0,
            "kind": "near_readout_reference",
            "n": 48,
            "op": ">",
            "predicted_count": 48,
            "predicted_rate": 1.0,
            "success_false_positive_rate": 1.0,
            "successes": 48,
            "threshold": -12.375
          },
          {
            "failure_capture_rate": 0.0,
            "failure_precision": 0.0,
            "failures": 0,
            "feature": "final_gap",
            "gate": "REF_final_gap_gt_-8.5",
            "gate_score": -1.0,
            "kind": "near_readout_reference",
            "n": 48,
            "op": ">",
            "predicted_count": 48,
            "predicted_rate": 1.0,
            "success_false_positive_rate": 1.0,
            "successes": 48,
            "threshold": -8.5
          }
        ],
        "pre_readout": [
          {
            "failure_capture_rate": 0.0,
            "failure_precision": 0.0,
            "failures": 0,
            "feature": "final_norm_input_gap",
            "gate": "final_norm_input_gap_lt_-95.5",
            "gate_score": 0.0,
            "kind": "pre_final_norm",
            "n": 48,
            "op": "<",
            "predicted_count": 0,
            "predicted_rate": 0.0,
            "success_false_positive_rate": 0.0,
            "successes": 48,
            "threshold": -95.5
          },
          {
            "failure_capture_rate": 0.0,
            "failure_precision": 0.0,
            "failures": 0,
            "feature": "final_norm_input_gap",
            "gate": "final_norm_input_gap_gt_15.5",
            "gate_score": 0.0,
            "kind": "pre_final_norm",
            "n": 48,
            "op": ">",
            "predicted_count": 0,
            "predicted_rate": 0.0,
            "success_false_positive_rate": 0.0,
            "successes": 48,
            "threshold": 15.5
          },
          {
            "failure_capture_rate": 0.0,
            "failure_precision": 0.0,
            "failures": 0,
            "feature": "final_norm_input_rank",
            "gate": "final_norm_input_rank_lt_0",
            "gate_score": 0.0,
            "kind": "pre_final_norm",
            "n": 48,
            "op": "<",
            "predicted_count": 0,
            "predicted_rate": 0.0,
            "success_false_positive_rate": 0.0,
            "successes": 48,
            "threshold": 0.0
          },
          {
            "failure_capture_rate": 0.0,
            "failure_precision": 0.0,
            "failures": 0,
            "feature": "final_norm_input_rank",
            "gate": "final_norm_input_rank_lt_1",
            "gate_score": 0.0,
            "kind": "pre_final_norm",
            "n": 48,
            "op": "<",
            "predicted_count": 0,
            "predicted_rate": 0.0,
            "success_false_positive_rate": 0.0,
            "successes": 48,
            "threshold": 1.0
          },
          {
            "failure_capture_rate": 0.0,
            "failure_precision": 0.0,
            "failures": 0,
            "feature": "final_norm_input_rank",
            "gate": "final_norm_input_rank_gt_5",
            "gate_score": 0.0,
            "kind": "pre_final_norm",
            "n": 48,
            "op": ">",
            "predicted_count": 0,
            "predicted_rate": 0.0,
            "success_false_positive_rate": 0.0,
            "successes": 48,
            "threshold": 5.0
          },
          {
            "failure_capture_rate": 0.0,
            "failure_precision": 0.0,
            "failures": 0,
            "feature": "final_norm_input_rank",
            "gate": "final_norm_input_rank_gt_6",
            "gate_score": 0.0,
            "kind": "pre_final_norm",
            "n": 48,
            "op": ">",
            "predicted_count": 0,
            "predicted_rate": 0.0,
            "success_false_positive_rate": 0.0,
            "successes": 48,
            "threshold": 6.0
          },
          {
            "failure_capture_rate": 0.0,
            "failure_precision": 0.0,
            "failures": 0,
            "feature": "last_layer_gap",
            "gate": "last_layer_gap_lt_-95.5",
            "gate_score": 0.0,
            "kind": "late_residual",
            "n": 48,
            "op": "<",
            "predicted_count": 0,
            "predicted_rate": 0.0,
            "success_false_positive_rate": 0.0,
            "successes": 48,
            "threshold": -95.5
          },
          {
            "failure_capture_rate": 0.0,
            "failure_precision": 0.0,
            "failures": 0,
            "feature": "last_layer_gap",
            "gate": "last_layer_gap_gt_15.5",
            "gate_score": 0.0,
            "kind": "late_residual",
            "n": 48,
            "op": ">",
            "predicted_count": 0,
            "predicted_rate": 0.0,
            "success_false_positive_rate": 0.0,
            "successes": 48,
            "threshold": 15.5
          },
          {
            "failure_capture_rate": 0.0,
            "failure_precision": 0.0,
            "failures": 0,
            "feature": "late_gap_shift",
            "gate": "late_gap_shift_gt_0",
            "gate_score": 0.0,
            "kind": "late_residual",
            "n": 48,
            "op": ">",
            "predicted_count": 0,
            "predicted_rate": 0.0,
            "success_false_positive_rate": 0.0,
            "successes": 48,
            "threshold": 0.0
          },
          {
            "failure_capture_rate": 0.0,
            "failure_precision": 0.0,
            "failures": 0,
            "feature": "late_gap_shift",
            "gate": "late_gap_shift_lt_0",
            "gate_score": 0.0,
            "kind": "late_residual",
            "n": 48,
            "op": "<",
            "predicted_count": 0,
            "predicted_rate": 0.0,
            "success_false_positive_rate": 0.0,
            "successes": 48,
            "threshold": 0.0
          },
          {
            "failure_capture_rate": 0.0,
            "failure_precision": 0.0,
            "failures": 0,
            "feature": "mid_to_late_shift",
            "gate": "mid_to_late_shift_lt_-95.53",
            "gate_score": 0.0,
            "kind": "late_residual",
            "n": 48,
            "op": "<",
            "predicted_count": 0,
            "predicted_rate": 0.0,
            "success_false_positive_rate": 0.0,
            "successes": 48,
            "threshold": -95.53125
          },
          {
            "failure_capture_rate": 0.0,
            "failure_precision": 0.0,
            "failures": 0,
            "feature": "mid_to_late_shift",
            "gate": "mid_to_late_shift_gt_25.34",
            "gate_score": 0.0,
            "kind": "late_residual",
            "n": 48,
            "op": ">",
            "predicted_count": 0,
            "predicted_rate": 0.0,
            "success_false_positive_rate": 0.0,
            "successes": 48,
            "threshold": 25.34375
          },
          {
            "failure_capture_rate": 0.0,
            "failure_precision": 0.0,
            "failures": 0,
            "feature": "max_layer_gap",
            "gate": "max_layer_gap_lt_-4.172",
            "gate_score": 0.0,
            "kind": "trajectory",
            "n": 48,
            "op": "<",
            "predicted_count": 0,
            "predicted_rate": 0.0,
            "success_false_positive_rate": 0.0,
            "successes": 48,
            "threshold": -4.171875
          },
          {
            "failure_capture_rate": 0.0,
            "failure_precision": 0.0,
            "failures": 0,
            "feature": "max_layer_gap",
            "gate": "max_layer_gap_gt_33.75",
            "gate_score": 0.0,
            "kind": "trajectory",
            "n": 48,
            "op": ">",
            "predicted_count": 0,
            "predicted_rate": 0.0,
            "success_false_positive_rate": 0.0,
            "successes": 48,
            "threshold": 33.75
          },
          {
            "failure_capture_rate": 0.0,
            "failure_precision": 0.0,
            "failures": 0,
            "feature": "min_layer_gap",
            "gate": "min_layer_gap_lt_-126.2",
            "gate_score": 0.0,
            "kind": "trajectory",
            "n": 48,
            "op": "<",
            "predicted_count": 0,
            "predicted_rate": 0.0,
            "success_false_positive_rate": 0.0,
            "successes": 48,
            "threshold": -126.25
          }
        ]
      },
      "factor_isolation": {
        "near_readout_reference": [
          {
            "failure_capture_rate": 1.0,
            "failure_precision": 1.0,
            "failures": 18,
            "feature": "final_gap",
            "gate": "REF_final_gap_gt_-2.25",
            "gate_score": 1.0,
            "kind": "near_readout_reference",
            "n": 54,
            "op": ">",
            "predicted_count": 18,
            "predicted_rate": 0.3333333333333333,
            "success_false_positive_rate": 0.0,
            "successes": 36,
            "threshold": -2.25
          },
          {
            "failure_capture_rate": 1.0,
            "failure_precision": 1.0,
            "failures": 18,
            "feature": "final_gap",
            "gate": "REF_final_gap_gt_-0.25",
            "gate_score": 1.0,
            "kind": "near_readout_reference",
            "n": 54,
            "op": ">",
            "predicted_count": 18,
            "predicted_rate": 0.3333333333333333,
            "success_false_positive_rate": 0.0,
            "successes": 36,
            "threshold": -0.25
          },
          {
            "failure_capture_rate": 1.0,
            "failure_precision": 1.0,
            "failures": 18,
            "feature": "final_gap",
            "gate": "REF_final_gap_gt_0",
            "gate_score": 1.0,
            "kind": "near_readout_reference",
            "n": 54,
            "op": ">",
            "predicted_count": 18,
            "predicted_rate": 0.3333333333333333,
            "success_false_positive_rate": 0.0,
            "successes": 36,
            "threshold": 0.0
          },
          {
            "failure_capture_rate": 1.0,
            "failure_precision": 1.0,
            "failures": 18,
            "feature": "top1_category",
            "gate": "REF_top1_category_not_expected",
            "gate_score": 1.0,
            "kind": "near_readout_reference",
            "n": 54,
            "op": "!=",
            "predicted_count": 18,
            "predicted_rate": 0.3333333333333333,
            "success_false_positive_rate": 0.0,
            "successes": 36,
            "threshold": "expected"
          },
          {
            "failure_capture_rate": 1.0,
            "failure_precision": 0.6666666666666666,
            "failures": 18,
            "feature": "final_gap",
            "gate": "REF_final_gap_gt_-5.5",
            "gate_score": 0.75,
            "kind": "near_readout_reference",
            "n": 54,
            "op": ">",
            "predicted_count": 27,
            "predicted_rate": 0.5,
            "success_false_positive_rate": 0.25,
            "successes": 36,
            "threshold": -5.5
          },
          {
            "failure_capture_rate": 1.0,
            "failure_precision": 0.5,
            "failures": 18,
            "feature": "final_gap",
            "gate": "REF_final_gap_gt_-8.5",
            "gate_score": 0.5,
            "kind": "near_readout_reference",
            "n": 54,
            "op": ">",
            "predicted_count": 36,
            "predicted_rate": 0.6666666666666666,
            "success_false_positive_rate": 0.5,
            "successes": 36,
            "threshold": -8.5
          },
          {
            "failure_capture_rate": 1.0,
            "failure_precision": 0.3333333333333333,
            "failures": 18,
            "feature": "final_gap",
            "gate": "REF_final_gap_gt_-12.38",
            "gate_score": 0.0,
            "kind": "near_readout_reference",
            "n": 54,
            "op": ">",
            "predicted_count": 54,
            "predicted_rate": 1.0,
            "success_false_positive_rate": 1.0,
            "successes": 36,
            "threshold": -12.375
          },
          {
            "failure_capture_rate": 0.0,
            "failure_precision": 0.0,
            "failures": 18,
            "feature": "final_gap",
            "gate": "REF_final_gap_gt_10.81",
            "gate_score": 0.0,
            "kind": "near_readout_reference",
            "n": 54,
            "op": ">",
            "predicted_count": 0,
            "predicted_rate": 0.0,
            "success_false_positive_rate": 0.0,
            "successes": 36,
            "threshold": 10.8125
          }
        ],
        "pre_readout": [
          {
            "failure_capture_rate": 1.0,
            "failure_precision": 1.0,
            "failures": 18,
            "feature": "final_norm_input_gap",
            "gate": "final_norm_input_gap_gt_-0.5",
            "gate_score": 1.0,
            "kind": "pre_final_norm",
            "n": 54,
            "op": ">",
            "predicted_count": 18,
            "predicted_rate": 0.3333333333333333,
            "success_false_positive_rate": 0.0,
            "successes": 36,
            "threshold": -0.5
          },
          {
            "failure_capture_rate": 1.0,
            "failure_precision": 1.0,
            "failures": 18,
            "feature": "final_norm_input_gap",
            "gate": "final_norm_input_gap_gt_0",
            "gate_score": 1.0,
            "kind": "pre_final_norm",
            "n": 54,
            "op": ">",
            "predicted_count": 18,
            "predicted_rate": 0.3333333333333333,
            "success_false_positive_rate": 0.0,
            "successes": 36,
            "threshold": 0.0
          },
          {
            "failure_capture_rate": 1.0,
            "failure_precision": 1.0,
            "failures": 18,
            "feature": "last_layer_gap",
            "gate": "last_layer_gap_gt_-0.5",
            "gate_score": 1.0,
            "kind": "late_residual",
            "n": 54,
            "op": ">",
            "predicted_count": 18,
            "predicted_rate": 0.3333333333333333,
            "success_false_positive_rate": 0.0,
            "successes": 36,
            "threshold": -0.5
          },
          {
            "failure_capture_rate": 1.0,
            "failure_precision": 1.0,
            "failures": 18,
            "feature": "last_layer_gap",
            "gate": "last_layer_gap_gt_0",
            "gate_score": 1.0,
            "kind": "late_residual",
            "n": 54,
            "op": ">",
            "predicted_count": 18,
            "predicted_rate": 0.3333333333333333,
            "success_false_positive_rate": 0.0,
            "successes": 36,
            "threshold": 0.0
          },
          {
            "failure_capture_rate": 1.0,
            "failure_precision": 1.0,
            "failures": 18,
            "feature": "mid_to_late_shift",
            "gate": "mid_to_late_shift_gt_-0.007812",
            "gate_score": 1.0,
            "kind": "late_residual",
            "n": 54,
            "op": ">",
            "predicted_count": 18,
            "predicted_rate": 0.3333333333333333,
            "success_false_positive_rate": 0.0,
            "successes": 36,
            "threshold": -0.0078125
          },
          {
            "failure_capture_rate": 1.0,
            "failure_precision": 1.0,
            "failures": 18,
            "feature": "mid_to_late_shift",
            "gate": "mid_to_late_shift_gt_0",
            "gate_score": 1.0,
            "kind": "late_residual",
            "n": 54,
            "op": ">",
            "predicted_count": 18,
            "predicted_rate": 0.3333333333333333,
            "success_false_positive_rate": 0.0,
            "successes": 36,
            "threshold": 0.0
          },
          {
            "failure_capture_rate": 1.0,
            "failure_precision": 1.0,
            "failures": 18,
            "feature": "max_layer_gap",
            "gate": "max_layer_gap_gt_3.754",
            "gate_score": 1.0,
            "kind": "trajectory",
            "n": 54,
            "op": ">",
            "predicted_count": 18,
            "predicted_rate": 0.3333333333333333,
            "success_false_positive_rate": 0.0,
            "successes": 36,
            "threshold": 3.75390625
          },
          {
            "failure_capture_rate": 1.0,
            "failure_precision": 0.9473684210526315,
            "failures": 18,
            "feature": "final_norm_input_rank",
            "gate": "final_norm_input_rank_gt_1",
            "gate_score": 0.9722222222222222,
            "kind": "pre_final_norm",
            "n": 54,
            "op": ">",
            "predicted_count": 19,
            "predicted_rate": 0.35185185185185186,
            "success_false_positive_rate": 0.027777777777777776,
            "successes": 36,
            "threshold": 1.0
          },
          {
            "failure_capture_rate": 1.0,
            "failure_precision": 0.9,
            "failures": 18,
            "feature": "final_norm_input_gap",
            "gate": "final_norm_input_gap_gt_-12.75",
            "gate_score": 0.9444444444444444,
            "kind": "pre_final_norm",
            "n": 54,
            "op": ">",
            "predicted_count": 20,
            "predicted_rate": 0.37037037037037035,
            "success_false_positive_rate": 0.05555555555555555,
            "successes": 36,
            "threshold": -12.75
          },
          {
            "failure_capture_rate": 1.0,
            "failure_precision": 0.9,
            "failures": 18,
            "feature": "last_layer_gap",
            "gate": "last_layer_gap_gt_-12.75",
            "gate_score": 0.9444444444444444,
            "kind": "late_residual",
            "n": 54,
            "op": ">",
            "predicted_count": 20,
            "predicted_rate": 0.37037037037037035,
            "success_false_positive_rate": 0.05555555555555555,
            "successes": 36,
            "threshold": -12.75
          },
          {
            "failure_capture_rate": 1.0,
            "failure_precision": 0.9,
            "failures": 18,
            "feature": "mid_to_late_shift",
            "gate": "mid_to_late_shift_gt_-11.89",
            "gate_score": 0.9444444444444444,
            "kind": "late_residual",
            "n": 54,
            "op": ">",
            "predicted_count": 20,
            "predicted_rate": 0.37037037037037035,
            "success_false_positive_rate": 0.05555555555555555,
            "successes": 36,
            "threshold": -11.892578125
          },
          {
            "failure_capture_rate": 1.0,
            "failure_precision": 0.782608695652174,
            "failures": 18,
            "feature": "positive_layer_count",
            "gate": "positive_layer_count_gt_7",
            "gate_score": 0.8611111111111112,
            "kind": "trajectory",
            "n": 54,
            "op": ">",
            "predicted_count": 23,
            "predicted_rate": 0.42592592592592593,
            "success_false_positive_rate": 0.1388888888888889,
            "successes": 36,
            "threshold": 7.0
          },
          {
            "failure_capture_rate": 1.0,
            "failure_precision": 0.75,
            "failures": 18,
            "feature": "positive_layer_count",
            "gate": "positive_layer_count_gt_3",
            "gate_score": 0.8333333333333334,
            "kind": "trajectory",
            "n": 54,
            "op": ">",
            "predicted_count": 24,
            "predicted_rate": 0.4444444444444444,
            "success_false_positive_rate": 0.16666666666666666,
            "successes": 36,
            "threshold": 3.0
          },
          {
            "failure_capture_rate": 1.0,
            "failure_precision": 0.72,
            "failures": 18,
            "feature": "first_positive_layer_frac",
            "gate": "first_positive_layer_frac_lt_0.5143",
            "gate_score": 0.8055555555555556,
            "kind": "trajectory",
            "n": 54,
            "op": "<",
            "predicted_count": 25,
            "predicted_rate": 0.46296296296296297,
            "success_false_positive_rate": 0.19444444444444445,
            "successes": 36,
            "threshold": 0.5142857142857142
          },
          {
            "failure_capture_rate": 1.0,
            "failure_precision": 0.6923076923076923,
            "failures": 18,
            "feature": "max_layer_gap",
            "gate": "max_layer_gap_gt_0.1484",
            "gate_score": 0.7777777777777778,
            "kind": "trajectory",
            "n": 54,
            "op": ">",
            "predicted_count": 26,
            "predicted_rate": 0.48148148148148145,
            "success_false_positive_rate": 0.2222222222222222,
            "successes": 36,
            "threshold": 0.1484375
          }
        ]
      },
      "same_format_random_value": {
        "near_readout_reference": [
          {
            "failure_capture_rate": 1.0,
            "failure_precision": 1.0,
            "failures": 5,
            "feature": "final_gap",
            "gate": "REF_final_gap_gt_-0.25",
            "gate_score": 1.0,
            "kind": "near_readout_reference",
            "n": 72,
            "op": ">",
            "predicted_count": 5,
            "predicted_rate": 0.06944444444444445,
            "success_false_positive_rate": 0.0,
            "successes": 67,
            "threshold": -0.25
          },
          {
            "failure_capture_rate": 1.0,
            "failure_precision": 1.0,
            "failures": 5,
            "feature": "final_gap",
            "gate": "REF_final_gap_gt_0",
            "gate_score": 1.0,
            "kind": "near_readout_reference",
            "n": 72,
            "op": ">",
            "predicted_count": 5,
            "predicted_rate": 0.06944444444444445,
            "success_false_positive_rate": 0.0,
            "successes": 67,
            "threshold": 0.0
          },
          {
            "failure_capture_rate": 1.0,
            "failure_precision": 1.0,
            "failures": 5,
            "feature": "top1_category",
            "gate": "REF_top1_category_not_expected",
            "gate_score": 1.0,
            "kind": "near_readout_reference",
            "n": 72,
            "op": "!=",
            "predicted_count": 5,
            "predicted_rate": 0.06944444444444445,
            "success_false_positive_rate": 0.0,
            "successes": 67,
            "threshold": "expected"
          },
          {
            "failure_capture_rate": 1.0,
            "failure_precision": 0.5555555555555556,
            "failures": 5,
            "feature": "final_gap",
            "gate": "REF_final_gap_gt_-2.25",
            "gate_score": 0.9402985074626866,
            "kind": "near_readout_reference",
            "n": 72,
            "op": ">",
            "predicted_count": 9,
            "predicted_rate": 0.125,
            "success_false_positive_rate": 0.05970149253731343,
            "successes": 67,
            "threshold": -2.25
          },
          {
            "failure_capture_rate": 1.0,
            "failure_precision": 0.2,
            "failures": 5,
            "feature": "final_gap",
            "gate": "REF_final_gap_gt_-5.5",
            "gate_score": 0.7014925373134329,
            "kind": "near_readout_reference",
            "n": 72,
            "op": ">",
            "predicted_count": 25,
            "predicted_rate": 0.3472222222222222,
            "success_false_positive_rate": 0.29850746268656714,
            "successes": 67,
            "threshold": -5.5
          },
          {
            "failure_capture_rate": 1.0,
            "failure_precision": 0.07246376811594203,
            "failures": 5,
            "feature": "final_gap",
            "gate": "REF_final_gap_gt_-8.5",
            "gate_score": 0.04477611940298509,
            "kind": "near_readout_reference",
            "n": 72,
            "op": ">",
            "predicted_count": 69,
            "predicted_rate": 0.9583333333333334,
            "success_false_positive_rate": 0.9552238805970149,
            "successes": 67,
            "threshold": -8.5
          },
          {
            "failure_capture_rate": 1.0,
            "failure_precision": 0.06944444444444445,
            "failures": 5,
            "feature": "final_gap",
            "gate": "REF_final_gap_gt_-12.38",
            "gate_score": 0.0,
            "kind": "near_readout_reference",
            "n": 72,
            "op": ">",
            "predicted_count": 72,
            "predicted_rate": 1.0,
            "success_false_positive_rate": 1.0,
            "successes": 67,
            "threshold": -12.375
          },
          {
            "failure_capture_rate": 0.0,
            "failure_precision": 0.0,
            "failures": 5,
            "feature": "final_gap",
            "gate": "REF_final_gap_gt_10.81",
            "gate_score": 0.0,
            "kind": "near_readout_reference",
            "n": 72,
            "op": ">",
            "predicted_count": 0,
            "predicted_rate": 0.0,
            "success_false_positive_rate": 0.0,
            "successes": 67,
            "threshold": 10.8125
          }
        ],
        "pre_readout": [
          {
            "failure_capture_rate": 1.0,
            "failure_precision": 0.5,
            "failures": 5,
            "feature": "min_layer_gap",
            "gate": "min_layer_gap_gt_-80.44",
            "gate_score": 0.9253731343283582,
            "kind": "trajectory",
            "n": 72,
            "op": ">",
            "predicted_count": 10,
            "predicted_rate": 0.1388888888888889,
            "success_false_positive_rate": 0.07462686567164178,
            "successes": 67,
            "threshold": -80.4375
          },
          {
            "failure_capture_rate": 0.8,
            "failure_precision": 0.8,
            "failures": 5,
            "feature": "min_layer_gap",
            "gate": "min_layer_gap_gt_-45.62",
            "gate_score": 0.7850746268656716,
            "kind": "trajectory",
            "n": 72,
            "op": ">",
            "predicted_count": 5,
            "predicted_rate": 0.06944444444444445,
            "success_false_positive_rate": 0.014925373134328358,
            "successes": 67,
            "threshold": -45.625
          },
          {
            "failure_capture_rate": 0.8,
            "failure_precision": 0.6666666666666666,
            "failures": 5,
            "feature": "mid_to_late_shift",
            "gate": "mid_to_late_shift_gt_-38.92",
            "gate_score": 0.7701492537313434,
            "kind": "late_residual",
            "n": 72,
            "op": ">",
            "predicted_count": 6,
            "predicted_rate": 0.08333333333333333,
            "success_false_positive_rate": 0.029850746268656716,
            "successes": 67,
            "threshold": -38.921875
          },
          {
            "failure_capture_rate": 0.8,
            "failure_precision": 0.23529411764705882,
            "failures": 5,
            "feature": "final_norm_input_gap",
            "gate": "final_norm_input_gap_gt_-55.5",
            "gate_score": 0.6059701492537314,
            "kind": "pre_final_norm",
            "n": 72,
            "op": ">",
            "predicted_count": 17,
            "predicted_rate": 0.2361111111111111,
            "success_false_positive_rate": 0.19402985074626866,
            "successes": 67,
            "threshold": -55.5
          },
          {
            "failure_capture_rate": 0.8,
            "failure_precision": 0.23529411764705882,
            "failures": 5,
            "feature": "last_layer_gap",
            "gate": "last_layer_gap_gt_-55.5",
            "gate_score": 0.6059701492537314,
            "kind": "late_residual",
            "n": 72,
            "op": ">",
            "predicted_count": 17,
            "predicted_rate": 0.2361111111111111,
            "success_false_positive_rate": 0.19402985074626866,
            "successes": 67,
            "threshold": -55.5
          },
          {
            "failure_capture_rate": 0.6,
            "failure_precision": 0.6,
            "failures": 5,
            "feature": "max_layer_gap",
            "gate": "max_layer_gap_gt_-0.003906",
            "gate_score": 0.5701492537313433,
            "kind": "trajectory",
            "n": 72,
            "op": ">",
            "predicted_count": 5,
            "predicted_rate": 0.06944444444444445,
            "success_false_positive_rate": 0.029850746268656716,
            "successes": 67,
            "threshold": -0.00390625
          },
          {
            "failure_capture_rate": 0.6,
            "failure_precision": 0.6,
            "failures": 5,
            "feature": "max_layer_gap",
            "gate": "max_layer_gap_gt_0",
            "gate_score": 0.5701492537313433,
            "kind": "trajectory",
            "n": 72,
            "op": ">",
            "predicted_count": 5,
            "predicted_rate": 0.06944444444444445,
            "success_false_positive_rate": 0.029850746268656716,
            "successes": 67,
            "threshold": 0.0
          },
          {
            "failure_capture_rate": 0.6,
            "failure_precision": 0.6,
            "failures": 5,
            "feature": "positive_layer_count",
            "gate": "positive_layer_count_gt_0",
            "gate_score": 0.5701492537313433,
            "kind": "trajectory",
            "n": 72,
            "op": ">",
            "predicted_count": 5,
            "predicted_rate": 0.06944444444444445,
            "success_false_positive_rate": 0.029850746268656716,
            "successes": 67,
            "threshold": 0.0
          },
          {
            "failure_capture_rate": 0.6,
            "failure_precision": 0.6,
            "failures": 5,
            "feature": "positive_layer_count",
            "gate": "positive_layer_count_gt_0.5",
            "gate_score": 0.5701492537313433,
            "kind": "trajectory",
            "n": 72,
            "op": ">",
            "predicted_count": 5,
            "predicted_rate": 0.06944444444444445,
            "success_false_positive_rate": 0.029850746268656716,
            "successes": 67,
            "threshold": 0.5
          },
          {
            "failure_capture_rate": 0.6,
            "failure_precision": 0.6,
            "failures": 5,
            "feature": "first_positive_layer_frac",
            "gate": "first_positive_layer_frac_lt_2",
            "gate_score": 0.5701492537313433,
            "kind": "trajectory",
            "n": 72,
            "op": "<",
            "predicted_count": 5,
            "predicted_rate": 0.06944444444444445,
            "success_false_positive_rate": 0.029850746268656716,
            "successes": 67,
            "threshold": 2.0
          },
          {
            "failure_capture_rate": 0.8,
            "failure_precision": 0.16666666666666666,
            "failures": 5,
            "feature": "max_layer_gap",
            "gate": "max_layer_gap_gt_-0.7988",
            "gate_score": 0.5014925373134329,
            "kind": "trajectory",
            "n": 72,
            "op": ">",
            "predicted_count": 24,
            "predicted_rate": 0.3333333333333333,
            "success_false_positive_rate": 0.29850746268656714,
            "successes": 67,
            "threshold": -0.798828125
          },
          {
            "failure_capture_rate": 0.4,
            "failure_precision": 1.0,
            "failures": 5,
            "feature": "final_norm_input_gap",
            "gate": "final_norm_input_gap_gt_-26.25",
            "gate_score": 0.4,
            "kind": "pre_final_norm",
            "n": 72,
            "op": ">",
            "predicted_count": 2,
            "predicted_rate": 0.027777777777777776,
            "success_false_positive_rate": 0.0,
            "successes": 67,
            "threshold": -26.25
          },
          {
            "failure_capture_rate": 0.4,
            "failure_precision": 1.0,
            "failures": 5,
            "feature": "last_layer_gap",
            "gate": "last_layer_gap_gt_-26.25",
            "gate_score": 0.4,
            "kind": "late_residual",
            "n": 72,
            "op": ">",
            "predicted_count": 2,
            "predicted_rate": 0.027777777777777776,
            "success_false_positive_rate": 0.0,
            "successes": 67,
            "threshold": -26.25
          },
          {
            "failure_capture_rate": 0.4,
            "failure_precision": 1.0,
            "failures": 5,
            "feature": "mid_to_late_shift",
            "gate": "mid_to_late_shift_gt_-21.66",
            "gate_score": 0.4,
            "kind": "late_residual",
            "n": 72,
            "op": ">",
            "predicted_count": 2,
            "predicted_rate": 0.027777777777777776,
            "success_false_positive_rate": 0.0,
            "successes": 67,
            "threshold": -21.65625
          },
          {
            "failure_capture_rate": 0.4,
            "failure_precision": 0.6666666666666666,
            "failures": 5,
            "feature": "max_layer_gap",
            "gate": "max_layer_gap_gt_0.1484",
            "gate_score": 0.3850746268656717,
            "kind": "trajectory",
            "n": 72,
            "op": ">",
            "predicted_count": 3,
            "predicted_rate": 0.041666666666666664,
            "success_false_positive_rate": 0.014925373134328358,
            "successes": 67,
            "threshold": 0.1484375
          }
        ]
      },
      "same_prefix_different_continuation": {
        "near_readout_reference": [
          {
            "failure_capture_rate": 0.0,
            "failure_precision": 0.0,
            "failures": 0,
            "feature": "final_gap",
            "gate": "REF_final_gap_gt_-0.25",
            "gate_score": 0.0,
            "kind": "near_readout_reference",
            "n": 24,
            "op": ">",
            "predicted_count": 0,
            "predicted_rate": 0.0,
            "success_false_positive_rate": 0.0,
            "successes": 24,
            "threshold": -0.25
          },
          {
            "failure_capture_rate": 0.0,
            "failure_precision": 0.0,
            "failures": 0,
            "feature": "final_gap",
            "gate": "REF_final_gap_gt_0",
            "gate_score": 0.0,
            "kind": "near_readout_reference",
            "n": 24,
            "op": ">",
            "predicted_count": 0,
            "predicted_rate": 0.0,
            "success_false_positive_rate": 0.0,
            "successes": 24,
            "threshold": 0.0
          },
          {
            "failure_capture_rate": 0.0,
            "failure_precision": 0.0,
            "failures": 0,
            "feature": "final_gap",
            "gate": "REF_final_gap_gt_10.81",
            "gate_score": 0.0,
            "kind": "near_readout_reference",
            "n": 24,
            "op": ">",
            "predicted_count": 0,
            "predicted_rate": 0.0,
            "success_false_positive_rate": 0.0,
            "successes": 24,
            "threshold": 10.8125
          },
          {
            "failure_capture_rate": 0.0,
            "failure_precision": 0.0,
            "failures": 0,
            "feature": "top1_category",
            "gate": "REF_top1_category_not_expected",
            "gate_score": 0.0,
            "kind": "near_readout_reference",
            "n": 24,
            "op": "!=",
            "predicted_count": 0,
            "predicted_rate": 0.0,
            "success_false_positive_rate": 0.0,
            "successes": 24,
            "threshold": "expected"
          },
          {
            "failure_capture_rate": 0.0,
            "failure_precision": 0.0,
            "failures": 0,
            "feature": "final_gap",
            "gate": "REF_final_gap_gt_-2.25",
            "gate_score": -0.20833333333333334,
            "kind": "near_readout_reference",
            "n": 24,
            "op": ">",
            "predicted_count": 5,
            "predicted_rate": 0.20833333333333334,
            "success_false_positive_rate": 0.20833333333333334,
            "successes": 24,
            "threshold": -2.25
          },
          {
            "failure_capture_rate": 0.0,
            "failure_precision": 0.0,
            "failures": 0,
            "feature": "final_gap",
            "gate": "REF_final_gap_gt_-5.5",
            "gate_score": -0.9166666666666666,
            "kind": "near_readout_reference",
            "n": 24,
            "op": ">",
            "predicted_count": 22,
            "predicted_rate": 0.9166666666666666,
            "success_false_positive_rate": 0.9166666666666666,
            "successes": 24,
            "threshold": -5.5
          },
          {
            "failure_capture_rate": 0.0,
            "failure_precision": 0.0,
            "failures": 0,
            "feature": "final_gap",
            "gate": "REF_final_gap_gt_-12.38",
            "gate_score": -1.0,
            "kind": "near_readout_reference",
            "n": 24,
            "op": ">",
            "predicted_count": 24,
            "predicted_rate": 1.0,
            "success_false_positive_rate": 1.0,
            "successes": 24,
            "threshold": -12.375
          },
          {
            "failure_capture_rate": 0.0,
            "failure_precision": 0.0,
            "failures": 0,
            "feature": "final_gap",
            "gate": "REF_final_gap_gt_-8.5",
            "gate_score": -1.0,
            "kind": "near_readout_reference",
            "n": 24,
            "op": ">",
            "predicted_count": 24,
            "predicted_rate": 1.0,
            "success_false_positive_rate": 1.0,
            "successes": 24,
            "threshold": -8.5
          }
        ],
        "pre_readout": [
          {
            "failure_capture_rate": 0.0,
            "failure_precision": 0.0,
            "failures": 0,
            "feature": "final_norm_input_gap",
            "gate": "final_norm_input_gap_lt_-95.5",
            "gate_score": 0.0,
            "kind": "pre_final_norm",
            "n": 24,
            "op": "<",
            "predicted_count": 0,
            "predicted_rate": 0.0,
            "success_false_positive_rate": 0.0,
            "successes": 24,
            "threshold": -95.5
          },
          {
            "failure_capture_rate": 0.0,
            "failure_precision": 0.0,
            "failures": 0,
            "feature": "final_norm_input_gap",
            "gate": "final_norm_input_gap_lt_-55.5",
            "gate_score": 0.0,
            "kind": "pre_final_norm",
            "n": 24,
            "op": "<",
            "predicted_count": 0,
            "predicted_rate": 0.0,
            "success_false_positive_rate": 0.0,
            "successes": 24,
            "threshold": -55.5
          },
          {
            "failure_capture_rate": 0.0,
            "failure_precision": 0.0,
            "failures": 0,
            "feature": "final_norm_input_gap",
            "gate": "final_norm_input_gap_gt_15.5",
            "gate_score": 0.0,
            "kind": "pre_final_norm",
            "n": 24,
            "op": ">",
            "predicted_count": 0,
            "predicted_rate": 0.0,
            "success_false_positive_rate": 0.0,
            "successes": 24,
            "threshold": 15.5
          },
          {
            "failure_capture_rate": 0.0,
            "failure_precision": 0.0,
            "failures": 0,
            "feature": "final_norm_input_rank",
            "gate": "final_norm_input_rank_lt_0",
            "gate_score": 0.0,
            "kind": "pre_final_norm",
            "n": 24,
            "op": "<",
            "predicted_count": 0,
            "predicted_rate": 0.0,
            "success_false_positive_rate": 0.0,
            "successes": 24,
            "threshold": 0.0
          },
          {
            "failure_capture_rate": 0.0,
            "failure_precision": 0.0,
            "failures": 0,
            "feature": "final_norm_input_rank",
            "gate": "final_norm_input_rank_lt_1",
            "gate_score": 0.0,
            "kind": "pre_final_norm",
            "n": 24,
            "op": "<",
            "predicted_count": 0,
            "predicted_rate": 0.0,
            "success_false_positive_rate": 0.0,
            "successes": 24,
            "threshold": 1.0
          },
          {
            "failure_capture_rate": 0.0,
            "failure_precision": 0.0,
            "failures": 0,
            "feature": "final_norm_input_rank",
            "gate": "final_norm_input_rank_gt_2",
            "gate_score": 0.0,
            "kind": "pre_final_norm",
            "n": 24,
            "op": ">",
            "predicted_count": 0,
            "predicted_rate": 0.0,
            "success_false_positive_rate": 0.0,
            "successes": 24,
            "threshold": 2.0
          },
          {
            "failure_capture_rate": 0.0,
            "failure_precision": 0.0,
            "failures": 0,
            "feature": "final_norm_input_rank",
            "gate": "final_norm_input_rank_gt_4",
            "gate_score": 0.0,
            "kind": "pre_final_norm",
            "n": 24,
            "op": ">",
            "predicted_count": 0,
            "predicted_rate": 0.0,
            "success_false_positive_rate": 0.0,
            "successes": 24,
            "threshold": 4.0
          },
          {
            "failure_capture_rate": 0.0,
            "failure_precision": 0.0,
            "failures": 0,
            "feature": "final_norm_input_rank",
            "gate": "final_norm_input_rank_gt_5",
            "gate_score": 0.0,
            "kind": "pre_final_norm",
            "n": 24,
            "op": ">",
            "predicted_count": 0,
            "predicted_rate": 0.0,
            "success_false_positive_rate": 0.0,
            "successes": 24,
            "threshold": 5.0
          },
          {
            "failure_capture_rate": 0.0,
            "failure_precision": 0.0,
            "failures": 0,
            "feature": "final_norm_input_rank",
            "gate": "final_norm_input_rank_gt_6",
            "gate_score": 0.0,
            "kind": "pre_final_norm",
            "n": 24,
            "op": ">",
            "predicted_count": 0,
            "predicted_rate": 0.0,
            "success_false_positive_rate": 0.0,
            "successes": 24,
            "threshold": 6.0
          },
          {
            "failure_capture_rate": 0.0,
            "failure_precision": 0.0,
            "failures": 0,
            "feature": "last_layer_gap",
            "gate": "last_layer_gap_lt_-95.5",
            "gate_score": 0.0,
            "kind": "late_residual",
            "n": 24,
            "op": "<",
            "predicted_count": 0,
            "predicted_rate": 0.0,
            "success_false_positive_rate": 0.0,
            "successes": 24,
            "threshold": -95.5
          },
          {
            "failure_capture_rate": 0.0,
            "failure_precision": 0.0,
            "failures": 0,
            "feature": "last_layer_gap",
            "gate": "last_layer_gap_lt_-55.5",
            "gate_score": 0.0,
            "kind": "late_residual",
            "n": 24,
            "op": "<",
            "predicted_count": 0,
            "predicted_rate": 0.0,
            "success_false_positive_rate": 0.0,
            "successes": 24,
            "threshold": -55.5
          },
          {
            "failure_capture_rate": 0.0,
            "failure_precision": 0.0,
            "failures": 0,
            "feature": "last_layer_gap",
            "gate": "last_layer_gap_gt_15.5",
            "gate_score": 0.0,
            "kind": "late_residual",
            "n": 24,
            "op": ">",
            "predicted_count": 0,
            "predicted_rate": 0.0,
            "success_false_positive_rate": 0.0,
            "successes": 24,
            "threshold": 15.5
          },
          {
            "failure_capture_rate": 0.0,
            "failure_precision": 0.0,
            "failures": 0,
            "feature": "late_gap_shift",
            "gate": "late_gap_shift_gt_0",
            "gate_score": 0.0,
            "kind": "late_residual",
            "n": 24,
            "op": ">",
            "predicted_count": 0,
            "predicted_rate": 0.0,
            "success_false_positive_rate": 0.0,
            "successes": 24,
            "threshold": 0.0
          },
          {
            "failure_capture_rate": 0.0,
            "failure_precision": 0.0,
            "failures": 0,
            "feature": "late_gap_shift",
            "gate": "late_gap_shift_lt_0",
            "gate_score": 0.0,
            "kind": "late_residual",
            "n": 24,
            "op": "<",
            "predicted_count": 0,
            "predicted_rate": 0.0,
            "success_false_positive_rate": 0.0,
            "successes": 24,
            "threshold": 0.0
          },
          {
            "failure_capture_rate": 0.0,
            "failure_precision": 0.0,
            "failures": 0,
            "feature": "mid_to_late_shift",
            "gate": "mid_to_late_shift_lt_-95.53",
            "gate_score": 0.0,
            "kind": "late_residual",
            "n": 24,
            "op": "<",
            "predicted_count": 0,
            "predicted_rate": 0.0,
            "success_false_positive_rate": 0.0,
            "successes": 24,
            "threshold": -95.53125
          }
        ]
      },
      "same_value_different_format": {
        "near_readout_reference": [
          {
            "failure_capture_rate": 0.0,
            "failure_precision": 0.0,
            "failures": 0,
            "feature": "final_gap",
            "gate": "REF_final_gap_gt_-0.25",
            "gate_score": 0.0,
            "kind": "near_readout_reference",
            "n": 144,
            "op": ">",
            "predicted_count": 0,
            "predicted_rate": 0.0,
            "success_false_positive_rate": 0.0,
            "successes": 144,
            "threshold": -0.25
          },
          {
            "failure_capture_rate": 0.0,
            "failure_precision": 0.0,
            "failures": 0,
            "feature": "final_gap",
            "gate": "REF_final_gap_gt_0",
            "gate_score": 0.0,
            "kind": "near_readout_reference",
            "n": 144,
            "op": ">",
            "predicted_count": 0,
            "predicted_rate": 0.0,
            "success_false_positive_rate": 0.0,
            "successes": 144,
            "threshold": 0.0
          },
          {
            "failure_capture_rate": 0.0,
            "failure_precision": 0.0,
            "failures": 0,
            "feature": "final_gap",
            "gate": "REF_final_gap_gt_10.81",
            "gate_score": 0.0,
            "kind": "near_readout_reference",
            "n": 144,
            "op": ">",
            "predicted_count": 0,
            "predicted_rate": 0.0,
            "success_false_positive_rate": 0.0,
            "successes": 144,
            "threshold": 10.8125
          },
          {
            "failure_capture_rate": 0.0,
            "failure_precision": 0.0,
            "failures": 0,
            "feature": "top1_category",
            "gate": "REF_top1_category_not_expected",
            "gate_score": 0.0,
            "kind": "near_readout_reference",
            "n": 144,
            "op": "!=",
            "predicted_count": 0,
            "predicted_rate": 0.0,
            "success_false_positive_rate": 0.0,
            "successes": 144,
            "threshold": "expected"
          },
          {
            "failure_capture_rate": 0.0,
            "failure_precision": 0.0,
            "failures": 0,
            "feature": "final_gap",
            "gate": "REF_final_gap_gt_-2.25",
            "gate_score": -0.006944444444444444,
            "kind": "near_readout_reference",
            "n": 144,
            "op": ">",
            "predicted_count": 1,
            "predicted_rate": 0.006944444444444444,
            "success_false_positive_rate": 0.006944444444444444,
            "successes": 144,
            "threshold": -2.25
          },
          {
            "failure_capture_rate": 0.0,
            "failure_precision": 0.0,
            "failures": 0,
            "feature": "final_gap",
            "gate": "REF_final_gap_gt_-5.5",
            "gate_score": -0.13194444444444445,
            "kind": "near_readout_reference",
            "n": 144,
            "op": ">",
            "predicted_count": 19,
            "predicted_rate": 0.13194444444444445,
            "success_false_positive_rate": 0.13194444444444445,
            "successes": 144,
            "threshold": -5.5
          },
          {
            "failure_capture_rate": 0.0,
            "failure_precision": 0.0,
            "failures": 0,
            "feature": "final_gap",
            "gate": "REF_final_gap_gt_-8.5",
            "gate_score": -0.5208333333333334,
            "kind": "near_readout_reference",
            "n": 144,
            "op": ">",
            "predicted_count": 75,
            "predicted_rate": 0.5208333333333334,
            "success_false_positive_rate": 0.5208333333333334,
            "successes": 144,
            "threshold": -8.5
          },
          {
            "failure_capture_rate": 0.0,
            "failure_precision": 0.0,
            "failures": 0,
            "feature": "final_gap",
            "gate": "REF_final_gap_gt_-12.38",
            "gate_score": -0.9861111111111112,
            "kind": "near_readout_reference",
            "n": 144,
            "op": ">",
            "predicted_count": 142,
            "predicted_rate": 0.9861111111111112,
            "success_false_positive_rate": 0.9861111111111112,
            "successes": 144,
            "threshold": -12.375
          }
        ],
        "pre_readout": [
          {
            "failure_capture_rate": 0.0,
            "failure_precision": 0.0,
            "failures": 0,
            "feature": "final_norm_input_gap",
            "gate": "final_norm_input_gap_lt_-95.5",
            "gate_score": 0.0,
            "kind": "pre_final_norm",
            "n": 144,
            "op": "<",
            "predicted_count": 0,
            "predicted_rate": 0.0,
            "success_false_positive_rate": 0.0,
            "successes": 144,
            "threshold": -95.5
          },
          {
            "failure_capture_rate": 0.0,
            "failure_precision": 0.0,
            "failures": 0,
            "feature": "final_norm_input_gap",
            "gate": "final_norm_input_gap_gt_15.5",
            "gate_score": 0.0,
            "kind": "pre_final_norm",
            "n": 144,
            "op": ">",
            "predicted_count": 0,
            "predicted_rate": 0.0,
            "success_false_positive_rate": 0.0,
            "successes": 144,
            "threshold": 15.5
          },
          {
            "failure_capture_rate": 0.0,
            "failure_precision": 0.0,
            "failures": 0,
            "feature": "final_norm_input_rank",
            "gate": "final_norm_input_rank_lt_0",
            "gate_score": 0.0,
            "kind": "pre_final_norm",
            "n": 144,
            "op": "<",
            "predicted_count": 0,
            "predicted_rate": 0.0,
            "success_false_positive_rate": 0.0,
            "successes": 144,
            "threshold": 0.0
          },
          {
            "failure_capture_rate": 0.0,
            "failure_precision": 0.0,
            "failures": 0,
            "feature": "final_norm_input_rank",
            "gate": "final_norm_input_rank_lt_1",
            "gate_score": 0.0,
            "kind": "pre_final_norm",
            "n": 144,
            "op": "<",
            "predicted_count": 0,
            "predicted_rate": 0.0,
            "success_false_positive_rate": 0.0,
            "successes": 144,
            "threshold": 1.0
          },
          {
            "failure_capture_rate": 0.0,
            "failure_precision": 0.0,
            "failures": 0,
            "feature": "final_norm_input_rank",
            "gate": "final_norm_input_rank_gt_6",
            "gate_score": 0.0,
            "kind": "pre_final_norm",
            "n": 144,
            "op": ">",
            "predicted_count": 0,
            "predicted_rate": 0.0,
            "success_false_positive_rate": 0.0,
            "successes": 144,
            "threshold": 6.0
          },
          {
            "failure_capture_rate": 0.0,
            "failure_precision": 0.0,
            "failures": 0,
            "feature": "last_layer_gap",
            "gate": "last_layer_gap_lt_-95.5",
            "gate_score": 0.0,
            "kind": "late_residual",
            "n": 144,
            "op": "<",
            "predicted_count": 0,
            "predicted_rate": 0.0,
            "success_false_positive_rate": 0.0,
            "successes": 144,
            "threshold": -95.5
          },
          {
            "failure_capture_rate": 0.0,
            "failure_precision": 0.0,
            "failures": 0,
            "feature": "last_layer_gap",
            "gate": "last_layer_gap_gt_15.5",
            "gate_score": 0.0,
            "kind": "late_residual",
            "n": 144,
            "op": ">",
            "predicted_count": 0,
            "predicted_rate": 0.0,
            "success_false_positive_rate": 0.0,
            "successes": 144,
            "threshold": 15.5
          },
          {
            "failure_capture_rate": 0.0,
            "failure_precision": 0.0,
            "failures": 0,
            "feature": "late_gap_shift",
            "gate": "late_gap_shift_gt_0",
            "gate_score": 0.0,
            "kind": "late_residual",
            "n": 144,
            "op": ">",
            "predicted_count": 0,
            "predicted_rate": 0.0,
            "success_false_positive_rate": 0.0,
            "successes": 144,
            "threshold": 0.0
          },
          {
            "failure_capture_rate": 0.0,
            "failure_precision": 0.0,
            "failures": 0,
            "feature": "late_gap_shift",
            "gate": "late_gap_shift_lt_0",
            "gate_score": 0.0,
            "kind": "late_residual",
            "n": 144,
            "op": "<",
            "predicted_count": 0,
            "predicted_rate": 0.0,
            "success_false_positive_rate": 0.0,
            "successes": 144,
            "threshold": 0.0
          },
          {
            "failure_capture_rate": 0.0,
            "failure_precision": 0.0,
            "failures": 0,
            "feature": "mid_to_late_shift",
            "gate": "mid_to_late_shift_lt_-95.53",
            "gate_score": 0.0,
            "kind": "late_residual",
            "n": 144,
            "op": "<",
            "predicted_count": 0,
            "predicted_rate": 0.0,
            "success_false_positive_rate": 0.0,
            "successes": 144,
            "threshold": -95.53125
          },
          {
            "failure_capture_rate": 0.0,
            "failure_precision": 0.0,
            "failures": 0,
            "feature": "mid_to_late_shift",
            "gate": "mid_to_late_shift_gt_25.34",
            "gate_score": 0.0,
            "kind": "late_residual",
            "n": 144,
            "op": ">",
            "predicted_count": 0,
            "predicted_rate": 0.0,
            "success_false_positive_rate": 0.0,
            "successes": 144,
            "threshold": 25.34375
          },
          {
            "failure_capture_rate": 0.0,
            "failure_precision": 0.0,
            "failures": 0,
            "feature": "max_layer_gap",
            "gate": "max_layer_gap_lt_-4.172",
            "gate_score": 0.0,
            "kind": "trajectory",
            "n": 144,
            "op": "<",
            "predicted_count": 0,
            "predicted_rate": 0.0,
            "success_false_positive_rate": 0.0,
            "successes": 144,
            "threshold": -4.171875
          },
          {
            "failure_capture_rate": 0.0,
            "failure_precision": 0.0,
            "failures": 0,
            "feature": "max_layer_gap",
            "gate": "max_layer_gap_gt_33.75",
            "gate_score": 0.0,
            "kind": "trajectory",
            "n": 144,
            "op": ">",
            "predicted_count": 0,
            "predicted_rate": 0.0,
            "success_false_positive_rate": 0.0,
            "successes": 144,
            "threshold": 33.75
          },
          {
            "failure_capture_rate": 0.0,
            "failure_precision": 0.0,
            "failures": 0,
            "feature": "min_layer_gap",
            "gate": "min_layer_gap_lt_-126.2",
            "gate_score": 0.0,
            "kind": "trajectory",
            "n": 144,
            "op": "<",
            "predicted_count": 0,
            "predicted_rate": 0.0,
            "success_false_positive_rate": 0.0,
            "successes": 144,
            "threshold": -126.25
          },
          {
            "failure_capture_rate": 0.0,
            "failure_precision": 0.0,
            "failures": 0,
            "feature": "min_layer_gap",
            "gate": "min_layer_gap_gt_-0.5",
            "gate_score": 0.0,
            "kind": "trajectory",
            "n": 144,
            "op": ">",
            "predicted_count": 0,
            "predicted_rate": 0.0,
            "success_false_positive_rate": 0.0,
            "successes": 144,
            "threshold": -0.5
          }
        ]
      }
    },
    "cross_family_generalization": [
      {
        "gate": "final_norm_input_gap_gt_-0.5",
        "kind": "pre_final_norm",
        "source_failure_capture": 1.0,
        "source_false_pos": 0.0,
        "source_family": "factor_isolation",
        "target_failure_capture": 0.2,
        "target_failures": 5,
        "target_false_pos": 0.0,
        "target_family": "same_format_random_value",
        "target_score": 0.2,
        "target_successes": 67
      },
      {
        "gate": "final_norm_input_gap_gt_0",
        "kind": "pre_final_norm",
        "source_failure_capture": 1.0,
        "source_false_pos": 0.0,
        "source_family": "factor_isolation",
        "target_failure_capture": 0.2,
        "target_failures": 5,
        "target_false_pos": 0.0,
        "target_family": "same_format_random_value",
        "target_score": 0.2,
        "target_successes": 67
      },
      {
        "gate": "last_layer_gap_gt_-0.5",
        "kind": "late_residual",
        "source_failure_capture": 1.0,
        "source_false_pos": 0.0,
        "source_family": "factor_isolation",
        "target_failure_capture": 0.2,
        "target_failures": 5,
        "target_false_pos": 0.0,
        "target_family": "same_format_random_value",
        "target_score": 0.2,
        "target_successes": 67
      },
      {
        "gate": "last_layer_gap_gt_0",
        "kind": "late_residual",
        "source_failure_capture": 1.0,
        "source_false_pos": 0.0,
        "source_family": "factor_isolation",
        "target_failure_capture": 0.2,
        "target_failures": 5,
        "target_false_pos": 0.0,
        "target_family": "same_format_random_value",
        "target_score": 0.2,
        "target_successes": 67
      },
      {
        "gate": "mid_to_late_shift_gt_-0.007812",
        "kind": "late_residual",
        "source_failure_capture": 1.0,
        "source_false_pos": 0.0,
        "source_family": "factor_isolation",
        "target_failure_capture": 0.2,
        "target_failures": 5,
        "target_false_pos": 0.0,
        "target_family": "same_format_random_value",
        "target_score": 0.2,
        "target_successes": 67
      },
      {
        "gate": "min_layer_gap_gt_-45.62",
        "kind": "trajectory",
        "source_failure_capture": 0.8,
        "source_false_pos": 0.014925373134328358,
        "source_family": "same_format_random_value",
        "target_failure_capture": 1.0,
        "target_failures": 18,
        "target_false_pos": 0.9166666666666666,
        "target_family": "factor_isolation",
        "target_score": 0.08333333333333337,
        "target_successes": 36
      },
      {
        "gate": "min_layer_gap_gt_-80.44",
        "kind": "trajectory",
        "source_failure_capture": 1.0,
        "source_false_pos": 0.07462686567164178,
        "source_family": "same_format_random_value",
        "target_failure_capture": 1.0,
        "target_failures": 18,
        "target_false_pos": 1.0,
        "target_family": "factor_isolation",
        "target_score": 0.0,
        "target_successes": 36
      },
      {
        "gate": "mid_to_late_shift_gt_-38.92",
        "kind": "late_residual",
        "source_failure_capture": 0.8,
        "source_false_pos": 0.029850746268656716,
        "source_family": "same_format_random_value",
        "target_failure_capture": 1.0,
        "target_failures": 18,
        "target_false_pos": 1.0,
        "target_family": "factor_isolation",
        "target_score": 0.0,
        "target_successes": 36
      },
      {
        "gate": "final_norm_input_gap_gt_-55.5",
        "kind": "pre_final_norm",
        "source_failure_capture": 0.8,
        "source_false_pos": 0.19402985074626866,
        "source_family": "same_format_random_value",
        "target_failure_capture": 1.0,
        "target_failures": 18,
        "target_false_pos": 1.0,
        "target_family": "factor_isolation",
        "target_score": 0.0,
        "target_successes": 36
      },
      {
        "gate": "last_layer_gap_gt_-55.5",
        "kind": "late_residual",
        "source_failure_capture": 0.8,
        "source_false_pos": 0.19402985074626866,
        "source_family": "same_format_random_value",
        "target_failure_capture": 1.0,
        "target_failures": 18,
        "target_false_pos": 1.0,
        "target_family": "factor_isolation",
        "target_score": 0.0,
        "target_successes": 36
      },
      {
        "gate": "mid_to_late_shift_gt_-0.007812",
        "kind": "late_residual",
        "source_failure_capture": 1.0,
        "source_false_pos": 0.0,
        "source_family": "factor_isolation",
        "target_failure_capture": 0.0,
        "target_failures": 0,
        "target_false_pos": 0.0,
        "target_family": "same_prefix_different_continuation",
        "target_score": 0.0,
        "target_successes": 24
      },
      {
        "gate": "final_norm_input_gap_gt_-0.5",
        "kind": "pre_final_norm",
        "source_failure_capture": 1.0,
        "source_false_pos": 0.0,
        "source_family": "factor_isolation",
        "target_failure_capture": 0.0,
        "target_failures": 0,
        "target_false_pos": 0.041666666666666664,
        "target_family": "different_value_same_format",
        "target_score": -0.041666666666666664,
        "target_successes": 48
      },
      {
        "gate": "final_norm_input_gap_gt_-0.5",
        "kind": "pre_final_norm",
        "source_failure_capture": 1.0,
        "source_false_pos": 0.0,
        "source_family": "factor_isolation",
        "target_failure_capture": 0.0,
        "target_failures": 0,
        "target_false_pos": 0.041666666666666664,
        "target_family": "same_prefix_different_continuation",
        "target_score": -0.041666666666666664,
        "target_successes": 24
      },
      {
        "gate": "final_norm_input_gap_gt_0",
        "kind": "pre_final_norm",
        "source_failure_capture": 1.0,
        "source_false_pos": 0.0,
        "source_family": "factor_isolation",
        "target_failure_capture": 0.0,
        "target_failures": 0,
        "target_false_pos": 0.041666666666666664,
        "target_family": "different_value_same_format",
        "target_score": -0.041666666666666664,
        "target_successes": 48
      },
      {
        "gate": "final_norm_input_gap_gt_0",
        "kind": "pre_final_norm",
        "source_failure_capture": 1.0,
        "source_false_pos": 0.0,
        "source_family": "factor_isolation",
        "target_failure_capture": 0.0,
        "target_failures": 0,
        "target_false_pos": 0.041666666666666664,
        "target_family": "same_prefix_different_continuation",
        "target_score": -0.041666666666666664,
        "target_successes": 24
      },
      {
        "gate": "last_layer_gap_gt_-0.5",
        "kind": "late_residual",
        "source_failure_capture": 1.0,
        "source_false_pos": 0.0,
        "source_family": "factor_isolation",
        "target_failure_capture": 0.0,
        "target_failures": 0,
        "target_false_pos": 0.041666666666666664,
        "target_family": "different_value_same_format",
        "target_score": -0.041666666666666664,
        "target_successes": 48
      },
      {
        "gate": "last_layer_gap_gt_-0.5",
        "kind": "late_residual",
        "source_failure_capture": 1.0,
        "source_false_pos": 0.0,
        "source_family": "factor_isolation",
        "target_failure_capture": 0.0,
        "target_failures": 0,
        "target_false_pos": 0.041666666666666664,
        "target_family": "same_prefix_different_continuation",
        "target_score": -0.041666666666666664,
        "target_successes": 24
      },
      {
        "gate": "last_layer_gap_gt_0",
        "kind": "late_residual",
        "source_failure_capture": 1.0,
        "source_false_pos": 0.0,
        "source_family": "factor_isolation",
        "target_failure_capture": 0.0,
        "target_failures": 0,
        "target_false_pos": 0.041666666666666664,
        "target_family": "different_value_same_format",
        "target_score": -0.041666666666666664,
        "target_successes": 48
      },
      {
        "gate": "last_layer_gap_gt_0",
        "kind": "late_residual",
        "source_failure_capture": 1.0,
        "source_false_pos": 0.0,
        "source_family": "factor_isolation",
        "target_failure_capture": 0.0,
        "target_failures": 0,
        "target_false_pos": 0.041666666666666664,
        "target_family": "same_prefix_different_continuation",
        "target_score": -0.041666666666666664,
        "target_successes": 24
      },
      {
        "gate": "mid_to_late_shift_gt_-0.007812",
        "kind": "late_residual",
        "source_failure_capture": 1.0,
        "source_false_pos": 0.0,
        "source_family": "factor_isolation",
        "target_failure_capture": 0.0,
        "target_failures": 0,
        "target_false_pos": 0.041666666666666664,
        "target_family": "different_value_same_format",
        "target_score": -0.041666666666666664,
        "target_successes": 48
      },
      {
        "gate": "final_norm_input_gap_gt_0",
        "kind": "pre_final_norm",
        "source_failure_capture": 1.0,
        "source_false_pos": 0.0,
        "source_family": "factor_isolation",
        "target_failure_capture": 0.0,
        "target_failures": 0,
        "target_false_pos": 0.06944444444444445,
        "target_family": "same_value_different_format",
        "target_score": -0.06944444444444445,
        "target_successes": 144
      },
      {
        "gate": "last_layer_gap_gt_0",
        "kind": "late_residual",
        "source_failure_capture": 1.0,
        "source_false_pos": 0.0,
        "source_family": "factor_isolation",
        "target_failure_capture": 0.0,
        "target_failures": 0,
        "target_false_pos": 0.06944444444444445,
        "target_family": "same_value_different_format",
        "target_score": -0.06944444444444445,
        "target_successes": 144
      },
      {
        "gate": "final_norm_input_gap_gt_-0.5",
        "kind": "pre_final_norm",
        "source_failure_capture": 1.0,
        "source_false_pos": 0.0,
        "source_family": "factor_isolation",
        "target_failure_capture": 0.0,
        "target_failures": 0,
        "target_false_pos": 0.0763888888888889,
        "target_family": "same_value_different_format",
        "target_score": -0.0763888888888889,
        "target_successes": 144
      },
      {
        "gate": "last_layer_gap_gt_-0.5",
        "kind": "late_residual",
        "source_failure_capture": 1.0,
        "source_false_pos": 0.0,
        "source_family": "factor_isolation",
        "target_failure_capture": 0.0,
        "target_failures": 0,
        "target_false_pos": 0.0763888888888889,
        "target_family": "same_value_different_format",
        "target_score": -0.0763888888888889,
        "target_successes": 144
      },
      {
        "gate": "mid_to_late_shift_gt_-0.007812",
        "kind": "late_residual",
        "source_failure_capture": 1.0,
        "source_false_pos": 0.0,
        "source_family": "factor_isolation",
        "target_failure_capture": 0.0,
        "target_failures": 0,
        "target_false_pos": 0.1875,
        "target_family": "same_value_different_format",
        "target_score": -0.1875,
        "target_successes": 144
      },
      {
        "gate": "min_layer_gap_gt_-45.62",
        "kind": "trajectory",
        "source_failure_capture": 0.8,
        "source_false_pos": 0.014925373134328358,
        "source_family": "same_format_random_value",
        "target_failure_capture": 0.0,
        "target_failures": 0,
        "target_false_pos": 0.4166666666666667,
        "target_family": "different_value_same_format",
        "target_score": -0.4166666666666667,
        "target_successes": 48
      },
      {
        "gate": "min_layer_gap_gt_-45.62",
        "kind": "trajectory",
        "source_failure_capture": 0.8,
        "source_false_pos": 0.014925373134328358,
        "source_family": "same_format_random_value",
        "target_failure_capture": 0.0,
        "target_failures": 0,
        "target_false_pos": 0.5,
        "target_family": "same_prefix_different_continuation",
        "target_score": -0.5,
        "target_successes": 24
      },
      {
        "gate": "min_layer_gap_gt_-45.62",
        "kind": "trajectory",
        "source_failure_capture": 0.8,
        "source_false_pos": 0.014925373134328358,
        "source_family": "same_format_random_value",
        "target_failure_capture": 0.0,
        "target_failures": 0,
        "target_false_pos": 0.7638888888888888,
        "target_family": "same_value_different_format",
        "target_score": -0.7638888888888888,
        "target_successes": 144
      },
      {
        "gate": "mid_to_late_shift_gt_-38.92",
        "kind": "late_residual",
        "source_failure_capture": 0.8,
        "source_false_pos": 0.029850746268656716,
        "source_family": "same_format_random_value",
        "target_failure_capture": 0.0,
        "target_failures": 0,
        "target_false_pos": 0.875,
        "target_family": "different_value_same_format",
        "target_score": -0.875,
        "target_successes": 48
      },
      {
        "gate": "min_layer_gap_gt_-80.44",
        "kind": "trajectory",
        "source_failure_capture": 1.0,
        "source_false_pos": 0.07462686567164178,
        "source_family": "same_format_random_value",
        "target_failure_capture": 0.0,
        "target_failures": 0,
        "target_false_pos": 0.8958333333333334,
        "target_family": "different_value_same_format",
        "target_score": -0.8958333333333334,
        "target_successes": 48
      },
      {
        "gate": "final_norm_input_gap_gt_-55.5",
        "kind": "pre_final_norm",
        "source_failure_capture": 0.8,
        "source_false_pos": 0.19402985074626866,
        "source_family": "same_format_random_value",
        "target_failure_capture": 0.0,
        "target_failures": 0,
        "target_false_pos": 0.9166666666666666,
        "target_family": "different_value_same_format",
        "target_score": -0.9166666666666666,
        "target_successes": 48
      },
      {
        "gate": "last_layer_gap_gt_-55.5",
        "kind": "late_residual",
        "source_failure_capture": 0.8,
        "source_false_pos": 0.19402985074626866,
        "source_family": "same_format_random_value",
        "target_failure_capture": 0.0,
        "target_failures": 0,
        "target_false_pos": 0.9166666666666666,
        "target_family": "different_value_same_format",
        "target_score": -0.9166666666666666,
        "target_successes": 48
      },
      {
        "gate": "mid_to_late_shift_gt_-38.92",
        "kind": "late_residual",
        "source_failure_capture": 0.8,
        "source_false_pos": 0.029850746268656716,
        "source_family": "same_format_random_value",
        "target_failure_capture": 0.0,
        "target_failures": 0,
        "target_false_pos": 0.9513888888888888,
        "target_family": "same_value_different_format",
        "target_score": -0.9513888888888888,
        "target_successes": 144
      },
      {
        "gate": "min_layer_gap_gt_-80.44",
        "kind": "trajectory",
        "source_failure_capture": 1.0,
        "source_false_pos": 0.07462686567164178,
        "source_family": "same_format_random_value",
        "target_failure_capture": 0.0,
        "target_failures": 0,
        "target_false_pos": 0.9652777777777778,
        "target_family": "same_value_different_format",
        "target_score": -0.9652777777777778,
        "target_successes": 144
      },
      {
        "gate": "final_norm_input_gap_gt_-55.5",
        "kind": "pre_final_norm",
        "source_failure_capture": 0.8,
        "source_false_pos": 0.19402985074626866,
        "source_family": "same_format_random_value",
        "target_failure_capture": 0.0,
        "target_failures": 0,
        "target_false_pos": 0.9722222222222222,
        "target_family": "same_value_different_format",
        "target_score": -0.9722222222222222,
        "target_successes": 144
      },
      {
        "gate": "last_layer_gap_gt_-55.5",
        "kind": "late_residual",
        "source_failure_capture": 0.8,
        "source_false_pos": 0.19402985074626866,
        "source_family": "same_format_random_value",
        "target_failure_capture": 0.0,
        "target_failures": 0,
        "target_false_pos": 0.9722222222222222,
        "target_family": "same_value_different_format",
        "target_score": -0.9722222222222222,
        "target_successes": 144
      },
      {
        "gate": "min_layer_gap_gt_-80.44",
        "kind": "trajectory",
        "source_failure_capture": 1.0,
        "source_false_pos": 0.07462686567164178,
        "source_family": "same_format_random_value",
        "target_failure_capture": 0.0,
        "target_failures": 0,
        "target_false_pos": 1.0,
        "target_family": "same_prefix_different_continuation",
        "target_score": -1.0,
        "target_successes": 24
      },
      {
        "gate": "mid_to_late_shift_gt_-38.92",
        "kind": "late_residual",
        "source_failure_capture": 0.8,
        "source_false_pos": 0.029850746268656716,
        "source_family": "same_format_random_value",
        "target_failure_capture": 0.0,
        "target_failures": 0,
        "target_false_pos": 1.0,
        "target_family": "same_prefix_different_continuation",
        "target_score": -1.0,
        "target_successes": 24
      },
      {
        "gate": "final_norm_input_gap_gt_-55.5",
        "kind": "pre_final_norm",
        "source_failure_capture": 0.8,
        "source_false_pos": 0.19402985074626866,
        "source_family": "same_format_random_value",
        "target_failure_capture": 0.0,
        "target_failures": 0,
        "target_false_pos": 1.0,
        "target_family": "same_prefix_different_continuation",
        "target_score": -1.0,
        "target_successes": 24
      },
      {
        "gate": "last_layer_gap_gt_-55.5",
        "kind": "late_residual",
        "source_failure_capture": 0.8,
        "source_false_pos": 0.19402985074626866,
        "source_family": "same_format_random_value",
        "target_failure_capture": 0.0,
        "target_failures": 0,
        "target_false_pos": 1.0,
        "target_family": "same_prefix_different_continuation",
        "target_score": -1.0,
        "target_successes": 24
      }
    ],
    "model": "qwen3",
    "top_near_readout_reference_gates": [
      {
        "failure_capture_rate": 1.0,
        "failure_precision": 1.0,
        "failures": 23,
        "feature": "final_gap",
        "gate": "REF_final_gap_gt_-0.25",
        "gate_score": 1.0,
        "kind": "near_readout_reference",
        "n": 342,
        "op": ">",
        "predicted_count": 23,
        "predicted_rate": 0.06725146198830409,
        "success_false_positive_rate": 0.0,
        "successes": 319,
        "threshold": -0.25
      },
      {
        "failure_capture_rate": 1.0,
        "failure_precision": 1.0,
        "failures": 23,
        "feature": "final_gap",
        "gate": "REF_final_gap_gt_0",
        "gate_score": 1.0,
        "kind": "near_readout_reference",
        "n": 342,
        "op": ">",
        "predicted_count": 23,
        "predicted_rate": 0.06725146198830409,
        "success_false_positive_rate": 0.0,
        "successes": 319,
        "threshold": 0.0
      },
      {
        "failure_capture_rate": 1.0,
        "failure_precision": 1.0,
        "failures": 23,
        "feature": "top1_category",
        "gate": "REF_top1_category_not_expected",
        "gate_score": 1.0,
        "kind": "near_readout_reference",
        "n": 342,
        "op": "!=",
        "predicted_count": 23,
        "predicted_rate": 0.06725146198830409,
        "success_false_positive_rate": 0.0,
        "successes": 319,
        "threshold": "expected"
      },
      {
        "failure_capture_rate": 1.0,
        "failure_precision": 0.696969696969697,
        "failures": 23,
        "feature": "final_gap",
        "gate": "REF_final_gap_gt_-2.25",
        "gate_score": 0.9686520376175549,
        "kind": "near_readout_reference",
        "n": 342,
        "op": ">",
        "predicted_count": 33,
        "predicted_rate": 0.09649122807017543,
        "success_false_positive_rate": 0.03134796238244514,
        "successes": 319,
        "threshold": -2.25
      },
      {
        "failure_capture_rate": 1.0,
        "failure_precision": 0.19658119658119658,
        "failures": 23,
        "feature": "final_gap",
        "gate": "REF_final_gap_gt_-5.5",
        "gate_score": 0.7053291536050157,
        "kind": "near_readout_reference",
        "n": 342,
        "op": ">",
        "predicted_count": 117,
        "predicted_rate": 0.34210526315789475,
        "success_false_positive_rate": 0.2946708463949843,
        "successes": 319,
        "threshold": -5.5
      },
      {
        "failure_capture_rate": 1.0,
        "failure_precision": 0.09126984126984126,
        "failures": 23,
        "feature": "final_gap",
        "gate": "REF_final_gap_gt_-8.5",
        "gate_score": 0.2821316614420063,
        "kind": "near_readout_reference",
        "n": 342,
        "op": ">",
        "predicted_count": 252,
        "predicted_rate": 0.7368421052631579,
        "success_false_positive_rate": 0.7178683385579937,
        "successes": 319,
        "threshold": -8.5
      },
      {
        "failure_capture_rate": 1.0,
        "failure_precision": 0.06764705882352941,
        "failures": 23,
        "feature": "final_gap",
        "gate": "REF_final_gap_gt_-12.38",
        "gate_score": 0.006269592476489061,
        "kind": "near_readout_reference",
        "n": 342,
        "op": ">",
        "predicted_count": 340,
        "predicted_rate": 0.9941520467836257,
        "success_false_positive_rate": 0.9937304075235109,
        "successes": 319,
        "threshold": -12.375
      },
      {
        "failure_capture_rate": 0.0,
        "failure_precision": 0.0,
        "failures": 23,
        "feature": "final_gap",
        "gate": "REF_final_gap_gt_10.81",
        "gate_score": 0.0,
        "kind": "near_readout_reference",
        "n": 342,
        "op": ">",
        "predicted_count": 0,
        "predicted_rate": 0.0,
        "success_false_positive_rate": 0.0,
        "successes": 319,
        "threshold": 10.8125
      }
    ],
    "top_pre_readout_gates": [
      {
        "failure_capture_rate": 0.8260869565217391,
        "failure_precision": 0.59375,
        "failures": 23,
        "feature": "final_norm_input_gap",
        "gate": "final_norm_input_gap_gt_0",
        "gate_score": 0.7853346054245605,
        "kind": "pre_final_norm",
        "n": 342,
        "op": ">",
        "predicted_count": 32,
        "predicted_rate": 0.0935672514619883,
        "success_false_positive_rate": 0.04075235109717868,
        "successes": 319,
        "threshold": 0.0
      },
      {
        "failure_capture_rate": 0.8260869565217391,
        "failure_precision": 0.59375,
        "failures": 23,
        "feature": "last_layer_gap",
        "gate": "last_layer_gap_gt_0",
        "gate_score": 0.7853346054245605,
        "kind": "late_residual",
        "n": 342,
        "op": ">",
        "predicted_count": 32,
        "predicted_rate": 0.0935672514619883,
        "success_false_positive_rate": 0.04075235109717868,
        "successes": 319,
        "threshold": 0.0
      },
      {
        "failure_capture_rate": 0.8260869565217391,
        "failure_precision": 0.5757575757575758,
        "failures": 23,
        "feature": "final_norm_input_gap",
        "gate": "final_norm_input_gap_gt_-0.5",
        "gate_score": 0.7821998091863159,
        "kind": "pre_final_norm",
        "n": 342,
        "op": ">",
        "predicted_count": 33,
        "predicted_rate": 0.09649122807017543,
        "success_false_positive_rate": 0.0438871473354232,
        "successes": 319,
        "threshold": -0.5
      },
      {
        "failure_capture_rate": 0.8260869565217391,
        "failure_precision": 0.5757575757575758,
        "failures": 23,
        "feature": "last_layer_gap",
        "gate": "last_layer_gap_gt_-0.5",
        "gate_score": 0.7821998091863159,
        "kind": "late_residual",
        "n": 342,
        "op": ">",
        "predicted_count": 33,
        "predicted_rate": 0.09649122807017543,
        "success_false_positive_rate": 0.0438871473354232,
        "successes": 319,
        "threshold": -0.5
      },
      {
        "failure_capture_rate": 0.8260869565217391,
        "failure_precision": 0.4318181818181818,
        "failures": 23,
        "feature": "final_norm_input_rank",
        "gate": "final_norm_input_rank_gt_1",
        "gate_score": 0.7477170505656263,
        "kind": "pre_final_norm",
        "n": 342,
        "op": ">",
        "predicted_count": 44,
        "predicted_rate": 0.1286549707602339,
        "success_false_positive_rate": 0.07836990595611286,
        "successes": 319,
        "threshold": 1.0
      },
      {
        "failure_capture_rate": 0.8260869565217391,
        "failure_precision": 0.3958333333333333,
        "failures": 23,
        "feature": "mid_to_late_shift",
        "gate": "mid_to_late_shift_gt_-0.007812",
        "gate_score": 0.7351778656126482,
        "kind": "late_residual",
        "n": 342,
        "op": ">",
        "predicted_count": 48,
        "predicted_rate": 0.14035087719298245,
        "success_false_positive_rate": 0.09090909090909091,
        "successes": 319,
        "threshold": -0.0078125
      },
      {
        "failure_capture_rate": 0.8260869565217391,
        "failure_precision": 0.3958333333333333,
        "failures": 23,
        "feature": "mid_to_late_shift",
        "gate": "mid_to_late_shift_gt_0",
        "gate_score": 0.7351778656126482,
        "kind": "late_residual",
        "n": 342,
        "op": ">",
        "predicted_count": 48,
        "predicted_rate": 0.14035087719298245,
        "success_false_positive_rate": 0.09090909090909091,
        "successes": 319,
        "threshold": 0.0
      },
      {
        "failure_capture_rate": 0.8260869565217391,
        "failure_precision": 0.2878787878787879,
        "failures": 23,
        "feature": "final_norm_input_gap",
        "gate": "final_norm_input_gap_gt_-12.75",
        "gate_score": 0.678751533324247,
        "kind": "pre_final_norm",
        "n": 342,
        "op": ">",
        "predicted_count": 66,
        "predicted_rate": 0.19298245614035087,
        "success_false_positive_rate": 0.14733542319749215,
        "successes": 319,
        "threshold": -12.75
      },
      {
        "failure_capture_rate": 0.8260869565217391,
        "failure_precision": 0.2878787878787879,
        "failures": 23,
        "feature": "last_layer_gap",
        "gate": "last_layer_gap_gt_-12.75",
        "gate_score": 0.678751533324247,
        "kind": "late_residual",
        "n": 342,
        "op": ">",
        "predicted_count": 66,
        "predicted_rate": 0.19298245614035087,
        "success_false_positive_rate": 0.14733542319749215,
        "successes": 319,
        "threshold": -12.75
      },
      {
        "failure_capture_rate": 0.8260869565217391,
        "failure_precision": 0.23170731707317074,
        "failures": 23,
        "feature": "mid_to_late_shift",
        "gate": "mid_to_late_shift_gt_-11.89",
        "gate_score": 0.6285947935123347,
        "kind": "late_residual",
        "n": 342,
        "op": ">",
        "predicted_count": 82,
        "predicted_rate": 0.23976608187134502,
        "success_false_positive_rate": 0.1974921630094044,
        "successes": 319,
        "threshold": -11.892578125
      },
      {
        "failure_capture_rate": 0.8260869565217391,
        "failure_precision": 0.21839080459770116,
        "failures": 23,
        "feature": "max_layer_gap",
        "gate": "max_layer_gap_gt_3.754",
        "gate_score": 0.6129208123211122,
        "kind": "trajectory",
        "n": 342,
        "op": ">",
        "predicted_count": 87,
        "predicted_rate": 0.2543859649122807,
        "success_false_positive_rate": 0.21316614420062696,
        "successes": 319,
        "threshold": 3.75390625
      },
      {
        "failure_capture_rate": 0.782608695652174,
        "failure_precision": 0.24,
        "failures": 23,
        "feature": "positive_layer_count",
        "gate": "positive_layer_count_gt_7",
        "gate_score": 0.6039253100722366,
        "kind": "trajectory",
        "n": 342,
        "op": ">",
        "predicted_count": 75,
        "predicted_rate": 0.21929824561403508,
        "success_false_positive_rate": 0.1786833855799373,
        "successes": 319,
        "threshold": 7.0
      },
      {
        "failure_capture_rate": 0.8260869565217391,
        "failure_precision": 0.16666666666666666,
        "failures": 23,
        "feature": "min_layer_gap",
        "gate": "min_layer_gap_gt_-22.75",
        "gate_score": 0.5282813138885103,
        "kind": "trajectory",
        "n": 342,
        "op": ">",
        "predicted_count": 114,
        "predicted_rate": 0.3333333333333333,
        "success_false_positive_rate": 0.29780564263322884,
        "successes": 319,
        "threshold": -22.75
      },
      {
        "failure_capture_rate": 0.8260869565217391,
        "failure_precision": 0.1484375,
        "failures": 23,
        "feature": "positive_layer_count",
        "gate": "positive_layer_count_gt_3",
        "gate_score": 0.4843941665530871,
        "kind": "trajectory",
        "n": 342,
        "op": ">",
        "predicted_count": 128,
        "predicted_rate": 0.3742690058479532,
        "success_false_positive_rate": 0.34169278996865204,
        "successes": 319,
        "threshold": 3.0
      },
      {
        "failure_capture_rate": 0.782608695652174,
        "failure_precision": 0.15254237288135594,
        "failures": 23,
        "feature": "first_positive_layer_frac",
        "gate": "first_positive_layer_frac_lt_0.5143",
        "gate_score": 0.4691290718277225,
        "kind": "trajectory",
        "n": 342,
        "op": "<",
        "predicted_count": 118,
        "predicted_rate": 0.34502923976608185,
        "success_false_positive_rate": 0.31347962382445144,
        "successes": 319,
        "threshold": 0.5142857142857142
      },
      {
        "failure_capture_rate": 0.8695652173913043,
        "failure_precision": 0.11904761904761904,
        "failures": 23,
        "feature": "max_layer_gap",
        "gate": "max_layer_gap_gt_0.1484",
        "gate_score": 0.40561537413111626,
        "kind": "trajectory",
        "n": 342,
        "op": ">",
        "predicted_count": 168,
        "predicted_rate": 0.49122807017543857,
        "success_false_positive_rate": 0.46394984326018807,
        "successes": 319,
        "threshold": 0.1484375
      },
      {
        "failure_capture_rate": 0.9565217391304348,
        "failure_precision": 0.1111111111111111,
        "failures": 23,
        "feature": "min_layer_gap",
        "gate": "min_layer_gap_gt_-45.62",
        "gate_score": 0.40479760119940034,
        "kind": "trajectory",
        "n": 342,
        "op": ">",
        "predicted_count": 198,
        "predicted_rate": 0.5789473684210527,
        "success_false_positive_rate": 0.5517241379310345,
        "successes": 319,
        "threshold": -45.625
      },
      {
        "failure_capture_rate": 0.782608695652174,
        "failure_precision": 0.125,
        "failures": 23,
        "feature": "first_positive_layer_frac",
        "gate": "first_positive_layer_frac_lt_0.6286",
        "gate_score": 0.38762436963336516,
        "kind": "trajectory",
        "n": 342,
        "op": "<",
        "predicted_count": 144,
        "predicted_rate": 0.42105263157894735,
        "success_false_positive_rate": 0.3949843260188088,
        "successes": 319,
        "threshold": 0.6285714285714286
      },
      {
        "failure_capture_rate": 0.8695652173913043,
        "failure_precision": 0.11494252873563218,
        "failures": 23,
        "feature": "mid_to_late_shift",
        "gate": "mid_to_late_shift_gt_-21.66",
        "gate_score": 0.38680659670164913,
        "kind": "late_residual",
        "n": 342,
        "op": ">",
        "predicted_count": 174,
        "predicted_rate": 0.5087719298245614,
        "success_false_positive_rate": 0.4827586206896552,
        "successes": 319,
        "threshold": -21.65625
      },
      {
        "failure_capture_rate": 0.9130434782608695,
        "failure_precision": 0.1099476439790576,
        "failures": 23,
        "feature": "max_layer_gap",
        "gate": "max_layer_gap_gt_0",
        "gate_score": 0.3801281177593021,
        "kind": "trajectory",
        "n": 342,
        "op": ">",
        "predicted_count": 191,
        "predicted_rate": 0.5584795321637427,
        "success_false_positive_rate": 0.5329153605015674,
        "successes": 319,
        "threshold": 0.0
      },
      {
        "failure_capture_rate": 0.9130434782608695,
        "failure_precision": 0.1099476439790576,
        "failures": 23,
        "feature": "positive_layer_count",
        "gate": "positive_layer_count_gt_0",
        "gate_score": 0.3801281177593021,
        "kind": "trajectory",
        "n": 342,
        "op": ">",
        "predicted_count": 191,
        "predicted_rate": 0.5584795321637427,
        "success_false_positive_rate": 0.5329153605015674,
        "successes": 319,
        "threshold": 0.0
      },
      {
        "failure_capture_rate": 0.9130434782608695,
        "failure_precision": 0.1099476439790576,
        "failures": 23,
        "feature": "positive_layer_count",
        "gate": "positive_layer_count_gt_0.5",
        "gate_score": 0.3801281177593021,
        "kind": "trajectory",
        "n": 342,
        "op": ">",
        "predicted_count": 191,
        "predicted_rate": 0.5584795321637427,
        "success_false_positive_rate": 0.5329153605015674,
        "successes": 319,
        "threshold": 0.5
      },
      {
        "failure_capture_rate": 0.9130434782608695,
        "failure_precision": 0.1099476439790576,
        "failures": 23,
        "feature": "first_positive_layer_frac",
        "gate": "first_positive_layer_frac_lt_2",
        "gate_score": 0.3801281177593021,
        "kind": "trajectory",
        "n": 342,
        "op": "<",
        "predicted_count": 191,
        "predicted_rate": 0.5584795321637427,
        "success_false_positive_rate": 0.5329153605015674,
        "successes": 319,
        "threshold": 2.0
      },
      {
        "failure_capture_rate": 0.9130434782608695,
        "failure_precision": 0.10880829015544041,
        "failures": 23,
        "feature": "max_layer_gap",
        "gate": "max_layer_gap_gt_-0.003906",
        "gate_score": 0.37385852528281305,
        "kind": "trajectory",
        "n": 342,
        "op": ">",
        "predicted_count": 193,
        "predicted_rate": 0.564327485380117,
        "success_false_positive_rate": 0.5391849529780565,
        "successes": 319,
        "threshold": -0.00390625
      },
      {
        "failure_capture_rate": 0.8695652173913043,
        "failure_precision": 0.1092896174863388,
        "failures": 23,
        "feature": "first_positive_layer_frac",
        "gate": "first_positive_layer_frac_lt_0.7714",
        "gate_score": 0.3585934305574485,
        "kind": "trajectory",
        "n": 342,
        "op": "<",
        "predicted_count": 183,
        "predicted_rate": 0.5350877192982456,
        "success_false_positive_rate": 0.5109717868338558,
        "successes": 319,
        "threshold": 0.7714285714285715
      }
    ]
  },
  "timestamp": "2026-06-26 11:44:12",
  "title": "Pre-Readout Natural Gate and Cross-Family Generalization Audit"
}
