model,model,a,b,category_a,category_b,same_category,raw_similarity,model_centered_similarity,category_centered_similarity,group_centered_similarity,zscore_similarity,min_centered_similarity,label
qwen3,qwen3,and_or,by_phrase,logical,passive,False,0.908550,0.098201,0.152827,0.098201,-0.191665,0.098201,model_curve_artifact_candidate
qwen3,qwen3,and_or,casual,logical,style,False,0.895657,0.102591,0.362565,0.102591,0.289144,0.102591,ordinary
qwen3,qwen3,and_or,causal,logical,logical,True,0.981038,0.810491,0.715458,0.810491,0.613574,0.715458,residual_stable_reuse_candidate
qwen3,qwen3,and_or,center_embedding,logical,recursive,False,0.784899,-0.648705,-0.491000,-0.648705,-0.495905,-0.648705,ordinary
qwen3,qwen3,and_or,complement_clause,logical,recursive,False,0.891605,0.056323,0.195375,0.056323,-0.366997,0.056323,ordinary
qwen3,qwen3,and_or,concise,logical,style,False,0.547370,0.010630,0.197161,0.010630,-0.134593,0.010630,ordinary
qwen3,qwen3,and_or,conditional,logical,logical,True,0.974689,0.737937,0.589059,0.737937,0.617147,0.589059,residual_stable_reuse_candidate
qwen3,qwen3,and_or,contrast,logical,logical,True,0.979889,0.808756,0.714176,0.808756,0.514166,0.714176,residual_stable_reuse_candidate
qwen3,qwen3,and_or,dative_passive,logical,passive,False,0.935502,0.266549,0.395897,0.266549,-0.141452,0.266549,ordinary
qwen3,qwen3,and_or,deep_complement,logical,recursive,False,0.742570,-0.432623,-0.373918,-0.432623,-0.389929,-0.432623,ordinary
qwen3,qwen3,and_or,deictic_switch,logical,coreference,False,0.914245,0.014658,-0.097478,0.014658,0.338239,-0.097478,model_curve_artifact_candidate
qwen3,qwen3,and_or,double_relative,logical,recursive,False,0.853190,0.023122,0.291093,0.023122,0.026929,0.023122,ordinary
qwen3,qwen3,and_or,en_fr_phrase,logical,translation,False,0.910766,-0.031679,0.314264,-0.031679,0.500660,-0.031679,model_curve_artifact_candidate
qwen3,qwen3,and_or,en_fr_word,logical,translation,False,0.891124,-0.223168,-0.166287,-0.223168,0.242087,-0.223168,ordinary
qwen3,qwen3,and_or,en_zh_phrase,logical,translation,False,0.869040,-0.311680,-0.262857,-0.311680,0.049642,-0.311680,ordinary
qwen3,qwen3,and_or,en_zh_word,logical,translation,False,0.900922,-0.190596,0.032422,-0.190596,0.354780,-0.190596,model_curve_artifact_candidate
qwen3,qwen3,and_or,existential_no,logical,negation,False,0.941537,0.401258,0.094859,0.401258,0.068207,0.094859,ordinary
qwen3,qwen3,and_or,formal,logical,style,False,0.865493,-0.500957,-0.323578,-0.500957,-0.116832,-0.500957,ordinary
qwen3,qwen3,and_or,future_will,logical,tense,False,0.876148,-0.482720,-0.404350,-0.482720,-0.116691,-0.482720,ordinary
qwen3,qwen3,and_or,get_passive,logical,passive,False,0.863793,-0.106064,-0.172287,-0.106064,-0.445528,-0.172287,ordinary
qwen3,qwen3,and_or,he_coref,logical,coreference,False,0.865091,-0.059055,-0.176443,-0.059055,0.173705,-0.176443,ordinary
qwen3,qwen3,and_or,inference,logical,logical,True,0.974131,0.743941,0.603715,0.743941,0.458257,0.603715,residual_stable_reuse_candidate
qwen3,qwen3,and_or,it_coref,logical,coreference,False,0.754835,-0.020277,0.052607,-0.020277,-0.075752,-0.020277,ordinary
qwen3,qwen3,and_or,lexical_not_adj,logical,negation,False,0.917460,0.152938,-0.409512,0.152938,-0.129655,-0.409512,category_curve_artifact_candidate
qwen3,qwen3,and_or,long_passive,logical,passive,False,0.863467,-0.667953,-0.452378,-0.667953,-0.361890,-0.667953,ordinary
qwen3,qwen3,and_or,morphological_neg,logical,negation,False,0.992643,0.930431,0.707348,0.930431,0.855828,0.707348,residual_stable_reuse_candidate
qwen3,qwen3,and_or,negated_condition,logical,logical,True,0.857277,-0.555938,-0.556077,-0.555938,-0.212147,-0.556077,ordinary
qwen3,qwen3,and_or,nested_condition,logical,logical,True,0.772982,-0.641924,-0.745674,-0.641924,-0.564128,-0.745674,ordinary
qwen3,qwen3,and_or,nested_contrast,logical,logical,True,0.719697,-0.603487,-0.724912,-0.603487,-0.521202,-0.724912,ordinary
qwen3,qwen3,and_or,nested_passive,logical,passive,False,0.829273,-0.628003,-0.545230,-0.628003,-0.365043,-0.628003,ordinary
qwen3,qwen3,and_or,never,logical,negation,False,0.949550,0.428433,0.077223,0.428433,0.203508,0.077223,ordinary
qwen3,qwen3,and_or,no_agent,logical,passive,False,0.965781,0.689151,0.674671,0.689151,0.518236,0.674671,residual_stable_reuse_candidate
qwen3,qwen3,and_or,past_simple,logical,tense,False,0.919397,0.071808,0.491408,0.071808,0.627817,0.071808,model_curve_artifact_candidate
qwen3,qwen3,and_or,perfect,logical,tense,False,0.874125,-0.465320,-0.353076,-0.465320,-0.086758,-0.465320,ordinary
qwen3,qwen3,and_or,poetic,logical,style,False,0.885740,-0.427808,-0.291343,-0.427808,-0.152947,-0.427808,ordinary
qwen3,qwen3,and_or,possessive_chain,logical,recursive,False,0.879497,0.026213,0.143355,0.026213,-0.296785,0.026213,ordinary
qwen3,qwen3,and_or,pp_chain,logical,recursive,False,0.903908,0.048527,0.178885,0.048527,-0.386572,0.048527,model_curve_artifact_candidate
qwen3,qwen3,and_or,progressive,logical,tense,False,0.876127,-0.517599,-0.434689,-0.517599,-0.132616,-0.517599,ordinary
qwen3,qwen3,and_or,relative_clause,logical,recursive,False,0.882138,0.094192,0.241435,0.094192,-0.266893,0.094192,ordinary
qwen3,qwen3,and_or,scope_quantifier,logical,negation,False,0.941799,0.354029,-0.148233,0.354029,-0.078839,-0.148233,category_curve_artifact_candidate
qwen3,qwen3,and_or,she_coref,logical,coreference,False,0.917676,0.133599,0.186651,0.133599,0.456036,0.133599,ordinary
qwen3,qwen3,and_or,syntactic_do_not,logical,negation,False,0.854268,-0.081757,-0.564153,-0.081757,-0.403879,-0.564153,ordinary
qwen3,qwen3,and_or,target_language_switch,logical,translation,False,0.893845,-0.051795,0.128865,-0.051795,0.301252,-0.051795,ordinary
qwen3,qwen3,and_or,they_coref,logical,coreference,False,0.881344,0.085447,0.171894,0.085447,0.264161,0.085447,ordinary
qwen3,qwen3,by_phrase,casual,passive,style,False,0.796418,-0.796270,-0.282305,-0.796270,-0.639075,-0.796270,ordinary
qwen3,qwen3,by_phrase,causal,passive,logical,False,0.925740,0.236506,0.221706,0.236506,-0.047281,0.221706,ordinary
qwen3,qwen3,by_phrase,center_embedding,passive,recursive,False,0.902363,0.251288,0.108923,0.251288,0.499803,0.108923,ordinary
qwen3,qwen3,by_phrase,complement_clause,passive,recursive,False,0.962184,0.668345,0.567361,0.668345,0.249590,0.567361,residual_stable_reuse_candidate
qwen3,qwen3,by_phrase,concise,passive,style,False,0.410862,-0.480553,-0.150642,-0.480553,-0.520136,-0.480553,stable_differentiation_candidate
qwen3,qwen3,by_phrase,conditional,passive,logical,False,0.936609,0.320063,0.220432,0.320063,-0.009165,0.220432,ordinary
qwen3,qwen3,by_phrase,contrast,passive,logical,False,0.912719,0.150201,0.122478,0.150201,-0.129903,0.122478,ordinary
qwen3,qwen3,by_phrase,dative_passive,passive,passive,True,0.973228,0.694346,0.250110,0.694346,0.360558,0.250110,residual_stable_reuse_candidate
qwen3,qwen3,by_phrase,deep_complement,passive,recursive,False,0.760555,-0.347441,-0.524760,-0.347441,-0.305854,-0.524760,ordinary
qwen3,qwen3,by_phrase,deictic_switch,passive,coreference,False,0.880732,-0.416276,0.329872,-0.416276,0.079212,-0.416276,ordinary
qwen3,qwen3,by_phrase,double_relative,passive,recursive,False,0.755442,-0.694883,-0.564045,-0.694883,-0.584712,-0.694883,ordinary
qwen3,qwen3,by_phrase,en_fr_phrase,passive,translation,False,0.885540,-0.366496,-0.119764,-0.366496,0.059796,-0.366496,ordinary
qwen3,qwen3,by_phrase,en_fr_word,passive,translation,False,0.904020,-0.106815,0.210724,-0.106815,0.285205,-0.106815,model_curve_artifact_candidate
qwen3,qwen3,by_phrase,en_zh_phrase,passive,translation,False,0.906746,0.042857,0.441582,0.042857,0.417921,0.042857,model_curve_artifact_candidate
qwen3,qwen3,by_phrase,en_zh_word,passive,translation,False,0.890607,-0.356144,0.061832,-0.356144,0.049654,-0.356144,ordinary
qwen3,qwen3,by_phrase,existential_no,passive,negation,False,0.964145,0.623404,-0.060868,0.623404,0.259877,-0.060868,category_curve_artifact_candidate
qwen3,qwen3,by_phrase,formal,passive,style,False,0.887096,-0.292228,0.289660,-0.292228,-0.081893,-0.292228,ordinary
qwen3,qwen3,by_phrase,future_will,passive,tense,False,0.907981,-0.127083,0.168182,-0.127083,0.122831,-0.127083,model_curve_artifact_candidate
qwen3,qwen3,by_phrase,get_passive,passive,passive,True,0.943907,0.544908,0.068141,0.544908,0.134434,0.068141,ordinary
qwen3,qwen3,by_phrase,he_coref,passive,coreference,False,0.834224,-0.332702,0.135700,-0.332702,-0.069115,-0.332702,ordinary
qwen3,qwen3,by_phrase,inference,passive,logical,False,0.917313,0.160313,0.066983,0.160313,-0.149841,0.066983,ordinary
qwen3,qwen3,by_phrase,it_coref,passive,coreference,False,0.643738,-0.607368,-0.192615,-0.607368,-0.552417,-0.607368,stable_differentiation_candidate
qwen3,qwen3,by_phrase,lexical_not_adj,passive,negation,False,0.983157,0.823381,0.135264,0.823381,0.355048,0.135264,ordinary
qwen3,qwen3,by_phrase,long_passive,passive,passive,True,0.915890,-0.046108,-0.485100,-0.046108,0.405939,-0.485100,model_curve_artifact_candidate
qwen3,qwen3,by_phrase,morphological_neg,passive,negation,False,0.908427,0.112169,-0.367406,0.112169,-0.151416,-0.367406,category_curve_artifact_candidate
qwen3,qwen3,by_phrase,negated_condition,passive,logical,False,0.908006,-0.027216,-0.129007,-0.027216,0.335861,-0.129007,model_curve_artifact_candidate
qwen3,qwen3,by_phrase,nested_condition,passive,logical,False,0.878745,0.124466,-0.023939,0.124466,0.153398,-0.023939,ordinary
qwen3,qwen3,by_phrase,nested_contrast,passive,logical,False,0.805621,-0.096536,-0.261641,-0.096536,-0.150699,-0.261641,ordinary
qwen3,qwen3,by_phrase,nested_passive,passive,passive,True,0.914959,0.169939,-0.310122,0.169939,0.511268,-0.310122,category_curve_artifact_candidate
qwen3,qwen3,by_phrase,never,passive,negation,False,0.979928,0.774009,0.002002,0.774009,0.476299,0.002002,category_curve_artifact_candidate
qwen3,qwen3,by_phrase,no_agent,passive,passive,True,0.910535,0.166723,-0.104622,0.166723,-0.215961,-0.104622,category_curve_artifact_candidate
qwen3,qwen3,by_phrase,past_simple,passive,tense,False,0.875497,-0.484773,-0.328646,-0.484773,-0.066310,-0.484773,ordinary
qwen3,qwen3,by_phrase,perfect,passive,tense,False,0.907005,-0.108398,0.190302,-0.108398,0.157011,-0.108398,model_curve_artifact_candidate
qwen3,qwen3,by_phrase,poetic,passive,style,False,0.887020,-0.453369,0.184613,-0.453369,-0.132902,-0.453369,ordinary
qwen3,qwen3,by_phrase,possessive_chain,passive,recursive,False,0.927780,0.411493,0.354039,0.411493,0.031125,0.354039,residual_stable_reuse_candidate
qwen3,qwen3,by_phrase,pp_chain,passive,recursive,False,0.966443,0.659528,0.598112,0.659528,0.219941,0.598112,residual_stable_reuse_candidate
qwen3,qwen3,by_phrase,progressive,passive,tense,False,0.917513,-0.030090,0.428672,-0.030090,0.310107,-0.030090,model_curve_artifact_candidate
qwen3,qwen3,by_phrase,relative_clause,passive,recursive,False,0.910413,0.304554,0.139289,0.304554,-0.167462,0.139289,ordinary
qwen3,qwen3,by_phrase,scope_quantifier,passive,negation,False,0.981352,0.793235,0.072539,0.793235,0.545538,0.072539,ordinary
qwen3,qwen3,by_phrase,she_coref,passive,coreference,False,0.839979,-0.731312,0.078679,-0.731312,-0.333678,-0.731312,ordinary
qwen3,qwen3,by_phrase,syntactic_do_not,passive,negation,False,0.972511,0.819376,0.328122,0.819376,0.624843,0.328122,residual_stable_reuse_candidate
qwen3,qwen3,by_phrase,target_language_switch,passive,translation,False,0.832676,-0.698752,-0.421247,-0.698752,-0.577650,-0.698752,ordinary
qwen3,qwen3,by_phrase,they_coref,passive,coreference,False,0.775316,-0.787676,-0.319930,-0.787676,-0.648526,-0.787676,ordinary
qwen3,qwen3,casual,causal,style,logical,False,0.882623,-0.048067,0.365059,-0.048067,0.096679,-0.048067,ordinary
qwen3,qwen3,casual,center_embedding,style,recursive,False,0.794777,-0.427686,-0.182565,-0.427686,-0.549818,-0.427686,ordinary
qwen3,qwen3,casual,complement_clause,style,recursive,False,0.795195,-0.610233,-0.083026,-0.610233,-0.204094,-0.610233,ordinary
qwen3,qwen3,casual,concise,style,style,True,0.728061,0.608700,-0.293905,0.608700,0.494496,-0.293905,ordinary
qwen3,qwen3,casual,conditional,style,logical,False,0.877185,-0.140434,0.421610,-0.140434,0.113516,-0.140434,ordinary
qwen3,qwen3,casual,contrast,style,logical,False,0.885368,0.024405,0.393127,0.024405,0.121828,0.024405,ordinary
qwen3,qwen3,casual,dative_passive,style,passive,False,0.850441,-0.521958,0.140720,-0.521958,-0.335513,-0.521958,ordinary
qwen3,qwen3,casual,deep_complement,style,recursive,False,0.828706,0.142860,-0.067827,0.142860,-0.001367,-0.067827,ordinary
qwen3,qwen3,casual,deictic_switch,style,coreference,False,0.937719,0.390444,0.029043,0.390444,-0.028741,0.029043,category_curve_artifact_candidate
qwen3,qwen3,casual,double_relative,style,recursive,False,0.947568,0.692542,0.309477,0.692542,0.607689,0.309477,residual_stable_reuse_candidate
qwen3,qwen3,casual,en_fr_phrase,style,translation,False,0.927205,0.276728,0.246860,0.276728,0.049589,0.246860,ordinary
qwen3,qwen3,casual,en_fr_word,style,translation,False,0.893601,-0.049093,-0.102057,-0.049093,-0.235561,-0.102057,ordinary
qwen3,qwen3,casual,en_zh_phrase,style,translation,False,0.873308,-0.130359,-0.298508,-0.130359,-0.289722,-0.298508,ordinary
qwen3,qwen3,casual,en_zh_word,style,translation,False,0.933926,0.331210,0.010208,0.331210,0.112550,0.010208,category_curve_artifact_candidate
qwen3,qwen3,casual,existential_no,style,negation,False,0.837981,-0.481729,0.012082,-0.481729,-0.151985,-0.481729,ordinary
qwen3,qwen3,casual,formal,style,style,True,0.906609,0.090389,-0.143374,0.090389,-0.042030,-0.143374,model_curve_artifact_candidate
qwen3,qwen3,casual,future_will,style,tense,False,0.894683,-0.095142,-0.459773,-0.095142,-0.046415,-0.459773,ordinary
qwen3,qwen3,casual,get_passive,style,passive,False,0.799325,-0.479987,-0.198422,-0.479987,-0.133454,-0.479987,ordinary
qwen3,qwen3,casual,he_coref,style,coreference,False,0.897644,0.269083,0.106454,0.269083,-0.021852,0.106454,ordinary
qwen3,qwen3,casual,inference,style,logical,False,0.887846,0.009892,0.375454,0.009892,0.094235,0.009892,ordinary
qwen3,qwen3,casual,it_coref,style,coreference,False,0.891444,0.657145,-0.287415,0.657145,0.488052,-0.287415,ordinary
qwen3,qwen3,casual,lexical_not_adj,style,negation,False,0.812563,-0.718243,-0.224430,-0.718243,-0.331229,-0.718243,ordinary
qwen3,qwen3,casual,long_passive,style,passive,False,0.890011,-0.164632,-0.047095,-0.164632,-0.434717,-0.164632,ordinary
qwen3,qwen3,casual,morphological_neg,style,negation,False,0.899576,0.148992,0.568261,0.148992,0.325959,0.148992,ordinary
qwen3,qwen3,casual,negated_condition,style,logical,False,0.889391,-0.061556,-0.226302,-0.061556,-0.248290,-0.226302,ordinary
qwen3,qwen3,casual,nested_condition,style,logical,False,0.793951,-0.355615,-0.422331,-0.355615,-0.327785,-0.422331,ordinary
qwen3,qwen3,casual,nested_contrast,style,logical,False,0.774323,-0.175188,-0.393592,-0.175188,-0.134450,-0.393592,ordinary
qwen3,qwen3,casual,nested_passive,style,passive,False,0.851195,-0.270610,-0.095275,-0.270610,-0.362507,-0.270610,ordinary
qwen3,qwen3,casual,never,style,negation,False,0.835825,-0.681647,-0.122589,-0.681647,-0.434490,-0.681647,ordinary
qwen3,qwen3,casual,no_agent,style,passive,False,0.865818,-0.099176,0.368110,-0.099176,0.041251,-0.099176,ordinary
qwen3,qwen3,casual,past_simple,style,tense,False,0.940979,0.423417,0.527981,0.423417,0.197903,0.423417,residual_stable_reuse_candidate
qwen3,qwen3,casual,perfect,style,tense,False,0.893507,-0.081400,-0.304223,-0.081400,-0.091695,-0.304223,ordinary
qwen3,qwen3,casual,poetic,style,style,True,0.916660,0.115947,0.020088,0.115947,-0.031436,0.020088,category_curve_artifact_candidate
qwen3,qwen3,casual,possessive_chain,style,recursive,False,0.807565,-0.414949,-0.020509,-0.414949,-0.191696,-0.414949,ordinary
qwen3,qwen3,casual,pp_chain,style,recursive,False,0.814514,-0.642213,-0.096793,-0.642213,-0.373266,-0.642213,ordinary
qwen3,qwen3,casual,progressive,style,tense,False,0.890859,-0.160036,-0.519450,-0.160036,-0.167234,-0.519450,ordinary
qwen3,qwen3,casual,relative_clause,style,recursive,False,0.812317,-0.321307,0.017324,-0.321307,0.093274,-0.321307,ordinary
qwen3,qwen3,casual,scope_quantifier,style,negation,False,0.831365,-0.680077,0.068604,-0.680077,-0.505123,-0.680077,ordinary
qwen3,qwen3,casual,she_coref,style,coreference,False,0.976077,0.792761,0.295298,0.792761,0.480987,0.295298,residual_stable_reuse_candidate
qwen3,qwen3,casual,syntactic_do_not,style,negation,False,0.738934,-0.778065,-0.476549,-0.778065,-0.618663,-0.778065,ordinary
qwen3,qwen3,casual,target_language_switch,style,translation,False,0.961857,0.669414,0.160910,0.669414,0.623750,0.160910,ordinary
qwen3,qwen3,casual,they_coref,style,coreference,False,0.983341,0.886478,0.180910,0.886478,0.701674,0.180910,ordinary
qwen3,qwen3,causal,center_embedding,logical,recursive,False,0.794346,-0.633312,-0.427261,-0.633312,-0.515488,-0.633312,ordinary
qwen3,qwen3,causal,complement_clause,logical,recursive,False,0.893239,0.035805,0.228657,0.035805,-0.489568,0.035805,ordinary
qwen3,qwen3,causal,concise,logical,style,False,0.502961,-0.163717,0.005046,-0.163717,-0.264871,-0.163717,stable_differentiation_candidate
qwen3,qwen3,causal,conditional,logical,logical,True,0.982558,0.810051,0.694763,0.810051,0.745161,0.694763,residual_stable_reuse_candidate
qwen3,qwen3,causal,contrast,logical,logical,True,0.989937,0.901661,0.849965,0.901661,0.636189,0.849965,residual_stable_reuse_candidate
qwen3,qwen3,causal,dative_passive,logical,passive,False,0.950888,0.414443,0.447028,0.414443,0.089160,0.414443,residual_stable_reuse_candidate
qwen3,qwen3,causal,deep_complement,logical,recursive,False,0.735602,-0.520595,-0.464502,-0.520595,-0.395296,-0.520595,ordinary
qwen3,qwen3,causal,deictic_switch,logical,coreference,False,0.916141,-0.012192,0.072213,-0.012192,0.287206,-0.012192,model_curve_artifact_candidate
qwen3,qwen3,causal,double_relative,logical,recursive,False,0.832956,-0.153877,0.140166,-0.153877,-0.132002,-0.153877,ordinary
qwen3,qwen3,causal,en_fr_phrase,logical,translation,False,0.916092,-0.018517,0.148962,-0.018517,0.448140,-0.018517,model_curve_artifact_candidate
qwen3,qwen3,causal,en_fr_word,logical,translation,False,0.906445,-0.100307,-0.073634,-0.100307,0.348731,-0.100307,model_curve_artifact_candidate
qwen3,qwen3,causal,en_zh_phrase,logical,translation,False,0.887323,-0.177220,-0.144415,-0.177220,0.236241,-0.177220,ordinary
qwen3,qwen3,causal,en_zh_word,logical,translation,False,0.916119,-0.056697,0.179070,-0.056697,0.541803,-0.056697,model_curve_artifact_candidate
qwen3,qwen3,causal,existential_no,logical,negation,False,0.946073,0.422498,-0.014743,0.422498,0.049571,-0.014743,category_curve_artifact_candidate
qwen3,qwen3,causal,formal,logical,style,False,0.866661,-0.557162,-0.187745,-0.557162,-0.265023,-0.557162,ordinary
qwen3,qwen3,causal,future_will,logical,tense,False,0.891518,-0.360500,-0.330145,-0.360500,-0.036994,-0.360500,ordinary
qwen3,qwen3,causal,get_passive,logical,passive,False,0.874476,-0.054600,-0.233094,-0.054600,-0.466214,-0.233094,ordinary
qwen3,qwen3,causal,he_coref,logical,coreference,False,0.874395,-0.018641,0.037475,-0.018641,0.250367,-0.018641,ordinary
qwen3,qwen3,causal,inference,logical,logical,True,0.986240,0.857855,0.774448,0.857855,0.722421,0.774448,residual_stable_reuse_candidate
qwen3,qwen3,causal,it_coref,logical,coreference,False,0.715578,-0.249390,-0.206045,-0.249390,-0.238679,-0.249390,ordinary
qwen3,qwen3,causal,lexical_not_adj,logical,negation,False,0.934702,0.299914,-0.236408,0.299914,-0.069064,-0.236408,category_curve_artifact_candidate
qwen3,qwen3,causal,long_passive,logical,passive,False,0.877682,-0.565529,-0.480452,-0.565529,-0.231073,-0.565529,ordinary
qwen3,qwen3,causal,morphological_neg,logical,negation,False,0.989392,0.896904,0.584749,0.896904,0.806908,0.584749,residual_stable_reuse_candidate
qwen3,qwen3,causal,negated_condition,logical,logical,True,0.855712,-0.644807,-0.656090,-0.644807,-0.416384,-0.656090,ordinary
qwen3,qwen3,causal,nested_condition,logical,logical,True,0.778543,-0.658296,-0.777975,-0.658296,-0.602339,-0.777975,ordinary
qwen3,qwen3,causal,nested_contrast,logical,logical,True,0.717565,-0.669047,-0.815762,-0.669047,-0.608658,-0.815762,ordinary
qwen3,qwen3,causal,nested_passive,logical,passive,False,0.839587,-0.593373,-0.630525,-0.593373,-0.347235,-0.630525,ordinary
qwen3,qwen3,causal,never,logical,negation,False,0.958672,0.507377,0.071822,0.507377,0.275314,0.071822,ordinary
qwen3,qwen3,causal,no_agent,logical,passive,False,0.983294,0.845612,0.754001,0.845612,0.749113,0.754001,residual_stable_reuse_candidate
qwen3,qwen3,causal,past_simple,logical,tense,False,0.928220,0.132228,0.435223,0.132228,0.663801,0.132228,ordinary
qwen3,qwen3,causal,perfect,logical,tense,False,0.889607,-0.345572,-0.280691,-0.345572,-0.005523,-0.345572,ordinary
qwen3,qwen3,causal,poetic,logical,style,False,0.894440,-0.384902,-0.068929,-0.384902,-0.116392,-0.384902,ordinary
qwen3,qwen3,causal,possessive_chain,logical,recursive,False,0.887851,0.063255,0.273944,0.063255,-0.258819,0.063255,ordinary
qwen3,qwen3,causal,pp_chain,logical,recursive,False,0.913038,0.102052,0.340756,0.102052,-0.354016,0.102052,ordinary
qwen3,qwen3,causal,progressive,logical,tense,False,0.889931,-0.413405,-0.442234,-0.413405,-0.044826,-0.442234,ordinary
qwen3,qwen3,causal,relative_clause,logical,recursive,False,0.881374,0.057952,0.245113,0.057952,-0.391727,0.057952,ordinary
qwen3,qwen3,causal,scope_quantifier,logical,negation,False,0.951683,0.436808,-0.141642,0.436808,-0.029020,-0.141642,category_curve_artifact_candidate
qwen3,qwen3,causal,she_coref,logical,coreference,False,0.913842,0.051284,0.355006,0.051284,0.339073,0.051284,model_curve_artifact_candidate
qwen3,qwen3,causal,syntactic_do_not,logical,negation,False,0.873231,0.032374,-0.462894,0.032374,-0.261822,-0.462894,ordinary
qwen3,qwen3,causal,target_language_switch,logical,translation,False,0.896606,-0.068296,0.009109,-0.068296,0.289255,-0.068296,ordinary
qwen3,qwen3,causal,they_coref,logical,coreference,False,0.862720,-0.097927,0.011540,-0.097927,0.064938,-0.097927,ordinary
qwen3,qwen3,center_embedding,complement_clause,recursive,recursive,True,0.890171,0.231594,0.105601,0.231594,0.321846,0.105601,ordinary
qwen3,qwen3,center_embedding,concise,recursive,style,False,0.416596,-0.278400,-0.328345,-0.278400,-0.402349,-0.328345,stable_differentiation_candidate
qwen3,qwen3,center_embedding,conditional,recursive,logical,False,0.810228,-0.562736,-0.471158,-0.562736,-0.454969,-0.562736,ordinary
qwen3,qwen3,center_embedding,contrast,recursive,logical,False,0.777248,-0.689608,-0.491009,-0.689608,-0.455645,-0.689608,ordinary
qwen3,qwen3,center_embedding,dative_passive,recursive,passive,False,0.870039,-0.139152,-0.539506,-0.139152,0.111862,-0.539506,ordinary
qwen3,qwen3,center_embedding,deep_complement,recursive,recursive,True,0.828202,0.200674,-0.028381,0.200674,-0.009880,-0.028381,ordinary
qwen3,qwen3,center_embedding,deictic_switch,recursive,coreference,False,0.898482,0.125618,0.578993,0.125618,0.098239,0.125618,ordinary
qwen3,qwen3,center_embedding,double_relative,recursive,recursive,True,0.741353,-0.456278,-0.331049,-0.456278,-0.519650,-0.456278,ordinary
qwen3,qwen3,center_embedding,en_fr_phrase,recursive,translation,False,0.884670,-0.009363,-0.086649,-0.009363,-0.067908,-0.086649,ordinary
qwen3,qwen3,center_embedding,en_fr_word,recursive,translation,False,0.913425,0.279202,0.342077,0.279202,0.139437,0.279202,ordinary
qwen3,qwen3,center_embedding,en_zh_phrase,recursive,translation,False,0.924304,0.420270,0.530430,0.420270,0.268475,0.420270,residual_stable_reuse_candidate
qwen3,qwen3,center_embedding,en_zh_word,recursive,translation,False,0.887828,-0.007557,-0.097285,-0.007557,-0.226594,-0.097285,ordinary
qwen3,qwen3,center_embedding,existential_no,recursive,negation,False,0.868348,-0.052650,-0.068165,-0.052650,0.128804,-0.068165,ordinary
qwen3,qwen3,center_embedding,formal,recursive,style,False,0.911386,0.264690,0.383946,0.264690,0.057017,0.264690,ordinary
qwen3,qwen3,center_embedding,future_will,recursive,tense,False,0.926274,0.377548,0.091932,0.377548,0.214926,0.091932,ordinary
qwen3,qwen3,center_embedding,get_passive,recursive,passive,False,0.873956,0.166031,-0.316920,0.166031,0.288474,-0.316920,ordinary
qwen3,qwen3,center_embedding,he_coref,recursive,coreference,False,0.830346,-0.092397,0.250244,-0.092397,-0.224133,-0.092397,ordinary
qwen3,qwen3,center_embedding,inference,recursive,logical,False,0.792040,-0.634158,-0.517978,-0.634158,-0.485752,-0.634158,ordinary
qwen3,qwen3,center_embedding,it_coref,recursive,coreference,False,0.652941,-0.318010,-0.370384,-0.318010,-0.436722,-0.370384,stable_differentiation_candidate
qwen3,qwen3,center_embedding,lexical_not_adj,recursive,negation,False,0.883440,0.071766,0.005866,0.071766,0.166092,0.005866,ordinary
qwen3,qwen3,center_embedding,long_passive,recursive,passive,False,0.961420,0.725536,0.610366,0.725536,0.579186,0.610366,residual_stable_reuse_candidate
qwen3,qwen3,center_embedding,morphological_neg,recursive,negation,False,0.778255,-0.675776,-0.455324,-0.675776,-0.571124,-0.675776,ordinary
qwen3,qwen3,center_embedding,negated_condition,recursive,logical,False,0.956705,0.676714,0.680633,0.676714,0.570455,0.676714,residual_stable_reuse_candidate
qwen3,qwen3,center_embedding,nested_condition,recursive,logical,False,0.953325,0.722984,0.579133,0.722984,0.501924,0.579133,residual_stable_reuse_candidate
qwen3,qwen3,center_embedding,nested_contrast,recursive,logical,False,0.886554,0.471110,0.199552,0.471110,0.226732,0.199552,ordinary
qwen3,qwen3,center_embedding,nested_passive,recursive,passive,False,0.958232,0.699558,0.618153,0.699558,0.539208,0.618153,residual_stable_reuse_candidate
qwen3,qwen3,center_embedding,never,recursive,negation,False,0.875200,-0.094122,-0.131697,-0.094122,0.138147,-0.131697,ordinary
qwen3,qwen3,center_embedding,no_agent,recursive,passive,False,0.774825,-0.645521,-0.545130,-0.645521,-0.500467,-0.645521,ordinary
qwen3,qwen3,center_embedding,past_simple,recursive,tense,False,0.871616,-0.131777,-0.300442,-0.131777,-0.303009,-0.300442,ordinary
qwen3,qwen3,center_embedding,perfect,recursive,tense,False,0.929128,0.413416,0.276934,0.413416,0.277120,0.276934,residual_stable_reuse_candidate
qwen3,qwen3,center_embedding,poetic,recursive,style,False,0.917772,0.275962,0.356101,0.275962,0.134429,0.275962,ordinary
qwen3,qwen3,center_embedding,possessive_chain,recursive,recursive,True,0.850464,0.012994,-0.307332,0.012994,0.115248,-0.307332,ordinary
qwen3,qwen3,center_embedding,pp_chain,recursive,recursive,True,0.883609,0.099114,-0.086882,0.099114,0.244493,-0.086882,ordinary
qwen3,qwen3,center_embedding,progressive,recursive,tense,False,0.938113,0.490398,0.344466,0.490398,0.304328,0.344466,residual_stable_reuse_candidate
qwen3,qwen3,center_embedding,relative_clause,recursive,recursive,True,0.814344,-0.177715,-0.508227,-0.177715,-0.103452,-0.508227,ordinary
qwen3,qwen3,center_embedding,scope_quantifier,recursive,negation,False,0.888991,0.057124,0.118490,0.057124,0.496827,0.057124,ordinary
qwen3,qwen3,center_embedding,she_coref,recursive,coreference,False,0.833509,-0.373371,0.137163,-0.373371,-0.351741,-0.373371,ordinary
qwen3,qwen3,center_embedding,syntactic_do_not,recursive,negation,False,0.923695,0.531385,0.536490,0.531385,0.698634,0.531385,residual_stable_reuse_candidate
qwen3,qwen3,center_embedding,target_language_switch,recursive,translation,False,0.825298,-0.367748,-0.517131,-0.367748,-0.590879,-0.517131,ordinary
qwen3,qwen3,center_embedding,they_coref,recursive,coreference,False,0.770432,-0.459464,-0.509516,-0.459464,-0.627023,-0.509516,ordinary
qwen3,qwen3,complement_clause,concise,recursive,style,False,0.456346,-0.241388,-0.176294,-0.241388,0.032801,-0.241388,stable_differentiation_candidate
qwen3,qwen3,complement_clause,conditional,recursive,logical,False,0.911559,0.172992,0.295874,0.172992,-0.485387,0.172992,ordinary
qwen3,qwen3,complement_clause,contrast,recursive,logical,False,0.882987,-0.007677,0.182475,-0.007677,-0.352898,-0.007677,ordinary
qwen3,qwen3,complement_clause,dative_passive,recursive,passive,False,0.954047,0.554902,0.212531,0.554902,0.086715,0.212531,residual_stable_reuse_candidate
qwen3,qwen3,complement_clause,deep_complement,recursive,recursive,True,0.790340,-0.072363,-0.642741,-0.072363,-0.057706,-0.642741,ordinary
qwen3,qwen3,complement_clause,deictic_switch,recursive,coreference,False,0.850317,-0.549959,0.342216,-0.549959,-0.192926,-0.549959,ordinary
qwen3,qwen3,complement_clause,double_relative,recursive,recursive,True,0.769840,-0.439267,-0.505368,-0.439267,-0.070857,-0.505368,ordinary
qwen3,qwen3,complement_clause,en_fr_phrase,recursive,translation,False,0.848215,-0.581027,-0.036341,-0.581027,-0.403670,-0.581027,ordinary
qwen3,qwen3,complement_clause,en_fr_word,recursive,translation,False,0.865384,-0.354868,0.276568,-0.354868,-0.173684,-0.354868,ordinary
qwen3,qwen3,complement_clause,en_zh_phrase,recursive,translation,False,0.862288,-0.244496,0.347640,-0.244496,-0.112202,-0.244496,ordinary
qwen3,qwen3,complement_clause,en_zh_word,recursive,translation,False,0.849786,-0.622579,-0.082470,-0.622579,-0.447592,-0.622579,ordinary
qwen3,qwen3,complement_clause,existential_no,recursive,negation,False,0.953448,0.578385,0.104073,0.578385,0.322638,0.104073,ordinary
qwen3,qwen3,complement_clause,formal,recursive,style,False,0.875494,-0.240517,0.264714,-0.240517,0.041544,-0.240517,ordinary
qwen3,qwen3,complement_clause,future_will,recursive,tense,False,0.882171,-0.249914,0.118636,-0.249914,0.088428,-0.249914,ordinary
qwen3,qwen3,complement_clause,get_passive,recursive,passive,False,0.957960,0.688312,0.159344,0.688312,0.556727,0.159344,ordinary
qwen3,qwen3,complement_clause,he_coref,recursive,coreference,False,0.801474,-0.435154,0.178898,-0.435154,-0.332925,-0.435154,ordinary
qwen3,qwen3,complement_clause,inference,recursive,logical,False,0.892476,0.039424,0.145813,0.039424,-0.456361,0.039424,ordinary
qwen3,qwen3,complement_clause,it_coref,recursive,coreference,False,0.675881,-0.329836,-0.231490,-0.329836,-0.036794,-0.329836,stable_differentiation_candidate
qwen3,qwen3,complement_clause,lexical_not_adj,recursive,negation,False,0.963742,0.674292,0.115010,0.674292,0.349436,0.115010,ordinary
qwen3,qwen3,complement_clause,long_passive,recursive,passive,False,0.895676,-0.117709,-0.430017,-0.117709,0.146670,-0.430017,ordinary
qwen3,qwen3,complement_clause,morphological_neg,recursive,negation,False,0.882424,-0.008745,-0.295915,-0.008745,-0.456527,-0.295915,ordinary
qwen3,qwen3,complement_clause,negated_condition,recursive,logical,False,0.897156,0.001531,-0.073796,0.001531,0.306224,-0.073796,ordinary
qwen3,qwen3,complement_clause,nested_condition,recursive,logical,False,0.876219,0.183557,-0.094160,0.183557,0.277937,-0.094160,ordinary
qwen3,qwen3,complement_clause,nested_contrast,recursive,logical,False,0.827661,0.110900,-0.359202,0.110900,0.165733,-0.359202,ordinary
qwen3,qwen3,complement_clause,nested_passive,recursive,passive,False,0.897329,0.114319,-0.240532,0.114319,0.172191,-0.240532,ordinary
qwen3,qwen3,complement_clause,never,recursive,negation,False,0.957503,0.590758,0.026268,0.590758,0.109871,0.026268,category_curve_artifact_candidate
qwen3,qwen3,complement_clause,no_agent,recursive,passive,False,0.884837,0.046140,-0.015522,0.046140,-0.314026,-0.015522,ordinary
qwen3,qwen3,complement_clause,past_simple,recursive,tense,False,0.842008,-0.644342,-0.175161,-0.644342,-0.489875,-0.644342,ordinary
qwen3,qwen3,complement_clause,perfect,recursive,tense,False,0.877054,-0.273357,0.067326,-0.273357,-0.006829,-0.273357,ordinary
qwen3,qwen3,complement_clause,poetic,recursive,style,False,0.870975,-0.432671,0.123904,-0.432671,-0.065742,-0.432671,ordinary
qwen3,qwen3,complement_clause,possessive_chain,recursive,recursive,True,0.920603,0.411457,0.006650,0.411457,0.047268,0.006650,category_curve_artifact_candidate
qwen3,qwen3,complement_clause,pp_chain,recursive,recursive,True,0.962630,0.671455,0.488730,0.671455,0.480336,0.488730,residual_stable_reuse_candidate
qwen3,qwen3,complement_clause,progressive,recursive,tense,False,0.888080,-0.208912,0.236498,-0.208912,0.090071,-0.208912,ordinary
qwen3,qwen3,complement_clause,relative_clause,recursive,recursive,True,0.928806,0.497339,0.194239,0.497339,0.451305,0.194239,ordinary
qwen3,qwen3,complement_clause,scope_quantifier,recursive,negation,False,0.961580,0.638246,0.081444,0.638246,0.355811,0.081444,ordinary
qwen3,qwen3,complement_clause,she_coref,recursive,coreference,False,0.822334,-0.689108,0.215803,-0.689108,-0.295941,-0.689108,ordinary
qwen3,qwen3,complement_clause,syntactic_do_not,recursive,negation,False,0.951335,0.673106,0.148682,0.673106,0.335077,0.148682,ordinary
qwen3,qwen3,complement_clause,target_language_switch,recursive,translation,False,0.811940,-0.685515,-0.371267,-0.685515,-0.512164,-0.685515,ordinary
qwen3,qwen3,complement_clause,they_coref,recursive,coreference,False,0.772928,-0.619569,-0.434869,-0.619569,-0.345475,-0.619569,ordinary
qwen3,qwen3,concise,conditional,style,logical,False,0.482483,-0.263860,-0.093650,-0.263860,-0.239770,-0.263860,stable_differentiation_candidate
qwen3,qwen3,concise,contrast,style,logical,False,0.518326,-0.084167,0.097165,-0.084167,-0.134652,-0.084167,stable_differentiation_candidate
qwen3,qwen3,concise,dative_passive,style,passive,False,0.476033,-0.354080,0.093547,-0.354080,-0.252409,-0.354080,stable_differentiation_candidate
qwen3,qwen3,concise,deep_complement,style,recursive,False,0.569511,0.229976,0.171504,0.229976,0.452632,0.171504,ordinary
qwen3,qwen3,concise,deictic_switch,style,coreference,False,0.557646,-0.014600,-0.585660,-0.014600,-0.407413,-0.585660,stable_differentiation_candidate
qwen3,qwen3,concise,double_relative,style,recursive,False,0.725208,0.570483,0.401440,0.570483,0.637593,0.401440,ordinary
qwen3,qwen3,concise,en_fr_phrase,style,translation,False,0.515397,-0.195280,-0.051670,-0.195280,-0.479246,-0.195280,stable_differentiation_candidate
qwen3,qwen3,concise,en_fr_word,style,translation,False,0.455507,-0.421151,-0.425440,-0.421151,-0.626407,-0.425440,stable_differentiation_candidate
qwen3,qwen3,concise,en_zh_phrase,style,translation,False,0.453042,-0.342207,-0.261297,-0.342207,-0.512065,-0.342207,stable_differentiation_candidate
qwen3,qwen3,concise,en_zh_word,style,translation,False,0.545322,-0.084821,0.174142,-0.084821,-0.377941,-0.084821,stable_differentiation_candidate
qwen3,qwen3,concise,existential_no,style,negation,False,0.482234,-0.252029,0.135285,-0.252029,-0.200149,-0.252029,stable_differentiation_candidate
qwen3,qwen3,concise,formal,style,style,True,0.567834,0.039041,-0.808360,0.039041,0.068009,-0.808360,ordinary
qwen3,qwen3,concise,future_will,style,tense,False,0.488609,-0.329100,-0.104912,-0.329100,-0.313376,-0.329100,stable_differentiation_candidate
qwen3,qwen3,concise,get_passive,style,passive,False,0.460294,-0.190085,0.152343,-0.190085,0.077882,-0.190085,stable_differentiation_candidate
qwen3,qwen3,concise,he_coref,style,coreference,False,0.504762,-0.045378,-0.491532,-0.045378,0.069589,-0.491532,stable_differentiation_candidate
qwen3,qwen3,concise,inference,style,logical,False,0.524859,-0.079509,0.113075,-0.079509,-0.110786,-0.079509,stable_differentiation_candidate
qwen3,qwen3,concise,it_coref,style,coreference,False,0.840602,0.784349,0.690305,0.784349,0.870778,0.690305,ordinary
qwen3,qwen3,concise,lexical_not_adj,style,negation,False,0.430858,-0.442224,-0.198126,-0.442224,-0.268858,-0.442224,stable_differentiation_candidate
qwen3,qwen3,concise,long_passive,style,passive,False,0.497730,-0.301463,-0.091654,-0.301463,-0.476772,-0.301463,stable_differentiation_candidate
qwen3,qwen3,concise,morphological_neg,style,negation,False,0.546948,0.014890,0.292540,0.014890,-0.151262,0.014890,ordinary
qwen3,qwen3,concise,negated_condition,style,logical,False,0.525181,-0.121622,-0.102309,-0.121622,-0.289373,-0.121622,stable_differentiation_candidate
qwen3,qwen3,concise,nested_condition,style,logical,False,0.440792,-0.178036,-0.128983,-0.178036,0.070617,-0.178036,stable_differentiation_candidate
qwen3,qwen3,concise,nested_contrast,style,logical,False,0.467290,0.001138,0.013484,0.001138,0.343133,0.001138,ordinary
qwen3,qwen3,concise,nested_passive,style,passive,False,0.452149,-0.311534,-0.136508,-0.311534,-0.343887,-0.311534,stable_differentiation_candidate
qwen3,qwen3,concise,never,style,negation,False,0.456673,-0.438389,-0.169966,-0.438389,-0.477284,-0.438389,stable_differentiation_candidate
qwen3,qwen3,concise,no_agent,style,passive,False,0.480667,-0.188920,0.105680,-0.188920,-0.212508,-0.188920,stable_differentiation_candidate
qwen3,qwen3,concise,past_simple,style,tense,False,0.526155,-0.148780,0.146997,-0.148780,-0.423702,-0.148780,stable_differentiation_candidate
qwen3,qwen3,concise,perfect,style,tense,False,0.484460,-0.326852,-0.107162,-0.326852,-0.382774,-0.326852,stable_differentiation_candidate
qwen3,qwen3,concise,poetic,style,style,True,0.547720,-0.089497,-0.871407,-0.089497,-0.037720,-0.871407,stable_differentiation_candidate
qwen3,qwen3,concise,possessive_chain,style,recursive,False,0.475895,-0.142522,-0.123707,-0.142522,0.138818,-0.142522,stable_differentiation_candidate
qwen3,qwen3,concise,pp_chain,style,recursive,False,0.472320,-0.265752,-0.235254,-0.265752,-0.007874,-0.265752,stable_differentiation_candidate
qwen3,qwen3,concise,progressive,style,tense,False,0.484176,-0.365713,-0.142931,-0.365713,-0.439283,-0.365713,stable_differentiation_candidate
qwen3,qwen3,concise,relative_clause,style,recursive,False,0.504294,-0.039435,0.024290,-0.039435,0.382035,-0.039435,stable_differentiation_candidate
qwen3,qwen3,concise,scope_quantifier,style,negation,False,0.442804,-0.470520,-0.223034,-0.470520,-0.506923,-0.470520,stable_differentiation_candidate
qwen3,qwen3,concise,she_coref,style,coreference,False,0.652094,0.375200,-0.362262,0.375200,0.001745,-0.362262,ordinary
qwen3,qwen3,concise,syntactic_do_not,style,negation,False,0.377526,-0.370204,-0.123583,-0.370204,-0.343557,-0.370204,stable_differentiation_candidate
qwen3,qwen3,concise,target_language_switch,style,translation,False,0.620170,0.259357,0.397038,0.259357,0.385413,0.259357,ordinary
qwen3,qwen3,concise,they_coref,style,coreference,False,0.750068,0.653805,0.402548,0.653805,0.615876,0.402548,ordinary
qwen3,qwen3,conditional,contrast,logical,logical,True,0.978564,0.782528,0.654356,0.782528,0.530007,0.654356,residual_stable_reuse_candidate
qwen3,qwen3,conditional,dative_passive,logical,passive,False,0.963924,0.546921,0.521923,0.546921,0.151394,0.521923,residual_stable_reuse_candidate
qwen3,qwen3,conditional,deep_complement,logical,recursive,False,0.756772,-0.432849,-0.456563,-0.432849,-0.233287,-0.456563,ordinary
qwen3,qwen3,conditional,deictic_switch,logical,coreference,False,0.906166,-0.192729,-0.000891,-0.192729,0.181709,-0.192729,model_curve_artifact_candidate
qwen3,qwen3,conditional,double_relative,logical,recursive,False,0.836179,-0.167768,0.041682,-0.167768,-0.056232,-0.167768,ordinary
qwen3,qwen3,conditional,en_fr_phrase,logical,translation,False,0.914946,-0.087003,0.249611,-0.087003,0.400474,-0.087003,model_curve_artifact_candidate
qwen3,qwen3,conditional,en_fr_word,logical,translation,False,0.905486,-0.167764,-0.004448,-0.167764,0.279281,-0.167764,model_curve_artifact_candidate
qwen3,qwen3,conditional,en_zh_phrase,logical,translation,False,0.878322,-0.328711,-0.276983,-0.328711,0.023390,-0.328711,ordinary
qwen3,qwen3,conditional,en_zh_word,logical,translation,False,0.907899,-0.225084,0.005624,-0.225084,0.365975,-0.225084,model_curve_artifact_candidate
qwen3,qwen3,conditional,existential_no,logical,negation,False,0.952394,0.466688,0.016859,0.466688,-0.020183,0.016859,category_curve_artifact_candidate
qwen3,qwen3,conditional,formal,logical,style,False,0.870325,-0.588338,-0.076977,-0.588338,-0.306055,-0.588338,ordinary
qwen3,qwen3,conditional,future_will,logical,tense,False,0.890576,-0.444344,-0.341143,-0.444344,-0.252173,-0.444344,ordinary
qwen3,qwen3,conditional,get_passive,logical,passive,False,0.901630,0.149262,-0.020729,0.149262,-0.286765,-0.020729,category_curve_artifact_candidate
qwen3,qwen3,conditional,he_coref,logical,coreference,False,0.876030,-0.041073,0.126902,-0.041073,0.234730,-0.041073,ordinary
qwen3,qwen3,conditional,inference,logical,logical,True,0.982284,0.810113,0.680375,0.810113,0.703669,0.680375,residual_stable_reuse_candidate
qwen3,qwen3,conditional,it_coref,logical,coreference,False,0.711864,-0.303933,-0.216184,-0.303933,-0.178461,-0.303933,ordinary
qwen3,qwen3,conditional,lexical_not_adj,logical,negation,False,0.943562,0.366976,-0.155487,0.366976,-0.115475,-0.155487,category_curve_artifact_candidate
qwen3,qwen3,conditional,long_passive,logical,passive,False,0.885379,-0.542879,-0.604321,-0.542879,-0.277776,-0.604321,ordinary
qwen3,qwen3,conditional,morphological_neg,logical,negation,False,0.979909,0.797738,0.437397,0.797738,0.748567,0.437397,residual_stable_reuse_candidate
qwen3,qwen3,conditional,negated_condition,logical,logical,True,0.868429,-0.571679,-0.639759,-0.571679,-0.335353,-0.639759,ordinary
qwen3,qwen3,conditional,nested_condition,logical,logical,True,0.796105,-0.580259,-0.749843,-0.580259,-0.604866,-0.749843,ordinary
qwen3,qwen3,conditional,nested_contrast,logical,logical,True,0.756313,-0.469498,-0.632715,-0.469498,-0.411305,-0.632715,ordinary
qwen3,qwen3,conditional,nested_passive,logical,passive,False,0.863760,-0.412096,-0.522626,-0.412096,-0.152304,-0.522626,ordinary
qwen3,qwen3,conditional,never,logical,negation,False,0.965356,0.563562,0.142416,0.563562,0.225359,0.142416,ordinary
qwen3,qwen3,conditional,no_agent,logical,passive,False,0.972573,0.736915,0.550173,0.736915,0.602321,0.550173,residual_stable_reuse_candidate
qwen3,qwen3,conditional,past_simple,logical,tense,False,0.924604,0.039145,0.436740,0.039145,0.594935,0.039145,model_curve_artifact_candidate
qwen3,qwen3,conditional,perfect,logical,tense,False,0.887788,-0.437869,-0.332309,-0.437869,-0.186296,-0.437869,ordinary
qwen3,qwen3,conditional,poetic,logical,style,False,0.891647,-0.499535,-0.031592,-0.499535,-0.282069,-0.499535,ordinary
qwen3,qwen3,conditional,possessive_chain,logical,recursive,False,0.900083,0.138679,0.249839,0.138679,-0.150606,0.138679,ordinary
qwen3,qwen3,conditional,pp_chain,logical,recursive,False,0.923297,0.173141,0.280291,0.173141,-0.379004,0.173141,ordinary
qwen3,qwen3,conditional,progressive,logical,tense,False,0.890681,-0.478407,-0.384208,-0.478407,-0.227492,-0.478407,ordinary
qwen3,qwen3,conditional,relative_clause,logical,recursive,False,0.909248,0.264304,0.453985,0.264304,-0.239832,0.264304,ordinary
qwen3,qwen3,conditional,scope_quantifier,logical,negation,False,0.960161,0.510831,-0.028843,0.510831,-0.069605,-0.028843,category_curve_artifact_candidate
qwen3,qwen3,conditional,she_coref,logical,coreference,False,0.906272,-0.081128,0.322701,-0.081128,0.281918,-0.081128,model_curve_artifact_candidate
qwen3,qwen3,conditional,syntactic_do_not,logical,negation,False,0.882710,0.078407,-0.444167,0.078407,-0.262127,-0.444167,ordinary
qwen3,qwen3,conditional,target_language_switch,logical,translation,False,0.897805,-0.102947,0.089588,-0.102947,0.288223,-0.102947,ordinary
qwen3,qwen3,conditional,they_coref,logical,coreference,False,0.857397,-0.183505,0.005388,-0.183505,0.137112,-0.183505,ordinary
qwen3,qwen3,contrast,dative_passive,logical,passive,False,0.944524,0.382027,0.465087,0.382027,0.014690,0.382027,ordinary
qwen3,qwen3,contrast,deep_complement,logical,recursive,False,0.722166,-0.540735,-0.488658,-0.540735,-0.290866,-0.540735,ordinary
qwen3,qwen3,contrast,deictic_switch,logical,coreference,False,0.909997,-0.019732,-0.034376,-0.019732,0.170552,-0.034376,model_curve_artifact_candidate
qwen3,qwen3,contrast,double_relative,logical,recursive,False,0.843499,-0.035266,0.274752,-0.035266,-0.028256,-0.035266,ordinary
qwen3,qwen3,contrast,en_fr_phrase,logical,translation,False,0.911172,-0.011519,0.220624,-0.011519,0.299282,-0.011519,model_curve_artifact_candidate
qwen3,qwen3,contrast,en_fr_word,logical,translation,False,0.895358,-0.158432,-0.152048,-0.158432,0.172059,-0.158432,ordinary
qwen3,qwen3,contrast,en_zh_phrase,logical,translation,False,0.873244,-0.253475,-0.252716,-0.253475,0.064458,-0.253475,ordinary
qwen3,qwen3,contrast,en_zh_word,logical,translation,False,0.907448,-0.093090,0.134597,-0.093090,0.331068,-0.093090,model_curve_artifact_candidate
qwen3,qwen3,contrast,existential_no,logical,negation,False,0.941243,0.406488,0.087700,0.406488,0.010855,0.087700,ordinary
qwen3,qwen3,contrast,formal,logical,style,False,0.856265,-0.583035,-0.290546,-0.583035,-0.247260,-0.583035,ordinary
qwen3,qwen3,contrast,future_will,logical,tense,False,0.887334,-0.326478,-0.292144,-0.326478,-0.044235,-0.326478,ordinary
qwen3,qwen3,contrast,get_passive,logical,passive,False,0.862826,-0.102134,-0.262219,-0.102134,-0.340566,-0.262219,ordinary
qwen3,qwen3,contrast,he_coref,logical,coreference,False,0.872301,0.008696,-0.001526,0.008696,0.163970,-0.001526,ordinary
qwen3,qwen3,contrast,inference,logical,logical,True,0.988545,0.888670,0.826587,0.888670,0.562514,0.826587,residual_stable_reuse_candidate
qwen3,qwen3,contrast,it_coref,logical,coreference,False,0.724678,-0.163868,-0.127804,-0.163868,-0.119249,-0.163868,ordinary
qwen3,qwen3,contrast,lexical_not_adj,logical,negation,False,0.923681,0.227426,-0.261411,0.227426,-0.065920,-0.261411,category_curve_artifact_candidate
qwen3,qwen3,contrast,long_passive,logical,passive,False,0.866845,-0.602319,-0.485195,-0.602319,-0.240662,-0.602319,ordinary
qwen3,qwen3,contrast,morphological_neg,logical,negation,False,0.983418,0.844826,0.592580,0.844826,0.572559,0.592580,residual_stable_reuse_candidate
qwen3,qwen3,contrast,negated_condition,logical,logical,True,0.849912,-0.614902,-0.637201,-0.614902,-0.287153,-0.637201,ordinary
qwen3,qwen3,contrast,nested_condition,logical,logical,True,0.767875,-0.661926,-0.787509,-0.661926,-0.451825,-0.787509,ordinary
qwen3,qwen3,contrast,nested_contrast,logical,logical,True,0.704684,-0.678785,-0.830257,-0.678785,-0.452185,-0.830257,ordinary
qwen3,qwen3,contrast,nested_passive,logical,passive,False,0.824383,-0.654238,-0.677381,-0.654238,-0.355061,-0.677381,ordinary
qwen3,qwen3,contrast,never,logical,negation,False,0.949213,0.434242,0.065372,0.434242,0.141213,0.065372,ordinary
qwen3,qwen3,contrast,no_agent,logical,passive,False,0.989737,0.908337,0.868878,0.908337,0.590706,0.868878,residual_stable_reuse_candidate
qwen3,qwen3,contrast,past_simple,logical,tense,False,0.925974,0.162369,0.451471,0.162369,0.457680,0.162369,ordinary
qwen3,qwen3,contrast,perfect,logical,tense,False,0.884618,-0.322211,-0.281306,-0.322211,-0.025960,-0.322211,ordinary
qwen3,qwen3,contrast,poetic,logical,style,False,0.885685,-0.406868,-0.158220,-0.406868,-0.146293,-0.406868,ordinary
qwen3,qwen3,contrast,possessive_chain,logical,recursive,False,0.871673,-0.026960,0.140490,-0.026960,-0.236990,-0.026960,ordinary
qwen3,qwen3,contrast,pp_chain,logical,recursive,False,0.907107,0.091875,0.348592,0.091875,-0.236403,0.091875,model_curve_artifact_candidate
qwen3,qwen3,contrast,progressive,logical,tense,False,0.883026,-0.409879,-0.513940,-0.409879,-0.067046,-0.513940,ordinary
qwen3,qwen3,contrast,relative_clause,logical,recursive,False,0.879767,0.084658,0.306971,0.084658,-0.264214,0.084658,ordinary
qwen3,qwen3,contrast,scope_quantifier,logical,negation,False,0.944620,0.395706,-0.059239,0.395706,-0.067172,-0.059239,category_curve_artifact_candidate
qwen3,qwen3,contrast,she_coref,logical,coreference,False,0.915037,0.117890,0.332088,0.117890,0.274880,0.117890,ordinary
qwen3,qwen3,contrast,syntactic_do_not,logical,negation,False,0.855234,-0.063778,-0.551221,-0.063778,-0.278060,-0.551221,ordinary
qwen3,qwen3,contrast,target_language_switch,logical,translation,False,0.896769,-0.009889,0.118543,-0.009889,0.221625,-0.009889,ordinary
qwen3,qwen3,contrast,they_coref,logical,coreference,False,0.867066,-0.016656,0.068760,-0.016656,0.115843,-0.016656,ordinary
qwen3,qwen3,dative_passive,deep_complement,passive,recursive,False,0.799644,-0.228405,-0.259919,-0.228405,-0.030633,-0.259919,ordinary
qwen3,qwen3,dative_passive,deictic_switch,passive,coreference,False,0.893592,-0.508521,-0.215492,-0.508521,-0.128889,-0.508521,ordinary
qwen3,qwen3,dative_passive,double_relative,passive,recursive,False,0.820991,-0.384458,-0.036449,-0.384458,-0.130535,-0.384458,ordinary
qwen3,qwen3,dative_passive,en_fr_phrase,passive,translation,False,0.899051,-0.440515,0.096109,-0.440515,-0.094513,-0.440515,ordinary
qwen3,qwen3,dative_passive,en_fr_word,passive,translation,False,0.900965,-0.361174,-0.174700,-0.361174,-0.074381,-0.361174,model_curve_artifact_candidate
qwen3,qwen3,dative_passive,en_zh_phrase,passive,translation,False,0.888665,-0.338909,-0.222933,-0.338909,-0.063316,-0.338909,ordinary
qwen3,qwen3,dative_passive,en_zh_word,passive,translation,False,0.899631,-0.495554,0.117654,-0.495554,-0.171634,-0.495554,ordinary
qwen3,qwen3,dative_passive,existential_no,passive,negation,False,0.961190,0.525217,0.022960,0.525217,-0.009648,0.022960,category_curve_artifact_candidate
qwen3,qwen3,dative_passive,formal,passive,style,False,0.897192,-0.398905,-0.099039,-0.398905,-0.106902,-0.398905,ordinary
qwen3,qwen3,dative_passive,future_will,passive,tense,False,0.909618,-0.333184,-0.000067,-0.333184,0.008700,-0.333184,model_curve_artifact_candidate
qwen3,qwen3,dative_passive,get_passive,passive,passive,True,0.950445,0.569272,0.117234,0.569272,0.144528,0.117234,ordinary
qwen3,qwen3,dative_passive,he_coref,passive,coreference,False,0.869678,-0.186215,0.058075,-0.186215,0.133107,-0.186215,ordinary
qwen3,qwen3,dative_passive,inference,passive,logical,False,0.953176,0.451289,0.524760,0.451289,0.148302,0.451289,residual_stable_reuse_candidate
qwen3,qwen3,dative_passive,it_coref,passive,coreference,False,0.706483,-0.420253,0.053715,-0.420253,-0.198568,-0.420253,ordinary
qwen3,qwen3,dative_passive,lexical_not_adj,passive,negation,False,0.970962,0.646216,-0.079445,0.646216,0.081927,-0.079445,category_curve_artifact_candidate
qwen3,qwen3,dative_passive,long_passive,passive,passive,True,0.915113,-0.277867,-0.662543,-0.277867,0.116342,-0.662543,model_curve_artifact_candidate
qwen3,qwen3,dative_passive,morphological_neg,passive,negation,False,0.936563,0.294187,0.212314,0.294187,-0.093824,0.212314,ordinary
qwen3,qwen3,dative_passive,negated_condition,passive,logical,False,0.903063,-0.283904,-0.506803,-0.283904,0.094448,-0.506803,model_curve_artifact_candidate
qwen3,qwen3,dative_passive,nested_condition,passive,logical,False,0.858876,-0.156097,-0.484379,-0.156097,-0.024098,-0.484379,ordinary
qwen3,qwen3,dative_passive,nested_contrast,passive,logical,False,0.815961,-0.141336,-0.363908,-0.141336,-0.057111,-0.363908,ordinary
qwen3,qwen3,dative_passive,nested_passive,passive,passive,True,0.903408,-0.094507,-0.653978,-0.094507,0.266720,-0.653978,model_curve_artifact_candidate
qwen3,qwen3,dative_passive,never,passive,negation,False,0.975315,0.650229,0.055802,0.650229,0.178646,0.055802,ordinary
qwen3,qwen3,dative_passive,no_agent,passive,passive,True,0.943695,0.408184,0.341938,0.408184,0.050923,0.341938,residual_stable_reuse_candidate
qwen3,qwen3,dative_passive,past_simple,passive,tense,False,0.896481,-0.473845,0.075307,-0.473845,-0.156732,-0.473845,ordinary
qwen3,qwen3,dative_passive,perfect,passive,tense,False,0.908175,-0.311909,0.014756,-0.311909,0.038991,-0.311909,model_curve_artifact_candidate
qwen3,qwen3,dative_passive,poetic,passive,style,False,0.899448,-0.560709,-0.170684,-0.560709,-0.319803,-0.560709,ordinary
qwen3,qwen3,dative_passive,possessive_chain,passive,recursive,False,0.932930,0.398099,0.213832,0.398099,0.042970,0.213832,ordinary
qwen3,qwen3,dative_passive,pp_chain,passive,recursive,False,0.971928,0.676718,0.474313,0.676718,0.329382,0.474313,residual_stable_reuse_candidate
qwen3,qwen3,dative_passive,progressive,passive,tense,False,0.911154,-0.344897,-0.191303,-0.344897,0.014122,-0.344897,model_curve_artifact_candidate
qwen3,qwen3,dative_passive,relative_clause,passive,recursive,False,0.935033,0.460513,0.354542,0.460513,0.074389,0.354542,residual_stable_reuse_candidate
qwen3,qwen3,dative_passive,scope_quantifier,passive,negation,False,0.971875,0.614936,-0.098289,0.614936,0.080035,-0.098289,category_curve_artifact_candidate
qwen3,qwen3,dative_passive,she_coref,passive,coreference,False,0.877344,-0.565413,-0.050595,-0.565413,-0.302000,-0.565413,ordinary
qwen3,qwen3,dative_passive,syntactic_do_not,passive,negation,False,0.939394,0.533640,-0.181203,0.533640,0.344556,-0.181203,category_curve_artifact_candidate
qwen3,qwen3,dative_passive,target_language_switch,passive,translation,False,0.871990,-0.522371,0.175867,-0.522371,-0.322489,-0.522371,ordinary
qwen3,qwen3,dative_passive,they_coref,passive,coreference,False,0.833482,-0.509913,0.115303,-0.509913,-0.236171,-0.509913,ordinary
qwen3,qwen3,deep_complement,deictic_switch,recursive,coreference,False,0.802031,-0.214784,-0.338228,-0.214784,-0.484335,-0.338228,ordinary
qwen3,qwen3,deep_complement,double_relative,recursive,recursive,True,0.831859,0.277476,0.176591,0.277476,0.383302,0.176591,ordinary
qwen3,qwen3,deep_complement,en_fr_phrase,recursive,translation,False,0.795989,-0.264014,-0.155804,-0.264014,-0.545599,-0.264014,ordinary
qwen3,qwen3,deep_complement,en_fr_word,recursive,translation,False,0.791181,-0.269392,-0.260098,-0.269392,-0.550975,-0.269392,ordinary
qwen3,qwen3,deep_complement,en_zh_phrase,recursive,translation,False,0.778516,-0.250384,-0.207062,-0.250384,-0.535757,-0.250384,ordinary
qwen3,qwen3,deep_complement,en_zh_word,recursive,translation,False,0.813226,-0.166004,0.134133,-0.166004,-0.467506,-0.166004,ordinary
qwen3,qwen3,deep_complement,existential_no,recursive,negation,False,0.754487,-0.425879,-0.099545,-0.425879,-0.447669,-0.425879,ordinary
qwen3,qwen3,deep_complement,formal,recursive,style,False,0.857191,0.201536,-0.190083,0.201536,0.055662,-0.190083,ordinary
qwen3,qwen3,deep_complement,future_will,recursive,tense,False,0.812842,-0.162151,-0.054198,-0.162151,-0.408235,-0.162151,ordinary
qwen3,qwen3,deep_complement,get_passive,recursive,passive,False,0.836989,0.214358,0.138999,0.214358,0.303777,0.138999,ordinary
qwen3,qwen3,deep_complement,he_coref,recursive,coreference,False,0.776972,-0.069454,-0.167574,-0.069454,-0.069329,-0.167574,ordinary
qwen3,qwen3,deep_complement,inference,recursive,logical,False,0.746734,-0.437766,-0.420638,-0.437766,-0.167315,-0.437766,ordinary
qwen3,qwen3,deep_complement,it_coref,recursive,coreference,False,0.776893,0.313354,0.283096,0.313354,0.489971,0.283096,ordinary
qwen3,qwen3,deep_complement,lexical_not_adj,recursive,negation,False,0.767590,-0.342919,-0.061769,-0.342919,-0.264420,-0.342919,ordinary
qwen3,qwen3,deep_complement,long_passive,recursive,passive,False,0.851009,0.120475,0.393357,0.120475,-0.186078,0.120475,ordinary
qwen3,qwen3,deep_complement,morphological_neg,recursive,negation,False,0.731482,-0.480918,0.073458,-0.480918,-0.428410,-0.480918,ordinary
qwen3,qwen3,deep_complement,negated_condition,recursive,logical,False,0.842748,0.111514,0.214916,0.111514,-0.173684,0.111514,ordinary
qwen3,qwen3,deep_complement,nested_condition,recursive,logical,False,0.860702,0.379672,0.339031,0.379672,0.327874,0.339031,ordinary
qwen3,qwen3,deep_complement,nested_contrast,recursive,logical,False,0.927235,0.723329,0.606428,0.723329,0.781052,0.606428,residual_stable_reuse_candidate
qwen3,qwen3,deep_complement,nested_passive,recursive,passive,False,0.835570,0.130865,0.322886,0.130865,-0.042614,0.130865,ordinary
qwen3,qwen3,deep_complement,never,recursive,negation,False,0.763582,-0.495202,-0.129733,-0.495202,-0.417434,-0.495202,ordinary
qwen3,qwen3,deep_complement,no_agent,recursive,passive,False,0.722827,-0.488793,-0.266772,-0.488793,-0.270108,-0.488793,ordinary
qwen3,qwen3,deep_complement,past_simple,recursive,tense,False,0.793232,-0.282475,0.058304,-0.282475,-0.552188,-0.282475,ordinary
qwen3,qwen3,deep_complement,perfect,recursive,tense,False,0.809660,-0.164304,-0.024822,-0.164304,-0.387771,-0.164304,ordinary
qwen3,qwen3,deep_complement,poetic,recursive,style,False,0.880397,0.344781,-0.087509,0.344781,0.083714,-0.087509,ordinary
qwen3,qwen3,deep_complement,possessive_chain,recursive,recursive,True,0.866037,0.364213,-0.079948,0.364213,0.593797,-0.079948,ordinary
qwen3,qwen3,deep_complement,pp_chain,recursive,recursive,True,0.825979,0.052721,-0.569543,0.052721,0.202438,-0.569543,ordinary
qwen3,qwen3,deep_complement,progressive,recursive,tense,False,0.814813,-0.164528,-0.063059,-0.164528,-0.490470,-0.164528,ordinary
qwen3,qwen3,deep_complement,relative_clause,recursive,recursive,True,0.805540,0.083087,-0.484341,0.083087,0.352156,-0.484341,ordinary
qwen3,qwen3,deep_complement,scope_quantifier,recursive,negation,False,0.771208,-0.408022,-0.016164,-0.408022,-0.320439,-0.408022,ordinary
qwen3,qwen3,deep_complement,she_coref,recursive,coreference,False,0.805529,-0.118430,-0.366080,-0.118430,-0.354751,-0.366080,ordinary
qwen3,qwen3,deep_complement,syntactic_do_not,recursive,negation,False,0.761222,-0.105505,0.075279,-0.105505,-0.036312,-0.105505,ordinary
qwen3,qwen3,deep_complement,target_language_switch,recursive,translation,False,0.833408,0.098302,0.328169,0.098302,0.134863,0.098302,ordinary
qwen3,qwen3,deep_complement,they_coref,recursive,coreference,False,0.850953,0.304720,0.415097,0.304720,0.329469,0.304720,ordinary
qwen3,qwen3,deictic_switch,double_relative,coreference,recursive,False,0.874407,0.065491,-0.472956,0.065491,-0.311675,-0.472956,ordinary
qwen3,qwen3,deictic_switch,en_fr_phrase,coreference,translation,False,0.977532,0.677742,0.145258,0.677742,0.474339,0.145258,ordinary
qwen3,qwen3,deictic_switch,en_fr_word,coreference,translation,False,0.967804,0.555577,0.539346,0.555577,0.398314,0.539346,residual_stable_reuse_candidate
qwen3,qwen3,deictic_switch,en_zh_phrase,coreference,translation,False,0.962051,0.549571,0.573770,0.549571,0.377309,0.549571,residual_stable_reuse_candidate
qwen3,qwen3,deictic_switch,en_zh_word,coreference,translation,False,0.972839,0.594072,-0.158342,0.594072,0.363730,-0.158342,category_curve_artifact_candidate
qwen3,qwen3,deictic_switch,existential_no,coreference,negation,False,0.898257,-0.263377,0.033651,-0.263377,0.191894,-0.263377,ordinary
qwen3,qwen3,deictic_switch,formal,coreference,style,False,0.933562,0.091745,0.420094,0.091745,-0.087833,0.091745,model_curve_artifact_candidate
qwen3,qwen3,deictic_switch,future_will,coreference,tense,False,0.954719,0.328930,-0.047560,0.328930,0.135375,-0.047560,category_curve_artifact_candidate
qwen3,qwen3,deictic_switch,get_passive,coreference,passive,False,0.827812,-0.656664,-0.258515,-0.656664,-0.344781,-0.656664,ordinary
qwen3,qwen3,deictic_switch,he_coref,coreference,coreference,True,0.928476,0.380153,0.270818,0.380153,0.042947,0.270818,ordinary
qwen3,qwen3,deictic_switch,inference,coreference,logical,False,0.909120,-0.082071,-0.069529,-0.082071,0.141311,-0.082071,model_curve_artifact_candidate
qwen3,qwen3,deictic_switch,it_coref,coreference,coreference,True,0.771048,-0.028453,-0.756471,-0.028453,-0.408216,-0.756471,ordinary
qwen3,qwen3,deictic_switch,lexical_not_adj,coreference,negation,False,0.877681,-0.522444,0.012993,-0.522444,-0.023514,-0.522444,ordinary
qwen3,qwen3,deictic_switch,long_passive,coreference,passive,False,0.959063,0.381402,0.169199,0.381402,0.273239,0.169199,ordinary
qwen3,qwen3,deictic_switch,morphological_neg,coreference,negation,False,0.914290,0.034843,-0.302922,0.034843,0.296249,-0.302922,model_curve_artifact_candidate
qwen3,qwen3,deictic_switch,negated_condition,coreference,logical,False,0.941462,0.221767,0.105598,0.221767,0.096800,0.105598,ordinary
qwen3,qwen3,deictic_switch,nested_condition,coreference,logical,False,0.867708,-0.080779,0.170377,-0.080779,-0.267379,-0.080779,ordinary
qwen3,qwen3,deictic_switch,nested_contrast,coreference,logical,False,0.798693,-0.272867,-0.147619,-0.272867,-0.411350,-0.272867,ordinary
qwen3,qwen3,deictic_switch,nested_passive,coreference,passive,False,0.921929,0.115643,0.143225,0.115643,0.041099,0.115643,ordinary
qwen3,qwen3,deictic_switch,never,coreference,negation,False,0.899174,-0.436048,-0.140969,-0.436048,0.185581,-0.436048,ordinary
qwen3,qwen3,deictic_switch,no_agent,coreference,passive,False,0.899502,-0.084330,-0.127576,-0.084330,0.214082,-0.127576,ordinary
qwen3,qwen3,deictic_switch,past_simple,coreference,tense,False,0.984221,0.774199,-0.065210,0.774199,0.541896,-0.065210,category_curve_artifact_candidate
qwen3,qwen3,deictic_switch,perfect,coreference,tense,False,0.953836,0.337039,-0.026320,0.337039,0.139677,-0.026320,category_curve_artifact_candidate
qwen3,qwen3,deictic_switch,poetic,coreference,style,False,0.960416,0.384896,0.657862,0.384896,0.163200,0.384896,ordinary
qwen3,qwen3,deictic_switch,possessive_chain,coreference,recursive,False,0.829430,-0.634585,0.022830,-0.634585,-0.382704,-0.634585,ordinary
qwen3,qwen3,deictic_switch,pp_chain,coreference,recursive,False,0.868158,-0.574536,0.366306,-0.574536,-0.247540,-0.574536,ordinary
qwen3,qwen3,deictic_switch,progressive,coreference,tense,False,0.958968,0.376739,0.222094,0.376739,0.195426,0.222094,ordinary
qwen3,qwen3,deictic_switch,relative_clause,coreference,recursive,False,0.815511,-0.683445,-0.183853,-0.683445,-0.385129,-0.683445,ordinary
qwen3,qwen3,deictic_switch,scope_quantifier,coreference,negation,False,0.898015,-0.404394,0.090682,-0.404394,0.120735,-0.404394,ordinary
qwen3,qwen3,deictic_switch,she_coref,coreference,coreference,True,0.971185,0.634462,0.488530,0.634462,0.293591,0.488530,residual_stable_reuse_candidate
qwen3,qwen3,deictic_switch,syntactic_do_not,coreference,negation,False,0.840916,-0.378961,0.321157,-0.378961,-0.058617,-0.378961,ordinary
qwen3,qwen3,deictic_switch,target_language_switch,coreference,translation,False,0.939411,0.283469,-0.750782,0.283469,-0.038581,-0.750782,category_curve_artifact_candidate
qwen3,qwen3,deictic_switch,they_coref,coreference,coreference,True,0.913160,0.247555,-0.541527,0.247555,-0.182320,-0.541527,category_curve_artifact_candidate
qwen3,qwen3,double_relative,en_fr_phrase,recursive,translation,False,0.883903,0.143416,0.211143,0.143416,-0.269630,0.143416,ordinary
qwen3,qwen3,double_relative,en_fr_word,recursive,translation,False,0.841695,-0.188323,-0.436246,-0.188323,-0.506235,-0.436246,ordinary
qwen3,qwen3,double_relative,en_zh_phrase,recursive,translation,False,0.810455,-0.316348,-0.525001,-0.316348,-0.639340,-0.525001,ordinary
qwen3,qwen3,double_relative,en_zh_word,recursive,translation,False,0.882128,0.107700,0.173418,0.107700,-0.250787,0.107700,ordinary
qwen3,qwen3,double_relative,existential_no,recursive,negation,False,0.796329,-0.447567,0.129737,-0.447567,-0.331658,-0.447567,ordinary
qwen3,qwen3,double_relative,formal,recursive,style,False,0.889755,0.212690,-0.448556,0.212690,0.150859,-0.448556,ordinary
qwen3,qwen3,double_relative,future_will,recursive,tense,False,0.865387,-0.036004,-0.176238,-0.036004,-0.120104,-0.176238,ordinary
qwen3,qwen3,double_relative,get_passive,recursive,passive,False,0.768708,-0.368642,-0.419745,-0.368642,-0.026713,-0.419745,ordinary
qwen3,qwen3,double_relative,he_coref,recursive,coreference,False,0.849328,0.134139,-0.287245,0.134139,-0.095399,-0.287245,ordinary
qwen3,qwen3,double_relative,inference,recursive,logical,False,0.847015,-0.041857,0.215911,-0.041857,0.006237,-0.041857,ordinary
qwen3,qwen3,double_relative,it_coref,recursive,coreference,False,0.879589,0.612600,0.278079,0.612600,0.648817,0.278079,ordinary
qwen3,qwen3,double_relative,lexical_not_adj,recursive,negation,False,0.774946,-0.608799,-0.275441,-0.608799,-0.304067,-0.608799,ordinary
qwen3,qwen3,double_relative,long_passive,recursive,passive,False,0.843891,-0.243783,0.248508,-0.243783,-0.468262,-0.243783,ordinary
qwen3,qwen3,double_relative,morphological_neg,recursive,negation,False,0.846384,-0.012248,0.681886,-0.012248,-0.011558,-0.012248,ordinary
qwen3,qwen3,double_relative,negated_condition,recursive,logical,False,0.846885,-0.118266,0.017174,-0.118266,-0.241506,-0.118266,ordinary
qwen3,qwen3,double_relative,nested_condition,recursive,logical,False,0.764142,-0.265657,-0.294388,-0.265657,-0.075006,-0.294388,ordinary
qwen3,qwen3,double_relative,nested_contrast,recursive,logical,False,0.765753,-0.029332,-0.224341,-0.029332,0.186380,-0.224341,ordinary
qwen3,qwen3,double_relative,nested_passive,recursive,passive,False,0.814418,-0.238784,0.100465,-0.238784,-0.261687,-0.238784,ordinary
qwen3,qwen3,double_relative,never,recursive,negation,False,0.797137,-0.592135,0.054859,-0.592135,-0.516549,-0.592135,ordinary
qwen3,qwen3,double_relative,no_agent,recursive,passive,False,0.834619,-0.062208,0.396137,-0.062208,-0.056464,-0.062208,ordinary
qwen3,qwen3,double_relative,past_simple,recursive,tense,False,0.883732,0.142983,0.376322,0.142983,-0.207608,0.142983,ordinary
qwen3,qwen3,double_relative,perfect,recursive,tense,False,0.855244,-0.103184,-0.298823,-0.103184,-0.195569,-0.298823,ordinary
qwen3,qwen3,double_relative,poetic,recursive,style,False,0.886519,0.129126,-0.513269,0.129126,-0.090629,-0.513269,ordinary
qwen3,qwen3,double_relative,possessive_chain,recursive,recursive,True,0.782259,-0.284448,-0.494345,-0.284448,0.015687,-0.494345,ordinary
qwen3,qwen3,double_relative,pp_chain,recursive,recursive,True,0.803278,-0.356236,-0.448831,-0.356236,-0.034791,-0.448831,ordinary
qwen3,qwen3,double_relative,progressive,recursive,tense,False,0.856421,-0.134234,-0.424565,-0.134234,-0.290156,-0.424565,ordinary
qwen3,qwen3,double_relative,relative_clause,recursive,recursive,True,0.822514,-0.007813,-0.110886,-0.007813,0.385618,-0.110886,ordinary
qwen3,qwen3,double_relative,scope_quantifier,recursive,negation,False,0.785517,-0.648488,-0.187645,-0.648488,-0.631324,-0.648488,ordinary
qwen3,qwen3,double_relative,she_coref,recursive,coreference,False,0.932057,0.563687,0.078666,0.563687,0.169506,0.078666,ordinary
qwen3,qwen3,double_relative,syntactic_do_not,recursive,negation,False,0.694531,-0.687566,-0.607115,-0.687566,-0.467985,-0.687566,stable_differentiation_candidate
qwen3,qwen3,double_relative,target_language_switch,recursive,translation,False,0.924215,0.514754,0.476220,0.514754,0.416405,0.476220,residual_stable_reuse_candidate
qwen3,qwen3,double_relative,they_coref,recursive,coreference,False,0.956458,0.757515,0.461309,0.757515,0.698632,0.461309,residual_stable_reuse_candidate
qwen3,qwen3,en_fr_phrase,en_fr_word,translation,translation,True,0.982753,0.760791,0.154796,0.760791,0.670081,0.154796,ordinary
qwen3,qwen3,en_fr_phrase,en_zh_phrase,translation,translation,True,0.962547,0.553661,-0.289480,0.553661,0.503097,-0.289480,category_curve_artifact_candidate
qwen3,qwen3,en_fr_phrase,en_zh_word,translation,translation,True,0.981516,0.722018,-0.309566,0.722018,0.666803,-0.309566,category_curve_artifact_candidate
qwen3,qwen3,en_fr_phrase,existential_no,translation,negation,False,0.891584,-0.354865,0.071082,-0.354865,0.070781,-0.354865,ordinary
qwen3,qwen3,en_fr_phrase,formal,translation,style,False,0.941170,0.190816,-0.120281,0.190816,-0.040298,-0.120281,category_curve_artifact_candidate
qwen3,qwen3,en_fr_phrase,future_will,translation,tense,False,0.964833,0.475317,-0.239985,0.475317,0.170412,-0.239985,category_curve_artifact_candidate
qwen3,qwen3,en_fr_phrase,get_passive,translation,passive,False,0.834568,-0.597665,-0.130702,-0.597665,-0.484549,-0.597665,ordinary
qwen3,qwen3,en_fr_phrase,he_coref,translation,coreference,False,0.936236,0.454006,0.181623,0.454006,0.116594,0.181623,ordinary
qwen3,qwen3,en_fr_phrase,inference,translation,logical,False,0.904178,-0.148188,0.144322,-0.148188,0.170381,-0.148188,model_curve_artifact_candidate
qwen3,qwen3,en_fr_phrase,it_coref,translation,coreference,False,0.750973,-0.155476,-0.260868,-0.155476,-0.496999,-0.260868,ordinary
qwen3,qwen3,en_fr_phrase,lexical_not_adj,translation,negation,False,0.891686,-0.355248,-0.030109,-0.355248,0.024414,-0.355248,ordinary
qwen3,qwen3,en_fr_phrase,long_passive,translation,passive,False,0.951908,0.267750,-0.081304,0.267750,0.076169,-0.081304,category_curve_artifact_candidate
qwen3,qwen3,en_fr_phrase,morphological_neg,translation,negation,False,0.913364,0.019000,0.256179,0.019000,0.569730,0.019000,model_curve_artifact_candidate
qwen3,qwen3,en_fr_phrase,negated_condition,translation,logical,False,0.933381,0.108616,-0.227938,0.108616,-0.043739,-0.227938,category_curve_artifact_candidate
qwen3,qwen3,en_fr_phrase,nested_condition,translation,logical,False,0.865697,-0.103661,-0.232923,-0.103661,-0.406361,-0.232923,ordinary
qwen3,qwen3,en_fr_phrase,nested_contrast,translation,logical,False,0.800182,-0.266978,-0.164229,-0.266978,-0.601234,-0.266978,ordinary
qwen3,qwen3,en_fr_phrase,nested_passive,translation,passive,False,0.927542,0.176588,0.017481,0.176588,-0.021845,0.017481,category_curve_artifact_candidate
qwen3,qwen3,en_fr_phrase,never,translation,negation,False,0.905769,-0.350960,-0.162713,-0.350960,0.228027,-0.350960,model_curve_artifact_candidate
qwen3,qwen3,en_fr_phrase,no_agent,translation,passive,False,0.905314,-0.025068,0.172982,-0.025068,0.302869,-0.025068,model_curve_artifact_candidate
qwen3,qwen3,en_fr_phrase,past_simple,translation,tense,False,0.984766,0.780542,0.266381,0.780542,0.685111,0.266381,residual_stable_reuse_candidate
qwen3,qwen3,en_fr_phrase,perfect,translation,tense,False,0.963529,0.472758,-0.204438,0.472758,0.232317,-0.204438,category_curve_artifact_candidate
qwen3,qwen3,en_fr_phrase,poetic,translation,style,False,0.957930,0.341045,0.049208,0.341045,0.025074,0.049208,category_curve_artifact_candidate
qwen3,qwen3,en_fr_phrase,possessive_chain,translation,recursive,False,0.836062,-0.576868,-0.125935,-0.576868,-0.411338,-0.576868,ordinary
qwen3,qwen3,en_fr_phrase,pp_chain,translation,recursive,False,0.867841,-0.587750,-0.011559,-0.587750,-0.411850,-0.587750,ordinary
qwen3,qwen3,en_fr_phrase,progressive,translation,tense,False,0.967673,0.505779,-0.203847,0.505779,0.283917,-0.203847,category_curve_artifact_candidate
qwen3,qwen3,en_fr_phrase,relative_clause,translation,recursive,False,0.833263,-0.521508,0.151939,-0.521508,-0.471090,-0.521508,ordinary
qwen3,qwen3,en_fr_phrase,scope_quantifier,translation,negation,False,0.902401,-0.352603,-0.095067,-0.352603,0.149707,-0.352603,model_curve_artifact_candidate
qwen3,qwen3,en_fr_phrase,she_coref,translation,coreference,False,0.965730,0.562050,0.183860,0.562050,0.454194,0.183860,ordinary
qwen3,qwen3,en_fr_phrase,syntactic_do_not,translation,negation,False,0.832094,-0.467977,-0.196932,-0.467977,-0.183845,-0.467977,ordinary
qwen3,qwen3,en_fr_phrase,target_language_switch,translation,translation,True,0.946695,0.368175,-0.232310,0.368175,0.111208,-0.232310,category_curve_artifact_candidate
qwen3,qwen3,en_fr_phrase,they_coref,translation,coreference,False,0.904417,0.160420,-0.078425,0.160420,-0.108716,-0.078425,category_curve_artifact_candidate
qwen3,qwen3,en_fr_word,en_zh_phrase,translation,translation,True,0.975011,0.712453,0.248842,0.712453,0.590437,0.248842,residual_stable_reuse_candidate
qwen3,qwen3,en_fr_word,en_zh_word,translation,translation,True,0.975938,0.653484,-0.413817,0.653484,0.619350,-0.413817,category_curve_artifact_candidate
qwen3,qwen3,en_fr_word,existential_no,translation,negation,False,0.895169,-0.265857,-0.098216,-0.265857,0.117705,-0.265857,ordinary
qwen3,qwen3,en_fr_word,formal,translation,style,False,0.943494,0.250267,0.382042,0.250267,0.031254,0.250267,ordinary
qwen3,qwen3,en_fr_word,future_will,translation,tense,False,0.971861,0.597649,0.079938,0.597649,0.299705,0.079938,ordinary
qwen3,qwen3,en_fr_word,get_passive,translation,passive,False,0.847977,-0.419848,-0.006603,-0.419848,-0.289670,-0.419848,ordinary
qwen3,qwen3,en_fr_word,he_coref,translation,coreference,False,0.911305,0.227929,0.196932,0.227929,-0.059159,0.196932,ordinary
qwen3,qwen3,en_fr_word,inference,translation,logical,False,0.889567,-0.282247,-0.214899,-0.282247,0.071590,-0.282247,ordinary
qwen3,qwen3,en_fr_word,it_coref,translation,coreference,False,0.712300,-0.363927,-0.391808,-0.363927,-0.618715,-0.391808,ordinary
qwen3,qwen3,en_fr_word,lexical_not_adj,translation,negation,False,0.907355,-0.119490,0.302846,-0.119490,0.216135,-0.119490,model_curve_artifact_candidate
qwen3,qwen3,en_fr_word,long_passive,translation,passive,False,0.964892,0.488234,0.028865,0.488234,0.280474,0.028865,category_curve_artifact_candidate
qwen3,qwen3,en_fr_word,morphological_neg,translation,negation,False,0.894594,-0.161468,-0.347518,-0.161468,0.339874,-0.347518,ordinary
qwen3,qwen3,en_fr_word,negated_condition,translation,logical,False,0.945243,0.292697,0.070548,0.292697,0.090126,0.070548,ordinary
qwen3,qwen3,en_fr_word,nested_condition,translation,logical,False,0.891701,0.150157,0.203623,0.150157,-0.207272,0.150157,ordinary
qwen3,qwen3,en_fr_word,nested_contrast,translation,logical,False,0.815897,-0.124827,0.075297,-0.124827,-0.498822,-0.124827,ordinary
qwen3,qwen3,en_fr_word,nested_passive,translation,passive,False,0.943776,0.382922,0.173434,0.382922,0.160984,0.173434,ordinary
qwen3,qwen3,en_fr_word,never,translation,negation,False,0.914403,-0.181779,-0.087123,-0.181779,0.352314,-0.181779,model_curve_artifact_candidate
qwen3,qwen3,en_fr_word,no_agent,translation,passive,False,0.895423,-0.101737,-0.199188,-0.101737,0.224631,-0.199188,ordinary
qwen3,qwen3,en_fr_word,past_simple,translation,tense,False,0.974873,0.651906,-0.187816,0.651906,0.545407,-0.187816,category_curve_artifact_candidate
qwen3,qwen3,en_fr_word,perfect,translation,tense,False,0.971543,0.604428,0.153342,0.604428,0.333559,0.153342,ordinary
qwen3,qwen3,en_fr_word,poetic,translation,style,False,0.958583,0.379193,0.484736,0.379193,0.079634,0.379193,ordinary
qwen3,qwen3,en_fr_word,possessive_chain,translation,recursive,False,0.847370,-0.420567,0.083077,-0.420567,-0.298709,-0.420567,ordinary
qwen3,qwen3,en_fr_word,pp_chain,translation,recursive,False,0.880368,-0.388479,0.239320,-0.388479,-0.231853,-0.388479,ordinary
qwen3,qwen3,en_fr_word,progressive,translation,tense,False,0.976521,0.657730,0.214905,0.657730,0.428493,0.214905,residual_stable_reuse_candidate
qwen3,qwen3,en_fr_word,relative_clause,translation,recursive,False,0.833947,-0.471174,0.072339,-0.471174,-0.457428,-0.471174,ordinary
qwen3,qwen3,en_fr_word,scope_quantifier,translation,negation,False,0.913601,-0.154216,0.110663,-0.154216,0.328921,-0.154216,model_curve_artifact_candidate
qwen3,qwen3,en_fr_word,she_coref,translation,coreference,False,0.941983,0.278641,0.295235,0.278641,0.255882,0.278641,ordinary
qwen3,qwen3,en_fr_word,syntactic_do_not,translation,negation,False,0.858046,-0.193669,0.255382,-0.193669,-0.038794,-0.193669,ordinary
qwen3,qwen3,en_fr_word,target_language_switch,translation,translation,True,0.924007,0.120800,-0.670065,0.120800,-0.173973,-0.670065,category_curve_artifact_candidate
qwen3,qwen3,en_fr_word,they_coref,translation,coreference,False,0.865811,-0.179279,-0.441835,-0.179279,-0.404853,-0.441835,ordinary
qwen3,qwen3,en_zh_phrase,en_zh_word,translation,translation,True,0.970662,0.645172,-0.123805,0.645172,0.611268,-0.123805,category_curve_artifact_candidate
qwen3,qwen3,en_zh_phrase,existential_no,translation,negation,False,0.896911,-0.102243,0.127577,-0.102243,0.296547,-0.102243,ordinary
qwen3,qwen3,en_zh_phrase,formal,translation,style,False,0.934882,0.244404,0.303775,0.244404,-0.017380,0.244404,ordinary
qwen3,qwen3,en_zh_phrase,future_will,translation,tense,False,0.965797,0.585196,0.193634,0.585196,0.307195,0.193634,ordinary
qwen3,qwen3,en_zh_phrase,get_passive,translation,passive,False,0.838356,-0.361783,-0.016344,-0.361783,-0.238799,-0.361783,ordinary
qwen3,qwen3,en_zh_phrase,he_coref,translation,coreference,False,0.900961,0.203450,0.217521,0.203450,0.056452,0.203450,ordinary
qwen3,qwen3,en_zh_phrase,inference,translation,logical,False,0.871146,-0.329397,-0.238073,-0.329397,-0.009001,-0.329397,ordinary
qwen3,qwen3,en_zh_phrase,it_coref,translation,coreference,False,0.696734,-0.346981,-0.295318,-0.346981,-0.579675,-0.346981,stable_differentiation_candidate
qwen3,qwen3,en_zh_phrase,lexical_not_adj,translation,negation,False,0.895779,-0.115553,0.030731,-0.115553,0.181561,-0.115553,ordinary
qwen3,qwen3,en_zh_phrase,long_passive,translation,passive,False,0.960749,0.514834,0.107360,0.514834,0.324200,0.107360,ordinary
qwen3,qwen3,en_zh_phrase,morphological_neg,translation,negation,False,0.872866,-0.251884,-0.523349,-0.251884,0.154765,-0.523349,ordinary
qwen3,qwen3,en_zh_phrase,negated_condition,translation,logical,False,0.942501,0.348180,0.222186,0.348180,0.091464,0.222186,ordinary
qwen3,qwen3,en_zh_phrase,nested_condition,translation,logical,False,0.903443,0.304465,0.435164,0.304465,-0.012372,0.304465,ordinary
qwen3,qwen3,en_zh_phrase,nested_contrast,translation,logical,False,0.799479,-0.146866,0.039134,-0.146866,-0.488501,-0.146866,ordinary
qwen3,qwen3,en_zh_phrase,nested_passive,translation,passive,False,0.938021,0.386181,0.181033,0.386181,0.135542,0.181033,ordinary
qwen3,qwen3,en_zh_phrase,never,translation,negation,False,0.905933,-0.134069,-0.201325,-0.134069,0.353911,-0.201325,model_curve_artifact_candidate
qwen3,qwen3,en_zh_phrase,no_agent,translation,passive,False,0.870757,-0.223070,-0.366174,-0.223070,0.092935,-0.366174,ordinary
qwen3,qwen3,en_zh_phrase,past_simple,translation,tense,False,0.955394,0.466760,-0.400037,0.466760,0.369547,-0.400037,category_curve_artifact_candidate
qwen3,qwen3,en_zh_phrase,perfect,translation,tense,False,0.965626,0.591131,0.243052,0.591131,0.342067,0.243052,residual_stable_reuse_candidate
qwen3,qwen3,en_zh_phrase,poetic,translation,style,False,0.950470,0.368218,0.387208,0.368218,0.147749,0.368218,ordinary
qwen3,qwen3,en_zh_phrase,possessive_chain,translation,recursive,False,0.834593,-0.389338,0.040508,-0.389338,-0.196198,-0.389338,ordinary
qwen3,qwen3,en_zh_phrase,pp_chain,translation,recursive,False,0.876304,-0.275044,0.331145,-0.275044,-0.135661,-0.275044,ordinary
qwen3,qwen3,en_zh_phrase,progressive,translation,tense,False,0.974855,0.697149,0.520346,0.697149,0.474926,0.520346,residual_stable_reuse_candidate
qwen3,qwen3,en_zh_phrase,relative_clause,translation,recursive,False,0.805905,-0.558125,-0.212157,-0.558125,-0.585045,-0.558125,ordinary
qwen3,qwen3,en_zh_phrase,scope_quantifier,translation,negation,False,0.908061,-0.076068,0.070290,-0.076068,0.416423,-0.076068,model_curve_artifact_candidate
qwen3,qwen3,en_zh_phrase,she_coref,translation,coreference,False,0.922031,0.143205,0.080159,0.143205,0.076918,0.080159,ordinary
qwen3,qwen3,en_zh_phrase,syntactic_do_not,translation,negation,False,0.872193,0.025432,0.527394,0.025432,0.193254,0.025432,ordinary
qwen3,qwen3,en_zh_phrase,target_language_switch,translation,translation,True,0.902988,-0.000600,-0.712127,-0.000600,-0.241546,-0.712127,model_curve_artifact_candidate
qwen3,qwen3,en_zh_phrase,they_coref,translation,coreference,False,0.840752,-0.276467,-0.567628,-0.276467,-0.565900,-0.567628,ordinary
qwen3,qwen3,en_zh_word,existential_no,translation,negation,False,0.886907,-0.471026,-0.193223,-0.471026,-0.024712,-0.471026,ordinary
qwen3,qwen3,en_zh_word,formal,translation,style,False,0.958140,0.401533,-0.061886,0.401533,0.002912,-0.061886,category_curve_artifact_candidate
qwen3,qwen3,en_zh_word,future_will,translation,tense,False,0.970069,0.532769,0.032598,0.532769,0.238364,0.032598,category_curve_artifact_candidate
qwen3,qwen3,en_zh_word,get_passive,translation,passive,False,0.835781,-0.642791,-0.141860,-0.642791,-0.539936,-0.642791,ordinary
qwen3,qwen3,en_zh_word,he_coref,translation,coreference,False,0.929247,0.373197,-0.105345,0.373197,0.156719,-0.105345,category_curve_artifact_candidate
qwen3,qwen3,en_zh_word,inference,translation,logical,False,0.903306,-0.203176,0.138348,-0.203176,0.230171,-0.203176,model_curve_artifact_candidate
qwen3,qwen3,en_zh_word,it_coref,translation,coreference,False,0.776361,-0.017534,0.106978,-0.017534,-0.381559,-0.017534,ordinary
qwen3,qwen3,en_zh_word,lexical_not_adj,translation,negation,False,0.893450,-0.386721,0.046905,-0.386721,0.003890,-0.386721,ordinary
qwen3,qwen3,en_zh_word,long_passive,translation,passive,False,0.956178,0.301177,0.025698,0.301177,0.043309,0.025698,category_curve_artifact_candidate
qwen3,qwen3,en_zh_word,morphological_neg,translation,negation,False,0.909752,-0.059503,0.194570,-0.059503,0.546287,-0.059503,model_curve_artifact_candidate
qwen3,qwen3,en_zh_word,negated_condition,translation,logical,False,0.947364,0.268529,0.102160,0.268529,-0.085467,0.102160,ordinary
qwen3,qwen3,en_zh_word,nested_condition,translation,logical,False,0.873761,-0.059832,-0.124053,-0.059832,-0.311224,-0.124053,ordinary
qwen3,qwen3,en_zh_word,nested_contrast,translation,logical,False,0.801012,-0.295477,-0.192129,-0.295477,-0.625245,-0.295477,ordinary
qwen3,qwen3,en_zh_word,nested_passive,translation,passive,False,0.924371,0.110085,-0.096031,0.110085,-0.125098,-0.096031,category_curve_artifact_candidate
qwen3,qwen3,en_zh_word,never,translation,negation,False,0.909165,-0.359903,0.046727,-0.359903,0.180291,-0.359903,model_curve_artifact_candidate
qwen3,qwen3,en_zh_word,no_agent,translation,passive,False,0.901007,-0.110774,0.082527,-0.110774,0.347085,-0.110774,model_curve_artifact_candidate
qwen3,qwen3,en_zh_word,past_simple,translation,tense,False,0.979283,0.689141,-0.025222,0.689141,0.691839,-0.025222,category_curve_artifact_candidate
qwen3,qwen3,en_zh_word,perfect,translation,tense,False,0.968958,0.531864,0.063888,0.531864,0.254183,0.063888,ordinary
qwen3,qwen3,en_zh_word,poetic,translation,style,False,0.959804,0.339038,-0.269831,0.339038,0.055314,-0.269831,category_curve_artifact_candidate
qwen3,qwen3,en_zh_word,possessive_chain,translation,recursive,False,0.845849,-0.531132,0.089119,-0.531132,-0.319919,-0.531132,ordinary
qwen3,qwen3,en_zh_word,pp_chain,translation,recursive,False,0.869442,-0.631229,-0.058712,-0.631229,-0.448938,-0.631229,ordinary
qwen3,qwen3,en_zh_word,progressive,translation,tense,False,0.972163,0.553628,-0.034176,0.553628,0.350631,-0.034176,category_curve_artifact_candidate
qwen3,qwen3,en_zh_word,relative_clause,translation,recursive,False,0.820787,-0.700139,-0.288563,-0.700139,-0.631591,-0.700139,ordinary
qwen3,qwen3,en_zh_word,scope_quantifier,translation,negation,False,0.903543,-0.394525,-0.055287,-0.394525,0.044659,-0.394525,model_curve_artifact_candidate
qwen3,qwen3,en_zh_word,she_coref,translation,coreference,False,0.965421,0.543591,-0.091072,0.543591,0.333230,-0.091072,category_curve_artifact_candidate
qwen3,qwen3,en_zh_word,syntactic_do_not,translation,negation,False,0.836225,-0.477487,-0.117100,-0.477487,-0.266362,-0.477487,ordinary
qwen3,qwen3,en_zh_word,target_language_switch,translation,translation,True,0.960443,0.522030,0.087867,0.522030,0.270578,0.087867,ordinary
qwen3,qwen3,en_zh_word,they_coref,translation,coreference,False,0.916492,0.259854,0.233555,0.259854,-0.050611,0.233555,ordinary
qwen3,qwen3,existential_no,formal,negation,style,False,0.881444,-0.419119,-0.178354,-0.419119,-0.068799,-0.419119,ordinary
qwen3,qwen3,existential_no,future_will,negation,tense,False,0.899603,-0.292223,-0.057505,-0.292223,0.107549,-0.292223,ordinary
qwen3,qwen3,existential_no,get_passive,negation,passive,False,0.921118,0.333796,-0.022401,0.333796,0.049320,-0.022401,category_curve_artifact_candidate
qwen3,qwen3,existential_no,he_coref,negation,coreference,False,0.843705,-0.299094,-0.077472,-0.299094,-0.112241,-0.299094,ordinary
qwen3,qwen3,existential_no,inference,negation,logical,False,0.946577,0.435406,0.156561,0.435406,0.059038,0.156561,ordinary
qwen3,qwen3,existential_no,it_coref,negation,coreference,False,0.688994,-0.410169,0.019870,-0.410169,-0.307647,-0.410169,stable_differentiation_candidate
qwen3,qwen3,existential_no,lexical_not_adj,negation,negation,True,0.965341,0.619445,-0.294897,0.619445,0.251766,-0.294897,category_curve_artifact_candidate
qwen3,qwen3,existential_no,long_passive,negation,passive,False,0.902716,-0.275069,-0.003188,-0.275069,0.099543,-0.275069,model_curve_artifact_candidate
qwen3,qwen3,existential_no,morphological_neg,negation,negation,True,0.939664,0.393271,0.008044,0.393271,0.075906,0.008044,category_curve_artifact_candidate
qwen3,qwen3,existential_no,negated_condition,negation,logical,False,0.894722,-0.229337,-0.012073,-0.229337,0.113554,-0.229337,ordinary
qwen3,qwen3,existential_no,nested_condition,negation,logical,False,0.849037,-0.135299,-0.067922,-0.135299,-0.069156,-0.135299,ordinary
qwen3,qwen3,existential_no,nested_contrast,negation,logical,False,0.781402,-0.283597,-0.097230,-0.283597,-0.265864,-0.283597,ordinary
qwen3,qwen3,existential_no,nested_passive,negation,passive,False,0.884897,-0.168551,-0.022496,-0.168551,-0.000212,-0.168551,ordinary
qwen3,qwen3,existential_no,never,negation,negation,True,0.972793,0.668551,-0.317264,0.668551,0.283574,-0.317264,category_curve_artifact_candidate
qwen3,qwen3,existential_no,no_agent,negation,passive,False,0.934299,0.367176,0.062990,0.367176,0.022136,0.062990,ordinary
qwen3,qwen3,existential_no,past_simple,negation,tense,False,0.893322,-0.330234,0.135245,-0.330234,0.106522,-0.330234,ordinary
qwen3,qwen3,existential_no,perfect,negation,tense,False,0.894299,-0.322161,-0.280046,-0.322161,0.036294,-0.322161,ordinary
qwen3,qwen3,existential_no,poetic,negation,style,False,0.896872,-0.390628,-0.084927,-0.390628,0.027191,-0.390628,ordinary
qwen3,qwen3,existential_no,possessive_chain,negation,recursive,False,0.909260,0.232777,-0.209128,0.232777,-0.252591,-0.209128,category_curve_artifact_candidate
qwen3,qwen3,existential_no,pp_chain,negation,recursive,False,0.956250,0.538181,0.132839,0.538181,0.161347,0.132839,ordinary
qwen3,qwen3,existential_no,progressive,negation,tense,False,0.904958,-0.251430,0.015023,-0.251430,0.162544,-0.251430,model_curve_artifact_candidate
qwen3,qwen3,existential_no,relative_clause,negation,recursive,False,0.909391,0.276031,0.002927,0.276031,-0.049534,0.002927,category_curve_artifact_candidate
qwen3,qwen3,existential_no,scope_quantifier,negation,negation,True,0.968752,0.627053,-0.494730,0.627053,0.263258,-0.494730,category_curve_artifact_candidate
qwen3,qwen3,existential_no,she_coref,negation,coreference,False,0.870450,-0.461991,0.022991,-0.461991,0.004573,-0.461991,ordinary
qwen3,qwen3,existential_no,syntactic_do_not,negation,negation,True,0.941267,0.568165,-0.106149,0.568165,0.208618,-0.106149,category_curve_artifact_candidate
qwen3,qwen3,existential_no,target_language_switch,negation,translation,False,0.851534,-0.569793,-0.000040,-0.569793,-0.300389,-0.569793,ordinary
qwen3,qwen3,existential_no,they_coref,negation,coreference,False,0.814046,-0.527827,0.025242,-0.527827,-0.349520,-0.527827,ordinary
qwen3,qwen3,formal,future_will,style,tense,False,0.960759,0.444174,0.353441,0.444174,0.084826,0.353441,residual_stable_reuse_candidate
qwen3,qwen3,formal,get_passive,style,passive,False,0.866205,-0.233756,-0.044270,-0.233756,-0.049798,-0.233756,ordinary
qwen3,qwen3,formal,he_coref,style,coreference,False,0.891790,0.050683,0.374559,0.050683,0.033678,0.050683,ordinary
qwen3,qwen3,formal,inference,style,logical,False,0.863414,-0.573766,-0.294274,-0.573766,-0.298592,-0.573766,ordinary
qwen3,qwen3,formal,it_coref,style,coreference,False,0.816466,0.257767,-0.423668,0.257767,0.155680,-0.423668,ordinary
qwen3,qwen3,formal,lexical_not_adj,style,negation,False,0.893280,-0.278568,0.350380,-0.278568,-0.002971,-0.278568,ordinary
qwen3,qwen3,formal,long_passive,style,passive,False,0.958189,0.396688,0.075838,0.396688,0.111603,0.075838,ordinary
qwen3,qwen3,formal,morphological_neg,style,negation,False,0.859488,-0.540176,-0.533680,-0.540176,-0.210615,-0.540176,ordinary
qwen3,qwen3,formal,negated_condition,style,logical,False,0.966981,0.577613,0.346599,0.577613,0.246210,0.346599,residual_stable_reuse_candidate
qwen3,qwen3,formal,nested_condition,style,logical,False,0.898777,0.216145,0.267143,0.216145,0.144995,0.216145,ordinary
qwen3,qwen3,formal,nested_contrast,style,logical,False,0.863216,0.218784,0.113208,0.218784,0.083441,0.113208,ordinary
qwen3,qwen3,formal,nested_passive,style,passive,False,0.936573,0.307194,0.201201,0.307194,0.111691,0.201201,ordinary
qwen3,qwen3,formal,never,style,negation,False,0.907166,-0.268842,0.362027,-0.268842,-0.080752,-0.268842,model_curve_artifact_candidate
qwen3,qwen3,formal,no_agent,style,passive,False,0.857583,-0.496217,-0.312203,-0.496217,-0.261359,-0.496217,ordinary
qwen3,qwen3,formal,past_simple,style,tense,False,0.931947,0.065813,-0.449881,0.065813,-0.173777,-0.449881,model_curve_artifact_candidate
qwen3,qwen3,formal,perfect,style,tense,False,0.957722,0.418140,0.330556,0.418140,0.059020,0.330556,residual_stable_reuse_candidate
qwen3,qwen3,formal,poetic,style,style,True,0.956151,0.350086,0.619180,0.350086,0.072404,0.350086,ordinary
qwen3,qwen3,formal,possessive_chain,style,recursive,False,0.863007,-0.259765,0.059664,-0.259765,-0.128870,-0.259765,ordinary
qwen3,qwen3,formal,pp_chain,style,recursive,False,0.889763,-0.267395,0.263237,-0.267395,0.001108,-0.267395,ordinary
qwen3,qwen3,formal,progressive,style,tense,False,0.961720,0.445471,0.405703,0.445471,0.068997,0.405703,residual_stable_reuse_candidate
qwen3,qwen3,formal,relative_clause,style,recursive,False,0.855086,-0.265662,-0.047035,-0.265662,0.004618,-0.265662,ordinary
qwen3,qwen3,formal,scope_quantifier,style,negation,False,0.888827,-0.470613,0.132427,-0.470613,-0.265595,-0.470613,ordinary
qwen3,qwen3,formal,she_coref,style,coreference,False,0.935565,0.205778,0.208034,0.205778,-0.012521,0.205778,ordinary
qwen3,qwen3,formal,syntactic_do_not,style,negation,False,0.850372,-0.253422,0.284857,-0.253422,-0.092458,-0.253422,ordinary
qwen3,qwen3,formal,target_language_switch,style,translation,False,0.945492,0.376943,-0.365127,0.376943,0.038140,-0.365127,category_curve_artifact_candidate
qwen3,qwen3,formal,they_coref,style,coreference,False,0.904417,0.184549,-0.444947,0.184549,0.016283,-0.444947,category_curve_artifact_candidate
qwen3,qwen3,future_will,get_passive,tense,passive,False,0.854718,-0.432217,0.129172,-0.432217,-0.300107,-0.432217,ordinary
qwen3,qwen3,future_will,he_coref,tense,coreference,False,0.908883,0.170199,0.001019,0.170199,-0.195588,0.001019,category_curve_artifact_candidate
qwen3,qwen3,future_will,inference,tense,logical,False,0.882573,-0.453093,-0.329706,-0.453093,-0.250551,-0.453093,ordinary
qwen3,qwen3,future_will,it_coref,tense,coreference,False,0.741655,-0.234863,0.097804,-0.234863,-0.339094,-0.234863,ordinary
qwen3,qwen3,future_will,lexical_not_adj,tense,negation,False,0.910171,-0.156138,0.341680,-0.156138,0.122068,-0.156138,model_curve_artifact_candidate
qwen3,qwen3,future_will,long_passive,tense,passive,False,0.969375,0.516866,0.006294,0.516866,0.183267,0.006294,category_curve_artifact_candidate
qwen3,qwen3,future_will,morphological_neg,tense,negation,False,0.877346,-0.439790,-0.561493,-0.439790,-0.074702,-0.561493,ordinary
qwen3,qwen3,future_will,negated_condition,tense,logical,False,0.957648,0.417758,0.240650,0.417758,0.171182,0.240650,residual_stable_reuse_candidate
qwen3,qwen3,future_will,nested_condition,tense,logical,False,0.912673,0.311145,0.400325,0.311145,0.154481,0.311145,ordinary
qwen3,qwen3,future_will,nested_contrast,tense,logical,False,0.836174,-0.015640,0.302578,-0.015640,-0.363309,-0.015640,ordinary
qwen3,qwen3,future_will,nested_passive,tense,passive,False,0.944209,0.356588,0.073637,0.356588,0.017533,0.073637,ordinary
qwen3,qwen3,future_will,never,tense,negation,False,0.920462,-0.178777,0.178081,-0.178777,0.095543,-0.178777,model_curve_artifact_candidate
qwen3,qwen3,future_will,no_agent,tense,passive,False,0.890850,-0.219353,-0.267646,-0.219353,-0.007568,-0.267646,ordinary
qwen3,qwen3,future_will,past_simple,tense,tense,True,0.960187,0.407364,-0.854546,0.407364,0.161583,-0.854546,category_curve_artifact_candidate
qwen3,qwen3,future_will,perfect,tense,tense,True,0.997370,0.961208,0.642301,0.961208,0.929259,0.642301,residual_stable_reuse_candidate
qwen3,qwen3,future_will,poetic,tense,style,False,0.965498,0.439168,0.155486,0.439168,0.174681,0.155486,ordinary
qwen3,qwen3,future_will,possessive_chain,tense,recursive,False,0.855535,-0.418262,-0.007738,-0.418262,-0.387523,-0.418262,ordinary
qwen3,qwen3,future_will,pp_chain,tense,recursive,False,0.894611,-0.300572,0.108846,-0.300572,-0.001301,-0.300572,ordinary
qwen3,qwen3,future_will,progressive,tense,tense,True,0.996058,0.937792,0.460244,0.937792,0.894103,0.460244,residual_stable_reuse_candidate
qwen3,qwen3,future_will,relative_clause,tense,recursive,False,0.849831,-0.397101,0.040451,-0.397101,-0.337361,-0.397101,ordinary
qwen3,qwen3,future_will,scope_quantifier,tense,negation,False,0.917233,-0.184528,0.144436,-0.184528,0.142265,-0.184528,model_curve_artifact_candidate
qwen3,qwen3,future_will,she_coref,tense,coreference,False,0.938266,0.183066,-0.080443,0.183066,0.165685,-0.080443,category_curve_artifact_candidate
qwen3,qwen3,future_will,syntactic_do_not,tense,negation,False,0.871676,-0.124280,0.317818,-0.124280,0.073404,-0.124280,ordinary
qwen3,qwen3,future_will,target_language_switch,tense,translation,False,0.930670,0.151192,-0.088758,0.151192,-0.212926,-0.088758,category_curve_artifact_candidate
qwen3,qwen3,future_will,they_coref,tense,coreference,False,0.875695,-0.143293,-0.090529,-0.143293,-0.249468,-0.143293,ordinary
qwen3,qwen3,get_passive,he_coref,passive,coreference,False,0.792964,-0.408884,-0.173930,-0.408884,-0.295310,-0.408884,ordinary
qwen3,qwen3,get_passive,inference,passive,logical,False,0.881983,0.019829,-0.120751,0.019829,-0.237650,-0.120751,ordinary
qwen3,qwen3,get_passive,it_coref,passive,coreference,False,0.687716,-0.222352,0.330916,-0.222352,0.088744,-0.222352,stable_differentiation_candidate
qwen3,qwen3,get_passive,lexical_not_adj,passive,negation,False,0.947072,0.561027,0.274007,0.561027,0.173399,0.274007,residual_stable_reuse_candidate
qwen3,qwen3,get_passive,long_passive,passive,passive,True,0.887684,-0.105528,-0.453318,-0.105528,0.129424,-0.453318,ordinary
qwen3,qwen3,get_passive,morphological_neg,passive,negation,False,0.854827,-0.162843,-0.372085,-0.162843,-0.543330,-0.372085,ordinary
qwen3,qwen3,get_passive,negated_condition,passive,logical,False,0.877121,-0.106761,-0.166226,-0.106761,0.132937,-0.166226,ordinary
qwen3,qwen3,get_passive,nested_condition,passive,logical,False,0.866890,0.166863,0.075977,0.166863,0.210522,0.075977,ordinary
qwen3,qwen3,get_passive,nested_contrast,passive,logical,False,0.874714,0.392895,0.430072,0.392895,0.486799,0.392895,ordinary
qwen3,qwen3,get_passive,nested_passive,passive,passive,True,0.892502,0.136880,-0.251295,0.136880,0.261713,-0.251295,ordinary
qwen3,qwen3,get_passive,never,passive,negation,False,0.931961,0.384059,-0.119442,0.384059,-0.106713,-0.119442,category_curve_artifact_candidate
qwen3,qwen3,get_passive,no_agent,passive,passive,True,0.865279,-0.043059,-0.330438,-0.043059,-0.317632,-0.330438,ordinary
qwen3,qwen3,get_passive,past_simple,passive,tense,False,0.824812,-0.692601,-0.186050,-0.692601,-0.597141,-0.692601,ordinary
qwen3,qwen3,get_passive,perfect,passive,tense,False,0.852853,-0.415140,0.108744,-0.415140,-0.269030,-0.415140,ordinary
qwen3,qwen3,get_passive,poetic,passive,style,False,0.866698,-0.360314,-0.107550,-0.360314,-0.169697,-0.360314,ordinary
qwen3,qwen3,get_passive,possessive_chain,passive,recursive,False,0.957435,0.702682,0.430244,0.702682,0.496046,0.430244,residual_stable_reuse_candidate
qwen3,qwen3,get_passive,pp_chain,passive,recursive,False,0.958075,0.663400,0.066647,0.663400,0.423548,0.066647,ordinary
qwen3,qwen3,get_passive,progressive,passive,tense,False,0.861670,-0.387994,0.211078,-0.387994,-0.277945,-0.387994,ordinary
qwen3,qwen3,get_passive,relative_clause,passive,recursive,False,0.943396,0.621474,0.299493,0.621474,0.533679,0.299493,residual_stable_reuse_candidate
qwen3,qwen3,get_passive,scope_quantifier,passive,negation,False,0.936052,0.434363,0.013244,0.434363,0.131180,0.013244,category_curve_artifact_candidate
qwen3,qwen3,get_passive,she_coref,passive,coreference,False,0.807495,-0.704522,-0.333396,-0.704522,-0.408493,-0.704522,ordinary
qwen3,qwen3,get_passive,syntactic_do_not,passive,negation,False,0.934365,0.576698,0.307018,0.576698,0.314280,0.307018,residual_stable_reuse_candidate
qwen3,qwen3,get_passive,target_language_switch,passive,translation,False,0.816508,-0.533469,0.135172,-0.533469,-0.407952,-0.533469,ordinary
qwen3,qwen3,get_passive,they_coref,passive,coreference,False,0.783583,-0.453247,0.183817,-0.453247,-0.207111,-0.453247,ordinary
qwen3,qwen3,he_coref,inference,coreference,logical,False,0.872972,-0.020128,-0.008751,-0.020128,0.218132,-0.020128,ordinary
qwen3,qwen3,he_coref,it_coref,coreference,coreference,True,0.738603,0.014305,-0.663957,0.014305,0.147622,-0.663957,ordinary
qwen3,qwen3,he_coref,lexical_not_adj,coreference,negation,False,0.835971,-0.366234,0.134026,-0.366234,-0.152736,-0.366234,ordinary
qwen3,qwen3,he_coref,long_passive,coreference,passive,False,0.907218,0.142732,-0.014328,0.142732,-0.089876,-0.014328,category_curve_artifact_candidate
qwen3,qwen3,he_coref,morphological_neg,coreference,negation,False,0.869719,-0.008200,-0.202685,-0.008200,0.229409,-0.202685,ordinary
qwen3,qwen3,he_coref,negated_condition,coreference,logical,False,0.889086,0.043249,-0.021592,0.043249,-0.033691,-0.021592,ordinary
qwen3,qwen3,he_coref,nested_condition,coreference,logical,False,0.823733,-0.076293,0.109683,-0.076293,-0.234119,-0.076293,ordinary
qwen3,qwen3,he_coref,nested_contrast,coreference,logical,False,0.769528,-0.128591,-0.057795,-0.128591,-0.150495,-0.128591,ordinary
qwen3,qwen3,he_coref,nested_passive,coreference,passive,False,0.889006,0.138704,0.160086,0.138704,-0.057860,0.138704,ordinary
qwen3,qwen3,he_coref,never,coreference,negation,False,0.855454,-0.328292,0.007180,-0.328292,0.046302,-0.328292,ordinary
qwen3,qwen3,he_coref,no_agent,coreference,passive,False,0.862549,-0.030603,-0.093711,-0.030603,0.162532,-0.093711,ordinary
qwen3,qwen3,he_coref,past_simple,coreference,tense,False,0.941821,0.508976,0.010563,0.508976,0.222681,0.010563,category_curve_artifact_candidate
qwen3,qwen3,he_coref,perfect,coreference,tense,False,0.907115,0.168797,-0.014600,0.168797,-0.158624,-0.014600,category_curve_artifact_candidate
qwen3,qwen3,he_coref,poetic,coreference,style,False,0.908472,0.140255,0.475935,0.140255,-0.270351,0.140255,ordinary
qwen3,qwen3,he_coref,possessive_chain,coreference,recursive,False,0.791575,-0.414368,0.036030,-0.414368,-0.120610,-0.414368,ordinary
qwen3,qwen3,he_coref,pp_chain,coreference,recursive,False,0.814956,-0.495680,0.125294,-0.495680,-0.339236,-0.495680,ordinary
qwen3,qwen3,he_coref,progressive,coreference,tense,False,0.906270,0.130023,-0.011069,0.130023,-0.205231,-0.011069,category_curve_artifact_candidate
qwen3,qwen3,he_coref,relative_clause,coreference,recursive,False,0.796871,-0.323203,0.055184,-0.323203,-0.223203,-0.323203,ordinary
qwen3,qwen3,he_coref,scope_quantifier,coreference,negation,False,0.853357,-0.314504,0.164701,-0.314504,-0.100050,-0.314504,ordinary
qwen3,qwen3,he_coref,she_coref,coreference,coreference,True,0.924492,0.378000,-0.053332,0.378000,0.011691,-0.053332,category_curve_artifact_candidate
qwen3,qwen3,he_coref,syntactic_do_not,coreference,negation,False,0.779342,-0.391132,0.118915,-0.391132,-0.161279,-0.391132,ordinary
qwen3,qwen3,he_coref,target_language_switch,coreference,translation,False,0.920286,0.368748,-0.324057,0.368748,0.355146,-0.324057,category_curve_artifact_candidate
qwen3,qwen3,he_coref,they_coref,coreference,coreference,True,0.880546,0.220172,-0.577213,0.220172,0.097139,-0.577213,ordinary
qwen3,qwen3,inference,it_coref,logical,coreference,False,0.732358,-0.152832,-0.080019,-0.152832,-0.046681,-0.152832,ordinary
qwen3,qwen3,inference,lexical_not_adj,logical,negation,False,0.925966,0.216491,-0.297795,0.216491,-0.168321,-0.297795,category_curve_artifact_candidate
qwen3,qwen3,inference,long_passive,logical,passive,False,0.877037,-0.551179,-0.492195,-0.551179,-0.204825,-0.551179,ordinary
qwen3,qwen3,inference,morphological_neg,logical,negation,False,0.978194,0.788340,0.536302,0.788340,0.540696,0.536302,residual_stable_reuse_candidate
qwen3,qwen3,inference,negated_condition,logical,logical,True,0.856738,-0.611501,-0.675903,-0.611501,-0.374492,-0.675903,ordinary
qwen3,qwen3,inference,nested_condition,logical,logical,True,0.779617,-0.632683,-0.799039,-0.632683,-0.508910,-0.799039,ordinary
qwen3,qwen3,inference,nested_contrast,logical,logical,True,0.735252,-0.542022,-0.709737,-0.542022,-0.318175,-0.709737,ordinary
qwen3,qwen3,inference,nested_passive,logical,passive,False,0.840562,-0.564481,-0.623833,-0.564481,-0.251617,-0.623833,ordinary
qwen3,qwen3,inference,never,logical,negation,False,0.949408,0.404022,-0.021483,0.404022,0.108533,-0.021483,category_curve_artifact_candidate
qwen3,qwen3,inference,no_agent,logical,passive,False,0.977951,0.796276,0.716435,0.796276,0.637811,0.716435,residual_stable_reuse_candidate
qwen3,qwen3,inference,past_simple,logical,tense,False,0.919673,0.041759,0.456230,0.041759,0.431380,0.041759,model_curve_artifact_candidate
qwen3,qwen3,inference,perfect,logical,tense,False,0.879662,-0.447380,-0.325571,-0.447380,-0.204286,-0.447380,ordinary
qwen3,qwen3,inference,poetic,logical,style,False,0.891036,-0.409116,-0.172359,-0.409116,-0.185738,-0.409116,ordinary
qwen3,qwen3,inference,possessive_chain,logical,recursive,False,0.886705,0.063034,0.179608,0.063034,-0.090457,0.063034,ordinary
qwen3,qwen3,inference,pp_chain,logical,recursive,False,0.920348,0.187711,0.378884,0.187711,-0.196970,0.187711,ordinary
qwen3,qwen3,inference,progressive,logical,tense,False,0.880947,-0.508495,-0.446959,-0.508495,-0.251818,-0.508495,ordinary
qwen3,qwen3,inference,relative_clause,logical,recursive,False,0.891871,0.152001,0.318195,0.152001,-0.163394,0.152001,ordinary
qwen3,qwen3,inference,scope_quantifier,logical,negation,False,0.944061,0.356653,-0.180855,0.356653,-0.198297,-0.180855,category_curve_artifact_candidate
qwen3,qwen3,inference,she_coref,logical,coreference,False,0.911034,0.033282,0.226164,0.033282,0.193308,0.033282,model_curve_artifact_candidate
qwen3,qwen3,inference,syntactic_do_not,logical,negation,False,0.870047,0.016531,-0.424026,0.016531,-0.228838,-0.424026,ordinary
qwen3,qwen3,inference,target_language_switch,logical,translation,False,0.896114,-0.060078,0.178685,-0.060078,0.237757,-0.060078,ordinary
qwen3,qwen3,inference,they_coref,logical,coreference,False,0.869938,-0.028314,0.107701,-0.028314,0.143764,-0.028314,ordinary
qwen3,qwen3,it_coref,lexical_not_adj,coreference,negation,False,0.666187,-0.534082,-0.024557,-0.534082,-0.354672,-0.534082,stable_differentiation_candidate
qwen3,qwen3,it_coref,long_passive,coreference,passive,False,0.734539,-0.295180,-0.083279,-0.295180,-0.507205,-0.295180,ordinary
qwen3,qwen3,it_coref,morphological_neg,coreference,negation,False,0.744007,-0.065116,0.100689,-0.065116,-0.127489,-0.065116,ordinary
qwen3,qwen3,it_coref,negated_condition,coreference,logical,False,0.764290,-0.036745,0.035176,-0.036745,-0.239909,-0.036745,ordinary
qwen3,qwen3,it_coref,nested_condition,coreference,logical,False,0.672304,-0.194483,-0.008066,-0.194483,0.030336,-0.194483,stable_differentiation_candidate
qwen3,qwen3,it_coref,nested_contrast,coreference,logical,False,0.706051,0.078969,0.245834,0.078969,0.363703,0.078969,ordinary
qwen3,qwen3,it_coref,nested_passive,coreference,passive,False,0.692696,-0.325298,-0.115512,-0.325298,-0.335674,-0.325298,stable_differentiation_candidate
qwen3,qwen3,it_coref,never,coreference,negation,False,0.696941,-0.482745,0.048768,-0.482745,-0.483585,-0.482745,stable_differentiation_candidate
qwen3,qwen3,it_coref,no_agent,coreference,passive,False,0.707203,-0.218738,-0.018308,-0.218738,-0.174386,-0.218738,ordinary
qwen3,qwen3,it_coref,past_simple,coreference,tense,False,0.761229,-0.090936,-0.097240,-0.090936,-0.402152,-0.097240,ordinary
qwen3,qwen3,it_coref,perfect,coreference,tense,False,0.741819,-0.212804,0.124254,-0.212804,-0.369847,-0.212804,ordinary
qwen3,qwen3,it_coref,poetic,coreference,style,False,0.780094,-0.010712,-0.676656,-0.010712,-0.150139,-0.676656,ordinary
qwen3,qwen3,it_coref,possessive_chain,coreference,recursive,False,0.710673,-0.121472,-0.002193,-0.121472,0.161032,-0.121472,ordinary
qwen3,qwen3,it_coref,pp_chain,coreference,recursive,False,0.699612,-0.322160,-0.258628,-0.322160,-0.038705,-0.322160,stable_differentiation_candidate
qwen3,qwen3,it_coref,progressive,coreference,tense,False,0.736516,-0.286232,0.015543,-0.286232,-0.464239,-0.286232,ordinary
qwen3,qwen3,it_coref,relative_clause,coreference,recursive,False,0.725203,-0.031477,0.084308,-0.031477,0.383866,-0.031477,ordinary
qwen3,qwen3,it_coref,scope_quantifier,coreference,negation,False,0.678998,-0.559011,-0.130178,-0.559011,-0.578251,-0.559011,stable_differentiation_candidate
qwen3,qwen3,it_coref,she_coref,coreference,coreference,True,0.848904,0.449719,-0.545146,0.449719,-0.001994,-0.545146,ordinary
qwen3,qwen3,it_coref,syntactic_do_not,coreference,negation,False,0.597978,-0.517305,-0.072645,-0.517305,-0.385939,-0.517305,stable_differentiation_candidate
qwen3,qwen3,it_coref,target_language_switch,coreference,translation,False,0.852775,0.472534,0.531667,0.472534,0.460649,0.472534,ordinary
qwen3,qwen3,it_coref,they_coref,coreference,coreference,True,0.915441,0.752079,0.390193,0.752079,0.683161,0.390193,residual_stable_reuse_candidate
qwen3,qwen3,lexical_not_adj,long_passive,negation,passive,False,0.914427,-0.120819,-0.025542,-0.120819,0.226857,-0.120819,model_curve_artifact_candidate
qwen3,qwen3,lexical_not_adj,morphological_neg,negation,negation,True,0.916797,0.161225,-0.504984,0.161225,-0.128554,-0.504984,category_curve_artifact_candidate
qwen3,qwen3,lexical_not_adj,negated_condition,negation,logical,False,0.899918,-0.169935,0.133968,-0.169935,0.124735,-0.169935,ordinary
qwen3,qwen3,lexical_not_adj,nested_condition,negation,logical,False,0.875573,0.073205,0.336019,0.073205,0.141826,0.073205,ordinary
qwen3,qwen3,lexical_not_adj,nested_contrast,negation,logical,False,0.810742,-0.093389,0.275566,-0.093389,-0.116725,-0.093389,ordinary
qwen3,qwen3,lexical_not_adj,nested_passive,negation,passive,False,0.901704,0.001454,0.062254,0.001454,0.112335,0.001454,model_curve_artifact_candidate
qwen3,qwen3,lexical_not_adj,never,negation,negation,True,0.981221,0.773454,0.020409,0.773454,0.272757,0.020409,category_curve_artifact_candidate
qwen3,qwen3,lexical_not_adj,no_agent,negation,passive,False,0.927045,0.295864,-0.290786,0.295864,-0.017411,-0.290786,category_curve_artifact_candidate
qwen3,qwen3,lexical_not_adj,past_simple,negation,tense,False,0.881434,-0.481305,-0.377119,-0.481305,-0.094171,-0.481305,ordinary
qwen3,qwen3,lexical_not_adj,perfect,negation,tense,False,0.908432,-0.145521,0.314374,-0.145521,0.117200,-0.145521,model_curve_artifact_candidate
qwen3,qwen3,lexical_not_adj,poetic,negation,style,False,0.894416,-0.426210,0.174874,-0.426210,-0.048609,-0.426210,ordinary
qwen3,qwen3,lexical_not_adj,possessive_chain,negation,recursive,False,0.939839,0.499725,0.251846,0.499725,0.042203,0.251846,residual_stable_reuse_candidate
qwen3,qwen3,lexical_not_adj,pp_chain,negation,recursive,False,0.963135,0.610578,0.056746,0.610578,0.167905,0.056746,ordinary
qwen3,qwen3,lexical_not_adj,progressive,negation,tense,False,0.913865,-0.133800,0.261873,-0.133800,0.166439,-0.133800,model_curve_artifact_candidate
qwen3,qwen3,lexical_not_adj,relative_clause,negation,recursive,False,0.925745,0.412832,0.133848,0.412832,0.024976,0.133848,ordinary
qwen3,qwen3,lexical_not_adj,scope_quantifier,negation,negation,True,0.982412,0.791800,0.101316,0.791800,0.377996,0.101316,ordinary
qwen3,qwen3,lexical_not_adj,she_coref,negation,coreference,False,0.848468,-0.712063,-0.070385,-0.712063,-0.187703,-0.712063,ordinary
qwen3,qwen3,lexical_not_adj,syntactic_do_not,negation,negation,True,0.953134,0.664493,0.112346,0.664493,0.214452,0.112346,ordinary
qwen3,qwen3,lexical_not_adj,target_language_switch,negation,translation,False,0.845349,-0.636990,-0.199057,-0.636990,-0.403526,-0.636990,ordinary
qwen3,qwen3,lexical_not_adj,they_coref,negation,coreference,False,0.789248,-0.737991,-0.138618,-0.737991,-0.445139,-0.737991,ordinary
qwen3,qwen3,long_passive,morphological_neg,passive,negation,False,0.862009,-0.653826,-0.066112,-0.653826,-0.390456,-0.653826,ordinary
qwen3,qwen3,long_passive,negated_condition,passive,logical,False,0.972515,0.618462,0.645147,0.618462,0.461129,0.618462,residual_stable_reuse_candidate
qwen3,qwen3,long_passive,nested_condition,passive,logical,False,0.937665,0.543861,0.491806,0.543861,0.210883,0.491806,residual_stable_reuse_candidate
qwen3,qwen3,long_passive,nested_contrast,passive,logical,False,0.879606,0.316126,0.343196,0.316126,0.005483,0.316126,ordinary
qwen3,qwen3,long_passive,nested_passive,passive,passive,True,0.969930,0.664971,0.643417,0.664971,0.469689,0.643417,residual_stable_reuse_candidate
qwen3,qwen3,long_passive,never,passive,negation,False,0.915651,-0.275968,-0.027981,-0.275968,0.158963,-0.275968,model_curve_artifact_candidate
qwen3,qwen3,long_passive,no_agent,passive,passive,True,0.865828,-0.535489,-0.360632,-0.535489,-0.211824,-0.535489,ordinary
qwen3,qwen3,long_passive,past_simple,passive,tense,False,0.950122,0.242357,-0.055476,0.242357,0.004462,-0.055476,category_curve_artifact_candidate
qwen3,qwen3,long_passive,perfect,passive,tense,False,0.968829,0.525270,0.051733,0.525270,0.198413,0.051733,ordinary
qwen3,qwen3,long_passive,poetic,passive,style,False,0.969903,0.499478,0.127485,0.499478,0.247468,0.127485,ordinary
qwen3,qwen3,long_passive,possessive_chain,passive,recursive,False,0.876069,-0.223972,-0.452360,-0.223972,-0.016383,-0.452360,ordinary
qwen3,qwen3,long_passive,pp_chain,passive,recursive,False,0.904672,-0.195401,-0.521099,-0.195401,0.050165,-0.521099,model_curve_artifact_candidate
qwen3,qwen3,long_passive,progressive,passive,tense,False,0.975571,0.603870,0.072625,0.603870,0.298589,0.072625,ordinary
qwen3,qwen3,long_passive,relative_clause,passive,recursive,False,0.861330,-0.302419,-0.508471,-0.302419,-0.100544,-0.508471,ordinary
qwen3,qwen3,long_passive,scope_quantifier,passive,negation,False,0.915871,-0.228249,-0.012771,-0.228249,0.304708,-0.228249,model_curve_artifact_candidate
qwen3,qwen3,long_passive,she_coref,passive,coreference,False,0.923173,-0.038049,0.044957,-0.038049,-0.233216,-0.038049,model_curve_artifact_candidate
qwen3,qwen3,long_passive,syntactic_do_not,passive,negation,False,0.898774,0.126687,0.105007,0.126687,0.390708,0.105007,ordinary
qwen3,qwen3,long_passive,target_language_switch,passive,translation,False,0.916550,-0.043954,-0.068551,-0.043954,-0.428237,-0.068551,model_curve_artifact_candidate
qwen3,qwen3,long_passive,they_coref,passive,coreference,False,0.868744,-0.230997,-0.057073,-0.230997,-0.530895,-0.230997,ordinary
qwen3,qwen3,morphological_neg,negated_condition,negation,logical,False,0.852480,-0.580027,-0.397879,-0.580027,-0.350770,-0.580027,ordinary
qwen3,qwen3,morphological_neg,nested_condition,negation,logical,False,0.760034,-0.713065,-0.670052,-0.713065,-0.672411,-0.713065,ordinary
qwen3,qwen3,morphological_neg,nested_contrast,negation,logical,False,0.702489,-0.686587,-0.527924,-0.686587,-0.631912,-0.686587,ordinary
qwen3,qwen3,morphological_neg,nested_passive,negation,passive,False,0.824474,-0.646643,-0.283561,-0.646643,-0.418424,-0.646643,ordinary
qwen3,qwen3,morphological_neg,never,negation,negation,True,0.947369,0.416248,0.013936,0.416248,0.235902,0.013936,category_curve_artifact_candidate
qwen3,qwen3,morphological_neg,no_agent,negation,passive,False,0.970011,0.731452,0.697095,0.731452,0.627578,0.697095,residual_stable_reuse_candidate
qwen3,qwen3,morphological_neg,past_simple,negation,tense,False,0.924655,0.151482,0.708683,0.151482,0.723545,0.151482,ordinary
qwen3,qwen3,morphological_neg,perfect,negation,tense,False,0.876639,-0.408518,-0.463648,-0.408518,-0.038533,-0.463648,ordinary
qwen3,qwen3,morphological_neg,poetic,negation,style,False,0.882477,-0.440319,-0.400064,-0.440319,-0.163473,-0.440319,ordinary
qwen3,qwen3,morphological_neg,possessive_chain,negation,recursive,False,0.870149,-0.035625,-0.112062,-0.035625,-0.352474,-0.112062,ordinary
qwen3,qwen3,morphological_neg,pp_chain,negation,recursive,False,0.895045,-0.021813,-0.223480,-0.021813,-0.484609,-0.223480,ordinary
qwen3,qwen3,morphological_neg,progressive,negation,tense,False,0.876601,-0.482072,-0.691968,-0.482072,-0.069342,-0.691968,ordinary
qwen3,qwen3,morphological_neg,relative_clause,negation,recursive,False,0.867648,-0.006041,-0.023369,-0.006041,-0.360744,-0.023369,ordinary
qwen3,qwen3,morphological_neg,scope_quantifier,negation,negation,True,0.941589,0.365177,-0.137297,0.365177,-0.032885,-0.137297,category_curve_artifact_candidate
qwen3,qwen3,morphological_neg,she_coref,negation,coreference,False,0.921626,0.190502,0.183718,0.190502,0.504417,0.183718,ordinary
qwen3,qwen3,morphological_neg,syntactic_do_not,negation,negation,True,0.849662,-0.101996,-0.754433,-0.101996,-0.428562,-0.754433,ordinary
qwen3,qwen3,morphological_neg,target_language_switch,negation,translation,False,0.897121,-0.002172,0.394434,-0.002172,0.416657,-0.002172,ordinary
qwen3,qwen3,morphological_neg,they_coref,negation,coreference,False,0.879976,0.086842,0.393817,0.086842,0.250331,0.086842,ordinary
qwen3,qwen3,negated_condition,nested_condition,logical,logical,True,0.926049,0.456980,0.560021,0.456980,0.227026,0.456980,residual_stable_reuse_candidate
qwen3,qwen3,negated_condition,nested_contrast,logical,logical,True,0.866601,0.250757,0.368003,0.250757,0.026636,0.250757,ordinary
qwen3,qwen3,negated_condition,nested_passive,logical,passive,False,0.960532,0.581366,0.689500,0.581366,0.447358,0.581366,residual_stable_reuse_candidate
qwen3,qwen3,negated_condition,never,logical,negation,False,0.905855,-0.252395,0.013714,-0.252395,0.057932,-0.252395,model_curve_artifact_candidate
qwen3,qwen3,negated_condition,no_agent,logical,passive,False,0.843221,-0.611597,-0.635456,-0.611597,-0.390693,-0.635456,ordinary
qwen3,qwen3,negated_condition,past_simple,logical,tense,False,0.931726,0.088335,-0.372556,0.088335,-0.111053,-0.372556,model_curve_artifact_candidate
qwen3,qwen3,negated_condition,perfect,logical,tense,False,0.957436,0.430835,0.284282,0.430835,0.144061,0.284282,residual_stable_reuse_candidate
qwen3,qwen3,negated_condition,poetic,logical,style,False,0.945690,0.217627,0.001782,0.217627,-0.054637,0.001782,category_curve_artifact_candidate
qwen3,qwen3,negated_condition,possessive_chain,logical,recursive,False,0.856562,-0.294270,-0.440470,-0.294270,-0.145883,-0.440470,ordinary
qwen3,qwen3,negated_condition,pp_chain,logical,recursive,False,0.895197,-0.176406,-0.311455,-0.176406,0.060838,-0.311455,ordinary
qwen3,qwen3,negated_condition,progressive,logical,tense,False,0.964031,0.495948,0.372284,0.495948,0.261153,0.372284,residual_stable_reuse_candidate
qwen3,qwen3,negated_condition,relative_clause,logical,recursive,False,0.838996,-0.384653,-0.507581,-0.384653,-0.104252,-0.507581,ordinary
qwen3,qwen3,negated_condition,scope_quantifier,logical,negation,False,0.904632,-0.228685,0.001017,-0.228685,0.204840,-0.228685,model_curve_artifact_candidate
qwen3,qwen3,negated_condition,she_coref,logical,coreference,False,0.918080,0.014440,-0.037249,0.014440,-0.202733,-0.037249,model_curve_artifact_candidate
qwen3,qwen3,negated_condition,syntactic_do_not,logical,negation,False,0.888459,0.100661,0.357890,0.100661,0.359789,0.100661,ordinary
qwen3,qwen3,negated_condition,target_language_switch,logical,translation,False,0.915638,0.053385,-0.138204,0.053385,-0.325479,-0.138204,model_curve_artifact_candidate
qwen3,qwen3,negated_condition,they_coref,logical,coreference,False,0.872043,-0.092260,-0.155992,-0.092260,-0.338598,-0.155992,ordinary
qwen3,qwen3,nested_condition,nested_contrast,logical,logical,True,0.900826,0.554386,0.603171,0.554386,0.425221,0.554386,residual_stable_reuse_candidate
qwen3,qwen3,nested_condition,nested_passive,logical,passive,False,0.939495,0.590106,0.624798,0.590106,0.253163,0.590106,residual_stable_reuse_candidate
qwen3,qwen3,nested_condition,never,logical,negation,False,0.857548,-0.171701,-0.125959,-0.171701,-0.140966,-0.171701,ordinary
qwen3,qwen3,nested_condition,no_agent,logical,passive,False,0.767625,-0.604547,-0.725763,-0.604547,-0.531751,-0.725763,ordinary
qwen3,qwen3,nested_condition,past_simple,logical,tense,False,0.854009,-0.207484,-0.539242,-0.207484,-0.539599,-0.539242,ordinary
qwen3,qwen3,nested_condition,perfect,logical,tense,False,0.910424,0.300559,0.360740,0.300559,0.121251,0.300559,ordinary
qwen3,qwen3,nested_condition,poetic,logical,style,False,0.916469,0.333363,0.259696,0.333363,0.215782,0.259696,ordinary
qwen3,qwen3,nested_condition,possessive_chain,logical,recursive,False,0.859464,0.122298,-0.178400,0.122298,0.224602,-0.178400,ordinary
qwen3,qwen3,nested_condition,pp_chain,logical,recursive,False,0.880358,0.134092,-0.224763,0.134092,0.317480,-0.224763,ordinary
qwen3,qwen3,nested_condition,progressive,logical,tense,False,0.921718,0.390262,0.542809,0.390262,0.163531,0.390262,ordinary
qwen3,qwen3,nested_condition,relative_clause,logical,recursive,False,0.829523,-0.026149,-0.334222,-0.026149,0.077676,-0.334222,ordinary
qwen3,qwen3,nested_condition,scope_quantifier,logical,negation,False,0.871861,-0.020694,0.157581,-0.020694,0.142888,-0.020694,ordinary
qwen3,qwen3,nested_condition,she_coref,logical,coreference,False,0.817918,-0.412486,-0.236623,-0.412486,-0.403789,-0.412486,ordinary
qwen3,qwen3,nested_condition,syntactic_do_not,logical,negation,False,0.884945,0.328453,0.564898,0.328453,0.329028,0.328453,ordinary
qwen3,qwen3,nested_condition,target_language_switch,logical,translation,False,0.829513,-0.252915,-0.284619,-0.252915,-0.266043,-0.284619,ordinary
qwen3,qwen3,nested_condition,they_coref,logical,coreference,False,0.778099,-0.339067,-0.215552,-0.339067,-0.266213,-0.339067,ordinary
qwen3,qwen3,nested_contrast,nested_passive,logical,passive,False,0.877661,0.362686,0.439903,0.362686,0.093839,0.362686,ordinary
qwen3,qwen3,nested_contrast,never,logical,negation,False,0.796596,-0.288031,-0.056533,-0.288031,-0.320140,-0.288031,ordinary
qwen3,qwen3,nested_contrast,no_agent,logical,passive,False,0.711925,-0.582744,-0.659815,-0.582744,-0.446907,-0.659815,ordinary
qwen3,qwen3,nested_contrast,past_simple,logical,tense,False,0.788780,-0.350137,-0.370678,-0.350137,-0.635407,-0.370678,ordinary
qwen3,qwen3,nested_contrast,perfect,logical,tense,False,0.832780,-0.024190,0.248809,-0.024190,-0.364216,-0.024190,ordinary
qwen3,qwen3,nested_contrast,poetic,logical,style,False,0.884037,0.346846,0.126434,0.346846,0.184565,0.126434,ordinary
qwen3,qwen3,nested_contrast,possessive_chain,logical,recursive,False,0.872884,0.384404,-0.025358,0.384404,0.566228,-0.025358,ordinary
qwen3,qwen3,nested_contrast,pp_chain,logical,recursive,False,0.858342,0.231208,-0.324272,0.231208,0.348337,-0.324272,ordinary
qwen3,qwen3,nested_contrast,progressive,logical,tense,False,0.841424,0.012062,0.347626,0.012062,-0.410493,0.012062,ordinary
qwen3,qwen3,nested_contrast,relative_clause,logical,recursive,False,0.851275,0.291942,-0.117912,0.291942,0.480238,-0.117912,ordinary
qwen3,qwen3,nested_contrast,scope_quantifier,logical,negation,False,0.807578,-0.182465,0.129926,-0.182465,-0.126235,-0.182465,ordinary
qwen3,qwen3,nested_contrast,she_coref,logical,coreference,False,0.771163,-0.377565,-0.438818,-0.377565,-0.448315,-0.438818,ordinary
qwen3,qwen3,nested_contrast,syntactic_do_not,logical,negation,False,0.815876,0.136894,0.445309,0.136894,0.119033,0.136894,ordinary
qwen3,qwen3,nested_contrast,target_language_switch,logical,translation,False,0.808351,-0.082844,0.082472,-0.082844,-0.052947,-0.082844,ordinary
qwen3,qwen3,nested_contrast,they_coref,logical,coreference,False,0.782401,-0.052762,0.105361,-0.052762,0.134869,-0.052762,ordinary
qwen3,qwen3,nested_passive,never,passive,negation,False,0.899168,-0.147901,-0.015860,-0.147901,0.131679,-0.147901,ordinary
qwen3,qwen3,nested_passive,no_agent,passive,passive,True,0.821685,-0.610427,-0.656889,-0.610427,-0.386139,-0.656889,ordinary
qwen3,qwen3,nested_passive,past_simple,passive,tense,False,0.916031,0.043933,-0.163798,0.043933,-0.152458,-0.163798,model_curve_artifact_candidate
qwen3,qwen3,nested_passive,perfect,passive,tense,False,0.942646,0.352384,0.070421,0.352384,0.031061,0.070421,ordinary
qwen3,qwen3,nested_passive,poetic,passive,style,False,0.935313,0.221109,0.120279,0.221109,-0.061272,0.120279,ordinary
qwen3,qwen3,nested_passive,possessive_chain,passive,recursive,False,0.859934,-0.124311,-0.464738,-0.124311,0.060214,-0.464738,ordinary
qwen3,qwen3,nested_passive,pp_chain,passive,recursive,False,0.893983,-0.039157,-0.459574,-0.039157,0.083728,-0.459574,ordinary
qwen3,qwen3,nested_passive,progressive,passive,tense,False,0.953686,0.462822,0.247279,0.462822,0.137311,0.247279,residual_stable_reuse_candidate
qwen3,qwen3,nested_passive,relative_clause,passive,recursive,False,0.854665,-0.112530,-0.406276,-0.112530,0.014760,-0.406276,ordinary
qwen3,qwen3,nested_passive,scope_quantifier,passive,negation,False,0.900643,-0.099379,0.032528,-0.099379,0.195244,-0.099379,model_curve_artifact_candidate
qwen3,qwen3,nested_passive,she_coref,passive,coreference,False,0.881282,-0.238064,-0.073117,-0.238064,-0.317502,-0.238064,ordinary
qwen3,qwen3,nested_passive,syntactic_do_not,passive,negation,False,0.897694,0.254220,0.279266,0.254220,0.423391,0.254220,ordinary
qwen3,qwen3,nested_passive,target_language_switch,passive,translation,False,0.876667,-0.209727,-0.206932,-0.209727,-0.432555,-0.209727,ordinary
qwen3,qwen3,nested_passive,they_coref,passive,coreference,False,0.825992,-0.339111,-0.156834,-0.339111,-0.408104,-0.339111,ordinary
qwen3,qwen3,never,no_agent,negation,passive,False,0.948377,0.458407,0.102134,0.458407,0.203263,0.102134,ordinary
qwen3,qwen3,never,past_simple,negation,tense,False,0.905199,-0.356037,-0.071112,-0.356037,0.230540,-0.356037,model_curve_artifact_candidate
qwen3,qwen3,never,perfect,negation,tense,False,0.917457,-0.184836,0.047720,-0.184836,0.112519,-0.184836,model_curve_artifact_candidate
qwen3,qwen3,never,poetic,negation,style,False,0.905067,-0.480549,0.043299,-0.480549,-0.094265,-0.480549,model_curve_artifact_candidate
qwen3,qwen3,never,possessive_chain,negation,recursive,False,0.927599,0.343609,0.012348,0.343609,-0.129687,0.012348,category_curve_artifact_candidate
qwen3,qwen3,never,pp_chain,negation,recursive,False,0.958042,0.508691,-0.040746,0.508691,-0.010597,-0.040746,category_curve_artifact_candidate
qwen3,qwen3,never,progressive,negation,tense,False,0.922714,-0.175358,-0.041394,-0.175358,0.179741,-0.175358,model_curve_artifact_candidate
qwen3,qwen3,never,relative_clause,negation,recursive,False,0.926713,0.380014,0.262444,0.380014,-0.197018,0.262444,ordinary
qwen3,qwen3,never,scope_quantifier,negation,negation,True,0.988842,0.846910,0.185738,0.846910,0.479342,0.185738,ordinary
qwen3,qwen3,never,she_coref,negation,coreference,False,0.879045,-0.550385,0.123501,-0.550385,-0.071228,-0.550385,ordinary
qwen3,qwen3,never,syntactic_do_not,negation,negation,True,0.943364,0.569839,-0.325781,0.569839,0.237692,-0.325781,category_curve_artifact_candidate
qwen3,qwen3,never,target_language_switch,negation,translation,False,0.877985,-0.456508,0.263164,-0.456508,-0.306707,-0.456508,ordinary
qwen3,qwen3,never,they_coref,negation,coreference,False,0.819496,-0.649393,-0.027323,-0.649393,-0.462887,-0.649393,ordinary
qwen3,qwen3,no_agent,past_simple,passive,tense,False,0.918254,0.121027,0.482886,0.121027,0.521817,0.121027,ordinary
qwen3,qwen3,no_agent,perfect,passive,tense,False,0.887181,-0.228934,-0.303803,-0.228934,0.007484,-0.303803,ordinary
qwen3,qwen3,no_agent,poetic,passive,style,False,0.884738,-0.345761,-0.136183,-0.345761,-0.100585,-0.345761,ordinary
qwen3,qwen3,no_agent,possessive_chain,passive,recursive,False,0.875495,0.039527,0.098677,0.039527,-0.214058,0.039527,ordinary
qwen3,qwen3,no_agent,pp_chain,passive,recursive,False,0.909591,0.154666,0.169953,0.154666,-0.209548,0.154666,ordinary
qwen3,qwen3,no_agent,progressive,passive,tense,False,0.884484,-0.321224,-0.587147,-0.321224,-0.048967,-0.587147,ordinary
qwen3,qwen3,no_agent,relative_clause,passive,recursive,False,0.885945,0.161533,0.248534,0.161533,-0.251980,0.161533,ordinary
qwen3,qwen3,no_agent,scope_quantifier,passive,negation,False,0.943097,0.412686,-0.020850,0.412686,0.002579,-0.020850,category_curve_artifact_candidate
qwen3,qwen3,no_agent,she_coref,passive,coreference,False,0.902147,0.030036,0.275990,0.030036,0.279093,0.030036,model_curve_artifact_candidate
qwen3,qwen3,no_agent,syntactic_do_not,passive,negation,False,0.852712,-0.046167,-0.664645,-0.046167,-0.303287,-0.664645,ordinary
qwen3,qwen3,no_agent,target_language_switch,passive,translation,False,0.890275,-0.027244,0.275040,-0.027244,0.200586,-0.027244,ordinary
qwen3,qwen3,no_agent,they_coref,passive,coreference,False,0.848241,-0.122148,0.156559,-0.122148,0.056058,-0.122148,ordinary
qwen3,qwen3,past_simple,perfect,tense,tense,True,0.958407,0.400099,-0.822324,0.400099,0.177002,-0.822324,category_curve_artifact_candidate
qwen3,qwen3,past_simple,poetic,tense,style,False,0.960353,0.380847,-0.184777,0.380847,0.084357,-0.184777,category_curve_artifact_candidate
qwen3,qwen3,past_simple,possessive_chain,tense,recursive,False,0.827465,-0.659984,-0.029090,-0.659984,-0.472722,-0.659984,ordinary
qwen3,qwen3,past_simple,pp_chain,tense,recursive,False,0.856229,-0.725002,-0.192097,-0.725002,-0.556124,-0.725002,ordinary
qwen3,qwen3,past_simple,progressive,tense,tense,True,0.959758,0.385857,-0.752077,0.385857,0.205858,-0.752077,category_curve_artifact_candidate
qwen3,qwen3,past_simple,relative_clause,tense,recursive,False,0.826327,-0.585404,0.064062,-0.585404,-0.512956,-0.585404,ordinary
qwen3,qwen3,past_simple,scope_quantifier,tense,negation,False,0.900590,-0.374657,-0.136129,-0.374657,0.006038,-0.374657,model_curve_artifact_candidate
qwen3,qwen3,past_simple,she_coref,tense,coreference,False,0.976104,0.696877,0.136687,0.696877,0.488136,0.136687,ordinary
qwen3,qwen3,past_simple,syntactic_do_not,tense,negation,False,0.820048,-0.577468,-0.552168,-0.577468,-0.339899,-0.577468,ordinary
qwen3,qwen3,past_simple,target_language_switch,tense,translation,False,0.959179,0.520424,0.291146,0.520424,0.318315,0.291146,residual_stable_reuse_candidate
qwen3,qwen3,past_simple,they_coref,tense,coreference,False,0.916840,0.281145,0.178604,0.281145,0.048401,0.178604,ordinary
qwen3,qwen3,perfect,poetic,tense,style,False,0.960191,0.375786,0.078414,0.375786,0.073828,0.078414,ordinary
qwen3,qwen3,perfect,possessive_chain,tense,recursive,False,0.853551,-0.402832,0.079005,-0.402832,-0.341471,-0.402832,ordinary
qwen3,qwen3,perfect,pp_chain,tense,recursive,False,0.891003,-0.308222,0.119918,-0.308222,-0.025715,-0.308222,ordinary
qwen3,qwen3,perfect,progressive,tense,tense,True,0.994765,0.921353,0.348689,0.921353,0.873140,0.348689,residual_stable_reuse_candidate
qwen3,qwen3,perfect,relative_clause,tense,recursive,False,0.842436,-0.434574,-0.086116,-0.434574,-0.394081,-0.434574,ordinary
qwen3,qwen3,perfect,scope_quantifier,tense,negation,False,0.915979,-0.165705,0.184917,-0.165705,0.185983,-0.165705,model_curve_artifact_candidate
qwen3,qwen3,perfect,she_coref,tense,coreference,False,0.936643,0.184451,-0.095765,0.184451,0.169086,-0.095765,category_curve_artifact_candidate
qwen3,qwen3,perfect,syntactic_do_not,tense,negation,False,0.872653,-0.090792,0.397725,-0.090792,0.125685,-0.090792,ordinary
qwen3,qwen3,perfect,target_language_switch,tense,translation,False,0.926380,0.120741,-0.197499,0.120741,-0.234172,-0.197499,category_curve_artifact_candidate
qwen3,qwen3,perfect,they_coref,tense,coreference,False,0.873371,-0.140051,-0.139374,-0.140051,-0.264544,-0.140051,ordinary
qwen3,qwen3,poetic,possessive_chain,style,recursive,False,0.883890,-0.166692,0.185153,-0.166692,-0.018315,-0.166692,ordinary
qwen3,qwen3,poetic,pp_chain,style,recursive,False,0.897707,-0.319337,0.244078,-0.319337,-0.001713,-0.319337,ordinary
qwen3,qwen3,poetic,progressive,style,tense,False,0.966128,0.433214,0.214760,0.433214,0.153254,0.214760,residual_stable_reuse_candidate
qwen3,qwen3,poetic,relative_clause,style,recursive,False,0.867795,-0.264525,-0.010658,-0.264525,-0.053532,-0.264525,ordinary
qwen3,qwen3,poetic,scope_quantifier,style,negation,False,0.903509,-0.451751,0.239149,-0.451751,-0.020758,-0.451751,model_curve_artifact_candidate
qwen3,qwen3,poetic,she_coref,style,coreference,False,0.943075,0.214812,0.272834,0.214812,0.059124,0.214812,ordinary
qwen3,qwen3,poetic,syntactic_do_not,style,negation,False,0.859617,-0.287001,0.268458,-0.287001,-0.088703,-0.287001,ordinary
qwen3,qwen3,poetic,target_language_switch,style,translation,False,0.942658,0.274892,-0.487725,0.274892,0.023019,-0.487725,category_curve_artifact_candidate
qwen3,qwen3,poetic,they_coref,style,coreference,False,0.908267,0.157256,-0.433194,0.157256,-0.051342,-0.433194,category_curve_artifact_candidate
qwen3,qwen3,possessive_chain,pp_chain,recursive,recursive,True,0.948053,0.580520,0.212963,0.580520,0.228282,0.212963,residual_stable_reuse_candidate
qwen3,qwen3,possessive_chain,progressive,recursive,tense,False,0.858115,-0.420415,-0.003917,-0.420415,-0.397942,-0.420415,ordinary
qwen3,qwen3,possessive_chain,relative_clause,recursive,recursive,True,0.936246,0.574632,0.227958,0.574632,0.331407,0.227958,residual_stable_reuse_candidate
qwen3,qwen3,possessive_chain,scope_quantifier,recursive,negation,False,0.929266,0.371706,-0.002667,0.371706,-0.009966,-0.002667,category_curve_artifact_candidate
qwen3,qwen3,possessive_chain,she_coref,recursive,coreference,False,0.809636,-0.679564,-0.169873,-0.679564,-0.492435,-0.679564,ordinary
qwen3,qwen3,possessive_chain,syntactic_do_not,recursive,negation,False,0.917506,0.468549,0.102114,0.468549,0.213768,0.102114,ordinary
qwen3,qwen3,possessive_chain,target_language_switch,recursive,translation,False,0.828463,-0.427717,-0.051693,-0.427717,-0.193308,-0.427717,ordinary
qwen3,qwen3,possessive_chain,they_coref,recursive,coreference,False,0.805757,-0.300651,0.047529,-0.300651,-0.055214,-0.300651,ordinary
qwen3,qwen3,pp_chain,progressive,recursive,tense,False,0.900008,-0.261226,0.232373,-0.261226,-0.013807,-0.261226,model_curve_artifact_candidate
qwen3,qwen3,pp_chain,relative_clause,recursive,recursive,True,0.937268,0.519631,0.159572,0.519631,0.315307,0.159572,ordinary
qwen3,qwen3,pp_chain,scope_quantifier,recursive,negation,False,0.959392,0.535933,-0.067578,0.535933,0.143433,-0.067578,category_curve_artifact_candidate
qwen3,qwen3,pp_chain,she_coref,recursive,coreference,False,0.841042,-0.727329,0.198565,-0.727329,-0.385207,-0.727329,ordinary
qwen3,qwen3,pp_chain,syntactic_do_not,recursive,negation,False,0.953536,0.670984,0.175982,0.670984,0.403746,0.175982,ordinary
qwen3,qwen3,pp_chain,target_language_switch,recursive,translation,False,0.836624,-0.665673,-0.358917,-0.665673,-0.488568,-0.665673,ordinary
qwen3,qwen3,pp_chain,they_coref,recursive,coreference,False,0.805136,-0.552707,-0.300568,-0.552707,-0.253894,-0.552707,ordinary
qwen3,qwen3,progressive,relative_clause,tense,recursive,False,0.848640,-0.437623,-0.100431,-0.437623,-0.397440,-0.437623,ordinary
qwen3,qwen3,progressive,scope_quantifier,tense,negation,False,0.920236,-0.170454,0.004005,-0.170454,0.240093,-0.170454,model_curve_artifact_candidate
qwen3,qwen3,progressive,she_coref,tense,coreference,False,0.934881,0.118010,-0.152201,0.118010,0.105926,-0.152201,category_curve_artifact_candidate
qwen3,qwen3,progressive,syntactic_do_not,tense,negation,False,0.884169,-0.020805,0.610394,-0.020805,0.182194,-0.020805,ordinary
qwen3,qwen3,progressive,target_language_switch,tense,translation,False,0.925498,0.066633,-0.405056,0.066633,-0.286033,-0.405056,model_curve_artifact_candidate
qwen3,qwen3,progressive,they_coref,tense,coreference,False,0.871376,-0.208988,-0.197749,-0.208988,-0.353487,-0.208988,ordinary
qwen3,qwen3,relative_clause,scope_quantifier,recursive,negation,False,0.924808,0.372321,0.142874,0.372321,-0.104321,0.142874,ordinary
qwen3,qwen3,relative_clause,she_coref,recursive,coreference,False,0.819371,-0.515169,-0.012444,-0.515169,-0.228877,-0.515169,ordinary
qwen3,qwen3,relative_clause,syntactic_do_not,recursive,negation,False,0.881439,0.263739,-0.220146,0.263739,-0.016666,-0.220146,ordinary
qwen3,qwen3,relative_clause,target_language_switch,recursive,translation,False,0.831934,-0.332750,0.159328,-0.332750,-0.111389,-0.332750,ordinary
qwen3,qwen3,relative_clause,they_coref,recursive,coreference,False,0.804786,-0.255313,-0.022009,-0.255313,0.184411,-0.255313,ordinary
qwen3,qwen3,scope_quantifier,she_coref,negation,coreference,False,0.869682,-0.618717,0.077909,-0.618717,-0.164525,-0.618717,ordinary
qwen3,qwen3,scope_quantifier,syntactic_do_not,negation,negation,True,0.950003,0.632279,-0.108301,0.632279,0.430031,-0.108301,category_curve_artifact_candidate
qwen3,qwen3,scope_quantifier,target_language_switch,negation,translation,False,0.863858,-0.578015,-0.048441,-0.578015,-0.439269,-0.578015,ordinary
qwen3,qwen3,scope_quantifier,they_coref,negation,coreference,False,0.807287,-0.718801,-0.181262,-0.718801,-0.648078,-0.718801,ordinary
qwen3,qwen3,she_coref,syntactic_do_not,coreference,negation,False,0.777824,-0.803301,-0.257539,-0.803301,-0.490290,-0.803301,ordinary
qwen3,qwen3,she_coref,target_language_switch,coreference,translation,False,0.972201,0.699465,-0.282174,0.699465,0.367730,-0.282174,category_curve_artifact_candidate
qwen3,qwen3,she_coref,they_coref,coreference,coreference,True,0.962102,0.715800,-0.161718,0.715800,0.297950,-0.161718,category_curve_artifact_candidate
qwen3,qwen3,syntactic_do_not,target_language_switch,negation,translation,False,0.770227,-0.765446,-0.404289,-0.765446,-0.622036,-0.765446,ordinary
qwen3,qwen3,syntactic_do_not,they_coref,negation,coreference,False,0.717248,-0.760389,-0.277107,-0.760389,-0.594377,-0.760389,ordinary
qwen3,qwen3,target_language_switch,they_coref,translation,coreference,False,0.962898,0.725646,0.628847,0.725646,0.699175,0.628847,residual_stable_reuse_candidate
glm4,glm4,and_or,by_phrase,logical,passive,False,0.926068,0.198632,0.215813,0.198632,-0.253739,0.198632,ordinary
glm4,glm4,and_or,casual,logical,style,False,0.883929,0.271126,0.583165,0.271126,0.069291,0.271126,ordinary
glm4,glm4,and_or,causal,logical,logical,True,0.967012,0.675640,0.475963,0.675640,0.158987,0.475963,residual_stable_reuse_candidate
glm4,glm4,and_or,center_embedding,logical,recursive,False,0.849743,-0.754139,-0.454758,-0.754139,-0.318165,-0.754139,ordinary
glm4,glm4,and_or,complement_clause,logical,recursive,False,0.930384,0.256766,0.548259,0.256766,-0.013552,0.256766,ordinary
glm4,glm4,and_or,concise,logical,style,False,0.890471,0.337632,0.654835,0.337632,0.242805,0.337632,ordinary
glm4,glm4,and_or,conditional,logical,logical,True,0.963817,0.635635,0.406044,0.635635,0.204988,0.406044,residual_stable_reuse_candidate
glm4,glm4,and_or,contrast,logical,logical,True,0.971413,0.723822,0.559248,0.723822,0.239303,0.559248,residual_stable_reuse_candidate
glm4,glm4,and_or,dative_passive,logical,passive,False,0.933621,0.265762,0.333810,0.265762,-0.202023,0.265762,ordinary
glm4,glm4,and_or,deep_complement,logical,recursive,False,0.864425,-0.593941,-0.312621,-0.593941,-0.149402,-0.593941,ordinary
glm4,glm4,and_or,deictic_switch,logical,coreference,False,0.900034,-0.063128,-0.342476,-0.063128,0.154235,-0.342476,model_curve_artifact_candidate
glm4,glm4,and_or,double_relative,logical,recursive,False,0.859675,-0.776384,-0.452631,-0.776384,-0.265027,-0.776384,ordinary
glm4,glm4,and_or,en_fr_phrase,logical,translation,False,0.882879,-0.558054,-0.328776,-0.558054,-0.091351,-0.558054,ordinary
glm4,glm4,and_or,en_fr_word,logical,translation,False,0.906167,0.005122,0.469571,0.005122,0.169240,0.005122,model_curve_artifact_candidate
glm4,glm4,and_or,en_zh_phrase,logical,translation,False,0.870226,-0.745364,-0.603428,-0.745364,-0.297971,-0.745364,ordinary
glm4,glm4,and_or,en_zh_word,logical,translation,False,0.874039,-0.625304,-0.429526,-0.625304,-0.161689,-0.625304,ordinary
glm4,glm4,and_or,existential_no,logical,negation,False,0.951322,0.472914,0.418398,0.472914,0.090527,0.418398,residual_stable_reuse_candidate
glm4,glm4,and_or,formal,logical,style,False,0.831306,-0.809407,-0.657059,-0.809407,-0.328539,-0.809407,ordinary
glm4,glm4,and_or,future_will,logical,tense,False,0.855520,-0.790073,-0.522452,-0.790073,-0.290418,-0.790073,ordinary
glm4,glm4,and_or,get_passive,logical,passive,False,0.931134,0.258727,0.305948,0.258727,-0.132914,0.258727,ordinary
glm4,glm4,and_or,he_coref,logical,coreference,False,0.902618,-0.203339,-0.545503,-0.203339,0.159371,-0.545503,model_curve_artifact_candidate
glm4,glm4,and_or,inference,logical,logical,True,0.962695,0.634136,0.409606,0.634136,0.100930,0.409606,residual_stable_reuse_candidate
glm4,glm4,and_or,it_coref,logical,coreference,False,0.880442,0.337336,0.452301,0.337336,0.086062,0.337336,ordinary
glm4,glm4,and_or,lexical_not_adj,logical,negation,False,0.912448,0.103656,-0.310129,0.103656,-0.168935,-0.310129,category_curve_artifact_candidate
glm4,glm4,and_or,long_passive,logical,passive,False,0.871654,-0.784385,-0.521370,-0.784385,-0.341186,-0.784385,ordinary
glm4,glm4,and_or,morphological_neg,logical,negation,False,0.954943,0.530305,0.273353,0.530305,0.208306,0.273353,residual_stable_reuse_candidate
glm4,glm4,and_or,negated_condition,logical,logical,True,0.842474,-0.720520,-0.668905,-0.720520,-0.190344,-0.720520,ordinary
glm4,glm4,and_or,nested_condition,logical,logical,True,0.854828,-0.665967,-0.680299,-0.665967,-0.174286,-0.680299,ordinary
glm4,glm4,and_or,nested_contrast,logical,logical,True,0.850351,-0.673569,-0.660500,-0.673569,-0.233418,-0.673569,ordinary
glm4,glm4,and_or,nested_passive,logical,passive,False,0.867897,-0.807109,-0.557833,-0.807109,-0.202028,-0.807109,ordinary
glm4,glm4,and_or,never,logical,negation,False,0.917423,0.183271,-0.118270,0.183271,0.013183,-0.118270,category_curve_artifact_candidate
glm4,glm4,and_or,no_agent,logical,passive,False,0.965598,0.659318,0.596559,0.659318,0.157629,0.596559,residual_stable_reuse_candidate
glm4,glm4,and_or,past_simple,logical,tense,False,0.904923,-0.102057,0.496517,-0.102057,0.149398,-0.102057,model_curve_artifact_candidate
glm4,glm4,and_or,perfect,logical,tense,False,0.859527,-0.758155,-0.449373,-0.758155,-0.227630,-0.758155,ordinary
glm4,glm4,and_or,poetic,logical,style,False,0.871454,-0.625141,-0.515426,-0.625141,-0.063865,-0.625141,ordinary
glm4,glm4,and_or,possessive_chain,logical,recursive,False,0.927341,0.223434,0.466382,0.223434,0.054556,0.223434,ordinary
glm4,glm4,and_or,pp_chain,logical,recursive,False,0.911455,0.076757,0.254753,0.076757,-0.294487,0.076757,model_curve_artifact_candidate
glm4,glm4,and_or,progressive,logical,tense,False,0.856351,-0.751574,-0.428082,-0.751574,-0.217975,-0.751574,ordinary
glm4,glm4,and_or,relative_clause,logical,recursive,False,0.909306,0.068230,0.277407,0.068230,-0.107541,0.068230,model_curve_artifact_candidate
glm4,glm4,and_or,scope_quantifier,logical,negation,False,0.911404,0.132524,-0.235981,0.132524,-0.002607,-0.235981,category_curve_artifact_candidate
glm4,glm4,and_or,she_coref,logical,coreference,False,0.916026,0.127764,-0.299131,0.127764,0.286386,-0.299131,category_curve_artifact_candidate
glm4,glm4,and_or,syntactic_do_not,logical,negation,False,0.909417,0.104510,-0.185401,0.104510,-0.209020,-0.185401,category_curve_artifact_candidate
glm4,glm4,and_or,target_language_switch,logical,translation,False,0.912797,0.134654,0.603227,0.134654,0.350625,0.134654,ordinary
glm4,glm4,and_or,they_coref,logical,coreference,False,0.892232,0.360460,0.527633,0.360460,0.327477,0.360460,ordinary
glm4,glm4,by_phrase,casual,passive,style,False,0.804226,-0.602851,-0.231749,-0.602851,-0.260707,-0.602851,ordinary
glm4,glm4,by_phrase,causal,passive,logical,False,0.958886,0.381614,0.335584,0.381614,-0.032466,0.335584,ordinary
glm4,glm4,by_phrase,center_embedding,passive,recursive,False,0.923541,-0.281361,-0.631387,-0.281361,-0.091861,-0.631387,model_curve_artifact_candidate
glm4,glm4,by_phrase,complement_clause,passive,recursive,False,0.989836,0.840736,0.726191,0.840736,0.153840,0.726191,residual_stable_reuse_candidate
glm4,glm4,by_phrase,concise,passive,style,False,0.795016,-0.626218,-0.274417,-0.626218,-0.404786,-0.626218,ordinary
glm4,glm4,by_phrase,conditional,passive,logical,False,0.967316,0.483731,0.431587,0.483731,0.011969,0.431587,residual_stable_reuse_candidate
glm4,glm4,by_phrase,contrast,passive,logical,False,0.958944,0.384588,0.322384,0.384588,-0.026027,0.322384,ordinary
glm4,glm4,by_phrase,dative_passive,passive,passive,True,0.995351,0.923346,0.784221,0.923346,0.581572,0.784221,residual_stable_reuse_candidate
glm4,glm4,by_phrase,deep_complement,passive,recursive,False,0.911930,-0.496536,-0.810790,-0.496536,-0.267740,-0.810790,model_curve_artifact_candidate
glm4,glm4,by_phrase,deictic_switch,passive,coreference,False,0.901119,-0.503960,0.258836,-0.503960,-0.070590,-0.503960,model_curve_artifact_candidate
glm4,glm4,by_phrase,double_relative,passive,recursive,False,0.925273,-0.380550,-0.771109,-0.380550,-0.177926,-0.771109,model_curve_artifact_candidate
glm4,glm4,by_phrase,en_fr_phrase,passive,translation,False,0.921948,-0.555640,0.351899,-0.555640,-0.069480,-0.555640,model_curve_artifact_candidate
glm4,glm4,by_phrase,en_fr_word,passive,translation,False,0.884189,-0.760048,-0.287015,-0.760048,-0.392138,-0.760048,ordinary
glm4,glm4,by_phrase,en_zh_phrase,passive,translation,False,0.920394,-0.588612,0.157082,-0.588612,-0.363358,-0.588612,model_curve_artifact_candidate
glm4,glm4,by_phrase,en_zh_word,passive,translation,False,0.919937,-0.527343,0.258105,-0.527343,-0.152318,-0.527343,model_curve_artifact_candidate
glm4,glm4,by_phrase,existential_no,passive,negation,False,0.989858,0.827722,-0.246399,0.827722,0.385909,-0.246399,category_curve_artifact_candidate
glm4,glm4,by_phrase,formal,passive,style,False,0.926293,-0.112663,0.273976,-0.112663,0.362254,-0.112663,model_curve_artifact_candidate
glm4,glm4,by_phrase,future_will,passive,tense,False,0.929343,-0.270697,0.291517,-0.270697,0.212025,-0.270697,model_curve_artifact_candidate
glm4,glm4,by_phrase,get_passive,passive,passive,True,0.991209,0.860179,0.637941,0.860179,0.377694,0.637941,residual_stable_reuse_candidate
glm4,glm4,by_phrase,he_coref,passive,coreference,False,0.907972,-0.714916,0.098892,-0.714916,-0.113048,-0.714916,model_curve_artifact_candidate
glm4,glm4,by_phrase,inference,passive,logical,False,0.954570,0.344654,0.265634,0.344654,-0.042582,0.265634,ordinary
glm4,glm4,by_phrase,it_coref,passive,coreference,False,0.780023,-0.603212,-0.174858,-0.603212,-0.386035,-0.603212,ordinary
glm4,glm4,by_phrase,lexical_not_adj,passive,negation,False,0.992634,0.896811,0.187369,0.896811,0.485489,0.187369,ordinary
glm4,glm4,by_phrase,long_passive,passive,passive,True,0.929803,-0.452005,-0.767372,-0.452005,0.161151,-0.767372,model_curve_artifact_candidate
glm4,glm4,by_phrase,morphological_neg,passive,negation,False,0.974177,0.583825,-0.378592,0.583825,-0.021428,-0.378592,category_curve_artifact_candidate
glm4,glm4,by_phrase,negated_condition,passive,logical,False,0.927065,-0.127430,-0.221343,-0.127430,0.324087,-0.221343,model_curve_artifact_candidate
glm4,glm4,by_phrase,nested_condition,passive,logical,False,0.914907,-0.399808,-0.458860,-0.399808,-0.272603,-0.458860,model_curve_artifact_candidate
glm4,glm4,by_phrase,nested_contrast,passive,logical,False,0.920341,-0.269010,-0.324360,-0.269010,-0.007227,-0.324360,model_curve_artifact_candidate
glm4,glm4,by_phrase,nested_passive,passive,passive,True,0.928664,-0.445037,-0.770783,-0.445037,-0.050840,-0.770783,model_curve_artifact_candidate
glm4,glm4,by_phrase,never,passive,negation,False,0.988456,0.847683,0.264173,0.847683,0.402340,0.264173,residual_stable_reuse_candidate
glm4,glm4,by_phrase,no_agent,passive,passive,True,0.964264,0.457540,0.074718,0.457540,0.028081,0.074718,ordinary
glm4,glm4,by_phrase,past_simple,passive,tense,False,0.899081,-0.730005,-0.305871,-0.730005,-0.243196,-0.730005,ordinary
glm4,glm4,by_phrase,perfect,passive,tense,False,0.928550,-0.302447,0.271148,-0.302447,0.173613,-0.302447,model_curve_artifact_candidate
glm4,glm4,by_phrase,poetic,passive,style,False,0.924711,-0.398746,0.204478,-0.398746,-0.072307,-0.398746,model_curve_artifact_candidate
glm4,glm4,by_phrase,possessive_chain,passive,recursive,False,0.984549,0.758420,0.570310,0.758420,-0.047332,0.570310,residual_stable_reuse_candidate
glm4,glm4,by_phrase,pp_chain,passive,recursive,False,0.986227,0.796826,0.719404,0.796826,0.206636,0.719404,residual_stable_reuse_candidate
glm4,glm4,by_phrase,progressive,passive,tense,False,0.928232,-0.267880,0.297048,-0.267880,0.207528,-0.267880,model_curve_artifact_candidate
glm4,glm4,by_phrase,relative_clause,passive,recursive,False,0.992906,0.900162,0.801321,0.900162,0.431730,0.801321,residual_stable_reuse_candidate
glm4,glm4,by_phrase,scope_quantifier,passive,negation,False,0.985734,0.814518,0.077625,0.814518,0.225100,0.077625,ordinary
glm4,glm4,by_phrase,she_coref,passive,coreference,False,0.882167,-0.750832,0.092507,-0.750832,-0.307873,-0.750832,ordinary
glm4,glm4,by_phrase,syntactic_do_not,passive,negation,False,0.992238,0.901238,0.355669,0.901238,0.620507,0.355669,residual_stable_reuse_candidate
glm4,glm4,by_phrase,target_language_switch,passive,translation,False,0.869903,-0.813251,-0.309814,-0.813251,-0.597109,-0.813251,ordinary
glm4,glm4,by_phrase,they_coref,passive,coreference,False,0.791869,-0.624377,-0.219327,-0.624377,-0.474870,-0.624377,ordinary
glm4,glm4,casual,causal,style,logical,False,0.858747,-0.072032,0.257506,-0.072032,0.130153,-0.072032,ordinary
glm4,glm4,casual,center_embedding,style,recursive,False,0.861647,-0.116551,0.004913,-0.116551,-0.127215,-0.116551,ordinary
glm4,glm4,casual,complement_clause,style,recursive,False,0.804953,-0.576226,0.029931,-0.576226,-0.233812,-0.576226,ordinary
glm4,glm4,casual,concise,style,style,True,0.994365,0.972168,0.930215,0.972168,0.857896,0.930215,residual_stable_reuse_candidate
glm4,glm4,casual,conditional,style,logical,False,0.853092,-0.153905,0.172372,-0.153905,0.271792,-0.153905,ordinary
glm4,glm4,casual,contrast,style,logical,False,0.860955,-0.051154,0.313170,-0.051154,0.277590,-0.051154,ordinary
glm4,glm4,casual,dative_passive,style,passive,False,0.813516,-0.570086,-0.090544,-0.570086,-0.193186,-0.570086,ordinary
glm4,glm4,casual,deep_complement,style,recursive,False,0.866147,-0.082547,0.088288,-0.082547,-0.044373,-0.082547,ordinary
glm4,glm4,casual,deictic_switch,style,coreference,False,0.901931,0.293874,-0.758234,0.293874,-0.109242,-0.758234,category_curve_artifact_candidate
glm4,glm4,casual,double_relative,style,recursive,False,0.859247,-0.211573,-0.046787,-0.211573,-0.250752,-0.211573,ordinary
glm4,glm4,casual,en_fr_phrase,style,translation,False,0.883126,0.002391,-0.625406,0.002391,-0.206775,-0.625406,ordinary
glm4,glm4,casual,en_fr_word,style,translation,False,0.926401,0.504844,0.520662,0.504844,0.212871,0.504844,residual_stable_reuse_candidate
glm4,glm4,casual,en_zh_phrase,style,translation,False,0.873922,-0.103982,-0.652940,-0.103982,-0.202518,-0.652940,ordinary
glm4,glm4,casual,en_zh_word,style,translation,False,0.881746,0.009695,-0.492432,0.009695,-0.158884,-0.492432,ordinary
glm4,glm4,casual,existential_no,style,negation,False,0.824112,-0.505436,0.385661,-0.505436,-0.237583,-0.505436,ordinary
glm4,glm4,casual,formal,style,style,True,0.828366,-0.333654,-0.918521,-0.333654,-0.344862,-0.918521,ordinary
glm4,glm4,casual,future_will,style,tense,False,0.849147,-0.294667,-0.587968,-0.294667,-0.449393,-0.587968,ordinary
glm4,glm4,casual,get_passive,style,passive,False,0.812611,-0.523395,-0.051791,-0.523395,-0.138877,-0.523395,ordinary
glm4,glm4,casual,he_coref,style,coreference,False,0.908544,0.307271,-0.822077,0.307271,-0.055013,-0.822077,category_curve_artifact_candidate
glm4,glm4,casual,inference,style,logical,False,0.855366,-0.074635,0.252256,-0.074635,0.196545,-0.074635,ordinary
glm4,glm4,casual,it_coref,style,coreference,False,0.986083,0.938280,0.823943,0.938280,0.518593,0.823943,residual_stable_reuse_candidate
glm4,glm4,casual,lexical_not_adj,style,negation,False,0.784153,-0.664438,-0.364854,-0.664438,-0.315307,-0.664438,ordinary
glm4,glm4,casual,long_passive,style,passive,False,0.875235,-0.113428,-0.069979,-0.113428,-0.230471,-0.113428,ordinary
glm4,glm4,casual,morphological_neg,style,negation,False,0.837972,-0.306531,0.408310,-0.306531,0.135631,-0.306531,ordinary
glm4,glm4,casual,negated_condition,style,logical,False,0.834213,-0.303807,-0.472101,-0.303807,-0.435600,-0.472101,ordinary
glm4,glm4,casual,nested_condition,style,logical,False,0.861064,-0.109411,-0.286608,-0.109411,-0.072951,-0.286608,ordinary
glm4,glm4,casual,nested_contrast,style,logical,False,0.850073,-0.187242,-0.357744,-0.187242,-0.233371,-0.357744,ordinary
glm4,glm4,casual,nested_passive,style,passive,False,0.870079,-0.160260,-0.119536,-0.160260,-0.272737,-0.160260,ordinary
glm4,glm4,casual,never,style,negation,False,0.783515,-0.615596,-0.317720,-0.615596,-0.270529,-0.615596,ordinary
glm4,glm4,casual,no_agent,style,passive,False,0.854752,-0.112304,0.443302,-0.112304,0.199828,-0.112304,ordinary
glm4,glm4,casual,past_simple,style,tense,False,0.919227,0.427966,0.626348,0.427966,0.035681,0.427966,residual_stable_reuse_candidate
glm4,glm4,casual,perfect,style,tense,False,0.851993,-0.276927,-0.559879,-0.276927,-0.402337,-0.559879,ordinary
glm4,glm4,casual,poetic,style,style,True,0.863540,-0.170301,-0.930685,-0.170301,-0.328654,-0.930685,ordinary
glm4,glm4,casual,possessive_chain,style,recursive,False,0.810339,-0.525778,0.124398,-0.525778,-0.072843,-0.525778,ordinary
glm4,glm4,casual,pp_chain,style,recursive,False,0.799846,-0.562279,0.003402,-0.562279,-0.008599,-0.562279,ordinary
glm4,glm4,casual,progressive,style,tense,False,0.845780,-0.313009,-0.612831,-0.313009,-0.470593,-0.612831,ordinary
glm4,glm4,casual,relative_clause,style,recursive,False,0.783067,-0.677504,-0.212273,-0.677504,-0.263820,-0.677504,ordinary
glm4,glm4,casual,scope_quantifier,style,negation,False,0.777652,-0.643284,-0.339556,-0.643284,-0.208999,-0.643284,ordinary
glm4,glm4,casual,she_coref,style,coreference,False,0.967073,0.849576,-0.321465,0.849576,0.225147,-0.321465,category_curve_artifact_candidate
glm4,glm4,casual,syntactic_do_not,style,negation,False,0.794069,-0.528610,-0.073951,-0.528610,-0.258461,-0.528610,ordinary
glm4,glm4,casual,target_language_switch,style,translation,False,0.957553,0.760945,0.836462,0.760945,0.435450,0.760945,residual_stable_reuse_candidate
glm4,glm4,casual,they_coref,style,coreference,False,0.988527,0.944071,0.845898,0.944071,0.733188,0.845898,residual_stable_reuse_candidate
glm4,glm4,causal,center_embedding,logical,recursive,False,0.887515,-0.777345,-0.687229,-0.777345,-0.367920,-0.777345,ordinary
glm4,glm4,causal,complement_clause,logical,recursive,False,0.959317,0.397816,0.607911,0.397816,0.023169,0.397816,ordinary
glm4,glm4,causal,concise,logical,style,False,0.861482,-0.006635,0.335500,-0.006635,0.164747,-0.006635,ordinary
glm4,glm4,causal,conditional,logical,logical,True,0.992473,0.888721,0.771084,0.888721,0.641037,0.771084,residual_stable_reuse_candidate
glm4,glm4,causal,contrast,logical,logical,True,0.995453,0.935411,0.867611,0.935411,0.684329,0.867611,residual_stable_reuse_candidate
glm4,glm4,causal,dative_passive,logical,passive,False,0.963142,0.422993,0.393646,0.422993,-0.069583,0.393646,residual_stable_reuse_candidate
glm4,glm4,causal,deep_complement,logical,recursive,False,0.900718,-0.589038,-0.500697,-0.589038,-0.261361,-0.589038,model_curve_artifact_candidate
glm4,glm4,causal,deictic_switch,logical,coreference,False,0.906841,-0.339844,-0.214335,-0.339844,-0.239853,-0.339844,model_curve_artifact_candidate
glm4,glm4,causal,double_relative,logical,recursive,False,0.902153,-0.700533,-0.566827,-0.700533,-0.220808,-0.700533,model_curve_artifact_candidate
glm4,glm4,causal,en_fr_phrase,logical,translation,False,0.918922,-0.510983,-0.233712,-0.510983,-0.134431,-0.510983,model_curve_artifact_candidate
glm4,glm4,causal,en_fr_word,logical,translation,False,0.929589,-0.011765,0.498173,-0.011765,0.275108,-0.011765,model_curve_artifact_candidate
glm4,glm4,causal,en_zh_phrase,logical,translation,False,0.913548,-0.615475,-0.408471,-0.615475,-0.238633,-0.615475,model_curve_artifact_candidate
glm4,glm4,causal,en_zh_word,logical,translation,False,0.914455,-0.529733,-0.255686,-0.529733,-0.162067,-0.529733,model_curve_artifact_candidate
glm4,glm4,causal,existential_no,logical,negation,False,0.977977,0.649234,0.415495,0.649234,0.113434,0.415495,residual_stable_reuse_candidate
glm4,glm4,causal,formal,logical,style,False,0.880562,-0.705957,-0.324167,-0.705957,-0.225374,-0.705957,ordinary
glm4,glm4,causal,future_will,logical,tense,False,0.896166,-0.758814,-0.399856,-0.758814,-0.309553,-0.758814,ordinary
glm4,glm4,causal,get_passive,logical,passive,False,0.956921,0.353981,0.238757,0.353981,-0.106298,0.238757,ordinary
glm4,glm4,causal,he_coref,logical,coreference,False,0.923278,-0.337239,-0.177107,-0.337239,-0.069875,-0.337239,model_curve_artifact_candidate
glm4,glm4,causal,inference,logical,logical,True,0.995159,0.934278,0.868065,0.934278,0.644642,0.868065,residual_stable_reuse_candidate
glm4,glm4,causal,it_coref,logical,coreference,False,0.846817,-0.016910,0.154900,-0.016910,-0.006950,-0.016910,ordinary
glm4,glm4,causal,lexical_not_adj,logical,negation,False,0.948692,0.294170,-0.208713,0.294170,0.026140,-0.208713,category_curve_artifact_candidate
glm4,glm4,causal,long_passive,logical,passive,False,0.911346,-0.722639,-0.657286,-0.722639,-0.209152,-0.722639,model_curve_artifact_candidate
glm4,glm4,causal,morphological_neg,logical,negation,False,0.988680,0.829803,0.499860,0.829803,0.548442,0.499860,residual_stable_reuse_candidate
glm4,glm4,causal,negated_condition,logical,logical,True,0.880457,-0.746564,-0.806607,-0.746564,-0.336735,-0.806607,ordinary
glm4,glm4,causal,nested_condition,logical,logical,True,0.891090,-0.689680,-0.834999,-0.689680,-0.252530,-0.834999,ordinary
glm4,glm4,causal,nested_contrast,logical,logical,True,0.883125,-0.757835,-0.873175,-0.757835,-0.405615,-0.873175,ordinary
glm4,glm4,causal,nested_passive,logical,passive,False,0.908535,-0.741371,-0.695025,-0.741371,-0.213953,-0.741371,model_curve_artifact_candidate
glm4,glm4,causal,never,logical,negation,False,0.945997,0.290282,-0.310416,0.290282,-0.127413,-0.310416,category_curve_artifact_candidate
glm4,glm4,causal,no_agent,logical,passive,False,0.993889,0.912199,0.820416,0.912199,0.628822,0.820416,residual_stable_reuse_candidate
glm4,glm4,causal,past_simple,logical,tense,False,0.925993,-0.192215,0.439381,-0.192215,-0.038663,-0.192215,model_curve_artifact_candidate
glm4,glm4,causal,perfect,logical,tense,False,0.898018,-0.750469,-0.401983,-0.750469,-0.306346,-0.750469,ordinary
glm4,glm4,causal,poetic,logical,style,False,0.905845,-0.644468,-0.236475,-0.644468,-0.282977,-0.644468,model_curve_artifact_candidate
glm4,glm4,causal,possessive_chain,logical,recursive,False,0.961771,0.435444,0.644532,0.435444,0.227981,0.435444,residual_stable_reuse_candidate
glm4,glm4,causal,pp_chain,logical,recursive,False,0.955591,0.374078,0.615360,0.374078,0.127301,0.374078,ordinary
glm4,glm4,causal,progressive,logical,tense,False,0.894550,-0.754879,-0.433982,-0.754879,-0.346368,-0.754879,ordinary
glm4,glm4,causal,relative_clause,logical,recursive,False,0.944382,0.232284,0.375302,0.232284,-0.106122,0.232284,ordinary
glm4,glm4,causal,scope_quantifier,logical,negation,False,0.942127,0.251271,-0.374426,0.251271,-0.032679,-0.374426,category_curve_artifact_candidate
glm4,glm4,causal,she_coref,logical,coreference,False,0.913044,-0.222514,-0.182131,-0.222514,-0.137093,-0.222514,model_curve_artifact_candidate
glm4,glm4,causal,syntactic_do_not,logical,negation,False,0.938953,0.199965,-0.346271,0.199965,-0.234882,-0.346271,category_curve_artifact_candidate
glm4,glm4,causal,target_language_switch,logical,translation,False,0.917973,-0.082655,0.253449,-0.082655,0.186958,-0.082655,model_curve_artifact_candidate
glm4,glm4,causal,they_coref,logical,coreference,False,0.863387,0.029698,0.308128,0.029698,0.164162,0.029698,ordinary
glm4,glm4,center_embedding,complement_clause,recursive,recursive,True,0.928070,-0.183652,-0.715675,-0.183652,0.247858,-0.715675,model_curve_artifact_candidate
glm4,glm4,center_embedding,concise,recursive,style,False,0.848790,-0.187431,-0.051083,-0.187431,-0.129405,-0.187431,ordinary
glm4,glm4,center_embedding,conditional,recursive,logical,False,0.891175,-0.805269,-0.802731,-0.805269,-0.496396,-0.805269,ordinary
glm4,glm4,center_embedding,contrast,recursive,logical,False,0.883742,-0.831089,-0.733536,-0.831089,-0.492584,-0.831089,ordinary
glm4,glm4,center_embedding,dative_passive,recursive,passive,False,0.926534,-0.291228,-0.661156,-0.291228,-0.020914,-0.661156,model_curve_artifact_candidate
glm4,glm4,center_embedding,deep_complement,recursive,recursive,True,0.978459,0.614805,0.617656,0.614805,0.533624,0.614805,residual_stable_reuse_candidate
glm4,glm4,center_embedding,deictic_switch,recursive,coreference,False,0.946883,0.154864,0.037566,0.154864,-0.178316,0.037566,category_curve_artifact_candidate
glm4,glm4,center_embedding,double_relative,recursive,recursive,True,0.990258,0.814704,0.806133,0.814704,0.580380,0.806133,residual_stable_reuse_candidate
glm4,glm4,center_embedding,en_fr_phrase,recursive,translation,False,0.970812,0.395332,0.057311,0.395332,-0.161026,0.057311,ordinary
glm4,glm4,center_embedding,en_fr_word,recursive,translation,False,0.930770,-0.101867,-0.136804,-0.101867,-0.288010,-0.136804,model_curve_artifact_candidate
glm4,glm4,center_embedding,en_zh_phrase,recursive,translation,False,0.982154,0.637199,0.074963,0.637199,0.297697,0.074963,ordinary
glm4,glm4,center_embedding,en_zh_word,recursive,translation,False,0.976241,0.527776,0.130189,0.527776,0.092994,0.130189,ordinary
glm4,glm4,center_embedding,existential_no,recursive,negation,False,0.911011,-0.619289,-0.188963,-0.619289,-0.422814,-0.619289,model_curve_artifact_candidate
glm4,glm4,center_embedding,formal,recursive,style,False,0.984694,0.762232,0.056879,0.762232,0.060171,0.056879,ordinary
glm4,glm4,center_embedding,future_will,recursive,tense,False,0.989118,0.795874,0.164281,0.795874,-0.009696,0.164281,ordinary
glm4,glm4,center_embedding,get_passive,recursive,passive,False,0.919579,-0.343103,-0.648394,-0.343103,-0.174048,-0.648394,model_curve_artifact_candidate
glm4,glm4,center_embedding,he_coref,recursive,coreference,False,0.955102,0.120106,-0.078359,0.120106,-0.319712,-0.078359,category_curve_artifact_candidate
glm4,glm4,center_embedding,inference,recursive,logical,False,0.882222,-0.787616,-0.719471,-0.787616,-0.373719,-0.787616,ordinary
glm4,glm4,center_embedding,it_coref,recursive,coreference,False,0.841321,-0.125471,0.067937,-0.125471,0.466140,-0.125471,ordinary
glm4,glm4,center_embedding,lexical_not_adj,recursive,negation,False,0.922060,-0.183817,0.123647,-0.183817,-0.123690,-0.183817,model_curve_artifact_candidate
glm4,glm4,center_embedding,long_passive,recursive,passive,False,0.986836,0.733968,0.848945,0.733968,0.089425,0.733968,residual_stable_reuse_candidate
glm4,glm4,center_embedding,morphological_neg,recursive,negation,False,0.900085,-0.692047,-0.127386,-0.692047,-0.412011,-0.692047,model_curve_artifact_candidate
glm4,glm4,center_embedding,negated_condition,recursive,logical,False,0.981875,0.708663,0.700746,0.708663,-0.062337,0.700746,residual_stable_reuse_candidate
glm4,glm4,center_embedding,nested_condition,recursive,logical,False,0.987608,0.785829,0.721447,0.785829,0.666106,0.721447,residual_stable_reuse_candidate
glm4,glm4,center_embedding,nested_contrast,recursive,logical,False,0.988632,0.810968,0.734395,0.810968,0.515893,0.734395,residual_stable_reuse_candidate
glm4,glm4,center_embedding,nested_passive,recursive,passive,False,0.988210,0.765555,0.843530,0.765555,0.120800,0.765555,residual_stable_reuse_candidate
glm4,glm4,center_embedding,never,recursive,negation,False,0.912450,-0.268419,0.038879,-0.268419,-0.236899,-0.268419,model_curve_artifact_candidate
glm4,glm4,center_embedding,no_agent,recursive,passive,False,0.888136,-0.783949,-0.545377,-0.783949,-0.444396,-0.783949,ordinary
glm4,glm4,center_embedding,past_simple,recursive,tense,False,0.945686,0.020046,-0.155225,0.020046,-0.220812,-0.155225,model_curve_artifact_candidate
glm4,glm4,center_embedding,perfect,recursive,tense,False,0.988560,0.783245,0.140676,0.783245,-0.022027,0.140676,ordinary
glm4,glm4,center_embedding,poetic,recursive,style,False,0.977764,0.567920,-0.019684,0.567920,-0.091795,-0.019684,category_curve_artifact_candidate
glm4,glm4,center_embedding,possessive_chain,recursive,recursive,True,0.923261,-0.259775,-0.855373,-0.259775,0.253049,-0.855373,model_curve_artifact_candidate
glm4,glm4,center_embedding,pp_chain,recursive,recursive,True,0.927907,-0.123565,-0.769576,-0.123565,0.330343,-0.769576,model_curve_artifact_candidate
glm4,glm4,center_embedding,progressive,recursive,tense,False,0.987997,0.777693,0.132780,0.777693,-0.033224,0.132780,ordinary
glm4,glm4,center_embedding,relative_clause,recursive,recursive,True,0.923444,-0.166780,-0.733539,-0.166780,-0.010288,-0.733539,model_curve_artifact_candidate
glm4,glm4,center_embedding,scope_quantifier,recursive,negation,False,0.913566,-0.231262,-0.011860,-0.231262,-0.176354,-0.231262,model_curve_artifact_candidate
glm4,glm4,center_embedding,she_coref,recursive,coreference,False,0.932507,-0.048442,-0.045861,-0.048442,-0.237215,-0.048442,model_curve_artifact_candidate
glm4,glm4,center_embedding,syntactic_do_not,recursive,negation,False,0.921735,-0.128124,0.226743,-0.128124,0.101110,-0.128124,model_curve_artifact_candidate
glm4,glm4,center_embedding,target_language_switch,recursive,translation,False,0.922875,-0.118922,-0.082075,-0.118922,-0.241227,-0.118922,model_curve_artifact_candidate
glm4,glm4,center_embedding,they_coref,recursive,coreference,False,0.843047,-0.214903,-0.021178,-0.214903,-0.079249,-0.214903,ordinary
glm4,glm4,complement_clause,concise,recursive,style,False,0.795951,-0.597785,0.031504,-0.597785,-0.270737,-0.597785,ordinary
glm4,glm4,complement_clause,conditional,recursive,logical,False,0.962524,0.418177,0.514084,0.418177,-0.179929,0.418177,residual_stable_reuse_candidate
glm4,glm4,complement_clause,contrast,recursive,logical,False,0.955286,0.340265,0.536102,0.340265,-0.166281,0.340265,ordinary
glm4,glm4,complement_clause,dative_passive,recursive,passive,False,0.994216,0.906997,0.822474,0.906997,0.333853,0.822474,residual_stable_reuse_candidate
glm4,glm4,complement_clause,deep_complement,recursive,recursive,True,0.918400,-0.361338,-0.798823,-0.361338,0.111721,-0.798823,model_curve_artifact_candidate
glm4,glm4,complement_clause,deictic_switch,recursive,coreference,False,0.900953,-0.481260,0.177143,-0.481260,-0.107084,-0.481260,model_curve_artifact_candidate
glm4,glm4,complement_clause,double_relative,recursive,recursive,True,0.927877,-0.306102,-0.808295,-0.306102,0.121508,-0.808295,model_curve_artifact_candidate
glm4,glm4,complement_clause,en_fr_phrase,recursive,translation,False,0.915617,-0.650388,0.100187,-0.650388,-0.302334,-0.650388,model_curve_artifact_candidate
glm4,glm4,complement_clause,en_fr_word,recursive,translation,False,0.880919,-0.779354,0.051513,-0.779354,-0.444257,-0.779354,ordinary
glm4,glm4,complement_clause,en_zh_phrase,recursive,translation,False,0.921535,-0.533627,-0.095191,-0.533627,-0.125927,-0.533627,model_curve_artifact_candidate
glm4,glm4,complement_clause,en_zh_word,recursive,translation,False,0.915706,-0.577584,-0.019871,-0.577584,-0.199791,-0.577584,model_curve_artifact_candidate
glm4,glm4,complement_clause,existential_no,recursive,negation,False,0.985219,0.753341,0.058693,0.753341,0.074155,0.058693,ordinary
glm4,glm4,complement_clause,formal,recursive,style,False,0.919209,-0.199555,-0.057591,-0.199555,-0.049212,-0.199555,model_curve_artifact_candidate
glm4,glm4,complement_clause,future_will,recursive,tense,False,0.929188,-0.249150,-0.025919,-0.249150,0.007661,-0.249150,model_curve_artifact_candidate
glm4,glm4,complement_clause,get_passive,recursive,passive,False,0.987504,0.804767,0.660568,0.804767,0.143374,0.660568,residual_stable_reuse_candidate
glm4,glm4,complement_clause,he_coref,recursive,coreference,False,0.904507,-0.746192,-0.072936,-0.746192,-0.369649,-0.746192,model_curve_artifact_candidate
glm4,glm4,complement_clause,inference,recursive,logical,False,0.954570,0.354510,0.500180,0.354510,0.216027,0.354510,ordinary
glm4,glm4,complement_clause,it_coref,recursive,coreference,False,0.784205,-0.549738,-0.030910,-0.549738,-0.008276,-0.549738,ordinary
glm4,glm4,complement_clause,lexical_not_adj,recursive,negation,False,0.988903,0.843800,0.048933,0.843800,0.214085,0.048933,category_curve_artifact_candidate
glm4,glm4,complement_clause,long_passive,recursive,passive,False,0.926650,-0.487075,-0.835442,-0.487075,-0.162279,-0.835442,model_curve_artifact_candidate
glm4,glm4,complement_clause,morphological_neg,recursive,negation,False,0.969227,0.512886,-0.154710,0.512886,-0.161344,-0.154710,category_curve_artifact_candidate
glm4,glm4,complement_clause,negated_condition,recursive,logical,False,0.921463,-0.193597,-0.514973,-0.193597,-0.040764,-0.514973,model_curve_artifact_candidate
glm4,glm4,complement_clause,nested_condition,recursive,logical,False,0.920585,-0.283238,-0.733247,-0.283238,0.189965,-0.733247,model_curve_artifact_candidate
glm4,glm4,complement_clause,nested_contrast,recursive,logical,False,0.927977,-0.127545,-0.538849,-0.127545,0.346378,-0.538849,model_curve_artifact_candidate
glm4,glm4,complement_clause,nested_passive,recursive,passive,False,0.926265,-0.463780,-0.860056,-0.463780,-0.228450,-0.860056,model_curve_artifact_candidate
glm4,glm4,complement_clause,never,recursive,negation,False,0.983144,0.775377,0.149059,0.775377,0.167509,0.149059,ordinary
glm4,glm4,complement_clause,no_agent,recursive,passive,False,0.958066,0.373523,0.380317,0.373523,-0.200431,0.373523,ordinary
glm4,glm4,complement_clause,past_simple,recursive,tense,False,0.894685,-0.773005,-0.057288,-0.773005,-0.407887,-0.773005,ordinary
glm4,glm4,complement_clause,perfect,recursive,tense,False,0.930479,-0.242488,0.060464,-0.242488,0.040984,-0.242488,model_curve_artifact_candidate
glm4,glm4,complement_clause,poetic,recursive,style,False,0.921348,-0.433506,0.005862,-0.433506,-0.187132,-0.433506,model_curve_artifact_candidate
glm4,glm4,complement_clause,possessive_chain,recursive,recursive,True,0.987940,0.814536,0.624535,0.814536,0.350941,0.624535,residual_stable_reuse_candidate
glm4,glm4,complement_clause,pp_chain,recursive,recursive,True,0.990372,0.860097,0.695065,0.860097,0.440852,0.695065,residual_stable_reuse_candidate
glm4,glm4,complement_clause,progressive,recursive,tense,False,0.930745,-0.200186,0.123262,-0.200186,0.087517,-0.200186,model_curve_artifact_candidate
glm4,glm4,complement_clause,relative_clause,recursive,recursive,True,0.987598,0.824313,0.642842,0.824313,0.196502,0.642842,residual_stable_reuse_candidate
glm4,glm4,complement_clause,scope_quantifier,recursive,negation,False,0.982423,0.770683,-0.017093,0.770683,0.154595,-0.017093,category_curve_artifact_candidate
glm4,glm4,complement_clause,she_coref,recursive,coreference,False,0.879332,-0.763247,-0.151630,-0.763247,-0.407209,-0.763247,ordinary
glm4,glm4,complement_clause,syntactic_do_not,recursive,negation,False,0.985402,0.807323,0.057848,0.807323,0.231392,0.057848,ordinary
glm4,glm4,complement_clause,target_language_switch,recursive,translation,False,0.869993,-0.782848,-0.020251,-0.782848,-0.445601,-0.782848,ordinary
glm4,glm4,complement_clause,they_coref,recursive,coreference,False,0.791463,-0.607670,-0.024453,-0.607670,-0.324581,-0.607670,ordinary
glm4,glm4,concise,conditional,style,logical,False,0.853997,-0.099465,0.223830,-0.099465,0.275539,-0.099465,ordinary
glm4,glm4,concise,contrast,style,logical,False,0.864329,0.018856,0.399464,0.018856,0.317828,0.018856,ordinary
glm4,glm4,concise,dative_passive,style,passive,False,0.805396,-0.585997,-0.118077,-0.585997,-0.364208,-0.585997,ordinary
glm4,glm4,concise,deep_complement,style,recursive,False,0.860993,-0.082889,0.139876,-0.082889,0.069363,-0.082889,ordinary
glm4,glm4,concise,deictic_switch,style,coreference,False,0.899362,0.306412,-0.765672,0.306412,-0.165380,-0.765672,ordinary
glm4,glm4,concise,double_relative,style,recursive,False,0.851247,-0.238316,-0.025441,-0.238316,-0.129388,-0.238316,ordinary
glm4,glm4,concise,en_fr_phrase,style,translation,False,0.881209,0.035864,-0.631351,0.035864,-0.155913,-0.631351,ordinary
glm4,glm4,concise,en_fr_word,style,translation,False,0.933214,0.591101,0.659109,0.591101,0.375497,0.591101,residual_stable_reuse_candidate
glm4,glm4,concise,en_zh_phrase,style,translation,False,0.868624,-0.105875,-0.736178,-0.105875,-0.145427,-0.736178,ordinary
glm4,glm4,concise,en_zh_word,style,translation,False,0.875143,-0.008643,-0.615670,-0.008643,-0.076331,-0.615670,ordinary
glm4,glm4,concise,existential_no,style,negation,False,0.818981,-0.495361,0.483516,-0.495361,-0.334374,-0.495361,ordinary
glm4,glm4,concise,formal,style,style,True,0.815110,-0.395324,-0.954436,-0.395324,-0.410624,-0.954436,ordinary
glm4,glm4,concise,future_will,style,tense,False,0.838510,-0.344839,-0.676343,-0.344839,-0.517787,-0.676343,ordinary
glm4,glm4,concise,get_passive,style,passive,False,0.803454,-0.548091,-0.100210,-0.548091,-0.288065,-0.548091,ordinary
glm4,glm4,concise,he_coref,style,coreference,False,0.906458,0.329088,-0.822423,0.329088,-0.043266,-0.822423,category_curve_artifact_candidate
glm4,glm4,concise,inference,style,logical,False,0.858034,-0.012064,0.324182,-0.012064,0.189730,-0.012064,ordinary
glm4,glm4,concise,it_coref,style,coreference,False,0.989944,0.955764,0.812094,0.955764,0.593002,0.812094,residual_stable_reuse_candidate
glm4,glm4,concise,lexical_not_adj,style,negation,False,0.772221,-0.704936,-0.453201,-0.704936,-0.487482,-0.704936,ordinary
glm4,glm4,concise,long_passive,style,passive,False,0.867924,-0.138968,-0.073509,-0.138968,-0.249685,-0.138968,ordinary
glm4,glm4,concise,morphological_neg,style,negation,False,0.839604,-0.240900,0.559895,-0.240900,0.242649,-0.240900,ordinary
glm4,glm4,concise,negated_condition,style,logical,False,0.820816,-0.369017,-0.562116,-0.369017,-0.541048,-0.562116,ordinary
glm4,glm4,concise,nested_condition,style,logical,False,0.851932,-0.145192,-0.348846,-0.145192,-0.014550,-0.348846,ordinary
glm4,glm4,concise,nested_contrast,style,logical,False,0.838400,-0.242281,-0.440690,-0.242281,-0.234004,-0.440690,ordinary
glm4,glm4,concise,nested_passive,style,passive,False,0.862394,-0.188232,-0.125236,-0.188232,-0.196723,-0.188232,ordinary
glm4,glm4,concise,never,style,negation,False,0.772805,-0.645489,-0.373446,-0.645489,-0.403001,-0.645489,ordinary
glm4,glm4,concise,no_agent,style,passive,False,0.855643,-0.060869,0.531009,-0.060869,0.185754,-0.060869,ordinary
glm4,glm4,concise,past_simple,style,tense,False,0.919103,0.462967,0.709486,0.462967,0.123199,0.462967,residual_stable_reuse_candidate
glm4,glm4,concise,perfect,style,tense,False,0.842081,-0.321038,-0.629157,-0.321038,-0.472813,-0.629157,ordinary
glm4,glm4,concise,poetic,style,style,True,0.857695,-0.175916,-0.890159,-0.175916,-0.351480,-0.890159,ordinary
glm4,glm4,concise,possessive_chain,style,recursive,False,0.803088,-0.533335,0.154495,-0.533335,-0.014785,-0.533335,ordinary
glm4,glm4,concise,pp_chain,style,recursive,False,0.788824,-0.599094,-0.033374,-0.599094,-0.090758,-0.599094,ordinary
glm4,glm4,concise,progressive,style,tense,False,0.835236,-0.360711,-0.688696,-0.360711,-0.553515,-0.688696,ordinary
glm4,glm4,concise,relative_clause,style,recursive,False,0.772123,-0.709882,-0.231719,-0.709882,-0.350257,-0.709882,ordinary
glm4,glm4,concise,scope_quantifier,style,negation,False,0.766199,-0.677531,-0.403285,-0.677531,-0.343823,-0.677531,ordinary
glm4,glm4,concise,she_coref,style,coreference,False,0.966361,0.863494,-0.374589,0.863494,0.335433,-0.374589,category_curve_artifact_candidate
glm4,glm4,concise,syntactic_do_not,style,negation,False,0.780250,-0.584401,-0.213169,-0.584401,-0.404236,-0.584401,ordinary
glm4,glm4,concise,target_language_switch,style,translation,False,0.962681,0.820167,0.885219,0.820167,0.644335,0.820167,residual_stable_reuse_candidate
glm4,glm4,concise,they_coref,style,coreference,False,0.995696,0.979354,0.888806,0.979354,0.887650,0.888806,residual_stable_reuse_candidate
glm4,glm4,conditional,contrast,logical,logical,True,0.996366,0.947155,0.890571,0.947155,0.901519,0.890571,residual_stable_reuse_candidate
glm4,glm4,conditional,dative_passive,logical,passive,False,0.971447,0.529028,0.491586,0.529028,-0.006077,0.491586,residual_stable_reuse_candidate
glm4,glm4,conditional,deep_complement,logical,recursive,False,0.908769,-0.533917,-0.500870,-0.533917,-0.342981,-0.533917,model_curve_artifact_candidate
glm4,glm4,conditional,deictic_switch,logical,coreference,False,0.900789,-0.494135,-0.255570,-0.494135,-0.362710,-0.494135,model_curve_artifact_candidate
glm4,glm4,conditional,double_relative,logical,recursive,False,0.905629,-0.727215,-0.685478,-0.727215,-0.291044,-0.727215,model_curve_artifact_candidate
glm4,glm4,conditional,en_fr_phrase,logical,translation,False,0.920672,-0.562711,-0.214637,-0.562711,-0.191807,-0.562711,model_curve_artifact_candidate
glm4,glm4,conditional,en_fr_word,logical,translation,False,0.928055,-0.082305,0.419544,-0.082305,0.337273,-0.082305,model_curve_artifact_candidate
glm4,glm4,conditional,en_zh_phrase,logical,translation,False,0.919268,-0.592344,-0.240265,-0.592344,-0.250206,-0.592344,model_curve_artifact_candidate
glm4,glm4,conditional,en_zh_word,logical,translation,False,0.915474,-0.594981,-0.270328,-0.594981,-0.237741,-0.594981,model_curve_artifact_candidate
glm4,glm4,conditional,existential_no,logical,negation,False,0.984353,0.736016,0.279169,0.736016,0.238930,0.279169,residual_stable_reuse_candidate
glm4,glm4,conditional,formal,logical,style,False,0.887585,-0.681062,-0.199806,-0.681062,-0.203560,-0.681062,ordinary
glm4,glm4,conditional,future_will,logical,tense,False,0.899656,-0.788194,-0.325682,-0.788194,-0.371317,-0.788194,ordinary
glm4,glm4,conditional,get_passive,logical,passive,False,0.968908,0.510509,0.450144,0.510509,0.046599,0.450144,residual_stable_reuse_candidate
glm4,glm4,conditional,he_coref,logical,coreference,False,0.924161,-0.394772,-0.047559,-0.394772,-0.041845,-0.394772,model_curve_artifact_candidate
glm4,glm4,conditional,inference,logical,logical,True,0.991319,0.878737,0.754791,0.878737,0.606295,0.754791,residual_stable_reuse_candidate
glm4,glm4,conditional,it_coref,logical,coreference,False,0.838674,-0.110164,0.085871,-0.110164,0.027511,-0.110164,ordinary
glm4,glm4,conditional,lexical_not_adj,logical,negation,False,0.957721,0.393467,-0.221014,0.393467,0.004994,-0.221014,category_curve_artifact_candidate
glm4,glm4,conditional,long_passive,logical,passive,False,0.915200,-0.741444,-0.742432,-0.741444,-0.304601,-0.742432,model_curve_artifact_candidate
glm4,glm4,conditional,morphological_neg,logical,negation,False,0.992804,0.885386,0.382936,0.885386,0.698183,0.382936,residual_stable_reuse_candidate
glm4,glm4,conditional,negated_condition,logical,logical,True,0.886064,-0.743935,-0.771133,-0.743935,-0.389152,-0.771133,ordinary
glm4,glm4,conditional,nested_condition,logical,logical,True,0.898961,-0.645017,-0.752018,-0.645017,-0.294764,-0.752018,ordinary
glm4,glm4,conditional,nested_contrast,logical,logical,True,0.887322,-0.776817,-0.862916,-0.776817,-0.521901,-0.862916,ordinary
glm4,glm4,conditional,nested_passive,logical,passive,False,0.913874,-0.730970,-0.747652,-0.730970,-0.264738,-0.747652,model_curve_artifact_candidate
glm4,glm4,conditional,never,logical,negation,False,0.956576,0.407284,-0.239441,0.407284,-0.005887,-0.239441,category_curve_artifact_candidate
glm4,glm4,conditional,no_agent,logical,passive,False,0.993656,0.905185,0.699261,0.905185,0.740653,0.699261,residual_stable_reuse_candidate
glm4,glm4,conditional,past_simple,logical,tense,False,0.925305,-0.265985,0.385737,-0.265985,-0.056762,-0.265985,model_curve_artifact_candidate
glm4,glm4,conditional,perfect,logical,tense,False,0.901367,-0.781903,-0.328241,-0.781903,-0.380091,-0.781903,model_curve_artifact_candidate
glm4,glm4,conditional,poetic,logical,style,False,0.907977,-0.693353,-0.179043,-0.693353,-0.419666,-0.693353,model_curve_artifact_candidate
glm4,glm4,conditional,possessive_chain,logical,recursive,False,0.973411,0.588202,0.818365,0.588202,0.214594,0.588202,residual_stable_reuse_candidate
glm4,glm4,conditional,pp_chain,logical,recursive,False,0.961603,0.434648,0.608534,0.434648,0.017317,0.434648,residual_stable_reuse_candidate
glm4,glm4,conditional,progressive,logical,tense,False,0.897158,-0.799697,-0.425647,-0.799697,-0.449801,-0.799697,ordinary
glm4,glm4,conditional,relative_clause,logical,recursive,False,0.957896,0.393815,0.582088,0.393815,-0.022672,0.393815,ordinary
glm4,glm4,conditional,scope_quantifier,logical,negation,False,0.956012,0.410004,-0.163673,0.410004,0.062856,-0.163673,category_curve_artifact_candidate
glm4,glm4,conditional,she_coref,logical,coreference,False,0.910726,-0.313118,-0.039786,-0.313118,-0.161775,-0.313118,model_curve_artifact_candidate
glm4,glm4,conditional,syntactic_do_not,logical,negation,False,0.949459,0.311356,-0.298326,0.311356,-0.213246,-0.298326,category_curve_artifact_candidate
glm4,glm4,conditional,target_language_switch,logical,translation,False,0.916503,-0.150140,0.190209,-0.150140,0.256353,-0.150140,model_curve_artifact_candidate
glm4,glm4,conditional,they_coref,logical,coreference,False,0.855626,-0.062677,0.244705,-0.062677,0.263890,-0.062677,ordinary
glm4,glm4,contrast,dative_passive,logical,passive,False,0.964153,0.441050,0.415592,0.441050,-0.021762,0.415592,residual_stable_reuse_candidate
glm4,glm4,contrast,deep_complement,logical,recursive,False,0.901271,-0.574827,-0.449303,-0.574827,-0.314693,-0.574827,model_curve_artifact_candidate
glm4,glm4,contrast,deictic_switch,logical,coreference,False,0.904469,-0.369662,-0.291108,-0.369662,-0.337101,-0.369662,model_curve_artifact_candidate
glm4,glm4,contrast,double_relative,logical,recursive,False,0.899462,-0.741770,-0.589160,-0.741770,-0.255578,-0.741770,ordinary
glm4,glm4,contrast,en_fr_phrase,logical,translation,False,0.917415,-0.534020,-0.303381,-0.534020,-0.186088,-0.534020,model_curve_artifact_candidate
glm4,glm4,contrast,en_fr_word,logical,translation,False,0.931153,0.013812,0.548979,0.013812,0.388722,0.013812,model_curve_artifact_candidate
glm4,glm4,contrast,en_zh_phrase,logical,translation,False,0.912667,-0.626232,-0.445721,-0.626232,-0.273514,-0.626232,model_curve_artifact_candidate
glm4,glm4,contrast,en_zh_word,logical,translation,False,0.912757,-0.554972,-0.324163,-0.554972,-0.224970,-0.554972,model_curve_artifact_candidate
glm4,glm4,contrast,existential_no,logical,negation,False,0.979686,0.678666,0.468495,0.678666,0.219898,0.468495,residual_stable_reuse_candidate
glm4,glm4,contrast,formal,logical,style,False,0.876231,-0.762317,-0.383741,-0.762317,-0.319557,-0.762317,ordinary
glm4,glm4,contrast,future_will,logical,tense,False,0.892958,-0.807400,-0.489959,-0.807400,-0.396108,-0.807400,ordinary
glm4,glm4,contrast,get_passive,logical,passive,False,0.959908,0.400921,0.324889,0.400921,-0.000733,0.324889,residual_stable_reuse_candidate
glm4,glm4,contrast,he_coref,logical,coreference,False,0.924664,-0.307802,-0.171341,-0.307802,-0.011309,-0.307802,model_curve_artifact_candidate
glm4,glm4,contrast,inference,logical,logical,True,0.993988,0.918344,0.836143,0.918344,0.609456,0.836143,residual_stable_reuse_candidate
glm4,glm4,contrast,it_coref,logical,coreference,False,0.849402,0.005054,0.183935,0.005054,0.045697,0.005054,ordinary
glm4,glm4,contrast,lexical_not_adj,logical,negation,False,0.948098,0.288111,-0.274234,0.288111,-0.028951,-0.274234,category_curve_artifact_candidate
glm4,glm4,contrast,long_passive,logical,passive,False,0.909669,-0.749620,-0.699968,-0.749620,-0.285689,-0.749620,model_curve_artifact_candidate
glm4,glm4,contrast,morphological_neg,logical,negation,False,0.990127,0.852528,0.517781,0.852528,0.721685,0.517781,residual_stable_reuse_candidate
glm4,glm4,contrast,negated_condition,logical,logical,True,0.876535,-0.798188,-0.866053,-0.798188,-0.445600,-0.866053,ordinary
glm4,glm4,contrast,nested_condition,logical,logical,True,0.889794,-0.704238,-0.852828,-0.704238,-0.293209,-0.852828,ordinary
glm4,glm4,contrast,nested_contrast,logical,logical,True,0.880202,-0.796064,-0.917986,-0.796064,-0.498763,-0.917986,ordinary
glm4,glm4,contrast,nested_passive,logical,passive,False,0.906420,-0.776114,-0.746514,-0.776114,-0.273988,-0.776114,model_curve_artifact_candidate
glm4,glm4,contrast,never,logical,negation,False,0.946698,0.301484,-0.309755,0.301484,-0.073201,-0.309755,category_curve_artifact_candidate
glm4,glm4,contrast,no_agent,logical,passive,False,0.995972,0.942344,0.856528,0.942344,0.804146,0.856528,residual_stable_reuse_candidate
glm4,glm4,contrast,past_simple,logical,tense,False,0.927763,-0.159460,0.525898,-0.159460,-0.007769,-0.159460,model_curve_artifact_candidate
glm4,glm4,contrast,perfect,logical,tense,False,0.895245,-0.792323,-0.469949,-0.792323,-0.381218,-0.792323,ordinary
glm4,glm4,contrast,poetic,logical,style,False,0.902510,-0.697503,-0.291245,-0.697503,-0.412520,-0.697503,model_curve_artifact_candidate
glm4,glm4,contrast,possessive_chain,logical,recursive,False,0.962273,0.444721,0.708798,0.444721,0.172282,0.444721,residual_stable_reuse_candidate
glm4,glm4,contrast,pp_chain,logical,recursive,False,0.951467,0.318045,0.538326,0.318045,-0.002928,0.318045,ordinary
glm4,glm4,contrast,progressive,logical,tense,False,0.891349,-0.802382,-0.518164,-0.802382,-0.442593,-0.802382,ordinary
glm4,glm4,contrast,relative_clause,logical,recursive,False,0.946047,0.257511,0.468576,0.257511,-0.071606,0.257511,ordinary
glm4,glm4,contrast,scope_quantifier,logical,negation,False,0.944174,0.279884,-0.312600,0.279884,0.041378,-0.312600,category_curve_artifact_candidate
glm4,glm4,contrast,she_coref,logical,coreference,False,0.914303,-0.201094,-0.175934,-0.201094,-0.131854,-0.201094,model_curve_artifact_candidate
glm4,glm4,contrast,syntactic_do_not,logical,negation,False,0.937902,0.188433,-0.419969,0.188433,-0.302230,-0.419969,category_curve_artifact_candidate
glm4,glm4,contrast,target_language_switch,logical,translation,False,0.921126,-0.037917,0.336432,-0.037917,0.293004,-0.037917,model_curve_artifact_candidate
glm4,glm4,contrast,they_coref,logical,coreference,False,0.866374,0.055918,0.350461,0.055918,0.285984,0.055918,ordinary
glm4,glm4,dative_passive,deep_complement,passive,recursive,False,0.916966,-0.480209,-0.791750,-0.480209,-0.194949,-0.791750,model_curve_artifact_candidate
glm4,glm4,dative_passive,deictic_switch,passive,coreference,False,0.902854,-0.544844,0.148993,-0.544844,-0.097995,-0.544844,model_curve_artifact_candidate
glm4,glm4,dative_passive,double_relative,passive,recursive,False,0.928505,-0.390089,-0.800402,-0.390089,-0.127312,-0.800402,model_curve_artifact_candidate
glm4,glm4,dative_passive,en_fr_phrase,passive,translation,False,0.920854,-0.664793,0.081574,-0.664793,-0.180636,-0.664793,model_curve_artifact_candidate
glm4,glm4,dative_passive,en_fr_word,passive,translation,False,0.891357,-0.726572,-0.153089,-0.726572,-0.351846,-0.726572,ordinary
glm4,glm4,dative_passive,en_zh_phrase,passive,translation,False,0.925081,-0.576293,0.197650,-0.576293,-0.171296,-0.576293,model_curve_artifact_candidate
glm4,glm4,dative_passive,en_zh_word,passive,translation,False,0.920613,-0.595267,0.104883,-0.595267,-0.184666,-0.595267,model_curve_artifact_candidate
glm4,glm4,dative_passive,existential_no,passive,negation,False,0.989725,0.814192,-0.204483,0.814192,0.361258,-0.204483,category_curve_artifact_candidate
glm4,glm4,dative_passive,formal,passive,style,False,0.922220,-0.226736,0.129007,-0.226736,0.139649,-0.226736,model_curve_artifact_candidate
glm4,glm4,dative_passive,future_will,passive,tense,False,0.932040,-0.285379,0.217916,-0.285379,0.345900,-0.285379,model_curve_artifact_candidate
glm4,glm4,dative_passive,get_passive,passive,passive,True,0.992858,0.882232,0.695549,0.882232,0.415931,0.695549,residual_stable_reuse_candidate
glm4,glm4,dative_passive,he_coref,passive,coreference,False,0.910503,-0.754126,-0.004332,-0.754126,-0.275473,-0.754126,model_curve_artifact_candidate
glm4,glm4,dative_passive,inference,passive,logical,False,0.959161,0.388512,0.329758,0.388512,-0.075048,0.329758,ordinary
glm4,glm4,dative_passive,it_coref,passive,coreference,False,0.791227,-0.558867,-0.044117,-0.558867,-0.360206,-0.558867,ordinary
glm4,glm4,dative_passive,lexical_not_adj,passive,negation,False,0.992035,0.887881,0.217478,0.887881,0.473364,0.217478,residual_stable_reuse_candidate
glm4,glm4,dative_passive,long_passive,passive,passive,True,0.931074,-0.507440,-0.802695,-0.507440,0.186517,-0.802695,model_curve_artifact_candidate
glm4,glm4,dative_passive,morphological_neg,passive,negation,False,0.976907,0.610678,-0.271617,0.610678,0.000498,-0.271617,category_curve_artifact_candidate
glm4,glm4,dative_passive,negated_condition,passive,logical,False,0.922718,-0.249142,-0.394315,-0.249142,0.159619,-0.394315,model_curve_artifact_candidate
glm4,glm4,dative_passive,nested_condition,passive,logical,False,0.917352,-0.424845,-0.500277,-0.424845,-0.258606,-0.500277,model_curve_artifact_candidate
glm4,glm4,dative_passive,nested_contrast,passive,logical,False,0.922012,-0.300530,-0.375332,-0.300530,0.023909,-0.375332,model_curve_artifact_candidate
glm4,glm4,dative_passive,nested_passive,passive,passive,True,0.929611,-0.506326,-0.815438,-0.506326,-0.130905,-0.815438,model_curve_artifact_candidate
glm4,glm4,dative_passive,never,passive,negation,False,0.985496,0.804013,0.133259,0.804013,0.324561,0.133259,ordinary
glm4,glm4,dative_passive,no_agent,passive,passive,True,0.966975,0.478119,0.127271,0.478119,-0.041215,0.127271,ordinary
glm4,glm4,dative_passive,past_simple,passive,tense,False,0.903815,-0.729882,-0.289417,-0.729882,-0.234271,-0.729882,model_curve_artifact_candidate
glm4,glm4,dative_passive,perfect,passive,tense,False,0.932515,-0.294272,0.310701,-0.294272,0.390939,-0.294272,model_curve_artifact_candidate
glm4,glm4,dative_passive,poetic,passive,style,False,0.922463,-0.516753,0.064403,-0.516753,-0.185042,-0.516753,model_curve_artifact_candidate
glm4,glm4,dative_passive,possessive_chain,passive,recursive,False,0.988437,0.812634,0.639882,0.812634,0.038005,0.639882,residual_stable_reuse_candidate
glm4,glm4,dative_passive,pp_chain,passive,recursive,False,0.987978,0.818625,0.711748,0.818625,0.162646,0.711748,residual_stable_reuse_candidate
glm4,glm4,dative_passive,progressive,passive,tense,False,0.931666,-0.268702,0.289959,-0.268702,0.389718,-0.268702,model_curve_artifact_candidate
glm4,glm4,dative_passive,relative_clause,passive,recursive,False,0.991805,0.883544,0.697546,0.883544,0.364308,0.697546,residual_stable_reuse_candidate
glm4,glm4,dative_passive,scope_quantifier,passive,negation,False,0.983968,0.787690,0.031120,0.787690,0.206172,0.031120,category_curve_artifact_candidate
glm4,glm4,dative_passive,she_coref,passive,coreference,False,0.886454,-0.763336,-0.043329,-0.763336,-0.409043,-0.763336,ordinary
glm4,glm4,dative_passive,syntactic_do_not,passive,negation,False,0.989533,0.864097,0.274626,0.864097,0.541775,0.274626,residual_stable_reuse_candidate
glm4,glm4,dative_passive,target_language_switch,passive,translation,False,0.878678,-0.764256,-0.155278,-0.764256,-0.539715,-0.764256,ordinary
glm4,glm4,dative_passive,they_coref,passive,coreference,False,0.802434,-0.583215,-0.090785,-0.583215,-0.440368,-0.583215,ordinary
glm4,glm4,deep_complement,deictic_switch,recursive,coreference,False,0.941809,0.061809,-0.165757,0.061809,-0.165036,-0.165757,model_curve_artifact_candidate
glm4,glm4,deep_complement,double_relative,recursive,recursive,True,0.986036,0.726672,0.745813,0.726672,0.523774,0.726672,residual_stable_reuse_candidate
glm4,glm4,deep_complement,en_fr_phrase,recursive,translation,False,0.974040,0.453626,-0.216806,0.453626,-0.054856,-0.216806,category_curve_artifact_candidate
glm4,glm4,deep_complement,en_fr_word,recursive,translation,False,0.951993,0.227873,0.142748,0.227873,0.050751,0.142748,ordinary
glm4,glm4,deep_complement,en_zh_phrase,recursive,translation,False,0.990506,0.810074,-0.021379,0.810074,0.359218,-0.021379,category_curve_artifact_candidate
glm4,glm4,deep_complement,en_zh_word,recursive,translation,False,0.976539,0.525084,-0.201193,0.525084,0.297155,-0.201193,category_curve_artifact_candidate
glm4,glm4,deep_complement,existential_no,recursive,negation,False,0.914737,-0.574097,0.272671,-0.574097,-0.434905,-0.574097,model_curve_artifact_candidate
glm4,glm4,deep_complement,formal,recursive,style,False,0.966701,0.470333,-0.158738,0.470333,-0.080643,-0.158738,category_curve_artifact_candidate
glm4,glm4,deep_complement,future_will,recursive,tense,False,0.976844,0.555097,-0.266245,0.555097,-0.061169,-0.266245,category_curve_artifact_candidate
glm4,glm4,deep_complement,get_passive,recursive,passive,False,0.913068,-0.471976,-0.682553,-0.471976,-0.315668,-0.682553,model_curve_artifact_candidate
glm4,glm4,deep_complement,he_coref,recursive,coreference,False,0.965588,0.315839,-0.011204,0.315839,-0.224206,-0.011204,category_curve_artifact_candidate
glm4,glm4,deep_complement,inference,recursive,logical,False,0.900298,-0.531351,-0.437054,-0.531351,-0.290090,-0.531351,model_curve_artifact_candidate
glm4,glm4,deep_complement,it_coref,recursive,coreference,False,0.849621,-0.060895,0.083672,-0.060895,0.304097,-0.060895,ordinary
glm4,glm4,deep_complement,lexical_not_adj,recursive,negation,False,0.909272,-0.397507,-0.102889,-0.397507,-0.379195,-0.397507,model_curve_artifact_candidate
glm4,glm4,deep_complement,long_passive,recursive,passive,False,0.986147,0.710785,0.837988,0.710785,0.203114,0.710785,residual_stable_reuse_candidate
glm4,glm4,deep_complement,morphological_neg,recursive,negation,False,0.911765,-0.514944,0.263252,-0.514944,-0.252016,-0.514944,model_curve_artifact_candidate
glm4,glm4,deep_complement,negated_condition,recursive,logical,False,0.960957,0.360786,0.307830,0.360786,-0.287553,0.307830,ordinary
glm4,glm4,deep_complement,nested_condition,recursive,logical,False,0.991213,0.846379,0.629420,0.846379,0.623345,0.629420,residual_stable_reuse_candidate
glm4,glm4,deep_complement,nested_contrast,recursive,logical,False,0.979525,0.654378,0.477688,0.654378,0.420301,0.477688,residual_stable_reuse_candidate
glm4,glm4,deep_complement,nested_passive,recursive,passive,False,0.985163,0.691537,0.793877,0.691537,0.241961,0.691537,residual_stable_reuse_candidate
glm4,glm4,deep_complement,never,recursive,negation,False,0.898141,-0.497227,-0.258640,-0.497227,-0.472852,-0.497227,ordinary
glm4,glm4,deep_complement,no_agent,recursive,passive,False,0.898802,-0.635129,-0.261077,-0.635129,-0.378524,-0.635129,ordinary
glm4,glm4,deep_complement,past_simple,recursive,tense,False,0.961090,0.287737,0.214658,0.287737,-0.018282,0.214658,ordinary
glm4,glm4,deep_complement,perfect,recursive,tense,False,0.979399,0.599468,-0.159129,0.599468,-0.025629,-0.159129,category_curve_artifact_candidate
glm4,glm4,deep_complement,poetic,recursive,style,False,0.974738,0.499640,-0.048983,0.499640,-0.089470,-0.048983,category_curve_artifact_candidate
glm4,glm4,deep_complement,possessive_chain,recursive,recursive,True,0.928286,-0.192964,-0.593887,-0.192964,0.177487,-0.593887,model_curve_artifact_candidate
glm4,glm4,deep_complement,pp_chain,recursive,recursive,True,0.920106,-0.262103,-0.809809,-0.262103,0.139565,-0.809809,model_curve_artifact_candidate
glm4,glm4,deep_complement,progressive,recursive,tense,False,0.977678,0.578527,-0.176689,0.578527,-0.070862,-0.176689,category_curve_artifact_candidate
glm4,glm4,deep_complement,relative_clause,recursive,recursive,True,0.912963,-0.344948,-0.825257,-0.344948,-0.203635,-0.825257,model_curve_artifact_candidate
glm4,glm4,deep_complement,scope_quantifier,recursive,negation,False,0.905154,-0.369767,-0.055192,-0.369767,-0.371253,-0.369767,model_curve_artifact_candidate
glm4,glm4,deep_complement,she_coref,recursive,coreference,False,0.942530,0.097229,0.095523,0.097229,0.005919,0.095523,model_curve_artifact_candidate
glm4,glm4,deep_complement,syntactic_do_not,recursive,negation,False,0.899095,-0.477935,-0.289210,-0.477935,-0.188202,-0.477935,ordinary
glm4,glm4,deep_complement,target_language_switch,recursive,translation,False,0.947188,0.230499,0.193080,0.230499,0.112175,0.193080,ordinary
glm4,glm4,deep_complement,they_coref,recursive,coreference,False,0.854419,-0.119749,0.059097,-0.119749,0.111421,-0.119749,ordinary
glm4,glm4,deictic_switch,double_relative,coreference,recursive,False,0.949496,0.122870,0.021138,0.122870,-0.345752,0.021138,category_curve_artifact_candidate
glm4,glm4,deictic_switch,en_fr_phrase,coreference,translation,False,0.975644,0.570127,0.704609,0.570127,0.414997,0.570127,residual_stable_reuse_candidate
glm4,glm4,deictic_switch,en_fr_word,coreference,translation,False,0.960966,0.433827,-0.405288,0.433827,0.094494,-0.405288,category_curve_artifact_candidate
glm4,glm4,deictic_switch,en_zh_phrase,coreference,translation,False,0.956089,0.190863,0.421244,0.190863,0.009952,0.190863,ordinary
glm4,glm4,deictic_switch,en_zh_word,coreference,translation,False,0.960077,0.293326,0.373629,0.293326,0.032399,0.293326,ordinary
glm4,glm4,deictic_switch,existential_no,coreference,negation,False,0.914314,-0.406856,-0.219126,-0.406856,0.231288,-0.406856,model_curve_artifact_candidate
glm4,glm4,deictic_switch,formal,coreference,style,False,0.935349,0.067941,0.627831,0.067941,-0.118833,0.067941,model_curve_artifact_candidate
glm4,glm4,deictic_switch,future_will,coreference,tense,False,0.955593,0.248555,0.392538,0.248555,0.104189,0.248555,ordinary
glm4,glm4,deictic_switch,get_passive,coreference,passive,False,0.899053,-0.530383,0.075496,-0.530383,-0.120530,-0.530383,ordinary
glm4,glm4,deictic_switch,he_coref,coreference,coreference,True,0.979316,0.651673,0.634491,0.651673,0.504349,0.634491,residual_stable_reuse_candidate
glm4,glm4,deictic_switch,inference,coreference,logical,False,0.898871,-0.399727,-0.284094,-0.399727,-0.307922,-0.399727,ordinary
glm4,glm4,deictic_switch,it_coref,coreference,coreference,True,0.883457,0.267722,-0.839397,0.267722,-0.284023,-0.839397,ordinary
glm4,glm4,deictic_switch,lexical_not_adj,coreference,negation,False,0.892795,-0.488913,0.280089,-0.488913,-0.031381,-0.488913,ordinary
glm4,glm4,deictic_switch,long_passive,coreference,passive,False,0.963005,0.305839,0.026649,0.305839,0.137438,0.026649,category_curve_artifact_candidate
glm4,glm4,deictic_switch,morphological_neg,coreference,negation,False,0.901122,-0.518434,-0.488963,-0.518434,-0.245309,-0.518434,model_curve_artifact_candidate
glm4,glm4,deictic_switch,negated_condition,coreference,logical,False,0.953735,0.317724,0.449292,0.317724,0.255802,0.317724,ordinary
glm4,glm4,deictic_switch,nested_condition,coreference,logical,False,0.938989,0.045463,0.119579,0.045463,-0.286935,0.045463,model_curve_artifact_candidate
glm4,glm4,deictic_switch,nested_contrast,coreference,logical,False,0.951259,0.260450,0.350065,0.260450,0.024580,0.260450,ordinary
glm4,glm4,deictic_switch,nested_passive,coreference,passive,False,0.958373,0.224771,0.023775,0.224771,0.033709,0.023775,category_curve_artifact_candidate
glm4,glm4,deictic_switch,never,coreference,negation,False,0.897620,-0.360036,0.453153,-0.360036,0.092891,-0.360036,ordinary
glm4,glm4,deictic_switch,no_agent,coreference,passive,False,0.905434,-0.372051,-0.364258,-0.372051,-0.227555,-0.372051,model_curve_artifact_candidate
glm4,glm4,deictic_switch,past_simple,coreference,tense,False,0.970129,0.518101,-0.506999,0.518101,0.394549,-0.506999,category_curve_artifact_candidate
glm4,glm4,deictic_switch,perfect,coreference,tense,False,0.958626,0.292889,0.457541,0.292889,0.190537,0.292889,ordinary
glm4,glm4,deictic_switch,poetic,coreference,style,False,0.976870,0.608157,0.859062,0.608157,0.708791,0.608157,residual_stable_reuse_candidate
glm4,glm4,deictic_switch,possessive_chain,coreference,recursive,False,0.880566,-0.782076,-0.264181,-0.782076,-0.591070,-0.782076,ordinary
glm4,glm4,deictic_switch,pp_chain,coreference,recursive,False,0.883549,-0.656667,0.004090,-0.656667,-0.433625,-0.656667,ordinary
glm4,glm4,deictic_switch,progressive,coreference,tense,False,0.958583,0.310809,0.570888,0.310809,0.277672,0.310809,ordinary
glm4,glm4,deictic_switch,relative_clause,coreference,recursive,False,0.887126,-0.572810,0.217854,-0.572810,-0.166502,-0.572810,ordinary
glm4,glm4,deictic_switch,scope_quantifier,coreference,negation,False,0.889946,-0.440084,0.286678,-0.440084,-0.047885,-0.440084,ordinary
glm4,glm4,deictic_switch,she_coref,coreference,coreference,True,0.968839,0.558024,0.137463,0.558024,0.605254,0.137463,ordinary
glm4,glm4,deictic_switch,syntactic_do_not,coreference,negation,False,0.889429,-0.464486,0.086472,-0.464486,-0.062476,-0.464486,ordinary
glm4,glm4,deictic_switch,target_language_switch,coreference,translation,False,0.950056,0.336408,-0.721169,0.336408,0.042184,-0.721169,category_curve_artifact_candidate
glm4,glm4,deictic_switch,they_coref,coreference,coreference,True,0.898452,0.315956,-0.829566,0.315956,-0.151134,-0.829566,ordinary
glm4,glm4,double_relative,en_fr_phrase,recursive,translation,False,0.979943,0.528129,-0.013408,0.528129,-0.036967,-0.013408,category_curve_artifact_candidate
glm4,glm4,double_relative,en_fr_word,recursive,translation,False,0.947905,0.095590,0.043728,0.095590,0.012480,0.043728,model_curve_artifact_candidate
glm4,glm4,double_relative,en_zh_phrase,recursive,translation,False,0.989657,0.758275,-0.040153,0.758275,0.328095,-0.040153,category_curve_artifact_candidate
glm4,glm4,double_relative,en_zh_word,recursive,translation,False,0.983907,0.637862,0.024132,0.637862,0.219787,0.024132,category_curve_artifact_candidate
glm4,glm4,double_relative,existential_no,recursive,negation,False,0.920806,-0.598712,0.077208,-0.598712,-0.420951,-0.598712,model_curve_artifact_candidate
glm4,glm4,double_relative,formal,recursive,style,False,0.983728,0.734764,0.036201,0.734764,0.119243,0.036201,category_curve_artifact_candidate
glm4,glm4,double_relative,future_will,recursive,tense,False,0.993332,0.859528,0.030770,0.859528,0.251345,0.030770,category_curve_artifact_candidate
glm4,glm4,double_relative,get_passive,recursive,passive,False,0.922104,-0.434189,-0.759011,-0.434189,-0.255174,-0.759011,model_curve_artifact_candidate
glm4,glm4,double_relative,he_coref,recursive,coreference,False,0.965871,0.251608,0.061829,0.251608,-0.316757,0.061829,ordinary
glm4,glm4,double_relative,inference,recursive,logical,False,0.899595,-0.671581,-0.545127,-0.671581,-0.239167,-0.671581,ordinary
glm4,glm4,double_relative,it_coref,recursive,coreference,False,0.837056,-0.232826,-0.068413,-0.232826,0.104879,-0.232826,ordinary
glm4,glm4,double_relative,lexical_not_adj,recursive,negation,False,0.922434,-0.289372,-0.021535,-0.289372,-0.218091,-0.289372,model_curve_artifact_candidate
glm4,glm4,double_relative,long_passive,recursive,passive,False,0.993117,0.837777,0.903524,0.837777,0.258274,0.837777,residual_stable_reuse_candidate
glm4,glm4,double_relative,morphological_neg,recursive,negation,False,0.916185,-0.567034,0.145247,-0.567034,-0.084026,-0.567034,model_curve_artifact_candidate
glm4,glm4,double_relative,negated_condition,recursive,logical,False,0.978856,0.635610,0.571095,0.635610,-0.099846,0.571095,residual_stable_reuse_candidate
glm4,glm4,double_relative,nested_condition,recursive,logical,False,0.988400,0.784833,0.636481,0.784833,0.528683,0.636481,residual_stable_reuse_candidate
glm4,glm4,double_relative,nested_contrast,recursive,logical,False,0.986889,0.768426,0.617713,0.768426,0.354543,0.617713,residual_stable_reuse_candidate
glm4,glm4,double_relative,nested_passive,recursive,passive,False,0.993824,0.856142,0.885466,0.856142,0.399377,0.856142,residual_stable_reuse_candidate
glm4,glm4,double_relative,never,recursive,negation,False,0.913777,-0.364295,-0.076142,-0.364295,-0.341921,-0.364295,model_curve_artifact_candidate
glm4,glm4,double_relative,no_agent,recursive,passive,False,0.902357,-0.713855,-0.396381,-0.713855,-0.334463,-0.713855,model_curve_artifact_candidate
glm4,glm4,double_relative,past_simple,recursive,tense,False,0.959959,0.200570,-0.005157,0.200570,-0.107683,-0.005157,category_curve_artifact_candidate
glm4,glm4,double_relative,perfect,recursive,tense,False,0.993189,0.854028,0.016231,0.854028,0.205532,0.016231,category_curve_artifact_candidate
glm4,glm4,double_relative,poetic,recursive,style,False,0.981435,0.593492,0.031914,0.593492,-0.141089,0.031914,category_curve_artifact_candidate
glm4,glm4,double_relative,possessive_chain,recursive,recursive,True,0.927146,-0.315896,-0.850334,-0.315896,0.289406,-0.850334,model_curve_artifact_candidate
glm4,glm4,double_relative,pp_chain,recursive,recursive,True,0.930019,-0.194196,-0.806288,-0.194196,0.232085,-0.806288,model_curve_artifact_candidate
glm4,glm4,double_relative,progressive,recursive,tense,False,0.991558,0.826268,-0.029151,0.826268,0.146410,-0.029151,category_curve_artifact_candidate
glm4,glm4,double_relative,relative_clause,recursive,recursive,True,0.925430,-0.243209,-0.771450,-0.243209,-0.057044,-0.771450,model_curve_artifact_candidate
glm4,glm4,double_relative,scope_quantifier,recursive,negation,False,0.913980,-0.336753,-0.144862,-0.336753,-0.242320,-0.336753,model_curve_artifact_candidate
glm4,glm4,double_relative,she_coref,recursive,coreference,False,0.937081,-0.067822,0.002968,-0.067822,-0.275165,-0.067822,model_curve_artifact_candidate
glm4,glm4,double_relative,syntactic_do_not,recursive,negation,False,0.916930,-0.307946,-0.076504,-0.307946,-0.114379,-0.307946,model_curve_artifact_candidate
glm4,glm4,double_relative,target_language_switch,recursive,translation,False,0.937090,0.012374,-0.013148,0.012374,-0.026997,-0.013148,model_curve_artifact_candidate
glm4,glm4,double_relative,they_coref,recursive,coreference,False,0.847294,-0.250259,-0.008734,-0.250259,-0.050217,-0.250259,ordinary
glm4,glm4,en_fr_phrase,en_fr_word,translation,translation,True,0.973268,0.524840,-0.444320,0.524840,0.491858,-0.444320,category_curve_artifact_candidate
glm4,glm4,en_fr_phrase,en_zh_phrase,translation,translation,True,0.987153,0.667792,0.270452,0.667792,0.263626,0.270452,residual_stable_reuse_candidate
glm4,glm4,en_fr_phrase,en_zh_word,translation,translation,True,0.987002,0.682047,0.271331,0.682047,0.396190,0.271331,residual_stable_reuse_candidate
glm4,glm4,en_fr_phrase,existential_no,translation,negation,False,0.928484,-0.562894,-0.303467,-0.562894,0.081423,-0.562894,model_curve_artifact_candidate
glm4,glm4,en_fr_phrase,formal,translation,style,False,0.971680,0.499208,0.532247,0.499208,0.225720,0.499208,residual_stable_reuse_candidate
glm4,glm4,en_fr_phrase,future_will,translation,tense,False,0.980738,0.563158,0.432539,0.563158,0.375783,0.432539,residual_stable_reuse_candidate
glm4,glm4,en_fr_phrase,get_passive,translation,passive,False,0.916307,-0.663616,0.031303,-0.663616,-0.325851,-0.663616,model_curve_artifact_candidate
glm4,glm4,en_fr_phrase,he_coref,translation,coreference,False,0.984764,0.639018,0.422456,0.639018,0.347344,0.422456,residual_stable_reuse_candidate
glm4,glm4,en_fr_phrase,inference,translation,logical,False,0.914745,-0.518641,-0.325881,-0.518641,-0.236255,-0.518641,model_curve_artifact_candidate
glm4,glm4,en_fr_phrase,it_coref,translation,coreference,False,0.863772,-0.009887,-0.580118,-0.009887,-0.372070,-0.580118,ordinary
glm4,glm4,en_fr_phrase,lexical_not_adj,translation,negation,False,0.913902,-0.540562,0.089972,-0.540562,-0.199375,-0.540562,model_curve_artifact_candidate
glm4,glm4,en_fr_phrase,long_passive,translation,passive,False,0.988639,0.693540,0.002998,0.693540,0.552795,0.002998,category_curve_artifact_candidate
glm4,glm4,en_fr_phrase,morphological_neg,translation,negation,False,0.925264,-0.505843,-0.476800,-0.505843,0.070770,-0.505843,model_curve_artifact_candidate
glm4,glm4,en_fr_phrase,negated_condition,translation,logical,False,0.974866,0.542760,0.482664,0.542760,0.168593,0.482664,residual_stable_reuse_candidate
glm4,glm4,en_fr_phrase,nested_condition,translation,logical,False,0.970504,0.404612,0.125636,0.404612,-0.341040,0.125636,ordinary
glm4,glm4,en_fr_phrase,nested_contrast,translation,logical,False,0.969917,0.419831,0.318567,0.419831,-0.073344,0.318567,residual_stable_reuse_candidate
glm4,glm4,en_fr_phrase,nested_passive,translation,passive,False,0.988028,0.684296,0.055916,0.684296,0.514672,0.055916,ordinary
glm4,glm4,en_fr_phrase,never,translation,negation,False,0.913804,-0.460748,0.533963,-0.460748,-0.235540,-0.460748,model_curve_artifact_candidate
glm4,glm4,en_fr_phrase,no_agent,translation,passive,False,0.918721,-0.531107,-0.361847,-0.531107,-0.120969,-0.531107,model_curve_artifact_candidate
glm4,glm4,en_fr_phrase,past_simple,translation,tense,False,0.979358,0.563199,-0.478895,0.563199,0.462992,-0.478895,category_curve_artifact_candidate
glm4,glm4,en_fr_phrase,perfect,translation,tense,False,0.981342,0.569005,0.426127,0.569005,0.392787,0.426127,residual_stable_reuse_candidate
glm4,glm4,en_fr_phrase,poetic,translation,style,False,0.992473,0.823604,0.690277,0.823604,0.648941,0.690277,residual_stable_reuse_candidate
glm4,glm4,en_fr_phrase,possessive_chain,translation,recursive,False,0.913404,-0.689837,-0.251003,-0.689837,-0.642793,-0.689837,model_curve_artifact_candidate
glm4,glm4,en_fr_phrase,pp_chain,translation,recursive,False,0.912675,-0.609466,0.081221,-0.609466,-0.523351,-0.609466,model_curve_artifact_candidate
glm4,glm4,en_fr_phrase,progressive,translation,tense,False,0.979902,0.555350,0.486212,0.555350,0.380031,0.486212,residual_stable_reuse_candidate
glm4,glm4,en_fr_phrase,relative_clause,translation,recursive,False,0.915579,-0.515509,0.289000,-0.515509,-0.372762,-0.515509,model_curve_artifact_candidate
glm4,glm4,en_fr_phrase,scope_quantifier,translation,negation,False,0.910192,-0.496658,0.221840,-0.496658,-0.395146,-0.496658,model_curve_artifact_candidate
glm4,glm4,en_fr_phrase,she_coref,translation,coreference,False,0.963437,0.356526,0.272007,0.356526,0.434041,0.272007,ordinary
glm4,glm4,en_fr_phrase,syntactic_do_not,translation,negation,False,0.909764,-0.526605,0.289688,-0.526605,-0.190722,-0.526605,model_curve_artifact_candidate
glm4,glm4,en_fr_phrase,target_language_switch,translation,translation,True,0.956454,0.293973,-0.698073,0.293973,0.107557,-0.698073,category_curve_artifact_candidate
glm4,glm4,en_fr_phrase,they_coref,translation,coreference,False,0.879404,0.043123,-0.641381,0.043123,-0.097219,-0.641381,ordinary
glm4,glm4,en_fr_word,en_zh_phrase,translation,translation,True,0.964714,0.358932,-0.713454,0.358932,0.249834,-0.713454,category_curve_artifact_candidate
glm4,glm4,en_fr_word,en_zh_word,translation,translation,True,0.966278,0.408251,-0.619904,0.408251,0.298209,-0.619904,category_curve_artifact_candidate
glm4,glm4,en_fr_word,existential_no,translation,negation,False,0.905044,-0.558456,0.621590,-0.558456,-0.176432,-0.558456,model_curve_artifact_candidate
glm4,glm4,en_fr_word,formal,translation,style,False,0.920455,-0.145769,-0.642773,-0.145769,-0.180565,-0.642773,model_curve_artifact_candidate
glm4,glm4,en_fr_word,future_will,translation,tense,False,0.940226,-0.015599,-0.739801,-0.015599,-0.040297,-0.739801,model_curve_artifact_candidate
glm4,glm4,en_fr_word,get_passive,translation,passive,False,0.885212,-0.738754,-0.238366,-0.738754,-0.504657,-0.738754,ordinary
glm4,glm4,en_fr_word,he_coref,translation,coreference,False,0.981458,0.690526,-0.382627,0.690526,0.300737,-0.382627,category_curve_artifact_candidate
glm4,glm4,en_fr_word,inference,translation,logical,False,0.926661,-0.013921,0.424542,-0.013921,0.156251,-0.013921,model_curve_artifact_candidate
glm4,glm4,en_fr_word,it_coref,translation,coreference,False,0.917177,0.534544,0.348518,0.534544,-0.004759,0.348518,residual_stable_reuse_candidate
glm4,glm4,en_fr_word,lexical_not_adj,translation,negation,False,0.869600,-0.809695,-0.444443,-0.809695,-0.559411,-0.809695,ordinary
glm4,glm4,en_fr_word,long_passive,translation,passive,False,0.962715,0.300923,-0.027464,0.300923,0.356400,-0.027464,category_curve_artifact_candidate
glm4,glm4,en_fr_word,morphological_neg,translation,negation,False,0.921495,-0.204114,0.693192,-0.204114,0.476374,-0.204114,model_curve_artifact_candidate
glm4,glm4,en_fr_word,negated_condition,translation,logical,False,0.920909,-0.165406,-0.539682,-0.165406,-0.427428,-0.539682,model_curve_artifact_candidate
glm4,glm4,en_fr_word,nested_condition,translation,logical,False,0.937985,0.030634,-0.441207,0.030634,-0.242599,-0.441207,model_curve_artifact_candidate
glm4,glm4,en_fr_word,nested_contrast,translation,logical,False,0.923207,-0.164699,-0.563701,-0.164699,-0.351413,-0.563701,model_curve_artifact_candidate
glm4,glm4,en_fr_word,nested_passive,translation,passive,False,0.958231,0.222969,-0.087742,0.222969,0.381611,-0.087742,category_curve_artifact_candidate
glm4,glm4,en_fr_word,never,translation,negation,False,0.864885,-0.794553,-0.417450,-0.794553,-0.615240,-0.794553,ordinary
glm4,glm4,en_fr_word,no_agent,translation,passive,False,0.923784,-0.104824,0.566926,-0.104824,0.201818,-0.104824,model_curve_artifact_candidate
glm4,glm4,en_fr_word,past_simple,translation,tense,False,0.990296,0.848593,0.776389,0.848593,0.578312,0.776389,residual_stable_reuse_candidate
glm4,glm4,en_fr_word,perfect,translation,tense,False,0.943138,0.022621,-0.654478,0.022621,0.023564,-0.654478,model_curve_artifact_candidate
glm4,glm4,en_fr_word,poetic,translation,style,False,0.953311,0.187737,-0.472612,0.187737,0.121972,-0.472612,category_curve_artifact_candidate
glm4,glm4,en_fr_word,possessive_chain,translation,recursive,False,0.889375,-0.649113,0.161042,-0.649113,-0.374194,-0.649113,ordinary
glm4,glm4,en_fr_word,pp_chain,translation,recursive,False,0.874294,-0.786771,-0.109111,-0.786771,-0.505825,-0.786771,ordinary
glm4,glm4,en_fr_word,progressive,translation,tense,False,0.937481,-0.045246,-0.782599,-0.045246,-0.086964,-0.782599,model_curve_artifact_candidate
glm4,glm4,en_fr_word,relative_clause,translation,recursive,False,0.870140,-0.808054,-0.167951,-0.808054,-0.584700,-0.808054,ordinary
glm4,glm4,en_fr_word,scope_quantifier,translation,negation,False,0.862594,-0.797734,-0.462829,-0.797734,-0.645455,-0.797734,ordinary
glm4,glm4,en_fr_word,she_coref,translation,coreference,False,0.977267,0.677905,-0.364457,0.677905,0.468630,-0.364457,category_curve_artifact_candidate
glm4,glm4,en_fr_word,syntactic_do_not,translation,negation,False,0.860649,-0.845135,-0.449189,-0.845135,-0.622696,-0.845135,ordinary
glm4,glm4,en_fr_word,target_language_switch,translation,translation,True,0.984428,0.795605,0.493807,0.795605,0.634793,0.493807,residual_stable_reuse_candidate
glm4,glm4,en_fr_word,they_coref,translation,coreference,False,0.938055,0.644969,0.575357,0.644969,0.480261,0.575357,residual_stable_reuse_candidate
glm4,glm4,en_zh_phrase,en_zh_word,translation,translation,True,0.986892,0.679079,0.338163,0.679079,0.312349,0.338163,residual_stable_reuse_candidate
glm4,glm4,en_zh_phrase,existential_no,translation,negation,False,0.923804,-0.667560,-0.614801,-0.667560,-0.329534,-0.667560,model_curve_artifact_candidate
glm4,glm4,en_zh_phrase,formal,translation,style,False,0.977627,0.613453,0.726431,0.613453,0.099096,0.613453,residual_stable_reuse_candidate
glm4,glm4,en_zh_phrase,future_will,translation,tense,False,0.987473,0.718050,0.698387,0.718050,0.365406,0.698387,residual_stable_reuse_candidate
glm4,glm4,en_zh_phrase,get_passive,translation,passive,False,0.922177,-0.546200,0.211843,-0.546200,-0.222052,-0.546200,model_curve_artifact_candidate
glm4,glm4,en_zh_phrase,he_coref,translation,coreference,False,0.978479,0.488427,0.569169,0.488427,-0.003110,0.488427,residual_stable_reuse_candidate
glm4,glm4,en_zh_phrase,inference,translation,logical,False,0.912467,-0.562048,-0.366525,-0.562048,-0.249908,-0.562048,model_curve_artifact_candidate
glm4,glm4,en_zh_phrase,it_coref,translation,coreference,False,0.854043,-0.113113,-0.441459,-0.113113,0.026437,-0.441459,ordinary
glm4,glm4,en_zh_phrase,lexical_not_adj,translation,negation,False,0.920325,-0.422652,0.508396,-0.422652,-0.159705,-0.422652,model_curve_artifact_candidate
glm4,glm4,en_zh_phrase,long_passive,translation,passive,False,0.992724,0.803870,0.070737,0.803870,0.328802,0.070737,ordinary
glm4,glm4,en_zh_phrase,morphological_neg,translation,negation,False,0.922727,-0.559264,-0.517737,-0.559264,-0.152709,-0.559264,model_curve_artifact_candidate
glm4,glm4,en_zh_phrase,negated_condition,translation,logical,False,0.974558,0.536474,0.427474,0.536474,-0.049267,0.427474,residual_stable_reuse_candidate
glm4,glm4,en_zh_phrase,nested_condition,translation,logical,False,0.986536,0.740198,0.497025,0.740198,0.309246,0.497025,residual_stable_reuse_candidate
glm4,glm4,en_zh_phrase,nested_contrast,translation,logical,False,0.979130,0.606379,0.498177,0.606379,0.220821,0.498177,residual_stable_reuse_candidate
glm4,glm4,en_zh_phrase,nested_passive,translation,passive,False,0.992344,0.797964,0.123751,0.797964,0.274851,0.123751,ordinary
glm4,glm4,en_zh_phrase,never,translation,negation,False,0.910796,-0.515430,0.254271,-0.515430,-0.362993,-0.515430,model_curve_artifact_candidate
glm4,glm4,en_zh_phrase,no_agent,translation,passive,False,0.912174,-0.659260,-0.576643,-0.659260,-0.320690,-0.659260,model_curve_artifact_candidate
glm4,glm4,en_zh_phrase,past_simple,translation,tense,False,0.972048,0.403065,-0.767464,0.403065,0.135020,-0.767464,category_curve_artifact_candidate
glm4,glm4,en_zh_phrase,perfect,translation,tense,False,0.987994,0.724274,0.720934,0.724274,0.338583,0.720934,residual_stable_reuse_candidate
glm4,glm4,en_zh_phrase,poetic,translation,style,False,0.986080,0.670803,0.592037,0.670803,0.243230,0.592037,residual_stable_reuse_candidate
glm4,glm4,en_zh_phrase,possessive_chain,translation,recursive,False,0.928980,-0.380918,-0.022853,-0.380918,-0.007516,-0.380918,model_curve_artifact_candidate
glm4,glm4,en_zh_phrase,pp_chain,translation,recursive,False,0.922961,-0.415423,0.060462,-0.415423,-0.155560,-0.415423,model_curve_artifact_candidate
glm4,glm4,en_zh_phrase,progressive,translation,tense,False,0.986809,0.711105,0.742232,0.711105,0.318912,0.711105,residual_stable_reuse_candidate
glm4,glm4,en_zh_phrase,relative_clause,translation,recursive,False,0.920316,-0.428591,0.039550,-0.428591,-0.320112,-0.428591,model_curve_artifact_candidate
glm4,glm4,en_zh_phrase,scope_quantifier,translation,negation,False,0.915414,-0.406300,0.506259,-0.406300,-0.264798,-0.406300,model_curve_artifact_candidate
glm4,glm4,en_zh_phrase,she_coref,translation,coreference,False,0.951723,0.134161,0.301510,0.134161,0.030041,0.134161,ordinary
glm4,glm4,en_zh_phrase,syntactic_do_not,translation,negation,False,0.908794,-0.545050,0.199075,-0.545050,-0.307871,-0.545050,model_curve_artifact_candidate
glm4,glm4,en_zh_phrase,target_language_switch,translation,translation,True,0.955024,0.268058,-0.600321,0.268058,0.137088,-0.600321,category_curve_artifact_candidate
glm4,glm4,en_zh_phrase,they_coref,translation,coreference,False,0.864451,-0.123183,-0.650954,-0.123183,-0.091276,-0.650954,ordinary
glm4,glm4,en_zh_word,existential_no,translation,negation,False,0.923173,-0.603284,-0.374857,-0.603284,-0.228136,-0.603284,model_curve_artifact_candidate
glm4,glm4,en_zh_word,formal,translation,style,False,0.974986,0.572692,0.619519,0.572692,0.135079,0.572692,residual_stable_reuse_candidate
glm4,glm4,en_zh_word,future_will,translation,tense,False,0.982839,0.626447,0.532142,0.626447,0.204410,0.532142,residual_stable_reuse_candidate
glm4,glm4,en_zh_word,get_passive,translation,passive,False,0.915460,-0.607605,0.030216,-0.607605,-0.371521,-0.607605,model_curve_artifact_candidate
glm4,glm4,en_zh_word,he_coref,translation,coreference,False,0.979126,0.526242,0.413292,0.526242,0.038371,0.413292,residual_stable_reuse_candidate
glm4,glm4,en_zh_word,inference,translation,logical,False,0.912127,-0.502916,-0.267439,-0.502916,-0.229905,-0.502916,model_curve_artifact_candidate
glm4,glm4,en_zh_word,it_coref,translation,coreference,False,0.861478,-0.011755,-0.383007,-0.011755,-0.097615,-0.383007,ordinary
glm4,glm4,en_zh_word,lexical_not_adj,translation,negation,False,0.914724,-0.463149,0.388389,-0.463149,-0.276097,-0.463149,model_curve_artifact_candidate
glm4,glm4,en_zh_word,long_passive,translation,passive,False,0.989823,0.742800,0.062474,0.742800,0.427599,0.062474,ordinary
glm4,glm4,en_zh_word,morphological_neg,translation,negation,False,0.920799,-0.527844,-0.443154,-0.527844,0.009716,-0.527844,model_curve_artifact_candidate
glm4,glm4,en_zh_word,negated_condition,translation,logical,False,0.971997,0.500863,0.431705,0.500863,-0.068685,0.431705,residual_stable_reuse_candidate
glm4,glm4,en_zh_word,nested_condition,translation,logical,False,0.973783,0.490924,0.261997,0.490924,0.061670,0.261997,residual_stable_reuse_candidate
glm4,glm4,en_zh_word,nested_contrast,translation,logical,False,0.969969,0.439807,0.353226,0.439807,0.029064,0.353226,residual_stable_reuse_candidate
glm4,glm4,en_zh_word,nested_passive,translation,passive,False,0.987963,0.700598,0.073117,0.700598,0.431454,0.073117,ordinary
glm4,glm4,en_zh_word,never,translation,negation,False,0.905594,-0.541947,0.158034,-0.541947,-0.398200,-0.541947,model_curve_artifact_candidate
glm4,glm4,en_zh_word,no_agent,translation,passive,False,0.915259,-0.530753,-0.396430,-0.530753,-0.211597,-0.530753,model_curve_artifact_candidate
glm4,glm4,en_zh_word,past_simple,translation,tense,False,0.977753,0.544849,-0.485972,0.544849,0.276845,-0.485972,category_curve_artifact_candidate
glm4,glm4,en_zh_word,perfect,translation,tense,False,0.981717,0.595046,0.373223,0.595046,0.174944,0.373223,residual_stable_reuse_candidate
glm4,glm4,en_zh_word,poetic,translation,style,False,0.982062,0.593556,0.423848,0.593556,0.246467,0.423848,residual_stable_reuse_candidate
glm4,glm4,en_zh_word,possessive_chain,translation,recursive,False,0.917722,-0.535132,-0.162882,-0.535132,-0.165808,-0.535132,model_curve_artifact_candidate
glm4,glm4,en_zh_word,pp_chain,translation,recursive,False,0.915468,-0.491894,0.069192,-0.491894,-0.192216,-0.491894,model_curve_artifact_candidate
glm4,glm4,en_zh_word,progressive,translation,tense,False,0.980626,0.587696,0.455558,0.587696,0.140577,0.455558,residual_stable_reuse_candidate
glm4,glm4,en_zh_word,relative_clause,translation,recursive,False,0.916445,-0.438392,0.181385,-0.438392,-0.194492,-0.438392,model_curve_artifact_candidate
glm4,glm4,en_zh_word,scope_quantifier,translation,negation,False,0.904719,-0.529038,0.096956,-0.529038,-0.428033,-0.529038,model_curve_artifact_candidate
glm4,glm4,en_zh_word,she_coref,translation,coreference,False,0.956367,0.248762,0.231212,0.248762,0.215396,0.231212,ordinary
glm4,glm4,en_zh_word,syntactic_do_not,translation,negation,False,0.909533,-0.469867,0.455300,-0.469867,-0.128187,-0.469867,model_curve_artifact_candidate
glm4,glm4,en_zh_word,target_language_switch,translation,translation,True,0.952514,0.247620,-0.677020,0.247620,0.097454,-0.677020,category_curve_artifact_candidate
glm4,glm4,en_zh_word,they_coref,translation,coreference,False,0.875152,0.017887,-0.480071,0.017887,0.057789,-0.480071,ordinary
glm4,glm4,existential_no,formal,negation,style,False,0.912809,-0.420814,-0.538685,-0.420814,0.079496,-0.538685,model_curve_artifact_candidate
glm4,glm4,existential_no,future_will,negation,tense,False,0.922157,-0.527486,-0.741486,-0.527486,0.046897,-0.741486,model_curve_artifact_candidate
glm4,glm4,existential_no,get_passive,negation,passive,False,0.987029,0.779772,-0.298536,0.779772,0.233660,-0.298536,category_curve_artifact_candidate
glm4,glm4,existential_no,he_coref,negation,coreference,False,0.923702,-0.551375,-0.189762,-0.551375,0.072131,-0.551375,model_curve_artifact_candidate
glm4,glm4,existential_no,inference,negation,logical,False,0.975297,0.626224,0.396943,0.626224,0.080523,0.396943,residual_stable_reuse_candidate
glm4,glm4,existential_no,it_coref,negation,coreference,False,0.802976,-0.490391,0.169881,-0.490391,-0.459985,-0.490391,ordinary
glm4,glm4,existential_no,lexical_not_adj,negation,negation,True,0.984712,0.773225,-0.460402,0.773225,0.380069,-0.460402,category_curve_artifact_candidate
glm4,glm4,existential_no,long_passive,negation,passive,False,0.926022,-0.686732,0.001591,-0.686732,-0.186308,-0.686732,model_curve_artifact_candidate
glm4,glm4,existential_no,morphological_neg,negation,negation,True,0.986401,0.764736,0.577578,0.764736,0.225298,0.577578,residual_stable_reuse_candidate
glm4,glm4,existential_no,negated_condition,negation,logical,False,0.916494,-0.394854,-0.517596,-0.394854,0.195149,-0.517596,model_curve_artifact_candidate
glm4,glm4,existential_no,nested_condition,negation,logical,False,0.910458,-0.597536,-0.382461,-0.597536,-0.452373,-0.597536,model_curve_artifact_candidate
glm4,glm4,existential_no,nested_contrast,negation,logical,False,0.914889,-0.467729,-0.403385,-0.467729,-0.210151,-0.467729,model_curve_artifact_candidate
glm4,glm4,existential_no,nested_passive,negation,passive,False,0.925460,-0.661233,-0.080355,-0.661233,-0.241531,-0.661233,model_curve_artifact_candidate
glm4,glm4,existential_no,never,negation,negation,True,0.986654,0.820961,-0.360040,0.820961,0.608507,-0.360040,category_curve_artifact_candidate
glm4,glm4,existential_no,no_agent,negation,passive,False,0.982318,0.716553,0.575024,0.716553,0.263163,0.575024,residual_stable_reuse_candidate
glm4,glm4,existential_no,past_simple,negation,tense,False,0.915916,-0.566405,0.701306,-0.566405,-0.031194,-0.566405,model_curve_artifact_candidate
glm4,glm4,existential_no,perfect,negation,tense,False,0.922922,-0.534412,-0.646553,-0.534412,0.091732,-0.646553,model_curve_artifact_candidate
glm4,glm4,existential_no,poetic,negation,style,False,0.927095,-0.480181,-0.266264,-0.480181,0.103090,-0.480181,model_curve_artifact_candidate
glm4,glm4,existential_no,possessive_chain,negation,recursive,False,0.979909,0.664023,0.006656,0.664023,-0.176280,0.006656,category_curve_artifact_candidate
glm4,glm4,existential_no,pp_chain,negation,recursive,False,0.979534,0.679870,-0.096653,0.679870,-0.094794,-0.096653,category_curve_artifact_candidate
glm4,glm4,existential_no,progressive,negation,tense,False,0.922911,-0.484008,-0.591332,-0.484008,0.154911,-0.591332,model_curve_artifact_candidate
glm4,glm4,existential_no,relative_clause,negation,recursive,False,0.982811,0.741761,-0.184812,0.741761,0.223894,-0.184812,category_curve_artifact_candidate
glm4,glm4,existential_no,scope_quantifier,negation,negation,True,0.981595,0.751472,-0.547496,0.751472,0.342421,-0.547496,category_curve_artifact_candidate
glm4,glm4,existential_no,she_coref,negation,coreference,False,0.899459,-0.611734,-0.135656,-0.611734,-0.066913,-0.611734,ordinary
glm4,glm4,existential_no,syntactic_do_not,negation,negation,True,0.980736,0.732802,-0.512706,0.732802,0.416593,-0.512706,category_curve_artifact_candidate
glm4,glm4,existential_no,target_language_switch,negation,translation,False,0.892605,-0.609194,0.440266,-0.609194,-0.338046,-0.609194,ordinary
glm4,glm4,existential_no,they_coref,negation,coreference,False,0.816637,-0.487973,0.290790,-0.487973,-0.371807,-0.487973,ordinary
glm4,glm4,formal,future_will,style,tense,False,0.990644,0.855876,0.735776,0.855876,0.482832,0.735776,residual_stable_reuse_candidate
glm4,glm4,formal,get_passive,style,passive,False,0.919478,-0.211747,0.103326,-0.211747,0.109876,-0.211747,model_curve_artifact_candidate
glm4,glm4,formal,he_coref,style,coreference,False,0.949652,0.128093,0.774150,0.128093,-0.059545,0.128093,ordinary
glm4,glm4,formal,inference,style,logical,False,0.877483,-0.684545,-0.293779,-0.684545,-0.197606,-0.684545,ordinary
glm4,glm4,formal,it_coref,style,coreference,False,0.799344,-0.391300,-0.730946,-0.391300,-0.364415,-0.730946,ordinary
glm4,glm4,formal,lexical_not_adj,style,negation,False,0.928023,0.007307,0.491662,0.007307,0.365036,0.007307,model_curve_artifact_candidate
glm4,glm4,formal,long_passive,style,passive,False,0.984698,0.750637,0.069229,0.750637,0.268090,0.069229,ordinary
glm4,glm4,formal,morphological_neg,style,negation,False,0.897046,-0.569724,-0.534127,-0.569724,-0.169746,-0.569724,ordinary
glm4,glm4,formal,negated_condition,style,logical,False,0.989289,0.843365,0.549994,0.843365,0.408328,0.549994,residual_stable_reuse_candidate
glm4,glm4,formal,nested_condition,style,logical,False,0.973050,0.583553,0.348373,0.583553,-0.122288,0.348373,residual_stable_reuse_candidate
glm4,glm4,formal,nested_contrast,style,logical,False,0.976532,0.647270,0.407273,0.647270,-0.013035,0.407273,residual_stable_reuse_candidate
glm4,glm4,formal,nested_passive,style,passive,False,0.987293,0.800829,0.121669,0.800829,0.291618,0.121669,ordinary
glm4,glm4,formal,never,style,negation,False,0.918491,-0.075085,0.308463,-0.075085,0.180782,-0.075085,model_curve_artifact_candidate
glm4,glm4,formal,no_agent,style,passive,False,0.885575,-0.648668,-0.531209,-0.648668,-0.109940,-0.648668,ordinary
glm4,glm4,formal,past_simple,style,tense,False,0.938240,0.003773,-0.733246,0.003773,-0.100989,-0.733246,model_curve_artifact_candidate
glm4,glm4,formal,perfect,style,tense,False,0.987722,0.805435,0.654496,0.805435,0.382938,0.654496,residual_stable_reuse_candidate
glm4,glm4,formal,poetic,style,style,True,0.978326,0.638369,0.769942,0.638369,0.177583,0.638369,residual_stable_reuse_candidate
glm4,glm4,formal,possessive_chain,style,recursive,False,0.917328,-0.224680,-0.105206,-0.224680,-0.121219,-0.224680,model_curve_artifact_candidate
glm4,glm4,formal,pp_chain,style,recursive,False,0.920211,-0.127291,0.024810,-0.127291,-0.094795,-0.127291,model_curve_artifact_candidate
glm4,glm4,formal,progressive,style,tense,False,0.988123,0.813254,0.673543,0.813254,0.395830,0.673543,residual_stable_reuse_candidate
glm4,glm4,formal,relative_clause,style,recursive,False,0.927175,-0.007703,0.223236,-0.007703,0.102121,-0.007703,model_curve_artifact_candidate
glm4,glm4,formal,scope_quantifier,style,negation,False,0.918950,-0.052540,0.358065,-0.052540,-0.000429,-0.052540,model_curve_artifact_candidate
glm4,glm4,formal,she_coref,style,coreference,False,0.917404,-0.163942,0.354181,-0.163942,-0.162203,-0.163942,model_curve_artifact_candidate
glm4,glm4,formal,syntactic_do_not,style,negation,False,0.924402,0.006337,0.276767,0.006337,0.312529,0.006337,model_curve_artifact_candidate
glm4,glm4,formal,target_language_switch,style,translation,False,0.906501,-0.237229,-0.829749,-0.237229,-0.309818,-0.829749,model_curve_artifact_candidate
glm4,glm4,formal,they_coref,style,coreference,False,0.812196,-0.394024,-0.774118,-0.394024,-0.357908,-0.774118,ordinary
glm4,glm4,future_will,get_passive,tense,passive,False,0.926334,-0.320214,0.182978,-0.320214,0.064797,-0.320214,model_curve_artifact_candidate
glm4,glm4,future_will,he_coref,tense,coreference,False,0.966194,0.280830,0.359142,0.280830,0.055296,0.280830,ordinary
glm4,glm4,future_will,inference,tense,logical,False,0.892660,-0.743396,-0.367720,-0.743396,-0.326849,-0.743396,ordinary
glm4,glm4,future_will,it_coref,tense,coreference,False,0.822445,-0.350423,-0.347199,-0.350423,-0.589739,-0.350423,ordinary
glm4,glm4,future_will,lexical_not_adj,tense,negation,False,0.930135,-0.130753,0.471437,-0.130753,0.290571,-0.130753,model_curve_artifact_candidate
glm4,glm4,future_will,long_passive,tense,passive,False,0.992979,0.843743,0.021735,0.843743,0.540525,0.021735,category_curve_artifact_candidate
glm4,glm4,future_will,morphological_neg,tense,negation,False,0.908935,-0.657663,-0.591372,-0.657663,-0.232913,-0.657663,model_curve_artifact_candidate
glm4,glm4,future_will,negated_condition,tense,logical,False,0.988710,0.814388,0.531557,0.814388,0.390167,0.531557,residual_stable_reuse_candidate
glm4,glm4,future_will,nested_condition,tense,logical,False,0.979687,0.625488,0.383876,0.625488,-0.236088,0.383876,residual_stable_reuse_candidate
glm4,glm4,future_will,nested_contrast,tense,logical,False,0.985101,0.739003,0.494138,0.739003,0.075034,0.494138,residual_stable_reuse_candidate
glm4,glm4,future_will,nested_passive,tense,passive,False,0.992721,0.838130,0.105956,0.838130,0.419450,0.105956,ordinary
glm4,glm4,future_will,never,tense,negation,False,0.922030,-0.200993,0.395156,-0.200993,0.098147,-0.200993,model_curve_artifact_candidate
glm4,glm4,future_will,no_agent,tense,passive,False,0.897246,-0.757312,-0.584784,-0.757312,-0.339717,-0.757312,ordinary
glm4,glm4,future_will,past_simple,tense,tense,True,0.955767,0.140251,-0.939366,0.140251,0.025498,-0.939366,category_curve_artifact_candidate
glm4,glm4,future_will,perfect,tense,tense,True,0.998955,0.978351,0.822230,0.978351,0.929143,0.822230,residual_stable_reuse_candidate
glm4,glm4,future_will,poetic,tense,style,False,0.984552,0.672172,0.445563,0.672172,0.269237,0.445563,residual_stable_reuse_candidate
glm4,glm4,future_will,possessive_chain,tense,recursive,False,0.923044,-0.354827,-0.149323,-0.354827,-0.251486,-0.354827,model_curve_artifact_candidate
glm4,glm4,future_will,pp_chain,tense,recursive,False,0.925368,-0.243694,0.130971,-0.243694,-0.255171,-0.243694,model_curve_artifact_candidate
glm4,glm4,future_will,progressive,tense,tense,True,0.998791,0.975870,0.822555,0.975870,0.934014,0.822555,residual_stable_reuse_candidate
glm4,glm4,future_will,relative_clause,tense,recursive,False,0.928827,-0.156784,0.153074,-0.156784,-0.025522,-0.156784,model_curve_artifact_candidate
glm4,glm4,future_will,scope_quantifier,tense,negation,False,0.920515,-0.203250,0.301791,-0.203250,-0.049518,-0.203250,model_curve_artifact_candidate
glm4,glm4,future_will,she_coref,tense,coreference,False,0.933919,-0.095709,0.236502,-0.095709,-0.082509,-0.095709,model_curve_artifact_candidate
glm4,glm4,future_will,syntactic_do_not,tense,negation,False,0.925288,-0.145083,0.527636,-0.145083,0.231797,-0.145083,model_curve_artifact_candidate
glm4,glm4,future_will,target_language_switch,tense,translation,False,0.926044,-0.141290,-0.608434,-0.141290,-0.297973,-0.608434,model_curve_artifact_candidate
glm4,glm4,future_will,they_coref,tense,coreference,False,0.835336,-0.347386,-0.488814,-0.347386,-0.469083,-0.488814,ordinary
glm4,glm4,get_passive,he_coref,passive,coreference,False,0.912022,-0.632723,0.079972,-0.632723,-0.034280,-0.632723,model_curve_artifact_candidate
glm4,glm4,get_passive,inference,passive,logical,False,0.957185,0.384424,0.323083,0.384424,0.073657,0.323083,ordinary
glm4,glm4,get_passive,it_coref,passive,coreference,False,0.790601,-0.511961,-0.016648,-0.511961,-0.220624,-0.511961,ordinary
glm4,glm4,get_passive,lexical_not_adj,passive,negation,False,0.989646,0.853481,0.102081,0.853481,0.511756,0.102081,ordinary
glm4,glm4,get_passive,long_passive,passive,passive,True,0.925701,-0.532969,-0.778949,-0.532969,-0.149129,-0.778949,model_curve_artifact_candidate
glm4,glm4,get_passive,morphological_neg,passive,negation,False,0.970918,0.532918,-0.400576,0.532918,-0.163721,-0.400576,category_curve_artifact_candidate
glm4,glm4,get_passive,negated_condition,passive,logical,False,0.922567,-0.193057,-0.297190,-0.193057,0.280779,-0.297190,model_curve_artifact_candidate
glm4,glm4,get_passive,nested_condition,passive,logical,False,0.915176,-0.390570,-0.428466,-0.390570,-0.141648,-0.428466,model_curve_artifact_candidate
glm4,glm4,get_passive,nested_contrast,passive,logical,False,0.918357,-0.296230,-0.347532,-0.296230,0.003593,-0.347532,model_curve_artifact_candidate
glm4,glm4,get_passive,nested_passive,passive,passive,True,0.926472,-0.484457,-0.733839,-0.484457,-0.241347,-0.733839,model_curve_artifact_candidate
glm4,glm4,get_passive,never,passive,negation,False,0.987852,0.839385,0.318288,0.839385,0.585835,0.318288,residual_stable_reuse_candidate
glm4,glm4,get_passive,no_agent,passive,passive,True,0.963202,0.443105,0.085287,0.443105,0.009250,0.085287,ordinary
glm4,glm4,get_passive,past_simple,passive,tense,False,0.900485,-0.699886,-0.193882,-0.699886,-0.288280,-0.699886,model_curve_artifact_candidate
glm4,glm4,get_passive,perfect,passive,tense,False,0.925430,-0.354659,0.143750,-0.354659,0.025001,-0.354659,model_curve_artifact_candidate
glm4,glm4,get_passive,poetic,passive,style,False,0.919430,-0.492117,0.036135,-0.492117,-0.109463,-0.492117,model_curve_artifact_candidate
glm4,glm4,get_passive,possessive_chain,passive,recursive,False,0.985717,0.777398,0.637103,0.777398,0.117348,0.637103,residual_stable_reuse_candidate
glm4,glm4,get_passive,pp_chain,passive,recursive,False,0.983700,0.759719,0.646661,0.759719,0.168807,0.646661,residual_stable_reuse_candidate
glm4,glm4,get_passive,progressive,passive,tense,False,0.925500,-0.311549,0.213686,-0.311549,0.084005,-0.311549,model_curve_artifact_candidate
glm4,glm4,get_passive,relative_clause,passive,recursive,False,0.989900,0.856429,0.709882,0.856429,0.405791,0.709882,residual_stable_reuse_candidate
glm4,glm4,get_passive,scope_quantifier,passive,negation,False,0.991011,0.887096,0.439225,0.887096,0.673433,0.439225,residual_stable_reuse_candidate
glm4,glm4,get_passive,she_coref,passive,coreference,False,0.884922,-0.704305,-0.036665,-0.704305,-0.363871,-0.704305,ordinary
glm4,glm4,get_passive,syntactic_do_not,passive,negation,False,0.986165,0.816872,0.119426,0.816872,0.342738,0.119426,ordinary
glm4,glm4,get_passive,target_language_switch,passive,translation,False,0.878812,-0.683207,-0.014282,-0.683207,-0.368556,-0.683207,ordinary
glm4,glm4,get_passive,they_coref,passive,coreference,False,0.799085,-0.557779,-0.130072,-0.557779,-0.417977,-0.557779,ordinary
glm4,glm4,he_coref,inference,coreference,logical,False,0.922813,-0.285896,-0.087488,-0.285896,-0.061167,-0.285896,model_curve_artifact_candidate
glm4,glm4,he_coref,it_coref,coreference,coreference,True,0.890592,0.284617,-0.852665,0.284617,-0.251388,-0.852665,ordinary
glm4,glm4,he_coref,lexical_not_adj,coreference,negation,False,0.899721,-0.686986,0.242702,-0.686986,-0.185333,-0.686986,ordinary
glm4,glm4,he_coref,long_passive,coreference,passive,False,0.978284,0.464090,0.068794,0.464090,0.131182,0.068794,ordinary
glm4,glm4,he_coref,morphological_neg,coreference,negation,False,0.918771,-0.528943,-0.323695,-0.528943,-0.161710,-0.528943,model_curve_artifact_candidate
glm4,glm4,he_coref,negated_condition,coreference,logical,False,0.958700,0.267343,0.360513,0.267343,0.224838,0.267343,ordinary
glm4,glm4,he_coref,nested_condition,coreference,logical,False,0.957860,0.192738,0.197055,0.192738,-0.312795,0.192738,ordinary
glm4,glm4,he_coref,nested_contrast,coreference,logical,False,0.954267,0.156250,0.220920,0.156250,-0.221075,0.156250,ordinary
glm4,glm4,he_coref,nested_passive,coreference,passive,False,0.976077,0.421057,0.107761,0.421057,0.159919,0.107761,ordinary
glm4,glm4,he_coref,never,coreference,negation,False,0.901021,-0.582444,0.270022,-0.582444,0.051640,-0.582444,model_curve_artifact_candidate
glm4,glm4,he_coref,no_agent,coreference,passive,False,0.923081,-0.354592,-0.304992,-0.354592,-0.002865,-0.354592,model_curve_artifact_candidate
glm4,glm4,he_coref,past_simple,coreference,tense,False,0.989999,0.801964,-0.385249,0.801964,0.481874,-0.385249,category_curve_artifact_candidate
glm4,glm4,he_coref,perfect,coreference,tense,False,0.967477,0.297314,0.314289,0.297314,0.077485,0.297314,ordinary
glm4,glm4,he_coref,poetic,coreference,style,False,0.976776,0.487566,0.805443,0.487566,0.378215,0.487566,residual_stable_reuse_candidate
glm4,glm4,he_coref,possessive_chain,coreference,recursive,False,0.903898,-0.752798,-0.065171,-0.752798,-0.509817,-0.752798,model_curve_artifact_candidate
glm4,glm4,he_coref,pp_chain,coreference,recursive,False,0.897018,-0.781094,-0.019485,-0.781094,-0.461294,-0.781094,ordinary
glm4,glm4,he_coref,progressive,coreference,tense,False,0.966279,0.297491,0.404635,0.297491,0.109503,0.297491,ordinary
glm4,glm4,he_coref,relative_clause,coreference,recursive,False,0.899353,-0.699588,0.184316,-0.699588,-0.209718,-0.699588,ordinary
glm4,glm4,he_coref,scope_quantifier,coreference,negation,False,0.900472,-0.563809,0.388549,-0.563809,-0.017676,-0.563809,model_curve_artifact_candidate
glm4,glm4,he_coref,she_coref,coreference,coreference,True,0.973933,0.570802,0.195086,0.570802,0.459715,0.195086,ordinary
glm4,glm4,he_coref,syntactic_do_not,coreference,negation,False,0.891633,-0.730503,-0.119575,-0.730503,-0.219994,-0.730503,ordinary
glm4,glm4,he_coref,target_language_switch,coreference,translation,False,0.972456,0.589488,-0.692673,0.589488,0.228553,-0.692673,category_curve_artifact_candidate
glm4,glm4,he_coref,they_coref,coreference,coreference,True,0.906928,0.355585,-0.808724,0.355585,0.024837,-0.808724,category_curve_artifact_candidate
glm4,glm4,inference,it_coref,logical,coreference,False,0.842995,-0.024445,0.150475,-0.024445,0.043957,-0.024445,ordinary
glm4,glm4,inference,lexical_not_adj,logical,negation,False,0.945384,0.275788,-0.223058,0.275788,0.008562,-0.223058,category_curve_artifact_candidate
glm4,glm4,inference,long_passive,logical,passive,False,0.907706,-0.713360,-0.637836,-0.713360,-0.317370,-0.713360,model_curve_artifact_candidate
glm4,glm4,inference,morphological_neg,logical,negation,False,0.984923,0.784283,0.446934,0.784283,0.391598,0.446934,residual_stable_reuse_candidate
glm4,glm4,inference,negated_condition,logical,logical,True,0.875653,-0.748040,-0.804161,-0.748040,-0.302550,-0.804161,ordinary
glm4,glm4,inference,nested_condition,logical,logical,True,0.889470,-0.647433,-0.780695,-0.647433,-0.202664,-0.780695,ordinary
glm4,glm4,inference,nested_contrast,logical,logical,True,0.879855,-0.737524,-0.843917,-0.737524,-0.365947,-0.843917,ordinary
glm4,glm4,inference,nested_passive,logical,passive,False,0.905373,-0.721947,-0.663519,-0.721947,-0.307799,-0.721947,model_curve_artifact_candidate
glm4,glm4,inference,never,logical,negation,False,0.944023,0.289318,-0.252294,0.289318,-0.001128,-0.252294,category_curve_artifact_candidate
glm4,glm4,inference,no_agent,logical,passive,False,0.991870,0.888531,0.792035,0.888531,0.521989,0.792035,residual_stable_reuse_candidate
glm4,glm4,inference,past_simple,logical,tense,False,0.922762,-0.192778,0.424775,-0.192778,-0.172521,-0.192778,model_curve_artifact_candidate
glm4,glm4,inference,perfect,logical,tense,False,0.894086,-0.742675,-0.399090,-0.742675,-0.340579,-0.742675,ordinary
glm4,glm4,inference,poetic,logical,style,False,0.900289,-0.668711,-0.256527,-0.668711,-0.341959,-0.668711,model_curve_artifact_candidate
glm4,glm4,inference,possessive_chain,logical,recursive,False,0.962026,0.462035,0.677188,0.462035,0.245160,0.462035,residual_stable_reuse_candidate
glm4,glm4,inference,pp_chain,logical,recursive,False,0.954221,0.378877,0.603420,0.378877,0.175556,0.378877,ordinary
glm4,glm4,inference,progressive,logical,tense,False,0.890581,-0.746845,-0.428469,-0.746845,-0.375850,-0.746845,ordinary
glm4,glm4,inference,relative_clause,logical,recursive,False,0.943570,0.249374,0.389669,0.249374,-0.025895,0.249374,ordinary
glm4,glm4,inference,scope_quantifier,logical,negation,False,0.942253,0.277918,-0.229544,0.277918,0.116673,-0.229544,category_curve_artifact_candidate
glm4,glm4,inference,she_coref,logical,coreference,False,0.908799,-0.234658,-0.184108,-0.234658,-0.214192,-0.234658,model_curve_artifact_candidate
glm4,glm4,inference,syntactic_do_not,logical,negation,False,0.933929,0.163662,-0.417941,0.163662,-0.199311,-0.417941,category_curve_artifact_candidate
glm4,glm4,inference,target_language_switch,logical,translation,False,0.920452,-0.013083,0.346697,-0.013083,0.145266,-0.013083,model_curve_artifact_candidate
glm4,glm4,inference,they_coref,logical,coreference,False,0.859717,0.021244,0.299230,0.021244,0.149359,0.021244,ordinary
glm4,glm4,it_coref,lexical_not_adj,coreference,negation,False,0.757174,-0.676458,-0.269653,-0.676458,-0.396481,-0.676458,ordinary
glm4,glm4,it_coref,long_passive,coreference,passive,False,0.852122,-0.158376,-0.070544,-0.158376,-0.396248,-0.158376,ordinary
glm4,glm4,it_coref,morphological_neg,coreference,negation,False,0.822226,-0.260789,0.346361,-0.260789,-0.063320,-0.260789,ordinary
glm4,glm4,it_coref,negated_condition,coreference,logical,False,0.805052,-0.366975,-0.419474,-0.366975,-0.462308,-0.419474,ordinary
glm4,glm4,it_coref,nested_condition,coreference,logical,False,0.845478,-0.078009,-0.096853,-0.078009,0.554699,-0.096853,ordinary
glm4,glm4,it_coref,nested_contrast,coreference,logical,False,0.828908,-0.196385,-0.225638,-0.196385,0.160452,-0.225638,ordinary
glm4,glm4,it_coref,nested_passive,coreference,passive,False,0.846776,-0.202060,-0.083332,-0.202060,-0.332955,-0.202060,ordinary
glm4,glm4,it_coref,never,coreference,negation,False,0.757436,-0.622320,-0.317426,-0.622320,-0.330969,-0.622320,ordinary
glm4,glm4,it_coref,no_agent,coreference,passive,False,0.840410,-0.072523,0.315620,-0.072523,-0.018774,-0.072523,ordinary
glm4,glm4,it_coref,past_simple,coreference,tense,False,0.902652,0.407508,0.408153,0.407508,-0.176604,0.407508,residual_stable_reuse_candidate
glm4,glm4,it_coref,perfect,coreference,tense,False,0.825670,-0.331719,-0.359083,-0.331719,-0.576969,-0.359083,ordinary
glm4,glm4,it_coref,poetic,coreference,style,False,0.840882,-0.199721,-0.850148,-0.199721,-0.398909,-0.850148,ordinary
glm4,glm4,it_coref,possessive_chain,coreference,recursive,False,0.790716,-0.494216,0.131858,-0.494216,0.280450,-0.494216,ordinary
glm4,glm4,it_coref,pp_chain,coreference,recursive,False,0.777847,-0.545624,0.042776,-0.545624,0.235146,-0.545624,ordinary
glm4,glm4,it_coref,progressive,coreference,tense,False,0.818818,-0.368109,-0.438027,-0.368109,-0.625770,-0.438027,ordinary
glm4,glm4,it_coref,relative_clause,coreference,recursive,False,0.757468,-0.678179,-0.242394,-0.678179,-0.193346,-0.678179,ordinary
glm4,glm4,it_coref,scope_quantifier,coreference,negation,False,0.751590,-0.646814,-0.292781,-0.646814,-0.200338,-0.646814,ordinary
glm4,glm4,it_coref,she_coref,coreference,coreference,True,0.955614,0.832225,-0.320336,0.832225,0.035402,-0.320336,category_curve_artifact_candidate
glm4,glm4,it_coref,syntactic_do_not,coreference,negation,False,0.768007,-0.542166,0.068698,-0.542166,-0.233793,-0.542166,ordinary
glm4,glm4,it_coref,target_language_switch,coreference,translation,False,0.948156,0.762787,0.705628,0.762787,0.300750,0.705628,residual_stable_reuse_candidate
glm4,glm4,it_coref,they_coref,coreference,coreference,True,0.985779,0.936790,0.763800,0.936790,0.552328,0.763800,residual_stable_reuse_candidate
glm4,glm4,lexical_not_adj,long_passive,negation,passive,False,0.923885,-0.406190,0.067146,-0.406190,-0.128085,-0.406190,model_curve_artifact_candidate
glm4,glm4,lexical_not_adj,morphological_neg,negation,negation,True,0.964261,0.479152,-0.467469,0.479152,-0.080941,-0.467469,category_curve_artifact_candidate
glm4,glm4,lexical_not_adj,negated_condition,negation,logical,False,0.926732,-0.032757,0.321077,-0.032757,0.389210,-0.032757,model_curve_artifact_candidate
glm4,glm4,lexical_not_adj,nested_condition,negation,logical,False,0.911121,-0.327967,0.216979,-0.327967,-0.253204,-0.327967,model_curve_artifact_candidate
glm4,glm4,lexical_not_adj,nested_contrast,negation,logical,False,0.919376,-0.168702,0.289871,-0.168702,-0.066591,-0.168702,model_curve_artifact_candidate
glm4,glm4,lexical_not_adj,nested_passive,negation,passive,False,0.924238,-0.371737,0.024699,-0.371737,-0.280526,-0.371737,model_curve_artifact_candidate
glm4,glm4,lexical_not_adj,never,negation,negation,True,0.987937,0.847084,-0.142834,0.847084,0.548106,-0.142834,category_curve_artifact_candidate
glm4,glm4,lexical_not_adj,no_agent,negation,passive,False,0.954850,0.373839,-0.422447,0.373839,0.132874,-0.422447,category_curve_artifact_candidate
glm4,glm4,lexical_not_adj,past_simple,negation,tense,False,0.886827,-0.760594,-0.509556,-0.760594,-0.429258,-0.760594,ordinary
glm4,glm4,lexical_not_adj,perfect,negation,tense,False,0.929275,-0.159135,0.480583,-0.159135,0.244958,-0.159135,model_curve_artifact_candidate
glm4,glm4,lexical_not_adj,poetic,negation,style,False,0.922243,-0.299261,0.269743,-0.299261,0.035082,-0.299261,model_curve_artifact_candidate
glm4,glm4,lexical_not_adj,possessive_chain,negation,recursive,False,0.982670,0.754956,-0.048590,0.754956,0.151583,-0.048590,category_curve_artifact_candidate
glm4,glm4,lexical_not_adj,pp_chain,negation,recursive,False,0.983584,0.776685,-0.076194,0.776685,0.133909,-0.076194,category_curve_artifact_candidate
glm4,glm4,lexical_not_adj,progressive,negation,tense,False,0.930359,-0.108817,0.483896,-0.108817,0.305959,-0.108817,model_curve_artifact_candidate
glm4,glm4,lexical_not_adj,relative_clause,negation,recursive,False,0.991660,0.888707,0.077155,0.888707,0.408904,0.077155,ordinary
glm4,glm4,lexical_not_adj,scope_quantifier,negation,negation,True,0.990114,0.877346,0.223906,0.877346,0.592063,0.223906,residual_stable_reuse_candidate
glm4,glm4,lexical_not_adj,she_coref,negation,coreference,False,0.868233,-0.789893,0.183223,-0.789893,-0.382275,-0.789893,ordinary
glm4,glm4,lexical_not_adj,syntactic_do_not,negation,negation,True,0.988606,0.856173,0.165422,0.856173,0.441801,0.165422,ordinary
glm4,glm4,lexical_not_adj,target_language_switch,negation,translation,False,0.857041,-0.827024,-0.370522,-0.827024,-0.567410,-0.827024,ordinary
glm4,glm4,lexical_not_adj,they_coref,negation,coreference,False,0.768513,-0.706120,-0.315672,-0.706120,-0.553924,-0.706120,ordinary
glm4,glm4,long_passive,morphological_neg,passive,negation,False,0.921062,-0.657628,0.060311,-0.657628,-0.065010,-0.657628,model_curve_artifact_candidate
glm4,glm4,long_passive,negated_condition,passive,logical,False,0.981657,0.673131,0.642258,0.673131,0.089656,0.642258,residual_stable_reuse_candidate
glm4,glm4,long_passive,nested_condition,passive,logical,False,0.984252,0.687682,0.764348,0.687682,-0.168484,0.687682,residual_stable_reuse_candidate
glm4,glm4,long_passive,nested_contrast,passive,logical,False,0.981013,0.638885,0.692612,0.638885,0.066913,0.638885,residual_stable_reuse_candidate
glm4,glm4,long_passive,nested_passive,passive,passive,True,0.996290,0.897731,0.939883,0.897731,0.711002,0.897731,residual_stable_reuse_candidate
glm4,glm4,long_passive,never,passive,negation,False,0.913281,-0.524841,-0.150842,-0.524841,-0.441559,-0.524841,model_curve_artifact_candidate
glm4,glm4,long_passive,no_agent,passive,passive,True,0.911169,-0.744886,-0.544369,-0.744886,-0.267478,-0.744886,model_curve_artifact_candidate
glm4,glm4,long_passive,past_simple,passive,tense,False,0.974646,0.442701,-0.023704,0.442701,0.379851,-0.023704,category_curve_artifact_candidate
glm4,glm4,long_passive,perfect,passive,tense,False,0.993188,0.844014,0.048045,0.844014,0.557459,0.048045,category_curve_artifact_candidate
glm4,glm4,long_passive,poetic,passive,style,False,0.987360,0.691978,0.068279,0.691978,0.356474,0.068279,ordinary
glm4,glm4,long_passive,possessive_chain,passive,recursive,False,0.927661,-0.461614,-0.805134,-0.461614,-0.474285,-0.805134,model_curve_artifact_candidate
glm4,glm4,long_passive,pp_chain,passive,recursive,False,0.924226,-0.443405,-0.854724,-0.443405,-0.268575,-0.854724,model_curve_artifact_candidate
glm4,glm4,long_passive,progressive,passive,tense,False,0.991175,0.807728,0.001048,0.807728,0.483292,0.001048,category_curve_artifact_candidate
glm4,glm4,long_passive,relative_clause,passive,recursive,False,0.925650,-0.377707,-0.802491,-0.377707,-0.231270,-0.802491,model_curve_artifact_candidate
glm4,glm4,long_passive,scope_quantifier,passive,negation,False,0.915245,-0.459526,-0.053524,-0.459526,-0.451395,-0.459526,model_curve_artifact_candidate
glm4,glm4,long_passive,she_coref,passive,coreference,False,0.953104,0.134281,0.107121,0.134281,0.139987,0.107121,ordinary
glm4,glm4,long_passive,syntactic_do_not,passive,negation,False,0.918451,-0.422726,0.015786,-0.422726,-0.047822,-0.422726,model_curve_artifact_candidate
glm4,glm4,long_passive,target_language_switch,passive,translation,False,0.948403,0.125427,-0.077609,0.125427,-0.052585,-0.077609,category_curve_artifact_candidate
glm4,glm4,long_passive,they_coref,passive,coreference,False,0.865755,-0.133464,-0.060332,-0.133464,-0.188214,-0.133464,ordinary
glm4,glm4,morphological_neg,negated_condition,negation,logical,False,0.893807,-0.657810,-0.594694,-0.657810,-0.458986,-0.657810,ordinary
glm4,glm4,morphological_neg,nested_condition,negation,logical,False,0.906119,-0.560124,-0.254744,-0.560124,-0.318565,-0.560124,model_curve_artifact_candidate
glm4,glm4,morphological_neg,nested_contrast,negation,logical,False,0.896743,-0.661329,-0.481608,-0.661329,-0.480789,-0.661329,ordinary
glm4,glm4,morphological_neg,nested_passive,negation,passive,False,0.919987,-0.644197,0.009160,-0.644197,-0.028162,-0.644197,model_curve_artifact_candidate
glm4,glm4,morphological_neg,never,negation,negation,True,0.962166,0.476629,-0.635892,0.476629,-0.194434,-0.635892,category_curve_artifact_candidate
glm4,glm4,morphological_neg,no_agent,negation,passive,False,0.989890,0.846350,0.613588,0.846350,0.605182,0.613588,residual_stable_reuse_candidate
glm4,glm4,morphological_neg,past_simple,negation,tense,False,0.920198,-0.381833,0.656224,-0.381833,0.106924,-0.381833,model_curve_artifact_candidate
glm4,glm4,morphological_neg,perfect,negation,tense,False,0.909844,-0.663932,-0.561240,-0.663932,-0.224751,-0.663932,model_curve_artifact_candidate
glm4,glm4,morphological_neg,poetic,negation,style,False,0.915948,-0.580379,-0.380790,-0.580379,-0.193085,-0.580379,model_curve_artifact_candidate
glm4,glm4,morphological_neg,possessive_chain,negation,recursive,False,0.976593,0.630513,0.171714,0.630513,0.106903,0.171714,ordinary
glm4,glm4,morphological_neg,pp_chain,negation,recursive,False,0.969736,0.547031,-0.060584,0.547031,-0.089778,-0.060584,category_curve_artifact_candidate
glm4,glm4,morphological_neg,progressive,negation,tense,False,0.906589,-0.669528,-0.686613,-0.669528,-0.316441,-0.686613,model_curve_artifact_candidate
glm4,glm4,morphological_neg,relative_clause,negation,recursive,False,0.965073,0.489147,-0.309141,0.489147,-0.132120,-0.309141,category_curve_artifact_candidate
glm4,glm4,morphological_neg,scope_quantifier,negation,negation,True,0.958095,0.429767,-0.610772,0.429767,-0.217793,-0.610772,category_curve_artifact_candidate
glm4,glm4,morphological_neg,she_coref,negation,coreference,False,0.903247,-0.450830,-0.171122,-0.450830,-0.019744,-0.450830,model_curve_artifact_candidate
glm4,glm4,morphological_neg,syntactic_do_not,negation,negation,True,0.957292,0.410112,-0.571692,0.410112,-0.268676,-0.571692,category_curve_artifact_candidate
glm4,glm4,morphological_neg,target_language_switch,negation,translation,False,0.907779,-0.294409,0.477150,-0.294409,0.283044,-0.294409,model_curve_artifact_candidate
glm4,glm4,morphological_neg,they_coref,negation,coreference,False,0.839959,-0.212902,0.533381,-0.212902,0.285010,-0.212902,ordinary
glm4,glm4,negated_condition,nested_condition,logical,logical,True,0.969549,0.516351,0.694522,0.516351,-0.144592,0.516351,residual_stable_reuse_candidate
glm4,glm4,negated_condition,nested_contrast,logical,logical,True,0.982220,0.725956,0.827682,0.725956,0.163914,0.725956,residual_stable_reuse_candidate
glm4,glm4,negated_condition,nested_passive,logical,passive,False,0.985062,0.743148,0.685683,0.743148,0.126886,0.685683,residual_stable_reuse_candidate
glm4,glm4,negated_condition,never,logical,negation,False,0.927582,0.025132,0.401025,0.025132,0.510439,0.025132,model_curve_artifact_candidate
glm4,glm4,negated_condition,no_agent,logical,passive,False,0.883921,-0.710996,-0.827391,-0.710996,-0.274618,-0.827391,ordinary
glm4,glm4,negated_condition,past_simple,logical,tense,False,0.942119,0.042471,-0.533703,0.042471,-0.065099,-0.533703,model_curve_artifact_candidate
glm4,glm4,negated_condition,perfect,logical,tense,False,0.986355,0.771971,0.438745,0.771971,0.299369,0.438745,residual_stable_reuse_candidate
glm4,glm4,negated_condition,poetic,logical,style,False,0.984244,0.732325,0.430200,0.732325,0.365638,0.430200,residual_stable_reuse_candidate
glm4,glm4,negated_condition,possessive_chain,logical,recursive,False,0.911759,-0.337938,-0.715289,-0.337938,-0.199428,-0.715289,model_curve_artifact_candidate
glm4,glm4,negated_condition,pp_chain,logical,recursive,False,0.918400,-0.178936,-0.527830,-0.178936,-0.061212,-0.527830,model_curve_artifact_candidate
glm4,glm4,negated_condition,progressive,logical,tense,False,0.988701,0.815173,0.525718,0.815173,0.450276,0.525718,residual_stable_reuse_candidate
glm4,glm4,negated_condition,relative_clause,logical,recursive,False,0.928206,-0.015349,-0.251263,-0.015349,0.368183,-0.251263,model_curve_artifact_candidate
glm4,glm4,negated_condition,scope_quantifier,logical,negation,False,0.926765,0.029718,0.347759,0.029718,0.443108,0.029718,model_curve_artifact_candidate
glm4,glm4,negated_condition,she_coref,logical,coreference,False,0.924239,-0.091649,0.249499,-0.091649,-0.088154,-0.091649,model_curve_artifact_candidate
glm4,glm4,negated_condition,syntactic_do_not,logical,negation,False,0.927937,0.033157,0.436292,0.033157,0.421108,0.033157,model_curve_artifact_candidate
glm4,glm4,negated_condition,target_language_switch,logical,translation,False,0.906412,-0.265064,-0.523754,-0.265064,-0.404713,-0.523754,model_curve_artifact_candidate
glm4,glm4,negated_condition,they_coref,logical,coreference,False,0.816525,-0.379731,-0.474642,-0.379731,-0.556462,-0.474642,ordinary
glm4,glm4,nested_condition,nested_contrast,logical,logical,True,0.985509,0.762492,0.847256,0.762492,0.539475,0.762492,residual_stable_reuse_candidate
glm4,glm4,nested_condition,nested_passive,logical,passive,False,0.986275,0.733369,0.792466,0.733369,-0.016780,0.733369,residual_stable_reuse_candidate
glm4,glm4,nested_condition,never,logical,negation,False,0.904665,-0.359417,0.051319,-0.359417,-0.215511,-0.359417,model_curve_artifact_candidate
glm4,glm4,nested_condition,no_agent,logical,passive,False,0.891232,-0.703029,-0.762644,-0.703029,-0.329255,-0.762644,ordinary
glm4,glm4,nested_condition,past_simple,logical,tense,False,0.949598,0.108589,-0.402669,0.108589,-0.255580,-0.402669,category_curve_artifact_candidate
glm4,glm4,nested_condition,perfect,logical,tense,False,0.980320,0.633318,0.399387,0.633318,-0.267794,0.399387,residual_stable_reuse_candidate
glm4,glm4,nested_condition,poetic,logical,style,False,0.975604,0.536826,0.251446,0.536826,-0.210963,0.251446,residual_stable_reuse_candidate
glm4,glm4,nested_condition,possessive_chain,logical,recursive,False,0.928415,-0.153743,-0.626211,-0.153743,0.441554,-0.626211,model_curve_artifact_candidate
glm4,glm4,nested_condition,pp_chain,logical,recursive,False,0.926653,-0.123423,-0.579342,-0.123423,0.412670,-0.579342,model_curve_artifact_candidate
glm4,glm4,nested_condition,progressive,logical,tense,False,0.978818,0.615267,0.355200,0.615267,-0.269712,0.355200,residual_stable_reuse_candidate
glm4,glm4,nested_condition,relative_clause,logical,recursive,False,0.918357,-0.223523,-0.592146,-0.223523,0.028526,-0.592146,model_curve_artifact_candidate
glm4,glm4,nested_condition,scope_quantifier,logical,negation,False,0.910736,-0.251262,0.249037,-0.251262,-0.034242,-0.251262,model_curve_artifact_candidate
glm4,glm4,nested_condition,she_coref,logical,coreference,False,0.934623,0.002003,0.189345,0.002003,-0.284811,0.002003,model_curve_artifact_candidate
glm4,glm4,nested_condition,syntactic_do_not,logical,negation,False,0.907849,-0.309114,0.246172,-0.309114,-0.055357,-0.309114,model_curve_artifact_candidate
glm4,glm4,nested_condition,target_language_switch,logical,translation,False,0.933059,0.046435,-0.295595,0.046435,-0.077859,-0.295595,model_curve_artifact_candidate
glm4,glm4,nested_condition,they_coref,logical,coreference,False,0.844154,-0.190882,-0.294115,-0.190882,-0.009530,-0.294115,ordinary
glm4,glm4,nested_contrast,nested_passive,logical,passive,False,0.983223,0.687660,0.722460,0.687660,0.076593,0.687660,residual_stable_reuse_candidate
glm4,glm4,nested_contrast,never,logical,negation,False,0.918020,-0.134230,0.299642,-0.134230,0.006359,-0.134230,model_curve_artifact_candidate
glm4,glm4,nested_contrast,no_agent,logical,passive,False,0.884020,-0.760104,-0.830682,-0.760104,-0.472869,-0.830682,ordinary
glm4,glm4,nested_contrast,past_simple,logical,tense,False,0.939553,-0.033186,-0.564298,-0.033186,-0.256919,-0.564298,model_curve_artifact_candidate
glm4,glm4,nested_contrast,perfect,logical,tense,False,0.985646,0.746969,0.519759,0.746969,0.084540,0.519759,residual_stable_reuse_candidate
glm4,glm4,nested_contrast,poetic,logical,style,False,0.980838,0.654631,0.354328,0.654631,0.108846,0.354328,residual_stable_reuse_candidate
glm4,glm4,nested_contrast,possessive_chain,logical,recursive,False,0.917392,-0.290158,-0.763849,-0.290158,0.067992,-0.763849,model_curve_artifact_candidate
glm4,glm4,nested_contrast,pp_chain,logical,recursive,False,0.926233,-0.096324,-0.528226,-0.096324,0.265901,-0.528226,model_curve_artifact_candidate
glm4,glm4,nested_contrast,progressive,logical,tense,False,0.987243,0.779843,0.572681,0.779843,0.154966,0.572681,residual_stable_reuse_candidate
glm4,glm4,nested_contrast,relative_clause,logical,recursive,False,0.920878,-0.150791,-0.494002,-0.150791,0.009113,-0.494002,model_curve_artifact_candidate
glm4,glm4,nested_contrast,scope_quantifier,logical,negation,False,0.916898,-0.131415,0.255568,-0.131415,0.011169,-0.131415,model_curve_artifact_candidate
glm4,glm4,nested_contrast,she_coref,logical,coreference,False,0.928724,-0.056348,0.180515,-0.056348,-0.224487,-0.056348,model_curve_artifact_candidate
glm4,glm4,nested_contrast,syntactic_do_not,logical,negation,False,0.918311,-0.126367,0.360331,-0.126367,0.120886,-0.126367,model_curve_artifact_candidate
glm4,glm4,nested_contrast,target_language_switch,logical,translation,False,0.918028,-0.137543,-0.394000,-0.137543,-0.316168,-0.394000,model_curve_artifact_candidate
glm4,glm4,nested_contrast,they_coref,logical,coreference,False,0.828631,-0.302606,-0.419229,-0.302606,-0.299399,-0.419229,ordinary
glm4,glm4,nested_passive,never,passive,negation,False,0.917952,-0.410020,-0.019704,-0.410020,-0.400893,-0.410020,model_curve_artifact_candidate
glm4,glm4,nested_passive,no_agent,passive,passive,True,0.908856,-0.753528,-0.566227,-0.753528,-0.258882,-0.753528,model_curve_artifact_candidate
glm4,glm4,nested_passive,past_simple,passive,tense,False,0.969442,0.336028,-0.082549,0.336028,0.379736,-0.082549,category_curve_artifact_candidate
glm4,glm4,nested_passive,perfect,passive,tense,False,0.991438,0.802999,0.058030,0.802999,0.344492,0.058030,ordinary
glm4,glm4,nested_passive,poetic,passive,style,False,0.988506,0.724961,0.111979,0.724961,0.367718,0.111979,ordinary
glm4,glm4,nested_passive,possessive_chain,passive,recursive,False,0.928064,-0.422950,-0.812819,-0.422950,-0.307795,-0.812819,model_curve_artifact_candidate
glm4,glm4,nested_passive,pp_chain,passive,recursive,False,0.927915,-0.342763,-0.786825,-0.342763,-0.255110,-0.786825,model_curve_artifact_candidate
glm4,glm4,nested_passive,progressive,passive,tense,False,0.990637,0.796250,0.067256,0.796250,0.330596,0.067256,ordinary
glm4,glm4,nested_passive,relative_clause,passive,recursive,False,0.928849,-0.289833,-0.750553,-0.289833,-0.150986,-0.750553,model_curve_artifact_candidate
glm4,glm4,nested_passive,scope_quantifier,passive,negation,False,0.918894,-0.366077,0.020788,-0.366077,-0.431170,-0.366077,model_curve_artifact_candidate
glm4,glm4,nested_passive,she_coref,passive,coreference,False,0.949201,0.073283,0.131726,0.073283,0.150027,0.073283,model_curve_artifact_candidate
glm4,glm4,nested_passive,syntactic_do_not,passive,negation,False,0.920152,-0.364547,0.023347,-0.364547,-0.142351,-0.364547,model_curve_artifact_candidate
glm4,glm4,nested_passive,target_language_switch,passive,translation,False,0.944438,0.066931,-0.111895,0.066931,0.045687,-0.111895,model_curve_artifact_candidate
glm4,glm4,nested_passive,they_coref,passive,coreference,False,0.859476,-0.190731,-0.091769,-0.190731,-0.102104,-0.190731,ordinary
glm4,glm4,never,no_agent,negation,passive,False,0.953390,0.383167,-0.290755,0.383167,0.032181,-0.290755,category_curve_artifact_candidate
glm4,glm4,never,past_simple,negation,tense,False,0.881806,-0.754467,-0.441052,-0.754467,-0.346467,-0.754467,ordinary
glm4,glm4,never,perfect,negation,tense,False,0.920903,-0.233615,0.354833,-0.233615,0.050145,-0.233615,model_curve_artifact_candidate
glm4,glm4,never,poetic,negation,style,False,0.921606,-0.242705,0.361568,-0.242705,0.021933,-0.242705,model_curve_artifact_candidate
glm4,glm4,never,possessive_chain,negation,recursive,False,0.972495,0.629833,-0.202915,0.629833,0.041066,-0.202915,category_curve_artifact_candidate
glm4,glm4,never,pp_chain,negation,recursive,False,0.980109,0.742506,0.150553,0.742506,0.130378,0.150553,ordinary
glm4,glm4,never,progressive,negation,tense,False,0.922825,-0.169637,0.482507,-0.169637,0.175468,-0.169637,model_curve_artifact_candidate
glm4,glm4,never,relative_clause,negation,recursive,False,0.987971,0.847163,0.282203,0.847163,0.494947,0.282203,residual_stable_reuse_candidate
glm4,glm4,never,scope_quantifier,negation,negation,True,0.992537,0.910193,0.386876,0.910193,0.735443,0.386876,residual_stable_reuse_candidate
glm4,glm4,never,she_coref,negation,coreference,False,0.867853,-0.718724,0.034362,-0.718724,-0.260399,-0.718724,ordinary
glm4,glm4,never,syntactic_do_not,negation,negation,True,0.990318,0.882021,0.259480,0.882021,0.579040,0.259480,residual_stable_reuse_candidate
glm4,glm4,never,target_language_switch,negation,translation,False,0.852853,-0.803250,-0.325061,-0.803250,-0.489935,-0.803250,ordinary
glm4,glm4,never,they_coref,negation,coreference,False,0.767691,-0.657711,-0.419158,-0.657711,-0.489180,-0.657711,ordinary
glm4,glm4,no_agent,past_simple,passive,tense,False,0.923533,-0.244099,0.622382,-0.244099,-0.044573,-0.244099,model_curve_artifact_candidate
glm4,glm4,no_agent,perfect,passive,tense,False,0.898285,-0.763005,-0.577924,-0.763005,-0.352481,-0.763005,ordinary
glm4,glm4,no_agent,poetic,passive,style,False,0.906233,-0.654035,-0.388960,-0.654035,-0.248757,-0.654035,model_curve_artifact_candidate
glm4,glm4,no_agent,possessive_chain,passive,recursive,False,0.963034,0.449047,0.526186,0.449047,0.092011,0.449047,residual_stable_reuse_candidate
glm4,glm4,no_agent,pp_chain,passive,recursive,False,0.955720,0.370549,0.404059,0.370549,-0.022644,0.370549,ordinary
glm4,glm4,no_agent,progressive,passive,tense,False,0.895062,-0.763096,-0.590249,-0.763096,-0.395653,-0.763096,ordinary
glm4,glm4,no_agent,relative_clause,passive,recursive,False,0.951692,0.327716,0.221915,0.327716,-0.027795,0.221915,ordinary
glm4,glm4,no_agent,scope_quantifier,passive,negation,False,0.950581,0.356443,-0.338000,0.356443,0.131205,-0.338000,category_curve_artifact_candidate
glm4,glm4,no_agent,she_coref,passive,coreference,False,0.910235,-0.272915,-0.262798,-0.272915,-0.150591,-0.272915,model_curve_artifact_candidate
glm4,glm4,no_agent,syntactic_do_not,passive,negation,False,0.945725,0.283544,-0.522103,0.283544,-0.180818,-0.522103,category_curve_artifact_candidate
glm4,glm4,no_agent,target_language_switch,passive,translation,False,0.915730,-0.121418,0.507347,-0.121418,0.187711,-0.121418,model_curve_artifact_candidate
glm4,glm4,no_agent,they_coref,passive,coreference,False,0.857559,-0.023478,0.449468,-0.023478,0.173624,-0.023478,ordinary
glm4,glm4,past_simple,perfect,tense,tense,True,0.958220,0.176694,-0.933659,0.176694,0.134900,-0.933659,category_curve_artifact_candidate
glm4,glm4,past_simple,poetic,tense,style,False,0.964732,0.292407,-0.525879,0.292407,0.321314,-0.525879,category_curve_artifact_candidate
glm4,glm4,past_simple,possessive_chain,tense,recursive,False,0.899571,-0.686327,0.177664,-0.686327,-0.459322,-0.686327,ordinary
glm4,glm4,past_simple,pp_chain,tense,recursive,False,0.887351,-0.797987,-0.093343,-0.797987,-0.528111,-0.797987,ordinary
glm4,glm4,past_simple,progressive,tense,tense,True,0.954231,0.126785,-0.944294,0.126785,0.063076,-0.944294,category_curve_artifact_candidate
glm4,glm4,past_simple,relative_clause,tense,recursive,False,0.889270,-0.728333,-0.109380,-0.728333,-0.296324,-0.728333,ordinary
glm4,glm4,past_simple,scope_quantifier,tense,negation,False,0.881041,-0.737491,-0.349770,-0.737491,-0.446376,-0.737491,ordinary
glm4,glm4,past_simple,she_coref,tense,coreference,False,0.977306,0.646970,-0.243051,0.646970,0.532519,-0.243051,category_curve_artifact_candidate
glm4,glm4,past_simple,syntactic_do_not,tense,negation,False,0.878980,-0.790885,-0.486080,-0.790885,-0.373117,-0.790885,ordinary
glm4,glm4,past_simple,target_language_switch,tense,translation,False,0.978533,0.697435,0.626625,0.697435,0.359342,0.626625,residual_stable_reuse_candidate
glm4,glm4,past_simple,they_coref,tense,coreference,False,0.922501,0.512707,0.573136,0.512707,0.233429,0.512707,residual_stable_reuse_candidate
glm4,glm4,perfect,poetic,tense,style,False,0.984927,0.674908,0.465640,0.674908,0.286282,0.465640,residual_stable_reuse_candidate
glm4,glm4,perfect,possessive_chain,tense,recursive,False,0.923545,-0.364016,-0.138394,-0.364016,-0.306018,-0.364016,model_curve_artifact_candidate
glm4,glm4,perfect,pp_chain,tense,recursive,False,0.924400,-0.276253,0.057276,-0.276253,-0.322326,-0.276253,model_curve_artifact_candidate
glm4,glm4,perfect,progressive,tense,tense,True,0.998856,0.977226,0.825141,0.977226,0.943053,0.825141,residual_stable_reuse_candidate
glm4,glm4,perfect,relative_clause,tense,recursive,False,0.927131,-0.199705,0.036472,-0.199705,-0.077495,-0.199705,model_curve_artifact_candidate
glm4,glm4,perfect,scope_quantifier,tense,negation,False,0.919643,-0.231444,0.294865,-0.231444,-0.114607,-0.231444,model_curve_artifact_candidate
glm4,glm4,perfect,she_coref,tense,coreference,False,0.936315,-0.068370,0.216311,-0.068370,-0.006454,-0.068370,model_curve_artifact_candidate
glm4,glm4,perfect,syntactic_do_not,tense,negation,False,0.923395,-0.189063,0.436315,-0.189063,0.178658,-0.189063,model_curve_artifact_candidate
glm4,glm4,perfect,target_language_switch,tense,translation,False,0.928680,-0.112441,-0.569382,-0.112441,-0.268672,-0.569382,model_curve_artifact_candidate
glm4,glm4,perfect,they_coref,tense,coreference,False,0.838888,-0.324153,-0.492763,-0.324153,-0.425217,-0.492763,ordinary
glm4,glm4,poetic,possessive_chain,style,recursive,False,0.914038,-0.564039,-0.170334,-0.564039,-0.553852,-0.564039,model_curve_artifact_candidate
glm4,glm4,poetic,pp_chain,style,recursive,False,0.917386,-0.421784,0.002448,-0.421784,-0.414299,-0.421784,model_curve_artifact_candidate
glm4,glm4,poetic,progressive,style,tense,False,0.985721,0.703810,0.563530,0.703810,0.369393,0.563530,residual_stable_reuse_candidate
glm4,glm4,poetic,relative_clause,style,recursive,False,0.921669,-0.314147,0.200228,-0.314147,-0.122329,-0.314147,model_curve_artifact_candidate
glm4,glm4,poetic,scope_quantifier,style,negation,False,0.919815,-0.249008,0.355399,-0.249008,-0.060143,-0.249008,model_curve_artifact_candidate
glm4,glm4,poetic,she_coref,style,coreference,False,0.951301,0.175438,0.309356,0.175438,0.451600,0.175438,ordinary
glm4,glm4,poetic,syntactic_do_not,style,negation,False,0.915699,-0.334616,-0.032632,-0.334616,-0.109927,-0.334616,model_curve_artifact_candidate
glm4,glm4,poetic,target_language_switch,style,translation,False,0.937745,0.018588,-0.820637,0.018588,-0.074313,-0.820637,model_curve_artifact_candidate
glm4,glm4,poetic,they_coref,style,coreference,False,0.853165,-0.194599,-0.904381,-0.194599,-0.326810,-0.904381,ordinary
glm4,glm4,possessive_chain,pp_chain,recursive,recursive,True,0.989704,0.850552,0.668848,0.850552,0.537206,0.668848,residual_stable_reuse_candidate
glm4,glm4,possessive_chain,progressive,recursive,tense,False,0.921338,-0.360695,-0.207461,-0.360695,-0.324456,-0.360695,model_curve_artifact_candidate
glm4,glm4,possessive_chain,relative_clause,recursive,recursive,True,0.987111,0.817596,0.624365,0.817596,0.346826,0.624365,residual_stable_reuse_candidate
glm4,glm4,possessive_chain,scope_quantifier,recursive,negation,False,0.980091,0.739456,0.079308,0.739456,0.289056,0.079308,ordinary
glm4,glm4,possessive_chain,she_coref,recursive,coreference,False,0.881111,-0.733226,0.020485,-0.733226,-0.546150,-0.733226,ordinary
glm4,glm4,possessive_chain,syntactic_do_not,recursive,negation,False,0.976270,0.682845,-0.152374,0.682845,0.061875,-0.152374,category_curve_artifact_candidate
glm4,glm4,possessive_chain,target_language_switch,recursive,translation,False,0.882337,-0.609372,0.174334,-0.609372,-0.145375,-0.609372,ordinary
glm4,glm4,possessive_chain,they_coref,recursive,coreference,False,0.799333,-0.537687,0.195692,-0.537687,-0.024594,-0.537687,ordinary
glm4,glm4,pp_chain,progressive,recursive,tense,False,0.923921,-0.246835,0.072576,-0.246835,-0.297777,-0.246835,model_curve_artifact_candidate
glm4,glm4,pp_chain,relative_clause,recursive,recursive,True,0.989394,0.855289,0.687054,0.855289,0.399412,0.687054,residual_stable_reuse_candidate
glm4,glm4,pp_chain,scope_quantifier,recursive,negation,False,0.980079,0.746850,0.012581,0.746850,0.247667,0.012581,category_curve_artifact_candidate
glm4,glm4,pp_chain,she_coref,recursive,coreference,False,0.871363,-0.789163,-0.043569,-0.789163,-0.573510,-0.789163,ordinary
glm4,glm4,pp_chain,syntactic_do_not,recursive,negation,False,0.983431,0.786713,0.105168,0.786713,0.309659,0.105168,ordinary
glm4,glm4,pp_chain,target_language_switch,recursive,translation,False,0.866092,-0.750822,-0.063504,-0.750822,-0.386007,-0.750822,ordinary
glm4,glm4,pp_chain,they_coref,recursive,coreference,False,0.782090,-0.626412,-0.016477,-0.626412,-0.179793,-0.626412,ordinary
glm4,glm4,progressive,relative_clause,tense,recursive,False,0.927597,-0.157919,0.111245,-0.157919,-0.010997,-0.157919,model_curve_artifact_candidate
glm4,glm4,progressive,scope_quantifier,tense,negation,False,0.921369,-0.171336,0.382197,-0.171336,-0.005415,-0.171336,model_curve_artifact_candidate
glm4,glm4,progressive,she_coref,tense,coreference,False,0.932778,-0.096634,0.230751,-0.096634,-0.010741,-0.096634,model_curve_artifact_candidate
glm4,glm4,progressive,syntactic_do_not,tense,negation,False,0.924192,-0.144176,0.406912,-0.144176,0.241257,-0.144176,model_curve_artifact_candidate
glm4,glm4,progressive,target_language_switch,tense,translation,False,0.924149,-0.152894,-0.586286,-0.152894,-0.332570,-0.586286,model_curve_artifact_candidate
glm4,glm4,progressive,they_coref,tense,coreference,False,0.831017,-0.373062,-0.623552,-0.373062,-0.526894,-0.623552,ordinary
glm4,glm4,relative_clause,scope_quantifier,recursive,negation,False,0.989054,0.863765,0.181206,0.863765,0.491090,0.181206,ordinary
glm4,glm4,relative_clause,she_coref,recursive,coreference,False,0.867106,-0.810991,0.092778,-0.810991,-0.410904,-0.810991,ordinary
glm4,glm4,relative_clause,syntactic_do_not,recursive,negation,False,0.990517,0.880241,0.177863,0.880241,0.499775,0.177863,ordinary
glm4,glm4,relative_clause,target_language_switch,recursive,translation,False,0.857874,-0.822019,-0.219004,-0.822019,-0.496423,-0.822019,ordinary
glm4,glm4,relative_clause,they_coref,recursive,coreference,False,0.768294,-0.712007,-0.184118,-0.712007,-0.408110,-0.712007,ordinary
glm4,glm4,scope_quantifier,she_coref,negation,coreference,False,0.863632,-0.747443,0.101649,-0.747443,-0.400900,-0.747443,ordinary
glm4,glm4,scope_quantifier,syntactic_do_not,negation,negation,True,0.984342,0.811979,-0.036878,0.811979,0.339632,-0.036878,category_curve_artifact_candidate
glm4,glm4,scope_quantifier,target_language_switch,negation,translation,False,0.853583,-0.768661,-0.227403,-0.768661,-0.397202,-0.768661,ordinary
glm4,glm4,scope_quantifier,they_coref,negation,coreference,False,0.761024,-0.689543,-0.412262,-0.689543,-0.440581,-0.689543,ordinary
glm4,glm4,she_coref,syntactic_do_not,coreference,negation,False,0.868889,-0.699948,0.101346,-0.699948,-0.373967,-0.699948,ordinary
glm4,glm4,she_coref,target_language_switch,coreference,translation,False,0.986002,0.819076,-0.284368,0.819076,0.553381,-0.284368,category_curve_artifact_candidate
glm4,glm4,she_coref,they_coref,coreference,coreference,True,0.963230,0.848044,-0.374903,0.848044,0.408112,-0.374903,category_curve_artifact_candidate
glm4,glm4,syntactic_do_not,target_language_switch,negation,translation,False,0.849259,-0.841766,-0.321020,-0.841766,-0.679447,-0.841766,ordinary
glm4,glm4,syntactic_do_not,they_coref,negation,coreference,False,0.774677,-0.600776,-0.091520,-0.600776,-0.477652,-0.600776,ordinary
glm4,glm4,target_language_switch,they_coref,translation,coreference,False,0.962656,0.829277,0.794875,0.829277,0.735204,0.794875,residual_stable_reuse_candidate
deepseek7b,deepseek7b,and_or,by_phrase,logical,passive,False,0.934009,0.334830,0.534184,0.334830,-0.146880,0.334830,ordinary
deepseek7b,deepseek7b,and_or,casual,logical,style,False,0.706254,-0.478286,-0.390177,-0.478286,-0.277648,-0.478286,ordinary
deepseek7b,deepseek7b,and_or,causal,logical,logical,True,0.944061,0.676911,0.507186,0.676911,0.362019,0.507186,residual_stable_reuse_candidate
deepseek7b,deepseek7b,and_or,center_embedding,logical,recursive,False,0.765935,-0.682162,-0.744799,-0.682162,-0.567733,-0.744799,ordinary
deepseek7b,deepseek7b,and_or,complement_clause,logical,recursive,False,0.712972,-0.207695,-0.238483,-0.207695,-0.229904,-0.238483,ordinary
deepseek7b,deepseek7b,and_or,concise,logical,style,False,0.845992,0.007016,0.280362,0.007016,0.220130,0.007016,ordinary
deepseek7b,deepseek7b,and_or,conditional,logical,logical,True,0.953250,0.593331,0.396144,0.593331,0.406096,0.396144,residual_stable_reuse_candidate
deepseek7b,deepseek7b,and_or,contrast,logical,logical,True,0.940078,0.524495,0.325599,0.524495,0.354418,0.325599,residual_stable_reuse_candidate
deepseek7b,deepseek7b,and_or,dative_passive,logical,passive,False,0.938016,0.395669,0.442747,0.395669,-0.061896,0.395669,ordinary
deepseek7b,deepseek7b,and_or,deep_complement,logical,recursive,False,0.861802,-0.489655,-0.027890,-0.489655,-0.315395,-0.489655,ordinary
deepseek7b,deepseek7b,and_or,deictic_switch,logical,coreference,False,0.901884,0.104195,0.121412,0.104195,0.346445,0.104195,ordinary
deepseek7b,deepseek7b,and_or,double_relative,logical,recursive,False,0.821190,-0.491007,-0.162540,-0.491007,-0.439413,-0.491007,ordinary
deepseek7b,deepseek7b,and_or,en_fr_phrase,logical,translation,False,0.881752,-0.156584,-0.198243,-0.156584,-0.072410,-0.198243,ordinary
deepseek7b,deepseek7b,and_or,en_fr_word,logical,translation,False,0.890027,-0.045942,-0.077329,-0.045942,0.072825,-0.077329,ordinary
deepseek7b,deepseek7b,and_or,en_zh_phrase,logical,translation,False,0.889619,0.036289,0.087044,0.036289,0.187601,0.036289,ordinary
deepseek7b,deepseek7b,and_or,en_zh_word,logical,translation,False,0.881219,0.002626,0.049774,0.002626,-0.027240,0.002626,ordinary
deepseek7b,deepseek7b,and_or,existential_no,logical,negation,False,0.935760,0.517406,0.285060,0.517406,0.265703,0.285060,residual_stable_reuse_candidate
deepseek7b,deepseek7b,and_or,formal,logical,style,False,0.887001,-0.354385,-0.019617,-0.354385,-0.072925,-0.354385,ordinary
deepseek7b,deepseek7b,and_or,future_will,logical,tense,False,0.813726,-0.298132,-0.045976,-0.298132,-0.222182,-0.298132,ordinary
deepseek7b,deepseek7b,and_or,get_passive,logical,passive,False,0.921568,0.230526,0.386140,0.230526,-0.182228,0.230526,ordinary
deepseek7b,deepseek7b,and_or,he_coref,logical,coreference,False,0.895491,0.165164,0.232204,0.165164,0.323346,0.165164,ordinary
deepseek7b,deepseek7b,and_or,inference,logical,logical,True,0.939485,0.548480,0.421722,0.548480,0.315941,0.421722,residual_stable_reuse_candidate
deepseek7b,deepseek7b,and_or,it_coref,logical,coreference,False,0.761516,-0.365202,-0.315886,-0.365202,-0.108139,-0.365202,ordinary
deepseek7b,deepseek7b,and_or,lexical_not_adj,logical,negation,False,0.937417,0.396148,-0.149492,0.396148,0.149655,-0.149492,category_curve_artifact_candidate
deepseek7b,deepseek7b,and_or,long_passive,logical,passive,False,0.780740,-0.533146,-0.656835,-0.533146,-0.477988,-0.656835,ordinary
deepseek7b,deepseek7b,and_or,morphological_neg,logical,negation,False,0.977517,0.805128,0.594509,0.805128,0.570777,0.594509,residual_stable_reuse_candidate
deepseek7b,deepseek7b,and_or,negated_condition,logical,logical,True,0.873113,-0.416675,-0.373979,-0.416675,-0.161635,-0.416675,ordinary
deepseek7b,deepseek7b,and_or,nested_condition,logical,logical,True,0.745453,-0.516830,-0.774566,-0.516830,-0.436687,-0.774566,ordinary
deepseek7b,deepseek7b,and_or,nested_contrast,logical,logical,True,0.755602,-0.530194,-0.675344,-0.530194,-0.407901,-0.675344,ordinary
deepseek7b,deepseek7b,and_or,nested_passive,logical,passive,False,0.789875,-0.514665,-0.534979,-0.514665,-0.356977,-0.534979,ordinary
deepseek7b,deepseek7b,and_or,never,logical,negation,False,0.946788,0.463557,-0.091421,0.463557,0.219068,-0.091421,category_curve_artifact_candidate
deepseek7b,deepseek7b,and_or,no_agent,logical,passive,False,0.856287,0.192274,0.255066,0.192274,0.133480,0.192274,ordinary
deepseek7b,deepseek7b,and_or,past_simple,logical,tense,False,0.864059,-0.069887,0.191816,-0.069887,0.232719,-0.069887,ordinary
deepseek7b,deepseek7b,and_or,perfect,logical,tense,False,0.828552,-0.335452,-0.092864,-0.335452,-0.254478,-0.335452,ordinary
deepseek7b,deepseek7b,and_or,poetic,logical,style,False,0.893819,0.001892,0.279021,0.001892,0.215862,0.001892,ordinary
deepseek7b,deepseek7b,and_or,possessive_chain,logical,recursive,False,0.890963,0.154407,0.501142,0.154407,-0.191452,0.154407,ordinary
deepseek7b,deepseek7b,and_or,pp_chain,logical,recursive,False,0.829498,-0.037132,-0.008433,-0.037132,-0.355896,-0.037132,ordinary
deepseek7b,deepseek7b,and_or,progressive,logical,tense,False,0.834317,-0.386506,-0.114702,-0.386506,-0.289051,-0.386506,ordinary
deepseek7b,deepseek7b,and_or,relative_clause,logical,recursive,False,0.959353,0.569632,0.803637,0.569632,0.150860,0.569632,residual_stable_reuse_candidate
deepseek7b,deepseek7b,and_or,scope_quantifier,logical,negation,False,0.913144,0.114921,-0.419647,0.114921,-0.095654,-0.419647,category_curve_artifact_candidate
deepseek7b,deepseek7b,and_or,she_coref,logical,coreference,False,0.874274,-0.247599,-0.292975,-0.247599,-0.001608,-0.292975,ordinary
deepseek7b,deepseek7b,and_or,syntactic_do_not,logical,negation,False,0.905064,0.181057,-0.270119,0.181057,-0.047350,-0.270119,category_curve_artifact_candidate
deepseek7b,deepseek7b,and_or,target_language_switch,logical,translation,False,0.897769,0.092569,0.089600,0.092569,0.289137,0.089600,ordinary
deepseek7b,deepseek7b,and_or,they_coref,logical,coreference,False,0.873888,0.082521,0.323530,0.082521,0.145405,0.082521,ordinary
deepseek7b,deepseek7b,by_phrase,casual,passive,style,False,0.763053,-0.261441,-0.081983,-0.261441,-0.171140,-0.261441,ordinary
deepseek7b,deepseek7b,by_phrase,causal,passive,logical,False,0.889489,0.266713,0.301255,0.266713,-0.037082,0.266713,ordinary
deepseek7b,deepseek7b,by_phrase,center_embedding,passive,recursive,False,0.836000,-0.290146,-0.630626,-0.290146,0.018586,-0.630626,ordinary
deepseek7b,deepseek7b,by_phrase,complement_clause,passive,recursive,False,0.770565,0.018307,-0.215665,0.018307,-0.160400,-0.215665,ordinary
deepseek7b,deepseek7b,by_phrase,concise,passive,style,False,0.821422,-0.267842,0.142662,-0.267842,-0.234186,-0.267842,ordinary
deepseek7b,deepseek7b,by_phrase,conditional,passive,logical,False,0.923283,0.258829,0.417926,0.258829,-0.327688,0.258829,ordinary
deepseek7b,deepseek7b,by_phrase,contrast,passive,logical,False,0.921826,0.318807,0.261815,0.318807,0.089630,0.261815,ordinary
deepseek7b,deepseek7b,by_phrase,dative_passive,passive,passive,True,0.962292,0.584115,0.385154,0.584115,0.439978,0.385154,residual_stable_reuse_candidate
deepseek7b,deepseek7b,by_phrase,deep_complement,passive,recursive,False,0.898653,-0.243593,-0.055950,-0.243593,0.082687,-0.243593,ordinary
deepseek7b,deepseek7b,by_phrase,deictic_switch,passive,coreference,False,0.847342,-0.565027,-0.309352,-0.565027,-0.503023,-0.565027,ordinary
deepseek7b,deepseek7b,by_phrase,double_relative,passive,recursive,False,0.876355,-0.144758,-0.129962,-0.144758,0.280955,-0.144758,ordinary
deepseek7b,deepseek7b,by_phrase,en_fr_phrase,passive,translation,False,0.890108,-0.214268,0.206897,-0.214268,-0.015712,-0.214268,ordinary
deepseek7b,deepseek7b,by_phrase,en_fr_word,passive,translation,False,0.866809,-0.427376,-0.172806,-0.427376,-0.289210,-0.427376,ordinary
deepseek7b,deepseek7b,by_phrase,en_zh_phrase,passive,translation,False,0.858769,-0.378789,-0.027501,-0.378789,-0.325935,-0.378789,ordinary
deepseek7b,deepseek7b,by_phrase,en_zh_word,passive,translation,False,0.872486,-0.191607,0.031867,-0.191607,0.057444,-0.191607,ordinary
deepseek7b,deepseek7b,by_phrase,existential_no,passive,negation,False,0.927270,0.407097,0.316648,0.407097,0.101634,0.316648,residual_stable_reuse_candidate
deepseek7b,deepseek7b,by_phrase,formal,passive,style,False,0.889886,-0.524068,-0.068368,-0.524068,-0.205020,-0.524068,ordinary
deepseek7b,deepseek7b,by_phrase,future_will,passive,tense,False,0.851692,-0.125763,0.021467,-0.125763,0.091210,-0.125763,ordinary
deepseek7b,deepseek7b,by_phrase,get_passive,passive,passive,True,0.981411,0.793976,0.703760,0.793976,0.504533,0.703760,residual_stable_reuse_candidate
deepseek7b,deepseek7b,by_phrase,he_coref,passive,coreference,False,0.837708,-0.445118,-0.192162,-0.445118,-0.344170,-0.445118,ordinary
deepseek7b,deepseek7b,by_phrase,inference,passive,logical,False,0.913618,0.292343,0.444557,0.292343,-0.201131,0.292343,ordinary
deepseek7b,deepseek7b,by_phrase,it_coref,passive,coreference,False,0.817707,-0.108068,0.045162,-0.108068,-0.140431,-0.108068,ordinary
deepseek7b,deepseek7b,by_phrase,lexical_not_adj,passive,negation,False,0.966810,0.638891,0.123699,0.638891,0.487680,0.123699,ordinary
deepseek7b,deepseek7b,by_phrase,long_passive,passive,passive,True,0.842165,-0.202319,-0.665186,-0.202319,0.290534,-0.665186,ordinary
deepseek7b,deepseek7b,by_phrase,morphological_neg,passive,negation,False,0.946341,0.486326,0.367348,0.486326,0.142480,0.367348,residual_stable_reuse_candidate
deepseek7b,deepseek7b,by_phrase,negated_condition,passive,logical,False,0.889232,-0.413921,-0.276619,-0.413921,-0.119625,-0.413921,ordinary
deepseek7b,deepseek7b,by_phrase,nested_condition,passive,logical,False,0.799512,-0.285435,-0.612646,-0.285435,0.030434,-0.612646,ordinary
deepseek7b,deepseek7b,by_phrase,nested_contrast,passive,logical,False,0.812145,-0.270199,-0.475258,-0.270199,-0.073737,-0.475258,ordinary
deepseek7b,deepseek7b,by_phrase,nested_passive,passive,passive,True,0.836737,-0.290775,-0.592983,-0.290775,-0.038725,-0.592983,ordinary
deepseek7b,deepseek7b,by_phrase,never,passive,negation,False,0.945613,0.373271,-0.350058,0.373271,0.063032,-0.350058,category_curve_artifact_candidate
deepseek7b,deepseek7b,by_phrase,no_agent,passive,passive,True,0.853357,0.114883,-0.064863,0.114883,-0.022109,-0.064863,ordinary
deepseek7b,deepseek7b,by_phrase,past_simple,passive,tense,False,0.828170,-0.504935,-0.245215,-0.504935,-0.377061,-0.504935,ordinary
deepseek7b,deepseek7b,by_phrase,perfect,passive,tense,False,0.871922,-0.098618,0.100539,-0.098618,0.214033,-0.098618,ordinary
deepseek7b,deepseek7b,by_phrase,poetic,passive,style,False,0.866325,-0.414228,-0.002648,-0.414228,-0.187193,-0.414228,ordinary
deepseek7b,deepseek7b,by_phrase,possessive_chain,passive,recursive,False,0.919045,0.318276,0.425967,0.318276,0.092444,0.318276,ordinary
deepseek7b,deepseek7b,by_phrase,pp_chain,passive,recursive,False,0.889414,0.306905,0.083121,0.306905,0.255306,0.083121,ordinary
deepseek7b,deepseek7b,by_phrase,progressive,passive,tense,False,0.898840,0.062921,0.181975,0.062921,0.356038,0.062921,ordinary
deepseek7b,deepseek7b,by_phrase,relative_clause,passive,recursive,False,0.974115,0.679490,0.644406,0.679490,0.457408,0.644406,residual_stable_reuse_candidate
deepseek7b,deepseek7b,by_phrase,scope_quantifier,passive,negation,False,0.943861,0.349170,-0.373390,0.349170,0.105509,-0.373390,category_curve_artifact_candidate
deepseek7b,deepseek7b,by_phrase,she_coref,passive,coreference,False,0.879187,-0.356088,-0.063069,-0.356088,-0.164558,-0.356088,ordinary
deepseek7b,deepseek7b,by_phrase,syntactic_do_not,passive,negation,False,0.930841,0.340403,-0.198339,0.340403,0.001476,-0.198339,category_curve_artifact_candidate
deepseek7b,deepseek7b,by_phrase,target_language_switch,passive,translation,False,0.857735,-0.414067,-0.041593,-0.414067,-0.362469,-0.414067,ordinary
deepseek7b,deepseek7b,by_phrase,they_coref,passive,coreference,False,0.876765,0.018527,0.436490,0.018527,0.237005,0.018527,ordinary
deepseek7b,deepseek7b,casual,causal,style,logical,False,0.646012,-0.403061,-0.296502,-0.403061,-0.090840,-0.403061,stable_differentiation_candidate
deepseek7b,deepseek7b,casual,center_embedding,style,recursive,False,0.838326,0.328374,0.244891,0.328374,-0.004017,0.244891,ordinary
deepseek7b,deepseek7b,casual,complement_clause,style,recursive,False,0.751648,0.271755,0.397829,0.271755,0.151285,0.271755,ordinary
deepseek7b,deepseek7b,casual,concise,style,style,True,0.734114,-0.061698,-0.534459,-0.061698,-0.030858,-0.534459,ordinary
deepseek7b,deepseek7b,casual,conditional,style,logical,False,0.747977,-0.218770,-0.032144,-0.218770,0.014626,-0.218770,ordinary
deepseek7b,deepseek7b,casual,contrast,style,logical,False,0.710844,-0.333027,-0.177433,-0.333027,-0.126223,-0.333027,ordinary
deepseek7b,deepseek7b,casual,dative_passive,style,passive,False,0.760732,-0.244607,-0.088767,-0.244607,-0.139600,-0.244607,ordinary
deepseek7b,deepseek7b,casual,deep_complement,style,recursive,False,0.822923,0.078693,-0.191516,0.078693,-0.147768,-0.191516,ordinary
deepseek7b,deepseek7b,casual,deictic_switch,style,coreference,False,0.774638,-0.111303,-0.264079,-0.111303,-0.151760,-0.264079,ordinary
deepseek7b,deepseek7b,casual,double_relative,style,recursive,False,0.792047,0.039385,-0.156358,0.039385,-0.103687,-0.156358,ordinary
deepseek7b,deepseek7b,casual,en_fr_phrase,style,translation,False,0.777404,-0.146149,0.065526,-0.146149,-0.105586,-0.146149,ordinary
deepseek7b,deepseek7b,casual,en_fr_word,style,translation,False,0.787983,-0.064415,0.159839,-0.064415,-0.036850,-0.064415,ordinary
deepseek7b,deepseek7b,casual,en_zh_phrase,style,translation,False,0.769157,-0.109000,0.018292,-0.109000,-0.028568,-0.109000,ordinary
deepseek7b,deepseek7b,casual,en_zh_word,style,translation,False,0.730567,-0.278422,-0.258426,-0.278422,-0.404660,-0.278422,ordinary
deepseek7b,deepseek7b,casual,existential_no,style,negation,False,0.778169,0.024320,0.279698,0.024320,0.163209,0.024320,ordinary
deepseek7b,deepseek7b,casual,formal,style,style,True,0.823942,0.031241,-0.489304,0.031241,-0.239280,-0.489304,ordinary
deepseek7b,deepseek7b,casual,future_will,style,tense,False,0.829324,0.299288,0.281743,0.299288,0.363213,0.281743,ordinary
deepseek7b,deepseek7b,casual,get_passive,style,passive,False,0.788936,-0.080885,0.160696,-0.080885,-0.049142,-0.080885,ordinary
deepseek7b,deepseek7b,casual,he_coref,style,coreference,False,0.758059,-0.103451,-0.150946,-0.103451,-0.055527,-0.150946,ordinary
deepseek7b,deepseek7b,casual,inference,style,logical,False,0.749445,-0.106634,0.133567,-0.106634,0.224054,-0.106634,ordinary
deepseek7b,deepseek7b,casual,it_coref,style,coreference,False,0.822493,0.353899,0.402950,0.353899,0.276180,0.353899,ordinary
deepseek7b,deepseek7b,casual,lexical_not_adj,style,negation,False,0.766082,-0.203722,-0.036361,-0.203722,-0.140965,-0.203722,ordinary
deepseek7b,deepseek7b,casual,long_passive,style,passive,False,0.798751,0.167473,0.110169,0.167473,-0.181089,0.110169,ordinary
deepseek7b,deepseek7b,casual,morphological_neg,style,negation,False,0.717647,-0.377180,-0.290529,-0.377180,-0.158169,-0.377180,ordinary
deepseek7b,deepseek7b,casual,negated_condition,style,logical,False,0.826018,0.082353,-0.016489,0.082353,-0.201755,-0.016489,ordinary
deepseek7b,deepseek7b,casual,nested_condition,style,logical,False,0.793398,0.229095,0.254264,0.229095,-0.107157,0.229095,ordinary
deepseek7b,deepseek7b,casual,nested_contrast,style,logical,False,0.804746,0.247857,0.240116,0.247857,-0.014017,0.240116,ordinary
deepseek7b,deepseek7b,casual,nested_passive,style,passive,False,0.814877,0.222880,0.142614,0.222880,-0.144477,0.142614,ordinary
deepseek7b,deepseek7b,casual,never,style,negation,False,0.767050,-0.239498,-0.083303,-0.239498,-0.141880,-0.239498,ordinary
deepseek7b,deepseek7b,casual,no_agent,style,passive,False,0.671419,-0.215286,-0.208187,-0.215286,-0.004378,-0.215286,stable_differentiation_candidate
deepseek7b,deepseek7b,casual,past_simple,style,tense,False,0.807757,0.146827,-0.121898,0.146827,0.199146,-0.121898,ordinary
deepseek7b,deepseek7b,casual,perfect,style,tense,False,0.838472,0.298592,0.261181,0.298592,0.344597,0.261181,ordinary
deepseek7b,deepseek7b,casual,poetic,style,style,True,0.781373,-0.094241,-0.552660,-0.094241,-0.018852,-0.552660,ordinary
deepseek7b,deepseek7b,casual,possessive_chain,style,recursive,False,0.758467,-0.081338,-0.182058,-0.081338,-0.062759,-0.182058,ordinary
deepseek7b,deepseek7b,casual,pp_chain,style,recursive,False,0.734346,-0.020370,0.032366,-0.020370,-0.121254,-0.020370,ordinary
deepseek7b,deepseek7b,casual,progressive,style,tense,False,0.796242,0.058494,-0.210774,0.058494,0.097478,-0.210774,ordinary
deepseek7b,deepseek7b,casual,relative_clause,style,recursive,False,0.758169,-0.364956,-0.304556,-0.364956,-0.257006,-0.364956,ordinary
deepseek7b,deepseek7b,casual,scope_quantifier,style,negation,False,0.776683,-0.184253,0.014153,-0.184253,-0.161122,-0.184253,ordinary
deepseek7b,deepseek7b,casual,she_coref,style,coreference,False,0.806482,0.018349,0.050415,0.018349,0.079078,0.018349,ordinary
deepseek7b,deepseek7b,casual,syntactic_do_not,style,negation,False,0.756467,-0.166974,0.062434,-0.166974,0.001124,-0.166974,ordinary
deepseek7b,deepseek7b,casual,target_language_switch,style,translation,False,0.786798,-0.026066,0.068201,-0.026066,0.008713,-0.026066,ordinary
deepseek7b,deepseek7b,casual,they_coref,style,coreference,False,0.718625,-0.217875,-0.233117,-0.217875,-0.202530,-0.233117,ordinary
deepseek7b,deepseek7b,causal,center_embedding,logical,recursive,False,0.718731,-0.500225,-0.560969,-0.500225,-0.449317,-0.560969,ordinary
deepseek7b,deepseek7b,causal,complement_clause,logical,recursive,False,0.649983,-0.208724,-0.277565,-0.208724,-0.265217,-0.277565,stable_differentiation_candidate
deepseek7b,deepseek7b,causal,concise,logical,style,False,0.789091,-0.042233,0.200533,-0.042233,0.051167,-0.042233,ordinary
deepseek7b,deepseek7b,causal,conditional,logical,logical,True,0.906605,0.439870,0.175687,0.439870,0.307516,0.175687,ordinary
deepseek7b,deepseek7b,causal,contrast,logical,logical,True,0.936762,0.645021,0.493070,0.645021,0.501536,0.493070,residual_stable_reuse_candidate
deepseek7b,deepseek7b,causal,dative_passive,logical,passive,False,0.892984,0.306905,0.238303,0.306905,-0.108480,0.238303,ordinary
deepseek7b,deepseek7b,causal,deep_complement,logical,recursive,False,0.823701,-0.285711,0.027004,-0.285711,-0.172143,-0.285711,ordinary
deepseek7b,deepseek7b,causal,deictic_switch,logical,coreference,False,0.840421,-0.018352,0.042961,-0.018352,0.073599,-0.018352,ordinary
deepseek7b,deepseek7b,causal,double_relative,logical,recursive,False,0.803010,-0.181754,0.079134,-0.181754,-0.195470,-0.181754,ordinary
deepseek7b,deepseek7b,causal,en_fr_phrase,logical,translation,False,0.830847,-0.140816,-0.051227,-0.140816,-0.010181,-0.140816,ordinary
deepseek7b,deepseek7b,causal,en_fr_word,logical,translation,False,0.820793,-0.186986,-0.233067,-0.186986,-0.097288,-0.233067,ordinary
deepseek7b,deepseek7b,causal,en_zh_phrase,logical,translation,False,0.834500,-0.023417,0.095622,-0.023417,0.181502,-0.023417,ordinary
deepseek7b,deepseek7b,causal,en_zh_word,logical,translation,False,0.826351,-0.044763,0.062185,-0.044763,-0.051224,-0.044763,ordinary
deepseek7b,deepseek7b,causal,existential_no,logical,negation,False,0.896451,0.425163,0.328444,0.425163,0.325483,0.328444,ordinary
deepseek7b,deepseek7b,causal,formal,logical,style,False,0.819223,-0.447089,-0.148139,-0.447089,-0.438942,-0.447089,ordinary
deepseek7b,deepseek7b,causal,future_will,logical,tense,False,0.763263,-0.235340,-0.039463,-0.235340,-0.099856,-0.235340,ordinary
deepseek7b,deepseek7b,causal,get_passive,logical,passive,False,0.863226,0.089417,0.064211,0.089417,-0.120611,0.064211,ordinary
deepseek7b,deepseek7b,causal,he_coref,logical,coreference,False,0.826661,-0.005938,0.068615,-0.005938,0.160609,-0.005938,ordinary
deepseek7b,deepseek7b,causal,inference,logical,logical,True,0.885536,0.365254,0.162395,0.365254,0.236064,0.162395,ordinary
deepseek7b,deepseek7b,causal,it_coref,logical,coreference,False,0.694345,-0.356504,-0.285585,-0.356504,-0.051012,-0.356504,stable_differentiation_candidate
deepseek7b,deepseek7b,causal,lexical_not_adj,logical,negation,False,0.909996,0.432305,0.154931,0.432305,0.178172,0.154931,ordinary
deepseek7b,deepseek7b,causal,long_passive,logical,passive,False,0.766398,-0.219001,-0.305463,-0.219001,-0.247832,-0.305463,ordinary
deepseek7b,deepseek7b,causal,morphological_neg,logical,negation,False,0.915933,0.499942,0.323361,0.499942,0.221775,0.323361,residual_stable_reuse_candidate
deepseek7b,deepseek7b,causal,negated_condition,logical,logical,True,0.792219,-0.586301,-0.626108,-0.586301,-0.430688,-0.626108,ordinary
deepseek7b,deepseek7b,causal,nested_condition,logical,logical,True,0.718146,-0.287877,-0.509083,-0.287877,-0.310823,-0.509083,ordinary
deepseek7b,deepseek7b,causal,nested_contrast,logical,logical,True,0.686826,-0.491476,-0.663477,-0.491476,-0.463734,-0.663477,stable_differentiation_candidate
deepseek7b,deepseek7b,causal,nested_passive,logical,passive,False,0.710585,-0.549575,-0.657868,-0.549575,-0.515762,-0.657868,ordinary
deepseek7b,deepseek7b,causal,never,logical,negation,False,0.895574,0.311047,-0.049517,0.311047,0.101176,-0.049517,ordinary
deepseek7b,deepseek7b,causal,no_agent,logical,passive,False,0.872858,0.429370,0.484432,0.429370,0.420215,0.429370,ordinary
deepseek7b,deepseek7b,causal,past_simple,logical,tense,False,0.802218,-0.135919,0.037598,-0.135919,0.079677,-0.135919,ordinary
deepseek7b,deepseek7b,causal,perfect,logical,tense,False,0.777340,-0.268736,-0.085653,-0.268736,-0.126934,-0.268736,ordinary
deepseek7b,deepseek7b,causal,poetic,logical,style,False,0.850671,0.030156,0.327732,0.030156,0.259949,0.030156,ordinary
deepseek7b,deepseek7b,causal,possessive_chain,logical,recursive,False,0.834632,0.061412,0.228886,0.061412,-0.229922,0.061412,ordinary
deepseek7b,deepseek7b,causal,pp_chain,logical,recursive,False,0.801219,0.062558,0.139698,0.062558,-0.218764,0.062558,ordinary
deepseek7b,deepseek7b,causal,progressive,logical,tense,False,0.798092,-0.215492,0.035918,-0.215492,-0.038520,-0.215492,ordinary
deepseek7b,deepseek7b,causal,relative_clause,logical,recursive,False,0.902561,0.340841,0.467959,0.340841,-0.080431,0.340841,ordinary
deepseek7b,deepseek7b,causal,scope_quantifier,logical,negation,False,0.851290,-0.025433,-0.405711,-0.025433,-0.172149,-0.405711,ordinary
deepseek7b,deepseek7b,causal,she_coref,logical,coreference,False,0.829050,-0.166493,-0.066235,-0.166493,0.024282,-0.166493,ordinary
deepseek7b,deepseek7b,causal,syntactic_do_not,logical,negation,False,0.832092,-0.029780,-0.406536,-0.029780,-0.179925,-0.406536,ordinary
deepseek7b,deepseek7b,causal,target_language_switch,logical,translation,False,0.841403,0.008961,0.073001,0.008961,0.059656,0.008961,ordinary
deepseek7b,deepseek7b,causal,they_coref,logical,coreference,False,0.829837,0.078374,0.346312,0.078374,0.137524,0.078374,ordinary
deepseek7b,deepseek7b,center_embedding,complement_clause,recursive,recursive,True,0.853426,0.503372,0.015125,0.503372,0.428754,0.015125,ordinary
deepseek7b,deepseek7b,center_embedding,concise,recursive,style,False,0.787486,-0.150030,-0.129906,-0.150030,-0.191814,-0.150030,ordinary
deepseek7b,deepseek7b,center_embedding,conditional,recursive,logical,False,0.785035,-0.493786,-0.536438,-0.493786,-0.340257,-0.536438,ordinary
deepseek7b,deepseek7b,center_embedding,contrast,recursive,logical,False,0.771236,-0.479138,-0.560695,-0.479138,-0.486088,-0.560695,ordinary
deepseek7b,deepseek7b,center_embedding,dative_passive,recursive,passive,False,0.859718,-0.064167,-0.429283,-0.064167,0.240700,-0.429283,ordinary
deepseek7b,deepseek7b,center_embedding,deep_complement,recursive,recursive,True,0.921618,0.393340,0.173213,0.393340,0.329512,0.173213,ordinary
deepseek7b,deepseek7b,center_embedding,deictic_switch,recursive,coreference,False,0.837923,-0.167322,-0.080398,-0.167322,-0.187426,-0.167322,ordinary
deepseek7b,deepseek7b,center_embedding,double_relative,recursive,recursive,True,0.923481,0.494006,0.246649,0.494006,0.376289,0.246649,residual_stable_reuse_candidate
deepseek7b,deepseek7b,center_embedding,en_fr_phrase,recursive,translation,False,0.837240,-0.242425,0.019693,-0.242425,-0.209008,-0.242425,ordinary
deepseek7b,deepseek7b,center_embedding,en_fr_word,recursive,translation,False,0.846095,-0.145399,0.172001,-0.145399,-0.172155,-0.145399,ordinary
deepseek7b,deepseek7b,center_embedding,en_zh_phrase,recursive,translation,False,0.803509,-0.367174,-0.189047,-0.367174,-0.360239,-0.367174,ordinary
deepseek7b,deepseek7b,center_embedding,en_zh_word,recursive,translation,False,0.820779,-0.205697,-0.007345,-0.205697,0.073502,-0.205697,ordinary
deepseek7b,deepseek7b,center_embedding,existential_no,recursive,negation,False,0.733174,-0.656647,-0.231902,-0.656647,-0.541896,-0.656647,ordinary
deepseek7b,deepseek7b,center_embedding,formal,recursive,style,False,0.922209,0.366429,0.084674,0.366429,0.356488,0.084674,ordinary
deepseek7b,deepseek7b,center_embedding,future_will,recursive,tense,False,0.814097,-0.067018,0.064323,-0.067018,0.000256,-0.067018,ordinary
deepseek7b,deepseek7b,center_embedding,get_passive,recursive,passive,False,0.835220,-0.263443,-0.431338,-0.263443,-0.011152,-0.431338,ordinary
deepseek7b,deepseek7b,center_embedding,he_coref,recursive,coreference,False,0.810551,-0.224668,-0.051342,-0.224668,-0.284715,-0.224668,ordinary
deepseek7b,deepseek7b,center_embedding,inference,recursive,logical,False,0.737557,-0.623498,-0.494981,-0.623498,-0.490102,-0.623498,ordinary
deepseek7b,deepseek7b,center_embedding,it_coref,recursive,coreference,False,0.805299,0.065329,0.199761,0.065329,-0.027766,0.065329,ordinary
deepseek7b,deepseek7b,center_embedding,lexical_not_adj,recursive,negation,False,0.834654,-0.250290,0.063624,-0.250290,-0.190121,-0.250290,ordinary
deepseek7b,deepseek7b,center_embedding,long_passive,recursive,passive,False,0.958391,0.761367,0.716149,0.761367,0.584158,0.716149,residual_stable_reuse_candidate
deepseek7b,deepseek7b,center_embedding,morphological_neg,recursive,negation,False,0.748077,-0.750945,-0.368597,-0.750945,-0.568644,-0.750945,ordinary
deepseek7b,deepseek7b,center_embedding,negated_condition,recursive,logical,False,0.924992,0.413113,0.511606,0.413113,0.431211,0.413113,residual_stable_reuse_candidate
deepseek7b,deepseek7b,center_embedding,nested_condition,recursive,logical,False,0.973813,0.880625,0.771146,0.880625,0.766230,0.771146,residual_stable_reuse_candidate
deepseek7b,deepseek7b,center_embedding,nested_contrast,recursive,logical,False,0.969018,0.844707,0.776581,0.844707,0.772101,0.776581,residual_stable_reuse_candidate
deepseek7b,deepseek7b,center_embedding,nested_passive,recursive,passive,False,0.961926,0.775492,0.735295,0.775492,0.701284,0.735295,residual_stable_reuse_candidate
deepseek7b,deepseek7b,center_embedding,never,recursive,negation,False,0.831925,-0.327240,0.017309,-0.327240,-0.230259,-0.327240,ordinary
deepseek7b,deepseek7b,center_embedding,no_agent,recursive,passive,False,0.709585,-0.423998,-0.406255,-0.423998,-0.363993,-0.423998,ordinary
deepseek7b,deepseek7b,center_embedding,past_simple,recursive,tense,False,0.821374,-0.138630,-0.101273,-0.138630,-0.268578,-0.138630,ordinary
deepseek7b,deepseek7b,center_embedding,perfect,recursive,tense,False,0.831694,-0.061921,-0.061724,-0.061921,-0.054171,-0.061921,ordinary
deepseek7b,deepseek7b,center_embedding,poetic,recursive,style,False,0.857873,-0.044965,-0.289153,-0.044965,-0.231043,-0.289153,ordinary
deepseek7b,deepseek7b,center_embedding,possessive_chain,recursive,recursive,True,0.889335,0.302758,-0.541579,0.302758,0.500152,-0.541579,ordinary
deepseek7b,deepseek7b,center_embedding,pp_chain,recursive,recursive,True,0.907722,0.529801,-0.152945,0.529801,0.645744,-0.152945,category_curve_artifact_candidate
deepseek7b,deepseek7b,center_embedding,progressive,recursive,tense,False,0.875411,0.167745,0.095793,0.167745,0.119009,0.095793,ordinary
deepseek7b,deepseek7b,center_embedding,relative_clause,recursive,recursive,True,0.838032,-0.360759,-0.768302,-0.360759,-0.014355,-0.768302,ordinary
deepseek7b,deepseek7b,center_embedding,scope_quantifier,recursive,negation,False,0.851248,-0.173367,0.353065,-0.173367,0.004788,-0.173367,ordinary
deepseek7b,deepseek7b,center_embedding,she_coref,recursive,coreference,False,0.874282,0.039871,0.182930,0.039871,-0.129447,0.039871,ordinary
deepseek7b,deepseek7b,center_embedding,syntactic_do_not,recursive,negation,False,0.812790,-0.288912,0.201563,-0.288912,0.003966,-0.288912,ordinary
deepseek7b,deepseek7b,center_embedding,target_language_switch,recursive,translation,False,0.818299,-0.280724,-0.000097,-0.280724,-0.303220,-0.280724,ordinary
deepseek7b,deepseek7b,center_embedding,they_coref,recursive,coreference,False,0.753328,-0.476850,-0.298597,-0.476850,-0.391024,-0.476850,ordinary
deepseek7b,deepseek7b,complement_clause,concise,recursive,style,False,0.610441,-0.366173,-0.287758,-0.366173,-0.156413,-0.366173,stable_differentiation_candidate
deepseek7b,deepseek7b,complement_clause,conditional,recursive,logical,False,0.742178,-0.042743,-0.051186,-0.042743,-0.081544,-0.051186,ordinary
deepseek7b,deepseek7b,complement_clause,contrast,recursive,logical,False,0.731835,-0.039902,-0.072673,-0.039902,-0.303423,-0.072673,ordinary
deepseek7b,deepseek7b,complement_clause,dative_passive,recursive,passive,False,0.824063,0.319668,0.135767,0.319668,0.295307,0.135767,ordinary
deepseek7b,deepseek7b,complement_clause,deep_complement,recursive,recursive,True,0.754658,-0.106937,-0.520444,-0.106937,0.118650,-0.520444,ordinary
deepseek7b,deepseek7b,complement_clause,deictic_switch,recursive,coreference,False,0.693712,-0.310305,0.043370,-0.310305,-0.015137,-0.310305,stable_differentiation_candidate
deepseek7b,deepseek7b,complement_clause,double_relative,recursive,recursive,True,0.726628,-0.087740,-0.626242,-0.087740,-0.035888,-0.626242,ordinary
deepseek7b,deepseek7b,complement_clause,en_fr_phrase,recursive,translation,False,0.653010,-0.587649,-0.146708,-0.587649,-0.414655,-0.587649,stable_differentiation_candidate
deepseek7b,deepseek7b,complement_clause,en_fr_word,recursive,translation,False,0.686507,-0.383301,0.231965,-0.383301,-0.146254,-0.383301,stable_differentiation_candidate
deepseek7b,deepseek7b,complement_clause,en_zh_phrase,recursive,translation,False,0.637246,-0.539955,-0.063267,-0.539955,-0.299220,-0.539955,stable_differentiation_candidate
deepseek7b,deepseek7b,complement_clause,en_zh_word,recursive,translation,False,0.636636,-0.502337,-0.127541,-0.502337,-0.254781,-0.502337,stable_differentiation_candidate
deepseek7b,deepseek7b,complement_clause,existential_no,recursive,negation,False,0.688421,-0.193105,-0.173786,-0.193105,-0.323104,-0.193105,stable_differentiation_candidate
deepseek7b,deepseek7b,complement_clause,formal,recursive,style,False,0.758825,-0.153081,-0.178461,-0.153081,0.120609,-0.178461,ordinary
deepseek7b,deepseek7b,complement_clause,future_will,recursive,tense,False,0.652788,-0.265295,0.002674,-0.265295,-0.173632,-0.265295,stable_differentiation_candidate
deepseek7b,deepseek7b,complement_clause,get_passive,recursive,passive,False,0.794347,0.160260,0.087672,0.160260,0.029754,0.087672,ordinary
deepseek7b,deepseek7b,complement_clause,he_coref,recursive,coreference,False,0.660119,-0.352458,-0.000139,-0.352458,-0.191767,-0.352458,stable_differentiation_candidate
deepseek7b,deepseek7b,complement_clause,inference,recursive,logical,False,0.691491,-0.177252,-0.101177,-0.177252,-0.111194,-0.177252,stable_differentiation_candidate
deepseek7b,deepseek7b,complement_clause,it_coref,recursive,coreference,False,0.679053,-0.028821,0.262683,-0.028821,0.078799,-0.028821,stable_differentiation_candidate
deepseek7b,deepseek7b,complement_clause,lexical_not_adj,recursive,negation,False,0.757645,-0.026055,-0.272507,-0.026055,-0.313720,-0.272507,ordinary
deepseek7b,deepseek7b,complement_clause,long_passive,recursive,passive,False,0.785616,0.246177,-0.077615,0.246177,0.080253,-0.077615,ordinary
deepseek7b,deepseek7b,complement_clause,morphological_neg,recursive,negation,False,0.697239,-0.253211,-0.314030,-0.253211,-0.353572,-0.314030,stable_differentiation_candidate
deepseek7b,deepseek7b,complement_clause,negated_condition,recursive,logical,False,0.780311,0.027465,-0.109144,0.027465,0.306262,-0.109144,ordinary
deepseek7b,deepseek7b,complement_clause,nested_condition,recursive,logical,False,0.848310,0.518505,0.257780,0.518505,0.464233,0.257780,ordinary
deepseek7b,deepseek7b,complement_clause,nested_contrast,recursive,logical,False,0.856162,0.535827,0.318130,0.535827,0.562738,0.318130,ordinary
deepseek7b,deepseek7b,complement_clause,nested_passive,recursive,passive,False,0.831968,0.417839,0.191285,0.417839,0.461088,0.191285,ordinary
deepseek7b,deepseek7b,complement_clause,never,recursive,negation,False,0.817373,0.275443,0.285386,0.275443,0.080731,0.275443,ordinary
deepseek7b,deepseek7b,complement_clause,no_agent,recursive,passive,False,0.654609,-0.121221,-0.115625,-0.121221,-0.216323,-0.121221,stable_differentiation_candidate
deepseek7b,deepseek7b,complement_clause,past_simple,recursive,tense,False,0.671898,-0.287664,-0.004689,-0.287664,-0.130093,-0.287664,stable_differentiation_candidate
deepseek7b,deepseek7b,complement_clause,perfect,recursive,tense,False,0.680975,-0.239388,0.050563,-0.239388,-0.158860,-0.239388,stable_differentiation_candidate
deepseek7b,deepseek7b,complement_clause,poetic,recursive,style,False,0.722501,-0.189285,-0.133988,-0.189285,-0.069184,-0.189285,ordinary
deepseek7b,deepseek7b,complement_clause,possessive_chain,recursive,recursive,True,0.852401,0.487987,-0.048054,0.487987,0.481500,-0.048054,ordinary
deepseek7b,deepseek7b,complement_clause,pp_chain,recursive,recursive,True,0.873271,0.597355,0.174429,0.597355,0.424724,0.174429,ordinary
deepseek7b,deepseek7b,complement_clause,progressive,recursive,tense,False,0.705641,-0.185276,-0.025368,-0.185276,-0.091979,-0.185276,ordinary
deepseek7b,deepseek7b,complement_clause,relative_clause,recursive,recursive,True,0.783462,0.055637,-0.359320,0.055637,-0.058687,-0.359320,ordinary
deepseek7b,deepseek7b,complement_clause,scope_quantifier,recursive,negation,False,0.819613,0.286672,0.290433,0.286672,0.237827,0.286672,ordinary
deepseek7b,deepseek7b,complement_clause,she_coref,recursive,coreference,False,0.703831,-0.330655,-0.037564,-0.330655,-0.255301,-0.330655,ordinary
deepseek7b,deepseek7b,complement_clause,syntactic_do_not,recursive,negation,False,0.789970,0.185729,0.267499,0.185729,0.146906,0.185729,ordinary
deepseek7b,deepseek7b,complement_clause,target_language_switch,recursive,translation,False,0.661101,-0.443226,0.103962,-0.443226,-0.188373,-0.443226,stable_differentiation_candidate
deepseek7b,deepseek7b,complement_clause,they_coref,recursive,coreference,False,0.570001,-0.638097,-0.378894,-0.638097,-0.520537,-0.638097,stable_differentiation_candidate
deepseek7b,deepseek7b,concise,conditional,style,logical,False,0.833320,-0.048102,0.165312,-0.048102,0.174872,-0.048102,ordinary
deepseek7b,deepseek7b,concise,contrast,style,logical,False,0.823644,-0.041006,0.192062,-0.041006,0.087746,-0.041006,ordinary
deepseek7b,deepseek7b,concise,dative_passive,style,passive,False,0.804440,-0.356197,-0.040967,-0.356197,-0.267652,-0.356197,ordinary
deepseek7b,deepseek7b,concise,deep_complement,style,recursive,False,0.877696,0.125275,0.253315,0.125275,-0.039247,0.125275,ordinary
deepseek7b,deepseek7b,concise,deictic_switch,style,coreference,False,0.891379,0.308218,-0.056784,0.308218,0.199738,-0.056784,ordinary
deepseek7b,deepseek7b,concise,double_relative,style,recursive,False,0.836349,0.005095,0.190851,0.005095,-0.233369,0.005095,ordinary
deepseek7b,deepseek7b,concise,en_fr_phrase,style,translation,False,0.881572,0.206582,-0.009992,0.206582,-0.006419,-0.009992,ordinary
deepseek7b,deepseek7b,concise,en_fr_word,style,translation,False,0.875615,0.178621,-0.149346,0.178621,0.022963,-0.149346,ordinary
deepseek7b,deepseek7b,concise,en_zh_phrase,style,translation,False,0.875736,0.225707,-0.039405,0.225707,0.176145,-0.039405,ordinary
deepseek7b,deepseek7b,concise,en_zh_word,style,translation,False,0.876388,0.250155,0.074706,0.250155,-0.018715,0.074706,ordinary
deepseek7b,deepseek7b,concise,existential_no,style,negation,False,0.804672,-0.112278,0.005316,-0.112278,0.051446,-0.112278,ordinary
deepseek7b,deepseek7b,concise,formal,style,style,True,0.890889,0.183683,-0.223269,0.183683,-0.001412,-0.223269,ordinary
deepseek7b,deepseek7b,concise,future_will,style,tense,False,0.820706,0.050614,-0.054993,0.050614,-0.077730,-0.054993,ordinary
deepseek7b,deepseek7b,concise,get_passive,style,passive,False,0.817331,-0.267486,0.109738,-0.267486,-0.220473,-0.267486,ordinary
deepseek7b,deepseek7b,concise,he_coref,style,coreference,False,0.865039,0.206774,-0.055185,0.206774,0.159492,-0.055185,ordinary
deepseek7b,deepseek7b,concise,inference,style,logical,False,0.804099,-0.111860,0.099546,-0.111860,0.045093,-0.111860,ordinary
deepseek7b,deepseek7b,concise,it_coref,style,coreference,False,0.831227,0.243389,-0.020723,0.243389,0.189583,-0.020723,ordinary
deepseek7b,deepseek7b,concise,lexical_not_adj,style,negation,False,0.831510,-0.148546,-0.003195,-0.148546,-0.001404,-0.148546,ordinary
deepseek7b,deepseek7b,concise,long_passive,style,passive,False,0.793290,-0.094851,-0.166999,-0.094851,-0.190331,-0.166999,ordinary
deepseek7b,deepseek7b,concise,morphological_neg,style,negation,False,0.833436,-0.046098,0.241527,-0.046098,0.167380,-0.046098,ordinary
deepseek7b,deepseek7b,concise,negated_condition,style,logical,False,0.879083,0.116521,-0.103740,0.116521,-0.099786,-0.103740,ordinary
deepseek7b,deepseek7b,concise,nested_condition,style,logical,False,0.753162,-0.142893,-0.261594,-0.142893,-0.203590,-0.261594,ordinary
deepseek7b,deepseek7b,concise,nested_contrast,style,logical,False,0.764254,-0.138403,-0.275614,-0.138403,-0.098552,-0.275614,ordinary
deepseek7b,deepseek7b,concise,nested_passive,style,passive,False,0.793151,-0.123433,-0.219350,-0.123433,-0.157238,-0.219350,ordinary
deepseek7b,deepseek7b,concise,never,style,negation,False,0.823807,-0.252929,-0.166986,-0.252929,-0.028469,-0.252929,ordinary
deepseek7b,deepseek7b,concise,no_agent,style,passive,False,0.790583,0.045795,0.209616,0.045795,0.101598,0.045795,ordinary
deepseek7b,deepseek7b,concise,past_simple,style,tense,False,0.859464,0.183245,0.095505,0.183245,0.101427,0.095505,ordinary
deepseek7b,deepseek7b,concise,perfect,style,tense,False,0.826644,-0.001354,-0.210750,-0.001354,-0.233703,-0.210750,ordinary
deepseek7b,deepseek7b,concise,poetic,style,style,True,0.861492,0.086144,-0.274393,0.086144,0.004750,-0.274393,ordinary
deepseek7b,deepseek7b,concise,possessive_chain,style,recursive,False,0.767801,-0.345152,-0.066322,-0.345152,-0.239353,-0.345152,ordinary
deepseek7b,deepseek7b,concise,pp_chain,style,recursive,False,0.706216,-0.405113,-0.171041,-0.405113,-0.301162,-0.405113,ordinary
deepseek7b,deepseek7b,concise,progressive,style,tense,False,0.855256,0.120328,0.056924,0.120328,-0.160455,0.056924,ordinary
deepseek7b,deepseek7b,concise,relative_clause,style,recursive,False,0.829673,-0.281577,0.263566,-0.281577,-0.230405,-0.281577,ordinary
deepseek7b,deepseek7b,concise,scope_quantifier,style,negation,False,0.831253,-0.201445,-0.061986,-0.201445,-0.124703,-0.201445,ordinary
deepseek7b,deepseek7b,concise,she_coref,style,coreference,False,0.881689,0.200129,-0.133566,0.200129,0.010067,-0.133566,ordinary
deepseek7b,deepseek7b,concise,syntactic_do_not,style,negation,False,0.806408,-0.214013,-0.044956,-0.214013,-0.305492,-0.214013,ordinary
deepseek7b,deepseek7b,concise,target_language_switch,style,translation,False,0.895276,0.346154,0.063864,0.346154,0.290396,0.063864,ordinary
deepseek7b,deepseek7b,concise,they_coref,style,coreference,False,0.869020,0.280267,0.232165,0.280267,0.059862,0.232165,ordinary
deepseek7b,deepseek7b,conditional,contrast,logical,logical,True,0.938619,0.526972,0.343358,0.526972,0.402189,0.343358,residual_stable_reuse_candidate
deepseek7b,deepseek7b,conditional,dative_passive,logical,passive,False,0.924676,0.295190,0.304783,0.295190,-0.232783,0.295190,ordinary
deepseek7b,deepseek7b,conditional,deep_complement,logical,recursive,False,0.877842,-0.259014,0.078225,-0.259014,-0.163950,-0.259014,ordinary
deepseek7b,deepseek7b,conditional,deictic_switch,logical,coreference,False,0.901479,0.133986,0.152336,0.133986,0.364337,0.133986,ordinary
deepseek7b,deepseek7b,conditional,double_relative,logical,recursive,False,0.817206,-0.471415,-0.252515,-0.471415,-0.421895,-0.471415,ordinary
deepseek7b,deepseek7b,conditional,en_fr_phrase,logical,translation,False,0.881999,-0.108719,0.111913,-0.108719,-0.031307,-0.108719,ordinary
deepseek7b,deepseek7b,conditional,en_fr_word,logical,translation,False,0.867587,-0.211568,-0.202256,-0.211568,0.019372,-0.211568,ordinary
deepseek7b,deepseek7b,conditional,en_zh_phrase,logical,translation,False,0.881522,0.002304,0.238533,0.002304,0.243010,0.002304,ordinary
deepseek7b,deepseek7b,conditional,en_zh_word,logical,translation,False,0.843880,-0.266237,-0.264790,-0.266237,-0.292509,-0.266237,ordinary
deepseek7b,deepseek7b,conditional,existential_no,logical,negation,False,0.931746,0.500256,0.317181,0.500256,0.204603,0.317181,residual_stable_reuse_candidate
deepseek7b,deepseek7b,conditional,formal,logical,style,False,0.875636,-0.427321,-0.167391,-0.427321,-0.161830,-0.427321,ordinary
deepseek7b,deepseek7b,conditional,future_will,logical,tense,False,0.811860,-0.271235,-0.033886,-0.271235,-0.190939,-0.271235,ordinary
deepseek7b,deepseek7b,conditional,get_passive,logical,passive,False,0.916216,0.211427,0.359222,0.211427,-0.291822,0.211427,ordinary
deepseek7b,deepseek7b,conditional,he_coref,logical,coreference,False,0.863833,-0.053781,-0.098324,-0.053781,0.256078,-0.098324,ordinary
deepseek7b,deepseek7b,conditional,inference,logical,logical,True,0.943760,0.591571,0.484637,0.591571,0.422212,0.484637,residual_stable_reuse_candidate
deepseek7b,deepseek7b,conditional,it_coref,logical,coreference,False,0.794161,-0.136583,-0.005427,-0.136583,-0.054394,-0.136583,ordinary
deepseek7b,deepseek7b,conditional,lexical_not_adj,logical,negation,False,0.935340,0.401846,-0.058898,0.401846,0.077228,-0.058898,category_curve_artifact_candidate
deepseek7b,deepseek7b,conditional,long_passive,logical,passive,False,0.786273,-0.446978,-0.517186,-0.446978,-0.337014,-0.517186,ordinary
deepseek7b,deepseek7b,conditional,morphological_neg,logical,negation,False,0.950455,0.584510,0.283703,0.584510,0.253716,0.283703,residual_stable_reuse_candidate
deepseek7b,deepseek7b,conditional,negated_condition,logical,logical,True,0.863945,-0.455926,-0.393836,-0.455926,-0.337068,-0.455926,ordinary
deepseek7b,deepseek7b,conditional,nested_condition,logical,logical,True,0.753284,-0.425792,-0.633932,-0.425792,-0.323285,-0.633932,ordinary
deepseek7b,deepseek7b,conditional,nested_contrast,logical,logical,True,0.751691,-0.509154,-0.625441,-0.509154,-0.379573,-0.625441,ordinary
deepseek7b,deepseek7b,conditional,nested_passive,logical,passive,False,0.791231,-0.456807,-0.444879,-0.456807,-0.329062,-0.456807,ordinary
deepseek7b,deepseek7b,conditional,never,logical,negation,False,0.933934,0.361716,-0.170757,0.361716,0.159088,-0.170757,category_curve_artifact_candidate
deepseek7b,deepseek7b,conditional,no_agent,logical,passive,False,0.847955,0.160963,0.215616,0.160963,0.207079,0.160963,ordinary
deepseek7b,deepseek7b,conditional,past_simple,logical,tense,False,0.870556,0.014560,0.277382,0.014560,0.297091,0.014560,ordinary
deepseek7b,deepseek7b,conditional,perfect,logical,tense,False,0.832147,-0.264261,0.033745,-0.264261,-0.226900,-0.264261,ordinary
deepseek7b,deepseek7b,conditional,poetic,logical,style,False,0.866995,-0.203180,-0.038779,-0.203180,0.153695,-0.203180,ordinary
deepseek7b,deepseek7b,conditional,possessive_chain,logical,recursive,False,0.883550,0.124661,0.285477,0.124661,-0.170215,0.124661,ordinary
deepseek7b,deepseek7b,conditional,pp_chain,logical,recursive,False,0.837136,0.037658,0.011015,0.037658,-0.230360,0.011015,ordinary
deepseek7b,deepseek7b,conditional,progressive,logical,tense,False,0.816430,-0.483059,-0.282216,-0.483059,-0.404143,-0.483059,ordinary
deepseek7b,deepseek7b,conditional,relative_clause,logical,recursive,False,0.941389,0.401784,0.495190,0.401784,-0.144096,0.401784,residual_stable_reuse_candidate
deepseek7b,deepseek7b,conditional,scope_quantifier,logical,negation,False,0.902916,0.051177,-0.426891,0.051177,-0.117735,-0.426891,model_curve_artifact_candidate
deepseek7b,deepseek7b,conditional,she_coref,logical,coreference,False,0.890566,-0.041746,0.026357,-0.041746,0.136762,-0.041746,ordinary
deepseek7b,deepseek7b,conditional,syntactic_do_not,logical,negation,False,0.913457,0.279515,-0.029114,0.279515,0.018807,-0.029114,category_curve_artifact_candidate
deepseek7b,deepseek7b,conditional,target_language_switch,logical,translation,False,0.886258,0.026809,0.139909,0.026809,0.245524,0.026809,ordinary
deepseek7b,deepseek7b,conditional,they_coref,logical,coreference,False,0.841150,-0.124679,-0.035756,-0.124679,-0.156312,-0.124679,ordinary
deepseek7b,deepseek7b,contrast,dative_passive,logical,passive,False,0.905059,0.190880,-0.045901,0.190880,-0.154654,-0.045901,category_curve_artifact_candidate
deepseek7b,deepseek7b,contrast,deep_complement,logical,recursive,False,0.875158,-0.165803,0.102883,-0.165803,-0.023975,-0.165803,ordinary
deepseek7b,deepseek7b,contrast,deictic_switch,logical,coreference,False,0.873336,-0.021724,0.069513,-0.021724,0.043226,-0.021724,ordinary
deepseek7b,deepseek7b,contrast,double_relative,logical,recursive,False,0.842894,-0.168090,0.057853,-0.168090,-0.237719,-0.168090,ordinary
deepseek7b,deepseek7b,contrast,en_fr_phrase,logical,translation,False,0.860737,-0.196623,0.119517,-0.196623,0.014234,-0.196623,ordinary
deepseek7b,deepseek7b,contrast,en_fr_word,logical,translation,False,0.847021,-0.282911,-0.146620,-0.282911,-0.187027,-0.282911,ordinary
deepseek7b,deepseek7b,contrast,en_zh_phrase,logical,translation,False,0.851081,-0.154941,0.068320,-0.154941,0.048917,-0.154941,ordinary
deepseek7b,deepseek7b,contrast,en_zh_word,logical,translation,False,0.816842,-0.371762,-0.294349,-0.371762,-0.246288,-0.371762,ordinary
deepseek7b,deepseek7b,contrast,existential_no,logical,negation,False,0.915138,0.418399,0.157897,0.418399,0.316401,0.157897,ordinary
deepseek7b,deepseek7b,contrast,formal,logical,style,False,0.855484,-0.504422,-0.223191,-0.504422,-0.373644,-0.504422,ordinary
deepseek7b,deepseek7b,contrast,future_will,logical,tense,False,0.792938,-0.305540,-0.118764,-0.305540,-0.167123,-0.305540,ordinary
deepseek7b,deepseek7b,contrast,get_passive,logical,passive,False,0.904668,0.183864,0.101475,0.183864,-0.045042,0.101475,ordinary
deepseek7b,deepseek7b,contrast,he_coref,logical,coreference,False,0.849647,-0.077919,-0.002345,-0.077919,0.156314,-0.077919,ordinary
deepseek7b,deepseek7b,contrast,inference,logical,logical,True,0.899771,0.315663,0.146873,0.315663,0.138446,0.146873,ordinary
deepseek7b,deepseek7b,contrast,it_coref,logical,coreference,False,0.744073,-0.341239,-0.201771,-0.341239,-0.237625,-0.341239,ordinary
deepseek7b,deepseek7b,contrast,lexical_not_adj,logical,negation,False,0.953574,0.616808,0.238914,0.616808,0.438113,0.238914,residual_stable_reuse_candidate
deepseek7b,deepseek7b,contrast,long_passive,logical,passive,False,0.822320,-0.119283,-0.220465,-0.119283,-0.018483,-0.220465,ordinary
deepseek7b,deepseek7b,contrast,morphological_neg,logical,negation,False,0.929723,0.458667,0.058563,0.458667,0.247371,0.058563,ordinary
deepseek7b,deepseek7b,contrast,negated_condition,logical,logical,True,0.824738,-0.714382,-0.611239,-0.714382,-0.662888,-0.714382,ordinary
deepseek7b,deepseek7b,contrast,nested_condition,logical,logical,True,0.766595,-0.262545,-0.409372,-0.262545,-0.267319,-0.409372,ordinary
deepseek7b,deepseek7b,contrast,nested_contrast,logical,logical,True,0.717817,-0.606774,-0.702488,-0.606774,-0.604613,-0.702488,ordinary
deepseek7b,deepseek7b,contrast,nested_passive,logical,passive,False,0.748307,-0.634768,-0.781857,-0.634768,-0.594835,-0.781857,ordinary
deepseek7b,deepseek7b,contrast,never,logical,negation,False,0.944995,0.528063,0.105350,0.528063,0.464463,0.105350,ordinary
deepseek7b,deepseek7b,contrast,no_agent,logical,passive,False,0.928688,0.646448,0.676059,0.646448,0.586583,0.646448,residual_stable_reuse_candidate
deepseek7b,deepseek7b,contrast,past_simple,logical,tense,False,0.843237,-0.107135,0.107104,-0.107135,0.039009,-0.107135,ordinary
deepseek7b,deepseek7b,contrast,perfect,logical,tense,False,0.819449,-0.261214,0.035043,-0.261214,-0.136523,-0.261214,ordinary
deepseek7b,deepseek7b,contrast,poetic,logical,style,False,0.873700,-0.045684,0.202526,-0.045684,0.164809,-0.045684,ordinary
deepseek7b,deepseek7b,contrast,possessive_chain,logical,recursive,False,0.860974,0.029011,0.055742,0.029011,-0.242217,0.029011,ordinary
deepseek7b,deepseek7b,contrast,pp_chain,logical,recursive,False,0.831125,0.059020,0.012422,0.059020,-0.130246,0.012422,ordinary
deepseek7b,deepseek7b,contrast,progressive,logical,tense,False,0.823454,-0.317242,-0.050148,-0.317242,-0.148848,-0.317242,ordinary
deepseek7b,deepseek7b,contrast,relative_clause,logical,recursive,False,0.927345,0.333539,0.366131,0.333539,0.076745,0.333539,ordinary
deepseek7b,deepseek7b,contrast,scope_quantifier,logical,negation,False,0.906912,0.177712,-0.253826,0.177712,-0.044403,-0.253826,category_curve_artifact_candidate
deepseek7b,deepseek7b,contrast,she_coref,logical,coreference,False,0.875703,-0.079496,0.132796,-0.079496,0.165637,-0.079496,ordinary
deepseek7b,deepseek7b,contrast,syntactic_do_not,logical,negation,False,0.884305,0.112790,-0.313613,0.112790,-0.152642,-0.313613,ordinary
deepseek7b,deepseek7b,contrast,target_language_switch,logical,translation,False,0.873197,0.002519,0.232920,0.002519,0.175567,0.002519,ordinary
deepseek7b,deepseek7b,contrast,they_coref,logical,coreference,False,0.834372,-0.092219,0.131764,-0.092219,-0.010873,-0.092219,ordinary
deepseek7b,deepseek7b,dative_passive,deep_complement,passive,recursive,False,0.887101,-0.329726,-0.340228,-0.329726,0.085889,-0.340228,ordinary
deepseek7b,deepseek7b,dative_passive,deictic_switch,passive,coreference,False,0.855415,-0.429141,0.146439,-0.429141,-0.247495,-0.429141,ordinary
deepseek7b,deepseek7b,dative_passive,double_relative,passive,recursive,False,0.860710,-0.249412,-0.437277,-0.249412,0.128366,-0.437277,ordinary
deepseek7b,deepseek7b,dative_passive,en_fr_phrase,passive,translation,False,0.863002,-0.457360,0.011436,-0.457360,-0.257404,-0.457360,ordinary
deepseek7b,deepseek7b,dative_passive,en_fr_word,passive,translation,False,0.857948,-0.466657,0.053207,-0.466657,-0.330006,-0.466657,ordinary
deepseek7b,deepseek7b,dative_passive,en_zh_phrase,passive,translation,False,0.840722,-0.502359,-0.014352,-0.502359,-0.406469,-0.502359,ordinary
deepseek7b,deepseek7b,dative_passive,en_zh_word,passive,translation,False,0.849901,-0.358670,-0.036321,-0.358670,-0.173504,-0.358670,ordinary
deepseek7b,deepseek7b,dative_passive,existential_no,passive,negation,False,0.901652,0.206692,0.084660,0.206692,-0.195246,0.084660,ordinary
deepseek7b,deepseek7b,dative_passive,formal,passive,style,False,0.896229,-0.371560,0.064160,-0.371560,-0.005315,-0.371560,ordinary
deepseek7b,deepseek7b,dative_passive,future_will,passive,tense,False,0.850945,-0.099803,0.052686,-0.099803,0.135859,-0.099803,ordinary
deepseek7b,deepseek7b,dative_passive,get_passive,passive,passive,True,0.946138,0.424145,0.206347,0.424145,0.170039,0.206347,residual_stable_reuse_candidate
deepseek7b,deepseek7b,dative_passive,he_coref,passive,coreference,False,0.834736,-0.423741,0.030378,-0.423741,-0.362850,-0.423741,ordinary
deepseek7b,deepseek7b,dative_passive,inference,passive,logical,False,0.898011,0.180363,0.162736,0.180363,-0.246933,0.162736,ordinary
deepseek7b,deepseek7b,dative_passive,it_coref,passive,coreference,False,0.790590,-0.259328,-0.026379,-0.259328,-0.095742,-0.259328,ordinary
deepseek7b,deepseek7b,dative_passive,lexical_not_adj,passive,negation,False,0.934815,0.315271,-0.206215,0.315271,0.040536,-0.206215,category_curve_artifact_candidate
deepseek7b,deepseek7b,dative_passive,long_passive,passive,passive,True,0.849710,-0.109413,-0.464682,-0.109413,0.243731,-0.464682,ordinary
deepseek7b,deepseek7b,dative_passive,morphological_neg,passive,negation,False,0.926307,0.311849,0.191635,0.311849,-0.008099,0.191635,ordinary
deepseek7b,deepseek7b,dative_passive,negated_condition,passive,logical,False,0.894784,-0.286724,-0.266172,-0.286724,0.103759,-0.286724,ordinary
deepseek7b,deepseek7b,dative_passive,nested_condition,passive,logical,False,0.829691,-0.047025,-0.369944,-0.047025,0.263418,-0.369944,ordinary
deepseek7b,deepseek7b,dative_passive,nested_contrast,passive,logical,False,0.855076,0.066663,-0.146286,0.066663,0.348525,-0.146286,ordinary
deepseek7b,deepseek7b,dative_passive,nested_passive,passive,passive,True,0.859090,-0.074742,-0.264082,-0.074742,0.223972,-0.264082,ordinary
deepseek7b,deepseek7b,dative_passive,never,passive,negation,False,0.960251,0.560163,0.179830,0.560163,0.148412,0.179830,ordinary
deepseek7b,deepseek7b,dative_passive,no_agent,passive,passive,True,0.822831,-0.069626,-0.259071,-0.069626,-0.201441,-0.259071,ordinary
deepseek7b,deepseek7b,dative_passive,past_simple,passive,tense,False,0.841933,-0.337397,-0.024721,-0.337397,-0.238808,-0.337397,ordinary
deepseek7b,deepseek7b,dative_passive,perfect,passive,tense,False,0.865659,-0.118470,0.008218,-0.118470,0.189964,-0.118470,ordinary
deepseek7b,deepseek7b,dative_passive,poetic,passive,style,False,0.876887,-0.255180,0.148867,-0.255180,-0.130858,-0.255180,ordinary
deepseek7b,deepseek7b,dative_passive,possessive_chain,passive,recursive,False,0.934742,0.469527,0.421216,0.469527,0.321084,0.421216,residual_stable_reuse_candidate
deepseek7b,deepseek7b,dative_passive,pp_chain,passive,recursive,False,0.918217,0.520391,0.283932,0.520391,0.484914,0.283932,residual_stable_reuse_candidate
deepseek7b,deepseek7b,dative_passive,progressive,passive,tense,False,0.881940,-0.061397,-0.014610,-0.061397,0.235103,-0.061397,ordinary
deepseek7b,deepseek7b,dative_passive,relative_clause,passive,recursive,False,0.973231,0.685214,0.414662,0.685214,0.474521,0.414662,residual_stable_reuse_candidate
deepseek7b,deepseek7b,dative_passive,scope_quantifier,passive,negation,False,0.937407,0.302910,-0.261601,0.302910,0.117143,-0.261601,category_curve_artifact_candidate
deepseek7b,deepseek7b,dative_passive,she_coref,passive,coreference,False,0.854848,-0.567813,-0.137871,-0.567813,-0.395710,-0.567813,ordinary
deepseek7b,deepseek7b,dative_passive,syntactic_do_not,passive,negation,False,0.933539,0.385491,0.029819,0.385491,0.092846,0.029819,category_curve_artifact_candidate
deepseek7b,deepseek7b,dative_passive,target_language_switch,passive,translation,False,0.841744,-0.518743,-0.001462,-0.518743,-0.363046,-0.518743,ordinary
deepseek7b,deepseek7b,dative_passive,they_coref,passive,coreference,False,0.824990,-0.371140,-0.012545,-0.371140,-0.225356,-0.371140,ordinary
deepseek7b,deepseek7b,deep_complement,deictic_switch,recursive,coreference,False,0.942669,0.384205,0.079023,0.384205,0.160733,0.079023,ordinary
deepseek7b,deepseek7b,deep_complement,double_relative,recursive,recursive,True,0.939496,0.425680,0.482200,0.425680,0.215624,0.425680,residual_stable_reuse_candidate
deepseek7b,deepseek7b,deep_complement,en_fr_phrase,recursive,translation,False,0.926097,0.130902,0.062847,0.130902,-0.136551,0.062847,ordinary
deepseek7b,deepseek7b,deep_complement,en_fr_word,recursive,translation,False,0.908653,-0.040464,-0.251450,-0.040464,-0.178681,-0.251450,model_curve_artifact_candidate
deepseek7b,deepseek7b,deep_complement,en_zh_phrase,recursive,translation,False,0.896691,-0.064271,-0.033002,-0.064271,-0.226211,-0.064271,ordinary
deepseek7b,deepseek7b,deep_complement,en_zh_word,recursive,translation,False,0.891259,-0.070816,-0.199730,-0.070816,-0.050268,-0.199730,ordinary
deepseek7b,deepseek7b,deep_complement,existential_no,recursive,negation,False,0.847410,-0.358745,0.291174,-0.358745,-0.304308,-0.358745,ordinary
deepseek7b,deepseek7b,deep_complement,formal,recursive,style,False,0.953482,0.310338,-0.129074,0.310338,0.229005,-0.129074,category_curve_artifact_candidate
deepseek7b,deepseek7b,deep_complement,future_will,recursive,tense,False,0.868732,-0.035893,-0.062347,-0.035893,-0.237199,-0.062347,ordinary
deepseek7b,deepseek7b,deep_complement,get_passive,recursive,passive,False,0.882686,-0.390452,-0.111482,-0.390452,-0.109968,-0.390452,ordinary
deepseek7b,deepseek7b,deep_complement,he_coref,recursive,coreference,False,0.890400,-0.018491,-0.164674,-0.018491,-0.049487,-0.164674,ordinary
deepseek7b,deepseek7b,deep_complement,inference,recursive,logical,False,0.824564,-0.563830,-0.044680,-0.563830,-0.499192,-0.563830,ordinary
deepseek7b,deepseek7b,deep_complement,it_coref,recursive,coreference,False,0.867905,0.210959,-0.041089,0.210959,-0.131957,-0.041089,ordinary
deepseek7b,deepseek7b,deep_complement,lexical_not_adj,recursive,negation,False,0.898888,-0.174838,-0.009292,-0.174838,-0.003454,-0.174838,ordinary
deepseek7b,deepseek7b,deep_complement,long_passive,recursive,passive,False,0.915288,0.364147,0.057345,0.364147,0.430864,0.057345,ordinary
deepseek7b,deepseek7b,deep_complement,morphological_neg,recursive,negation,False,0.861640,-0.426796,0.233977,-0.426796,-0.331915,-0.426796,ordinary
deepseek7b,deepseek7b,deep_complement,negated_condition,recursive,logical,False,0.952615,0.350565,0.301372,0.350565,0.203046,0.301372,ordinary
deepseek7b,deepseek7b,deep_complement,nested_condition,recursive,logical,False,0.890970,0.340579,-0.125933,0.340579,0.444080,-0.125933,ordinary
deepseek7b,deepseek7b,deep_complement,nested_contrast,recursive,logical,False,0.877322,0.177545,-0.169240,0.177545,0.224496,-0.169240,ordinary
deepseek7b,deepseek7b,deep_complement,nested_passive,recursive,passive,False,0.894093,0.146000,-0.081925,0.146000,0.175571,-0.081925,ordinary
deepseek7b,deepseek7b,deep_complement,never,recursive,negation,False,0.881731,-0.456946,-0.282059,-0.456946,-0.160224,-0.456946,ordinary
deepseek7b,deepseek7b,deep_complement,no_agent,recursive,passive,False,0.836013,-0.046770,0.299388,-0.046770,-0.019785,-0.046770,ordinary
deepseek7b,deepseek7b,deep_complement,past_simple,recursive,tense,False,0.897251,0.067571,0.039139,0.067571,-0.141380,0.039139,ordinary
deepseek7b,deepseek7b,deep_complement,perfect,recursive,tense,False,0.896752,0.076993,-0.011064,0.076993,-0.146658,-0.011064,ordinary
deepseek7b,deepseek7b,deep_complement,poetic,recursive,style,False,0.933504,0.256127,0.075201,0.256127,0.054459,0.075201,ordinary
deepseek7b,deepseek7b,deep_complement,possessive_chain,recursive,recursive,True,0.873728,-0.140900,-0.453014,-0.140900,0.202860,-0.453014,ordinary
deepseek7b,deepseek7b,deep_complement,pp_chain,recursive,recursive,True,0.839215,-0.103790,-0.683188,-0.103790,0.232026,-0.683188,ordinary
deepseek7b,deepseek7b,deep_complement,progressive,recursive,tense,False,0.930620,0.332760,0.007846,0.332760,0.060163,0.007846,category_curve_artifact_candidate
deepseek7b,deepseek7b,deep_complement,relative_clause,recursive,recursive,True,0.893382,-0.429888,0.012383,-0.429888,-0.065052,-0.429888,ordinary
deepseek7b,deepseek7b,deep_complement,scope_quantifier,recursive,negation,False,0.889565,-0.369007,-0.102393,-0.369007,-0.110741,-0.369007,ordinary
deepseek7b,deepseek7b,deep_complement,she_coref,recursive,coreference,False,0.958398,0.504112,0.042086,0.504112,0.215033,0.042086,category_curve_artifact_candidate
deepseek7b,deepseek7b,deep_complement,syntactic_do_not,recursive,negation,False,0.849800,-0.538040,-0.214342,-0.538040,-0.348786,-0.538040,ordinary
deepseek7b,deepseek7b,deep_complement,target_language_switch,recursive,translation,False,0.933049,0.304053,0.321738,0.304053,0.203240,0.304053,ordinary
deepseek7b,deepseek7b,deep_complement,they_coref,recursive,coreference,False,0.884626,0.040544,0.131963,0.040544,-0.199366,0.040544,ordinary
deepseek7b,deepseek7b,deictic_switch,double_relative,coreference,recursive,False,0.865732,-0.129314,-0.225284,-0.129314,-0.380366,-0.225284,ordinary
deepseek7b,deepseek7b,deictic_switch,en_fr_phrase,coreference,translation,False,0.919095,0.200938,-0.292345,0.200938,-0.136536,-0.292345,category_curve_artifact_candidate
deepseek7b,deepseek7b,deictic_switch,en_fr_word,coreference,translation,False,0.921781,0.248456,-0.101179,0.248456,0.123629,-0.101179,category_curve_artifact_candidate
deepseek7b,deepseek7b,deictic_switch,en_zh_phrase,coreference,translation,False,0.925541,0.343931,0.048841,0.343931,0.204248,0.048841,category_curve_artifact_candidate
deepseek7b,deepseek7b,deictic_switch,en_zh_word,coreference,translation,False,0.906692,0.209892,-0.053869,0.209892,0.032933,-0.053869,category_curve_artifact_candidate
deepseek7b,deepseek7b,deictic_switch,existential_no,coreference,negation,False,0.852428,-0.134902,-0.169639,-0.134902,-0.063536,-0.169639,ordinary
deepseek7b,deepseek7b,deictic_switch,formal,coreference,style,False,0.949183,0.409633,0.177067,0.409633,0.326964,0.177067,ordinary
deepseek7b,deepseek7b,deictic_switch,future_will,coreference,tense,False,0.839547,-0.123301,-0.285573,-0.123301,-0.305284,-0.285573,ordinary
deepseek7b,deepseek7b,deictic_switch,get_passive,coreference,passive,False,0.840045,-0.589940,-0.445248,-0.589940,-0.429715,-0.589940,ordinary
deepseek7b,deepseek7b,deictic_switch,he_coref,coreference,coreference,True,0.927858,0.421133,0.109094,0.421133,0.271691,0.109094,ordinary
deepseek7b,deepseek7b,deictic_switch,inference,coreference,logical,False,0.852742,-0.127511,-0.199139,-0.127511,0.023875,-0.199139,ordinary
deepseek7b,deepseek7b,deictic_switch,it_coref,coreference,coreference,True,0.831601,0.053605,-0.416546,0.053605,0.021243,-0.416546,ordinary
deepseek7b,deepseek7b,deictic_switch,lexical_not_adj,coreference,negation,False,0.863447,-0.334413,0.010203,-0.334413,-0.247199,-0.334413,ordinary
deepseek7b,deepseek7b,deictic_switch,long_passive,coreference,passive,False,0.828684,-0.201522,0.102605,-0.201522,-0.287856,-0.201522,ordinary
deepseek7b,deepseek7b,deictic_switch,morphological_neg,coreference,negation,False,0.886991,0.008062,0.119505,0.008062,0.054941,0.008062,ordinary
deepseek7b,deepseek7b,deictic_switch,negated_condition,coreference,logical,False,0.938095,0.313028,-0.054779,0.313028,0.191139,-0.054779,category_curve_artifact_candidate
deepseek7b,deepseek7b,deictic_switch,nested_condition,coreference,logical,False,0.811406,-0.113714,0.044776,-0.113714,-0.094794,-0.113714,ordinary
deepseek7b,deepseek7b,deictic_switch,nested_contrast,coreference,logical,False,0.814856,-0.154437,-0.094574,-0.154437,-0.059645,-0.154437,ordinary
deepseek7b,deepseek7b,deictic_switch,nested_passive,coreference,passive,False,0.848015,-0.098392,0.101221,-0.098392,-0.044173,-0.098392,ordinary
deepseek7b,deepseek7b,deictic_switch,never,coreference,negation,False,0.872120,-0.314239,0.252760,-0.314239,-0.051962,-0.314239,ordinary
deepseek7b,deepseek7b,deictic_switch,no_agent,coreference,passive,False,0.832529,0.039915,0.152463,0.039915,0.007356,0.039915,ordinary
deepseek7b,deepseek7b,deictic_switch,past_simple,coreference,tense,False,0.923060,0.393370,0.439006,0.393370,0.144407,0.393370,ordinary
deepseek7b,deepseek7b,deictic_switch,perfect,coreference,tense,False,0.865581,-0.054044,-0.096121,-0.054044,-0.287310,-0.096121,ordinary
deepseek7b,deepseek7b,deictic_switch,poetic,coreference,style,False,0.953356,0.557203,0.368304,0.557203,0.347998,0.368304,residual_stable_reuse_candidate
deepseek7b,deepseek7b,deictic_switch,possessive_chain,coreference,recursive,False,0.838665,-0.267287,0.211381,-0.267287,-0.019749,-0.267287,ordinary
deepseek7b,deepseek7b,deictic_switch,pp_chain,coreference,recursive,False,0.763366,-0.473988,0.061951,-0.473988,-0.288910,-0.473988,ordinary
deepseek7b,deepseek7b,deictic_switch,progressive,coreference,tense,False,0.867357,-0.119881,-0.206422,-0.119881,-0.371866,-0.206422,ordinary
deepseek7b,deepseek7b,deictic_switch,relative_clause,coreference,recursive,False,0.878795,-0.341496,-0.051331,-0.341496,-0.213536,-0.341496,ordinary
deepseek7b,deepseek7b,deictic_switch,scope_quantifier,coreference,negation,False,0.872189,-0.320889,-0.078461,-0.320889,-0.123674,-0.320889,ordinary
deepseek7b,deepseek7b,deictic_switch,she_coref,coreference,coreference,True,0.949388,0.494569,0.109054,0.494569,0.150790,0.109054,ordinary
deepseek7b,deepseek7b,deictic_switch,syntactic_do_not,coreference,negation,False,0.849286,-0.313353,-0.066429,-0.313353,-0.108879,-0.313353,ordinary
deepseek7b,deepseek7b,deictic_switch,target_language_switch,coreference,translation,False,0.960226,0.643719,0.288239,0.643719,0.454786,0.288239,residual_stable_reuse_candidate
deepseek7b,deepseek7b,deictic_switch,they_coref,coreference,coreference,True,0.889779,0.194331,-0.429028,0.194331,-0.095845,-0.429028,ordinary
deepseek7b,deepseek7b,double_relative,en_fr_phrase,recursive,translation,False,0.902283,0.126833,0.235199,0.126833,0.178930,0.126833,ordinary
deepseek7b,deepseek7b,double_relative,en_fr_word,recursive,translation,False,0.884832,-0.005280,-0.052360,-0.005280,-0.125293,-0.052360,ordinary
deepseek7b,deepseek7b,double_relative,en_zh_phrase,recursive,translation,False,0.861888,-0.114334,-0.021322,-0.114334,-0.147015,-0.114334,ordinary
deepseek7b,deepseek7b,double_relative,en_zh_word,recursive,translation,False,0.868863,-0.020427,-0.035225,-0.020427,0.211844,-0.035225,ordinary
deepseek7b,deepseek7b,double_relative,existential_no,recursive,negation,False,0.798385,-0.433630,0.051857,-0.433630,-0.230588,-0.433630,ordinary
deepseek7b,deepseek7b,double_relative,formal,recursive,style,False,0.930779,0.284199,0.041862,0.284199,0.121174,0.041862,category_curve_artifact_candidate
deepseek7b,deepseek7b,double_relative,future_will,recursive,tense,False,0.847951,0.011755,0.027017,0.011755,0.013978,0.011755,ordinary
deepseek7b,deepseek7b,double_relative,get_passive,recursive,passive,False,0.857930,-0.281016,-0.201416,-0.281016,0.080159,-0.281016,ordinary
deepseek7b,deepseek7b,double_relative,he_coref,recursive,coreference,False,0.839020,-0.197550,-0.163384,-0.197550,-0.309998,-0.197550,ordinary
deepseek7b,deepseek7b,double_relative,inference,recursive,logical,False,0.796026,-0.444686,-0.048343,-0.444686,-0.320480,-0.444686,ordinary
deepseek7b,deepseek7b,double_relative,it_coref,recursive,coreference,False,0.818295,0.033442,-0.032533,0.033442,-0.134296,-0.032533,ordinary
deepseek7b,deepseek7b,double_relative,lexical_not_adj,recursive,negation,False,0.889897,0.025012,0.197662,0.025012,0.124663,0.025012,ordinary
deepseek7b,deepseek7b,double_relative,long_passive,recursive,passive,False,0.936667,0.595797,0.336450,0.595797,0.446648,0.336450,residual_stable_reuse_candidate
deepseek7b,deepseek7b,double_relative,morphological_neg,recursive,negation,False,0.818588,-0.458125,0.037106,-0.458125,-0.240220,-0.458125,ordinary
deepseek7b,deepseek7b,double_relative,negated_condition,recursive,logical,False,0.924988,0.259265,0.286940,0.259265,0.207364,0.259265,ordinary
deepseek7b,deepseek7b,double_relative,nested_condition,recursive,logical,False,0.894940,0.437882,0.067477,0.437882,0.323007,0.067477,ordinary
deepseek7b,deepseek7b,double_relative,nested_contrast,recursive,logical,False,0.861492,0.201466,-0.090695,0.201466,0.134502,-0.090695,ordinary
deepseek7b,deepseek7b,double_relative,nested_passive,recursive,passive,False,0.884784,0.229736,-0.030203,0.229736,0.197063,-0.030203,ordinary
deepseek7b,deepseek7b,double_relative,never,recursive,negation,False,0.856383,-0.336879,-0.239421,-0.336879,-0.091142,-0.336879,ordinary
deepseek7b,deepseek7b,double_relative,no_agent,recursive,passive,False,0.801609,-0.079354,0.172579,-0.079354,-0.118609,-0.079354,ordinary
deepseek7b,deepseek7b,double_relative,past_simple,recursive,tense,False,0.854678,-0.064325,-0.101857,-0.064325,-0.263357,-0.101857,ordinary
deepseek7b,deepseek7b,double_relative,perfect,recursive,tense,False,0.871992,0.073368,0.027344,0.073368,0.062680,0.027344,ordinary
deepseek7b,deepseek7b,double_relative,poetic,recursive,style,False,0.888695,0.039099,-0.027622,0.039099,-0.198926,-0.027622,ordinary
deepseek7b,deepseek7b,double_relative,possessive_chain,recursive,recursive,True,0.864489,0.019025,-0.462866,0.019025,0.278331,-0.462866,ordinary
deepseek7b,deepseek7b,double_relative,pp_chain,recursive,recursive,True,0.847803,0.130390,-0.499407,0.130390,0.371794,-0.499407,ordinary
deepseek7b,deepseek7b,double_relative,progressive,recursive,tense,False,0.910494,0.306211,0.071495,0.306211,0.238240,0.071495,ordinary
deepseek7b,deepseek7b,double_relative,relative_clause,recursive,recursive,True,0.876504,-0.227962,-0.081667,-0.227962,0.241149,-0.227962,ordinary
deepseek7b,deepseek7b,double_relative,scope_quantifier,recursive,negation,False,0.870624,-0.208510,0.004627,-0.208510,-0.001978,-0.208510,ordinary
deepseek7b,deepseek7b,double_relative,she_coref,recursive,coreference,False,0.909233,0.179742,0.057751,0.179742,-0.008344,0.057751,ordinary
deepseek7b,deepseek7b,double_relative,syntactic_do_not,recursive,negation,False,0.831315,-0.346250,-0.104321,-0.346250,-0.123917,-0.346250,ordinary
deepseek7b,deepseek7b,double_relative,target_language_switch,recursive,translation,False,0.860867,-0.139970,-0.084799,-0.139970,-0.357486,-0.139970,ordinary
deepseek7b,deepseek7b,double_relative,they_coref,recursive,coreference,False,0.858837,0.037606,0.357656,0.037606,0.075973,0.037606,ordinary
deepseek7b,deepseek7b,en_fr_phrase,en_fr_word,translation,translation,True,0.965840,0.647408,-0.020268,0.647408,0.442843,-0.020268,category_curve_artifact_candidate
deepseek7b,deepseek7b,en_fr_phrase,en_zh_phrase,translation,translation,True,0.962412,0.650380,-0.158938,0.650380,0.396666,-0.158938,category_curve_artifact_candidate
deepseek7b,deepseek7b,en_fr_phrase,en_zh_word,translation,translation,True,0.942526,0.486681,-0.238009,0.486681,0.259629,-0.238009,category_curve_artifact_candidate
deepseek7b,deepseek7b,en_fr_phrase,existential_no,translation,negation,False,0.871539,-0.045622,0.005224,-0.045622,0.090293,-0.045622,ordinary
deepseek7b,deepseek7b,en_fr_phrase,formal,translation,style,False,0.936577,0.172108,-0.002892,0.172108,-0.064618,-0.002892,category_curve_artifact_candidate
deepseek7b,deepseek7b,en_fr_phrase,future_will,translation,tense,False,0.886576,0.175042,-0.023367,0.175042,0.022683,-0.023367,ordinary
deepseek7b,deepseek7b,en_fr_phrase,get_passive,translation,passive,False,0.884271,-0.238113,0.026079,-0.238113,-0.098303,-0.238113,ordinary
deepseek7b,deepseek7b,en_fr_phrase,he_coref,translation,coreference,False,0.924336,0.358379,-0.353251,0.358379,0.115756,-0.353251,category_curve_artifact_candidate
deepseek7b,deepseek7b,en_fr_phrase,inference,translation,logical,False,0.889322,0.107544,0.133228,0.107544,0.278145,0.107544,ordinary
deepseek7b,deepseek7b,en_fr_phrase,it_coref,translation,coreference,False,0.847216,0.112682,0.182854,0.112682,-0.110457,0.112682,ordinary
deepseek7b,deepseek7b,en_fr_phrase,lexical_not_adj,translation,negation,False,0.883985,-0.219499,0.206617,-0.219499,0.081118,-0.219499,ordinary
deepseek7b,deepseek7b,en_fr_phrase,long_passive,translation,passive,False,0.840976,-0.177463,-0.012562,-0.177463,-0.094185,-0.177463,ordinary
deepseek7b,deepseek7b,en_fr_phrase,morphological_neg,translation,negation,False,0.896642,0.031404,-0.065927,0.031404,0.108774,-0.065927,ordinary
deepseek7b,deepseek7b,en_fr_phrase,negated_condition,translation,logical,False,0.931479,0.165252,-0.012689,0.165252,-0.084900,-0.012689,category_curve_artifact_candidate
deepseek7b,deepseek7b,en_fr_phrase,nested_condition,translation,logical,False,0.787308,-0.334166,-0.031993,-0.334166,-0.308909,-0.334166,ordinary
deepseek7b,deepseek7b,en_fr_phrase,nested_contrast,translation,logical,False,0.807905,-0.265846,-0.053964,-0.265846,-0.305537,-0.265846,ordinary
deepseek7b,deepseek7b,en_fr_phrase,nested_passive,translation,passive,False,0.844485,-0.191218,-0.221846,-0.191218,-0.251056,-0.221846,ordinary
deepseek7b,deepseek7b,en_fr_phrase,never,translation,negation,False,0.879325,-0.338010,-0.064918,-0.338010,-0.125404,-0.338010,ordinary
deepseek7b,deepseek7b,en_fr_phrase,no_agent,translation,passive,False,0.837754,0.029431,0.074176,0.029431,0.097336,0.029431,ordinary
deepseek7b,deepseek7b,en_fr_phrase,past_simple,translation,tense,False,0.906942,0.221508,-0.287747,0.221508,-0.002712,-0.287747,category_curve_artifact_candidate
deepseek7b,deepseek7b,en_fr_phrase,perfect,translation,tense,False,0.904489,0.211611,0.225017,0.211611,0.104079,0.211611,ordinary
deepseek7b,deepseek7b,en_fr_phrase,poetic,translation,style,False,0.913340,0.116174,-0.090604,0.116174,-0.066069,-0.090604,category_curve_artifact_candidate
deepseek7b,deepseek7b,en_fr_phrase,possessive_chain,translation,recursive,False,0.819177,-0.514775,-0.199027,-0.514775,-0.313113,-0.514775,ordinary
deepseek7b,deepseek7b,en_fr_phrase,pp_chain,translation,recursive,False,0.763706,-0.557360,-0.062128,-0.557360,-0.284036,-0.557360,ordinary
deepseek7b,deepseek7b,en_fr_phrase,progressive,translation,tense,False,0.911721,0.209012,0.186122,0.209012,0.045810,0.186122,ordinary
deepseek7b,deepseek7b,en_fr_phrase,relative_clause,translation,recursive,False,0.899573,-0.203602,0.087036,-0.203602,0.050238,-0.203602,ordinary
deepseek7b,deepseek7b,en_fr_phrase,scope_quantifier,translation,negation,False,0.894257,-0.179245,-0.094633,-0.179245,-0.068454,-0.179245,ordinary
deepseek7b,deepseek7b,en_fr_phrase,she_coref,translation,coreference,False,0.938886,0.339535,0.106668,0.339535,0.160704,0.106668,ordinary
deepseek7b,deepseek7b,en_fr_phrase,syntactic_do_not,translation,negation,False,0.874541,-0.167808,-0.009801,-0.167808,-0.038202,-0.167808,ordinary
deepseek7b,deepseek7b,en_fr_phrase,target_language_switch,translation,translation,True,0.927257,0.304172,-0.371585,0.304172,0.002871,-0.371585,category_curve_artifact_candidate
deepseek7b,deepseek7b,en_fr_phrase,they_coref,translation,coreference,False,0.946016,0.603729,0.268569,0.603729,0.362643,0.268569,residual_stable_reuse_candidate
deepseek7b,deepseek7b,en_fr_word,en_zh_phrase,translation,translation,True,0.968474,0.713568,-0.033078,0.713568,0.495813,-0.033078,category_curve_artifact_candidate
deepseek7b,deepseek7b,en_fr_word,en_zh_word,translation,translation,True,0.940991,0.484274,-0.333324,0.484274,0.154506,-0.333324,category_curve_artifact_candidate
deepseek7b,deepseek7b,en_fr_word,existential_no,translation,negation,False,0.861608,-0.101704,-0.065719,-0.101704,0.081059,-0.101704,ordinary
deepseek7b,deepseek7b,en_fr_word,formal,translation,style,False,0.939785,0.246675,-0.002703,0.246675,-0.008373,-0.002703,category_curve_artifact_candidate
deepseek7b,deepseek7b,en_fr_word,future_will,translation,tense,False,0.866054,0.037437,-0.154941,0.037437,-0.132843,-0.154941,ordinary
deepseek7b,deepseek7b,en_fr_word,get_passive,translation,passive,False,0.876790,-0.279137,0.016113,-0.279137,-0.087094,-0.279137,ordinary
deepseek7b,deepseek7b,en_fr_word,he_coref,translation,coreference,False,0.960264,0.677018,0.387613,0.677018,0.394871,0.387613,residual_stable_reuse_candidate
deepseek7b,deepseek7b,en_fr_word,inference,translation,logical,False,0.887203,0.110431,0.078022,0.110431,0.326376,0.078022,ordinary
deepseek7b,deepseek7b,en_fr_word,it_coref,translation,coreference,False,0.823772,-0.022068,-0.027142,-0.022068,-0.047329,-0.027142,ordinary
deepseek7b,deepseek7b,en_fr_word,lexical_not_adj,translation,negation,False,0.863988,-0.387972,-0.082915,-0.387972,-0.238814,-0.387972,ordinary
deepseek7b,deepseek7b,en_fr_word,long_passive,translation,passive,False,0.843887,-0.128968,0.133656,-0.128968,-0.241957,-0.128968,ordinary
deepseek7b,deepseek7b,en_fr_word,morphological_neg,translation,negation,False,0.893887,0.031477,0.015316,0.031477,0.162964,0.015316,ordinary
deepseek7b,deepseek7b,en_fr_word,negated_condition,translation,logical,False,0.938936,0.284089,0.078756,0.284089,0.090958,0.078756,ordinary
deepseek7b,deepseek7b,en_fr_word,nested_condition,translation,logical,False,0.805154,-0.188423,0.150940,-0.188423,-0.209286,-0.188423,ordinary
deepseek7b,deepseek7b,en_fr_word,nested_contrast,translation,logical,False,0.830113,-0.086716,0.176336,-0.086716,-0.151770,-0.086716,ordinary
deepseek7b,deepseek7b,en_fr_word,nested_passive,translation,passive,False,0.866492,0.006032,0.172498,0.006032,-0.034593,0.006032,ordinary
deepseek7b,deepseek7b,en_fr_word,never,translation,negation,False,0.879966,-0.290414,0.130339,-0.290414,-0.174736,-0.290414,ordinary
deepseek7b,deepseek7b,en_fr_word,no_agent,translation,passive,False,0.807000,-0.151996,-0.204811,-0.151996,-0.138984,-0.204811,ordinary
deepseek7b,deepseek7b,en_fr_word,past_simple,translation,tense,False,0.923614,0.378319,0.267726,0.378319,0.327118,0.267726,ordinary
deepseek7b,deepseek7b,en_fr_word,perfect,translation,tense,False,0.876523,-0.002103,-0.159373,-0.002103,-0.128871,-0.159373,ordinary
deepseek7b,deepseek7b,en_fr_word,poetic,translation,style,False,0.918290,0.190218,-0.061320,0.190218,-0.058639,-0.061320,category_curve_artifact_candidate
deepseek7b,deepseek7b,en_fr_word,possessive_chain,translation,recursive,False,0.829043,-0.394534,-0.022676,-0.394534,-0.293493,-0.394534,ordinary
deepseek7b,deepseek7b,en_fr_word,pp_chain,translation,recursive,False,0.772581,-0.461627,0.082985,-0.461627,-0.355419,-0.461627,ordinary
deepseek7b,deepseek7b,en_fr_word,progressive,translation,tense,False,0.880685,-0.045977,-0.082235,-0.045977,-0.148018,-0.082235,ordinary
deepseek7b,deepseek7b,en_fr_word,relative_clause,translation,recursive,False,0.882684,-0.361924,-0.223641,-0.361924,-0.259082,-0.361924,ordinary
deepseek7b,deepseek7b,en_fr_word,scope_quantifier,translation,negation,False,0.894507,-0.140284,0.060092,-0.140284,-0.030358,-0.140284,ordinary
deepseek7b,deepseek7b,en_fr_word,she_coref,translation,coreference,False,0.918395,0.144646,-0.234116,0.144646,0.003306,-0.234116,category_curve_artifact_candidate
deepseek7b,deepseek7b,en_fr_word,syntactic_do_not,translation,negation,False,0.867732,-0.198825,-0.018691,-0.198825,0.004831,-0.198825,ordinary
deepseek7b,deepseek7b,en_fr_word,target_language_switch,translation,translation,True,0.932404,0.370224,-0.326519,0.370224,0.179687,-0.326519,category_curve_artifact_candidate
deepseek7b,deepseek7b,en_fr_word,they_coref,translation,coreference,False,0.918372,0.392191,-0.105349,0.392191,0.179373,-0.105349,category_curve_artifact_candidate
deepseek7b,deepseek7b,en_zh_phrase,en_zh_word,translation,translation,True,0.947143,0.570654,-0.220923,0.570654,0.236219,-0.220923,category_curve_artifact_candidate
deepseek7b,deepseek7b,en_zh_phrase,existential_no,translation,negation,False,0.864705,-0.000282,0.128041,-0.000282,0.138445,-0.000282,ordinary
deepseek7b,deepseek7b,en_zh_phrase,formal,translation,style,False,0.927402,0.190244,-0.144448,0.190244,-0.093014,-0.144448,category_curve_artifact_candidate
deepseek7b,deepseek7b,en_zh_phrase,future_will,translation,tense,False,0.860898,0.063460,-0.143793,0.063460,-0.217606,-0.143793,ordinary
deepseek7b,deepseek7b,en_zh_phrase,get_passive,translation,passive,False,0.862103,-0.306564,0.004500,-0.306564,-0.196274,-0.306564,ordinary
deepseek7b,deepseek7b,en_zh_phrase,he_coref,translation,coreference,False,0.951213,0.623656,0.285822,0.623656,0.393688,0.285822,residual_stable_reuse_candidate
deepseek7b,deepseek7b,en_zh_phrase,inference,translation,logical,False,0.896652,0.241120,0.363731,0.241120,0.344924,0.241120,ordinary
deepseek7b,deepseek7b,en_zh_phrase,it_coref,translation,coreference,False,0.814057,-0.022171,-0.121292,-0.022171,-0.017208,-0.121292,ordinary
deepseek7b,deepseek7b,en_zh_phrase,lexical_not_adj,translation,negation,False,0.853956,-0.361942,-0.173849,-0.361942,-0.192714,-0.361942,ordinary
deepseek7b,deepseek7b,en_zh_phrase,long_passive,translation,passive,False,0.815699,-0.247730,-0.078448,-0.247730,-0.274162,-0.247730,ordinary
deepseek7b,deepseek7b,en_zh_phrase,morphological_neg,translation,negation,False,0.894694,0.114583,0.183774,0.114583,0.174998,0.114583,ordinary
deepseek7b,deepseek7b,en_zh_phrase,negated_condition,translation,logical,False,0.919588,0.151108,-0.112471,0.151108,-0.084846,-0.112471,category_curve_artifact_candidate
deepseek7b,deepseek7b,en_zh_phrase,nested_condition,translation,logical,False,0.764537,-0.360988,-0.234356,-0.360988,-0.338367,-0.360988,ordinary
deepseek7b,deepseek7b,en_zh_phrase,nested_contrast,translation,logical,False,0.784362,-0.307576,-0.265940,-0.307576,-0.373843,-0.307576,ordinary
deepseek7b,deepseek7b,en_zh_phrase,nested_passive,translation,passive,False,0.838251,-0.127769,-0.026903,-0.127769,-0.202235,-0.127769,ordinary
deepseek7b,deepseek7b,en_zh_phrase,never,translation,negation,False,0.865949,-0.312162,-0.092616,-0.312162,-0.157783,-0.312162,ordinary
deepseek7b,deepseek7b,en_zh_phrase,no_agent,translation,passive,False,0.818545,-0.015120,0.104394,-0.015120,0.014335,-0.015120,ordinary
deepseek7b,deepseek7b,en_zh_phrase,past_simple,translation,tense,False,0.923045,0.414651,0.371594,0.414651,0.210359,0.371594,residual_stable_reuse_candidate
deepseek7b,deepseek7b,en_zh_phrase,perfect,translation,tense,False,0.875348,0.060347,-0.011409,0.060347,-0.193301,-0.011409,ordinary
deepseek7b,deepseek7b,en_zh_phrase,poetic,translation,style,False,0.920512,0.280041,0.129587,0.280041,0.174990,0.129587,ordinary
deepseek7b,deepseek7b,en_zh_phrase,possessive_chain,translation,recursive,False,0.808046,-0.449968,0.066070,-0.449968,-0.300166,-0.449968,ordinary
deepseek7b,deepseek7b,en_zh_phrase,pp_chain,translation,recursive,False,0.746605,-0.526519,0.064319,-0.526519,-0.365761,-0.526519,ordinary
deepseek7b,deepseek7b,en_zh_phrase,progressive,translation,tense,False,0.864607,-0.096406,-0.279986,-0.096406,-0.281329,-0.279986,ordinary
deepseek7b,deepseek7b,en_zh_phrase,relative_clause,translation,recursive,False,0.881958,-0.238968,0.202573,-0.238968,-0.147713,-0.238968,ordinary
deepseek7b,deepseek7b,en_zh_phrase,scope_quantifier,translation,negation,False,0.880884,-0.170805,-0.121944,-0.170805,-0.102717,-0.170805,ordinary
deepseek7b,deepseek7b,en_zh_phrase,she_coref,translation,coreference,False,0.917739,0.216729,-0.185733,0.216729,0.071758,-0.185733,category_curve_artifact_candidate
deepseek7b,deepseek7b,en_zh_phrase,syntactic_do_not,translation,negation,False,0.864270,-0.132936,0.043417,-0.132936,-0.103855,-0.132936,ordinary
deepseek7b,deepseek7b,en_zh_phrase,target_language_switch,translation,translation,True,0.934836,0.441019,-0.307438,0.441019,0.209833,-0.307438,category_curve_artifact_candidate
deepseek7b,deepseek7b,en_zh_phrase,they_coref,translation,coreference,False,0.919832,0.437636,-0.026584,0.437636,0.188206,-0.026584,category_curve_artifact_candidate
deepseek7b,deepseek7b,en_zh_word,existential_no,translation,negation,False,0.829581,-0.219737,-0.282706,-0.219737,-0.298111,-0.282706,ordinary
deepseek7b,deepseek7b,en_zh_word,formal,translation,style,False,0.944580,0.435164,0.399822,0.435164,0.440261,0.399822,residual_stable_reuse_candidate
deepseek7b,deepseek7b,en_zh_word,future_will,translation,tense,False,0.872774,0.170151,0.311832,0.170151,-0.109826,0.170151,ordinary
deepseek7b,deepseek7b,en_zh_word,get_passive,translation,passive,False,0.870497,-0.176500,-0.035056,-0.176500,0.025402,-0.176500,ordinary
deepseek7b,deepseek7b,en_zh_word,he_coref,translation,coreference,False,0.913534,0.352591,-0.115750,0.352591,-0.071419,-0.115750,category_curve_artifact_candidate
deepseek7b,deepseek7b,en_zh_word,inference,translation,logical,False,0.850995,-0.061637,-0.177760,-0.061637,-0.200191,-0.177760,ordinary
deepseek7b,deepseek7b,en_zh_word,it_coref,translation,coreference,False,0.809054,-0.023880,-0.004331,-0.023880,-0.123767,-0.023880,ordinary
deepseek7b,deepseek7b,en_zh_word,lexical_not_adj,translation,negation,False,0.848894,-0.353321,-0.039012,-0.353321,-0.032128,-0.353321,ordinary
deepseek7b,deepseek7b,en_zh_word,long_passive,translation,passive,False,0.829667,-0.115828,-0.021161,-0.115828,0.244675,-0.115828,ordinary
deepseek7b,deepseek7b,en_zh_word,morphological_neg,translation,negation,False,0.866387,-0.082004,-0.177552,-0.082004,-0.073561,-0.177552,ordinary
deepseek7b,deepseek7b,en_zh_word,negated_condition,translation,logical,False,0.934095,0.347541,0.192205,0.347541,0.351159,0.192205,ordinary
deepseek7b,deepseek7b,en_zh_word,nested_condition,translation,logical,False,0.784697,-0.204362,0.070799,-0.204362,0.104483,-0.204362,ordinary
deepseek7b,deepseek7b,en_zh_word,nested_contrast,translation,logical,False,0.822959,-0.035630,0.202918,-0.035630,0.105429,-0.035630,ordinary
deepseek7b,deepseek7b,en_zh_word,nested_passive,translation,passive,False,0.867738,0.108820,0.174823,0.108820,0.339149,0.108820,ordinary
deepseek7b,deepseek7b,en_zh_word,never,translation,negation,False,0.862757,-0.287797,0.080265,-0.287797,-0.210499,-0.287797,ordinary
deepseek7b,deepseek7b,en_zh_word,no_agent,translation,passive,False,0.808637,-0.045191,-0.107454,-0.045191,-0.096569,-0.107454,ordinary
deepseek7b,deepseek7b,en_zh_word,past_simple,translation,tense,False,0.867249,0.021012,-0.347079,0.021012,-0.363625,-0.347079,ordinary
deepseek7b,deepseek7b,en_zh_word,perfect,translation,tense,False,0.870709,0.057554,0.093237,0.057554,-0.147266,0.057554,ordinary
deepseek7b,deepseek7b,en_zh_word,poetic,translation,style,False,0.907117,0.192421,0.021589,0.192421,-0.057881,0.021589,category_curve_artifact_candidate
deepseek7b,deepseek7b,en_zh_word,possessive_chain,translation,recursive,False,0.827630,-0.257169,0.224733,-0.257169,0.046711,-0.257169,ordinary
deepseek7b,deepseek7b,en_zh_word,pp_chain,translation,recursive,False,0.765812,-0.365107,0.199274,-0.365107,0.035369,-0.365107,ordinary
deepseek7b,deepseek7b,en_zh_word,progressive,translation,tense,False,0.877679,0.044781,0.095543,0.044781,-0.125056,0.044781,ordinary
deepseek7b,deepseek7b,en_zh_word,relative_clause,translation,recursive,False,0.885620,-0.145178,0.080490,-0.145178,0.065172,-0.145178,ordinary
deepseek7b,deepseek7b,en_zh_word,scope_quantifier,translation,negation,False,0.887448,-0.058049,0.210446,-0.058049,0.060963,-0.058049,ordinary
deepseek7b,deepseek7b,en_zh_word,she_coref,translation,coreference,False,0.906154,0.143661,-0.097162,0.143661,-0.047848,-0.097162,category_curve_artifact_candidate
deepseek7b,deepseek7b,en_zh_word,syntactic_do_not,translation,negation,False,0.867959,-0.061761,0.258224,-0.061761,0.063507,-0.061761,ordinary
deepseek7b,deepseek7b,en_zh_word,target_language_switch,translation,translation,True,0.911013,0.265685,-0.367203,0.265685,-0.087608,-0.367203,category_curve_artifact_candidate
deepseek7b,deepseek7b,en_zh_word,they_coref,translation,coreference,False,0.925444,0.492063,0.242211,0.492063,0.298450,0.242211,residual_stable_reuse_candidate
deepseek7b,deepseek7b,existential_no,formal,negation,style,False,0.837243,-0.610371,-0.504701,-0.610371,-0.590120,-0.610371,ordinary
deepseek7b,deepseek7b,existential_no,future_will,negation,tense,False,0.839982,0.031093,-0.002854,0.031093,0.125196,-0.002854,ordinary
deepseek7b,deepseek7b,existential_no,get_passive,negation,passive,False,0.933661,0.472556,0.359838,0.472556,0.124468,0.359838,residual_stable_reuse_candidate
deepseek7b,deepseek7b,existential_no,he_coref,negation,coreference,False,0.852079,-0.014956,-0.024644,-0.014956,0.158256,-0.024644,ordinary
deepseek7b,deepseek7b,existential_no,inference,negation,logical,False,0.941878,0.619239,0.416962,0.619239,0.330907,0.416962,residual_stable_reuse_candidate
deepseek7b,deepseek7b,existential_no,it_coref,negation,coreference,False,0.798266,-0.014267,-0.002083,-0.014267,0.025147,-0.014267,ordinary
deepseek7b,deepseek7b,existential_no,lexical_not_adj,negation,negation,True,0.918096,0.349459,-0.167531,0.349459,0.203884,-0.167531,category_curve_artifact_candidate
deepseek7b,deepseek7b,existential_no,long_passive,negation,passive,False,0.728184,-0.648119,-0.356911,-0.648119,-0.543899,-0.648119,ordinary
deepseek7b,deepseek7b,existential_no,morphological_neg,negation,negation,True,0.955144,0.674464,0.340702,0.674464,0.462552,0.340702,residual_stable_reuse_candidate
deepseek7b,deepseek7b,existential_no,negated_condition,negation,logical,False,0.833227,-0.541294,-0.247327,-0.541294,-0.474254,-0.541294,ordinary
deepseek7b,deepseek7b,existential_no,nested_condition,negation,logical,False,0.683429,-0.660393,-0.418394,-0.660393,-0.633503,-0.660393,stable_differentiation_candidate
deepseek7b,deepseek7b,existential_no,nested_contrast,negation,logical,False,0.700579,-0.642027,-0.423887,-0.642027,-0.615895,-0.642027,ordinary
deepseek7b,deepseek7b,existential_no,nested_passive,negation,passive,False,0.732983,-0.664650,-0.329102,-0.664650,-0.659073,-0.664650,ordinary
deepseek7b,deepseek7b,existential_no,never,negation,negation,True,0.915285,0.301367,-0.479782,0.301367,0.079559,-0.479782,category_curve_artifact_candidate
deepseek7b,deepseek7b,existential_no,no_agent,negation,passive,False,0.847185,0.224900,0.160308,0.224900,0.164574,0.160308,ordinary
deepseek7b,deepseek7b,existential_no,past_simple,negation,tense,False,0.866197,0.095069,0.138506,0.095069,0.318295,0.095069,ordinary
deepseek7b,deepseek7b,existential_no,perfect,negation,tense,False,0.856212,0.037725,0.027506,0.037725,0.129789,0.027506,ordinary
deepseek7b,deepseek7b,existential_no,poetic,negation,style,False,0.841348,-0.253131,-0.082035,-0.253131,0.053871,-0.253131,ordinary
deepseek7b,deepseek7b,existential_no,possessive_chain,negation,recursive,False,0.834201,-0.109514,-0.050605,-0.109514,-0.373712,-0.109514,ordinary
deepseek7b,deepseek7b,existential_no,pp_chain,negation,recursive,False,0.770705,-0.240371,-0.197136,-0.240371,-0.445926,-0.240371,ordinary
deepseek7b,deepseek7b,existential_no,progressive,negation,tense,False,0.841264,-0.131767,-0.156381,-0.131767,0.099886,-0.156381,ordinary
deepseek7b,deepseek7b,existential_no,relative_clause,negation,recursive,False,0.926474,0.370592,0.309459,0.370592,0.002179,0.309459,ordinary
deepseek7b,deepseek7b,existential_no,scope_quantifier,negation,negation,True,0.903344,0.193844,-0.477114,0.193844,0.012288,-0.477114,category_curve_artifact_candidate
deepseek7b,deepseek7b,existential_no,she_coref,negation,coreference,False,0.871739,-0.056666,-0.053978,-0.056666,0.188855,-0.056666,ordinary
deepseek7b,deepseek7b,existential_no,syntactic_do_not,negation,negation,True,0.899322,0.264781,-0.427740,0.264781,0.015660,-0.427740,ordinary
deepseek7b,deepseek7b,existential_no,target_language_switch,negation,translation,False,0.873311,0.050664,0.210930,0.050664,0.172501,0.050664,ordinary
deepseek7b,deepseek7b,existential_no,they_coref,negation,coreference,False,0.878149,0.228672,0.208221,0.228672,0.357715,0.208221,ordinary
deepseek7b,deepseek7b,formal,future_will,style,tense,False,0.884147,0.023987,-0.043784,0.023987,-0.239764,-0.043784,ordinary
deepseek7b,deepseek7b,formal,get_passive,style,passive,False,0.882342,-0.569319,-0.155150,-0.569319,-0.243746,-0.569319,ordinary
deepseek7b,deepseek7b,formal,he_coref,style,coreference,False,0.918178,0.189338,0.053888,0.189338,-0.102623,0.053888,ordinary
deepseek7b,deepseek7b,formal,inference,style,logical,False,0.842415,-0.547352,-0.240197,-0.547352,-0.435422,-0.547352,ordinary
deepseek7b,deepseek7b,formal,it_coref,style,coreference,False,0.858346,0.087489,-0.211428,0.087489,-0.058311,-0.211428,ordinary
deepseek7b,deepseek7b,formal,lexical_not_adj,style,negation,False,0.897356,-0.337064,0.052123,-0.337064,-0.137900,-0.337064,ordinary
deepseek7b,deepseek7b,formal,long_passive,style,passive,False,0.911952,0.296485,0.136341,0.296485,0.316325,0.136341,ordinary
deepseek7b,deepseek7b,formal,morphological_neg,style,negation,False,0.865542,-0.545371,-0.170969,-0.545371,-0.282970,-0.545371,ordinary
deepseek7b,deepseek7b,formal,negated_condition,style,logical,False,0.980940,0.705655,0.261767,0.705655,0.617673,0.261767,residual_stable_reuse_candidate
deepseek7b,deepseek7b,formal,nested_condition,style,logical,False,0.881498,0.231795,0.108167,0.231795,0.350923,0.108167,ordinary
deepseek7b,deepseek7b,formal,nested_contrast,style,logical,False,0.911463,0.428889,0.260605,0.428889,0.516745,0.260605,residual_stable_reuse_candidate
deepseek7b,deepseek7b,formal,nested_passive,style,passive,False,0.932234,0.462049,0.261208,0.462049,0.597923,0.261208,residual_stable_reuse_candidate
deepseek7b,deepseek7b,formal,never,style,negation,False,0.908713,-0.265242,0.229645,-0.265242,-0.072965,-0.265242,model_curve_artifact_candidate
deepseek7b,deepseek7b,formal,no_agent,style,passive,False,0.813470,-0.318367,-0.244988,-0.318367,-0.349973,-0.318367,ordinary
deepseek7b,deepseek7b,formal,past_simple,style,tense,False,0.902792,0.041583,-0.096226,0.041583,-0.258439,-0.096226,model_curve_artifact_candidate
deepseek7b,deepseek7b,formal,perfect,style,tense,False,0.900216,0.030280,-0.030612,0.030280,-0.200517,-0.030612,model_curve_artifact_candidate
deepseek7b,deepseek7b,formal,poetic,style,style,True,0.957159,0.484607,0.335156,0.484607,0.145063,0.335156,residual_stable_reuse_candidate
deepseek7b,deepseek7b,formal,possessive_chain,style,recursive,False,0.901843,0.047987,0.213767,0.047987,0.362127,0.047987,model_curve_artifact_candidate
deepseek7b,deepseek7b,formal,pp_chain,style,recursive,False,0.848179,-0.116862,0.126563,-0.116862,0.204814,-0.116862,ordinary
deepseek7b,deepseek7b,formal,progressive,style,tense,False,0.919430,0.148950,0.145935,0.148950,-0.100635,0.145935,ordinary
deepseek7b,deepseek7b,formal,relative_clause,style,recursive,False,0.913453,-0.317766,-0.008648,-0.317766,0.081955,-0.317766,model_curve_artifact_candidate
deepseek7b,deepseek7b,formal,scope_quantifier,style,negation,False,0.910650,-0.246856,0.225712,-0.246856,-0.055735,-0.246856,model_curve_artifact_candidate
deepseek7b,deepseek7b,formal,she_coref,style,coreference,False,0.941825,0.227284,0.122231,0.227284,-0.022898,0.122231,ordinary
deepseek7b,deepseek7b,formal,syntactic_do_not,style,negation,False,0.888052,-0.263482,0.270904,-0.263482,0.042694,-0.263482,ordinary
deepseek7b,deepseek7b,formal,target_language_switch,style,translation,False,0.928355,0.182051,-0.261705,0.182051,-0.002948,-0.261705,category_curve_artifact_candidate
deepseek7b,deepseek7b,formal,they_coref,style,coreference,False,0.886339,-0.026116,0.006496,-0.026116,-0.183715,-0.026116,ordinary
deepseek7b,deepseek7b,future_will,get_passive,tense,passive,False,0.859633,-0.037016,0.146834,-0.037016,0.094334,-0.037016,ordinary
deepseek7b,deepseek7b,future_will,he_coref,tense,coreference,False,0.824711,-0.104570,-0.131605,-0.104570,-0.250641,-0.131605,ordinary
deepseek7b,deepseek7b,future_will,inference,tense,logical,False,0.837580,0.019909,0.184444,0.019909,0.096392,0.019909,ordinary
deepseek7b,deepseek7b,future_will,it_coref,tense,coreference,False,0.844092,0.268155,0.241100,0.268155,0.219090,0.241100,ordinary
deepseek7b,deepseek7b,future_will,lexical_not_adj,tense,negation,False,0.824040,-0.295351,-0.141394,-0.295351,-0.097447,-0.295351,ordinary
deepseek7b,deepseek7b,future_will,long_passive,tense,passive,False,0.804820,-0.095332,-0.089029,-0.095332,-0.104218,-0.095332,ordinary
deepseek7b,deepseek7b,future_will,morphological_neg,tense,negation,False,0.820589,-0.209740,-0.259817,-0.209740,-0.089135,-0.259817,ordinary
deepseek7b,deepseek7b,future_will,negated_condition,tense,logical,False,0.873837,-0.019035,-0.038848,-0.019035,-0.186881,-0.038848,ordinary
deepseek7b,deepseek7b,future_will,nested_condition,tense,logical,False,0.768281,-0.129159,-0.055909,-0.129159,-0.154939,-0.129159,ordinary
deepseek7b,deepseek7b,future_will,nested_contrast,tense,logical,False,0.808447,0.025120,0.099819,0.025120,0.049201,0.025120,ordinary
deepseek7b,deepseek7b,future_will,nested_passive,tense,passive,False,0.818529,-0.045616,-0.015403,-0.045616,-0.110439,-0.045616,ordinary
deepseek7b,deepseek7b,future_will,never,tense,negation,False,0.846722,-0.168677,0.027310,-0.168677,-0.100196,-0.168677,ordinary
deepseek7b,deepseek7b,future_will,no_agent,tense,passive,False,0.771305,-0.096382,-0.036742,-0.096382,-0.054099,-0.096382,ordinary
deepseek7b,deepseek7b,future_will,past_simple,tense,tense,True,0.894938,0.349129,-0.494436,0.349129,0.134443,-0.494436,ordinary
deepseek7b,deepseek7b,future_will,perfect,tense,tense,True,0.981900,0.892789,0.514668,0.892789,0.836690,0.514668,residual_stable_reuse_candidate
deepseek7b,deepseek7b,future_will,poetic,tense,style,False,0.839766,-0.148731,-0.350502,-0.148731,-0.204601,-0.350502,ordinary
deepseek7b,deepseek7b,future_will,possessive_chain,tense,recursive,False,0.759907,-0.479734,-0.134074,-0.479734,-0.295086,-0.479734,ordinary
deepseek7b,deepseek7b,future_will,pp_chain,tense,recursive,False,0.727559,-0.374388,-0.046991,-0.374388,-0.123919,-0.374388,ordinary
deepseek7b,deepseek7b,future_will,progressive,tense,tense,True,0.901649,0.363553,-0.452764,0.363553,0.367694,-0.452764,category_curve_artifact_candidate
deepseek7b,deepseek7b,future_will,relative_clause,tense,recursive,False,0.842938,-0.274875,0.121989,-0.274875,-0.115630,-0.274875,ordinary
deepseek7b,deepseek7b,future_will,scope_quantifier,tense,negation,False,0.847306,-0.169226,0.036387,-0.169226,-0.087619,-0.169226,ordinary
deepseek7b,deepseek7b,future_will,she_coref,tense,coreference,False,0.870485,0.040340,-0.080620,0.040340,-0.021809,-0.080620,ordinary
deepseek7b,deepseek7b,future_will,syntactic_do_not,tense,negation,False,0.870585,0.137941,0.336810,0.137941,0.223645,0.137941,ordinary
deepseek7b,deepseek7b,future_will,target_language_switch,tense,translation,False,0.857245,0.025808,-0.068616,0.025808,-0.154809,-0.068616,ordinary
deepseek7b,deepseek7b,future_will,they_coref,tense,coreference,False,0.864847,0.209848,0.090461,0.209848,0.069800,0.090461,ordinary
deepseek7b,deepseek7b,get_passive,he_coref,passive,coreference,False,0.839296,-0.390783,-0.198148,-0.390783,-0.242462,-0.390783,ordinary
deepseek7b,deepseek7b,get_passive,inference,passive,logical,False,0.922337,0.380720,0.553008,0.380720,-0.074224,0.380720,ordinary
deepseek7b,deepseek7b,get_passive,it_coref,passive,coreference,False,0.842413,0.078381,0.227108,0.078381,0.056317,0.078381,ordinary
deepseek7b,deepseek7b,get_passive,lexical_not_adj,passive,negation,False,0.939588,0.361885,-0.313416,0.361885,0.037382,-0.313416,category_curve_artifact_candidate
deepseek7b,deepseek7b,get_passive,long_passive,passive,passive,True,0.820006,-0.344920,-0.752597,-0.344920,-0.000513,-0.752597,ordinary
deepseek7b,deepseek7b,get_passive,morphological_neg,passive,negation,False,0.938327,0.422631,0.189478,0.422631,0.081426,0.189478,ordinary
deepseek7b,deepseek7b,get_passive,negated_condition,passive,logical,False,0.895463,-0.286526,-0.110658,-0.286526,0.022374,-0.286526,ordinary
deepseek7b,deepseek7b,get_passive,nested_condition,passive,logical,False,0.790757,-0.315603,-0.571857,-0.315603,-0.046825,-0.571857,ordinary
deepseek7b,deepseek7b,get_passive,nested_contrast,passive,logical,False,0.821682,-0.173021,-0.305581,-0.173021,0.015048,-0.305581,ordinary
deepseek7b,deepseek7b,get_passive,nested_passive,passive,passive,True,0.849238,-0.158013,-0.348237,-0.158013,0.064918,-0.348237,ordinary
deepseek7b,deepseek7b,get_passive,never,passive,negation,False,0.939158,0.322228,-0.454215,0.322228,0.160420,-0.454215,category_curve_artifact_candidate
deepseek7b,deepseek7b,get_passive,no_agent,passive,passive,True,0.838847,0.033750,-0.121045,0.033750,-0.056141,-0.121045,ordinary
deepseek7b,deepseek7b,get_passive,past_simple,passive,tense,False,0.834504,-0.408194,-0.155834,-0.408194,-0.206686,-0.408194,ordinary
deepseek7b,deepseek7b,get_passive,perfect,passive,tense,False,0.870117,-0.085543,0.028583,-0.085543,0.114321,-0.085543,ordinary
deepseek7b,deepseek7b,get_passive,poetic,passive,style,False,0.842788,-0.611969,-0.286785,-0.611969,-0.352112,-0.611969,ordinary
deepseek7b,deepseek7b,get_passive,possessive_chain,passive,recursive,False,0.896502,0.140380,0.203848,0.140380,-0.132633,0.140380,ordinary
deepseek7b,deepseek7b,get_passive,pp_chain,passive,recursive,False,0.865271,0.148484,-0.106194,0.148484,0.008216,-0.106194,ordinary
deepseek7b,deepseek7b,get_passive,progressive,passive,tense,False,0.890337,0.010189,0.045758,0.010189,0.247529,0.010189,ordinary
deepseek7b,deepseek7b,get_passive,relative_clause,passive,recursive,False,0.957780,0.495353,0.510770,0.495353,0.137856,0.495353,residual_stable_reuse_candidate
deepseek7b,deepseek7b,get_passive,scope_quantifier,passive,negation,False,0.963308,0.589258,-0.033000,0.589258,0.427209,-0.033000,category_curve_artifact_candidate
deepseek7b,deepseek7b,get_passive,she_coref,passive,coreference,False,0.878133,-0.323866,-0.137308,-0.323866,-0.130308,-0.323866,ordinary
deepseek7b,deepseek7b,get_passive,syntactic_do_not,passive,negation,False,0.952078,0.557323,0.127196,0.557323,0.285938,0.127196,ordinary
deepseek7b,deepseek7b,get_passive,target_language_switch,passive,translation,False,0.862360,-0.327232,-0.000382,-0.327232,-0.190484,-0.327232,ordinary
deepseek7b,deepseek7b,get_passive,they_coref,passive,coreference,False,0.877392,0.046982,0.352621,0.046982,0.245490,0.046982,ordinary
deepseek7b,deepseek7b,he_coref,inference,coreference,logical,False,0.864692,0.075320,0.103485,0.075320,0.341629,0.075320,ordinary
deepseek7b,deepseek7b,he_coref,it_coref,coreference,coreference,True,0.777209,-0.162828,-0.601671,-0.162828,-0.089256,-0.601671,ordinary
deepseek7b,deepseek7b,he_coref,lexical_not_adj,coreference,negation,False,0.841607,-0.349692,-0.141447,-0.349692,-0.131442,-0.349692,ordinary
deepseek7b,deepseek7b,he_coref,long_passive,coreference,passive,False,0.816898,-0.154198,0.097495,-0.154198,-0.285682,-0.154198,ordinary
deepseek7b,deepseek7b,he_coref,morphological_neg,coreference,negation,False,0.883277,0.098394,0.176859,0.098394,0.226500,0.098394,ordinary
deepseek7b,deepseek7b,he_coref,negated_condition,coreference,logical,False,0.905444,0.102210,-0.183525,0.102210,-0.132200,-0.183525,category_curve_artifact_candidate
deepseek7b,deepseek7b,he_coref,nested_condition,coreference,logical,False,0.785615,-0.157467,-0.016543,-0.157467,-0.253670,-0.157467,ordinary
deepseek7b,deepseek7b,he_coref,nested_contrast,coreference,logical,False,0.800137,-0.131724,-0.055079,-0.131724,-0.285133,-0.131724,ordinary
deepseek7b,deepseek7b,he_coref,nested_passive,coreference,passive,False,0.833740,-0.078829,0.075709,-0.078829,-0.264664,-0.078829,ordinary
deepseek7b,deepseek7b,he_coref,never,coreference,negation,False,0.865153,-0.199478,0.248914,-0.199478,-0.080069,-0.199478,ordinary
deepseek7b,deepseek7b,he_coref,no_agent,coreference,passive,False,0.807754,-0.015608,0.046664,-0.015608,0.052062,-0.015608,ordinary
deepseek7b,deepseek7b,he_coref,past_simple,coreference,tense,False,0.912361,0.380791,0.453980,0.380791,0.357241,0.380791,ordinary
deepseek7b,deepseek7b,he_coref,perfect,coreference,tense,False,0.838147,-0.131137,-0.192666,-0.131137,-0.273381,-0.192666,ordinary
deepseek7b,deepseek7b,he_coref,poetic,coreference,style,False,0.926553,0.396616,0.275450,0.396616,0.222493,0.275450,ordinary
deepseek7b,deepseek7b,he_coref,possessive_chain,coreference,recursive,False,0.810255,-0.326011,0.169545,-0.326011,-0.292384,-0.326011,ordinary
deepseek7b,deepseek7b,he_coref,pp_chain,coreference,recursive,False,0.751993,-0.394418,0.240271,-0.394418,-0.370656,-0.394418,ordinary
deepseek7b,deepseek7b,he_coref,progressive,coreference,tense,False,0.835885,-0.225085,-0.271352,-0.225085,-0.353598,-0.271352,ordinary
deepseek7b,deepseek7b,he_coref,relative_clause,coreference,recursive,False,0.859060,-0.343174,0.044929,-0.343174,-0.315227,-0.343174,ordinary
deepseek7b,deepseek7b,he_coref,scope_quantifier,coreference,negation,False,0.864935,-0.207499,-0.025987,-0.207499,-0.144210,-0.207499,ordinary
deepseek7b,deepseek7b,he_coref,she_coref,coreference,coreference,True,0.912173,0.243421,-0.184333,0.243421,0.167867,-0.184333,category_curve_artifact_candidate
deepseek7b,deepseek7b,he_coref,syntactic_do_not,coreference,negation,False,0.829714,-0.307729,-0.173249,-0.307729,-0.207480,-0.307729,ordinary
deepseek7b,deepseek7b,he_coref,target_language_switch,coreference,translation,False,0.945740,0.575653,-0.087613,0.575653,0.396494,-0.087613,category_curve_artifact_candidate
deepseek7b,deepseek7b,he_coref,they_coref,coreference,coreference,True,0.891375,0.284461,-0.136769,0.284461,0.029305,-0.136769,ordinary
deepseek7b,deepseek7b,inference,it_coref,logical,coreference,False,0.767246,-0.171079,-0.050382,-0.171079,-0.013112,-0.171079,ordinary
deepseek7b,deepseek7b,inference,lexical_not_adj,logical,negation,False,0.903380,0.231737,-0.326357,0.231737,-0.067098,-0.326357,category_curve_artifact_candidate
deepseek7b,deepseek7b,inference,long_passive,logical,passive,False,0.741606,-0.560987,-0.596548,-0.560987,-0.547581,-0.596548,ordinary
deepseek7b,deepseek7b,inference,morphological_neg,logical,negation,False,0.954450,0.671041,0.343156,0.671041,0.359896,0.343156,residual_stable_reuse_candidate
deepseek7b,deepseek7b,inference,negated_condition,logical,logical,True,0.840826,-0.460289,-0.303582,-0.460289,-0.340900,-0.460289,ordinary
deepseek7b,deepseek7b,inference,nested_condition,logical,logical,True,0.698613,-0.574463,-0.676893,-0.574463,-0.509959,-0.676893,stable_differentiation_candidate
deepseek7b,deepseek7b,inference,nested_contrast,logical,logical,True,0.709511,-0.587219,-0.597989,-0.587219,-0.466479,-0.597989,ordinary
deepseek7b,deepseek7b,inference,nested_passive,logical,passive,False,0.761588,-0.480785,-0.424846,-0.480785,-0.403076,-0.480785,ordinary
deepseek7b,deepseek7b,inference,never,logical,negation,False,0.910367,0.262492,-0.373100,0.262492,-0.007692,-0.373100,category_curve_artifact_candidate
deepseek7b,deepseek7b,inference,no_agent,logical,passive,False,0.836944,0.173575,0.219300,0.173575,0.190842,0.173575,ordinary
deepseek7b,deepseek7b,inference,past_simple,logical,tense,False,0.870989,0.130876,0.138471,0.130876,0.381448,0.130876,ordinary
deepseek7b,deepseek7b,inference,perfect,logical,tense,False,0.857260,0.048398,0.270539,0.048398,0.122004,0.048398,ordinary
deepseek7b,deepseek7b,inference,poetic,logical,style,False,0.828069,-0.353753,-0.166261,-0.353753,-0.046296,-0.353753,ordinary
deepseek7b,deepseek7b,inference,possessive_chain,logical,recursive,False,0.838776,-0.074777,0.179705,-0.074777,-0.322261,-0.074777,ordinary
deepseek7b,deepseek7b,inference,pp_chain,logical,recursive,False,0.788751,-0.137782,-0.068132,-0.137782,-0.373119,-0.137782,ordinary
deepseek7b,deepseek7b,inference,progressive,logical,tense,False,0.804484,-0.389255,-0.419028,-0.389255,-0.263431,-0.419028,ordinary
deepseek7b,deepseek7b,inference,relative_clause,logical,recursive,False,0.924010,0.351343,0.589445,0.351343,-0.186208,0.351343,ordinary
deepseek7b,deepseek7b,inference,scope_quantifier,logical,negation,False,0.897685,0.148668,-0.325155,0.148668,-0.062596,-0.325155,ordinary
deepseek7b,deepseek7b,inference,she_coref,logical,coreference,False,0.849344,-0.241154,-0.242444,-0.241154,0.020417,-0.242444,ordinary
deepseek7b,deepseek7b,inference,syntactic_do_not,logical,negation,False,0.921792,0.432910,0.136811,0.432910,0.165583,0.136811,ordinary
deepseek7b,deepseek7b,inference,target_language_switch,logical,translation,False,0.858572,-0.056388,-0.217714,-0.056388,0.120424,-0.217714,ordinary
deepseek7b,deepseek7b,inference,they_coref,logical,coreference,False,0.858366,0.106556,0.308087,0.106556,0.065670,0.106556,ordinary
deepseek7b,deepseek7b,it_coref,lexical_not_adj,coreference,negation,False,0.799265,-0.192554,0.019503,-0.192554,-0.191890,-0.192554,ordinary
deepseek7b,deepseek7b,it_coref,long_passive,coreference,passive,False,0.758260,-0.141937,-0.051400,-0.141937,-0.214835,-0.141937,ordinary
deepseek7b,deepseek7b,it_coref,morphological_neg,coreference,negation,False,0.777730,-0.231200,-0.347838,-0.231200,-0.191875,-0.347838,ordinary
deepseek7b,deepseek7b,it_coref,negated_condition,coreference,logical,False,0.880666,0.294045,0.232416,0.294045,0.093321,0.232416,ordinary
deepseek7b,deepseek7b,it_coref,nested_condition,coreference,logical,False,0.732692,-0.117282,0.107734,-0.117282,-0.164787,-0.117282,ordinary
deepseek7b,deepseek7b,it_coref,nested_contrast,coreference,logical,False,0.793889,0.105292,0.300863,0.105292,0.092103,0.105292,ordinary
deepseek7b,deepseek7b,it_coref,nested_passive,coreference,passive,False,0.809171,0.081288,0.137869,0.081288,-0.005577,0.081288,ordinary
deepseek7b,deepseek7b,it_coref,never,coreference,negation,False,0.786128,-0.327093,-0.089327,-0.327093,-0.153627,-0.327093,ordinary
deepseek7b,deepseek7b,it_coref,no_agent,coreference,passive,False,0.719566,-0.155840,-0.209292,-0.155840,-0.051394,-0.209292,ordinary
deepseek7b,deepseek7b,it_coref,past_simple,coreference,tense,False,0.799172,-0.032314,-0.416903,-0.032314,-0.058818,-0.416903,ordinary
deepseek7b,deepseek7b,it_coref,perfect,coreference,tense,False,0.843414,0.209194,0.074149,0.209194,0.084046,0.074149,ordinary
deepseek7b,deepseek7b,it_coref,poetic,coreference,style,False,0.807980,-0.113671,-0.465821,-0.113671,-0.092792,-0.465821,ordinary
deepseek7b,deepseek7b,it_coref,possessive_chain,coreference,recursive,False,0.741851,-0.325342,-0.191252,-0.325342,-0.191433,-0.325342,ordinary
deepseek7b,deepseek7b,it_coref,pp_chain,coreference,recursive,False,0.677986,-0.386562,-0.151957,-0.386562,-0.269017,-0.386562,stable_differentiation_candidate
deepseek7b,deepseek7b,it_coref,progressive,coreference,tense,False,0.881411,0.385998,0.225926,0.385998,0.195848,0.225926,ordinary
deepseek7b,deepseek7b,it_coref,relative_clause,coreference,recursive,False,0.794228,-0.344901,-0.189437,-0.344901,-0.320872,-0.344901,ordinary
deepseek7b,deepseek7b,it_coref,scope_quantifier,coreference,negation,False,0.825365,-0.061978,0.141097,-0.061978,-0.042932,-0.061978,ordinary
deepseek7b,deepseek7b,it_coref,she_coref,coreference,coreference,True,0.854513,0.153709,-0.287673,0.153709,-0.097232,-0.287673,ordinary
deepseek7b,deepseek7b,it_coref,syntactic_do_not,coreference,negation,False,0.815776,-0.004066,0.255277,-0.004066,0.094160,-0.004066,ordinary
deepseek7b,deepseek7b,it_coref,target_language_switch,coreference,translation,False,0.837043,0.103175,-0.028690,0.103175,0.027222,-0.028690,ordinary
deepseek7b,deepseek7b,it_coref,they_coref,coreference,coreference,True,0.830964,0.178426,-0.234458,0.178426,0.045859,-0.234458,ordinary
deepseek7b,deepseek7b,lexical_not_adj,long_passive,negation,passive,False,0.861333,-0.010773,0.451936,-0.010773,0.191829,-0.010773,ordinary
deepseek7b,deepseek7b,lexical_not_adj,morphological_neg,negation,negation,True,0.937723,0.425143,-0.011487,0.425143,0.354988,-0.011487,category_curve_artifact_candidate
deepseek7b,deepseek7b,lexical_not_adj,negated_condition,negation,logical,False,0.873365,-0.530627,-0.186634,-0.530627,-0.331842,-0.530627,ordinary
deepseek7b,deepseek7b,lexical_not_adj,nested_condition,negation,logical,False,0.802671,-0.219417,0.246239,-0.219417,-0.184202,-0.219417,ordinary
deepseek7b,deepseek7b,lexical_not_adj,nested_contrast,negation,logical,False,0.786585,-0.402490,-0.034509,-0.402490,-0.361991,-0.402490,ordinary
deepseek7b,deepseek7b,lexical_not_adj,nested_passive,negation,passive,False,0.806508,-0.477216,-0.154081,-0.477216,-0.360136,-0.477216,ordinary
deepseek7b,deepseek7b,lexical_not_adj,never,negation,negation,True,0.950538,0.459518,0.050386,0.459518,0.278653,0.050386,ordinary
deepseek7b,deepseek7b,lexical_not_adj,no_agent,negation,passive,False,0.878331,0.304135,-0.005362,0.304135,0.298891,-0.005362,ordinary
deepseek7b,deepseek7b,lexical_not_adj,past_simple,negation,tense,False,0.833655,-0.394173,-0.145088,-0.394173,-0.259338,-0.394173,ordinary
deepseek7b,deepseek7b,lexical_not_adj,perfect,negation,tense,False,0.846503,-0.268667,0.006273,-0.268667,-0.084407,-0.268667,ordinary
deepseek7b,deepseek7b,lexical_not_adj,poetic,negation,style,False,0.877217,-0.237448,0.023990,-0.237448,-0.050119,-0.237448,ordinary
deepseek7b,deepseek7b,lexical_not_adj,possessive_chain,negation,recursive,False,0.926967,0.408107,0.157776,0.408107,0.153290,0.157776,ordinary
deepseek7b,deepseek7b,lexical_not_adj,pp_chain,negation,recursive,False,0.885077,0.293770,0.274407,0.293770,0.081728,0.274407,ordinary
deepseek7b,deepseek7b,lexical_not_adj,progressive,negation,tense,False,0.864793,-0.204600,0.241364,-0.204600,-0.031880,-0.204600,ordinary
deepseek7b,deepseek7b,lexical_not_adj,relative_clause,negation,recursive,False,0.958656,0.516969,-0.231834,0.516969,0.348569,-0.231834,category_curve_artifact_candidate
deepseek7b,deepseek7b,lexical_not_adj,scope_quantifier,negation,negation,True,0.918352,0.101743,-0.372453,0.101743,-0.082908,-0.372453,category_curve_artifact_candidate
deepseek7b,deepseek7b,lexical_not_adj,she_coref,negation,coreference,False,0.889945,-0.174399,0.284251,-0.174399,0.031369,-0.174399,ordinary
deepseek7b,deepseek7b,lexical_not_adj,syntactic_do_not,negation,negation,True,0.903566,0.113971,-0.497294,0.113971,-0.184799,-0.497294,category_curve_artifact_candidate
deepseek7b,deepseek7b,lexical_not_adj,target_language_switch,negation,translation,False,0.864320,-0.287071,0.056061,-0.287071,-0.159004,-0.287071,ordinary
deepseek7b,deepseek7b,lexical_not_adj,they_coref,negation,coreference,False,0.851558,-0.146257,-0.100544,-0.146257,0.130057,-0.146257,ordinary
deepseek7b,deepseek7b,long_passive,morphological_neg,passive,negation,False,0.756566,-0.648693,-0.299540,-0.648693,-0.467884,-0.648693,ordinary
deepseek7b,deepseek7b,long_passive,negated_condition,passive,logical,False,0.887814,0.106143,0.231907,0.106143,0.081363,0.106143,ordinary
deepseek7b,deepseek7b,long_passive,nested_condition,passive,logical,False,0.964941,0.836708,0.811788,0.836708,0.743461,0.811788,residual_stable_reuse_candidate
deepseek7b,deepseek7b,long_passive,nested_contrast,passive,logical,False,0.910344,0.546003,0.522782,0.546003,0.423800,0.522782,residual_stable_reuse_candidate
deepseek7b,deepseek7b,long_passive,nested_passive,passive,passive,True,0.931582,0.605985,0.548565,0.605985,0.552344,0.548565,residual_stable_reuse_candidate
deepseek7b,deepseek7b,long_passive,never,passive,negation,False,0.839154,-0.229722,0.243515,-0.229722,-0.017317,-0.229722,ordinary
deepseek7b,deepseek7b,long_passive,no_agent,passive,passive,True,0.770357,-0.101015,-0.260481,-0.101015,-0.038787,-0.260481,ordinary
deepseek7b,deepseek7b,long_passive,past_simple,passive,tense,False,0.809706,-0.183681,0.016886,-0.183681,-0.447426,-0.183681,ordinary
deepseek7b,deepseek7b,long_passive,perfect,passive,tense,False,0.827830,-0.059919,-0.017774,-0.059919,-0.061246,-0.059919,ordinary
deepseek7b,deepseek7b,long_passive,poetic,passive,style,False,0.867575,0.057337,-0.061828,0.057337,-0.145831,-0.061828,ordinary
deepseek7b,deepseek7b,long_passive,possessive_chain,passive,recursive,False,0.862165,0.152457,-0.377619,0.152457,0.322492,-0.377619,ordinary
deepseek7b,deepseek7b,long_passive,pp_chain,passive,recursive,False,0.902018,0.509069,0.121600,0.509069,0.673715,0.121600,ordinary
deepseek7b,deepseek7b,long_passive,progressive,passive,tense,False,0.852936,0.041655,0.052540,0.041655,0.005627,0.041655,ordinary
deepseek7b,deepseek7b,long_passive,relative_clause,passive,recursive,False,0.839505,-0.305034,-0.738405,-0.305034,0.158578,-0.738405,ordinary
deepseek7b,deepseek7b,long_passive,scope_quantifier,passive,negation,False,0.835731,-0.263119,0.142076,-0.263119,-0.073627,-0.263119,ordinary
deepseek7b,deepseek7b,long_passive,she_coref,passive,coreference,False,0.858775,-0.051634,0.267971,-0.051634,-0.186562,-0.051634,ordinary
deepseek7b,deepseek7b,long_passive,syntactic_do_not,passive,negation,False,0.791996,-0.396960,-0.097888,-0.396960,-0.164680,-0.396960,ordinary
deepseek7b,deepseek7b,long_passive,target_language_switch,passive,translation,False,0.820209,-0.233329,-0.010442,-0.233329,-0.266109,-0.233329,ordinary
deepseek7b,deepseek7b,long_passive,they_coref,passive,coreference,False,0.763309,-0.384512,-0.311421,-0.384512,-0.278550,-0.384512,ordinary
deepseek7b,deepseek7b,morphological_neg,negated_condition,negation,logical,False,0.866203,-0.428520,-0.172354,-0.428520,-0.186193,-0.428520,ordinary
deepseek7b,deepseek7b,morphological_neg,nested_condition,negation,logical,False,0.712765,-0.667148,-0.430762,-0.667148,-0.571131,-0.667148,ordinary
deepseek7b,deepseek7b,morphological_neg,nested_contrast,negation,logical,False,0.723674,-0.682202,-0.489890,-0.682202,-0.552020,-0.682202,ordinary
deepseek7b,deepseek7b,morphological_neg,nested_passive,negation,passive,False,0.767304,-0.623296,-0.212815,-0.623296,-0.461858,-0.623296,ordinary
deepseek7b,deepseek7b,morphological_neg,never,negation,negation,True,0.930427,0.328448,-0.411185,0.328448,0.147232,-0.411185,category_curve_artifact_candidate
deepseek7b,deepseek7b,morphological_neg,no_agent,negation,passive,False,0.847951,0.161771,0.026745,0.161771,0.058377,0.026745,ordinary
deepseek7b,deepseek7b,morphological_neg,past_simple,negation,tense,False,0.867450,-0.007784,0.256478,-0.007784,0.238821,-0.007784,ordinary
deepseek7b,deepseek7b,morphological_neg,perfect,negation,tense,False,0.843991,-0.173023,-0.106347,-0.173023,-0.046629,-0.173023,ordinary
deepseek7b,deepseek7b,morphological_neg,poetic,negation,style,False,0.874813,-0.130439,0.281671,-0.130439,0.025264,-0.130439,ordinary
deepseek7b,deepseek7b,morphological_neg,possessive_chain,negation,recursive,False,0.868490,0.012104,0.139373,0.012104,-0.286393,0.012104,ordinary
deepseek7b,deepseek7b,morphological_neg,pp_chain,negation,recursive,False,0.803721,-0.167980,-0.066253,-0.167980,-0.402366,-0.167980,ordinary
deepseek7b,deepseek7b,morphological_neg,progressive,negation,tense,False,0.845953,-0.242583,-0.029773,-0.242583,-0.094186,-0.242583,ordinary
deepseek7b,deepseek7b,morphological_neg,relative_clause,negation,recursive,False,0.955462,0.553677,0.439369,0.553677,0.208174,0.439369,residual_stable_reuse_candidate
deepseek7b,deepseek7b,morphological_neg,scope_quantifier,negation,negation,True,0.909754,0.120596,-0.580961,0.120596,-0.044989,-0.580961,category_curve_artifact_candidate
deepseek7b,deepseek7b,morphological_neg,she_coref,negation,coreference,False,0.880472,-0.136714,-0.185611,-0.136714,0.023429,-0.185611,ordinary
deepseek7b,deepseek7b,morphological_neg,syntactic_do_not,negation,negation,True,0.909865,0.250735,-0.455057,0.250735,-0.143273,-0.455057,category_curve_artifact_candidate
deepseek7b,deepseek7b,morphological_neg,target_language_switch,negation,translation,False,0.891091,0.069621,0.077573,0.069621,0.108543,0.069621,ordinary
deepseek7b,deepseek7b,morphological_neg,they_coref,negation,coreference,False,0.901913,0.311235,0.347840,0.311235,0.401725,0.311235,ordinary
deepseek7b,deepseek7b,negated_condition,nested_condition,logical,logical,True,0.873266,0.192345,0.290848,0.192345,0.257169,0.192345,ordinary
deepseek7b,deepseek7b,negated_condition,nested_contrast,logical,logical,True,0.917697,0.489831,0.570324,0.489831,0.529842,0.489831,residual_stable_reuse_candidate
deepseek7b,deepseek7b,negated_condition,nested_passive,logical,passive,False,0.941806,0.563322,0.619482,0.563322,0.592801,0.563322,residual_stable_reuse_candidate
deepseek7b,deepseek7b,negated_condition,never,logical,negation,False,0.888733,-0.425690,-0.069212,-0.425690,-0.182500,-0.425690,ordinary
deepseek7b,deepseek7b,negated_condition,no_agent,logical,passive,False,0.776589,-0.531846,-0.364506,-0.531846,-0.516799,-0.531846,ordinary
deepseek7b,deepseek7b,negated_condition,past_simple,logical,tense,False,0.892584,-0.006592,-0.142655,-0.006592,-0.172521,-0.142655,ordinary
deepseek7b,deepseek7b,negated_condition,perfect,logical,tense,False,0.888426,-0.032071,-0.080760,-0.032071,-0.188150,-0.080760,ordinary
deepseek7b,deepseek7b,negated_condition,poetic,logical,style,False,0.943317,0.347097,-0.033375,0.347097,0.075799,-0.033375,category_curve_artifact_candidate
deepseek7b,deepseek7b,negated_condition,possessive_chain,logical,recursive,False,0.896963,0.052344,-0.164281,0.052344,0.306978,-0.164281,ordinary
deepseek7b,deepseek7b,negated_condition,pp_chain,logical,recursive,False,0.837902,-0.143540,-0.486335,-0.143540,0.070527,-0.486335,ordinary
deepseek7b,deepseek7b,negated_condition,progressive,logical,tense,False,0.926862,0.275128,0.218665,0.275128,0.044059,0.218665,ordinary
deepseek7b,deepseek7b,negated_condition,relative_clause,logical,recursive,False,0.905837,-0.316763,-0.346081,-0.316763,0.016743,-0.346081,model_curve_artifact_candidate
deepseek7b,deepseek7b,negated_condition,scope_quantifier,logical,negation,False,0.917173,-0.066979,0.453244,-0.066979,0.153011,-0.066979,model_curve_artifact_candidate
deepseek7b,deepseek7b,negated_condition,she_coref,logical,coreference,False,0.935501,0.200450,-0.073000,0.200450,-0.154503,-0.073000,category_curve_artifact_candidate
deepseek7b,deepseek7b,negated_condition,syntactic_do_not,logical,negation,False,0.887152,-0.188295,0.255217,-0.188295,0.091036,-0.188295,ordinary
deepseek7b,deepseek7b,negated_condition,target_language_switch,logical,translation,False,0.918784,0.123610,-0.143288,0.123610,-0.085714,-0.143288,category_curve_artifact_candidate
deepseek7b,deepseek7b,negated_condition,they_coref,logical,coreference,False,0.892416,0.086557,-0.039411,0.086557,0.000076,-0.039411,ordinary
deepseek7b,deepseek7b,nested_condition,nested_contrast,logical,logical,True,0.945548,0.757177,0.770165,0.757177,0.723223,0.757177,residual_stable_reuse_candidate
deepseek7b,deepseek7b,nested_condition,nested_passive,logical,passive,False,0.946056,0.740709,0.668949,0.740709,0.762502,0.668949,residual_stable_reuse_candidate
deepseek7b,deepseek7b,nested_condition,never,logical,negation,False,0.798336,-0.296861,0.224251,-0.296861,-0.226281,-0.296861,ordinary
deepseek7b,deepseek7b,nested_condition,no_agent,logical,passive,False,0.703396,-0.256778,-0.390114,-0.256778,-0.212254,-0.390114,ordinary
deepseek7b,deepseek7b,nested_condition,past_simple,logical,tense,False,0.792026,-0.108517,-0.085709,-0.108517,-0.293063,-0.108517,ordinary
deepseek7b,deepseek7b,nested_condition,perfect,logical,tense,False,0.789580,-0.112086,-0.010977,-0.112086,-0.135903,-0.112086,ordinary
deepseek7b,deepseek7b,nested_condition,poetic,logical,style,False,0.833970,0.008808,-0.150115,0.008808,-0.151271,-0.150115,ordinary
deepseek7b,deepseek7b,nested_condition,possessive_chain,logical,recursive,False,0.853561,0.234204,-0.403595,0.234204,0.456449,-0.403595,ordinary
deepseek7b,deepseek7b,nested_condition,pp_chain,logical,recursive,False,0.905248,0.580514,0.203442,0.580514,0.698735,0.203442,residual_stable_reuse_candidate
deepseek7b,deepseek7b,nested_condition,progressive,logical,tense,False,0.821243,0.010638,0.132226,0.010638,-0.046283,0.010638,ordinary
deepseek7b,deepseek7b,nested_condition,relative_clause,logical,recursive,False,0.803576,-0.333650,-0.842223,-0.333650,0.033429,-0.842223,ordinary
deepseek7b,deepseek7b,nested_condition,scope_quantifier,logical,negation,False,0.807924,-0.234379,0.381707,-0.234379,-0.031430,-0.234379,ordinary
deepseek7b,deepseek7b,nested_condition,she_coref,logical,coreference,False,0.835950,-0.014942,0.289727,-0.014942,-0.145687,-0.014942,ordinary
deepseek7b,deepseek7b,nested_condition,syntactic_do_not,logical,negation,False,0.759907,-0.376362,0.092890,-0.376362,-0.127494,-0.376362,ordinary
deepseek7b,deepseek7b,nested_condition,target_language_switch,logical,translation,False,0.790891,-0.216996,0.008949,-0.216996,-0.178263,-0.216996,ordinary
deepseek7b,deepseek7b,nested_condition,they_coref,logical,coreference,False,0.702716,-0.507424,-0.386873,-0.507424,-0.459868,-0.507424,ordinary
deepseek7b,deepseek7b,nested_contrast,nested_passive,logical,passive,False,0.970876,0.854288,0.803209,0.854288,0.834630,0.803209,residual_stable_reuse_candidate
deepseek7b,deepseek7b,nested_contrast,never,logical,negation,False,0.816541,-0.241100,0.220627,-0.241100,-0.205571,-0.241100,ordinary
deepseek7b,deepseek7b,nested_contrast,no_agent,logical,passive,False,0.648988,-0.546744,-0.611142,-0.546744,-0.488807,-0.611142,stable_differentiation_candidate
deepseek7b,deepseek7b,nested_contrast,past_simple,logical,tense,False,0.784952,-0.204218,-0.287104,-0.204218,-0.295819,-0.287104,ordinary
deepseek7b,deepseek7b,nested_contrast,perfect,logical,tense,False,0.809869,-0.052819,-0.059197,-0.052819,-0.056383,-0.059197,ordinary
deepseek7b,deepseek7b,nested_contrast,poetic,logical,style,False,0.837729,-0.025912,-0.222698,-0.025912,-0.216766,-0.222698,ordinary
deepseek7b,deepseek7b,nested_contrast,possessive_chain,logical,recursive,False,0.862578,0.244126,-0.276327,0.244126,0.452572,-0.276327,ordinary
deepseek7b,deepseek7b,nested_contrast,pp_chain,logical,recursive,False,0.879896,0.445977,0.066167,0.445977,0.539593,0.066167,ordinary
deepseek7b,deepseek7b,nested_contrast,progressive,logical,tense,False,0.865400,0.222950,0.262126,0.222950,0.138127,0.222950,ordinary
deepseek7b,deepseek7b,nested_contrast,relative_clause,logical,recursive,False,0.818876,-0.296653,-0.698094,-0.296653,-0.020171,-0.698094,ordinary
deepseek7b,deepseek7b,nested_contrast,scope_quantifier,logical,negation,False,0.841586,-0.061529,0.511756,-0.061529,0.078792,-0.061529,ordinary
deepseek7b,deepseek7b,nested_contrast,she_coref,logical,coreference,False,0.830457,-0.118842,0.051694,-0.118842,-0.252021,-0.118842,ordinary
deepseek7b,deepseek7b,nested_contrast,syntactic_do_not,logical,negation,False,0.806305,-0.159606,0.317331,-0.159606,0.115917,-0.159606,ordinary
deepseek7b,deepseek7b,nested_contrast,target_language_switch,logical,translation,False,0.800464,-0.221921,-0.090488,-0.221921,-0.191466,-0.221921,ordinary
deepseek7b,deepseek7b,nested_contrast,they_coref,logical,coreference,False,0.731348,-0.423238,-0.328583,-0.423238,-0.431863,-0.423238,ordinary
deepseek7b,deepseek7b,nested_passive,never,passive,negation,False,0.827800,-0.368244,0.038766,-0.368244,-0.291906,-0.368244,ordinary
deepseek7b,deepseek7b,nested_passive,no_agent,passive,passive,True,0.684913,-0.551726,-0.651523,-0.551726,-0.495486,-0.651523,stable_differentiation_candidate
deepseek7b,deepseek7b,nested_passive,past_simple,passive,tense,False,0.816656,-0.173792,0.007701,-0.173792,-0.317784,-0.173792,ordinary
deepseek7b,deepseek7b,nested_passive,perfect,passive,tense,False,0.828649,-0.085782,-0.120312,-0.085782,-0.136021,-0.120312,ordinary
deepseek7b,deepseek7b,nested_passive,poetic,passive,style,False,0.867404,0.022296,-0.139091,0.022296,-0.191768,-0.139091,ordinary
deepseek7b,deepseek7b,nested_passive,possessive_chain,passive,recursive,False,0.870801,0.181987,-0.241455,0.181987,0.407693,-0.241455,ordinary
deepseek7b,deepseek7b,nested_passive,pp_chain,passive,recursive,False,0.887762,0.424590,0.017163,0.424590,0.546874,0.017163,ordinary
deepseek7b,deepseek7b,nested_passive,progressive,passive,tense,False,0.863457,0.082722,0.070014,0.082722,-0.029803,0.070014,ordinary
deepseek7b,deepseek7b,nested_passive,relative_clause,passive,recursive,False,0.846546,-0.291648,-0.618877,-0.291648,0.038413,-0.618877,ordinary
deepseek7b,deepseek7b,nested_passive,scope_quantifier,passive,negation,False,0.865504,-0.060986,0.409424,-0.060986,0.112753,-0.060986,ordinary
deepseek7b,deepseek7b,nested_passive,she_coref,passive,coreference,False,0.855067,-0.120288,0.002265,-0.120288,-0.292338,-0.120288,ordinary
deepseek7b,deepseek7b,nested_passive,syntactic_do_not,passive,negation,False,0.836477,-0.129192,0.305833,-0.129192,0.151128,-0.129192,ordinary
deepseek7b,deepseek7b,nested_passive,target_language_switch,passive,translation,False,0.830042,-0.202306,-0.097940,-0.202306,-0.227229,-0.202306,ordinary
deepseek7b,deepseek7b,nested_passive,they_coref,passive,coreference,False,0.774401,-0.356107,-0.358145,-0.356107,-0.337729,-0.358145,ordinary
deepseek7b,deepseek7b,never,no_agent,negation,passive,False,0.891003,0.374833,0.099685,0.374833,0.294620,0.099685,ordinary
deepseek7b,deepseek7b,never,past_simple,negation,tense,False,0.856983,-0.250895,-0.038730,-0.250895,-0.090366,-0.250895,ordinary
deepseek7b,deepseek7b,never,perfect,negation,tense,False,0.861018,-0.198434,0.019718,-0.198434,-0.141072,-0.198434,ordinary
deepseek7b,deepseek7b,never,poetic,negation,style,False,0.890194,-0.164926,0.180911,-0.164926,0.052376,-0.164926,ordinary
deepseek7b,deepseek7b,never,possessive_chain,negation,recursive,False,0.923612,0.357241,0.117974,0.357241,-0.010137,0.117974,ordinary
deepseek7b,deepseek7b,never,pp_chain,negation,recursive,False,0.881282,0.246661,0.266380,0.246661,-0.017004,0.246661,ordinary
deepseek7b,deepseek7b,never,progressive,negation,tense,False,0.860693,-0.301533,0.010473,-0.301533,-0.114761,-0.301533,ordinary
deepseek7b,deepseek7b,never,relative_clause,negation,recursive,False,0.965166,0.565548,-0.205515,0.565548,0.161607,-0.205515,category_curve_artifact_candidate
deepseek7b,deepseek7b,never,scope_quantifier,negation,negation,True,0.957268,0.502854,0.102395,0.502854,0.374210,0.102395,ordinary
deepseek7b,deepseek7b,never,she_coref,negation,coreference,False,0.869153,-0.473781,-0.027425,-0.473781,-0.166051,-0.473781,ordinary
deepseek7b,deepseek7b,never,syntactic_do_not,negation,negation,True,0.946745,0.494004,-0.016626,0.494004,0.179715,-0.016626,category_curve_artifact_candidate
deepseek7b,deepseek7b,never,target_language_switch,negation,translation,False,0.865253,-0.343064,-0.053335,-0.343064,-0.059831,-0.343064,ordinary
deepseek7b,deepseek7b,never,they_coref,negation,coreference,False,0.836550,-0.321840,-0.319014,-0.321840,-0.143649,-0.321840,ordinary
deepseek7b,deepseek7b,no_agent,past_simple,passive,tense,False,0.801148,-0.039620,0.201609,-0.039620,-0.033569,-0.039620,ordinary
deepseek7b,deepseek7b,no_agent,perfect,passive,tense,False,0.795848,-0.059087,0.045670,-0.059087,-0.057636,-0.059087,ordinary
deepseek7b,deepseek7b,no_agent,poetic,passive,style,False,0.844367,0.096717,0.245547,0.096717,0.153085,0.096717,ordinary
deepseek7b,deepseek7b,no_agent,possessive_chain,passive,recursive,False,0.773447,-0.178520,-0.049537,-0.178520,-0.216201,-0.178520,ordinary
deepseek7b,deepseek7b,no_agent,pp_chain,passive,recursive,False,0.736075,-0.152169,-0.249577,-0.152169,-0.145520,-0.249577,ordinary
deepseek7b,deepseek7b,no_agent,progressive,passive,tense,False,0.779425,-0.208700,-0.208840,-0.208700,-0.209005,-0.208840,ordinary
deepseek7b,deepseek7b,no_agent,relative_clause,passive,recursive,False,0.854328,0.080055,0.282758,0.080055,-0.101401,0.080055,ordinary
deepseek7b,deepseek7b,no_agent,scope_quantifier,passive,negation,False,0.871452,0.236740,-0.112631,0.236740,-0.047946,-0.112631,ordinary
deepseek7b,deepseek7b,no_agent,she_coref,passive,coreference,False,0.827944,-0.046138,-0.032940,-0.046138,0.009662,-0.046138,ordinary
deepseek7b,deepseek7b,no_agent,syntactic_do_not,passive,negation,False,0.841894,0.130152,-0.168758,0.130152,-0.102505,-0.168758,ordinary
deepseek7b,deepseek7b,no_agent,target_language_switch,passive,translation,False,0.824913,0.011740,0.112820,0.011740,0.042297,0.011740,ordinary
deepseek7b,deepseek7b,no_agent,they_coref,passive,coreference,False,0.815566,0.086661,0.146290,0.086661,-0.009757,0.086661,ordinary
deepseek7b,deepseek7b,past_simple,perfect,tense,tense,True,0.908748,0.371586,-0.462156,0.371586,0.111335,-0.462156,category_curve_artifact_candidate
deepseek7b,deepseek7b,past_simple,poetic,tense,style,False,0.896809,0.162596,0.144055,0.162596,0.159637,0.144055,ordinary
deepseek7b,deepseek7b,past_simple,possessive_chain,tense,recursive,False,0.802314,-0.361334,0.187177,-0.361334,-0.264412,-0.361334,ordinary
deepseek7b,deepseek7b,past_simple,pp_chain,tense,recursive,False,0.750906,-0.382809,0.005385,-0.382809,-0.320953,-0.382809,ordinary
deepseek7b,deepseek7b,past_simple,progressive,tense,tense,True,0.858520,-0.039642,-0.438721,-0.039642,-0.075775,-0.438721,ordinary
deepseek7b,deepseek7b,past_simple,relative_clause,tense,recursive,False,0.856027,-0.347091,0.012179,-0.347091,-0.224106,-0.347091,ordinary
deepseek7b,deepseek7b,past_simple,scope_quantifier,tense,negation,False,0.850063,-0.319628,-0.124876,-0.319628,-0.170247,-0.319628,ordinary
deepseek7b,deepseek7b,past_simple,she_coref,tense,coreference,False,0.911846,0.255411,0.055066,0.255411,0.147489,0.055066,ordinary
deepseek7b,deepseek7b,past_simple,syntactic_do_not,tense,negation,False,0.858057,-0.072333,-0.105618,-0.072333,-0.106876,-0.105618,ordinary
deepseek7b,deepseek7b,past_simple,target_language_switch,tense,translation,False,0.906172,0.275287,0.097922,0.275287,0.179812,0.097922,ordinary
deepseek7b,deepseek7b,past_simple,they_coref,tense,coreference,False,0.865389,0.124597,-0.282774,0.124597,-0.006537,-0.282774,ordinary
deepseek7b,deepseek7b,perfect,poetic,tense,style,False,0.869661,-0.048048,-0.124057,-0.048048,-0.100277,-0.124057,ordinary
deepseek7b,deepseek7b,perfect,possessive_chain,tense,recursive,False,0.784903,-0.465357,-0.146158,-0.465357,-0.239179,-0.465357,ordinary
deepseek7b,deepseek7b,perfect,pp_chain,tense,recursive,False,0.754600,-0.349308,-0.001942,-0.349308,-0.078765,-0.349308,ordinary
deepseek7b,deepseek7b,perfect,progressive,tense,tense,True,0.914191,0.377506,-0.431747,0.377506,0.411442,-0.431747,category_curve_artifact_candidate
deepseek7b,deepseek7b,perfect,relative_clause,tense,recursive,False,0.863493,-0.256143,0.078932,-0.256143,0.003399,-0.256143,ordinary
deepseek7b,deepseek7b,perfect,scope_quantifier,tense,negation,False,0.852960,-0.276291,-0.179840,-0.276291,-0.162539,-0.276291,ordinary
deepseek7b,deepseek7b,perfect,she_coref,tense,coreference,False,0.890137,0.078511,0.013750,0.078511,0.012539,0.013750,ordinary
deepseek7b,deepseek7b,perfect,syntactic_do_not,tense,negation,False,0.877027,0.082480,0.215772,0.082480,0.185344,0.082480,ordinary
deepseek7b,deepseek7b,perfect,target_language_switch,tense,translation,False,0.864752,-0.034806,-0.128298,-0.034806,-0.218467,-0.128298,ordinary
deepseek7b,deepseek7b,perfect,they_coref,tense,coreference,False,0.883076,0.247454,0.163395,0.247454,0.151819,0.163395,ordinary
deepseek7b,deepseek7b,poetic,possessive_chain,style,recursive,False,0.870108,-0.044298,0.220946,-0.044298,0.011263,-0.044298,ordinary
deepseek7b,deepseek7b,poetic,pp_chain,style,recursive,False,0.810503,-0.194107,0.076344,-0.194107,-0.180371,-0.194107,ordinary
deepseek7b,deepseek7b,poetic,progressive,style,tense,False,0.898127,0.117564,0.157215,0.117564,-0.065835,0.117564,ordinary
deepseek7b,deepseek7b,poetic,relative_clause,style,recursive,False,0.892131,-0.233960,0.154507,-0.233960,-0.066547,-0.233960,ordinary
deepseek7b,deepseek7b,poetic,scope_quantifier,style,negation,False,0.872955,-0.356100,-0.110391,-0.356100,-0.252392,-0.356100,ordinary
deepseek7b,deepseek7b,poetic,she_coref,style,coreference,False,0.923396,0.207517,0.001578,0.207517,0.022707,0.001578,category_curve_artifact_candidate
deepseek7b,deepseek7b,poetic,syntactic_do_not,style,negation,False,0.836628,-0.464916,-0.244249,-0.464916,-0.294028,-0.464916,ordinary
deepseek7b,deepseek7b,poetic,target_language_switch,style,translation,False,0.924961,0.308355,0.001832,0.308355,0.051056,0.001832,category_curve_artifact_candidate
deepseek7b,deepseek7b,poetic,they_coref,style,coreference,False,0.879200,0.094121,0.068818,0.094121,-0.007678,0.068818,ordinary
deepseek7b,deepseek7b,possessive_chain,pp_chain,recursive,recursive,True,0.953886,0.762696,0.373599,0.762696,0.740565,0.373599,residual_stable_reuse_candidate
deepseek7b,deepseek7b,possessive_chain,progressive,recursive,tense,False,0.822174,-0.292267,-0.020638,-0.292267,-0.101828,-0.292267,ordinary
deepseek7b,deepseek7b,possessive_chain,relative_clause,recursive,recursive,True,0.946622,0.546171,0.385337,0.546171,0.387189,0.385337,residual_stable_reuse_candidate
deepseek7b,deepseek7b,possessive_chain,scope_quantifier,recursive,negation,False,0.901196,0.154576,-0.224611,0.154576,0.023877,-0.224611,category_curve_artifact_candidate
deepseek7b,deepseek7b,possessive_chain,she_coref,recursive,coreference,False,0.845414,-0.308100,0.019341,-0.308100,-0.117157,-0.308100,ordinary
deepseek7b,deepseek7b,possessive_chain,syntactic_do_not,recursive,negation,False,0.877194,0.083814,-0.120665,0.083814,-0.040938,-0.120665,ordinary
deepseek7b,deepseek7b,possessive_chain,target_language_switch,recursive,translation,False,0.804727,-0.497323,-0.089055,-0.497323,-0.365708,-0.497323,ordinary
deepseek7b,deepseek7b,possessive_chain,they_coref,recursive,coreference,False,0.753090,-0.590709,-0.093541,-0.590709,-0.423619,-0.590709,ordinary
deepseek7b,deepseek7b,pp_chain,progressive,recursive,tense,False,0.789518,-0.219381,0.027191,-0.219381,0.016140,-0.219381,ordinary
deepseek7b,deepseek7b,pp_chain,relative_clause,recursive,recursive,True,0.901568,0.375871,-0.053486,0.375871,0.381692,-0.053486,category_curve_artifact_candidate
deepseek7b,deepseek7b,pp_chain,scope_quantifier,recursive,negation,False,0.852908,0.036808,-0.152743,0.036808,-0.032487,-0.152743,ordinary
deepseek7b,deepseek7b,pp_chain,she_coref,recursive,coreference,False,0.781480,-0.450116,0.052661,-0.450116,-0.282636,-0.450116,ordinary
deepseek7b,deepseek7b,pp_chain,syntactic_do_not,recursive,negation,False,0.828875,-0.006939,-0.063947,-0.006939,-0.049309,-0.063947,ordinary
deepseek7b,deepseek7b,pp_chain,target_language_switch,recursive,translation,False,0.731431,-0.642697,-0.230629,-0.642697,-0.518493,-0.642697,ordinary
deepseek7b,deepseek7b,pp_chain,they_coref,recursive,coreference,False,0.683403,-0.661704,-0.123760,-0.661704,-0.444970,-0.661704,stable_differentiation_candidate
deepseek7b,deepseek7b,progressive,relative_clause,tense,recursive,False,0.877530,-0.222907,-0.139073,-0.222907,0.053048,-0.222907,ordinary
deepseek7b,deepseek7b,progressive,scope_quantifier,tense,negation,False,0.874863,-0.173159,0.205302,-0.173159,-0.092868,-0.173159,ordinary
deepseek7b,deepseek7b,progressive,she_coref,tense,coreference,False,0.902451,0.113482,-0.010211,0.113482,-0.047321,-0.010211,category_curve_artifact_candidate
deepseek7b,deepseek7b,progressive,syntactic_do_not,tense,negation,False,0.848419,-0.214097,-0.239152,-0.214097,0.072750,-0.239152,ordinary
deepseek7b,deepseek7b,progressive,target_language_switch,tense,translation,False,0.875939,-0.020102,0.017293,-0.020102,-0.267294,-0.020102,ordinary
deepseek7b,deepseek7b,progressive,they_coref,tense,coreference,False,0.901063,0.325570,0.138930,0.325570,0.229801,0.138930,ordinary
deepseek7b,deepseek7b,relative_clause,scope_quantifier,recursive,negation,False,0.951796,0.393241,-0.312184,0.393241,0.181924,-0.312184,category_curve_artifact_candidate
deepseek7b,deepseek7b,relative_clause,she_coref,recursive,coreference,False,0.882304,-0.435628,-0.270764,-0.435628,-0.173671,-0.435628,ordinary
deepseek7b,deepseek7b,relative_clause,syntactic_do_not,recursive,negation,False,0.939687,0.391384,-0.075978,0.391384,0.010561,-0.075978,category_curve_artifact_candidate
deepseek7b,deepseek7b,relative_clause,target_language_switch,recursive,translation,False,0.866350,-0.433732,-0.114520,-0.433732,-0.376339,-0.433732,ordinary
deepseek7b,deepseek7b,relative_clause,they_coref,recursive,coreference,False,0.864007,-0.159948,0.464312,-0.159948,0.033159,-0.159948,ordinary
deepseek7b,deepseek7b,scope_quantifier,she_coref,negation,coreference,False,0.888985,-0.257823,0.023680,-0.257823,-0.119092,-0.257823,ordinary
deepseek7b,deepseek7b,scope_quantifier,syntactic_do_not,negation,negation,True,0.966400,0.685059,0.440829,0.685059,0.455189,0.440829,residual_stable_reuse_candidate
deepseek7b,deepseek7b,scope_quantifier,target_language_switch,negation,translation,False,0.879491,-0.206616,-0.083941,-0.206616,-0.114160,-0.206616,ordinary
deepseek7b,deepseek7b,scope_quantifier,they_coref,negation,coreference,False,0.864344,-0.093282,-0.125415,-0.093282,0.025293,-0.125415,ordinary
deepseek7b,deepseek7b,she_coref,syntactic_do_not,coreference,negation,False,0.861764,-0.305495,-0.046884,-0.305495,-0.126180,-0.305495,ordinary
deepseek7b,deepseek7b,she_coref,target_language_switch,coreference,translation,False,0.959595,0.611359,0.285346,0.611359,0.442187,0.285346,residual_stable_reuse_candidate
deepseek7b,deepseek7b,she_coref,they_coref,coreference,coreference,True,0.912335,0.325749,-0.234421,0.325749,0.112243,-0.234421,category_curve_artifact_candidate
deepseek7b,deepseek7b,syntactic_do_not,target_language_switch,negation,translation,False,0.844957,-0.314845,-0.239516,-0.314845,-0.162404,-0.314845,ordinary
deepseek7b,deepseek7b,syntactic_do_not,they_coref,negation,coreference,False,0.842884,-0.103812,-0.092103,-0.103812,0.021741,-0.103812,ordinary
deepseek7b,deepseek7b,target_language_switch,they_coref,translation,coreference,False,0.912563,0.378016,-0.317997,0.378016,-0.003044,-0.317997,category_curve_artifact_candidate
