a,b,category_a,category_b,same_category,raw_similarity,model_centered_similarity,category_centered_similarity,group_centered_similarity,zscore_similarity,min_centered_similarity,label
and_or,by_phrase,logical,passive,False,0.934009,0.334830,0.534184,0.334830,-0.146880,0.334830,ordinary
and_or,casual,logical,style,False,0.706254,-0.478286,-0.390177,-0.478286,-0.277648,-0.478286,ordinary
and_or,causal,logical,logical,True,0.944061,0.676911,0.507186,0.676911,0.362019,0.507186,residual_stable_reuse_candidate
and_or,center_embedding,logical,recursive,False,0.765935,-0.682162,-0.744799,-0.682162,-0.567733,-0.744799,ordinary
and_or,complement_clause,logical,recursive,False,0.712972,-0.207695,-0.238483,-0.207695,-0.229904,-0.238483,ordinary
and_or,concise,logical,style,False,0.845992,0.007016,0.280362,0.007016,0.220130,0.007016,ordinary
and_or,conditional,logical,logical,True,0.953250,0.593331,0.396144,0.593331,0.406096,0.396144,residual_stable_reuse_candidate
and_or,contrast,logical,logical,True,0.940078,0.524495,0.325599,0.524495,0.354418,0.325599,residual_stable_reuse_candidate
and_or,dative_passive,logical,passive,False,0.938016,0.395669,0.442747,0.395669,-0.061896,0.395669,ordinary
and_or,deep_complement,logical,recursive,False,0.861802,-0.489655,-0.027890,-0.489655,-0.315395,-0.489655,ordinary
and_or,deictic_switch,logical,coreference,False,0.901884,0.104195,0.121412,0.104195,0.346445,0.104195,ordinary
and_or,double_relative,logical,recursive,False,0.821190,-0.491007,-0.162540,-0.491007,-0.439413,-0.491007,ordinary
and_or,en_fr_phrase,logical,translation,False,0.881752,-0.156584,-0.198243,-0.156584,-0.072410,-0.198243,ordinary
and_or,en_fr_word,logical,translation,False,0.890027,-0.045942,-0.077329,-0.045942,0.072825,-0.077329,ordinary
and_or,en_zh_phrase,logical,translation,False,0.889619,0.036289,0.087044,0.036289,0.187601,0.036289,ordinary
and_or,en_zh_word,logical,translation,False,0.881219,0.002626,0.049774,0.002626,-0.027240,0.002626,ordinary
and_or,existential_no,logical,negation,False,0.935760,0.517406,0.285060,0.517406,0.265703,0.285060,residual_stable_reuse_candidate
and_or,formal,logical,style,False,0.887001,-0.354385,-0.019617,-0.354385,-0.072925,-0.354385,ordinary
and_or,future_will,logical,tense,False,0.813726,-0.298132,-0.045976,-0.298132,-0.222182,-0.298132,ordinary
and_or,get_passive,logical,passive,False,0.921568,0.230526,0.386140,0.230526,-0.182228,0.230526,ordinary
and_or,he_coref,logical,coreference,False,0.895491,0.165164,0.232204,0.165164,0.323346,0.165164,ordinary
and_or,inference,logical,logical,True,0.939485,0.548480,0.421722,0.548480,0.315941,0.421722,residual_stable_reuse_candidate
and_or,it_coref,logical,coreference,False,0.761516,-0.365202,-0.315886,-0.365202,-0.108139,-0.365202,ordinary
and_or,lexical_not_adj,logical,negation,False,0.937417,0.396148,-0.149492,0.396148,0.149655,-0.149492,category_curve_artifact_candidate
and_or,long_passive,logical,passive,False,0.780740,-0.533146,-0.656835,-0.533146,-0.477988,-0.656835,ordinary
and_or,morphological_neg,logical,negation,False,0.977517,0.805128,0.594509,0.805128,0.570777,0.594509,residual_stable_reuse_candidate
and_or,negated_condition,logical,logical,True,0.873113,-0.416675,-0.373979,-0.416675,-0.161635,-0.416675,ordinary
and_or,nested_condition,logical,logical,True,0.745453,-0.516830,-0.774566,-0.516830,-0.436687,-0.774566,ordinary
and_or,nested_contrast,logical,logical,True,0.755602,-0.530194,-0.675344,-0.530194,-0.407901,-0.675344,ordinary
and_or,nested_passive,logical,passive,False,0.789875,-0.514665,-0.534979,-0.514665,-0.356977,-0.534979,ordinary
and_or,never,logical,negation,False,0.946788,0.463557,-0.091421,0.463557,0.219068,-0.091421,category_curve_artifact_candidate
and_or,no_agent,logical,passive,False,0.856287,0.192274,0.255066,0.192274,0.133480,0.192274,ordinary
and_or,past_simple,logical,tense,False,0.864059,-0.069887,0.191816,-0.069887,0.232719,-0.069887,ordinary
and_or,perfect,logical,tense,False,0.828552,-0.335452,-0.092864,-0.335452,-0.254478,-0.335452,ordinary
and_or,poetic,logical,style,False,0.893819,0.001892,0.279021,0.001892,0.215862,0.001892,ordinary
and_or,possessive_chain,logical,recursive,False,0.890963,0.154407,0.501142,0.154407,-0.191452,0.154407,ordinary
and_or,pp_chain,logical,recursive,False,0.829498,-0.037132,-0.008433,-0.037132,-0.355896,-0.037132,ordinary
and_or,progressive,logical,tense,False,0.834317,-0.386506,-0.114702,-0.386506,-0.289051,-0.386506,ordinary
and_or,relative_clause,logical,recursive,False,0.959353,0.569632,0.803637,0.569632,0.150860,0.569632,residual_stable_reuse_candidate
and_or,scope_quantifier,logical,negation,False,0.913144,0.114921,-0.419647,0.114921,-0.095654,-0.419647,category_curve_artifact_candidate
and_or,she_coref,logical,coreference,False,0.874274,-0.247599,-0.292975,-0.247599,-0.001608,-0.292975,ordinary
and_or,syntactic_do_not,logical,negation,False,0.905064,0.181057,-0.270119,0.181057,-0.047350,-0.270119,category_curve_artifact_candidate
and_or,target_language_switch,logical,translation,False,0.897769,0.092569,0.089600,0.092569,0.289137,0.089600,ordinary
and_or,they_coref,logical,coreference,False,0.873888,0.082521,0.323530,0.082521,0.145405,0.082521,ordinary
by_phrase,casual,passive,style,False,0.763053,-0.261441,-0.081983,-0.261441,-0.171140,-0.261441,ordinary
by_phrase,causal,passive,logical,False,0.889489,0.266713,0.301255,0.266713,-0.037082,0.266713,ordinary
by_phrase,center_embedding,passive,recursive,False,0.836000,-0.290146,-0.630626,-0.290146,0.018586,-0.630626,ordinary
by_phrase,complement_clause,passive,recursive,False,0.770565,0.018307,-0.215665,0.018307,-0.160400,-0.215665,ordinary
by_phrase,concise,passive,style,False,0.821422,-0.267842,0.142662,-0.267842,-0.234186,-0.267842,ordinary
by_phrase,conditional,passive,logical,False,0.923283,0.258829,0.417926,0.258829,-0.327688,0.258829,ordinary
by_phrase,contrast,passive,logical,False,0.921826,0.318807,0.261815,0.318807,0.089630,0.261815,ordinary
by_phrase,dative_passive,passive,passive,True,0.962292,0.584115,0.385154,0.584115,0.439978,0.385154,residual_stable_reuse_candidate
by_phrase,deep_complement,passive,recursive,False,0.898653,-0.243593,-0.055950,-0.243593,0.082687,-0.243593,ordinary
by_phrase,deictic_switch,passive,coreference,False,0.847342,-0.565027,-0.309352,-0.565027,-0.503023,-0.565027,ordinary
by_phrase,double_relative,passive,recursive,False,0.876355,-0.144758,-0.129962,-0.144758,0.280955,-0.144758,ordinary
by_phrase,en_fr_phrase,passive,translation,False,0.890108,-0.214268,0.206897,-0.214268,-0.015712,-0.214268,ordinary
by_phrase,en_fr_word,passive,translation,False,0.866809,-0.427376,-0.172806,-0.427376,-0.289210,-0.427376,ordinary
by_phrase,en_zh_phrase,passive,translation,False,0.858769,-0.378789,-0.027501,-0.378789,-0.325935,-0.378789,ordinary
by_phrase,en_zh_word,passive,translation,False,0.872486,-0.191607,0.031867,-0.191607,0.057444,-0.191607,ordinary
by_phrase,existential_no,passive,negation,False,0.927270,0.407097,0.316648,0.407097,0.101634,0.316648,residual_stable_reuse_candidate
by_phrase,formal,passive,style,False,0.889886,-0.524068,-0.068368,-0.524068,-0.205020,-0.524068,ordinary
by_phrase,future_will,passive,tense,False,0.851692,-0.125763,0.021467,-0.125763,0.091210,-0.125763,ordinary
by_phrase,get_passive,passive,passive,True,0.981411,0.793976,0.703760,0.793976,0.504533,0.703760,residual_stable_reuse_candidate
by_phrase,he_coref,passive,coreference,False,0.837708,-0.445118,-0.192162,-0.445118,-0.344170,-0.445118,ordinary
by_phrase,inference,passive,logical,False,0.913618,0.292343,0.444557,0.292343,-0.201131,0.292343,ordinary
by_phrase,it_coref,passive,coreference,False,0.817707,-0.108068,0.045162,-0.108068,-0.140431,-0.108068,ordinary
by_phrase,lexical_not_adj,passive,negation,False,0.966810,0.638891,0.123699,0.638891,0.487680,0.123699,ordinary
by_phrase,long_passive,passive,passive,True,0.842165,-0.202319,-0.665186,-0.202319,0.290534,-0.665186,ordinary
by_phrase,morphological_neg,passive,negation,False,0.946341,0.486326,0.367348,0.486326,0.142480,0.367348,residual_stable_reuse_candidate
by_phrase,negated_condition,passive,logical,False,0.889232,-0.413921,-0.276619,-0.413921,-0.119625,-0.413921,ordinary
by_phrase,nested_condition,passive,logical,False,0.799512,-0.285435,-0.612646,-0.285435,0.030434,-0.612646,ordinary
by_phrase,nested_contrast,passive,logical,False,0.812145,-0.270199,-0.475258,-0.270199,-0.073737,-0.475258,ordinary
by_phrase,nested_passive,passive,passive,True,0.836737,-0.290775,-0.592983,-0.290775,-0.038725,-0.592983,ordinary
by_phrase,never,passive,negation,False,0.945613,0.373271,-0.350058,0.373271,0.063032,-0.350058,category_curve_artifact_candidate
by_phrase,no_agent,passive,passive,True,0.853357,0.114883,-0.064863,0.114883,-0.022109,-0.064863,ordinary
by_phrase,past_simple,passive,tense,False,0.828170,-0.504935,-0.245215,-0.504935,-0.377061,-0.504935,ordinary
by_phrase,perfect,passive,tense,False,0.871922,-0.098618,0.100539,-0.098618,0.214033,-0.098618,ordinary
by_phrase,poetic,passive,style,False,0.866325,-0.414228,-0.002648,-0.414228,-0.187193,-0.414228,ordinary
by_phrase,possessive_chain,passive,recursive,False,0.919045,0.318276,0.425967,0.318276,0.092444,0.318276,ordinary
by_phrase,pp_chain,passive,recursive,False,0.889414,0.306905,0.083121,0.306905,0.255306,0.083121,ordinary
by_phrase,progressive,passive,tense,False,0.898840,0.062921,0.181975,0.062921,0.356038,0.062921,ordinary
by_phrase,relative_clause,passive,recursive,False,0.974115,0.679490,0.644406,0.679490,0.457408,0.644406,residual_stable_reuse_candidate
by_phrase,scope_quantifier,passive,negation,False,0.943861,0.349170,-0.373390,0.349170,0.105509,-0.373390,category_curve_artifact_candidate
by_phrase,she_coref,passive,coreference,False,0.879187,-0.356088,-0.063069,-0.356088,-0.164558,-0.356088,ordinary
by_phrase,syntactic_do_not,passive,negation,False,0.930841,0.340403,-0.198339,0.340403,0.001476,-0.198339,category_curve_artifact_candidate
by_phrase,target_language_switch,passive,translation,False,0.857735,-0.414067,-0.041593,-0.414067,-0.362469,-0.414067,ordinary
by_phrase,they_coref,passive,coreference,False,0.876765,0.018527,0.436490,0.018527,0.237005,0.018527,ordinary
casual,causal,style,logical,False,0.646012,-0.403061,-0.296502,-0.403061,-0.090840,-0.403061,stable_differentiation_candidate
casual,center_embedding,style,recursive,False,0.838326,0.328374,0.244891,0.328374,-0.004017,0.244891,ordinary
casual,complement_clause,style,recursive,False,0.751648,0.271755,0.397829,0.271755,0.151285,0.271755,ordinary
casual,concise,style,style,True,0.734114,-0.061698,-0.534459,-0.061698,-0.030858,-0.534459,ordinary
casual,conditional,style,logical,False,0.747977,-0.218770,-0.032144,-0.218770,0.014626,-0.218770,ordinary
casual,contrast,style,logical,False,0.710844,-0.333027,-0.177433,-0.333027,-0.126223,-0.333027,ordinary
casual,dative_passive,style,passive,False,0.760732,-0.244607,-0.088767,-0.244607,-0.139600,-0.244607,ordinary
casual,deep_complement,style,recursive,False,0.822923,0.078693,-0.191516,0.078693,-0.147768,-0.191516,ordinary
casual,deictic_switch,style,coreference,False,0.774638,-0.111303,-0.264079,-0.111303,-0.151760,-0.264079,ordinary
casual,double_relative,style,recursive,False,0.792047,0.039385,-0.156358,0.039385,-0.103687,-0.156358,ordinary
casual,en_fr_phrase,style,translation,False,0.777404,-0.146149,0.065526,-0.146149,-0.105586,-0.146149,ordinary
casual,en_fr_word,style,translation,False,0.787983,-0.064415,0.159839,-0.064415,-0.036850,-0.064415,ordinary
casual,en_zh_phrase,style,translation,False,0.769157,-0.109000,0.018292,-0.109000,-0.028568,-0.109000,ordinary
casual,en_zh_word,style,translation,False,0.730567,-0.278422,-0.258426,-0.278422,-0.404660,-0.278422,ordinary
casual,existential_no,style,negation,False,0.778169,0.024320,0.279698,0.024320,0.163209,0.024320,ordinary
casual,formal,style,style,True,0.823942,0.031241,-0.489304,0.031241,-0.239280,-0.489304,ordinary
casual,future_will,style,tense,False,0.829324,0.299288,0.281743,0.299288,0.363213,0.281743,ordinary
casual,get_passive,style,passive,False,0.788936,-0.080885,0.160696,-0.080885,-0.049142,-0.080885,ordinary
casual,he_coref,style,coreference,False,0.758059,-0.103451,-0.150946,-0.103451,-0.055527,-0.150946,ordinary
casual,inference,style,logical,False,0.749445,-0.106634,0.133567,-0.106634,0.224054,-0.106634,ordinary
casual,it_coref,style,coreference,False,0.822493,0.353899,0.402950,0.353899,0.276180,0.353899,ordinary
casual,lexical_not_adj,style,negation,False,0.766082,-0.203722,-0.036361,-0.203722,-0.140965,-0.203722,ordinary
casual,long_passive,style,passive,False,0.798751,0.167473,0.110169,0.167473,-0.181089,0.110169,ordinary
casual,morphological_neg,style,negation,False,0.717647,-0.377180,-0.290529,-0.377180,-0.158169,-0.377180,ordinary
casual,negated_condition,style,logical,False,0.826018,0.082353,-0.016489,0.082353,-0.201755,-0.016489,ordinary
casual,nested_condition,style,logical,False,0.793398,0.229095,0.254264,0.229095,-0.107157,0.229095,ordinary
casual,nested_contrast,style,logical,False,0.804746,0.247857,0.240116,0.247857,-0.014017,0.240116,ordinary
casual,nested_passive,style,passive,False,0.814877,0.222880,0.142614,0.222880,-0.144477,0.142614,ordinary
casual,never,style,negation,False,0.767050,-0.239498,-0.083303,-0.239498,-0.141880,-0.239498,ordinary
casual,no_agent,style,passive,False,0.671419,-0.215286,-0.208187,-0.215286,-0.004378,-0.215286,stable_differentiation_candidate
casual,past_simple,style,tense,False,0.807757,0.146827,-0.121898,0.146827,0.199146,-0.121898,ordinary
casual,perfect,style,tense,False,0.838472,0.298592,0.261181,0.298592,0.344597,0.261181,ordinary
casual,poetic,style,style,True,0.781373,-0.094241,-0.552660,-0.094241,-0.018852,-0.552660,ordinary
casual,possessive_chain,style,recursive,False,0.758467,-0.081338,-0.182058,-0.081338,-0.062759,-0.182058,ordinary
casual,pp_chain,style,recursive,False,0.734346,-0.020370,0.032366,-0.020370,-0.121254,-0.020370,ordinary
casual,progressive,style,tense,False,0.796242,0.058494,-0.210774,0.058494,0.097478,-0.210774,ordinary
casual,relative_clause,style,recursive,False,0.758169,-0.364956,-0.304556,-0.364956,-0.257006,-0.364956,ordinary
casual,scope_quantifier,style,negation,False,0.776683,-0.184253,0.014153,-0.184253,-0.161122,-0.184253,ordinary
casual,she_coref,style,coreference,False,0.806482,0.018349,0.050415,0.018349,0.079078,0.018349,ordinary
casual,syntactic_do_not,style,negation,False,0.756467,-0.166974,0.062434,-0.166974,0.001124,-0.166974,ordinary
casual,target_language_switch,style,translation,False,0.786798,-0.026066,0.068201,-0.026066,0.008713,-0.026066,ordinary
casual,they_coref,style,coreference,False,0.718625,-0.217875,-0.233117,-0.217875,-0.202530,-0.233117,ordinary
causal,center_embedding,logical,recursive,False,0.718731,-0.500225,-0.560969,-0.500225,-0.449317,-0.560969,ordinary
causal,complement_clause,logical,recursive,False,0.649983,-0.208724,-0.277565,-0.208724,-0.265217,-0.277565,stable_differentiation_candidate
causal,concise,logical,style,False,0.789091,-0.042233,0.200533,-0.042233,0.051167,-0.042233,ordinary
causal,conditional,logical,logical,True,0.906605,0.439870,0.175687,0.439870,0.307516,0.175687,ordinary
causal,contrast,logical,logical,True,0.936762,0.645021,0.493070,0.645021,0.501536,0.493070,residual_stable_reuse_candidate
causal,dative_passive,logical,passive,False,0.892984,0.306905,0.238303,0.306905,-0.108480,0.238303,ordinary
causal,deep_complement,logical,recursive,False,0.823701,-0.285711,0.027004,-0.285711,-0.172143,-0.285711,ordinary
causal,deictic_switch,logical,coreference,False,0.840421,-0.018352,0.042961,-0.018352,0.073599,-0.018352,ordinary
causal,double_relative,logical,recursive,False,0.803010,-0.181754,0.079134,-0.181754,-0.195470,-0.181754,ordinary
causal,en_fr_phrase,logical,translation,False,0.830847,-0.140816,-0.051227,-0.140816,-0.010181,-0.140816,ordinary
causal,en_fr_word,logical,translation,False,0.820793,-0.186986,-0.233067,-0.186986,-0.097288,-0.233067,ordinary
causal,en_zh_phrase,logical,translation,False,0.834500,-0.023417,0.095622,-0.023417,0.181502,-0.023417,ordinary
causal,en_zh_word,logical,translation,False,0.826351,-0.044763,0.062185,-0.044763,-0.051224,-0.044763,ordinary
causal,existential_no,logical,negation,False,0.896451,0.425163,0.328444,0.425163,0.325483,0.328444,ordinary
causal,formal,logical,style,False,0.819223,-0.447089,-0.148139,-0.447089,-0.438942,-0.447089,ordinary
causal,future_will,logical,tense,False,0.763263,-0.235340,-0.039463,-0.235340,-0.099856,-0.235340,ordinary
causal,get_passive,logical,passive,False,0.863226,0.089417,0.064211,0.089417,-0.120611,0.064211,ordinary
causal,he_coref,logical,coreference,False,0.826661,-0.005938,0.068615,-0.005938,0.160609,-0.005938,ordinary
causal,inference,logical,logical,True,0.885536,0.365254,0.162395,0.365254,0.236064,0.162395,ordinary
causal,it_coref,logical,coreference,False,0.694345,-0.356504,-0.285585,-0.356504,-0.051012,-0.356504,stable_differentiation_candidate
causal,lexical_not_adj,logical,negation,False,0.909996,0.432305,0.154931,0.432305,0.178172,0.154931,ordinary
causal,long_passive,logical,passive,False,0.766398,-0.219001,-0.305463,-0.219001,-0.247832,-0.305463,ordinary
causal,morphological_neg,logical,negation,False,0.915933,0.499942,0.323361,0.499942,0.221775,0.323361,residual_stable_reuse_candidate
causal,negated_condition,logical,logical,True,0.792219,-0.586301,-0.626108,-0.586301,-0.430688,-0.626108,ordinary
causal,nested_condition,logical,logical,True,0.718146,-0.287877,-0.509083,-0.287877,-0.310823,-0.509083,ordinary
causal,nested_contrast,logical,logical,True,0.686826,-0.491476,-0.663477,-0.491476,-0.463734,-0.663477,stable_differentiation_candidate
causal,nested_passive,logical,passive,False,0.710585,-0.549575,-0.657868,-0.549575,-0.515762,-0.657868,ordinary
causal,never,logical,negation,False,0.895574,0.311047,-0.049517,0.311047,0.101176,-0.049517,ordinary
causal,no_agent,logical,passive,False,0.872858,0.429370,0.484432,0.429370,0.420215,0.429370,ordinary
causal,past_simple,logical,tense,False,0.802218,-0.135919,0.037598,-0.135919,0.079677,-0.135919,ordinary
causal,perfect,logical,tense,False,0.777340,-0.268736,-0.085653,-0.268736,-0.126934,-0.268736,ordinary
causal,poetic,logical,style,False,0.850671,0.030156,0.327732,0.030156,0.259949,0.030156,ordinary
causal,possessive_chain,logical,recursive,False,0.834632,0.061412,0.228886,0.061412,-0.229922,0.061412,ordinary
causal,pp_chain,logical,recursive,False,0.801219,0.062558,0.139698,0.062558,-0.218764,0.062558,ordinary
causal,progressive,logical,tense,False,0.798092,-0.215492,0.035918,-0.215492,-0.038520,-0.215492,ordinary
causal,relative_clause,logical,recursive,False,0.902561,0.340841,0.467959,0.340841,-0.080431,0.340841,ordinary
causal,scope_quantifier,logical,negation,False,0.851290,-0.025433,-0.405711,-0.025433,-0.172149,-0.405711,ordinary
causal,she_coref,logical,coreference,False,0.829050,-0.166493,-0.066235,-0.166493,0.024282,-0.166493,ordinary
causal,syntactic_do_not,logical,negation,False,0.832092,-0.029780,-0.406536,-0.029780,-0.179925,-0.406536,ordinary
causal,target_language_switch,logical,translation,False,0.841403,0.008961,0.073001,0.008961,0.059656,0.008961,ordinary
causal,they_coref,logical,coreference,False,0.829837,0.078374,0.346312,0.078374,0.137524,0.078374,ordinary
center_embedding,complement_clause,recursive,recursive,True,0.853426,0.503372,0.015125,0.503372,0.428754,0.015125,ordinary
center_embedding,concise,recursive,style,False,0.787486,-0.150030,-0.129906,-0.150030,-0.191814,-0.150030,ordinary
center_embedding,conditional,recursive,logical,False,0.785035,-0.493786,-0.536438,-0.493786,-0.340257,-0.536438,ordinary
center_embedding,contrast,recursive,logical,False,0.771236,-0.479138,-0.560695,-0.479138,-0.486088,-0.560695,ordinary
center_embedding,dative_passive,recursive,passive,False,0.859718,-0.064167,-0.429283,-0.064167,0.240700,-0.429283,ordinary
center_embedding,deep_complement,recursive,recursive,True,0.921618,0.393340,0.173213,0.393340,0.329512,0.173213,ordinary
center_embedding,deictic_switch,recursive,coreference,False,0.837923,-0.167322,-0.080398,-0.167322,-0.187426,-0.167322,ordinary
center_embedding,double_relative,recursive,recursive,True,0.923481,0.494006,0.246649,0.494006,0.376289,0.246649,residual_stable_reuse_candidate
center_embedding,en_fr_phrase,recursive,translation,False,0.837240,-0.242425,0.019693,-0.242425,-0.209008,-0.242425,ordinary
center_embedding,en_fr_word,recursive,translation,False,0.846095,-0.145399,0.172001,-0.145399,-0.172155,-0.145399,ordinary
center_embedding,en_zh_phrase,recursive,translation,False,0.803509,-0.367174,-0.189047,-0.367174,-0.360239,-0.367174,ordinary
center_embedding,en_zh_word,recursive,translation,False,0.820779,-0.205697,-0.007345,-0.205697,0.073502,-0.205697,ordinary
center_embedding,existential_no,recursive,negation,False,0.733174,-0.656647,-0.231902,-0.656647,-0.541896,-0.656647,ordinary
center_embedding,formal,recursive,style,False,0.922209,0.366429,0.084674,0.366429,0.356488,0.084674,ordinary
center_embedding,future_will,recursive,tense,False,0.814097,-0.067018,0.064323,-0.067018,0.000256,-0.067018,ordinary
center_embedding,get_passive,recursive,passive,False,0.835220,-0.263443,-0.431338,-0.263443,-0.011152,-0.431338,ordinary
center_embedding,he_coref,recursive,coreference,False,0.810551,-0.224668,-0.051342,-0.224668,-0.284715,-0.224668,ordinary
center_embedding,inference,recursive,logical,False,0.737557,-0.623498,-0.494981,-0.623498,-0.490102,-0.623498,ordinary
center_embedding,it_coref,recursive,coreference,False,0.805299,0.065329,0.199761,0.065329,-0.027766,0.065329,ordinary
center_embedding,lexical_not_adj,recursive,negation,False,0.834654,-0.250290,0.063624,-0.250290,-0.190121,-0.250290,ordinary
center_embedding,long_passive,recursive,passive,False,0.958391,0.761367,0.716149,0.761367,0.584158,0.716149,residual_stable_reuse_candidate
center_embedding,morphological_neg,recursive,negation,False,0.748077,-0.750945,-0.368597,-0.750945,-0.568644,-0.750945,ordinary
center_embedding,negated_condition,recursive,logical,False,0.924992,0.413113,0.511606,0.413113,0.431211,0.413113,residual_stable_reuse_candidate
center_embedding,nested_condition,recursive,logical,False,0.973813,0.880625,0.771146,0.880625,0.766230,0.771146,residual_stable_reuse_candidate
center_embedding,nested_contrast,recursive,logical,False,0.969018,0.844707,0.776581,0.844707,0.772101,0.776581,residual_stable_reuse_candidate
center_embedding,nested_passive,recursive,passive,False,0.961926,0.775492,0.735295,0.775492,0.701284,0.735295,residual_stable_reuse_candidate
center_embedding,never,recursive,negation,False,0.831925,-0.327240,0.017309,-0.327240,-0.230259,-0.327240,ordinary
center_embedding,no_agent,recursive,passive,False,0.709585,-0.423998,-0.406255,-0.423998,-0.363993,-0.423998,ordinary
center_embedding,past_simple,recursive,tense,False,0.821374,-0.138630,-0.101273,-0.138630,-0.268578,-0.138630,ordinary
center_embedding,perfect,recursive,tense,False,0.831694,-0.061921,-0.061724,-0.061921,-0.054171,-0.061921,ordinary
center_embedding,poetic,recursive,style,False,0.857873,-0.044965,-0.289153,-0.044965,-0.231043,-0.289153,ordinary
center_embedding,possessive_chain,recursive,recursive,True,0.889335,0.302758,-0.541579,0.302758,0.500152,-0.541579,ordinary
center_embedding,pp_chain,recursive,recursive,True,0.907722,0.529801,-0.152945,0.529801,0.645744,-0.152945,category_curve_artifact_candidate
center_embedding,progressive,recursive,tense,False,0.875411,0.167745,0.095793,0.167745,0.119009,0.095793,ordinary
center_embedding,relative_clause,recursive,recursive,True,0.838032,-0.360759,-0.768302,-0.360759,-0.014355,-0.768302,ordinary
center_embedding,scope_quantifier,recursive,negation,False,0.851248,-0.173367,0.353065,-0.173367,0.004788,-0.173367,ordinary
center_embedding,she_coref,recursive,coreference,False,0.874282,0.039871,0.182930,0.039871,-0.129447,0.039871,ordinary
center_embedding,syntactic_do_not,recursive,negation,False,0.812790,-0.288912,0.201563,-0.288912,0.003966,-0.288912,ordinary
center_embedding,target_language_switch,recursive,translation,False,0.818299,-0.280724,-0.000097,-0.280724,-0.303220,-0.280724,ordinary
center_embedding,they_coref,recursive,coreference,False,0.753328,-0.476850,-0.298597,-0.476850,-0.391024,-0.476850,ordinary
complement_clause,concise,recursive,style,False,0.610441,-0.366173,-0.287758,-0.366173,-0.156413,-0.366173,stable_differentiation_candidate
complement_clause,conditional,recursive,logical,False,0.742178,-0.042743,-0.051186,-0.042743,-0.081544,-0.051186,ordinary
complement_clause,contrast,recursive,logical,False,0.731835,-0.039902,-0.072673,-0.039902,-0.303423,-0.072673,ordinary
complement_clause,dative_passive,recursive,passive,False,0.824063,0.319668,0.135767,0.319668,0.295307,0.135767,ordinary
complement_clause,deep_complement,recursive,recursive,True,0.754658,-0.106937,-0.520444,-0.106937,0.118650,-0.520444,ordinary
complement_clause,deictic_switch,recursive,coreference,False,0.693712,-0.310305,0.043370,-0.310305,-0.015137,-0.310305,stable_differentiation_candidate
complement_clause,double_relative,recursive,recursive,True,0.726628,-0.087740,-0.626242,-0.087740,-0.035888,-0.626242,ordinary
complement_clause,en_fr_phrase,recursive,translation,False,0.653010,-0.587649,-0.146708,-0.587649,-0.414655,-0.587649,stable_differentiation_candidate
complement_clause,en_fr_word,recursive,translation,False,0.686507,-0.383301,0.231965,-0.383301,-0.146254,-0.383301,stable_differentiation_candidate
complement_clause,en_zh_phrase,recursive,translation,False,0.637246,-0.539955,-0.063267,-0.539955,-0.299220,-0.539955,stable_differentiation_candidate
complement_clause,en_zh_word,recursive,translation,False,0.636636,-0.502337,-0.127541,-0.502337,-0.254781,-0.502337,stable_differentiation_candidate
complement_clause,existential_no,recursive,negation,False,0.688421,-0.193105,-0.173786,-0.193105,-0.323104,-0.193105,stable_differentiation_candidate
complement_clause,formal,recursive,style,False,0.758825,-0.153081,-0.178461,-0.153081,0.120609,-0.178461,ordinary
complement_clause,future_will,recursive,tense,False,0.652788,-0.265295,0.002674,-0.265295,-0.173632,-0.265295,stable_differentiation_candidate
complement_clause,get_passive,recursive,passive,False,0.794347,0.160260,0.087672,0.160260,0.029754,0.087672,ordinary
complement_clause,he_coref,recursive,coreference,False,0.660119,-0.352458,-0.000139,-0.352458,-0.191767,-0.352458,stable_differentiation_candidate
complement_clause,inference,recursive,logical,False,0.691491,-0.177252,-0.101177,-0.177252,-0.111194,-0.177252,stable_differentiation_candidate
complement_clause,it_coref,recursive,coreference,False,0.679053,-0.028821,0.262683,-0.028821,0.078799,-0.028821,stable_differentiation_candidate
complement_clause,lexical_not_adj,recursive,negation,False,0.757645,-0.026055,-0.272507,-0.026055,-0.313720,-0.272507,ordinary
complement_clause,long_passive,recursive,passive,False,0.785616,0.246177,-0.077615,0.246177,0.080253,-0.077615,ordinary
complement_clause,morphological_neg,recursive,negation,False,0.697239,-0.253211,-0.314030,-0.253211,-0.353572,-0.314030,stable_differentiation_candidate
complement_clause,negated_condition,recursive,logical,False,0.780311,0.027465,-0.109144,0.027465,0.306262,-0.109144,ordinary
complement_clause,nested_condition,recursive,logical,False,0.848310,0.518505,0.257780,0.518505,0.464233,0.257780,ordinary
complement_clause,nested_contrast,recursive,logical,False,0.856162,0.535827,0.318130,0.535827,0.562738,0.318130,ordinary
complement_clause,nested_passive,recursive,passive,False,0.831968,0.417839,0.191285,0.417839,0.461088,0.191285,ordinary
complement_clause,never,recursive,negation,False,0.817373,0.275443,0.285386,0.275443,0.080731,0.275443,ordinary
complement_clause,no_agent,recursive,passive,False,0.654609,-0.121221,-0.115625,-0.121221,-0.216323,-0.121221,stable_differentiation_candidate
complement_clause,past_simple,recursive,tense,False,0.671898,-0.287664,-0.004689,-0.287664,-0.130093,-0.287664,stable_differentiation_candidate
complement_clause,perfect,recursive,tense,False,0.680975,-0.239388,0.050563,-0.239388,-0.158860,-0.239388,stable_differentiation_candidate
complement_clause,poetic,recursive,style,False,0.722501,-0.189285,-0.133988,-0.189285,-0.069184,-0.189285,ordinary
complement_clause,possessive_chain,recursive,recursive,True,0.852401,0.487987,-0.048054,0.487987,0.481500,-0.048054,ordinary
complement_clause,pp_chain,recursive,recursive,True,0.873271,0.597355,0.174429,0.597355,0.424724,0.174429,ordinary
complement_clause,progressive,recursive,tense,False,0.705641,-0.185276,-0.025368,-0.185276,-0.091979,-0.185276,ordinary
complement_clause,relative_clause,recursive,recursive,True,0.783462,0.055637,-0.359320,0.055637,-0.058687,-0.359320,ordinary
complement_clause,scope_quantifier,recursive,negation,False,0.819613,0.286672,0.290433,0.286672,0.237827,0.286672,ordinary
complement_clause,she_coref,recursive,coreference,False,0.703831,-0.330655,-0.037564,-0.330655,-0.255301,-0.330655,ordinary
complement_clause,syntactic_do_not,recursive,negation,False,0.789970,0.185729,0.267499,0.185729,0.146906,0.185729,ordinary
complement_clause,target_language_switch,recursive,translation,False,0.661101,-0.443226,0.103962,-0.443226,-0.188373,-0.443226,stable_differentiation_candidate
complement_clause,they_coref,recursive,coreference,False,0.570001,-0.638097,-0.378894,-0.638097,-0.520537,-0.638097,stable_differentiation_candidate
concise,conditional,style,logical,False,0.833320,-0.048102,0.165312,-0.048102,0.174872,-0.048102,ordinary
concise,contrast,style,logical,False,0.823644,-0.041006,0.192062,-0.041006,0.087746,-0.041006,ordinary
concise,dative_passive,style,passive,False,0.804440,-0.356197,-0.040967,-0.356197,-0.267652,-0.356197,ordinary
concise,deep_complement,style,recursive,False,0.877696,0.125275,0.253315,0.125275,-0.039247,0.125275,ordinary
concise,deictic_switch,style,coreference,False,0.891379,0.308218,-0.056784,0.308218,0.199738,-0.056784,ordinary
concise,double_relative,style,recursive,False,0.836349,0.005095,0.190851,0.005095,-0.233369,0.005095,ordinary
concise,en_fr_phrase,style,translation,False,0.881572,0.206582,-0.009992,0.206582,-0.006419,-0.009992,ordinary
concise,en_fr_word,style,translation,False,0.875615,0.178621,-0.149346,0.178621,0.022963,-0.149346,ordinary
concise,en_zh_phrase,style,translation,False,0.875736,0.225707,-0.039405,0.225707,0.176145,-0.039405,ordinary
concise,en_zh_word,style,translation,False,0.876388,0.250155,0.074706,0.250155,-0.018715,0.074706,ordinary
concise,existential_no,style,negation,False,0.804672,-0.112278,0.005316,-0.112278,0.051446,-0.112278,ordinary
concise,formal,style,style,True,0.890889,0.183683,-0.223269,0.183683,-0.001412,-0.223269,ordinary
concise,future_will,style,tense,False,0.820706,0.050614,-0.054993,0.050614,-0.077730,-0.054993,ordinary
concise,get_passive,style,passive,False,0.817331,-0.267486,0.109738,-0.267486,-0.220473,-0.267486,ordinary
concise,he_coref,style,coreference,False,0.865039,0.206774,-0.055185,0.206774,0.159492,-0.055185,ordinary
concise,inference,style,logical,False,0.804099,-0.111860,0.099546,-0.111860,0.045093,-0.111860,ordinary
concise,it_coref,style,coreference,False,0.831227,0.243389,-0.020723,0.243389,0.189583,-0.020723,ordinary
concise,lexical_not_adj,style,negation,False,0.831510,-0.148546,-0.003195,-0.148546,-0.001404,-0.148546,ordinary
concise,long_passive,style,passive,False,0.793290,-0.094851,-0.166999,-0.094851,-0.190331,-0.166999,ordinary
concise,morphological_neg,style,negation,False,0.833436,-0.046098,0.241527,-0.046098,0.167380,-0.046098,ordinary
concise,negated_condition,style,logical,False,0.879083,0.116521,-0.103740,0.116521,-0.099786,-0.103740,ordinary
concise,nested_condition,style,logical,False,0.753162,-0.142893,-0.261594,-0.142893,-0.203590,-0.261594,ordinary
concise,nested_contrast,style,logical,False,0.764254,-0.138403,-0.275614,-0.138403,-0.098552,-0.275614,ordinary
concise,nested_passive,style,passive,False,0.793151,-0.123433,-0.219350,-0.123433,-0.157238,-0.219350,ordinary
concise,never,style,negation,False,0.823807,-0.252929,-0.166986,-0.252929,-0.028469,-0.252929,ordinary
concise,no_agent,style,passive,False,0.790583,0.045795,0.209616,0.045795,0.101598,0.045795,ordinary
concise,past_simple,style,tense,False,0.859464,0.183245,0.095505,0.183245,0.101427,0.095505,ordinary
concise,perfect,style,tense,False,0.826644,-0.001354,-0.210750,-0.001354,-0.233703,-0.210750,ordinary
concise,poetic,style,style,True,0.861492,0.086144,-0.274393,0.086144,0.004750,-0.274393,ordinary
concise,possessive_chain,style,recursive,False,0.767801,-0.345152,-0.066322,-0.345152,-0.239353,-0.345152,ordinary
concise,pp_chain,style,recursive,False,0.706216,-0.405113,-0.171041,-0.405113,-0.301162,-0.405113,ordinary
concise,progressive,style,tense,False,0.855256,0.120328,0.056924,0.120328,-0.160455,0.056924,ordinary
concise,relative_clause,style,recursive,False,0.829673,-0.281577,0.263566,-0.281577,-0.230405,-0.281577,ordinary
concise,scope_quantifier,style,negation,False,0.831253,-0.201445,-0.061986,-0.201445,-0.124703,-0.201445,ordinary
concise,she_coref,style,coreference,False,0.881689,0.200129,-0.133566,0.200129,0.010067,-0.133566,ordinary
concise,syntactic_do_not,style,negation,False,0.806408,-0.214013,-0.044956,-0.214013,-0.305492,-0.214013,ordinary
concise,target_language_switch,style,translation,False,0.895276,0.346154,0.063864,0.346154,0.290396,0.063864,ordinary
concise,they_coref,style,coreference,False,0.869020,0.280267,0.232165,0.280267,0.059862,0.232165,ordinary
conditional,contrast,logical,logical,True,0.938619,0.526972,0.343358,0.526972,0.402189,0.343358,residual_stable_reuse_candidate
conditional,dative_passive,logical,passive,False,0.924676,0.295190,0.304783,0.295190,-0.232783,0.295190,ordinary
conditional,deep_complement,logical,recursive,False,0.877842,-0.259014,0.078225,-0.259014,-0.163950,-0.259014,ordinary
conditional,deictic_switch,logical,coreference,False,0.901479,0.133986,0.152336,0.133986,0.364337,0.133986,ordinary
conditional,double_relative,logical,recursive,False,0.817206,-0.471415,-0.252515,-0.471415,-0.421895,-0.471415,ordinary
conditional,en_fr_phrase,logical,translation,False,0.881999,-0.108719,0.111913,-0.108719,-0.031307,-0.108719,ordinary
conditional,en_fr_word,logical,translation,False,0.867587,-0.211568,-0.202256,-0.211568,0.019372,-0.211568,ordinary
conditional,en_zh_phrase,logical,translation,False,0.881522,0.002304,0.238533,0.002304,0.243010,0.002304,ordinary
conditional,en_zh_word,logical,translation,False,0.843880,-0.266237,-0.264790,-0.266237,-0.292509,-0.266237,ordinary
conditional,existential_no,logical,negation,False,0.931746,0.500256,0.317181,0.500256,0.204603,0.317181,residual_stable_reuse_candidate
conditional,formal,logical,style,False,0.875636,-0.427321,-0.167391,-0.427321,-0.161830,-0.427321,ordinary
conditional,future_will,logical,tense,False,0.811860,-0.271235,-0.033886,-0.271235,-0.190939,-0.271235,ordinary
conditional,get_passive,logical,passive,False,0.916216,0.211427,0.359222,0.211427,-0.291822,0.211427,ordinary
conditional,he_coref,logical,coreference,False,0.863833,-0.053781,-0.098324,-0.053781,0.256078,-0.098324,ordinary
conditional,inference,logical,logical,True,0.943760,0.591571,0.484637,0.591571,0.422212,0.484637,residual_stable_reuse_candidate
conditional,it_coref,logical,coreference,False,0.794161,-0.136583,-0.005427,-0.136583,-0.054394,-0.136583,ordinary
conditional,lexical_not_adj,logical,negation,False,0.935340,0.401846,-0.058898,0.401846,0.077228,-0.058898,category_curve_artifact_candidate
conditional,long_passive,logical,passive,False,0.786273,-0.446978,-0.517186,-0.446978,-0.337014,-0.517186,ordinary
conditional,morphological_neg,logical,negation,False,0.950455,0.584510,0.283703,0.584510,0.253716,0.283703,residual_stable_reuse_candidate
conditional,negated_condition,logical,logical,True,0.863945,-0.455926,-0.393836,-0.455926,-0.337068,-0.455926,ordinary
conditional,nested_condition,logical,logical,True,0.753284,-0.425792,-0.633932,-0.425792,-0.323285,-0.633932,ordinary
conditional,nested_contrast,logical,logical,True,0.751691,-0.509154,-0.625441,-0.509154,-0.379573,-0.625441,ordinary
conditional,nested_passive,logical,passive,False,0.791231,-0.456807,-0.444879,-0.456807,-0.329062,-0.456807,ordinary
conditional,never,logical,negation,False,0.933934,0.361716,-0.170757,0.361716,0.159088,-0.170757,category_curve_artifact_candidate
conditional,no_agent,logical,passive,False,0.847955,0.160963,0.215616,0.160963,0.207079,0.160963,ordinary
conditional,past_simple,logical,tense,False,0.870556,0.014560,0.277382,0.014560,0.297091,0.014560,ordinary
conditional,perfect,logical,tense,False,0.832147,-0.264261,0.033745,-0.264261,-0.226900,-0.264261,ordinary
conditional,poetic,logical,style,False,0.866995,-0.203180,-0.038779,-0.203180,0.153695,-0.203180,ordinary
conditional,possessive_chain,logical,recursive,False,0.883550,0.124661,0.285477,0.124661,-0.170215,0.124661,ordinary
conditional,pp_chain,logical,recursive,False,0.837136,0.037658,0.011015,0.037658,-0.230360,0.011015,ordinary
conditional,progressive,logical,tense,False,0.816430,-0.483059,-0.282216,-0.483059,-0.404143,-0.483059,ordinary
conditional,relative_clause,logical,recursive,False,0.941389,0.401784,0.495190,0.401784,-0.144096,0.401784,residual_stable_reuse_candidate
conditional,scope_quantifier,logical,negation,False,0.902916,0.051177,-0.426891,0.051177,-0.117735,-0.426891,model_curve_artifact_candidate
conditional,she_coref,logical,coreference,False,0.890566,-0.041746,0.026357,-0.041746,0.136762,-0.041746,ordinary
conditional,syntactic_do_not,logical,negation,False,0.913457,0.279515,-0.029114,0.279515,0.018807,-0.029114,category_curve_artifact_candidate
conditional,target_language_switch,logical,translation,False,0.886258,0.026809,0.139909,0.026809,0.245524,0.026809,ordinary
conditional,they_coref,logical,coreference,False,0.841150,-0.124679,-0.035756,-0.124679,-0.156312,-0.124679,ordinary
contrast,dative_passive,logical,passive,False,0.905059,0.190880,-0.045901,0.190880,-0.154654,-0.045901,category_curve_artifact_candidate
contrast,deep_complement,logical,recursive,False,0.875158,-0.165803,0.102883,-0.165803,-0.023975,-0.165803,ordinary
contrast,deictic_switch,logical,coreference,False,0.873336,-0.021724,0.069513,-0.021724,0.043226,-0.021724,ordinary
contrast,double_relative,logical,recursive,False,0.842894,-0.168090,0.057853,-0.168090,-0.237719,-0.168090,ordinary
contrast,en_fr_phrase,logical,translation,False,0.860737,-0.196623,0.119517,-0.196623,0.014234,-0.196623,ordinary
contrast,en_fr_word,logical,translation,False,0.847021,-0.282911,-0.146620,-0.282911,-0.187027,-0.282911,ordinary
contrast,en_zh_phrase,logical,translation,False,0.851081,-0.154941,0.068320,-0.154941,0.048917,-0.154941,ordinary
contrast,en_zh_word,logical,translation,False,0.816842,-0.371762,-0.294349,-0.371762,-0.246288,-0.371762,ordinary
contrast,existential_no,logical,negation,False,0.915138,0.418399,0.157897,0.418399,0.316401,0.157897,ordinary
contrast,formal,logical,style,False,0.855484,-0.504422,-0.223191,-0.504422,-0.373644,-0.504422,ordinary
contrast,future_will,logical,tense,False,0.792938,-0.305540,-0.118764,-0.305540,-0.167123,-0.305540,ordinary
contrast,get_passive,logical,passive,False,0.904668,0.183864,0.101475,0.183864,-0.045042,0.101475,ordinary
contrast,he_coref,logical,coreference,False,0.849647,-0.077919,-0.002345,-0.077919,0.156314,-0.077919,ordinary
contrast,inference,logical,logical,True,0.899771,0.315663,0.146873,0.315663,0.138446,0.146873,ordinary
contrast,it_coref,logical,coreference,False,0.744073,-0.341239,-0.201771,-0.341239,-0.237625,-0.341239,ordinary
contrast,lexical_not_adj,logical,negation,False,0.953574,0.616808,0.238914,0.616808,0.438113,0.238914,residual_stable_reuse_candidate
contrast,long_passive,logical,passive,False,0.822320,-0.119283,-0.220465,-0.119283,-0.018483,-0.220465,ordinary
contrast,morphological_neg,logical,negation,False,0.929723,0.458667,0.058563,0.458667,0.247371,0.058563,ordinary
contrast,negated_condition,logical,logical,True,0.824738,-0.714382,-0.611239,-0.714382,-0.662888,-0.714382,ordinary
contrast,nested_condition,logical,logical,True,0.766595,-0.262545,-0.409372,-0.262545,-0.267319,-0.409372,ordinary
contrast,nested_contrast,logical,logical,True,0.717817,-0.606774,-0.702488,-0.606774,-0.604613,-0.702488,ordinary
contrast,nested_passive,logical,passive,False,0.748307,-0.634768,-0.781857,-0.634768,-0.594835,-0.781857,ordinary
contrast,never,logical,negation,False,0.944995,0.528063,0.105350,0.528063,0.464463,0.105350,ordinary
contrast,no_agent,logical,passive,False,0.928688,0.646448,0.676059,0.646448,0.586583,0.646448,residual_stable_reuse_candidate
contrast,past_simple,logical,tense,False,0.843237,-0.107135,0.107104,-0.107135,0.039009,-0.107135,ordinary
contrast,perfect,logical,tense,False,0.819449,-0.261214,0.035043,-0.261214,-0.136523,-0.261214,ordinary
contrast,poetic,logical,style,False,0.873700,-0.045684,0.202526,-0.045684,0.164809,-0.045684,ordinary
contrast,possessive_chain,logical,recursive,False,0.860974,0.029011,0.055742,0.029011,-0.242217,0.029011,ordinary
contrast,pp_chain,logical,recursive,False,0.831125,0.059020,0.012422,0.059020,-0.130246,0.012422,ordinary
contrast,progressive,logical,tense,False,0.823454,-0.317242,-0.050148,-0.317242,-0.148848,-0.317242,ordinary
contrast,relative_clause,logical,recursive,False,0.927345,0.333539,0.366131,0.333539,0.076745,0.333539,ordinary
contrast,scope_quantifier,logical,negation,False,0.906912,0.177712,-0.253826,0.177712,-0.044403,-0.253826,category_curve_artifact_candidate
contrast,she_coref,logical,coreference,False,0.875703,-0.079496,0.132796,-0.079496,0.165637,-0.079496,ordinary
contrast,syntactic_do_not,logical,negation,False,0.884305,0.112790,-0.313613,0.112790,-0.152642,-0.313613,ordinary
contrast,target_language_switch,logical,translation,False,0.873197,0.002519,0.232920,0.002519,0.175567,0.002519,ordinary
contrast,they_coref,logical,coreference,False,0.834372,-0.092219,0.131764,-0.092219,-0.010873,-0.092219,ordinary
dative_passive,deep_complement,passive,recursive,False,0.887101,-0.329726,-0.340228,-0.329726,0.085889,-0.340228,ordinary
dative_passive,deictic_switch,passive,coreference,False,0.855415,-0.429141,0.146439,-0.429141,-0.247495,-0.429141,ordinary
dative_passive,double_relative,passive,recursive,False,0.860710,-0.249412,-0.437277,-0.249412,0.128366,-0.437277,ordinary
dative_passive,en_fr_phrase,passive,translation,False,0.863002,-0.457360,0.011436,-0.457360,-0.257404,-0.457360,ordinary
dative_passive,en_fr_word,passive,translation,False,0.857948,-0.466657,0.053207,-0.466657,-0.330006,-0.466657,ordinary
dative_passive,en_zh_phrase,passive,translation,False,0.840722,-0.502359,-0.014352,-0.502359,-0.406469,-0.502359,ordinary
dative_passive,en_zh_word,passive,translation,False,0.849901,-0.358670,-0.036321,-0.358670,-0.173504,-0.358670,ordinary
dative_passive,existential_no,passive,negation,False,0.901652,0.206692,0.084660,0.206692,-0.195246,0.084660,ordinary
dative_passive,formal,passive,style,False,0.896229,-0.371560,0.064160,-0.371560,-0.005315,-0.371560,ordinary
dative_passive,future_will,passive,tense,False,0.850945,-0.099803,0.052686,-0.099803,0.135859,-0.099803,ordinary
dative_passive,get_passive,passive,passive,True,0.946138,0.424145,0.206347,0.424145,0.170039,0.206347,residual_stable_reuse_candidate
dative_passive,he_coref,passive,coreference,False,0.834736,-0.423741,0.030378,-0.423741,-0.362850,-0.423741,ordinary
dative_passive,inference,passive,logical,False,0.898011,0.180363,0.162736,0.180363,-0.246933,0.162736,ordinary
dative_passive,it_coref,passive,coreference,False,0.790590,-0.259328,-0.026379,-0.259328,-0.095742,-0.259328,ordinary
dative_passive,lexical_not_adj,passive,negation,False,0.934815,0.315271,-0.206215,0.315271,0.040536,-0.206215,category_curve_artifact_candidate
dative_passive,long_passive,passive,passive,True,0.849710,-0.109413,-0.464682,-0.109413,0.243731,-0.464682,ordinary
dative_passive,morphological_neg,passive,negation,False,0.926307,0.311849,0.191635,0.311849,-0.008099,0.191635,ordinary
dative_passive,negated_condition,passive,logical,False,0.894784,-0.286724,-0.266172,-0.286724,0.103759,-0.286724,ordinary
dative_passive,nested_condition,passive,logical,False,0.829691,-0.047025,-0.369944,-0.047025,0.263418,-0.369944,ordinary
dative_passive,nested_contrast,passive,logical,False,0.855076,0.066663,-0.146286,0.066663,0.348525,-0.146286,ordinary
dative_passive,nested_passive,passive,passive,True,0.859090,-0.074742,-0.264082,-0.074742,0.223972,-0.264082,ordinary
dative_passive,never,passive,negation,False,0.960251,0.560163,0.179830,0.560163,0.148412,0.179830,ordinary
dative_passive,no_agent,passive,passive,True,0.822831,-0.069626,-0.259071,-0.069626,-0.201441,-0.259071,ordinary
dative_passive,past_simple,passive,tense,False,0.841933,-0.337397,-0.024721,-0.337397,-0.238808,-0.337397,ordinary
dative_passive,perfect,passive,tense,False,0.865659,-0.118470,0.008218,-0.118470,0.189964,-0.118470,ordinary
dative_passive,poetic,passive,style,False,0.876887,-0.255180,0.148867,-0.255180,-0.130858,-0.255180,ordinary
dative_passive,possessive_chain,passive,recursive,False,0.934742,0.469527,0.421216,0.469527,0.321084,0.421216,residual_stable_reuse_candidate
dative_passive,pp_chain,passive,recursive,False,0.918217,0.520391,0.283932,0.520391,0.484914,0.283932,residual_stable_reuse_candidate
dative_passive,progressive,passive,tense,False,0.881940,-0.061397,-0.014610,-0.061397,0.235103,-0.061397,ordinary
dative_passive,relative_clause,passive,recursive,False,0.973231,0.685214,0.414662,0.685214,0.474521,0.414662,residual_stable_reuse_candidate
dative_passive,scope_quantifier,passive,negation,False,0.937407,0.302910,-0.261601,0.302910,0.117143,-0.261601,category_curve_artifact_candidate
dative_passive,she_coref,passive,coreference,False,0.854848,-0.567813,-0.137871,-0.567813,-0.395710,-0.567813,ordinary
dative_passive,syntactic_do_not,passive,negation,False,0.933539,0.385491,0.029819,0.385491,0.092846,0.029819,category_curve_artifact_candidate
dative_passive,target_language_switch,passive,translation,False,0.841744,-0.518743,-0.001462,-0.518743,-0.363046,-0.518743,ordinary
dative_passive,they_coref,passive,coreference,False,0.824990,-0.371140,-0.012545,-0.371140,-0.225356,-0.371140,ordinary
deep_complement,deictic_switch,recursive,coreference,False,0.942669,0.384205,0.079023,0.384205,0.160733,0.079023,ordinary
deep_complement,double_relative,recursive,recursive,True,0.939496,0.425680,0.482200,0.425680,0.215624,0.425680,residual_stable_reuse_candidate
deep_complement,en_fr_phrase,recursive,translation,False,0.926097,0.130902,0.062847,0.130902,-0.136551,0.062847,ordinary
deep_complement,en_fr_word,recursive,translation,False,0.908653,-0.040464,-0.251450,-0.040464,-0.178681,-0.251450,model_curve_artifact_candidate
deep_complement,en_zh_phrase,recursive,translation,False,0.896691,-0.064271,-0.033002,-0.064271,-0.226211,-0.064271,ordinary
deep_complement,en_zh_word,recursive,translation,False,0.891259,-0.070816,-0.199730,-0.070816,-0.050268,-0.199730,ordinary
deep_complement,existential_no,recursive,negation,False,0.847410,-0.358745,0.291174,-0.358745,-0.304308,-0.358745,ordinary
deep_complement,formal,recursive,style,False,0.953482,0.310338,-0.129074,0.310338,0.229005,-0.129074,category_curve_artifact_candidate
deep_complement,future_will,recursive,tense,False,0.868732,-0.035893,-0.062347,-0.035893,-0.237199,-0.062347,ordinary
deep_complement,get_passive,recursive,passive,False,0.882686,-0.390452,-0.111482,-0.390452,-0.109968,-0.390452,ordinary
deep_complement,he_coref,recursive,coreference,False,0.890400,-0.018491,-0.164674,-0.018491,-0.049487,-0.164674,ordinary
deep_complement,inference,recursive,logical,False,0.824564,-0.563830,-0.044680,-0.563830,-0.499192,-0.563830,ordinary
deep_complement,it_coref,recursive,coreference,False,0.867905,0.210959,-0.041089,0.210959,-0.131957,-0.041089,ordinary
deep_complement,lexical_not_adj,recursive,negation,False,0.898888,-0.174838,-0.009292,-0.174838,-0.003454,-0.174838,ordinary
deep_complement,long_passive,recursive,passive,False,0.915288,0.364147,0.057345,0.364147,0.430864,0.057345,ordinary
deep_complement,morphological_neg,recursive,negation,False,0.861640,-0.426796,0.233977,-0.426796,-0.331915,-0.426796,ordinary
deep_complement,negated_condition,recursive,logical,False,0.952615,0.350565,0.301372,0.350565,0.203046,0.301372,ordinary
deep_complement,nested_condition,recursive,logical,False,0.890970,0.340579,-0.125933,0.340579,0.444080,-0.125933,ordinary
deep_complement,nested_contrast,recursive,logical,False,0.877322,0.177545,-0.169240,0.177545,0.224496,-0.169240,ordinary
deep_complement,nested_passive,recursive,passive,False,0.894093,0.146000,-0.081925,0.146000,0.175571,-0.081925,ordinary
deep_complement,never,recursive,negation,False,0.881731,-0.456946,-0.282059,-0.456946,-0.160224,-0.456946,ordinary
deep_complement,no_agent,recursive,passive,False,0.836013,-0.046770,0.299388,-0.046770,-0.019785,-0.046770,ordinary
deep_complement,past_simple,recursive,tense,False,0.897251,0.067571,0.039139,0.067571,-0.141380,0.039139,ordinary
deep_complement,perfect,recursive,tense,False,0.896752,0.076993,-0.011064,0.076993,-0.146658,-0.011064,ordinary
deep_complement,poetic,recursive,style,False,0.933504,0.256127,0.075201,0.256127,0.054459,0.075201,ordinary
deep_complement,possessive_chain,recursive,recursive,True,0.873728,-0.140900,-0.453014,-0.140900,0.202860,-0.453014,ordinary
deep_complement,pp_chain,recursive,recursive,True,0.839215,-0.103790,-0.683188,-0.103790,0.232026,-0.683188,ordinary
deep_complement,progressive,recursive,tense,False,0.930620,0.332760,0.007846,0.332760,0.060163,0.007846,category_curve_artifact_candidate
deep_complement,relative_clause,recursive,recursive,True,0.893382,-0.429888,0.012383,-0.429888,-0.065052,-0.429888,ordinary
deep_complement,scope_quantifier,recursive,negation,False,0.889565,-0.369007,-0.102393,-0.369007,-0.110741,-0.369007,ordinary
deep_complement,she_coref,recursive,coreference,False,0.958398,0.504112,0.042086,0.504112,0.215033,0.042086,category_curve_artifact_candidate
deep_complement,syntactic_do_not,recursive,negation,False,0.849800,-0.538040,-0.214342,-0.538040,-0.348786,-0.538040,ordinary
deep_complement,target_language_switch,recursive,translation,False,0.933049,0.304053,0.321738,0.304053,0.203240,0.304053,ordinary
deep_complement,they_coref,recursive,coreference,False,0.884626,0.040544,0.131963,0.040544,-0.199366,0.040544,ordinary
deictic_switch,double_relative,coreference,recursive,False,0.865732,-0.129314,-0.225284,-0.129314,-0.380366,-0.225284,ordinary
deictic_switch,en_fr_phrase,coreference,translation,False,0.919095,0.200938,-0.292345,0.200938,-0.136536,-0.292345,category_curve_artifact_candidate
deictic_switch,en_fr_word,coreference,translation,False,0.921781,0.248456,-0.101179,0.248456,0.123629,-0.101179,category_curve_artifact_candidate
deictic_switch,en_zh_phrase,coreference,translation,False,0.925541,0.343931,0.048841,0.343931,0.204248,0.048841,category_curve_artifact_candidate
deictic_switch,en_zh_word,coreference,translation,False,0.906692,0.209892,-0.053869,0.209892,0.032933,-0.053869,category_curve_artifact_candidate
deictic_switch,existential_no,coreference,negation,False,0.852428,-0.134902,-0.169639,-0.134902,-0.063536,-0.169639,ordinary
deictic_switch,formal,coreference,style,False,0.949183,0.409633,0.177067,0.409633,0.326964,0.177067,ordinary
deictic_switch,future_will,coreference,tense,False,0.839547,-0.123301,-0.285573,-0.123301,-0.305284,-0.285573,ordinary
deictic_switch,get_passive,coreference,passive,False,0.840045,-0.589940,-0.445248,-0.589940,-0.429715,-0.589940,ordinary
deictic_switch,he_coref,coreference,coreference,True,0.927858,0.421133,0.109094,0.421133,0.271691,0.109094,ordinary
deictic_switch,inference,coreference,logical,False,0.852742,-0.127511,-0.199139,-0.127511,0.023875,-0.199139,ordinary
deictic_switch,it_coref,coreference,coreference,True,0.831601,0.053605,-0.416546,0.053605,0.021243,-0.416546,ordinary
deictic_switch,lexical_not_adj,coreference,negation,False,0.863447,-0.334413,0.010203,-0.334413,-0.247199,-0.334413,ordinary
deictic_switch,long_passive,coreference,passive,False,0.828684,-0.201522,0.102605,-0.201522,-0.287856,-0.201522,ordinary
deictic_switch,morphological_neg,coreference,negation,False,0.886991,0.008062,0.119505,0.008062,0.054941,0.008062,ordinary
deictic_switch,negated_condition,coreference,logical,False,0.938095,0.313028,-0.054779,0.313028,0.191139,-0.054779,category_curve_artifact_candidate
deictic_switch,nested_condition,coreference,logical,False,0.811406,-0.113714,0.044776,-0.113714,-0.094794,-0.113714,ordinary
deictic_switch,nested_contrast,coreference,logical,False,0.814856,-0.154437,-0.094574,-0.154437,-0.059645,-0.154437,ordinary
deictic_switch,nested_passive,coreference,passive,False,0.848015,-0.098392,0.101221,-0.098392,-0.044173,-0.098392,ordinary
deictic_switch,never,coreference,negation,False,0.872120,-0.314239,0.252760,-0.314239,-0.051962,-0.314239,ordinary
deictic_switch,no_agent,coreference,passive,False,0.832529,0.039915,0.152463,0.039915,0.007356,0.039915,ordinary
deictic_switch,past_simple,coreference,tense,False,0.923060,0.393370,0.439006,0.393370,0.144407,0.393370,ordinary
deictic_switch,perfect,coreference,tense,False,0.865581,-0.054044,-0.096121,-0.054044,-0.287310,-0.096121,ordinary
deictic_switch,poetic,coreference,style,False,0.953356,0.557203,0.368304,0.557203,0.347998,0.368304,residual_stable_reuse_candidate
deictic_switch,possessive_chain,coreference,recursive,False,0.838665,-0.267287,0.211381,-0.267287,-0.019749,-0.267287,ordinary
deictic_switch,pp_chain,coreference,recursive,False,0.763366,-0.473988,0.061951,-0.473988,-0.288910,-0.473988,ordinary
deictic_switch,progressive,coreference,tense,False,0.867357,-0.119881,-0.206422,-0.119881,-0.371866,-0.206422,ordinary
deictic_switch,relative_clause,coreference,recursive,False,0.878795,-0.341496,-0.051331,-0.341496,-0.213536,-0.341496,ordinary
deictic_switch,scope_quantifier,coreference,negation,False,0.872189,-0.320889,-0.078461,-0.320889,-0.123674,-0.320889,ordinary
deictic_switch,she_coref,coreference,coreference,True,0.949388,0.494569,0.109054,0.494569,0.150790,0.109054,ordinary
deictic_switch,syntactic_do_not,coreference,negation,False,0.849286,-0.313353,-0.066429,-0.313353,-0.108879,-0.313353,ordinary
deictic_switch,target_language_switch,coreference,translation,False,0.960226,0.643719,0.288239,0.643719,0.454786,0.288239,residual_stable_reuse_candidate
deictic_switch,they_coref,coreference,coreference,True,0.889779,0.194331,-0.429028,0.194331,-0.095845,-0.429028,ordinary
double_relative,en_fr_phrase,recursive,translation,False,0.902283,0.126833,0.235199,0.126833,0.178930,0.126833,ordinary
double_relative,en_fr_word,recursive,translation,False,0.884832,-0.005280,-0.052360,-0.005280,-0.125293,-0.052360,ordinary
double_relative,en_zh_phrase,recursive,translation,False,0.861888,-0.114334,-0.021322,-0.114334,-0.147015,-0.114334,ordinary
double_relative,en_zh_word,recursive,translation,False,0.868863,-0.020427,-0.035225,-0.020427,0.211844,-0.035225,ordinary
double_relative,existential_no,recursive,negation,False,0.798385,-0.433630,0.051857,-0.433630,-0.230588,-0.433630,ordinary
double_relative,formal,recursive,style,False,0.930779,0.284199,0.041862,0.284199,0.121174,0.041862,category_curve_artifact_candidate
double_relative,future_will,recursive,tense,False,0.847951,0.011755,0.027017,0.011755,0.013978,0.011755,ordinary
double_relative,get_passive,recursive,passive,False,0.857930,-0.281016,-0.201416,-0.281016,0.080159,-0.281016,ordinary
double_relative,he_coref,recursive,coreference,False,0.839020,-0.197550,-0.163384,-0.197550,-0.309998,-0.197550,ordinary
double_relative,inference,recursive,logical,False,0.796026,-0.444686,-0.048343,-0.444686,-0.320480,-0.444686,ordinary
double_relative,it_coref,recursive,coreference,False,0.818295,0.033442,-0.032533,0.033442,-0.134296,-0.032533,ordinary
double_relative,lexical_not_adj,recursive,negation,False,0.889897,0.025012,0.197662,0.025012,0.124663,0.025012,ordinary
double_relative,long_passive,recursive,passive,False,0.936667,0.595797,0.336450,0.595797,0.446648,0.336450,residual_stable_reuse_candidate
double_relative,morphological_neg,recursive,negation,False,0.818588,-0.458125,0.037106,-0.458125,-0.240220,-0.458125,ordinary
double_relative,negated_condition,recursive,logical,False,0.924988,0.259265,0.286940,0.259265,0.207364,0.259265,ordinary
double_relative,nested_condition,recursive,logical,False,0.894940,0.437882,0.067477,0.437882,0.323007,0.067477,ordinary
double_relative,nested_contrast,recursive,logical,False,0.861492,0.201466,-0.090695,0.201466,0.134502,-0.090695,ordinary
double_relative,nested_passive,recursive,passive,False,0.884784,0.229736,-0.030203,0.229736,0.197063,-0.030203,ordinary
double_relative,never,recursive,negation,False,0.856383,-0.336879,-0.239421,-0.336879,-0.091142,-0.336879,ordinary
double_relative,no_agent,recursive,passive,False,0.801609,-0.079354,0.172579,-0.079354,-0.118609,-0.079354,ordinary
double_relative,past_simple,recursive,tense,False,0.854678,-0.064325,-0.101857,-0.064325,-0.263357,-0.101857,ordinary
double_relative,perfect,recursive,tense,False,0.871992,0.073368,0.027344,0.073368,0.062680,0.027344,ordinary
double_relative,poetic,recursive,style,False,0.888695,0.039099,-0.027622,0.039099,-0.198926,-0.027622,ordinary
double_relative,possessive_chain,recursive,recursive,True,0.864489,0.019025,-0.462866,0.019025,0.278331,-0.462866,ordinary
double_relative,pp_chain,recursive,recursive,True,0.847803,0.130390,-0.499407,0.130390,0.371794,-0.499407,ordinary
double_relative,progressive,recursive,tense,False,0.910494,0.306211,0.071495,0.306211,0.238240,0.071495,ordinary
double_relative,relative_clause,recursive,recursive,True,0.876504,-0.227962,-0.081667,-0.227962,0.241149,-0.227962,ordinary
double_relative,scope_quantifier,recursive,negation,False,0.870624,-0.208510,0.004627,-0.208510,-0.001978,-0.208510,ordinary
double_relative,she_coref,recursive,coreference,False,0.909233,0.179742,0.057751,0.179742,-0.008344,0.057751,ordinary
double_relative,syntactic_do_not,recursive,negation,False,0.831315,-0.346250,-0.104321,-0.346250,-0.123917,-0.346250,ordinary
double_relative,target_language_switch,recursive,translation,False,0.860867,-0.139970,-0.084799,-0.139970,-0.357486,-0.139970,ordinary
double_relative,they_coref,recursive,coreference,False,0.858837,0.037606,0.357656,0.037606,0.075973,0.037606,ordinary
en_fr_phrase,en_fr_word,translation,translation,True,0.965840,0.647408,-0.020268,0.647408,0.442843,-0.020268,category_curve_artifact_candidate
en_fr_phrase,en_zh_phrase,translation,translation,True,0.962412,0.650380,-0.158938,0.650380,0.396666,-0.158938,category_curve_artifact_candidate
en_fr_phrase,en_zh_word,translation,translation,True,0.942526,0.486681,-0.238009,0.486681,0.259629,-0.238009,category_curve_artifact_candidate
en_fr_phrase,existential_no,translation,negation,False,0.871539,-0.045622,0.005224,-0.045622,0.090293,-0.045622,ordinary
en_fr_phrase,formal,translation,style,False,0.936577,0.172108,-0.002892,0.172108,-0.064618,-0.002892,category_curve_artifact_candidate
en_fr_phrase,future_will,translation,tense,False,0.886576,0.175042,-0.023367,0.175042,0.022683,-0.023367,ordinary
en_fr_phrase,get_passive,translation,passive,False,0.884271,-0.238113,0.026079,-0.238113,-0.098303,-0.238113,ordinary
en_fr_phrase,he_coref,translation,coreference,False,0.924336,0.358379,-0.353251,0.358379,0.115756,-0.353251,category_curve_artifact_candidate
en_fr_phrase,inference,translation,logical,False,0.889322,0.107544,0.133228,0.107544,0.278145,0.107544,ordinary
en_fr_phrase,it_coref,translation,coreference,False,0.847216,0.112682,0.182854,0.112682,-0.110457,0.112682,ordinary
en_fr_phrase,lexical_not_adj,translation,negation,False,0.883985,-0.219499,0.206617,-0.219499,0.081118,-0.219499,ordinary
en_fr_phrase,long_passive,translation,passive,False,0.840976,-0.177463,-0.012562,-0.177463,-0.094185,-0.177463,ordinary
en_fr_phrase,morphological_neg,translation,negation,False,0.896642,0.031404,-0.065927,0.031404,0.108774,-0.065927,ordinary
en_fr_phrase,negated_condition,translation,logical,False,0.931479,0.165252,-0.012689,0.165252,-0.084900,-0.012689,category_curve_artifact_candidate
en_fr_phrase,nested_condition,translation,logical,False,0.787308,-0.334166,-0.031993,-0.334166,-0.308909,-0.334166,ordinary
en_fr_phrase,nested_contrast,translation,logical,False,0.807905,-0.265846,-0.053964,-0.265846,-0.305537,-0.265846,ordinary
en_fr_phrase,nested_passive,translation,passive,False,0.844485,-0.191218,-0.221846,-0.191218,-0.251056,-0.221846,ordinary
en_fr_phrase,never,translation,negation,False,0.879325,-0.338010,-0.064918,-0.338010,-0.125404,-0.338010,ordinary
en_fr_phrase,no_agent,translation,passive,False,0.837754,0.029431,0.074176,0.029431,0.097336,0.029431,ordinary
en_fr_phrase,past_simple,translation,tense,False,0.906942,0.221508,-0.287747,0.221508,-0.002712,-0.287747,category_curve_artifact_candidate
en_fr_phrase,perfect,translation,tense,False,0.904489,0.211611,0.225017,0.211611,0.104079,0.211611,ordinary
en_fr_phrase,poetic,translation,style,False,0.913340,0.116174,-0.090604,0.116174,-0.066069,-0.090604,category_curve_artifact_candidate
en_fr_phrase,possessive_chain,translation,recursive,False,0.819177,-0.514775,-0.199027,-0.514775,-0.313113,-0.514775,ordinary
en_fr_phrase,pp_chain,translation,recursive,False,0.763706,-0.557360,-0.062128,-0.557360,-0.284036,-0.557360,ordinary
en_fr_phrase,progressive,translation,tense,False,0.911721,0.209012,0.186122,0.209012,0.045810,0.186122,ordinary
en_fr_phrase,relative_clause,translation,recursive,False,0.899573,-0.203602,0.087036,-0.203602,0.050238,-0.203602,ordinary
en_fr_phrase,scope_quantifier,translation,negation,False,0.894257,-0.179245,-0.094633,-0.179245,-0.068454,-0.179245,ordinary
en_fr_phrase,she_coref,translation,coreference,False,0.938886,0.339535,0.106668,0.339535,0.160704,0.106668,ordinary
en_fr_phrase,syntactic_do_not,translation,negation,False,0.874541,-0.167808,-0.009801,-0.167808,-0.038202,-0.167808,ordinary
en_fr_phrase,target_language_switch,translation,translation,True,0.927257,0.304172,-0.371585,0.304172,0.002871,-0.371585,category_curve_artifact_candidate
en_fr_phrase,they_coref,translation,coreference,False,0.946016,0.603729,0.268569,0.603729,0.362643,0.268569,residual_stable_reuse_candidate
en_fr_word,en_zh_phrase,translation,translation,True,0.968474,0.713568,-0.033078,0.713568,0.495813,-0.033078,category_curve_artifact_candidate
en_fr_word,en_zh_word,translation,translation,True,0.940991,0.484274,-0.333324,0.484274,0.154506,-0.333324,category_curve_artifact_candidate
en_fr_word,existential_no,translation,negation,False,0.861608,-0.101704,-0.065719,-0.101704,0.081059,-0.101704,ordinary
en_fr_word,formal,translation,style,False,0.939785,0.246675,-0.002703,0.246675,-0.008373,-0.002703,category_curve_artifact_candidate
en_fr_word,future_will,translation,tense,False,0.866054,0.037437,-0.154941,0.037437,-0.132843,-0.154941,ordinary
en_fr_word,get_passive,translation,passive,False,0.876790,-0.279137,0.016113,-0.279137,-0.087094,-0.279137,ordinary
en_fr_word,he_coref,translation,coreference,False,0.960264,0.677018,0.387613,0.677018,0.394871,0.387613,residual_stable_reuse_candidate
en_fr_word,inference,translation,logical,False,0.887203,0.110431,0.078022,0.110431,0.326376,0.078022,ordinary
en_fr_word,it_coref,translation,coreference,False,0.823772,-0.022068,-0.027142,-0.022068,-0.047329,-0.027142,ordinary
en_fr_word,lexical_not_adj,translation,negation,False,0.863988,-0.387972,-0.082915,-0.387972,-0.238814,-0.387972,ordinary
en_fr_word,long_passive,translation,passive,False,0.843887,-0.128968,0.133656,-0.128968,-0.241957,-0.128968,ordinary
en_fr_word,morphological_neg,translation,negation,False,0.893887,0.031477,0.015316,0.031477,0.162964,0.015316,ordinary
en_fr_word,negated_condition,translation,logical,False,0.938936,0.284089,0.078756,0.284089,0.090958,0.078756,ordinary
en_fr_word,nested_condition,translation,logical,False,0.805154,-0.188423,0.150940,-0.188423,-0.209286,-0.188423,ordinary
en_fr_word,nested_contrast,translation,logical,False,0.830113,-0.086716,0.176336,-0.086716,-0.151770,-0.086716,ordinary
en_fr_word,nested_passive,translation,passive,False,0.866492,0.006032,0.172498,0.006032,-0.034593,0.006032,ordinary
en_fr_word,never,translation,negation,False,0.879966,-0.290414,0.130339,-0.290414,-0.174736,-0.290414,ordinary
en_fr_word,no_agent,translation,passive,False,0.807000,-0.151996,-0.204811,-0.151996,-0.138984,-0.204811,ordinary
en_fr_word,past_simple,translation,tense,False,0.923614,0.378319,0.267726,0.378319,0.327118,0.267726,ordinary
en_fr_word,perfect,translation,tense,False,0.876523,-0.002103,-0.159373,-0.002103,-0.128871,-0.159373,ordinary
en_fr_word,poetic,translation,style,False,0.918290,0.190218,-0.061320,0.190218,-0.058639,-0.061320,category_curve_artifact_candidate
en_fr_word,possessive_chain,translation,recursive,False,0.829043,-0.394534,-0.022676,-0.394534,-0.293493,-0.394534,ordinary
en_fr_word,pp_chain,translation,recursive,False,0.772581,-0.461627,0.082985,-0.461627,-0.355419,-0.461627,ordinary
en_fr_word,progressive,translation,tense,False,0.880685,-0.045977,-0.082235,-0.045977,-0.148018,-0.082235,ordinary
en_fr_word,relative_clause,translation,recursive,False,0.882684,-0.361924,-0.223641,-0.361924,-0.259082,-0.361924,ordinary
en_fr_word,scope_quantifier,translation,negation,False,0.894507,-0.140284,0.060092,-0.140284,-0.030358,-0.140284,ordinary
en_fr_word,she_coref,translation,coreference,False,0.918395,0.144646,-0.234116,0.144646,0.003306,-0.234116,category_curve_artifact_candidate
en_fr_word,syntactic_do_not,translation,negation,False,0.867732,-0.198825,-0.018691,-0.198825,0.004831,-0.198825,ordinary
en_fr_word,target_language_switch,translation,translation,True,0.932404,0.370224,-0.326519,0.370224,0.179687,-0.326519,category_curve_artifact_candidate
en_fr_word,they_coref,translation,coreference,False,0.918372,0.392191,-0.105349,0.392191,0.179373,-0.105349,category_curve_artifact_candidate
en_zh_phrase,en_zh_word,translation,translation,True,0.947143,0.570654,-0.220923,0.570654,0.236219,-0.220923,category_curve_artifact_candidate
en_zh_phrase,existential_no,translation,negation,False,0.864705,-0.000282,0.128041,-0.000282,0.138445,-0.000282,ordinary
en_zh_phrase,formal,translation,style,False,0.927402,0.190244,-0.144448,0.190244,-0.093014,-0.144448,category_curve_artifact_candidate
en_zh_phrase,future_will,translation,tense,False,0.860898,0.063460,-0.143793,0.063460,-0.217606,-0.143793,ordinary
en_zh_phrase,get_passive,translation,passive,False,0.862103,-0.306564,0.004500,-0.306564,-0.196274,-0.306564,ordinary
en_zh_phrase,he_coref,translation,coreference,False,0.951213,0.623656,0.285822,0.623656,0.393688,0.285822,residual_stable_reuse_candidate
en_zh_phrase,inference,translation,logical,False,0.896652,0.241120,0.363731,0.241120,0.344924,0.241120,ordinary
en_zh_phrase,it_coref,translation,coreference,False,0.814057,-0.022171,-0.121292,-0.022171,-0.017208,-0.121292,ordinary
en_zh_phrase,lexical_not_adj,translation,negation,False,0.853956,-0.361942,-0.173849,-0.361942,-0.192714,-0.361942,ordinary
en_zh_phrase,long_passive,translation,passive,False,0.815699,-0.247730,-0.078448,-0.247730,-0.274162,-0.247730,ordinary
en_zh_phrase,morphological_neg,translation,negation,False,0.894694,0.114583,0.183774,0.114583,0.174998,0.114583,ordinary
en_zh_phrase,negated_condition,translation,logical,False,0.919588,0.151108,-0.112471,0.151108,-0.084846,-0.112471,category_curve_artifact_candidate
en_zh_phrase,nested_condition,translation,logical,False,0.764537,-0.360988,-0.234356,-0.360988,-0.338367,-0.360988,ordinary
en_zh_phrase,nested_contrast,translation,logical,False,0.784362,-0.307576,-0.265940,-0.307576,-0.373843,-0.307576,ordinary
en_zh_phrase,nested_passive,translation,passive,False,0.838251,-0.127769,-0.026903,-0.127769,-0.202235,-0.127769,ordinary
en_zh_phrase,never,translation,negation,False,0.865949,-0.312162,-0.092616,-0.312162,-0.157783,-0.312162,ordinary
en_zh_phrase,no_agent,translation,passive,False,0.818545,-0.015120,0.104394,-0.015120,0.014335,-0.015120,ordinary
en_zh_phrase,past_simple,translation,tense,False,0.923045,0.414651,0.371594,0.414651,0.210359,0.371594,residual_stable_reuse_candidate
en_zh_phrase,perfect,translation,tense,False,0.875348,0.060347,-0.011409,0.060347,-0.193301,-0.011409,ordinary
en_zh_phrase,poetic,translation,style,False,0.920512,0.280041,0.129587,0.280041,0.174990,0.129587,ordinary
en_zh_phrase,possessive_chain,translation,recursive,False,0.808046,-0.449968,0.066070,-0.449968,-0.300166,-0.449968,ordinary
en_zh_phrase,pp_chain,translation,recursive,False,0.746605,-0.526519,0.064319,-0.526519,-0.365761,-0.526519,ordinary
en_zh_phrase,progressive,translation,tense,False,0.864607,-0.096406,-0.279986,-0.096406,-0.281329,-0.279986,ordinary
en_zh_phrase,relative_clause,translation,recursive,False,0.881958,-0.238968,0.202573,-0.238968,-0.147713,-0.238968,ordinary
en_zh_phrase,scope_quantifier,translation,negation,False,0.880884,-0.170805,-0.121944,-0.170805,-0.102717,-0.170805,ordinary
en_zh_phrase,she_coref,translation,coreference,False,0.917739,0.216729,-0.185733,0.216729,0.071758,-0.185733,category_curve_artifact_candidate
en_zh_phrase,syntactic_do_not,translation,negation,False,0.864270,-0.132936,0.043417,-0.132936,-0.103855,-0.132936,ordinary
en_zh_phrase,target_language_switch,translation,translation,True,0.934836,0.441019,-0.307438,0.441019,0.209833,-0.307438,category_curve_artifact_candidate
en_zh_phrase,they_coref,translation,coreference,False,0.919832,0.437636,-0.026584,0.437636,0.188206,-0.026584,category_curve_artifact_candidate
en_zh_word,existential_no,translation,negation,False,0.829581,-0.219737,-0.282706,-0.219737,-0.298111,-0.282706,ordinary
en_zh_word,formal,translation,style,False,0.944580,0.435164,0.399822,0.435164,0.440261,0.399822,residual_stable_reuse_candidate
en_zh_word,future_will,translation,tense,False,0.872774,0.170151,0.311832,0.170151,-0.109826,0.170151,ordinary
en_zh_word,get_passive,translation,passive,False,0.870497,-0.176500,-0.035056,-0.176500,0.025402,-0.176500,ordinary
en_zh_word,he_coref,translation,coreference,False,0.913534,0.352591,-0.115750,0.352591,-0.071419,-0.115750,category_curve_artifact_candidate
en_zh_word,inference,translation,logical,False,0.850995,-0.061637,-0.177760,-0.061637,-0.200191,-0.177760,ordinary
en_zh_word,it_coref,translation,coreference,False,0.809054,-0.023880,-0.004331,-0.023880,-0.123767,-0.023880,ordinary
en_zh_word,lexical_not_adj,translation,negation,False,0.848894,-0.353321,-0.039012,-0.353321,-0.032128,-0.353321,ordinary
en_zh_word,long_passive,translation,passive,False,0.829667,-0.115828,-0.021161,-0.115828,0.244675,-0.115828,ordinary
en_zh_word,morphological_neg,translation,negation,False,0.866387,-0.082004,-0.177552,-0.082004,-0.073561,-0.177552,ordinary
en_zh_word,negated_condition,translation,logical,False,0.934095,0.347541,0.192205,0.347541,0.351159,0.192205,ordinary
en_zh_word,nested_condition,translation,logical,False,0.784697,-0.204362,0.070799,-0.204362,0.104483,-0.204362,ordinary
en_zh_word,nested_contrast,translation,logical,False,0.822959,-0.035630,0.202918,-0.035630,0.105429,-0.035630,ordinary
en_zh_word,nested_passive,translation,passive,False,0.867738,0.108820,0.174823,0.108820,0.339149,0.108820,ordinary
en_zh_word,never,translation,negation,False,0.862757,-0.287797,0.080265,-0.287797,-0.210499,-0.287797,ordinary
en_zh_word,no_agent,translation,passive,False,0.808637,-0.045191,-0.107454,-0.045191,-0.096569,-0.107454,ordinary
en_zh_word,past_simple,translation,tense,False,0.867249,0.021012,-0.347079,0.021012,-0.363625,-0.347079,ordinary
en_zh_word,perfect,translation,tense,False,0.870709,0.057554,0.093237,0.057554,-0.147266,0.057554,ordinary
en_zh_word,poetic,translation,style,False,0.907117,0.192421,0.021589,0.192421,-0.057881,0.021589,category_curve_artifact_candidate
en_zh_word,possessive_chain,translation,recursive,False,0.827630,-0.257169,0.224733,-0.257169,0.046711,-0.257169,ordinary
en_zh_word,pp_chain,translation,recursive,False,0.765812,-0.365107,0.199274,-0.365107,0.035369,-0.365107,ordinary
en_zh_word,progressive,translation,tense,False,0.877679,0.044781,0.095543,0.044781,-0.125056,0.044781,ordinary
en_zh_word,relative_clause,translation,recursive,False,0.885620,-0.145178,0.080490,-0.145178,0.065172,-0.145178,ordinary
en_zh_word,scope_quantifier,translation,negation,False,0.887448,-0.058049,0.210446,-0.058049,0.060963,-0.058049,ordinary
en_zh_word,she_coref,translation,coreference,False,0.906154,0.143661,-0.097162,0.143661,-0.047848,-0.097162,category_curve_artifact_candidate
en_zh_word,syntactic_do_not,translation,negation,False,0.867959,-0.061761,0.258224,-0.061761,0.063507,-0.061761,ordinary
en_zh_word,target_language_switch,translation,translation,True,0.911013,0.265685,-0.367203,0.265685,-0.087608,-0.367203,category_curve_artifact_candidate
en_zh_word,they_coref,translation,coreference,False,0.925444,0.492063,0.242211,0.492063,0.298450,0.242211,residual_stable_reuse_candidate
existential_no,formal,negation,style,False,0.837243,-0.610371,-0.504701,-0.610371,-0.590120,-0.610371,ordinary
existential_no,future_will,negation,tense,False,0.839982,0.031093,-0.002854,0.031093,0.125196,-0.002854,ordinary
existential_no,get_passive,negation,passive,False,0.933661,0.472556,0.359838,0.472556,0.124468,0.359838,residual_stable_reuse_candidate
existential_no,he_coref,negation,coreference,False,0.852079,-0.014956,-0.024644,-0.014956,0.158256,-0.024644,ordinary
existential_no,inference,negation,logical,False,0.941878,0.619239,0.416962,0.619239,0.330907,0.416962,residual_stable_reuse_candidate
existential_no,it_coref,negation,coreference,False,0.798266,-0.014267,-0.002083,-0.014267,0.025147,-0.014267,ordinary
existential_no,lexical_not_adj,negation,negation,True,0.918096,0.349459,-0.167531,0.349459,0.203884,-0.167531,category_curve_artifact_candidate
existential_no,long_passive,negation,passive,False,0.728184,-0.648119,-0.356911,-0.648119,-0.543899,-0.648119,ordinary
existential_no,morphological_neg,negation,negation,True,0.955144,0.674464,0.340702,0.674464,0.462552,0.340702,residual_stable_reuse_candidate
existential_no,negated_condition,negation,logical,False,0.833227,-0.541294,-0.247327,-0.541294,-0.474254,-0.541294,ordinary
existential_no,nested_condition,negation,logical,False,0.683429,-0.660393,-0.418394,-0.660393,-0.633503,-0.660393,stable_differentiation_candidate
existential_no,nested_contrast,negation,logical,False,0.700579,-0.642027,-0.423887,-0.642027,-0.615895,-0.642027,ordinary
existential_no,nested_passive,negation,passive,False,0.732983,-0.664650,-0.329102,-0.664650,-0.659073,-0.664650,ordinary
existential_no,never,negation,negation,True,0.915285,0.301367,-0.479782,0.301367,0.079559,-0.479782,category_curve_artifact_candidate
existential_no,no_agent,negation,passive,False,0.847185,0.224900,0.160308,0.224900,0.164574,0.160308,ordinary
existential_no,past_simple,negation,tense,False,0.866197,0.095069,0.138506,0.095069,0.318295,0.095069,ordinary
existential_no,perfect,negation,tense,False,0.856212,0.037725,0.027506,0.037725,0.129789,0.027506,ordinary
existential_no,poetic,negation,style,False,0.841348,-0.253131,-0.082035,-0.253131,0.053871,-0.253131,ordinary
existential_no,possessive_chain,negation,recursive,False,0.834201,-0.109514,-0.050605,-0.109514,-0.373712,-0.109514,ordinary
existential_no,pp_chain,negation,recursive,False,0.770705,-0.240371,-0.197136,-0.240371,-0.445926,-0.240371,ordinary
existential_no,progressive,negation,tense,False,0.841264,-0.131767,-0.156381,-0.131767,0.099886,-0.156381,ordinary
existential_no,relative_clause,negation,recursive,False,0.926474,0.370592,0.309459,0.370592,0.002179,0.309459,ordinary
existential_no,scope_quantifier,negation,negation,True,0.903344,0.193844,-0.477114,0.193844,0.012288,-0.477114,category_curve_artifact_candidate
existential_no,she_coref,negation,coreference,False,0.871739,-0.056666,-0.053978,-0.056666,0.188855,-0.056666,ordinary
existential_no,syntactic_do_not,negation,negation,True,0.899322,0.264781,-0.427740,0.264781,0.015660,-0.427740,ordinary
existential_no,target_language_switch,negation,translation,False,0.873311,0.050664,0.210930,0.050664,0.172501,0.050664,ordinary
existential_no,they_coref,negation,coreference,False,0.878149,0.228672,0.208221,0.228672,0.357715,0.208221,ordinary
formal,future_will,style,tense,False,0.884147,0.023987,-0.043784,0.023987,-0.239764,-0.043784,ordinary
formal,get_passive,style,passive,False,0.882342,-0.569319,-0.155150,-0.569319,-0.243746,-0.569319,ordinary
formal,he_coref,style,coreference,False,0.918178,0.189338,0.053888,0.189338,-0.102623,0.053888,ordinary
formal,inference,style,logical,False,0.842415,-0.547352,-0.240197,-0.547352,-0.435422,-0.547352,ordinary
formal,it_coref,style,coreference,False,0.858346,0.087489,-0.211428,0.087489,-0.058311,-0.211428,ordinary
formal,lexical_not_adj,style,negation,False,0.897356,-0.337064,0.052123,-0.337064,-0.137900,-0.337064,ordinary
formal,long_passive,style,passive,False,0.911952,0.296485,0.136341,0.296485,0.316325,0.136341,ordinary
formal,morphological_neg,style,negation,False,0.865542,-0.545371,-0.170969,-0.545371,-0.282970,-0.545371,ordinary
formal,negated_condition,style,logical,False,0.980940,0.705655,0.261767,0.705655,0.617673,0.261767,residual_stable_reuse_candidate
formal,nested_condition,style,logical,False,0.881498,0.231795,0.108167,0.231795,0.350923,0.108167,ordinary
formal,nested_contrast,style,logical,False,0.911463,0.428889,0.260605,0.428889,0.516745,0.260605,residual_stable_reuse_candidate
formal,nested_passive,style,passive,False,0.932234,0.462049,0.261208,0.462049,0.597923,0.261208,residual_stable_reuse_candidate
formal,never,style,negation,False,0.908713,-0.265242,0.229645,-0.265242,-0.072965,-0.265242,model_curve_artifact_candidate
formal,no_agent,style,passive,False,0.813470,-0.318367,-0.244988,-0.318367,-0.349973,-0.318367,ordinary
formal,past_simple,style,tense,False,0.902792,0.041583,-0.096226,0.041583,-0.258439,-0.096226,model_curve_artifact_candidate
formal,perfect,style,tense,False,0.900216,0.030280,-0.030612,0.030280,-0.200517,-0.030612,model_curve_artifact_candidate
formal,poetic,style,style,True,0.957159,0.484607,0.335156,0.484607,0.145063,0.335156,residual_stable_reuse_candidate
formal,possessive_chain,style,recursive,False,0.901843,0.047987,0.213767,0.047987,0.362127,0.047987,model_curve_artifact_candidate
formal,pp_chain,style,recursive,False,0.848179,-0.116862,0.126563,-0.116862,0.204814,-0.116862,ordinary
formal,progressive,style,tense,False,0.919430,0.148950,0.145935,0.148950,-0.100635,0.145935,ordinary
formal,relative_clause,style,recursive,False,0.913453,-0.317766,-0.008648,-0.317766,0.081955,-0.317766,model_curve_artifact_candidate
formal,scope_quantifier,style,negation,False,0.910650,-0.246856,0.225712,-0.246856,-0.055735,-0.246856,model_curve_artifact_candidate
formal,she_coref,style,coreference,False,0.941825,0.227284,0.122231,0.227284,-0.022898,0.122231,ordinary
formal,syntactic_do_not,style,negation,False,0.888052,-0.263482,0.270904,-0.263482,0.042694,-0.263482,ordinary
formal,target_language_switch,style,translation,False,0.928355,0.182051,-0.261705,0.182051,-0.002948,-0.261705,category_curve_artifact_candidate
formal,they_coref,style,coreference,False,0.886339,-0.026116,0.006496,-0.026116,-0.183715,-0.026116,ordinary
future_will,get_passive,tense,passive,False,0.859633,-0.037016,0.146834,-0.037016,0.094334,-0.037016,ordinary
future_will,he_coref,tense,coreference,False,0.824711,-0.104570,-0.131605,-0.104570,-0.250641,-0.131605,ordinary
future_will,inference,tense,logical,False,0.837580,0.019909,0.184444,0.019909,0.096392,0.019909,ordinary
future_will,it_coref,tense,coreference,False,0.844092,0.268155,0.241100,0.268155,0.219090,0.241100,ordinary
future_will,lexical_not_adj,tense,negation,False,0.824040,-0.295351,-0.141394,-0.295351,-0.097447,-0.295351,ordinary
future_will,long_passive,tense,passive,False,0.804820,-0.095332,-0.089029,-0.095332,-0.104218,-0.095332,ordinary
future_will,morphological_neg,tense,negation,False,0.820589,-0.209740,-0.259817,-0.209740,-0.089135,-0.259817,ordinary
future_will,negated_condition,tense,logical,False,0.873837,-0.019035,-0.038848,-0.019035,-0.186881,-0.038848,ordinary
future_will,nested_condition,tense,logical,False,0.768281,-0.129159,-0.055909,-0.129159,-0.154939,-0.129159,ordinary
future_will,nested_contrast,tense,logical,False,0.808447,0.025120,0.099819,0.025120,0.049201,0.025120,ordinary
future_will,nested_passive,tense,passive,False,0.818529,-0.045616,-0.015403,-0.045616,-0.110439,-0.045616,ordinary
future_will,never,tense,negation,False,0.846722,-0.168677,0.027310,-0.168677,-0.100196,-0.168677,ordinary
future_will,no_agent,tense,passive,False,0.771305,-0.096382,-0.036742,-0.096382,-0.054099,-0.096382,ordinary
future_will,past_simple,tense,tense,True,0.894938,0.349129,-0.494436,0.349129,0.134443,-0.494436,ordinary
future_will,perfect,tense,tense,True,0.981900,0.892789,0.514668,0.892789,0.836690,0.514668,residual_stable_reuse_candidate
future_will,poetic,tense,style,False,0.839766,-0.148731,-0.350502,-0.148731,-0.204601,-0.350502,ordinary
future_will,possessive_chain,tense,recursive,False,0.759907,-0.479734,-0.134074,-0.479734,-0.295086,-0.479734,ordinary
future_will,pp_chain,tense,recursive,False,0.727559,-0.374388,-0.046991,-0.374388,-0.123919,-0.374388,ordinary
future_will,progressive,tense,tense,True,0.901649,0.363553,-0.452764,0.363553,0.367694,-0.452764,category_curve_artifact_candidate
future_will,relative_clause,tense,recursive,False,0.842938,-0.274875,0.121989,-0.274875,-0.115630,-0.274875,ordinary
future_will,scope_quantifier,tense,negation,False,0.847306,-0.169226,0.036387,-0.169226,-0.087619,-0.169226,ordinary
future_will,she_coref,tense,coreference,False,0.870485,0.040340,-0.080620,0.040340,-0.021809,-0.080620,ordinary
future_will,syntactic_do_not,tense,negation,False,0.870585,0.137941,0.336810,0.137941,0.223645,0.137941,ordinary
future_will,target_language_switch,tense,translation,False,0.857245,0.025808,-0.068616,0.025808,-0.154809,-0.068616,ordinary
future_will,they_coref,tense,coreference,False,0.864847,0.209848,0.090461,0.209848,0.069800,0.090461,ordinary
get_passive,he_coref,passive,coreference,False,0.839296,-0.390783,-0.198148,-0.390783,-0.242462,-0.390783,ordinary
get_passive,inference,passive,logical,False,0.922337,0.380720,0.553008,0.380720,-0.074224,0.380720,ordinary
get_passive,it_coref,passive,coreference,False,0.842413,0.078381,0.227108,0.078381,0.056317,0.078381,ordinary
get_passive,lexical_not_adj,passive,negation,False,0.939588,0.361885,-0.313416,0.361885,0.037382,-0.313416,category_curve_artifact_candidate
get_passive,long_passive,passive,passive,True,0.820006,-0.344920,-0.752597,-0.344920,-0.000513,-0.752597,ordinary
get_passive,morphological_neg,passive,negation,False,0.938327,0.422631,0.189478,0.422631,0.081426,0.189478,ordinary
get_passive,negated_condition,passive,logical,False,0.895463,-0.286526,-0.110658,-0.286526,0.022374,-0.286526,ordinary
get_passive,nested_condition,passive,logical,False,0.790757,-0.315603,-0.571857,-0.315603,-0.046825,-0.571857,ordinary
get_passive,nested_contrast,passive,logical,False,0.821682,-0.173021,-0.305581,-0.173021,0.015048,-0.305581,ordinary
get_passive,nested_passive,passive,passive,True,0.849238,-0.158013,-0.348237,-0.158013,0.064918,-0.348237,ordinary
get_passive,never,passive,negation,False,0.939158,0.322228,-0.454215,0.322228,0.160420,-0.454215,category_curve_artifact_candidate
get_passive,no_agent,passive,passive,True,0.838847,0.033750,-0.121045,0.033750,-0.056141,-0.121045,ordinary
get_passive,past_simple,passive,tense,False,0.834504,-0.408194,-0.155834,-0.408194,-0.206686,-0.408194,ordinary
get_passive,perfect,passive,tense,False,0.870117,-0.085543,0.028583,-0.085543,0.114321,-0.085543,ordinary
get_passive,poetic,passive,style,False,0.842788,-0.611969,-0.286785,-0.611969,-0.352112,-0.611969,ordinary
get_passive,possessive_chain,passive,recursive,False,0.896502,0.140380,0.203848,0.140380,-0.132633,0.140380,ordinary
get_passive,pp_chain,passive,recursive,False,0.865271,0.148484,-0.106194,0.148484,0.008216,-0.106194,ordinary
get_passive,progressive,passive,tense,False,0.890337,0.010189,0.045758,0.010189,0.247529,0.010189,ordinary
get_passive,relative_clause,passive,recursive,False,0.957780,0.495353,0.510770,0.495353,0.137856,0.495353,residual_stable_reuse_candidate
get_passive,scope_quantifier,passive,negation,False,0.963308,0.589258,-0.033000,0.589258,0.427209,-0.033000,category_curve_artifact_candidate
get_passive,she_coref,passive,coreference,False,0.878133,-0.323866,-0.137308,-0.323866,-0.130308,-0.323866,ordinary
get_passive,syntactic_do_not,passive,negation,False,0.952078,0.557323,0.127196,0.557323,0.285938,0.127196,ordinary
get_passive,target_language_switch,passive,translation,False,0.862360,-0.327232,-0.000382,-0.327232,-0.190484,-0.327232,ordinary
get_passive,they_coref,passive,coreference,False,0.877392,0.046982,0.352621,0.046982,0.245490,0.046982,ordinary
he_coref,inference,coreference,logical,False,0.864692,0.075320,0.103485,0.075320,0.341629,0.075320,ordinary
he_coref,it_coref,coreference,coreference,True,0.777209,-0.162828,-0.601671,-0.162828,-0.089256,-0.601671,ordinary
he_coref,lexical_not_adj,coreference,negation,False,0.841607,-0.349692,-0.141447,-0.349692,-0.131442,-0.349692,ordinary
he_coref,long_passive,coreference,passive,False,0.816898,-0.154198,0.097495,-0.154198,-0.285682,-0.154198,ordinary
he_coref,morphological_neg,coreference,negation,False,0.883277,0.098394,0.176859,0.098394,0.226500,0.098394,ordinary
he_coref,negated_condition,coreference,logical,False,0.905444,0.102210,-0.183525,0.102210,-0.132200,-0.183525,category_curve_artifact_candidate
he_coref,nested_condition,coreference,logical,False,0.785615,-0.157467,-0.016543,-0.157467,-0.253670,-0.157467,ordinary
he_coref,nested_contrast,coreference,logical,False,0.800137,-0.131724,-0.055079,-0.131724,-0.285133,-0.131724,ordinary
he_coref,nested_passive,coreference,passive,False,0.833740,-0.078829,0.075709,-0.078829,-0.264664,-0.078829,ordinary
he_coref,never,coreference,negation,False,0.865153,-0.199478,0.248914,-0.199478,-0.080069,-0.199478,ordinary
he_coref,no_agent,coreference,passive,False,0.807754,-0.015608,0.046664,-0.015608,0.052062,-0.015608,ordinary
he_coref,past_simple,coreference,tense,False,0.912361,0.380791,0.453980,0.380791,0.357241,0.380791,ordinary
he_coref,perfect,coreference,tense,False,0.838147,-0.131137,-0.192666,-0.131137,-0.273381,-0.192666,ordinary
he_coref,poetic,coreference,style,False,0.926553,0.396616,0.275450,0.396616,0.222493,0.275450,ordinary
he_coref,possessive_chain,coreference,recursive,False,0.810255,-0.326011,0.169545,-0.326011,-0.292384,-0.326011,ordinary
he_coref,pp_chain,coreference,recursive,False,0.751993,-0.394418,0.240271,-0.394418,-0.370656,-0.394418,ordinary
he_coref,progressive,coreference,tense,False,0.835885,-0.225085,-0.271352,-0.225085,-0.353598,-0.271352,ordinary
he_coref,relative_clause,coreference,recursive,False,0.859060,-0.343174,0.044929,-0.343174,-0.315227,-0.343174,ordinary
he_coref,scope_quantifier,coreference,negation,False,0.864935,-0.207499,-0.025987,-0.207499,-0.144210,-0.207499,ordinary
he_coref,she_coref,coreference,coreference,True,0.912173,0.243421,-0.184333,0.243421,0.167867,-0.184333,category_curve_artifact_candidate
he_coref,syntactic_do_not,coreference,negation,False,0.829714,-0.307729,-0.173249,-0.307729,-0.207480,-0.307729,ordinary
he_coref,target_language_switch,coreference,translation,False,0.945740,0.575653,-0.087613,0.575653,0.396494,-0.087613,category_curve_artifact_candidate
he_coref,they_coref,coreference,coreference,True,0.891375,0.284461,-0.136769,0.284461,0.029305,-0.136769,ordinary
inference,it_coref,logical,coreference,False,0.767246,-0.171079,-0.050382,-0.171079,-0.013112,-0.171079,ordinary
inference,lexical_not_adj,logical,negation,False,0.903380,0.231737,-0.326357,0.231737,-0.067098,-0.326357,category_curve_artifact_candidate
inference,long_passive,logical,passive,False,0.741606,-0.560987,-0.596548,-0.560987,-0.547581,-0.596548,ordinary
inference,morphological_neg,logical,negation,False,0.954450,0.671041,0.343156,0.671041,0.359896,0.343156,residual_stable_reuse_candidate
inference,negated_condition,logical,logical,True,0.840826,-0.460289,-0.303582,-0.460289,-0.340900,-0.460289,ordinary
inference,nested_condition,logical,logical,True,0.698613,-0.574463,-0.676893,-0.574463,-0.509959,-0.676893,stable_differentiation_candidate
inference,nested_contrast,logical,logical,True,0.709511,-0.587219,-0.597989,-0.587219,-0.466479,-0.597989,ordinary
inference,nested_passive,logical,passive,False,0.761588,-0.480785,-0.424846,-0.480785,-0.403076,-0.480785,ordinary
inference,never,logical,negation,False,0.910367,0.262492,-0.373100,0.262492,-0.007692,-0.373100,category_curve_artifact_candidate
inference,no_agent,logical,passive,False,0.836944,0.173575,0.219300,0.173575,0.190842,0.173575,ordinary
inference,past_simple,logical,tense,False,0.870989,0.130876,0.138471,0.130876,0.381448,0.130876,ordinary
inference,perfect,logical,tense,False,0.857260,0.048398,0.270539,0.048398,0.122004,0.048398,ordinary
inference,poetic,logical,style,False,0.828069,-0.353753,-0.166261,-0.353753,-0.046296,-0.353753,ordinary
inference,possessive_chain,logical,recursive,False,0.838776,-0.074777,0.179705,-0.074777,-0.322261,-0.074777,ordinary
inference,pp_chain,logical,recursive,False,0.788751,-0.137782,-0.068132,-0.137782,-0.373119,-0.137782,ordinary
inference,progressive,logical,tense,False,0.804484,-0.389255,-0.419028,-0.389255,-0.263431,-0.419028,ordinary
inference,relative_clause,logical,recursive,False,0.924010,0.351343,0.589445,0.351343,-0.186208,0.351343,ordinary
inference,scope_quantifier,logical,negation,False,0.897685,0.148668,-0.325155,0.148668,-0.062596,-0.325155,ordinary
inference,she_coref,logical,coreference,False,0.849344,-0.241154,-0.242444,-0.241154,0.020417,-0.242444,ordinary
inference,syntactic_do_not,logical,negation,False,0.921792,0.432910,0.136811,0.432910,0.165583,0.136811,ordinary
inference,target_language_switch,logical,translation,False,0.858572,-0.056388,-0.217714,-0.056388,0.120424,-0.217714,ordinary
inference,they_coref,logical,coreference,False,0.858366,0.106556,0.308087,0.106556,0.065670,0.106556,ordinary
it_coref,lexical_not_adj,coreference,negation,False,0.799265,-0.192554,0.019503,-0.192554,-0.191890,-0.192554,ordinary
it_coref,long_passive,coreference,passive,False,0.758260,-0.141937,-0.051400,-0.141937,-0.214835,-0.141937,ordinary
it_coref,morphological_neg,coreference,negation,False,0.777730,-0.231200,-0.347838,-0.231200,-0.191875,-0.347838,ordinary
it_coref,negated_condition,coreference,logical,False,0.880666,0.294045,0.232416,0.294045,0.093321,0.232416,ordinary
it_coref,nested_condition,coreference,logical,False,0.732692,-0.117282,0.107734,-0.117282,-0.164787,-0.117282,ordinary
it_coref,nested_contrast,coreference,logical,False,0.793889,0.105292,0.300863,0.105292,0.092103,0.105292,ordinary
it_coref,nested_passive,coreference,passive,False,0.809171,0.081288,0.137869,0.081288,-0.005577,0.081288,ordinary
it_coref,never,coreference,negation,False,0.786128,-0.327093,-0.089327,-0.327093,-0.153627,-0.327093,ordinary
it_coref,no_agent,coreference,passive,False,0.719566,-0.155840,-0.209292,-0.155840,-0.051394,-0.209292,ordinary
it_coref,past_simple,coreference,tense,False,0.799172,-0.032314,-0.416903,-0.032314,-0.058818,-0.416903,ordinary
it_coref,perfect,coreference,tense,False,0.843414,0.209194,0.074149,0.209194,0.084046,0.074149,ordinary
it_coref,poetic,coreference,style,False,0.807980,-0.113671,-0.465821,-0.113671,-0.092792,-0.465821,ordinary
it_coref,possessive_chain,coreference,recursive,False,0.741851,-0.325342,-0.191252,-0.325342,-0.191433,-0.325342,ordinary
it_coref,pp_chain,coreference,recursive,False,0.677986,-0.386562,-0.151957,-0.386562,-0.269017,-0.386562,stable_differentiation_candidate
it_coref,progressive,coreference,tense,False,0.881411,0.385998,0.225926,0.385998,0.195848,0.225926,ordinary
it_coref,relative_clause,coreference,recursive,False,0.794228,-0.344901,-0.189437,-0.344901,-0.320872,-0.344901,ordinary
it_coref,scope_quantifier,coreference,negation,False,0.825365,-0.061978,0.141097,-0.061978,-0.042932,-0.061978,ordinary
it_coref,she_coref,coreference,coreference,True,0.854513,0.153709,-0.287673,0.153709,-0.097232,-0.287673,ordinary
it_coref,syntactic_do_not,coreference,negation,False,0.815776,-0.004066,0.255277,-0.004066,0.094160,-0.004066,ordinary
it_coref,target_language_switch,coreference,translation,False,0.837043,0.103175,-0.028690,0.103175,0.027222,-0.028690,ordinary
it_coref,they_coref,coreference,coreference,True,0.830964,0.178426,-0.234458,0.178426,0.045859,-0.234458,ordinary
lexical_not_adj,long_passive,negation,passive,False,0.861333,-0.010773,0.451936,-0.010773,0.191829,-0.010773,ordinary
lexical_not_adj,morphological_neg,negation,negation,True,0.937723,0.425143,-0.011487,0.425143,0.354988,-0.011487,category_curve_artifact_candidate
lexical_not_adj,negated_condition,negation,logical,False,0.873365,-0.530627,-0.186634,-0.530627,-0.331842,-0.530627,ordinary
lexical_not_adj,nested_condition,negation,logical,False,0.802671,-0.219417,0.246239,-0.219417,-0.184202,-0.219417,ordinary
lexical_not_adj,nested_contrast,negation,logical,False,0.786585,-0.402490,-0.034509,-0.402490,-0.361991,-0.402490,ordinary
lexical_not_adj,nested_passive,negation,passive,False,0.806508,-0.477216,-0.154081,-0.477216,-0.360136,-0.477216,ordinary
lexical_not_adj,never,negation,negation,True,0.950538,0.459518,0.050386,0.459518,0.278653,0.050386,ordinary
lexical_not_adj,no_agent,negation,passive,False,0.878331,0.304135,-0.005362,0.304135,0.298891,-0.005362,ordinary
lexical_not_adj,past_simple,negation,tense,False,0.833655,-0.394173,-0.145088,-0.394173,-0.259338,-0.394173,ordinary
lexical_not_adj,perfect,negation,tense,False,0.846503,-0.268667,0.006273,-0.268667,-0.084407,-0.268667,ordinary
lexical_not_adj,poetic,negation,style,False,0.877217,-0.237448,0.023990,-0.237448,-0.050119,-0.237448,ordinary
lexical_not_adj,possessive_chain,negation,recursive,False,0.926967,0.408107,0.157776,0.408107,0.153290,0.157776,ordinary
lexical_not_adj,pp_chain,negation,recursive,False,0.885077,0.293770,0.274407,0.293770,0.081728,0.274407,ordinary
lexical_not_adj,progressive,negation,tense,False,0.864793,-0.204600,0.241364,-0.204600,-0.031880,-0.204600,ordinary
lexical_not_adj,relative_clause,negation,recursive,False,0.958656,0.516969,-0.231834,0.516969,0.348569,-0.231834,category_curve_artifact_candidate
lexical_not_adj,scope_quantifier,negation,negation,True,0.918352,0.101743,-0.372453,0.101743,-0.082908,-0.372453,category_curve_artifact_candidate
lexical_not_adj,she_coref,negation,coreference,False,0.889945,-0.174399,0.284251,-0.174399,0.031369,-0.174399,ordinary
lexical_not_adj,syntactic_do_not,negation,negation,True,0.903566,0.113971,-0.497294,0.113971,-0.184799,-0.497294,category_curve_artifact_candidate
lexical_not_adj,target_language_switch,negation,translation,False,0.864320,-0.287071,0.056061,-0.287071,-0.159004,-0.287071,ordinary
lexical_not_adj,they_coref,negation,coreference,False,0.851558,-0.146257,-0.100544,-0.146257,0.130057,-0.146257,ordinary
long_passive,morphological_neg,passive,negation,False,0.756566,-0.648693,-0.299540,-0.648693,-0.467884,-0.648693,ordinary
long_passive,negated_condition,passive,logical,False,0.887814,0.106143,0.231907,0.106143,0.081363,0.106143,ordinary
long_passive,nested_condition,passive,logical,False,0.964941,0.836708,0.811788,0.836708,0.743461,0.811788,residual_stable_reuse_candidate
long_passive,nested_contrast,passive,logical,False,0.910344,0.546003,0.522782,0.546003,0.423800,0.522782,residual_stable_reuse_candidate
long_passive,nested_passive,passive,passive,True,0.931582,0.605985,0.548565,0.605985,0.552344,0.548565,residual_stable_reuse_candidate
long_passive,never,passive,negation,False,0.839154,-0.229722,0.243515,-0.229722,-0.017317,-0.229722,ordinary
long_passive,no_agent,passive,passive,True,0.770357,-0.101015,-0.260481,-0.101015,-0.038787,-0.260481,ordinary
long_passive,past_simple,passive,tense,False,0.809706,-0.183681,0.016886,-0.183681,-0.447426,-0.183681,ordinary
long_passive,perfect,passive,tense,False,0.827830,-0.059919,-0.017774,-0.059919,-0.061246,-0.059919,ordinary
long_passive,poetic,passive,style,False,0.867575,0.057337,-0.061828,0.057337,-0.145831,-0.061828,ordinary
long_passive,possessive_chain,passive,recursive,False,0.862165,0.152457,-0.377619,0.152457,0.322492,-0.377619,ordinary
long_passive,pp_chain,passive,recursive,False,0.902018,0.509069,0.121600,0.509069,0.673715,0.121600,ordinary
long_passive,progressive,passive,tense,False,0.852936,0.041655,0.052540,0.041655,0.005627,0.041655,ordinary
long_passive,relative_clause,passive,recursive,False,0.839505,-0.305034,-0.738405,-0.305034,0.158578,-0.738405,ordinary
long_passive,scope_quantifier,passive,negation,False,0.835731,-0.263119,0.142076,-0.263119,-0.073627,-0.263119,ordinary
long_passive,she_coref,passive,coreference,False,0.858775,-0.051634,0.267971,-0.051634,-0.186562,-0.051634,ordinary
long_passive,syntactic_do_not,passive,negation,False,0.791996,-0.396960,-0.097888,-0.396960,-0.164680,-0.396960,ordinary
long_passive,target_language_switch,passive,translation,False,0.820209,-0.233329,-0.010442,-0.233329,-0.266109,-0.233329,ordinary
long_passive,they_coref,passive,coreference,False,0.763309,-0.384512,-0.311421,-0.384512,-0.278550,-0.384512,ordinary
morphological_neg,negated_condition,negation,logical,False,0.866203,-0.428520,-0.172354,-0.428520,-0.186193,-0.428520,ordinary
morphological_neg,nested_condition,negation,logical,False,0.712765,-0.667148,-0.430762,-0.667148,-0.571131,-0.667148,ordinary
morphological_neg,nested_contrast,negation,logical,False,0.723674,-0.682202,-0.489890,-0.682202,-0.552020,-0.682202,ordinary
morphological_neg,nested_passive,negation,passive,False,0.767304,-0.623296,-0.212815,-0.623296,-0.461858,-0.623296,ordinary
morphological_neg,never,negation,negation,True,0.930427,0.328448,-0.411185,0.328448,0.147232,-0.411185,category_curve_artifact_candidate
morphological_neg,no_agent,negation,passive,False,0.847951,0.161771,0.026745,0.161771,0.058377,0.026745,ordinary
morphological_neg,past_simple,negation,tense,False,0.867450,-0.007784,0.256478,-0.007784,0.238821,-0.007784,ordinary
morphological_neg,perfect,negation,tense,False,0.843991,-0.173023,-0.106347,-0.173023,-0.046629,-0.173023,ordinary
morphological_neg,poetic,negation,style,False,0.874813,-0.130439,0.281671,-0.130439,0.025264,-0.130439,ordinary
morphological_neg,possessive_chain,negation,recursive,False,0.868490,0.012104,0.139373,0.012104,-0.286393,0.012104,ordinary
morphological_neg,pp_chain,negation,recursive,False,0.803721,-0.167980,-0.066253,-0.167980,-0.402366,-0.167980,ordinary
morphological_neg,progressive,negation,tense,False,0.845953,-0.242583,-0.029773,-0.242583,-0.094186,-0.242583,ordinary
morphological_neg,relative_clause,negation,recursive,False,0.955462,0.553677,0.439369,0.553677,0.208174,0.439369,residual_stable_reuse_candidate
morphological_neg,scope_quantifier,negation,negation,True,0.909754,0.120596,-0.580961,0.120596,-0.044989,-0.580961,category_curve_artifact_candidate
morphological_neg,she_coref,negation,coreference,False,0.880472,-0.136714,-0.185611,-0.136714,0.023429,-0.185611,ordinary
morphological_neg,syntactic_do_not,negation,negation,True,0.909865,0.250735,-0.455057,0.250735,-0.143273,-0.455057,category_curve_artifact_candidate
morphological_neg,target_language_switch,negation,translation,False,0.891091,0.069621,0.077573,0.069621,0.108543,0.069621,ordinary
morphological_neg,they_coref,negation,coreference,False,0.901913,0.311235,0.347840,0.311235,0.401725,0.311235,ordinary
negated_condition,nested_condition,logical,logical,True,0.873266,0.192345,0.290848,0.192345,0.257169,0.192345,ordinary
negated_condition,nested_contrast,logical,logical,True,0.917697,0.489831,0.570324,0.489831,0.529842,0.489831,residual_stable_reuse_candidate
negated_condition,nested_passive,logical,passive,False,0.941806,0.563322,0.619482,0.563322,0.592801,0.563322,residual_stable_reuse_candidate
negated_condition,never,logical,negation,False,0.888733,-0.425690,-0.069212,-0.425690,-0.182500,-0.425690,ordinary
negated_condition,no_agent,logical,passive,False,0.776589,-0.531846,-0.364506,-0.531846,-0.516799,-0.531846,ordinary
negated_condition,past_simple,logical,tense,False,0.892584,-0.006592,-0.142655,-0.006592,-0.172521,-0.142655,ordinary
negated_condition,perfect,logical,tense,False,0.888426,-0.032071,-0.080760,-0.032071,-0.188150,-0.080760,ordinary
negated_condition,poetic,logical,style,False,0.943317,0.347097,-0.033375,0.347097,0.075799,-0.033375,category_curve_artifact_candidate
negated_condition,possessive_chain,logical,recursive,False,0.896963,0.052344,-0.164281,0.052344,0.306978,-0.164281,ordinary
negated_condition,pp_chain,logical,recursive,False,0.837902,-0.143540,-0.486335,-0.143540,0.070527,-0.486335,ordinary
negated_condition,progressive,logical,tense,False,0.926862,0.275128,0.218665,0.275128,0.044059,0.218665,ordinary
negated_condition,relative_clause,logical,recursive,False,0.905837,-0.316763,-0.346081,-0.316763,0.016743,-0.346081,model_curve_artifact_candidate
negated_condition,scope_quantifier,logical,negation,False,0.917173,-0.066979,0.453244,-0.066979,0.153011,-0.066979,model_curve_artifact_candidate
negated_condition,she_coref,logical,coreference,False,0.935501,0.200450,-0.073000,0.200450,-0.154503,-0.073000,category_curve_artifact_candidate
negated_condition,syntactic_do_not,logical,negation,False,0.887152,-0.188295,0.255217,-0.188295,0.091036,-0.188295,ordinary
negated_condition,target_language_switch,logical,translation,False,0.918784,0.123610,-0.143288,0.123610,-0.085714,-0.143288,category_curve_artifact_candidate
negated_condition,they_coref,logical,coreference,False,0.892416,0.086557,-0.039411,0.086557,0.000076,-0.039411,ordinary
nested_condition,nested_contrast,logical,logical,True,0.945548,0.757177,0.770165,0.757177,0.723223,0.757177,residual_stable_reuse_candidate
nested_condition,nested_passive,logical,passive,False,0.946056,0.740709,0.668949,0.740709,0.762502,0.668949,residual_stable_reuse_candidate
nested_condition,never,logical,negation,False,0.798336,-0.296861,0.224251,-0.296861,-0.226281,-0.296861,ordinary
nested_condition,no_agent,logical,passive,False,0.703396,-0.256778,-0.390114,-0.256778,-0.212254,-0.390114,ordinary
nested_condition,past_simple,logical,tense,False,0.792026,-0.108517,-0.085709,-0.108517,-0.293063,-0.108517,ordinary
nested_condition,perfect,logical,tense,False,0.789580,-0.112086,-0.010977,-0.112086,-0.135903,-0.112086,ordinary
nested_condition,poetic,logical,style,False,0.833970,0.008808,-0.150115,0.008808,-0.151271,-0.150115,ordinary
nested_condition,possessive_chain,logical,recursive,False,0.853561,0.234204,-0.403595,0.234204,0.456449,-0.403595,ordinary
nested_condition,pp_chain,logical,recursive,False,0.905248,0.580514,0.203442,0.580514,0.698735,0.203442,residual_stable_reuse_candidate
nested_condition,progressive,logical,tense,False,0.821243,0.010638,0.132226,0.010638,-0.046283,0.010638,ordinary
nested_condition,relative_clause,logical,recursive,False,0.803576,-0.333650,-0.842223,-0.333650,0.033429,-0.842223,ordinary
nested_condition,scope_quantifier,logical,negation,False,0.807924,-0.234379,0.381707,-0.234379,-0.031430,-0.234379,ordinary
nested_condition,she_coref,logical,coreference,False,0.835950,-0.014942,0.289727,-0.014942,-0.145687,-0.014942,ordinary
nested_condition,syntactic_do_not,logical,negation,False,0.759907,-0.376362,0.092890,-0.376362,-0.127494,-0.376362,ordinary
nested_condition,target_language_switch,logical,translation,False,0.790891,-0.216996,0.008949,-0.216996,-0.178263,-0.216996,ordinary
nested_condition,they_coref,logical,coreference,False,0.702716,-0.507424,-0.386873,-0.507424,-0.459868,-0.507424,ordinary
nested_contrast,nested_passive,logical,passive,False,0.970876,0.854288,0.803209,0.854288,0.834630,0.803209,residual_stable_reuse_candidate
nested_contrast,never,logical,negation,False,0.816541,-0.241100,0.220627,-0.241100,-0.205571,-0.241100,ordinary
nested_contrast,no_agent,logical,passive,False,0.648988,-0.546744,-0.611142,-0.546744,-0.488807,-0.611142,stable_differentiation_candidate
nested_contrast,past_simple,logical,tense,False,0.784952,-0.204218,-0.287104,-0.204218,-0.295819,-0.287104,ordinary
nested_contrast,perfect,logical,tense,False,0.809869,-0.052819,-0.059197,-0.052819,-0.056383,-0.059197,ordinary
nested_contrast,poetic,logical,style,False,0.837729,-0.025912,-0.222698,-0.025912,-0.216766,-0.222698,ordinary
nested_contrast,possessive_chain,logical,recursive,False,0.862578,0.244126,-0.276327,0.244126,0.452572,-0.276327,ordinary
nested_contrast,pp_chain,logical,recursive,False,0.879896,0.445977,0.066167,0.445977,0.539593,0.066167,ordinary
nested_contrast,progressive,logical,tense,False,0.865400,0.222950,0.262126,0.222950,0.138127,0.222950,ordinary
nested_contrast,relative_clause,logical,recursive,False,0.818876,-0.296653,-0.698094,-0.296653,-0.020171,-0.698094,ordinary
nested_contrast,scope_quantifier,logical,negation,False,0.841586,-0.061529,0.511756,-0.061529,0.078792,-0.061529,ordinary
nested_contrast,she_coref,logical,coreference,False,0.830457,-0.118842,0.051694,-0.118842,-0.252021,-0.118842,ordinary
nested_contrast,syntactic_do_not,logical,negation,False,0.806305,-0.159606,0.317331,-0.159606,0.115917,-0.159606,ordinary
nested_contrast,target_language_switch,logical,translation,False,0.800464,-0.221921,-0.090488,-0.221921,-0.191466,-0.221921,ordinary
nested_contrast,they_coref,logical,coreference,False,0.731348,-0.423238,-0.328583,-0.423238,-0.431863,-0.423238,ordinary
nested_passive,never,passive,negation,False,0.827800,-0.368244,0.038766,-0.368244,-0.291906,-0.368244,ordinary
nested_passive,no_agent,passive,passive,True,0.684913,-0.551726,-0.651523,-0.551726,-0.495486,-0.651523,stable_differentiation_candidate
nested_passive,past_simple,passive,tense,False,0.816656,-0.173792,0.007701,-0.173792,-0.317784,-0.173792,ordinary
nested_passive,perfect,passive,tense,False,0.828649,-0.085782,-0.120312,-0.085782,-0.136021,-0.120312,ordinary
nested_passive,poetic,passive,style,False,0.867404,0.022296,-0.139091,0.022296,-0.191768,-0.139091,ordinary
nested_passive,possessive_chain,passive,recursive,False,0.870801,0.181987,-0.241455,0.181987,0.407693,-0.241455,ordinary
nested_passive,pp_chain,passive,recursive,False,0.887762,0.424590,0.017163,0.424590,0.546874,0.017163,ordinary
nested_passive,progressive,passive,tense,False,0.863457,0.082722,0.070014,0.082722,-0.029803,0.070014,ordinary
nested_passive,relative_clause,passive,recursive,False,0.846546,-0.291648,-0.618877,-0.291648,0.038413,-0.618877,ordinary
nested_passive,scope_quantifier,passive,negation,False,0.865504,-0.060986,0.409424,-0.060986,0.112753,-0.060986,ordinary
nested_passive,she_coref,passive,coreference,False,0.855067,-0.120288,0.002265,-0.120288,-0.292338,-0.120288,ordinary
nested_passive,syntactic_do_not,passive,negation,False,0.836477,-0.129192,0.305833,-0.129192,0.151128,-0.129192,ordinary
nested_passive,target_language_switch,passive,translation,False,0.830042,-0.202306,-0.097940,-0.202306,-0.227229,-0.202306,ordinary
nested_passive,they_coref,passive,coreference,False,0.774401,-0.356107,-0.358145,-0.356107,-0.337729,-0.358145,ordinary
never,no_agent,negation,passive,False,0.891003,0.374833,0.099685,0.374833,0.294620,0.099685,ordinary
never,past_simple,negation,tense,False,0.856983,-0.250895,-0.038730,-0.250895,-0.090366,-0.250895,ordinary
never,perfect,negation,tense,False,0.861018,-0.198434,0.019718,-0.198434,-0.141072,-0.198434,ordinary
never,poetic,negation,style,False,0.890194,-0.164926,0.180911,-0.164926,0.052376,-0.164926,ordinary
never,possessive_chain,negation,recursive,False,0.923612,0.357241,0.117974,0.357241,-0.010137,0.117974,ordinary
never,pp_chain,negation,recursive,False,0.881282,0.246661,0.266380,0.246661,-0.017004,0.246661,ordinary
never,progressive,negation,tense,False,0.860693,-0.301533,0.010473,-0.301533,-0.114761,-0.301533,ordinary
never,relative_clause,negation,recursive,False,0.965166,0.565548,-0.205515,0.565548,0.161607,-0.205515,category_curve_artifact_candidate
never,scope_quantifier,negation,negation,True,0.957268,0.502854,0.102395,0.502854,0.374210,0.102395,ordinary
never,she_coref,negation,coreference,False,0.869153,-0.473781,-0.027425,-0.473781,-0.166051,-0.473781,ordinary
never,syntactic_do_not,negation,negation,True,0.946745,0.494004,-0.016626,0.494004,0.179715,-0.016626,category_curve_artifact_candidate
never,target_language_switch,negation,translation,False,0.865253,-0.343064,-0.053335,-0.343064,-0.059831,-0.343064,ordinary
never,they_coref,negation,coreference,False,0.836550,-0.321840,-0.319014,-0.321840,-0.143649,-0.321840,ordinary
no_agent,past_simple,passive,tense,False,0.801148,-0.039620,0.201609,-0.039620,-0.033569,-0.039620,ordinary
no_agent,perfect,passive,tense,False,0.795848,-0.059087,0.045670,-0.059087,-0.057636,-0.059087,ordinary
no_agent,poetic,passive,style,False,0.844367,0.096717,0.245547,0.096717,0.153085,0.096717,ordinary
no_agent,possessive_chain,passive,recursive,False,0.773447,-0.178520,-0.049537,-0.178520,-0.216201,-0.178520,ordinary
no_agent,pp_chain,passive,recursive,False,0.736075,-0.152169,-0.249577,-0.152169,-0.145520,-0.249577,ordinary
no_agent,progressive,passive,tense,False,0.779425,-0.208700,-0.208840,-0.208700,-0.209005,-0.208840,ordinary
no_agent,relative_clause,passive,recursive,False,0.854328,0.080055,0.282758,0.080055,-0.101401,0.080055,ordinary
no_agent,scope_quantifier,passive,negation,False,0.871452,0.236740,-0.112631,0.236740,-0.047946,-0.112631,ordinary
no_agent,she_coref,passive,coreference,False,0.827944,-0.046138,-0.032940,-0.046138,0.009662,-0.046138,ordinary
no_agent,syntactic_do_not,passive,negation,False,0.841894,0.130152,-0.168758,0.130152,-0.102505,-0.168758,ordinary
no_agent,target_language_switch,passive,translation,False,0.824913,0.011740,0.112820,0.011740,0.042297,0.011740,ordinary
no_agent,they_coref,passive,coreference,False,0.815566,0.086661,0.146290,0.086661,-0.009757,0.086661,ordinary
past_simple,perfect,tense,tense,True,0.908748,0.371586,-0.462156,0.371586,0.111335,-0.462156,category_curve_artifact_candidate
past_simple,poetic,tense,style,False,0.896809,0.162596,0.144055,0.162596,0.159637,0.144055,ordinary
past_simple,possessive_chain,tense,recursive,False,0.802314,-0.361334,0.187177,-0.361334,-0.264412,-0.361334,ordinary
past_simple,pp_chain,tense,recursive,False,0.750906,-0.382809,0.005385,-0.382809,-0.320953,-0.382809,ordinary
past_simple,progressive,tense,tense,True,0.858520,-0.039642,-0.438721,-0.039642,-0.075775,-0.438721,ordinary
past_simple,relative_clause,tense,recursive,False,0.856027,-0.347091,0.012179,-0.347091,-0.224106,-0.347091,ordinary
past_simple,scope_quantifier,tense,negation,False,0.850063,-0.319628,-0.124876,-0.319628,-0.170247,-0.319628,ordinary
past_simple,she_coref,tense,coreference,False,0.911846,0.255411,0.055066,0.255411,0.147489,0.055066,ordinary
past_simple,syntactic_do_not,tense,negation,False,0.858057,-0.072333,-0.105618,-0.072333,-0.106876,-0.105618,ordinary
past_simple,target_language_switch,tense,translation,False,0.906172,0.275287,0.097922,0.275287,0.179812,0.097922,ordinary
past_simple,they_coref,tense,coreference,False,0.865389,0.124597,-0.282774,0.124597,-0.006537,-0.282774,ordinary
perfect,poetic,tense,style,False,0.869661,-0.048048,-0.124057,-0.048048,-0.100277,-0.124057,ordinary
perfect,possessive_chain,tense,recursive,False,0.784903,-0.465357,-0.146158,-0.465357,-0.239179,-0.465357,ordinary
perfect,pp_chain,tense,recursive,False,0.754600,-0.349308,-0.001942,-0.349308,-0.078765,-0.349308,ordinary
perfect,progressive,tense,tense,True,0.914191,0.377506,-0.431747,0.377506,0.411442,-0.431747,category_curve_artifact_candidate
perfect,relative_clause,tense,recursive,False,0.863493,-0.256143,0.078932,-0.256143,0.003399,-0.256143,ordinary
perfect,scope_quantifier,tense,negation,False,0.852960,-0.276291,-0.179840,-0.276291,-0.162539,-0.276291,ordinary
perfect,she_coref,tense,coreference,False,0.890137,0.078511,0.013750,0.078511,0.012539,0.013750,ordinary
perfect,syntactic_do_not,tense,negation,False,0.877027,0.082480,0.215772,0.082480,0.185344,0.082480,ordinary
perfect,target_language_switch,tense,translation,False,0.864752,-0.034806,-0.128298,-0.034806,-0.218467,-0.128298,ordinary
perfect,they_coref,tense,coreference,False,0.883076,0.247454,0.163395,0.247454,0.151819,0.163395,ordinary
poetic,possessive_chain,style,recursive,False,0.870108,-0.044298,0.220946,-0.044298,0.011263,-0.044298,ordinary
poetic,pp_chain,style,recursive,False,0.810503,-0.194107,0.076344,-0.194107,-0.180371,-0.194107,ordinary
poetic,progressive,style,tense,False,0.898127,0.117564,0.157215,0.117564,-0.065835,0.117564,ordinary
poetic,relative_clause,style,recursive,False,0.892131,-0.233960,0.154507,-0.233960,-0.066547,-0.233960,ordinary
poetic,scope_quantifier,style,negation,False,0.872955,-0.356100,-0.110391,-0.356100,-0.252392,-0.356100,ordinary
poetic,she_coref,style,coreference,False,0.923396,0.207517,0.001578,0.207517,0.022707,0.001578,category_curve_artifact_candidate
poetic,syntactic_do_not,style,negation,False,0.836628,-0.464916,-0.244249,-0.464916,-0.294028,-0.464916,ordinary
poetic,target_language_switch,style,translation,False,0.924961,0.308355,0.001832,0.308355,0.051056,0.001832,category_curve_artifact_candidate
poetic,they_coref,style,coreference,False,0.879200,0.094121,0.068818,0.094121,-0.007678,0.068818,ordinary
possessive_chain,pp_chain,recursive,recursive,True,0.953886,0.762696,0.373599,0.762696,0.740565,0.373599,residual_stable_reuse_candidate
possessive_chain,progressive,recursive,tense,False,0.822174,-0.292267,-0.020638,-0.292267,-0.101828,-0.292267,ordinary
possessive_chain,relative_clause,recursive,recursive,True,0.946622,0.546171,0.385337,0.546171,0.387189,0.385337,residual_stable_reuse_candidate
possessive_chain,scope_quantifier,recursive,negation,False,0.901196,0.154576,-0.224611,0.154576,0.023877,-0.224611,category_curve_artifact_candidate
possessive_chain,she_coref,recursive,coreference,False,0.845414,-0.308100,0.019341,-0.308100,-0.117157,-0.308100,ordinary
possessive_chain,syntactic_do_not,recursive,negation,False,0.877194,0.083814,-0.120665,0.083814,-0.040938,-0.120665,ordinary
possessive_chain,target_language_switch,recursive,translation,False,0.804727,-0.497323,-0.089055,-0.497323,-0.365708,-0.497323,ordinary
possessive_chain,they_coref,recursive,coreference,False,0.753090,-0.590709,-0.093541,-0.590709,-0.423619,-0.590709,ordinary
pp_chain,progressive,recursive,tense,False,0.789518,-0.219381,0.027191,-0.219381,0.016140,-0.219381,ordinary
pp_chain,relative_clause,recursive,recursive,True,0.901568,0.375871,-0.053486,0.375871,0.381692,-0.053486,category_curve_artifact_candidate
pp_chain,scope_quantifier,recursive,negation,False,0.852908,0.036808,-0.152743,0.036808,-0.032487,-0.152743,ordinary
pp_chain,she_coref,recursive,coreference,False,0.781480,-0.450116,0.052661,-0.450116,-0.282636,-0.450116,ordinary
pp_chain,syntactic_do_not,recursive,negation,False,0.828875,-0.006939,-0.063947,-0.006939,-0.049309,-0.063947,ordinary
pp_chain,target_language_switch,recursive,translation,False,0.731431,-0.642697,-0.230629,-0.642697,-0.518493,-0.642697,ordinary
pp_chain,they_coref,recursive,coreference,False,0.683403,-0.661704,-0.123760,-0.661704,-0.444970,-0.661704,stable_differentiation_candidate
progressive,relative_clause,tense,recursive,False,0.877530,-0.222907,-0.139073,-0.222907,0.053048,-0.222907,ordinary
progressive,scope_quantifier,tense,negation,False,0.874863,-0.173159,0.205302,-0.173159,-0.092868,-0.173159,ordinary
progressive,she_coref,tense,coreference,False,0.902451,0.113482,-0.010211,0.113482,-0.047321,-0.010211,category_curve_artifact_candidate
progressive,syntactic_do_not,tense,negation,False,0.848419,-0.214097,-0.239152,-0.214097,0.072750,-0.239152,ordinary
progressive,target_language_switch,tense,translation,False,0.875939,-0.020102,0.017293,-0.020102,-0.267294,-0.020102,ordinary
progressive,they_coref,tense,coreference,False,0.901063,0.325570,0.138930,0.325570,0.229801,0.138930,ordinary
relative_clause,scope_quantifier,recursive,negation,False,0.951796,0.393241,-0.312184,0.393241,0.181924,-0.312184,category_curve_artifact_candidate
relative_clause,she_coref,recursive,coreference,False,0.882304,-0.435628,-0.270764,-0.435628,-0.173671,-0.435628,ordinary
relative_clause,syntactic_do_not,recursive,negation,False,0.939687,0.391384,-0.075978,0.391384,0.010561,-0.075978,category_curve_artifact_candidate
relative_clause,target_language_switch,recursive,translation,False,0.866350,-0.433732,-0.114520,-0.433732,-0.376339,-0.433732,ordinary
relative_clause,they_coref,recursive,coreference,False,0.864007,-0.159948,0.464312,-0.159948,0.033159,-0.159948,ordinary
scope_quantifier,she_coref,negation,coreference,False,0.888985,-0.257823,0.023680,-0.257823,-0.119092,-0.257823,ordinary
scope_quantifier,syntactic_do_not,negation,negation,True,0.966400,0.685059,0.440829,0.685059,0.455189,0.440829,residual_stable_reuse_candidate
scope_quantifier,target_language_switch,negation,translation,False,0.879491,-0.206616,-0.083941,-0.206616,-0.114160,-0.206616,ordinary
scope_quantifier,they_coref,negation,coreference,False,0.864344,-0.093282,-0.125415,-0.093282,0.025293,-0.125415,ordinary
she_coref,syntactic_do_not,coreference,negation,False,0.861764,-0.305495,-0.046884,-0.305495,-0.126180,-0.305495,ordinary
she_coref,target_language_switch,coreference,translation,False,0.959595,0.611359,0.285346,0.611359,0.442187,0.285346,residual_stable_reuse_candidate
she_coref,they_coref,coreference,coreference,True,0.912335,0.325749,-0.234421,0.325749,0.112243,-0.234421,category_curve_artifact_candidate
syntactic_do_not,target_language_switch,negation,translation,False,0.844957,-0.314845,-0.239516,-0.314845,-0.162404,-0.314845,ordinary
syntactic_do_not,they_coref,negation,coreference,False,0.842884,-0.103812,-0.092103,-0.103812,0.021741,-0.103812,ordinary
target_language_switch,they_coref,translation,coreference,False,0.912563,0.378016,-0.317997,0.378016,-0.003044,-0.317997,category_curve_artifact_candidate
