a,b,category_a,category_b,same_category,raw_similarity,model_centered_similarity,category_centered_similarity,group_centered_similarity,zscore_similarity,min_centered_similarity,label
and_or,by_phrase,logical,passive,False,0.926068,0.198632,0.215813,0.198632,-0.253739,0.198632,ordinary
and_or,casual,logical,style,False,0.883929,0.271126,0.583165,0.271126,0.069291,0.271126,ordinary
and_or,causal,logical,logical,True,0.967012,0.675640,0.475963,0.675640,0.158987,0.475963,residual_stable_reuse_candidate
and_or,center_embedding,logical,recursive,False,0.849743,-0.754139,-0.454758,-0.754139,-0.318165,-0.754139,ordinary
and_or,complement_clause,logical,recursive,False,0.930384,0.256766,0.548259,0.256766,-0.013552,0.256766,ordinary
and_or,concise,logical,style,False,0.890471,0.337632,0.654835,0.337632,0.242805,0.337632,ordinary
and_or,conditional,logical,logical,True,0.963817,0.635635,0.406044,0.635635,0.204988,0.406044,residual_stable_reuse_candidate
and_or,contrast,logical,logical,True,0.971413,0.723822,0.559248,0.723822,0.239303,0.559248,residual_stable_reuse_candidate
and_or,dative_passive,logical,passive,False,0.933621,0.265762,0.333810,0.265762,-0.202023,0.265762,ordinary
and_or,deep_complement,logical,recursive,False,0.864425,-0.593941,-0.312621,-0.593941,-0.149402,-0.593941,ordinary
and_or,deictic_switch,logical,coreference,False,0.900034,-0.063128,-0.342476,-0.063128,0.154235,-0.342476,model_curve_artifact_candidate
and_or,double_relative,logical,recursive,False,0.859675,-0.776384,-0.452631,-0.776384,-0.265027,-0.776384,ordinary
and_or,en_fr_phrase,logical,translation,False,0.882879,-0.558054,-0.328776,-0.558054,-0.091351,-0.558054,ordinary
and_or,en_fr_word,logical,translation,False,0.906167,0.005122,0.469571,0.005122,0.169240,0.005122,model_curve_artifact_candidate
and_or,en_zh_phrase,logical,translation,False,0.870226,-0.745364,-0.603428,-0.745364,-0.297971,-0.745364,ordinary
and_or,en_zh_word,logical,translation,False,0.874039,-0.625304,-0.429526,-0.625304,-0.161689,-0.625304,ordinary
and_or,existential_no,logical,negation,False,0.951322,0.472914,0.418398,0.472914,0.090527,0.418398,residual_stable_reuse_candidate
and_or,formal,logical,style,False,0.831306,-0.809407,-0.657059,-0.809407,-0.328539,-0.809407,ordinary
and_or,future_will,logical,tense,False,0.855520,-0.790073,-0.522452,-0.790073,-0.290418,-0.790073,ordinary
and_or,get_passive,logical,passive,False,0.931134,0.258727,0.305948,0.258727,-0.132914,0.258727,ordinary
and_or,he_coref,logical,coreference,False,0.902618,-0.203339,-0.545503,-0.203339,0.159371,-0.545503,model_curve_artifact_candidate
and_or,inference,logical,logical,True,0.962695,0.634136,0.409606,0.634136,0.100930,0.409606,residual_stable_reuse_candidate
and_or,it_coref,logical,coreference,False,0.880442,0.337336,0.452301,0.337336,0.086062,0.337336,ordinary
and_or,lexical_not_adj,logical,negation,False,0.912448,0.103656,-0.310129,0.103656,-0.168935,-0.310129,category_curve_artifact_candidate
and_or,long_passive,logical,passive,False,0.871654,-0.784385,-0.521370,-0.784385,-0.341186,-0.784385,ordinary
and_or,morphological_neg,logical,negation,False,0.954943,0.530305,0.273353,0.530305,0.208306,0.273353,residual_stable_reuse_candidate
and_or,negated_condition,logical,logical,True,0.842474,-0.720520,-0.668905,-0.720520,-0.190344,-0.720520,ordinary
and_or,nested_condition,logical,logical,True,0.854828,-0.665967,-0.680299,-0.665967,-0.174286,-0.680299,ordinary
and_or,nested_contrast,logical,logical,True,0.850351,-0.673569,-0.660500,-0.673569,-0.233418,-0.673569,ordinary
and_or,nested_passive,logical,passive,False,0.867897,-0.807109,-0.557833,-0.807109,-0.202028,-0.807109,ordinary
and_or,never,logical,negation,False,0.917423,0.183271,-0.118270,0.183271,0.013183,-0.118270,category_curve_artifact_candidate
and_or,no_agent,logical,passive,False,0.965598,0.659318,0.596559,0.659318,0.157629,0.596559,residual_stable_reuse_candidate
and_or,past_simple,logical,tense,False,0.904923,-0.102057,0.496517,-0.102057,0.149398,-0.102057,model_curve_artifact_candidate
and_or,perfect,logical,tense,False,0.859527,-0.758155,-0.449373,-0.758155,-0.227630,-0.758155,ordinary
and_or,poetic,logical,style,False,0.871454,-0.625141,-0.515426,-0.625141,-0.063865,-0.625141,ordinary
and_or,possessive_chain,logical,recursive,False,0.927341,0.223434,0.466382,0.223434,0.054556,0.223434,ordinary
and_or,pp_chain,logical,recursive,False,0.911455,0.076757,0.254753,0.076757,-0.294487,0.076757,model_curve_artifact_candidate
and_or,progressive,logical,tense,False,0.856351,-0.751574,-0.428082,-0.751574,-0.217975,-0.751574,ordinary
and_or,relative_clause,logical,recursive,False,0.909306,0.068230,0.277407,0.068230,-0.107541,0.068230,model_curve_artifact_candidate
and_or,scope_quantifier,logical,negation,False,0.911404,0.132524,-0.235981,0.132524,-0.002607,-0.235981,category_curve_artifact_candidate
and_or,she_coref,logical,coreference,False,0.916026,0.127764,-0.299131,0.127764,0.286386,-0.299131,category_curve_artifact_candidate
and_or,syntactic_do_not,logical,negation,False,0.909417,0.104510,-0.185401,0.104510,-0.209020,-0.185401,category_curve_artifact_candidate
and_or,target_language_switch,logical,translation,False,0.912797,0.134654,0.603227,0.134654,0.350625,0.134654,ordinary
and_or,they_coref,logical,coreference,False,0.892232,0.360460,0.527633,0.360460,0.327477,0.360460,ordinary
by_phrase,casual,passive,style,False,0.804226,-0.602851,-0.231749,-0.602851,-0.260707,-0.602851,ordinary
by_phrase,causal,passive,logical,False,0.958886,0.381614,0.335584,0.381614,-0.032466,0.335584,ordinary
by_phrase,center_embedding,passive,recursive,False,0.923541,-0.281361,-0.631387,-0.281361,-0.091861,-0.631387,model_curve_artifact_candidate
by_phrase,complement_clause,passive,recursive,False,0.989836,0.840736,0.726191,0.840736,0.153840,0.726191,residual_stable_reuse_candidate
by_phrase,concise,passive,style,False,0.795016,-0.626218,-0.274417,-0.626218,-0.404786,-0.626218,ordinary
by_phrase,conditional,passive,logical,False,0.967316,0.483731,0.431587,0.483731,0.011969,0.431587,residual_stable_reuse_candidate
by_phrase,contrast,passive,logical,False,0.958944,0.384588,0.322384,0.384588,-0.026027,0.322384,ordinary
by_phrase,dative_passive,passive,passive,True,0.995351,0.923346,0.784221,0.923346,0.581572,0.784221,residual_stable_reuse_candidate
by_phrase,deep_complement,passive,recursive,False,0.911930,-0.496536,-0.810790,-0.496536,-0.267740,-0.810790,model_curve_artifact_candidate
by_phrase,deictic_switch,passive,coreference,False,0.901119,-0.503960,0.258836,-0.503960,-0.070590,-0.503960,model_curve_artifact_candidate
by_phrase,double_relative,passive,recursive,False,0.925273,-0.380550,-0.771109,-0.380550,-0.177926,-0.771109,model_curve_artifact_candidate
by_phrase,en_fr_phrase,passive,translation,False,0.921948,-0.555640,0.351899,-0.555640,-0.069480,-0.555640,model_curve_artifact_candidate
by_phrase,en_fr_word,passive,translation,False,0.884189,-0.760048,-0.287015,-0.760048,-0.392138,-0.760048,ordinary
by_phrase,en_zh_phrase,passive,translation,False,0.920394,-0.588612,0.157082,-0.588612,-0.363358,-0.588612,model_curve_artifact_candidate
by_phrase,en_zh_word,passive,translation,False,0.919937,-0.527343,0.258105,-0.527343,-0.152318,-0.527343,model_curve_artifact_candidate
by_phrase,existential_no,passive,negation,False,0.989858,0.827722,-0.246399,0.827722,0.385909,-0.246399,category_curve_artifact_candidate
by_phrase,formal,passive,style,False,0.926293,-0.112663,0.273976,-0.112663,0.362254,-0.112663,model_curve_artifact_candidate
by_phrase,future_will,passive,tense,False,0.929343,-0.270697,0.291517,-0.270697,0.212025,-0.270697,model_curve_artifact_candidate
by_phrase,get_passive,passive,passive,True,0.991209,0.860179,0.637941,0.860179,0.377694,0.637941,residual_stable_reuse_candidate
by_phrase,he_coref,passive,coreference,False,0.907972,-0.714916,0.098892,-0.714916,-0.113048,-0.714916,model_curve_artifact_candidate
by_phrase,inference,passive,logical,False,0.954570,0.344654,0.265634,0.344654,-0.042582,0.265634,ordinary
by_phrase,it_coref,passive,coreference,False,0.780023,-0.603212,-0.174858,-0.603212,-0.386035,-0.603212,ordinary
by_phrase,lexical_not_adj,passive,negation,False,0.992634,0.896811,0.187369,0.896811,0.485489,0.187369,ordinary
by_phrase,long_passive,passive,passive,True,0.929803,-0.452005,-0.767372,-0.452005,0.161151,-0.767372,model_curve_artifact_candidate
by_phrase,morphological_neg,passive,negation,False,0.974177,0.583825,-0.378592,0.583825,-0.021428,-0.378592,category_curve_artifact_candidate
by_phrase,negated_condition,passive,logical,False,0.927065,-0.127430,-0.221343,-0.127430,0.324087,-0.221343,model_curve_artifact_candidate
by_phrase,nested_condition,passive,logical,False,0.914907,-0.399808,-0.458860,-0.399808,-0.272603,-0.458860,model_curve_artifact_candidate
by_phrase,nested_contrast,passive,logical,False,0.920341,-0.269010,-0.324360,-0.269010,-0.007227,-0.324360,model_curve_artifact_candidate
by_phrase,nested_passive,passive,passive,True,0.928664,-0.445037,-0.770783,-0.445037,-0.050840,-0.770783,model_curve_artifact_candidate
by_phrase,never,passive,negation,False,0.988456,0.847683,0.264173,0.847683,0.402340,0.264173,residual_stable_reuse_candidate
by_phrase,no_agent,passive,passive,True,0.964264,0.457540,0.074718,0.457540,0.028081,0.074718,ordinary
by_phrase,past_simple,passive,tense,False,0.899081,-0.730005,-0.305871,-0.730005,-0.243196,-0.730005,ordinary
by_phrase,perfect,passive,tense,False,0.928550,-0.302447,0.271148,-0.302447,0.173613,-0.302447,model_curve_artifact_candidate
by_phrase,poetic,passive,style,False,0.924711,-0.398746,0.204478,-0.398746,-0.072307,-0.398746,model_curve_artifact_candidate
by_phrase,possessive_chain,passive,recursive,False,0.984549,0.758420,0.570310,0.758420,-0.047332,0.570310,residual_stable_reuse_candidate
by_phrase,pp_chain,passive,recursive,False,0.986227,0.796826,0.719404,0.796826,0.206636,0.719404,residual_stable_reuse_candidate
by_phrase,progressive,passive,tense,False,0.928232,-0.267880,0.297048,-0.267880,0.207528,-0.267880,model_curve_artifact_candidate
by_phrase,relative_clause,passive,recursive,False,0.992906,0.900162,0.801321,0.900162,0.431730,0.801321,residual_stable_reuse_candidate
by_phrase,scope_quantifier,passive,negation,False,0.985734,0.814518,0.077625,0.814518,0.225100,0.077625,ordinary
by_phrase,she_coref,passive,coreference,False,0.882167,-0.750832,0.092507,-0.750832,-0.307873,-0.750832,ordinary
by_phrase,syntactic_do_not,passive,negation,False,0.992238,0.901238,0.355669,0.901238,0.620507,0.355669,residual_stable_reuse_candidate
by_phrase,target_language_switch,passive,translation,False,0.869903,-0.813251,-0.309814,-0.813251,-0.597109,-0.813251,ordinary
by_phrase,they_coref,passive,coreference,False,0.791869,-0.624377,-0.219327,-0.624377,-0.474870,-0.624377,ordinary
casual,causal,style,logical,False,0.858747,-0.072032,0.257506,-0.072032,0.130153,-0.072032,ordinary
casual,center_embedding,style,recursive,False,0.861647,-0.116551,0.004913,-0.116551,-0.127215,-0.116551,ordinary
casual,complement_clause,style,recursive,False,0.804953,-0.576226,0.029931,-0.576226,-0.233812,-0.576226,ordinary
casual,concise,style,style,True,0.994365,0.972168,0.930215,0.972168,0.857896,0.930215,residual_stable_reuse_candidate
casual,conditional,style,logical,False,0.853092,-0.153905,0.172372,-0.153905,0.271792,-0.153905,ordinary
casual,contrast,style,logical,False,0.860955,-0.051154,0.313170,-0.051154,0.277590,-0.051154,ordinary
casual,dative_passive,style,passive,False,0.813516,-0.570086,-0.090544,-0.570086,-0.193186,-0.570086,ordinary
casual,deep_complement,style,recursive,False,0.866147,-0.082547,0.088288,-0.082547,-0.044373,-0.082547,ordinary
casual,deictic_switch,style,coreference,False,0.901931,0.293874,-0.758234,0.293874,-0.109242,-0.758234,category_curve_artifact_candidate
casual,double_relative,style,recursive,False,0.859247,-0.211573,-0.046787,-0.211573,-0.250752,-0.211573,ordinary
casual,en_fr_phrase,style,translation,False,0.883126,0.002391,-0.625406,0.002391,-0.206775,-0.625406,ordinary
casual,en_fr_word,style,translation,False,0.926401,0.504844,0.520662,0.504844,0.212871,0.504844,residual_stable_reuse_candidate
casual,en_zh_phrase,style,translation,False,0.873922,-0.103982,-0.652940,-0.103982,-0.202518,-0.652940,ordinary
casual,en_zh_word,style,translation,False,0.881746,0.009695,-0.492432,0.009695,-0.158884,-0.492432,ordinary
casual,existential_no,style,negation,False,0.824112,-0.505436,0.385661,-0.505436,-0.237583,-0.505436,ordinary
casual,formal,style,style,True,0.828366,-0.333654,-0.918521,-0.333654,-0.344862,-0.918521,ordinary
casual,future_will,style,tense,False,0.849147,-0.294667,-0.587968,-0.294667,-0.449393,-0.587968,ordinary
casual,get_passive,style,passive,False,0.812611,-0.523395,-0.051791,-0.523395,-0.138877,-0.523395,ordinary
casual,he_coref,style,coreference,False,0.908544,0.307271,-0.822077,0.307271,-0.055013,-0.822077,category_curve_artifact_candidate
casual,inference,style,logical,False,0.855366,-0.074635,0.252256,-0.074635,0.196545,-0.074635,ordinary
casual,it_coref,style,coreference,False,0.986083,0.938280,0.823943,0.938280,0.518593,0.823943,residual_stable_reuse_candidate
casual,lexical_not_adj,style,negation,False,0.784153,-0.664438,-0.364854,-0.664438,-0.315307,-0.664438,ordinary
casual,long_passive,style,passive,False,0.875235,-0.113428,-0.069979,-0.113428,-0.230471,-0.113428,ordinary
casual,morphological_neg,style,negation,False,0.837972,-0.306531,0.408310,-0.306531,0.135631,-0.306531,ordinary
casual,negated_condition,style,logical,False,0.834213,-0.303807,-0.472101,-0.303807,-0.435600,-0.472101,ordinary
casual,nested_condition,style,logical,False,0.861064,-0.109411,-0.286608,-0.109411,-0.072951,-0.286608,ordinary
casual,nested_contrast,style,logical,False,0.850073,-0.187242,-0.357744,-0.187242,-0.233371,-0.357744,ordinary
casual,nested_passive,style,passive,False,0.870079,-0.160260,-0.119536,-0.160260,-0.272737,-0.160260,ordinary
casual,never,style,negation,False,0.783515,-0.615596,-0.317720,-0.615596,-0.270529,-0.615596,ordinary
casual,no_agent,style,passive,False,0.854752,-0.112304,0.443302,-0.112304,0.199828,-0.112304,ordinary
casual,past_simple,style,tense,False,0.919227,0.427966,0.626348,0.427966,0.035681,0.427966,residual_stable_reuse_candidate
casual,perfect,style,tense,False,0.851993,-0.276927,-0.559879,-0.276927,-0.402337,-0.559879,ordinary
casual,poetic,style,style,True,0.863540,-0.170301,-0.930685,-0.170301,-0.328654,-0.930685,ordinary
casual,possessive_chain,style,recursive,False,0.810339,-0.525778,0.124398,-0.525778,-0.072843,-0.525778,ordinary
casual,pp_chain,style,recursive,False,0.799846,-0.562279,0.003402,-0.562279,-0.008599,-0.562279,ordinary
casual,progressive,style,tense,False,0.845780,-0.313009,-0.612831,-0.313009,-0.470593,-0.612831,ordinary
casual,relative_clause,style,recursive,False,0.783067,-0.677504,-0.212273,-0.677504,-0.263820,-0.677504,ordinary
casual,scope_quantifier,style,negation,False,0.777652,-0.643284,-0.339556,-0.643284,-0.208999,-0.643284,ordinary
casual,she_coref,style,coreference,False,0.967073,0.849576,-0.321465,0.849576,0.225147,-0.321465,category_curve_artifact_candidate
casual,syntactic_do_not,style,negation,False,0.794069,-0.528610,-0.073951,-0.528610,-0.258461,-0.528610,ordinary
casual,target_language_switch,style,translation,False,0.957553,0.760945,0.836462,0.760945,0.435450,0.760945,residual_stable_reuse_candidate
casual,they_coref,style,coreference,False,0.988527,0.944071,0.845898,0.944071,0.733188,0.845898,residual_stable_reuse_candidate
causal,center_embedding,logical,recursive,False,0.887515,-0.777345,-0.687229,-0.777345,-0.367920,-0.777345,ordinary
causal,complement_clause,logical,recursive,False,0.959317,0.397816,0.607911,0.397816,0.023169,0.397816,ordinary
causal,concise,logical,style,False,0.861482,-0.006635,0.335500,-0.006635,0.164747,-0.006635,ordinary
causal,conditional,logical,logical,True,0.992473,0.888721,0.771084,0.888721,0.641037,0.771084,residual_stable_reuse_candidate
causal,contrast,logical,logical,True,0.995453,0.935411,0.867611,0.935411,0.684329,0.867611,residual_stable_reuse_candidate
causal,dative_passive,logical,passive,False,0.963142,0.422993,0.393646,0.422993,-0.069583,0.393646,residual_stable_reuse_candidate
causal,deep_complement,logical,recursive,False,0.900718,-0.589038,-0.500697,-0.589038,-0.261361,-0.589038,model_curve_artifact_candidate
causal,deictic_switch,logical,coreference,False,0.906841,-0.339844,-0.214335,-0.339844,-0.239853,-0.339844,model_curve_artifact_candidate
causal,double_relative,logical,recursive,False,0.902153,-0.700533,-0.566827,-0.700533,-0.220808,-0.700533,model_curve_artifact_candidate
causal,en_fr_phrase,logical,translation,False,0.918922,-0.510983,-0.233712,-0.510983,-0.134431,-0.510983,model_curve_artifact_candidate
causal,en_fr_word,logical,translation,False,0.929589,-0.011765,0.498173,-0.011765,0.275108,-0.011765,model_curve_artifact_candidate
causal,en_zh_phrase,logical,translation,False,0.913548,-0.615475,-0.408471,-0.615475,-0.238633,-0.615475,model_curve_artifact_candidate
causal,en_zh_word,logical,translation,False,0.914455,-0.529733,-0.255686,-0.529733,-0.162067,-0.529733,model_curve_artifact_candidate
causal,existential_no,logical,negation,False,0.977977,0.649234,0.415495,0.649234,0.113434,0.415495,residual_stable_reuse_candidate
causal,formal,logical,style,False,0.880562,-0.705957,-0.324167,-0.705957,-0.225374,-0.705957,ordinary
causal,future_will,logical,tense,False,0.896166,-0.758814,-0.399856,-0.758814,-0.309553,-0.758814,ordinary
causal,get_passive,logical,passive,False,0.956921,0.353981,0.238757,0.353981,-0.106298,0.238757,ordinary
causal,he_coref,logical,coreference,False,0.923278,-0.337239,-0.177107,-0.337239,-0.069875,-0.337239,model_curve_artifact_candidate
causal,inference,logical,logical,True,0.995159,0.934278,0.868065,0.934278,0.644642,0.868065,residual_stable_reuse_candidate
causal,it_coref,logical,coreference,False,0.846817,-0.016910,0.154900,-0.016910,-0.006950,-0.016910,ordinary
causal,lexical_not_adj,logical,negation,False,0.948692,0.294170,-0.208713,0.294170,0.026140,-0.208713,category_curve_artifact_candidate
causal,long_passive,logical,passive,False,0.911346,-0.722639,-0.657286,-0.722639,-0.209152,-0.722639,model_curve_artifact_candidate
causal,morphological_neg,logical,negation,False,0.988680,0.829803,0.499860,0.829803,0.548442,0.499860,residual_stable_reuse_candidate
causal,negated_condition,logical,logical,True,0.880457,-0.746564,-0.806607,-0.746564,-0.336735,-0.806607,ordinary
causal,nested_condition,logical,logical,True,0.891090,-0.689680,-0.834999,-0.689680,-0.252530,-0.834999,ordinary
causal,nested_contrast,logical,logical,True,0.883125,-0.757835,-0.873175,-0.757835,-0.405615,-0.873175,ordinary
causal,nested_passive,logical,passive,False,0.908535,-0.741371,-0.695025,-0.741371,-0.213953,-0.741371,model_curve_artifact_candidate
causal,never,logical,negation,False,0.945997,0.290282,-0.310416,0.290282,-0.127413,-0.310416,category_curve_artifact_candidate
causal,no_agent,logical,passive,False,0.993889,0.912199,0.820416,0.912199,0.628822,0.820416,residual_stable_reuse_candidate
causal,past_simple,logical,tense,False,0.925993,-0.192215,0.439381,-0.192215,-0.038663,-0.192215,model_curve_artifact_candidate
causal,perfect,logical,tense,False,0.898018,-0.750469,-0.401983,-0.750469,-0.306346,-0.750469,ordinary
causal,poetic,logical,style,False,0.905845,-0.644468,-0.236475,-0.644468,-0.282977,-0.644468,model_curve_artifact_candidate
causal,possessive_chain,logical,recursive,False,0.961771,0.435444,0.644532,0.435444,0.227981,0.435444,residual_stable_reuse_candidate
causal,pp_chain,logical,recursive,False,0.955591,0.374078,0.615360,0.374078,0.127301,0.374078,ordinary
causal,progressive,logical,tense,False,0.894550,-0.754879,-0.433982,-0.754879,-0.346368,-0.754879,ordinary
causal,relative_clause,logical,recursive,False,0.944382,0.232284,0.375302,0.232284,-0.106122,0.232284,ordinary
causal,scope_quantifier,logical,negation,False,0.942127,0.251271,-0.374426,0.251271,-0.032679,-0.374426,category_curve_artifact_candidate
causal,she_coref,logical,coreference,False,0.913044,-0.222514,-0.182131,-0.222514,-0.137093,-0.222514,model_curve_artifact_candidate
causal,syntactic_do_not,logical,negation,False,0.938953,0.199965,-0.346271,0.199965,-0.234882,-0.346271,category_curve_artifact_candidate
causal,target_language_switch,logical,translation,False,0.917973,-0.082655,0.253449,-0.082655,0.186958,-0.082655,model_curve_artifact_candidate
causal,they_coref,logical,coreference,False,0.863387,0.029698,0.308128,0.029698,0.164162,0.029698,ordinary
center_embedding,complement_clause,recursive,recursive,True,0.928070,-0.183652,-0.715675,-0.183652,0.247858,-0.715675,model_curve_artifact_candidate
center_embedding,concise,recursive,style,False,0.848790,-0.187431,-0.051083,-0.187431,-0.129405,-0.187431,ordinary
center_embedding,conditional,recursive,logical,False,0.891175,-0.805269,-0.802731,-0.805269,-0.496396,-0.805269,ordinary
center_embedding,contrast,recursive,logical,False,0.883742,-0.831089,-0.733536,-0.831089,-0.492584,-0.831089,ordinary
center_embedding,dative_passive,recursive,passive,False,0.926534,-0.291228,-0.661156,-0.291228,-0.020914,-0.661156,model_curve_artifact_candidate
center_embedding,deep_complement,recursive,recursive,True,0.978459,0.614805,0.617656,0.614805,0.533624,0.614805,residual_stable_reuse_candidate
center_embedding,deictic_switch,recursive,coreference,False,0.946883,0.154864,0.037566,0.154864,-0.178316,0.037566,category_curve_artifact_candidate
center_embedding,double_relative,recursive,recursive,True,0.990258,0.814704,0.806133,0.814704,0.580380,0.806133,residual_stable_reuse_candidate
center_embedding,en_fr_phrase,recursive,translation,False,0.970812,0.395332,0.057311,0.395332,-0.161026,0.057311,ordinary
center_embedding,en_fr_word,recursive,translation,False,0.930770,-0.101867,-0.136804,-0.101867,-0.288010,-0.136804,model_curve_artifact_candidate
center_embedding,en_zh_phrase,recursive,translation,False,0.982154,0.637199,0.074963,0.637199,0.297697,0.074963,ordinary
center_embedding,en_zh_word,recursive,translation,False,0.976241,0.527776,0.130189,0.527776,0.092994,0.130189,ordinary
center_embedding,existential_no,recursive,negation,False,0.911011,-0.619289,-0.188963,-0.619289,-0.422814,-0.619289,model_curve_artifact_candidate
center_embedding,formal,recursive,style,False,0.984694,0.762232,0.056879,0.762232,0.060171,0.056879,ordinary
center_embedding,future_will,recursive,tense,False,0.989118,0.795874,0.164281,0.795874,-0.009696,0.164281,ordinary
center_embedding,get_passive,recursive,passive,False,0.919579,-0.343103,-0.648394,-0.343103,-0.174048,-0.648394,model_curve_artifact_candidate
center_embedding,he_coref,recursive,coreference,False,0.955102,0.120106,-0.078359,0.120106,-0.319712,-0.078359,category_curve_artifact_candidate
center_embedding,inference,recursive,logical,False,0.882222,-0.787616,-0.719471,-0.787616,-0.373719,-0.787616,ordinary
center_embedding,it_coref,recursive,coreference,False,0.841321,-0.125471,0.067937,-0.125471,0.466140,-0.125471,ordinary
center_embedding,lexical_not_adj,recursive,negation,False,0.922060,-0.183817,0.123647,-0.183817,-0.123690,-0.183817,model_curve_artifact_candidate
center_embedding,long_passive,recursive,passive,False,0.986836,0.733968,0.848945,0.733968,0.089425,0.733968,residual_stable_reuse_candidate
center_embedding,morphological_neg,recursive,negation,False,0.900085,-0.692047,-0.127386,-0.692047,-0.412011,-0.692047,model_curve_artifact_candidate
center_embedding,negated_condition,recursive,logical,False,0.981875,0.708663,0.700746,0.708663,-0.062337,0.700746,residual_stable_reuse_candidate
center_embedding,nested_condition,recursive,logical,False,0.987608,0.785829,0.721447,0.785829,0.666106,0.721447,residual_stable_reuse_candidate
center_embedding,nested_contrast,recursive,logical,False,0.988632,0.810968,0.734395,0.810968,0.515893,0.734395,residual_stable_reuse_candidate
center_embedding,nested_passive,recursive,passive,False,0.988210,0.765555,0.843530,0.765555,0.120800,0.765555,residual_stable_reuse_candidate
center_embedding,never,recursive,negation,False,0.912450,-0.268419,0.038879,-0.268419,-0.236899,-0.268419,model_curve_artifact_candidate
center_embedding,no_agent,recursive,passive,False,0.888136,-0.783949,-0.545377,-0.783949,-0.444396,-0.783949,ordinary
center_embedding,past_simple,recursive,tense,False,0.945686,0.020046,-0.155225,0.020046,-0.220812,-0.155225,model_curve_artifact_candidate
center_embedding,perfect,recursive,tense,False,0.988560,0.783245,0.140676,0.783245,-0.022027,0.140676,ordinary
center_embedding,poetic,recursive,style,False,0.977764,0.567920,-0.019684,0.567920,-0.091795,-0.019684,category_curve_artifact_candidate
center_embedding,possessive_chain,recursive,recursive,True,0.923261,-0.259775,-0.855373,-0.259775,0.253049,-0.855373,model_curve_artifact_candidate
center_embedding,pp_chain,recursive,recursive,True,0.927907,-0.123565,-0.769576,-0.123565,0.330343,-0.769576,model_curve_artifact_candidate
center_embedding,progressive,recursive,tense,False,0.987997,0.777693,0.132780,0.777693,-0.033224,0.132780,ordinary
center_embedding,relative_clause,recursive,recursive,True,0.923444,-0.166780,-0.733539,-0.166780,-0.010288,-0.733539,model_curve_artifact_candidate
center_embedding,scope_quantifier,recursive,negation,False,0.913566,-0.231262,-0.011860,-0.231262,-0.176354,-0.231262,model_curve_artifact_candidate
center_embedding,she_coref,recursive,coreference,False,0.932507,-0.048442,-0.045861,-0.048442,-0.237215,-0.048442,model_curve_artifact_candidate
center_embedding,syntactic_do_not,recursive,negation,False,0.921735,-0.128124,0.226743,-0.128124,0.101110,-0.128124,model_curve_artifact_candidate
center_embedding,target_language_switch,recursive,translation,False,0.922875,-0.118922,-0.082075,-0.118922,-0.241227,-0.118922,model_curve_artifact_candidate
center_embedding,they_coref,recursive,coreference,False,0.843047,-0.214903,-0.021178,-0.214903,-0.079249,-0.214903,ordinary
complement_clause,concise,recursive,style,False,0.795951,-0.597785,0.031504,-0.597785,-0.270737,-0.597785,ordinary
complement_clause,conditional,recursive,logical,False,0.962524,0.418177,0.514084,0.418177,-0.179929,0.418177,residual_stable_reuse_candidate
complement_clause,contrast,recursive,logical,False,0.955286,0.340265,0.536102,0.340265,-0.166281,0.340265,ordinary
complement_clause,dative_passive,recursive,passive,False,0.994216,0.906997,0.822474,0.906997,0.333853,0.822474,residual_stable_reuse_candidate
complement_clause,deep_complement,recursive,recursive,True,0.918400,-0.361338,-0.798823,-0.361338,0.111721,-0.798823,model_curve_artifact_candidate
complement_clause,deictic_switch,recursive,coreference,False,0.900953,-0.481260,0.177143,-0.481260,-0.107084,-0.481260,model_curve_artifact_candidate
complement_clause,double_relative,recursive,recursive,True,0.927877,-0.306102,-0.808295,-0.306102,0.121508,-0.808295,model_curve_artifact_candidate
complement_clause,en_fr_phrase,recursive,translation,False,0.915617,-0.650388,0.100187,-0.650388,-0.302334,-0.650388,model_curve_artifact_candidate
complement_clause,en_fr_word,recursive,translation,False,0.880919,-0.779354,0.051513,-0.779354,-0.444257,-0.779354,ordinary
complement_clause,en_zh_phrase,recursive,translation,False,0.921535,-0.533627,-0.095191,-0.533627,-0.125927,-0.533627,model_curve_artifact_candidate
complement_clause,en_zh_word,recursive,translation,False,0.915706,-0.577584,-0.019871,-0.577584,-0.199791,-0.577584,model_curve_artifact_candidate
complement_clause,existential_no,recursive,negation,False,0.985219,0.753341,0.058693,0.753341,0.074155,0.058693,ordinary
complement_clause,formal,recursive,style,False,0.919209,-0.199555,-0.057591,-0.199555,-0.049212,-0.199555,model_curve_artifact_candidate
complement_clause,future_will,recursive,tense,False,0.929188,-0.249150,-0.025919,-0.249150,0.007661,-0.249150,model_curve_artifact_candidate
complement_clause,get_passive,recursive,passive,False,0.987504,0.804767,0.660568,0.804767,0.143374,0.660568,residual_stable_reuse_candidate
complement_clause,he_coref,recursive,coreference,False,0.904507,-0.746192,-0.072936,-0.746192,-0.369649,-0.746192,model_curve_artifact_candidate
complement_clause,inference,recursive,logical,False,0.954570,0.354510,0.500180,0.354510,0.216027,0.354510,ordinary
complement_clause,it_coref,recursive,coreference,False,0.784205,-0.549738,-0.030910,-0.549738,-0.008276,-0.549738,ordinary
complement_clause,lexical_not_adj,recursive,negation,False,0.988903,0.843800,0.048933,0.843800,0.214085,0.048933,category_curve_artifact_candidate
complement_clause,long_passive,recursive,passive,False,0.926650,-0.487075,-0.835442,-0.487075,-0.162279,-0.835442,model_curve_artifact_candidate
complement_clause,morphological_neg,recursive,negation,False,0.969227,0.512886,-0.154710,0.512886,-0.161344,-0.154710,category_curve_artifact_candidate
complement_clause,negated_condition,recursive,logical,False,0.921463,-0.193597,-0.514973,-0.193597,-0.040764,-0.514973,model_curve_artifact_candidate
complement_clause,nested_condition,recursive,logical,False,0.920585,-0.283238,-0.733247,-0.283238,0.189965,-0.733247,model_curve_artifact_candidate
complement_clause,nested_contrast,recursive,logical,False,0.927977,-0.127545,-0.538849,-0.127545,0.346378,-0.538849,model_curve_artifact_candidate
complement_clause,nested_passive,recursive,passive,False,0.926265,-0.463780,-0.860056,-0.463780,-0.228450,-0.860056,model_curve_artifact_candidate
complement_clause,never,recursive,negation,False,0.983144,0.775377,0.149059,0.775377,0.167509,0.149059,ordinary
complement_clause,no_agent,recursive,passive,False,0.958066,0.373523,0.380317,0.373523,-0.200431,0.373523,ordinary
complement_clause,past_simple,recursive,tense,False,0.894685,-0.773005,-0.057288,-0.773005,-0.407887,-0.773005,ordinary
complement_clause,perfect,recursive,tense,False,0.930479,-0.242488,0.060464,-0.242488,0.040984,-0.242488,model_curve_artifact_candidate
complement_clause,poetic,recursive,style,False,0.921348,-0.433506,0.005862,-0.433506,-0.187132,-0.433506,model_curve_artifact_candidate
complement_clause,possessive_chain,recursive,recursive,True,0.987940,0.814536,0.624535,0.814536,0.350941,0.624535,residual_stable_reuse_candidate
complement_clause,pp_chain,recursive,recursive,True,0.990372,0.860097,0.695065,0.860097,0.440852,0.695065,residual_stable_reuse_candidate
complement_clause,progressive,recursive,tense,False,0.930745,-0.200186,0.123262,-0.200186,0.087517,-0.200186,model_curve_artifact_candidate
complement_clause,relative_clause,recursive,recursive,True,0.987598,0.824313,0.642842,0.824313,0.196502,0.642842,residual_stable_reuse_candidate
complement_clause,scope_quantifier,recursive,negation,False,0.982423,0.770683,-0.017093,0.770683,0.154595,-0.017093,category_curve_artifact_candidate
complement_clause,she_coref,recursive,coreference,False,0.879332,-0.763247,-0.151630,-0.763247,-0.407209,-0.763247,ordinary
complement_clause,syntactic_do_not,recursive,negation,False,0.985402,0.807323,0.057848,0.807323,0.231392,0.057848,ordinary
complement_clause,target_language_switch,recursive,translation,False,0.869993,-0.782848,-0.020251,-0.782848,-0.445601,-0.782848,ordinary
complement_clause,they_coref,recursive,coreference,False,0.791463,-0.607670,-0.024453,-0.607670,-0.324581,-0.607670,ordinary
concise,conditional,style,logical,False,0.853997,-0.099465,0.223830,-0.099465,0.275539,-0.099465,ordinary
concise,contrast,style,logical,False,0.864329,0.018856,0.399464,0.018856,0.317828,0.018856,ordinary
concise,dative_passive,style,passive,False,0.805396,-0.585997,-0.118077,-0.585997,-0.364208,-0.585997,ordinary
concise,deep_complement,style,recursive,False,0.860993,-0.082889,0.139876,-0.082889,0.069363,-0.082889,ordinary
concise,deictic_switch,style,coreference,False,0.899362,0.306412,-0.765672,0.306412,-0.165380,-0.765672,ordinary
concise,double_relative,style,recursive,False,0.851247,-0.238316,-0.025441,-0.238316,-0.129388,-0.238316,ordinary
concise,en_fr_phrase,style,translation,False,0.881209,0.035864,-0.631351,0.035864,-0.155913,-0.631351,ordinary
concise,en_fr_word,style,translation,False,0.933214,0.591101,0.659109,0.591101,0.375497,0.591101,residual_stable_reuse_candidate
concise,en_zh_phrase,style,translation,False,0.868624,-0.105875,-0.736178,-0.105875,-0.145427,-0.736178,ordinary
concise,en_zh_word,style,translation,False,0.875143,-0.008643,-0.615670,-0.008643,-0.076331,-0.615670,ordinary
concise,existential_no,style,negation,False,0.818981,-0.495361,0.483516,-0.495361,-0.334374,-0.495361,ordinary
concise,formal,style,style,True,0.815110,-0.395324,-0.954436,-0.395324,-0.410624,-0.954436,ordinary
concise,future_will,style,tense,False,0.838510,-0.344839,-0.676343,-0.344839,-0.517787,-0.676343,ordinary
concise,get_passive,style,passive,False,0.803454,-0.548091,-0.100210,-0.548091,-0.288065,-0.548091,ordinary
concise,he_coref,style,coreference,False,0.906458,0.329088,-0.822423,0.329088,-0.043266,-0.822423,category_curve_artifact_candidate
concise,inference,style,logical,False,0.858034,-0.012064,0.324182,-0.012064,0.189730,-0.012064,ordinary
concise,it_coref,style,coreference,False,0.989944,0.955764,0.812094,0.955764,0.593002,0.812094,residual_stable_reuse_candidate
concise,lexical_not_adj,style,negation,False,0.772221,-0.704936,-0.453201,-0.704936,-0.487482,-0.704936,ordinary
concise,long_passive,style,passive,False,0.867924,-0.138968,-0.073509,-0.138968,-0.249685,-0.138968,ordinary
concise,morphological_neg,style,negation,False,0.839604,-0.240900,0.559895,-0.240900,0.242649,-0.240900,ordinary
concise,negated_condition,style,logical,False,0.820816,-0.369017,-0.562116,-0.369017,-0.541048,-0.562116,ordinary
concise,nested_condition,style,logical,False,0.851932,-0.145192,-0.348846,-0.145192,-0.014550,-0.348846,ordinary
concise,nested_contrast,style,logical,False,0.838400,-0.242281,-0.440690,-0.242281,-0.234004,-0.440690,ordinary
concise,nested_passive,style,passive,False,0.862394,-0.188232,-0.125236,-0.188232,-0.196723,-0.188232,ordinary
concise,never,style,negation,False,0.772805,-0.645489,-0.373446,-0.645489,-0.403001,-0.645489,ordinary
concise,no_agent,style,passive,False,0.855643,-0.060869,0.531009,-0.060869,0.185754,-0.060869,ordinary
concise,past_simple,style,tense,False,0.919103,0.462967,0.709486,0.462967,0.123199,0.462967,residual_stable_reuse_candidate
concise,perfect,style,tense,False,0.842081,-0.321038,-0.629157,-0.321038,-0.472813,-0.629157,ordinary
concise,poetic,style,style,True,0.857695,-0.175916,-0.890159,-0.175916,-0.351480,-0.890159,ordinary
concise,possessive_chain,style,recursive,False,0.803088,-0.533335,0.154495,-0.533335,-0.014785,-0.533335,ordinary
concise,pp_chain,style,recursive,False,0.788824,-0.599094,-0.033374,-0.599094,-0.090758,-0.599094,ordinary
concise,progressive,style,tense,False,0.835236,-0.360711,-0.688696,-0.360711,-0.553515,-0.688696,ordinary
concise,relative_clause,style,recursive,False,0.772123,-0.709882,-0.231719,-0.709882,-0.350257,-0.709882,ordinary
concise,scope_quantifier,style,negation,False,0.766199,-0.677531,-0.403285,-0.677531,-0.343823,-0.677531,ordinary
concise,she_coref,style,coreference,False,0.966361,0.863494,-0.374589,0.863494,0.335433,-0.374589,category_curve_artifact_candidate
concise,syntactic_do_not,style,negation,False,0.780250,-0.584401,-0.213169,-0.584401,-0.404236,-0.584401,ordinary
concise,target_language_switch,style,translation,False,0.962681,0.820167,0.885219,0.820167,0.644335,0.820167,residual_stable_reuse_candidate
concise,they_coref,style,coreference,False,0.995696,0.979354,0.888806,0.979354,0.887650,0.888806,residual_stable_reuse_candidate
conditional,contrast,logical,logical,True,0.996366,0.947155,0.890571,0.947155,0.901519,0.890571,residual_stable_reuse_candidate
conditional,dative_passive,logical,passive,False,0.971447,0.529028,0.491586,0.529028,-0.006077,0.491586,residual_stable_reuse_candidate
conditional,deep_complement,logical,recursive,False,0.908769,-0.533917,-0.500870,-0.533917,-0.342981,-0.533917,model_curve_artifact_candidate
conditional,deictic_switch,logical,coreference,False,0.900789,-0.494135,-0.255570,-0.494135,-0.362710,-0.494135,model_curve_artifact_candidate
conditional,double_relative,logical,recursive,False,0.905629,-0.727215,-0.685478,-0.727215,-0.291044,-0.727215,model_curve_artifact_candidate
conditional,en_fr_phrase,logical,translation,False,0.920672,-0.562711,-0.214637,-0.562711,-0.191807,-0.562711,model_curve_artifact_candidate
conditional,en_fr_word,logical,translation,False,0.928055,-0.082305,0.419544,-0.082305,0.337273,-0.082305,model_curve_artifact_candidate
conditional,en_zh_phrase,logical,translation,False,0.919268,-0.592344,-0.240265,-0.592344,-0.250206,-0.592344,model_curve_artifact_candidate
conditional,en_zh_word,logical,translation,False,0.915474,-0.594981,-0.270328,-0.594981,-0.237741,-0.594981,model_curve_artifact_candidate
conditional,existential_no,logical,negation,False,0.984353,0.736016,0.279169,0.736016,0.238930,0.279169,residual_stable_reuse_candidate
conditional,formal,logical,style,False,0.887585,-0.681062,-0.199806,-0.681062,-0.203560,-0.681062,ordinary
conditional,future_will,logical,tense,False,0.899656,-0.788194,-0.325682,-0.788194,-0.371317,-0.788194,ordinary
conditional,get_passive,logical,passive,False,0.968908,0.510509,0.450144,0.510509,0.046599,0.450144,residual_stable_reuse_candidate
conditional,he_coref,logical,coreference,False,0.924161,-0.394772,-0.047559,-0.394772,-0.041845,-0.394772,model_curve_artifact_candidate
conditional,inference,logical,logical,True,0.991319,0.878737,0.754791,0.878737,0.606295,0.754791,residual_stable_reuse_candidate
conditional,it_coref,logical,coreference,False,0.838674,-0.110164,0.085871,-0.110164,0.027511,-0.110164,ordinary
conditional,lexical_not_adj,logical,negation,False,0.957721,0.393467,-0.221014,0.393467,0.004994,-0.221014,category_curve_artifact_candidate
conditional,long_passive,logical,passive,False,0.915200,-0.741444,-0.742432,-0.741444,-0.304601,-0.742432,model_curve_artifact_candidate
conditional,morphological_neg,logical,negation,False,0.992804,0.885386,0.382936,0.885386,0.698183,0.382936,residual_stable_reuse_candidate
conditional,negated_condition,logical,logical,True,0.886064,-0.743935,-0.771133,-0.743935,-0.389152,-0.771133,ordinary
conditional,nested_condition,logical,logical,True,0.898961,-0.645017,-0.752018,-0.645017,-0.294764,-0.752018,ordinary
conditional,nested_contrast,logical,logical,True,0.887322,-0.776817,-0.862916,-0.776817,-0.521901,-0.862916,ordinary
conditional,nested_passive,logical,passive,False,0.913874,-0.730970,-0.747652,-0.730970,-0.264738,-0.747652,model_curve_artifact_candidate
conditional,never,logical,negation,False,0.956576,0.407284,-0.239441,0.407284,-0.005887,-0.239441,category_curve_artifact_candidate
conditional,no_agent,logical,passive,False,0.993656,0.905185,0.699261,0.905185,0.740653,0.699261,residual_stable_reuse_candidate
conditional,past_simple,logical,tense,False,0.925305,-0.265985,0.385737,-0.265985,-0.056762,-0.265985,model_curve_artifact_candidate
conditional,perfect,logical,tense,False,0.901367,-0.781903,-0.328241,-0.781903,-0.380091,-0.781903,model_curve_artifact_candidate
conditional,poetic,logical,style,False,0.907977,-0.693353,-0.179043,-0.693353,-0.419666,-0.693353,model_curve_artifact_candidate
conditional,possessive_chain,logical,recursive,False,0.973411,0.588202,0.818365,0.588202,0.214594,0.588202,residual_stable_reuse_candidate
conditional,pp_chain,logical,recursive,False,0.961603,0.434648,0.608534,0.434648,0.017317,0.434648,residual_stable_reuse_candidate
conditional,progressive,logical,tense,False,0.897158,-0.799697,-0.425647,-0.799697,-0.449801,-0.799697,ordinary
conditional,relative_clause,logical,recursive,False,0.957896,0.393815,0.582088,0.393815,-0.022672,0.393815,ordinary
conditional,scope_quantifier,logical,negation,False,0.956012,0.410004,-0.163673,0.410004,0.062856,-0.163673,category_curve_artifact_candidate
conditional,she_coref,logical,coreference,False,0.910726,-0.313118,-0.039786,-0.313118,-0.161775,-0.313118,model_curve_artifact_candidate
conditional,syntactic_do_not,logical,negation,False,0.949459,0.311356,-0.298326,0.311356,-0.213246,-0.298326,category_curve_artifact_candidate
conditional,target_language_switch,logical,translation,False,0.916503,-0.150140,0.190209,-0.150140,0.256353,-0.150140,model_curve_artifact_candidate
conditional,they_coref,logical,coreference,False,0.855626,-0.062677,0.244705,-0.062677,0.263890,-0.062677,ordinary
contrast,dative_passive,logical,passive,False,0.964153,0.441050,0.415592,0.441050,-0.021762,0.415592,residual_stable_reuse_candidate
contrast,deep_complement,logical,recursive,False,0.901271,-0.574827,-0.449303,-0.574827,-0.314693,-0.574827,model_curve_artifact_candidate
contrast,deictic_switch,logical,coreference,False,0.904469,-0.369662,-0.291108,-0.369662,-0.337101,-0.369662,model_curve_artifact_candidate
contrast,double_relative,logical,recursive,False,0.899462,-0.741770,-0.589160,-0.741770,-0.255578,-0.741770,ordinary
contrast,en_fr_phrase,logical,translation,False,0.917415,-0.534020,-0.303381,-0.534020,-0.186088,-0.534020,model_curve_artifact_candidate
contrast,en_fr_word,logical,translation,False,0.931153,0.013812,0.548979,0.013812,0.388722,0.013812,model_curve_artifact_candidate
contrast,en_zh_phrase,logical,translation,False,0.912667,-0.626232,-0.445721,-0.626232,-0.273514,-0.626232,model_curve_artifact_candidate
contrast,en_zh_word,logical,translation,False,0.912757,-0.554972,-0.324163,-0.554972,-0.224970,-0.554972,model_curve_artifact_candidate
contrast,existential_no,logical,negation,False,0.979686,0.678666,0.468495,0.678666,0.219898,0.468495,residual_stable_reuse_candidate
contrast,formal,logical,style,False,0.876231,-0.762317,-0.383741,-0.762317,-0.319557,-0.762317,ordinary
contrast,future_will,logical,tense,False,0.892958,-0.807400,-0.489959,-0.807400,-0.396108,-0.807400,ordinary
contrast,get_passive,logical,passive,False,0.959908,0.400921,0.324889,0.400921,-0.000733,0.324889,residual_stable_reuse_candidate
contrast,he_coref,logical,coreference,False,0.924664,-0.307802,-0.171341,-0.307802,-0.011309,-0.307802,model_curve_artifact_candidate
contrast,inference,logical,logical,True,0.993988,0.918344,0.836143,0.918344,0.609456,0.836143,residual_stable_reuse_candidate
contrast,it_coref,logical,coreference,False,0.849402,0.005054,0.183935,0.005054,0.045697,0.005054,ordinary
contrast,lexical_not_adj,logical,negation,False,0.948098,0.288111,-0.274234,0.288111,-0.028951,-0.274234,category_curve_artifact_candidate
contrast,long_passive,logical,passive,False,0.909669,-0.749620,-0.699968,-0.749620,-0.285689,-0.749620,model_curve_artifact_candidate
contrast,morphological_neg,logical,negation,False,0.990127,0.852528,0.517781,0.852528,0.721685,0.517781,residual_stable_reuse_candidate
contrast,negated_condition,logical,logical,True,0.876535,-0.798188,-0.866053,-0.798188,-0.445600,-0.866053,ordinary
contrast,nested_condition,logical,logical,True,0.889794,-0.704238,-0.852828,-0.704238,-0.293209,-0.852828,ordinary
contrast,nested_contrast,logical,logical,True,0.880202,-0.796064,-0.917986,-0.796064,-0.498763,-0.917986,ordinary
contrast,nested_passive,logical,passive,False,0.906420,-0.776114,-0.746514,-0.776114,-0.273988,-0.776114,model_curve_artifact_candidate
contrast,never,logical,negation,False,0.946698,0.301484,-0.309755,0.301484,-0.073201,-0.309755,category_curve_artifact_candidate
contrast,no_agent,logical,passive,False,0.995972,0.942344,0.856528,0.942344,0.804146,0.856528,residual_stable_reuse_candidate
contrast,past_simple,logical,tense,False,0.927763,-0.159460,0.525898,-0.159460,-0.007769,-0.159460,model_curve_artifact_candidate
contrast,perfect,logical,tense,False,0.895245,-0.792323,-0.469949,-0.792323,-0.381218,-0.792323,ordinary
contrast,poetic,logical,style,False,0.902510,-0.697503,-0.291245,-0.697503,-0.412520,-0.697503,model_curve_artifact_candidate
contrast,possessive_chain,logical,recursive,False,0.962273,0.444721,0.708798,0.444721,0.172282,0.444721,residual_stable_reuse_candidate
contrast,pp_chain,logical,recursive,False,0.951467,0.318045,0.538326,0.318045,-0.002928,0.318045,ordinary
contrast,progressive,logical,tense,False,0.891349,-0.802382,-0.518164,-0.802382,-0.442593,-0.802382,ordinary
contrast,relative_clause,logical,recursive,False,0.946047,0.257511,0.468576,0.257511,-0.071606,0.257511,ordinary
contrast,scope_quantifier,logical,negation,False,0.944174,0.279884,-0.312600,0.279884,0.041378,-0.312600,category_curve_artifact_candidate
contrast,she_coref,logical,coreference,False,0.914303,-0.201094,-0.175934,-0.201094,-0.131854,-0.201094,model_curve_artifact_candidate
contrast,syntactic_do_not,logical,negation,False,0.937902,0.188433,-0.419969,0.188433,-0.302230,-0.419969,category_curve_artifact_candidate
contrast,target_language_switch,logical,translation,False,0.921126,-0.037917,0.336432,-0.037917,0.293004,-0.037917,model_curve_artifact_candidate
contrast,they_coref,logical,coreference,False,0.866374,0.055918,0.350461,0.055918,0.285984,0.055918,ordinary
dative_passive,deep_complement,passive,recursive,False,0.916966,-0.480209,-0.791750,-0.480209,-0.194949,-0.791750,model_curve_artifact_candidate
dative_passive,deictic_switch,passive,coreference,False,0.902854,-0.544844,0.148993,-0.544844,-0.097995,-0.544844,model_curve_artifact_candidate
dative_passive,double_relative,passive,recursive,False,0.928505,-0.390089,-0.800402,-0.390089,-0.127312,-0.800402,model_curve_artifact_candidate
dative_passive,en_fr_phrase,passive,translation,False,0.920854,-0.664793,0.081574,-0.664793,-0.180636,-0.664793,model_curve_artifact_candidate
dative_passive,en_fr_word,passive,translation,False,0.891357,-0.726572,-0.153089,-0.726572,-0.351846,-0.726572,ordinary
dative_passive,en_zh_phrase,passive,translation,False,0.925081,-0.576293,0.197650,-0.576293,-0.171296,-0.576293,model_curve_artifact_candidate
dative_passive,en_zh_word,passive,translation,False,0.920613,-0.595267,0.104883,-0.595267,-0.184666,-0.595267,model_curve_artifact_candidate
dative_passive,existential_no,passive,negation,False,0.989725,0.814192,-0.204483,0.814192,0.361258,-0.204483,category_curve_artifact_candidate
dative_passive,formal,passive,style,False,0.922220,-0.226736,0.129007,-0.226736,0.139649,-0.226736,model_curve_artifact_candidate
dative_passive,future_will,passive,tense,False,0.932040,-0.285379,0.217916,-0.285379,0.345900,-0.285379,model_curve_artifact_candidate
dative_passive,get_passive,passive,passive,True,0.992858,0.882232,0.695549,0.882232,0.415931,0.695549,residual_stable_reuse_candidate
dative_passive,he_coref,passive,coreference,False,0.910503,-0.754126,-0.004332,-0.754126,-0.275473,-0.754126,model_curve_artifact_candidate
dative_passive,inference,passive,logical,False,0.959161,0.388512,0.329758,0.388512,-0.075048,0.329758,ordinary
dative_passive,it_coref,passive,coreference,False,0.791227,-0.558867,-0.044117,-0.558867,-0.360206,-0.558867,ordinary
dative_passive,lexical_not_adj,passive,negation,False,0.992035,0.887881,0.217478,0.887881,0.473364,0.217478,residual_stable_reuse_candidate
dative_passive,long_passive,passive,passive,True,0.931074,-0.507440,-0.802695,-0.507440,0.186517,-0.802695,model_curve_artifact_candidate
dative_passive,morphological_neg,passive,negation,False,0.976907,0.610678,-0.271617,0.610678,0.000498,-0.271617,category_curve_artifact_candidate
dative_passive,negated_condition,passive,logical,False,0.922718,-0.249142,-0.394315,-0.249142,0.159619,-0.394315,model_curve_artifact_candidate
dative_passive,nested_condition,passive,logical,False,0.917352,-0.424845,-0.500277,-0.424845,-0.258606,-0.500277,model_curve_artifact_candidate
dative_passive,nested_contrast,passive,logical,False,0.922012,-0.300530,-0.375332,-0.300530,0.023909,-0.375332,model_curve_artifact_candidate
dative_passive,nested_passive,passive,passive,True,0.929611,-0.506326,-0.815438,-0.506326,-0.130905,-0.815438,model_curve_artifact_candidate
dative_passive,never,passive,negation,False,0.985496,0.804013,0.133259,0.804013,0.324561,0.133259,ordinary
dative_passive,no_agent,passive,passive,True,0.966975,0.478119,0.127271,0.478119,-0.041215,0.127271,ordinary
dative_passive,past_simple,passive,tense,False,0.903815,-0.729882,-0.289417,-0.729882,-0.234271,-0.729882,model_curve_artifact_candidate
dative_passive,perfect,passive,tense,False,0.932515,-0.294272,0.310701,-0.294272,0.390939,-0.294272,model_curve_artifact_candidate
dative_passive,poetic,passive,style,False,0.922463,-0.516753,0.064403,-0.516753,-0.185042,-0.516753,model_curve_artifact_candidate
dative_passive,possessive_chain,passive,recursive,False,0.988437,0.812634,0.639882,0.812634,0.038005,0.639882,residual_stable_reuse_candidate
dative_passive,pp_chain,passive,recursive,False,0.987978,0.818625,0.711748,0.818625,0.162646,0.711748,residual_stable_reuse_candidate
dative_passive,progressive,passive,tense,False,0.931666,-0.268702,0.289959,-0.268702,0.389718,-0.268702,model_curve_artifact_candidate
dative_passive,relative_clause,passive,recursive,False,0.991805,0.883544,0.697546,0.883544,0.364308,0.697546,residual_stable_reuse_candidate
dative_passive,scope_quantifier,passive,negation,False,0.983968,0.787690,0.031120,0.787690,0.206172,0.031120,category_curve_artifact_candidate
dative_passive,she_coref,passive,coreference,False,0.886454,-0.763336,-0.043329,-0.763336,-0.409043,-0.763336,ordinary
dative_passive,syntactic_do_not,passive,negation,False,0.989533,0.864097,0.274626,0.864097,0.541775,0.274626,residual_stable_reuse_candidate
dative_passive,target_language_switch,passive,translation,False,0.878678,-0.764256,-0.155278,-0.764256,-0.539715,-0.764256,ordinary
dative_passive,they_coref,passive,coreference,False,0.802434,-0.583215,-0.090785,-0.583215,-0.440368,-0.583215,ordinary
deep_complement,deictic_switch,recursive,coreference,False,0.941809,0.061809,-0.165757,0.061809,-0.165036,-0.165757,model_curve_artifact_candidate
deep_complement,double_relative,recursive,recursive,True,0.986036,0.726672,0.745813,0.726672,0.523774,0.726672,residual_stable_reuse_candidate
deep_complement,en_fr_phrase,recursive,translation,False,0.974040,0.453626,-0.216806,0.453626,-0.054856,-0.216806,category_curve_artifact_candidate
deep_complement,en_fr_word,recursive,translation,False,0.951993,0.227873,0.142748,0.227873,0.050751,0.142748,ordinary
deep_complement,en_zh_phrase,recursive,translation,False,0.990506,0.810074,-0.021379,0.810074,0.359218,-0.021379,category_curve_artifact_candidate
deep_complement,en_zh_word,recursive,translation,False,0.976539,0.525084,-0.201193,0.525084,0.297155,-0.201193,category_curve_artifact_candidate
deep_complement,existential_no,recursive,negation,False,0.914737,-0.574097,0.272671,-0.574097,-0.434905,-0.574097,model_curve_artifact_candidate
deep_complement,formal,recursive,style,False,0.966701,0.470333,-0.158738,0.470333,-0.080643,-0.158738,category_curve_artifact_candidate
deep_complement,future_will,recursive,tense,False,0.976844,0.555097,-0.266245,0.555097,-0.061169,-0.266245,category_curve_artifact_candidate
deep_complement,get_passive,recursive,passive,False,0.913068,-0.471976,-0.682553,-0.471976,-0.315668,-0.682553,model_curve_artifact_candidate
deep_complement,he_coref,recursive,coreference,False,0.965588,0.315839,-0.011204,0.315839,-0.224206,-0.011204,category_curve_artifact_candidate
deep_complement,inference,recursive,logical,False,0.900298,-0.531351,-0.437054,-0.531351,-0.290090,-0.531351,model_curve_artifact_candidate
deep_complement,it_coref,recursive,coreference,False,0.849621,-0.060895,0.083672,-0.060895,0.304097,-0.060895,ordinary
deep_complement,lexical_not_adj,recursive,negation,False,0.909272,-0.397507,-0.102889,-0.397507,-0.379195,-0.397507,model_curve_artifact_candidate
deep_complement,long_passive,recursive,passive,False,0.986147,0.710785,0.837988,0.710785,0.203114,0.710785,residual_stable_reuse_candidate
deep_complement,morphological_neg,recursive,negation,False,0.911765,-0.514944,0.263252,-0.514944,-0.252016,-0.514944,model_curve_artifact_candidate
deep_complement,negated_condition,recursive,logical,False,0.960957,0.360786,0.307830,0.360786,-0.287553,0.307830,ordinary
deep_complement,nested_condition,recursive,logical,False,0.991213,0.846379,0.629420,0.846379,0.623345,0.629420,residual_stable_reuse_candidate
deep_complement,nested_contrast,recursive,logical,False,0.979525,0.654378,0.477688,0.654378,0.420301,0.477688,residual_stable_reuse_candidate
deep_complement,nested_passive,recursive,passive,False,0.985163,0.691537,0.793877,0.691537,0.241961,0.691537,residual_stable_reuse_candidate
deep_complement,never,recursive,negation,False,0.898141,-0.497227,-0.258640,-0.497227,-0.472852,-0.497227,ordinary
deep_complement,no_agent,recursive,passive,False,0.898802,-0.635129,-0.261077,-0.635129,-0.378524,-0.635129,ordinary
deep_complement,past_simple,recursive,tense,False,0.961090,0.287737,0.214658,0.287737,-0.018282,0.214658,ordinary
deep_complement,perfect,recursive,tense,False,0.979399,0.599468,-0.159129,0.599468,-0.025629,-0.159129,category_curve_artifact_candidate
deep_complement,poetic,recursive,style,False,0.974738,0.499640,-0.048983,0.499640,-0.089470,-0.048983,category_curve_artifact_candidate
deep_complement,possessive_chain,recursive,recursive,True,0.928286,-0.192964,-0.593887,-0.192964,0.177487,-0.593887,model_curve_artifact_candidate
deep_complement,pp_chain,recursive,recursive,True,0.920106,-0.262103,-0.809809,-0.262103,0.139565,-0.809809,model_curve_artifact_candidate
deep_complement,progressive,recursive,tense,False,0.977678,0.578527,-0.176689,0.578527,-0.070862,-0.176689,category_curve_artifact_candidate
deep_complement,relative_clause,recursive,recursive,True,0.912963,-0.344948,-0.825257,-0.344948,-0.203635,-0.825257,model_curve_artifact_candidate
deep_complement,scope_quantifier,recursive,negation,False,0.905154,-0.369767,-0.055192,-0.369767,-0.371253,-0.369767,model_curve_artifact_candidate
deep_complement,she_coref,recursive,coreference,False,0.942530,0.097229,0.095523,0.097229,0.005919,0.095523,model_curve_artifact_candidate
deep_complement,syntactic_do_not,recursive,negation,False,0.899095,-0.477935,-0.289210,-0.477935,-0.188202,-0.477935,ordinary
deep_complement,target_language_switch,recursive,translation,False,0.947188,0.230499,0.193080,0.230499,0.112175,0.193080,ordinary
deep_complement,they_coref,recursive,coreference,False,0.854419,-0.119749,0.059097,-0.119749,0.111421,-0.119749,ordinary
deictic_switch,double_relative,coreference,recursive,False,0.949496,0.122870,0.021138,0.122870,-0.345752,0.021138,category_curve_artifact_candidate
deictic_switch,en_fr_phrase,coreference,translation,False,0.975644,0.570127,0.704609,0.570127,0.414997,0.570127,residual_stable_reuse_candidate
deictic_switch,en_fr_word,coreference,translation,False,0.960966,0.433827,-0.405288,0.433827,0.094494,-0.405288,category_curve_artifact_candidate
deictic_switch,en_zh_phrase,coreference,translation,False,0.956089,0.190863,0.421244,0.190863,0.009952,0.190863,ordinary
deictic_switch,en_zh_word,coreference,translation,False,0.960077,0.293326,0.373629,0.293326,0.032399,0.293326,ordinary
deictic_switch,existential_no,coreference,negation,False,0.914314,-0.406856,-0.219126,-0.406856,0.231288,-0.406856,model_curve_artifact_candidate
deictic_switch,formal,coreference,style,False,0.935349,0.067941,0.627831,0.067941,-0.118833,0.067941,model_curve_artifact_candidate
deictic_switch,future_will,coreference,tense,False,0.955593,0.248555,0.392538,0.248555,0.104189,0.248555,ordinary
deictic_switch,get_passive,coreference,passive,False,0.899053,-0.530383,0.075496,-0.530383,-0.120530,-0.530383,ordinary
deictic_switch,he_coref,coreference,coreference,True,0.979316,0.651673,0.634491,0.651673,0.504349,0.634491,residual_stable_reuse_candidate
deictic_switch,inference,coreference,logical,False,0.898871,-0.399727,-0.284094,-0.399727,-0.307922,-0.399727,ordinary
deictic_switch,it_coref,coreference,coreference,True,0.883457,0.267722,-0.839397,0.267722,-0.284023,-0.839397,ordinary
deictic_switch,lexical_not_adj,coreference,negation,False,0.892795,-0.488913,0.280089,-0.488913,-0.031381,-0.488913,ordinary
deictic_switch,long_passive,coreference,passive,False,0.963005,0.305839,0.026649,0.305839,0.137438,0.026649,category_curve_artifact_candidate
deictic_switch,morphological_neg,coreference,negation,False,0.901122,-0.518434,-0.488963,-0.518434,-0.245309,-0.518434,model_curve_artifact_candidate
deictic_switch,negated_condition,coreference,logical,False,0.953735,0.317724,0.449292,0.317724,0.255802,0.317724,ordinary
deictic_switch,nested_condition,coreference,logical,False,0.938989,0.045463,0.119579,0.045463,-0.286935,0.045463,model_curve_artifact_candidate
deictic_switch,nested_contrast,coreference,logical,False,0.951259,0.260450,0.350065,0.260450,0.024580,0.260450,ordinary
deictic_switch,nested_passive,coreference,passive,False,0.958373,0.224771,0.023775,0.224771,0.033709,0.023775,category_curve_artifact_candidate
deictic_switch,never,coreference,negation,False,0.897620,-0.360036,0.453153,-0.360036,0.092891,-0.360036,ordinary
deictic_switch,no_agent,coreference,passive,False,0.905434,-0.372051,-0.364258,-0.372051,-0.227555,-0.372051,model_curve_artifact_candidate
deictic_switch,past_simple,coreference,tense,False,0.970129,0.518101,-0.506999,0.518101,0.394549,-0.506999,category_curve_artifact_candidate
deictic_switch,perfect,coreference,tense,False,0.958626,0.292889,0.457541,0.292889,0.190537,0.292889,ordinary
deictic_switch,poetic,coreference,style,False,0.976870,0.608157,0.859062,0.608157,0.708791,0.608157,residual_stable_reuse_candidate
deictic_switch,possessive_chain,coreference,recursive,False,0.880566,-0.782076,-0.264181,-0.782076,-0.591070,-0.782076,ordinary
deictic_switch,pp_chain,coreference,recursive,False,0.883549,-0.656667,0.004090,-0.656667,-0.433625,-0.656667,ordinary
deictic_switch,progressive,coreference,tense,False,0.958583,0.310809,0.570888,0.310809,0.277672,0.310809,ordinary
deictic_switch,relative_clause,coreference,recursive,False,0.887126,-0.572810,0.217854,-0.572810,-0.166502,-0.572810,ordinary
deictic_switch,scope_quantifier,coreference,negation,False,0.889946,-0.440084,0.286678,-0.440084,-0.047885,-0.440084,ordinary
deictic_switch,she_coref,coreference,coreference,True,0.968839,0.558024,0.137463,0.558024,0.605254,0.137463,ordinary
deictic_switch,syntactic_do_not,coreference,negation,False,0.889429,-0.464486,0.086472,-0.464486,-0.062476,-0.464486,ordinary
deictic_switch,target_language_switch,coreference,translation,False,0.950056,0.336408,-0.721169,0.336408,0.042184,-0.721169,category_curve_artifact_candidate
deictic_switch,they_coref,coreference,coreference,True,0.898452,0.315956,-0.829566,0.315956,-0.151134,-0.829566,ordinary
double_relative,en_fr_phrase,recursive,translation,False,0.979943,0.528129,-0.013408,0.528129,-0.036967,-0.013408,category_curve_artifact_candidate
double_relative,en_fr_word,recursive,translation,False,0.947905,0.095590,0.043728,0.095590,0.012480,0.043728,model_curve_artifact_candidate
double_relative,en_zh_phrase,recursive,translation,False,0.989657,0.758275,-0.040153,0.758275,0.328095,-0.040153,category_curve_artifact_candidate
double_relative,en_zh_word,recursive,translation,False,0.983907,0.637862,0.024132,0.637862,0.219787,0.024132,category_curve_artifact_candidate
double_relative,existential_no,recursive,negation,False,0.920806,-0.598712,0.077208,-0.598712,-0.420951,-0.598712,model_curve_artifact_candidate
double_relative,formal,recursive,style,False,0.983728,0.734764,0.036201,0.734764,0.119243,0.036201,category_curve_artifact_candidate
double_relative,future_will,recursive,tense,False,0.993332,0.859528,0.030770,0.859528,0.251345,0.030770,category_curve_artifact_candidate
double_relative,get_passive,recursive,passive,False,0.922104,-0.434189,-0.759011,-0.434189,-0.255174,-0.759011,model_curve_artifact_candidate
double_relative,he_coref,recursive,coreference,False,0.965871,0.251608,0.061829,0.251608,-0.316757,0.061829,ordinary
double_relative,inference,recursive,logical,False,0.899595,-0.671581,-0.545127,-0.671581,-0.239167,-0.671581,ordinary
double_relative,it_coref,recursive,coreference,False,0.837056,-0.232826,-0.068413,-0.232826,0.104879,-0.232826,ordinary
double_relative,lexical_not_adj,recursive,negation,False,0.922434,-0.289372,-0.021535,-0.289372,-0.218091,-0.289372,model_curve_artifact_candidate
double_relative,long_passive,recursive,passive,False,0.993117,0.837777,0.903524,0.837777,0.258274,0.837777,residual_stable_reuse_candidate
double_relative,morphological_neg,recursive,negation,False,0.916185,-0.567034,0.145247,-0.567034,-0.084026,-0.567034,model_curve_artifact_candidate
double_relative,negated_condition,recursive,logical,False,0.978856,0.635610,0.571095,0.635610,-0.099846,0.571095,residual_stable_reuse_candidate
double_relative,nested_condition,recursive,logical,False,0.988400,0.784833,0.636481,0.784833,0.528683,0.636481,residual_stable_reuse_candidate
double_relative,nested_contrast,recursive,logical,False,0.986889,0.768426,0.617713,0.768426,0.354543,0.617713,residual_stable_reuse_candidate
double_relative,nested_passive,recursive,passive,False,0.993824,0.856142,0.885466,0.856142,0.399377,0.856142,residual_stable_reuse_candidate
double_relative,never,recursive,negation,False,0.913777,-0.364295,-0.076142,-0.364295,-0.341921,-0.364295,model_curve_artifact_candidate
double_relative,no_agent,recursive,passive,False,0.902357,-0.713855,-0.396381,-0.713855,-0.334463,-0.713855,model_curve_artifact_candidate
double_relative,past_simple,recursive,tense,False,0.959959,0.200570,-0.005157,0.200570,-0.107683,-0.005157,category_curve_artifact_candidate
double_relative,perfect,recursive,tense,False,0.993189,0.854028,0.016231,0.854028,0.205532,0.016231,category_curve_artifact_candidate
double_relative,poetic,recursive,style,False,0.981435,0.593492,0.031914,0.593492,-0.141089,0.031914,category_curve_artifact_candidate
double_relative,possessive_chain,recursive,recursive,True,0.927146,-0.315896,-0.850334,-0.315896,0.289406,-0.850334,model_curve_artifact_candidate
double_relative,pp_chain,recursive,recursive,True,0.930019,-0.194196,-0.806288,-0.194196,0.232085,-0.806288,model_curve_artifact_candidate
double_relative,progressive,recursive,tense,False,0.991558,0.826268,-0.029151,0.826268,0.146410,-0.029151,category_curve_artifact_candidate
double_relative,relative_clause,recursive,recursive,True,0.925430,-0.243209,-0.771450,-0.243209,-0.057044,-0.771450,model_curve_artifact_candidate
double_relative,scope_quantifier,recursive,negation,False,0.913980,-0.336753,-0.144862,-0.336753,-0.242320,-0.336753,model_curve_artifact_candidate
double_relative,she_coref,recursive,coreference,False,0.937081,-0.067822,0.002968,-0.067822,-0.275165,-0.067822,model_curve_artifact_candidate
double_relative,syntactic_do_not,recursive,negation,False,0.916930,-0.307946,-0.076504,-0.307946,-0.114379,-0.307946,model_curve_artifact_candidate
double_relative,target_language_switch,recursive,translation,False,0.937090,0.012374,-0.013148,0.012374,-0.026997,-0.013148,model_curve_artifact_candidate
double_relative,they_coref,recursive,coreference,False,0.847294,-0.250259,-0.008734,-0.250259,-0.050217,-0.250259,ordinary
en_fr_phrase,en_fr_word,translation,translation,True,0.973268,0.524840,-0.444320,0.524840,0.491858,-0.444320,category_curve_artifact_candidate
en_fr_phrase,en_zh_phrase,translation,translation,True,0.987153,0.667792,0.270452,0.667792,0.263626,0.270452,residual_stable_reuse_candidate
en_fr_phrase,en_zh_word,translation,translation,True,0.987002,0.682047,0.271331,0.682047,0.396190,0.271331,residual_stable_reuse_candidate
en_fr_phrase,existential_no,translation,negation,False,0.928484,-0.562894,-0.303467,-0.562894,0.081423,-0.562894,model_curve_artifact_candidate
en_fr_phrase,formal,translation,style,False,0.971680,0.499208,0.532247,0.499208,0.225720,0.499208,residual_stable_reuse_candidate
en_fr_phrase,future_will,translation,tense,False,0.980738,0.563158,0.432539,0.563158,0.375783,0.432539,residual_stable_reuse_candidate
en_fr_phrase,get_passive,translation,passive,False,0.916307,-0.663616,0.031303,-0.663616,-0.325851,-0.663616,model_curve_artifact_candidate
en_fr_phrase,he_coref,translation,coreference,False,0.984764,0.639018,0.422456,0.639018,0.347344,0.422456,residual_stable_reuse_candidate
en_fr_phrase,inference,translation,logical,False,0.914745,-0.518641,-0.325881,-0.518641,-0.236255,-0.518641,model_curve_artifact_candidate
en_fr_phrase,it_coref,translation,coreference,False,0.863772,-0.009887,-0.580118,-0.009887,-0.372070,-0.580118,ordinary
en_fr_phrase,lexical_not_adj,translation,negation,False,0.913902,-0.540562,0.089972,-0.540562,-0.199375,-0.540562,model_curve_artifact_candidate
en_fr_phrase,long_passive,translation,passive,False,0.988639,0.693540,0.002998,0.693540,0.552795,0.002998,category_curve_artifact_candidate
en_fr_phrase,morphological_neg,translation,negation,False,0.925264,-0.505843,-0.476800,-0.505843,0.070770,-0.505843,model_curve_artifact_candidate
en_fr_phrase,negated_condition,translation,logical,False,0.974866,0.542760,0.482664,0.542760,0.168593,0.482664,residual_stable_reuse_candidate
en_fr_phrase,nested_condition,translation,logical,False,0.970504,0.404612,0.125636,0.404612,-0.341040,0.125636,ordinary
en_fr_phrase,nested_contrast,translation,logical,False,0.969917,0.419831,0.318567,0.419831,-0.073344,0.318567,residual_stable_reuse_candidate
en_fr_phrase,nested_passive,translation,passive,False,0.988028,0.684296,0.055916,0.684296,0.514672,0.055916,ordinary
en_fr_phrase,never,translation,negation,False,0.913804,-0.460748,0.533963,-0.460748,-0.235540,-0.460748,model_curve_artifact_candidate
en_fr_phrase,no_agent,translation,passive,False,0.918721,-0.531107,-0.361847,-0.531107,-0.120969,-0.531107,model_curve_artifact_candidate
en_fr_phrase,past_simple,translation,tense,False,0.979358,0.563199,-0.478895,0.563199,0.462992,-0.478895,category_curve_artifact_candidate
en_fr_phrase,perfect,translation,tense,False,0.981342,0.569005,0.426127,0.569005,0.392787,0.426127,residual_stable_reuse_candidate
en_fr_phrase,poetic,translation,style,False,0.992473,0.823604,0.690277,0.823604,0.648941,0.690277,residual_stable_reuse_candidate
en_fr_phrase,possessive_chain,translation,recursive,False,0.913404,-0.689837,-0.251003,-0.689837,-0.642793,-0.689837,model_curve_artifact_candidate
en_fr_phrase,pp_chain,translation,recursive,False,0.912675,-0.609466,0.081221,-0.609466,-0.523351,-0.609466,model_curve_artifact_candidate
en_fr_phrase,progressive,translation,tense,False,0.979902,0.555350,0.486212,0.555350,0.380031,0.486212,residual_stable_reuse_candidate
en_fr_phrase,relative_clause,translation,recursive,False,0.915579,-0.515509,0.289000,-0.515509,-0.372762,-0.515509,model_curve_artifact_candidate
en_fr_phrase,scope_quantifier,translation,negation,False,0.910192,-0.496658,0.221840,-0.496658,-0.395146,-0.496658,model_curve_artifact_candidate
en_fr_phrase,she_coref,translation,coreference,False,0.963437,0.356526,0.272007,0.356526,0.434041,0.272007,ordinary
en_fr_phrase,syntactic_do_not,translation,negation,False,0.909764,-0.526605,0.289688,-0.526605,-0.190722,-0.526605,model_curve_artifact_candidate
en_fr_phrase,target_language_switch,translation,translation,True,0.956454,0.293973,-0.698073,0.293973,0.107557,-0.698073,category_curve_artifact_candidate
en_fr_phrase,they_coref,translation,coreference,False,0.879404,0.043123,-0.641381,0.043123,-0.097219,-0.641381,ordinary
en_fr_word,en_zh_phrase,translation,translation,True,0.964714,0.358932,-0.713454,0.358932,0.249834,-0.713454,category_curve_artifact_candidate
en_fr_word,en_zh_word,translation,translation,True,0.966278,0.408251,-0.619904,0.408251,0.298209,-0.619904,category_curve_artifact_candidate
en_fr_word,existential_no,translation,negation,False,0.905044,-0.558456,0.621590,-0.558456,-0.176432,-0.558456,model_curve_artifact_candidate
en_fr_word,formal,translation,style,False,0.920455,-0.145769,-0.642773,-0.145769,-0.180565,-0.642773,model_curve_artifact_candidate
en_fr_word,future_will,translation,tense,False,0.940226,-0.015599,-0.739801,-0.015599,-0.040297,-0.739801,model_curve_artifact_candidate
en_fr_word,get_passive,translation,passive,False,0.885212,-0.738754,-0.238366,-0.738754,-0.504657,-0.738754,ordinary
en_fr_word,he_coref,translation,coreference,False,0.981458,0.690526,-0.382627,0.690526,0.300737,-0.382627,category_curve_artifact_candidate
en_fr_word,inference,translation,logical,False,0.926661,-0.013921,0.424542,-0.013921,0.156251,-0.013921,model_curve_artifact_candidate
en_fr_word,it_coref,translation,coreference,False,0.917177,0.534544,0.348518,0.534544,-0.004759,0.348518,residual_stable_reuse_candidate
en_fr_word,lexical_not_adj,translation,negation,False,0.869600,-0.809695,-0.444443,-0.809695,-0.559411,-0.809695,ordinary
en_fr_word,long_passive,translation,passive,False,0.962715,0.300923,-0.027464,0.300923,0.356400,-0.027464,category_curve_artifact_candidate
en_fr_word,morphological_neg,translation,negation,False,0.921495,-0.204114,0.693192,-0.204114,0.476374,-0.204114,model_curve_artifact_candidate
en_fr_word,negated_condition,translation,logical,False,0.920909,-0.165406,-0.539682,-0.165406,-0.427428,-0.539682,model_curve_artifact_candidate
en_fr_word,nested_condition,translation,logical,False,0.937985,0.030634,-0.441207,0.030634,-0.242599,-0.441207,model_curve_artifact_candidate
en_fr_word,nested_contrast,translation,logical,False,0.923207,-0.164699,-0.563701,-0.164699,-0.351413,-0.563701,model_curve_artifact_candidate
en_fr_word,nested_passive,translation,passive,False,0.958231,0.222969,-0.087742,0.222969,0.381611,-0.087742,category_curve_artifact_candidate
en_fr_word,never,translation,negation,False,0.864885,-0.794553,-0.417450,-0.794553,-0.615240,-0.794553,ordinary
en_fr_word,no_agent,translation,passive,False,0.923784,-0.104824,0.566926,-0.104824,0.201818,-0.104824,model_curve_artifact_candidate
en_fr_word,past_simple,translation,tense,False,0.990296,0.848593,0.776389,0.848593,0.578312,0.776389,residual_stable_reuse_candidate
en_fr_word,perfect,translation,tense,False,0.943138,0.022621,-0.654478,0.022621,0.023564,-0.654478,model_curve_artifact_candidate
en_fr_word,poetic,translation,style,False,0.953311,0.187737,-0.472612,0.187737,0.121972,-0.472612,category_curve_artifact_candidate
en_fr_word,possessive_chain,translation,recursive,False,0.889375,-0.649113,0.161042,-0.649113,-0.374194,-0.649113,ordinary
en_fr_word,pp_chain,translation,recursive,False,0.874294,-0.786771,-0.109111,-0.786771,-0.505825,-0.786771,ordinary
en_fr_word,progressive,translation,tense,False,0.937481,-0.045246,-0.782599,-0.045246,-0.086964,-0.782599,model_curve_artifact_candidate
en_fr_word,relative_clause,translation,recursive,False,0.870140,-0.808054,-0.167951,-0.808054,-0.584700,-0.808054,ordinary
en_fr_word,scope_quantifier,translation,negation,False,0.862594,-0.797734,-0.462829,-0.797734,-0.645455,-0.797734,ordinary
en_fr_word,she_coref,translation,coreference,False,0.977267,0.677905,-0.364457,0.677905,0.468630,-0.364457,category_curve_artifact_candidate
en_fr_word,syntactic_do_not,translation,negation,False,0.860649,-0.845135,-0.449189,-0.845135,-0.622696,-0.845135,ordinary
en_fr_word,target_language_switch,translation,translation,True,0.984428,0.795605,0.493807,0.795605,0.634793,0.493807,residual_stable_reuse_candidate
en_fr_word,they_coref,translation,coreference,False,0.938055,0.644969,0.575357,0.644969,0.480261,0.575357,residual_stable_reuse_candidate
en_zh_phrase,en_zh_word,translation,translation,True,0.986892,0.679079,0.338163,0.679079,0.312349,0.338163,residual_stable_reuse_candidate
en_zh_phrase,existential_no,translation,negation,False,0.923804,-0.667560,-0.614801,-0.667560,-0.329534,-0.667560,model_curve_artifact_candidate
en_zh_phrase,formal,translation,style,False,0.977627,0.613453,0.726431,0.613453,0.099096,0.613453,residual_stable_reuse_candidate
en_zh_phrase,future_will,translation,tense,False,0.987473,0.718050,0.698387,0.718050,0.365406,0.698387,residual_stable_reuse_candidate
en_zh_phrase,get_passive,translation,passive,False,0.922177,-0.546200,0.211843,-0.546200,-0.222052,-0.546200,model_curve_artifact_candidate
en_zh_phrase,he_coref,translation,coreference,False,0.978479,0.488427,0.569169,0.488427,-0.003110,0.488427,residual_stable_reuse_candidate
en_zh_phrase,inference,translation,logical,False,0.912467,-0.562048,-0.366525,-0.562048,-0.249908,-0.562048,model_curve_artifact_candidate
en_zh_phrase,it_coref,translation,coreference,False,0.854043,-0.113113,-0.441459,-0.113113,0.026437,-0.441459,ordinary
en_zh_phrase,lexical_not_adj,translation,negation,False,0.920325,-0.422652,0.508396,-0.422652,-0.159705,-0.422652,model_curve_artifact_candidate
en_zh_phrase,long_passive,translation,passive,False,0.992724,0.803870,0.070737,0.803870,0.328802,0.070737,ordinary
en_zh_phrase,morphological_neg,translation,negation,False,0.922727,-0.559264,-0.517737,-0.559264,-0.152709,-0.559264,model_curve_artifact_candidate
en_zh_phrase,negated_condition,translation,logical,False,0.974558,0.536474,0.427474,0.536474,-0.049267,0.427474,residual_stable_reuse_candidate
en_zh_phrase,nested_condition,translation,logical,False,0.986536,0.740198,0.497025,0.740198,0.309246,0.497025,residual_stable_reuse_candidate
en_zh_phrase,nested_contrast,translation,logical,False,0.979130,0.606379,0.498177,0.606379,0.220821,0.498177,residual_stable_reuse_candidate
en_zh_phrase,nested_passive,translation,passive,False,0.992344,0.797964,0.123751,0.797964,0.274851,0.123751,ordinary
en_zh_phrase,never,translation,negation,False,0.910796,-0.515430,0.254271,-0.515430,-0.362993,-0.515430,model_curve_artifact_candidate
en_zh_phrase,no_agent,translation,passive,False,0.912174,-0.659260,-0.576643,-0.659260,-0.320690,-0.659260,model_curve_artifact_candidate
en_zh_phrase,past_simple,translation,tense,False,0.972048,0.403065,-0.767464,0.403065,0.135020,-0.767464,category_curve_artifact_candidate
en_zh_phrase,perfect,translation,tense,False,0.987994,0.724274,0.720934,0.724274,0.338583,0.720934,residual_stable_reuse_candidate
en_zh_phrase,poetic,translation,style,False,0.986080,0.670803,0.592037,0.670803,0.243230,0.592037,residual_stable_reuse_candidate
en_zh_phrase,possessive_chain,translation,recursive,False,0.928980,-0.380918,-0.022853,-0.380918,-0.007516,-0.380918,model_curve_artifact_candidate
en_zh_phrase,pp_chain,translation,recursive,False,0.922961,-0.415423,0.060462,-0.415423,-0.155560,-0.415423,model_curve_artifact_candidate
en_zh_phrase,progressive,translation,tense,False,0.986809,0.711105,0.742232,0.711105,0.318912,0.711105,residual_stable_reuse_candidate
en_zh_phrase,relative_clause,translation,recursive,False,0.920316,-0.428591,0.039550,-0.428591,-0.320112,-0.428591,model_curve_artifact_candidate
en_zh_phrase,scope_quantifier,translation,negation,False,0.915414,-0.406300,0.506259,-0.406300,-0.264798,-0.406300,model_curve_artifact_candidate
en_zh_phrase,she_coref,translation,coreference,False,0.951723,0.134161,0.301510,0.134161,0.030041,0.134161,ordinary
en_zh_phrase,syntactic_do_not,translation,negation,False,0.908794,-0.545050,0.199075,-0.545050,-0.307871,-0.545050,model_curve_artifact_candidate
en_zh_phrase,target_language_switch,translation,translation,True,0.955024,0.268058,-0.600321,0.268058,0.137088,-0.600321,category_curve_artifact_candidate
en_zh_phrase,they_coref,translation,coreference,False,0.864451,-0.123183,-0.650954,-0.123183,-0.091276,-0.650954,ordinary
en_zh_word,existential_no,translation,negation,False,0.923173,-0.603284,-0.374857,-0.603284,-0.228136,-0.603284,model_curve_artifact_candidate
en_zh_word,formal,translation,style,False,0.974986,0.572692,0.619519,0.572692,0.135079,0.572692,residual_stable_reuse_candidate
en_zh_word,future_will,translation,tense,False,0.982839,0.626447,0.532142,0.626447,0.204410,0.532142,residual_stable_reuse_candidate
en_zh_word,get_passive,translation,passive,False,0.915460,-0.607605,0.030216,-0.607605,-0.371521,-0.607605,model_curve_artifact_candidate
en_zh_word,he_coref,translation,coreference,False,0.979126,0.526242,0.413292,0.526242,0.038371,0.413292,residual_stable_reuse_candidate
en_zh_word,inference,translation,logical,False,0.912127,-0.502916,-0.267439,-0.502916,-0.229905,-0.502916,model_curve_artifact_candidate
en_zh_word,it_coref,translation,coreference,False,0.861478,-0.011755,-0.383007,-0.011755,-0.097615,-0.383007,ordinary
en_zh_word,lexical_not_adj,translation,negation,False,0.914724,-0.463149,0.388389,-0.463149,-0.276097,-0.463149,model_curve_artifact_candidate
en_zh_word,long_passive,translation,passive,False,0.989823,0.742800,0.062474,0.742800,0.427599,0.062474,ordinary
en_zh_word,morphological_neg,translation,negation,False,0.920799,-0.527844,-0.443154,-0.527844,0.009716,-0.527844,model_curve_artifact_candidate
en_zh_word,negated_condition,translation,logical,False,0.971997,0.500863,0.431705,0.500863,-0.068685,0.431705,residual_stable_reuse_candidate
en_zh_word,nested_condition,translation,logical,False,0.973783,0.490924,0.261997,0.490924,0.061670,0.261997,residual_stable_reuse_candidate
en_zh_word,nested_contrast,translation,logical,False,0.969969,0.439807,0.353226,0.439807,0.029064,0.353226,residual_stable_reuse_candidate
en_zh_word,nested_passive,translation,passive,False,0.987963,0.700598,0.073117,0.700598,0.431454,0.073117,ordinary
en_zh_word,never,translation,negation,False,0.905594,-0.541947,0.158034,-0.541947,-0.398200,-0.541947,model_curve_artifact_candidate
en_zh_word,no_agent,translation,passive,False,0.915259,-0.530753,-0.396430,-0.530753,-0.211597,-0.530753,model_curve_artifact_candidate
en_zh_word,past_simple,translation,tense,False,0.977753,0.544849,-0.485972,0.544849,0.276845,-0.485972,category_curve_artifact_candidate
en_zh_word,perfect,translation,tense,False,0.981717,0.595046,0.373223,0.595046,0.174944,0.373223,residual_stable_reuse_candidate
en_zh_word,poetic,translation,style,False,0.982062,0.593556,0.423848,0.593556,0.246467,0.423848,residual_stable_reuse_candidate
en_zh_word,possessive_chain,translation,recursive,False,0.917722,-0.535132,-0.162882,-0.535132,-0.165808,-0.535132,model_curve_artifact_candidate
en_zh_word,pp_chain,translation,recursive,False,0.915468,-0.491894,0.069192,-0.491894,-0.192216,-0.491894,model_curve_artifact_candidate
en_zh_word,progressive,translation,tense,False,0.980626,0.587696,0.455558,0.587696,0.140577,0.455558,residual_stable_reuse_candidate
en_zh_word,relative_clause,translation,recursive,False,0.916445,-0.438392,0.181385,-0.438392,-0.194492,-0.438392,model_curve_artifact_candidate
en_zh_word,scope_quantifier,translation,negation,False,0.904719,-0.529038,0.096956,-0.529038,-0.428033,-0.529038,model_curve_artifact_candidate
en_zh_word,she_coref,translation,coreference,False,0.956367,0.248762,0.231212,0.248762,0.215396,0.231212,ordinary
en_zh_word,syntactic_do_not,translation,negation,False,0.909533,-0.469867,0.455300,-0.469867,-0.128187,-0.469867,model_curve_artifact_candidate
en_zh_word,target_language_switch,translation,translation,True,0.952514,0.247620,-0.677020,0.247620,0.097454,-0.677020,category_curve_artifact_candidate
en_zh_word,they_coref,translation,coreference,False,0.875152,0.017887,-0.480071,0.017887,0.057789,-0.480071,ordinary
existential_no,formal,negation,style,False,0.912809,-0.420814,-0.538685,-0.420814,0.079496,-0.538685,model_curve_artifact_candidate
existential_no,future_will,negation,tense,False,0.922157,-0.527486,-0.741486,-0.527486,0.046897,-0.741486,model_curve_artifact_candidate
existential_no,get_passive,negation,passive,False,0.987029,0.779772,-0.298536,0.779772,0.233660,-0.298536,category_curve_artifact_candidate
existential_no,he_coref,negation,coreference,False,0.923702,-0.551375,-0.189762,-0.551375,0.072131,-0.551375,model_curve_artifact_candidate
existential_no,inference,negation,logical,False,0.975297,0.626224,0.396943,0.626224,0.080523,0.396943,residual_stable_reuse_candidate
existential_no,it_coref,negation,coreference,False,0.802976,-0.490391,0.169881,-0.490391,-0.459985,-0.490391,ordinary
existential_no,lexical_not_adj,negation,negation,True,0.984712,0.773225,-0.460402,0.773225,0.380069,-0.460402,category_curve_artifact_candidate
existential_no,long_passive,negation,passive,False,0.926022,-0.686732,0.001591,-0.686732,-0.186308,-0.686732,model_curve_artifact_candidate
existential_no,morphological_neg,negation,negation,True,0.986401,0.764736,0.577578,0.764736,0.225298,0.577578,residual_stable_reuse_candidate
existential_no,negated_condition,negation,logical,False,0.916494,-0.394854,-0.517596,-0.394854,0.195149,-0.517596,model_curve_artifact_candidate
existential_no,nested_condition,negation,logical,False,0.910458,-0.597536,-0.382461,-0.597536,-0.452373,-0.597536,model_curve_artifact_candidate
existential_no,nested_contrast,negation,logical,False,0.914889,-0.467729,-0.403385,-0.467729,-0.210151,-0.467729,model_curve_artifact_candidate
existential_no,nested_passive,negation,passive,False,0.925460,-0.661233,-0.080355,-0.661233,-0.241531,-0.661233,model_curve_artifact_candidate
existential_no,never,negation,negation,True,0.986654,0.820961,-0.360040,0.820961,0.608507,-0.360040,category_curve_artifact_candidate
existential_no,no_agent,negation,passive,False,0.982318,0.716553,0.575024,0.716553,0.263163,0.575024,residual_stable_reuse_candidate
existential_no,past_simple,negation,tense,False,0.915916,-0.566405,0.701306,-0.566405,-0.031194,-0.566405,model_curve_artifact_candidate
existential_no,perfect,negation,tense,False,0.922922,-0.534412,-0.646553,-0.534412,0.091732,-0.646553,model_curve_artifact_candidate
existential_no,poetic,negation,style,False,0.927095,-0.480181,-0.266264,-0.480181,0.103090,-0.480181,model_curve_artifact_candidate
existential_no,possessive_chain,negation,recursive,False,0.979909,0.664023,0.006656,0.664023,-0.176280,0.006656,category_curve_artifact_candidate
existential_no,pp_chain,negation,recursive,False,0.979534,0.679870,-0.096653,0.679870,-0.094794,-0.096653,category_curve_artifact_candidate
existential_no,progressive,negation,tense,False,0.922911,-0.484008,-0.591332,-0.484008,0.154911,-0.591332,model_curve_artifact_candidate
existential_no,relative_clause,negation,recursive,False,0.982811,0.741761,-0.184812,0.741761,0.223894,-0.184812,category_curve_artifact_candidate
existential_no,scope_quantifier,negation,negation,True,0.981595,0.751472,-0.547496,0.751472,0.342421,-0.547496,category_curve_artifact_candidate
existential_no,she_coref,negation,coreference,False,0.899459,-0.611734,-0.135656,-0.611734,-0.066913,-0.611734,ordinary
existential_no,syntactic_do_not,negation,negation,True,0.980736,0.732802,-0.512706,0.732802,0.416593,-0.512706,category_curve_artifact_candidate
existential_no,target_language_switch,negation,translation,False,0.892605,-0.609194,0.440266,-0.609194,-0.338046,-0.609194,ordinary
existential_no,they_coref,negation,coreference,False,0.816637,-0.487973,0.290790,-0.487973,-0.371807,-0.487973,ordinary
formal,future_will,style,tense,False,0.990644,0.855876,0.735776,0.855876,0.482832,0.735776,residual_stable_reuse_candidate
formal,get_passive,style,passive,False,0.919478,-0.211747,0.103326,-0.211747,0.109876,-0.211747,model_curve_artifact_candidate
formal,he_coref,style,coreference,False,0.949652,0.128093,0.774150,0.128093,-0.059545,0.128093,ordinary
formal,inference,style,logical,False,0.877483,-0.684545,-0.293779,-0.684545,-0.197606,-0.684545,ordinary
formal,it_coref,style,coreference,False,0.799344,-0.391300,-0.730946,-0.391300,-0.364415,-0.730946,ordinary
formal,lexical_not_adj,style,negation,False,0.928023,0.007307,0.491662,0.007307,0.365036,0.007307,model_curve_artifact_candidate
formal,long_passive,style,passive,False,0.984698,0.750637,0.069229,0.750637,0.268090,0.069229,ordinary
formal,morphological_neg,style,negation,False,0.897046,-0.569724,-0.534127,-0.569724,-0.169746,-0.569724,ordinary
formal,negated_condition,style,logical,False,0.989289,0.843365,0.549994,0.843365,0.408328,0.549994,residual_stable_reuse_candidate
formal,nested_condition,style,logical,False,0.973050,0.583553,0.348373,0.583553,-0.122288,0.348373,residual_stable_reuse_candidate
formal,nested_contrast,style,logical,False,0.976532,0.647270,0.407273,0.647270,-0.013035,0.407273,residual_stable_reuse_candidate
formal,nested_passive,style,passive,False,0.987293,0.800829,0.121669,0.800829,0.291618,0.121669,ordinary
formal,never,style,negation,False,0.918491,-0.075085,0.308463,-0.075085,0.180782,-0.075085,model_curve_artifact_candidate
formal,no_agent,style,passive,False,0.885575,-0.648668,-0.531209,-0.648668,-0.109940,-0.648668,ordinary
formal,past_simple,style,tense,False,0.938240,0.003773,-0.733246,0.003773,-0.100989,-0.733246,model_curve_artifact_candidate
formal,perfect,style,tense,False,0.987722,0.805435,0.654496,0.805435,0.382938,0.654496,residual_stable_reuse_candidate
formal,poetic,style,style,True,0.978326,0.638369,0.769942,0.638369,0.177583,0.638369,residual_stable_reuse_candidate
formal,possessive_chain,style,recursive,False,0.917328,-0.224680,-0.105206,-0.224680,-0.121219,-0.224680,model_curve_artifact_candidate
formal,pp_chain,style,recursive,False,0.920211,-0.127291,0.024810,-0.127291,-0.094795,-0.127291,model_curve_artifact_candidate
formal,progressive,style,tense,False,0.988123,0.813254,0.673543,0.813254,0.395830,0.673543,residual_stable_reuse_candidate
formal,relative_clause,style,recursive,False,0.927175,-0.007703,0.223236,-0.007703,0.102121,-0.007703,model_curve_artifact_candidate
formal,scope_quantifier,style,negation,False,0.918950,-0.052540,0.358065,-0.052540,-0.000429,-0.052540,model_curve_artifact_candidate
formal,she_coref,style,coreference,False,0.917404,-0.163942,0.354181,-0.163942,-0.162203,-0.163942,model_curve_artifact_candidate
formal,syntactic_do_not,style,negation,False,0.924402,0.006337,0.276767,0.006337,0.312529,0.006337,model_curve_artifact_candidate
formal,target_language_switch,style,translation,False,0.906501,-0.237229,-0.829749,-0.237229,-0.309818,-0.829749,model_curve_artifact_candidate
formal,they_coref,style,coreference,False,0.812196,-0.394024,-0.774118,-0.394024,-0.357908,-0.774118,ordinary
future_will,get_passive,tense,passive,False,0.926334,-0.320214,0.182978,-0.320214,0.064797,-0.320214,model_curve_artifact_candidate
future_will,he_coref,tense,coreference,False,0.966194,0.280830,0.359142,0.280830,0.055296,0.280830,ordinary
future_will,inference,tense,logical,False,0.892660,-0.743396,-0.367720,-0.743396,-0.326849,-0.743396,ordinary
future_will,it_coref,tense,coreference,False,0.822445,-0.350423,-0.347199,-0.350423,-0.589739,-0.350423,ordinary
future_will,lexical_not_adj,tense,negation,False,0.930135,-0.130753,0.471437,-0.130753,0.290571,-0.130753,model_curve_artifact_candidate
future_will,long_passive,tense,passive,False,0.992979,0.843743,0.021735,0.843743,0.540525,0.021735,category_curve_artifact_candidate
future_will,morphological_neg,tense,negation,False,0.908935,-0.657663,-0.591372,-0.657663,-0.232913,-0.657663,model_curve_artifact_candidate
future_will,negated_condition,tense,logical,False,0.988710,0.814388,0.531557,0.814388,0.390167,0.531557,residual_stable_reuse_candidate
future_will,nested_condition,tense,logical,False,0.979687,0.625488,0.383876,0.625488,-0.236088,0.383876,residual_stable_reuse_candidate
future_will,nested_contrast,tense,logical,False,0.985101,0.739003,0.494138,0.739003,0.075034,0.494138,residual_stable_reuse_candidate
future_will,nested_passive,tense,passive,False,0.992721,0.838130,0.105956,0.838130,0.419450,0.105956,ordinary
future_will,never,tense,negation,False,0.922030,-0.200993,0.395156,-0.200993,0.098147,-0.200993,model_curve_artifact_candidate
future_will,no_agent,tense,passive,False,0.897246,-0.757312,-0.584784,-0.757312,-0.339717,-0.757312,ordinary
future_will,past_simple,tense,tense,True,0.955767,0.140251,-0.939366,0.140251,0.025498,-0.939366,category_curve_artifact_candidate
future_will,perfect,tense,tense,True,0.998955,0.978351,0.822230,0.978351,0.929143,0.822230,residual_stable_reuse_candidate
future_will,poetic,tense,style,False,0.984552,0.672172,0.445563,0.672172,0.269237,0.445563,residual_stable_reuse_candidate
future_will,possessive_chain,tense,recursive,False,0.923044,-0.354827,-0.149323,-0.354827,-0.251486,-0.354827,model_curve_artifact_candidate
future_will,pp_chain,tense,recursive,False,0.925368,-0.243694,0.130971,-0.243694,-0.255171,-0.243694,model_curve_artifact_candidate
future_will,progressive,tense,tense,True,0.998791,0.975870,0.822555,0.975870,0.934014,0.822555,residual_stable_reuse_candidate
future_will,relative_clause,tense,recursive,False,0.928827,-0.156784,0.153074,-0.156784,-0.025522,-0.156784,model_curve_artifact_candidate
future_will,scope_quantifier,tense,negation,False,0.920515,-0.203250,0.301791,-0.203250,-0.049518,-0.203250,model_curve_artifact_candidate
future_will,she_coref,tense,coreference,False,0.933919,-0.095709,0.236502,-0.095709,-0.082509,-0.095709,model_curve_artifact_candidate
future_will,syntactic_do_not,tense,negation,False,0.925288,-0.145083,0.527636,-0.145083,0.231797,-0.145083,model_curve_artifact_candidate
future_will,target_language_switch,tense,translation,False,0.926044,-0.141290,-0.608434,-0.141290,-0.297973,-0.608434,model_curve_artifact_candidate
future_will,they_coref,tense,coreference,False,0.835336,-0.347386,-0.488814,-0.347386,-0.469083,-0.488814,ordinary
get_passive,he_coref,passive,coreference,False,0.912022,-0.632723,0.079972,-0.632723,-0.034280,-0.632723,model_curve_artifact_candidate
get_passive,inference,passive,logical,False,0.957185,0.384424,0.323083,0.384424,0.073657,0.323083,ordinary
get_passive,it_coref,passive,coreference,False,0.790601,-0.511961,-0.016648,-0.511961,-0.220624,-0.511961,ordinary
get_passive,lexical_not_adj,passive,negation,False,0.989646,0.853481,0.102081,0.853481,0.511756,0.102081,ordinary
get_passive,long_passive,passive,passive,True,0.925701,-0.532969,-0.778949,-0.532969,-0.149129,-0.778949,model_curve_artifact_candidate
get_passive,morphological_neg,passive,negation,False,0.970918,0.532918,-0.400576,0.532918,-0.163721,-0.400576,category_curve_artifact_candidate
get_passive,negated_condition,passive,logical,False,0.922567,-0.193057,-0.297190,-0.193057,0.280779,-0.297190,model_curve_artifact_candidate
get_passive,nested_condition,passive,logical,False,0.915176,-0.390570,-0.428466,-0.390570,-0.141648,-0.428466,model_curve_artifact_candidate
get_passive,nested_contrast,passive,logical,False,0.918357,-0.296230,-0.347532,-0.296230,0.003593,-0.347532,model_curve_artifact_candidate
get_passive,nested_passive,passive,passive,True,0.926472,-0.484457,-0.733839,-0.484457,-0.241347,-0.733839,model_curve_artifact_candidate
get_passive,never,passive,negation,False,0.987852,0.839385,0.318288,0.839385,0.585835,0.318288,residual_stable_reuse_candidate
get_passive,no_agent,passive,passive,True,0.963202,0.443105,0.085287,0.443105,0.009250,0.085287,ordinary
get_passive,past_simple,passive,tense,False,0.900485,-0.699886,-0.193882,-0.699886,-0.288280,-0.699886,model_curve_artifact_candidate
get_passive,perfect,passive,tense,False,0.925430,-0.354659,0.143750,-0.354659,0.025001,-0.354659,model_curve_artifact_candidate
get_passive,poetic,passive,style,False,0.919430,-0.492117,0.036135,-0.492117,-0.109463,-0.492117,model_curve_artifact_candidate
get_passive,possessive_chain,passive,recursive,False,0.985717,0.777398,0.637103,0.777398,0.117348,0.637103,residual_stable_reuse_candidate
get_passive,pp_chain,passive,recursive,False,0.983700,0.759719,0.646661,0.759719,0.168807,0.646661,residual_stable_reuse_candidate
get_passive,progressive,passive,tense,False,0.925500,-0.311549,0.213686,-0.311549,0.084005,-0.311549,model_curve_artifact_candidate
get_passive,relative_clause,passive,recursive,False,0.989900,0.856429,0.709882,0.856429,0.405791,0.709882,residual_stable_reuse_candidate
get_passive,scope_quantifier,passive,negation,False,0.991011,0.887096,0.439225,0.887096,0.673433,0.439225,residual_stable_reuse_candidate
get_passive,she_coref,passive,coreference,False,0.884922,-0.704305,-0.036665,-0.704305,-0.363871,-0.704305,ordinary
get_passive,syntactic_do_not,passive,negation,False,0.986165,0.816872,0.119426,0.816872,0.342738,0.119426,ordinary
get_passive,target_language_switch,passive,translation,False,0.878812,-0.683207,-0.014282,-0.683207,-0.368556,-0.683207,ordinary
get_passive,they_coref,passive,coreference,False,0.799085,-0.557779,-0.130072,-0.557779,-0.417977,-0.557779,ordinary
he_coref,inference,coreference,logical,False,0.922813,-0.285896,-0.087488,-0.285896,-0.061167,-0.285896,model_curve_artifact_candidate
he_coref,it_coref,coreference,coreference,True,0.890592,0.284617,-0.852665,0.284617,-0.251388,-0.852665,ordinary
he_coref,lexical_not_adj,coreference,negation,False,0.899721,-0.686986,0.242702,-0.686986,-0.185333,-0.686986,ordinary
he_coref,long_passive,coreference,passive,False,0.978284,0.464090,0.068794,0.464090,0.131182,0.068794,ordinary
he_coref,morphological_neg,coreference,negation,False,0.918771,-0.528943,-0.323695,-0.528943,-0.161710,-0.528943,model_curve_artifact_candidate
he_coref,negated_condition,coreference,logical,False,0.958700,0.267343,0.360513,0.267343,0.224838,0.267343,ordinary
he_coref,nested_condition,coreference,logical,False,0.957860,0.192738,0.197055,0.192738,-0.312795,0.192738,ordinary
he_coref,nested_contrast,coreference,logical,False,0.954267,0.156250,0.220920,0.156250,-0.221075,0.156250,ordinary
he_coref,nested_passive,coreference,passive,False,0.976077,0.421057,0.107761,0.421057,0.159919,0.107761,ordinary
he_coref,never,coreference,negation,False,0.901021,-0.582444,0.270022,-0.582444,0.051640,-0.582444,model_curve_artifact_candidate
he_coref,no_agent,coreference,passive,False,0.923081,-0.354592,-0.304992,-0.354592,-0.002865,-0.354592,model_curve_artifact_candidate
he_coref,past_simple,coreference,tense,False,0.989999,0.801964,-0.385249,0.801964,0.481874,-0.385249,category_curve_artifact_candidate
he_coref,perfect,coreference,tense,False,0.967477,0.297314,0.314289,0.297314,0.077485,0.297314,ordinary
he_coref,poetic,coreference,style,False,0.976776,0.487566,0.805443,0.487566,0.378215,0.487566,residual_stable_reuse_candidate
he_coref,possessive_chain,coreference,recursive,False,0.903898,-0.752798,-0.065171,-0.752798,-0.509817,-0.752798,model_curve_artifact_candidate
he_coref,pp_chain,coreference,recursive,False,0.897018,-0.781094,-0.019485,-0.781094,-0.461294,-0.781094,ordinary
he_coref,progressive,coreference,tense,False,0.966279,0.297491,0.404635,0.297491,0.109503,0.297491,ordinary
he_coref,relative_clause,coreference,recursive,False,0.899353,-0.699588,0.184316,-0.699588,-0.209718,-0.699588,ordinary
he_coref,scope_quantifier,coreference,negation,False,0.900472,-0.563809,0.388549,-0.563809,-0.017676,-0.563809,model_curve_artifact_candidate
he_coref,she_coref,coreference,coreference,True,0.973933,0.570802,0.195086,0.570802,0.459715,0.195086,ordinary
he_coref,syntactic_do_not,coreference,negation,False,0.891633,-0.730503,-0.119575,-0.730503,-0.219994,-0.730503,ordinary
he_coref,target_language_switch,coreference,translation,False,0.972456,0.589488,-0.692673,0.589488,0.228553,-0.692673,category_curve_artifact_candidate
he_coref,they_coref,coreference,coreference,True,0.906928,0.355585,-0.808724,0.355585,0.024837,-0.808724,category_curve_artifact_candidate
inference,it_coref,logical,coreference,False,0.842995,-0.024445,0.150475,-0.024445,0.043957,-0.024445,ordinary
inference,lexical_not_adj,logical,negation,False,0.945384,0.275788,-0.223058,0.275788,0.008562,-0.223058,category_curve_artifact_candidate
inference,long_passive,logical,passive,False,0.907706,-0.713360,-0.637836,-0.713360,-0.317370,-0.713360,model_curve_artifact_candidate
inference,morphological_neg,logical,negation,False,0.984923,0.784283,0.446934,0.784283,0.391598,0.446934,residual_stable_reuse_candidate
inference,negated_condition,logical,logical,True,0.875653,-0.748040,-0.804161,-0.748040,-0.302550,-0.804161,ordinary
inference,nested_condition,logical,logical,True,0.889470,-0.647433,-0.780695,-0.647433,-0.202664,-0.780695,ordinary
inference,nested_contrast,logical,logical,True,0.879855,-0.737524,-0.843917,-0.737524,-0.365947,-0.843917,ordinary
inference,nested_passive,logical,passive,False,0.905373,-0.721947,-0.663519,-0.721947,-0.307799,-0.721947,model_curve_artifact_candidate
inference,never,logical,negation,False,0.944023,0.289318,-0.252294,0.289318,-0.001128,-0.252294,category_curve_artifact_candidate
inference,no_agent,logical,passive,False,0.991870,0.888531,0.792035,0.888531,0.521989,0.792035,residual_stable_reuse_candidate
inference,past_simple,logical,tense,False,0.922762,-0.192778,0.424775,-0.192778,-0.172521,-0.192778,model_curve_artifact_candidate
inference,perfect,logical,tense,False,0.894086,-0.742675,-0.399090,-0.742675,-0.340579,-0.742675,ordinary
inference,poetic,logical,style,False,0.900289,-0.668711,-0.256527,-0.668711,-0.341959,-0.668711,model_curve_artifact_candidate
inference,possessive_chain,logical,recursive,False,0.962026,0.462035,0.677188,0.462035,0.245160,0.462035,residual_stable_reuse_candidate
inference,pp_chain,logical,recursive,False,0.954221,0.378877,0.603420,0.378877,0.175556,0.378877,ordinary
inference,progressive,logical,tense,False,0.890581,-0.746845,-0.428469,-0.746845,-0.375850,-0.746845,ordinary
inference,relative_clause,logical,recursive,False,0.943570,0.249374,0.389669,0.249374,-0.025895,0.249374,ordinary
inference,scope_quantifier,logical,negation,False,0.942253,0.277918,-0.229544,0.277918,0.116673,-0.229544,category_curve_artifact_candidate
inference,she_coref,logical,coreference,False,0.908799,-0.234658,-0.184108,-0.234658,-0.214192,-0.234658,model_curve_artifact_candidate
inference,syntactic_do_not,logical,negation,False,0.933929,0.163662,-0.417941,0.163662,-0.199311,-0.417941,category_curve_artifact_candidate
inference,target_language_switch,logical,translation,False,0.920452,-0.013083,0.346697,-0.013083,0.145266,-0.013083,model_curve_artifact_candidate
inference,they_coref,logical,coreference,False,0.859717,0.021244,0.299230,0.021244,0.149359,0.021244,ordinary
it_coref,lexical_not_adj,coreference,negation,False,0.757174,-0.676458,-0.269653,-0.676458,-0.396481,-0.676458,ordinary
it_coref,long_passive,coreference,passive,False,0.852122,-0.158376,-0.070544,-0.158376,-0.396248,-0.158376,ordinary
it_coref,morphological_neg,coreference,negation,False,0.822226,-0.260789,0.346361,-0.260789,-0.063320,-0.260789,ordinary
it_coref,negated_condition,coreference,logical,False,0.805052,-0.366975,-0.419474,-0.366975,-0.462308,-0.419474,ordinary
it_coref,nested_condition,coreference,logical,False,0.845478,-0.078009,-0.096853,-0.078009,0.554699,-0.096853,ordinary
it_coref,nested_contrast,coreference,logical,False,0.828908,-0.196385,-0.225638,-0.196385,0.160452,-0.225638,ordinary
it_coref,nested_passive,coreference,passive,False,0.846776,-0.202060,-0.083332,-0.202060,-0.332955,-0.202060,ordinary
it_coref,never,coreference,negation,False,0.757436,-0.622320,-0.317426,-0.622320,-0.330969,-0.622320,ordinary
it_coref,no_agent,coreference,passive,False,0.840410,-0.072523,0.315620,-0.072523,-0.018774,-0.072523,ordinary
it_coref,past_simple,coreference,tense,False,0.902652,0.407508,0.408153,0.407508,-0.176604,0.407508,residual_stable_reuse_candidate
it_coref,perfect,coreference,tense,False,0.825670,-0.331719,-0.359083,-0.331719,-0.576969,-0.359083,ordinary
it_coref,poetic,coreference,style,False,0.840882,-0.199721,-0.850148,-0.199721,-0.398909,-0.850148,ordinary
it_coref,possessive_chain,coreference,recursive,False,0.790716,-0.494216,0.131858,-0.494216,0.280450,-0.494216,ordinary
it_coref,pp_chain,coreference,recursive,False,0.777847,-0.545624,0.042776,-0.545624,0.235146,-0.545624,ordinary
it_coref,progressive,coreference,tense,False,0.818818,-0.368109,-0.438027,-0.368109,-0.625770,-0.438027,ordinary
it_coref,relative_clause,coreference,recursive,False,0.757468,-0.678179,-0.242394,-0.678179,-0.193346,-0.678179,ordinary
it_coref,scope_quantifier,coreference,negation,False,0.751590,-0.646814,-0.292781,-0.646814,-0.200338,-0.646814,ordinary
it_coref,she_coref,coreference,coreference,True,0.955614,0.832225,-0.320336,0.832225,0.035402,-0.320336,category_curve_artifact_candidate
it_coref,syntactic_do_not,coreference,negation,False,0.768007,-0.542166,0.068698,-0.542166,-0.233793,-0.542166,ordinary
it_coref,target_language_switch,coreference,translation,False,0.948156,0.762787,0.705628,0.762787,0.300750,0.705628,residual_stable_reuse_candidate
it_coref,they_coref,coreference,coreference,True,0.985779,0.936790,0.763800,0.936790,0.552328,0.763800,residual_stable_reuse_candidate
lexical_not_adj,long_passive,negation,passive,False,0.923885,-0.406190,0.067146,-0.406190,-0.128085,-0.406190,model_curve_artifact_candidate
lexical_not_adj,morphological_neg,negation,negation,True,0.964261,0.479152,-0.467469,0.479152,-0.080941,-0.467469,category_curve_artifact_candidate
lexical_not_adj,negated_condition,negation,logical,False,0.926732,-0.032757,0.321077,-0.032757,0.389210,-0.032757,model_curve_artifact_candidate
lexical_not_adj,nested_condition,negation,logical,False,0.911121,-0.327967,0.216979,-0.327967,-0.253204,-0.327967,model_curve_artifact_candidate
lexical_not_adj,nested_contrast,negation,logical,False,0.919376,-0.168702,0.289871,-0.168702,-0.066591,-0.168702,model_curve_artifact_candidate
lexical_not_adj,nested_passive,negation,passive,False,0.924238,-0.371737,0.024699,-0.371737,-0.280526,-0.371737,model_curve_artifact_candidate
lexical_not_adj,never,negation,negation,True,0.987937,0.847084,-0.142834,0.847084,0.548106,-0.142834,category_curve_artifact_candidate
lexical_not_adj,no_agent,negation,passive,False,0.954850,0.373839,-0.422447,0.373839,0.132874,-0.422447,category_curve_artifact_candidate
lexical_not_adj,past_simple,negation,tense,False,0.886827,-0.760594,-0.509556,-0.760594,-0.429258,-0.760594,ordinary
lexical_not_adj,perfect,negation,tense,False,0.929275,-0.159135,0.480583,-0.159135,0.244958,-0.159135,model_curve_artifact_candidate
lexical_not_adj,poetic,negation,style,False,0.922243,-0.299261,0.269743,-0.299261,0.035082,-0.299261,model_curve_artifact_candidate
lexical_not_adj,possessive_chain,negation,recursive,False,0.982670,0.754956,-0.048590,0.754956,0.151583,-0.048590,category_curve_artifact_candidate
lexical_not_adj,pp_chain,negation,recursive,False,0.983584,0.776685,-0.076194,0.776685,0.133909,-0.076194,category_curve_artifact_candidate
lexical_not_adj,progressive,negation,tense,False,0.930359,-0.108817,0.483896,-0.108817,0.305959,-0.108817,model_curve_artifact_candidate
lexical_not_adj,relative_clause,negation,recursive,False,0.991660,0.888707,0.077155,0.888707,0.408904,0.077155,ordinary
lexical_not_adj,scope_quantifier,negation,negation,True,0.990114,0.877346,0.223906,0.877346,0.592063,0.223906,residual_stable_reuse_candidate
lexical_not_adj,she_coref,negation,coreference,False,0.868233,-0.789893,0.183223,-0.789893,-0.382275,-0.789893,ordinary
lexical_not_adj,syntactic_do_not,negation,negation,True,0.988606,0.856173,0.165422,0.856173,0.441801,0.165422,ordinary
lexical_not_adj,target_language_switch,negation,translation,False,0.857041,-0.827024,-0.370522,-0.827024,-0.567410,-0.827024,ordinary
lexical_not_adj,they_coref,negation,coreference,False,0.768513,-0.706120,-0.315672,-0.706120,-0.553924,-0.706120,ordinary
long_passive,morphological_neg,passive,negation,False,0.921062,-0.657628,0.060311,-0.657628,-0.065010,-0.657628,model_curve_artifact_candidate
long_passive,negated_condition,passive,logical,False,0.981657,0.673131,0.642258,0.673131,0.089656,0.642258,residual_stable_reuse_candidate
long_passive,nested_condition,passive,logical,False,0.984252,0.687682,0.764348,0.687682,-0.168484,0.687682,residual_stable_reuse_candidate
long_passive,nested_contrast,passive,logical,False,0.981013,0.638885,0.692612,0.638885,0.066913,0.638885,residual_stable_reuse_candidate
long_passive,nested_passive,passive,passive,True,0.996290,0.897731,0.939883,0.897731,0.711002,0.897731,residual_stable_reuse_candidate
long_passive,never,passive,negation,False,0.913281,-0.524841,-0.150842,-0.524841,-0.441559,-0.524841,model_curve_artifact_candidate
long_passive,no_agent,passive,passive,True,0.911169,-0.744886,-0.544369,-0.744886,-0.267478,-0.744886,model_curve_artifact_candidate
long_passive,past_simple,passive,tense,False,0.974646,0.442701,-0.023704,0.442701,0.379851,-0.023704,category_curve_artifact_candidate
long_passive,perfect,passive,tense,False,0.993188,0.844014,0.048045,0.844014,0.557459,0.048045,category_curve_artifact_candidate
long_passive,poetic,passive,style,False,0.987360,0.691978,0.068279,0.691978,0.356474,0.068279,ordinary
long_passive,possessive_chain,passive,recursive,False,0.927661,-0.461614,-0.805134,-0.461614,-0.474285,-0.805134,model_curve_artifact_candidate
long_passive,pp_chain,passive,recursive,False,0.924226,-0.443405,-0.854724,-0.443405,-0.268575,-0.854724,model_curve_artifact_candidate
long_passive,progressive,passive,tense,False,0.991175,0.807728,0.001048,0.807728,0.483292,0.001048,category_curve_artifact_candidate
long_passive,relative_clause,passive,recursive,False,0.925650,-0.377707,-0.802491,-0.377707,-0.231270,-0.802491,model_curve_artifact_candidate
long_passive,scope_quantifier,passive,negation,False,0.915245,-0.459526,-0.053524,-0.459526,-0.451395,-0.459526,model_curve_artifact_candidate
long_passive,she_coref,passive,coreference,False,0.953104,0.134281,0.107121,0.134281,0.139987,0.107121,ordinary
long_passive,syntactic_do_not,passive,negation,False,0.918451,-0.422726,0.015786,-0.422726,-0.047822,-0.422726,model_curve_artifact_candidate
long_passive,target_language_switch,passive,translation,False,0.948403,0.125427,-0.077609,0.125427,-0.052585,-0.077609,category_curve_artifact_candidate
long_passive,they_coref,passive,coreference,False,0.865755,-0.133464,-0.060332,-0.133464,-0.188214,-0.133464,ordinary
morphological_neg,negated_condition,negation,logical,False,0.893807,-0.657810,-0.594694,-0.657810,-0.458986,-0.657810,ordinary
morphological_neg,nested_condition,negation,logical,False,0.906119,-0.560124,-0.254744,-0.560124,-0.318565,-0.560124,model_curve_artifact_candidate
morphological_neg,nested_contrast,negation,logical,False,0.896743,-0.661329,-0.481608,-0.661329,-0.480789,-0.661329,ordinary
morphological_neg,nested_passive,negation,passive,False,0.919987,-0.644197,0.009160,-0.644197,-0.028162,-0.644197,model_curve_artifact_candidate
morphological_neg,never,negation,negation,True,0.962166,0.476629,-0.635892,0.476629,-0.194434,-0.635892,category_curve_artifact_candidate
morphological_neg,no_agent,negation,passive,False,0.989890,0.846350,0.613588,0.846350,0.605182,0.613588,residual_stable_reuse_candidate
morphological_neg,past_simple,negation,tense,False,0.920198,-0.381833,0.656224,-0.381833,0.106924,-0.381833,model_curve_artifact_candidate
morphological_neg,perfect,negation,tense,False,0.909844,-0.663932,-0.561240,-0.663932,-0.224751,-0.663932,model_curve_artifact_candidate
morphological_neg,poetic,negation,style,False,0.915948,-0.580379,-0.380790,-0.580379,-0.193085,-0.580379,model_curve_artifact_candidate
morphological_neg,possessive_chain,negation,recursive,False,0.976593,0.630513,0.171714,0.630513,0.106903,0.171714,ordinary
morphological_neg,pp_chain,negation,recursive,False,0.969736,0.547031,-0.060584,0.547031,-0.089778,-0.060584,category_curve_artifact_candidate
morphological_neg,progressive,negation,tense,False,0.906589,-0.669528,-0.686613,-0.669528,-0.316441,-0.686613,model_curve_artifact_candidate
morphological_neg,relative_clause,negation,recursive,False,0.965073,0.489147,-0.309141,0.489147,-0.132120,-0.309141,category_curve_artifact_candidate
morphological_neg,scope_quantifier,negation,negation,True,0.958095,0.429767,-0.610772,0.429767,-0.217793,-0.610772,category_curve_artifact_candidate
morphological_neg,she_coref,negation,coreference,False,0.903247,-0.450830,-0.171122,-0.450830,-0.019744,-0.450830,model_curve_artifact_candidate
morphological_neg,syntactic_do_not,negation,negation,True,0.957292,0.410112,-0.571692,0.410112,-0.268676,-0.571692,category_curve_artifact_candidate
morphological_neg,target_language_switch,negation,translation,False,0.907779,-0.294409,0.477150,-0.294409,0.283044,-0.294409,model_curve_artifact_candidate
morphological_neg,they_coref,negation,coreference,False,0.839959,-0.212902,0.533381,-0.212902,0.285010,-0.212902,ordinary
negated_condition,nested_condition,logical,logical,True,0.969549,0.516351,0.694522,0.516351,-0.144592,0.516351,residual_stable_reuse_candidate
negated_condition,nested_contrast,logical,logical,True,0.982220,0.725956,0.827682,0.725956,0.163914,0.725956,residual_stable_reuse_candidate
negated_condition,nested_passive,logical,passive,False,0.985062,0.743148,0.685683,0.743148,0.126886,0.685683,residual_stable_reuse_candidate
negated_condition,never,logical,negation,False,0.927582,0.025132,0.401025,0.025132,0.510439,0.025132,model_curve_artifact_candidate
negated_condition,no_agent,logical,passive,False,0.883921,-0.710996,-0.827391,-0.710996,-0.274618,-0.827391,ordinary
negated_condition,past_simple,logical,tense,False,0.942119,0.042471,-0.533703,0.042471,-0.065099,-0.533703,model_curve_artifact_candidate
negated_condition,perfect,logical,tense,False,0.986355,0.771971,0.438745,0.771971,0.299369,0.438745,residual_stable_reuse_candidate
negated_condition,poetic,logical,style,False,0.984244,0.732325,0.430200,0.732325,0.365638,0.430200,residual_stable_reuse_candidate
negated_condition,possessive_chain,logical,recursive,False,0.911759,-0.337938,-0.715289,-0.337938,-0.199428,-0.715289,model_curve_artifact_candidate
negated_condition,pp_chain,logical,recursive,False,0.918400,-0.178936,-0.527830,-0.178936,-0.061212,-0.527830,model_curve_artifact_candidate
negated_condition,progressive,logical,tense,False,0.988701,0.815173,0.525718,0.815173,0.450276,0.525718,residual_stable_reuse_candidate
negated_condition,relative_clause,logical,recursive,False,0.928206,-0.015349,-0.251263,-0.015349,0.368183,-0.251263,model_curve_artifact_candidate
negated_condition,scope_quantifier,logical,negation,False,0.926765,0.029718,0.347759,0.029718,0.443108,0.029718,model_curve_artifact_candidate
negated_condition,she_coref,logical,coreference,False,0.924239,-0.091649,0.249499,-0.091649,-0.088154,-0.091649,model_curve_artifact_candidate
negated_condition,syntactic_do_not,logical,negation,False,0.927937,0.033157,0.436292,0.033157,0.421108,0.033157,model_curve_artifact_candidate
negated_condition,target_language_switch,logical,translation,False,0.906412,-0.265064,-0.523754,-0.265064,-0.404713,-0.523754,model_curve_artifact_candidate
negated_condition,they_coref,logical,coreference,False,0.816525,-0.379731,-0.474642,-0.379731,-0.556462,-0.474642,ordinary
nested_condition,nested_contrast,logical,logical,True,0.985509,0.762492,0.847256,0.762492,0.539475,0.762492,residual_stable_reuse_candidate
nested_condition,nested_passive,logical,passive,False,0.986275,0.733369,0.792466,0.733369,-0.016780,0.733369,residual_stable_reuse_candidate
nested_condition,never,logical,negation,False,0.904665,-0.359417,0.051319,-0.359417,-0.215511,-0.359417,model_curve_artifact_candidate
nested_condition,no_agent,logical,passive,False,0.891232,-0.703029,-0.762644,-0.703029,-0.329255,-0.762644,ordinary
nested_condition,past_simple,logical,tense,False,0.949598,0.108589,-0.402669,0.108589,-0.255580,-0.402669,category_curve_artifact_candidate
nested_condition,perfect,logical,tense,False,0.980320,0.633318,0.399387,0.633318,-0.267794,0.399387,residual_stable_reuse_candidate
nested_condition,poetic,logical,style,False,0.975604,0.536826,0.251446,0.536826,-0.210963,0.251446,residual_stable_reuse_candidate
nested_condition,possessive_chain,logical,recursive,False,0.928415,-0.153743,-0.626211,-0.153743,0.441554,-0.626211,model_curve_artifact_candidate
nested_condition,pp_chain,logical,recursive,False,0.926653,-0.123423,-0.579342,-0.123423,0.412670,-0.579342,model_curve_artifact_candidate
nested_condition,progressive,logical,tense,False,0.978818,0.615267,0.355200,0.615267,-0.269712,0.355200,residual_stable_reuse_candidate
nested_condition,relative_clause,logical,recursive,False,0.918357,-0.223523,-0.592146,-0.223523,0.028526,-0.592146,model_curve_artifact_candidate
nested_condition,scope_quantifier,logical,negation,False,0.910736,-0.251262,0.249037,-0.251262,-0.034242,-0.251262,model_curve_artifact_candidate
nested_condition,she_coref,logical,coreference,False,0.934623,0.002003,0.189345,0.002003,-0.284811,0.002003,model_curve_artifact_candidate
nested_condition,syntactic_do_not,logical,negation,False,0.907849,-0.309114,0.246172,-0.309114,-0.055357,-0.309114,model_curve_artifact_candidate
nested_condition,target_language_switch,logical,translation,False,0.933059,0.046435,-0.295595,0.046435,-0.077859,-0.295595,model_curve_artifact_candidate
nested_condition,they_coref,logical,coreference,False,0.844154,-0.190882,-0.294115,-0.190882,-0.009530,-0.294115,ordinary
nested_contrast,nested_passive,logical,passive,False,0.983223,0.687660,0.722460,0.687660,0.076593,0.687660,residual_stable_reuse_candidate
nested_contrast,never,logical,negation,False,0.918020,-0.134230,0.299642,-0.134230,0.006359,-0.134230,model_curve_artifact_candidate
nested_contrast,no_agent,logical,passive,False,0.884020,-0.760104,-0.830682,-0.760104,-0.472869,-0.830682,ordinary
nested_contrast,past_simple,logical,tense,False,0.939553,-0.033186,-0.564298,-0.033186,-0.256919,-0.564298,model_curve_artifact_candidate
nested_contrast,perfect,logical,tense,False,0.985646,0.746969,0.519759,0.746969,0.084540,0.519759,residual_stable_reuse_candidate
nested_contrast,poetic,logical,style,False,0.980838,0.654631,0.354328,0.654631,0.108846,0.354328,residual_stable_reuse_candidate
nested_contrast,possessive_chain,logical,recursive,False,0.917392,-0.290158,-0.763849,-0.290158,0.067992,-0.763849,model_curve_artifact_candidate
nested_contrast,pp_chain,logical,recursive,False,0.926233,-0.096324,-0.528226,-0.096324,0.265901,-0.528226,model_curve_artifact_candidate
nested_contrast,progressive,logical,tense,False,0.987243,0.779843,0.572681,0.779843,0.154966,0.572681,residual_stable_reuse_candidate
nested_contrast,relative_clause,logical,recursive,False,0.920878,-0.150791,-0.494002,-0.150791,0.009113,-0.494002,model_curve_artifact_candidate
nested_contrast,scope_quantifier,logical,negation,False,0.916898,-0.131415,0.255568,-0.131415,0.011169,-0.131415,model_curve_artifact_candidate
nested_contrast,she_coref,logical,coreference,False,0.928724,-0.056348,0.180515,-0.056348,-0.224487,-0.056348,model_curve_artifact_candidate
nested_contrast,syntactic_do_not,logical,negation,False,0.918311,-0.126367,0.360331,-0.126367,0.120886,-0.126367,model_curve_artifact_candidate
nested_contrast,target_language_switch,logical,translation,False,0.918028,-0.137543,-0.394000,-0.137543,-0.316168,-0.394000,model_curve_artifact_candidate
nested_contrast,they_coref,logical,coreference,False,0.828631,-0.302606,-0.419229,-0.302606,-0.299399,-0.419229,ordinary
nested_passive,never,passive,negation,False,0.917952,-0.410020,-0.019704,-0.410020,-0.400893,-0.410020,model_curve_artifact_candidate
nested_passive,no_agent,passive,passive,True,0.908856,-0.753528,-0.566227,-0.753528,-0.258882,-0.753528,model_curve_artifact_candidate
nested_passive,past_simple,passive,tense,False,0.969442,0.336028,-0.082549,0.336028,0.379736,-0.082549,category_curve_artifact_candidate
nested_passive,perfect,passive,tense,False,0.991438,0.802999,0.058030,0.802999,0.344492,0.058030,ordinary
nested_passive,poetic,passive,style,False,0.988506,0.724961,0.111979,0.724961,0.367718,0.111979,ordinary
nested_passive,possessive_chain,passive,recursive,False,0.928064,-0.422950,-0.812819,-0.422950,-0.307795,-0.812819,model_curve_artifact_candidate
nested_passive,pp_chain,passive,recursive,False,0.927915,-0.342763,-0.786825,-0.342763,-0.255110,-0.786825,model_curve_artifact_candidate
nested_passive,progressive,passive,tense,False,0.990637,0.796250,0.067256,0.796250,0.330596,0.067256,ordinary
nested_passive,relative_clause,passive,recursive,False,0.928849,-0.289833,-0.750553,-0.289833,-0.150986,-0.750553,model_curve_artifact_candidate
nested_passive,scope_quantifier,passive,negation,False,0.918894,-0.366077,0.020788,-0.366077,-0.431170,-0.366077,model_curve_artifact_candidate
nested_passive,she_coref,passive,coreference,False,0.949201,0.073283,0.131726,0.073283,0.150027,0.073283,model_curve_artifact_candidate
nested_passive,syntactic_do_not,passive,negation,False,0.920152,-0.364547,0.023347,-0.364547,-0.142351,-0.364547,model_curve_artifact_candidate
nested_passive,target_language_switch,passive,translation,False,0.944438,0.066931,-0.111895,0.066931,0.045687,-0.111895,model_curve_artifact_candidate
nested_passive,they_coref,passive,coreference,False,0.859476,-0.190731,-0.091769,-0.190731,-0.102104,-0.190731,ordinary
never,no_agent,negation,passive,False,0.953390,0.383167,-0.290755,0.383167,0.032181,-0.290755,category_curve_artifact_candidate
never,past_simple,negation,tense,False,0.881806,-0.754467,-0.441052,-0.754467,-0.346467,-0.754467,ordinary
never,perfect,negation,tense,False,0.920903,-0.233615,0.354833,-0.233615,0.050145,-0.233615,model_curve_artifact_candidate
never,poetic,negation,style,False,0.921606,-0.242705,0.361568,-0.242705,0.021933,-0.242705,model_curve_artifact_candidate
never,possessive_chain,negation,recursive,False,0.972495,0.629833,-0.202915,0.629833,0.041066,-0.202915,category_curve_artifact_candidate
never,pp_chain,negation,recursive,False,0.980109,0.742506,0.150553,0.742506,0.130378,0.150553,ordinary
never,progressive,negation,tense,False,0.922825,-0.169637,0.482507,-0.169637,0.175468,-0.169637,model_curve_artifact_candidate
never,relative_clause,negation,recursive,False,0.987971,0.847163,0.282203,0.847163,0.494947,0.282203,residual_stable_reuse_candidate
never,scope_quantifier,negation,negation,True,0.992537,0.910193,0.386876,0.910193,0.735443,0.386876,residual_stable_reuse_candidate
never,she_coref,negation,coreference,False,0.867853,-0.718724,0.034362,-0.718724,-0.260399,-0.718724,ordinary
never,syntactic_do_not,negation,negation,True,0.990318,0.882021,0.259480,0.882021,0.579040,0.259480,residual_stable_reuse_candidate
never,target_language_switch,negation,translation,False,0.852853,-0.803250,-0.325061,-0.803250,-0.489935,-0.803250,ordinary
never,they_coref,negation,coreference,False,0.767691,-0.657711,-0.419158,-0.657711,-0.489180,-0.657711,ordinary
no_agent,past_simple,passive,tense,False,0.923533,-0.244099,0.622382,-0.244099,-0.044573,-0.244099,model_curve_artifact_candidate
no_agent,perfect,passive,tense,False,0.898285,-0.763005,-0.577924,-0.763005,-0.352481,-0.763005,ordinary
no_agent,poetic,passive,style,False,0.906233,-0.654035,-0.388960,-0.654035,-0.248757,-0.654035,model_curve_artifact_candidate
no_agent,possessive_chain,passive,recursive,False,0.963034,0.449047,0.526186,0.449047,0.092011,0.449047,residual_stable_reuse_candidate
no_agent,pp_chain,passive,recursive,False,0.955720,0.370549,0.404059,0.370549,-0.022644,0.370549,ordinary
no_agent,progressive,passive,tense,False,0.895062,-0.763096,-0.590249,-0.763096,-0.395653,-0.763096,ordinary
no_agent,relative_clause,passive,recursive,False,0.951692,0.327716,0.221915,0.327716,-0.027795,0.221915,ordinary
no_agent,scope_quantifier,passive,negation,False,0.950581,0.356443,-0.338000,0.356443,0.131205,-0.338000,category_curve_artifact_candidate
no_agent,she_coref,passive,coreference,False,0.910235,-0.272915,-0.262798,-0.272915,-0.150591,-0.272915,model_curve_artifact_candidate
no_agent,syntactic_do_not,passive,negation,False,0.945725,0.283544,-0.522103,0.283544,-0.180818,-0.522103,category_curve_artifact_candidate
no_agent,target_language_switch,passive,translation,False,0.915730,-0.121418,0.507347,-0.121418,0.187711,-0.121418,model_curve_artifact_candidate
no_agent,they_coref,passive,coreference,False,0.857559,-0.023478,0.449468,-0.023478,0.173624,-0.023478,ordinary
past_simple,perfect,tense,tense,True,0.958220,0.176694,-0.933659,0.176694,0.134900,-0.933659,category_curve_artifact_candidate
past_simple,poetic,tense,style,False,0.964732,0.292407,-0.525879,0.292407,0.321314,-0.525879,category_curve_artifact_candidate
past_simple,possessive_chain,tense,recursive,False,0.899571,-0.686327,0.177664,-0.686327,-0.459322,-0.686327,ordinary
past_simple,pp_chain,tense,recursive,False,0.887351,-0.797987,-0.093343,-0.797987,-0.528111,-0.797987,ordinary
past_simple,progressive,tense,tense,True,0.954231,0.126785,-0.944294,0.126785,0.063076,-0.944294,category_curve_artifact_candidate
past_simple,relative_clause,tense,recursive,False,0.889270,-0.728333,-0.109380,-0.728333,-0.296324,-0.728333,ordinary
past_simple,scope_quantifier,tense,negation,False,0.881041,-0.737491,-0.349770,-0.737491,-0.446376,-0.737491,ordinary
past_simple,she_coref,tense,coreference,False,0.977306,0.646970,-0.243051,0.646970,0.532519,-0.243051,category_curve_artifact_candidate
past_simple,syntactic_do_not,tense,negation,False,0.878980,-0.790885,-0.486080,-0.790885,-0.373117,-0.790885,ordinary
past_simple,target_language_switch,tense,translation,False,0.978533,0.697435,0.626625,0.697435,0.359342,0.626625,residual_stable_reuse_candidate
past_simple,they_coref,tense,coreference,False,0.922501,0.512707,0.573136,0.512707,0.233429,0.512707,residual_stable_reuse_candidate
perfect,poetic,tense,style,False,0.984927,0.674908,0.465640,0.674908,0.286282,0.465640,residual_stable_reuse_candidate
perfect,possessive_chain,tense,recursive,False,0.923545,-0.364016,-0.138394,-0.364016,-0.306018,-0.364016,model_curve_artifact_candidate
perfect,pp_chain,tense,recursive,False,0.924400,-0.276253,0.057276,-0.276253,-0.322326,-0.276253,model_curve_artifact_candidate
perfect,progressive,tense,tense,True,0.998856,0.977226,0.825141,0.977226,0.943053,0.825141,residual_stable_reuse_candidate
perfect,relative_clause,tense,recursive,False,0.927131,-0.199705,0.036472,-0.199705,-0.077495,-0.199705,model_curve_artifact_candidate
perfect,scope_quantifier,tense,negation,False,0.919643,-0.231444,0.294865,-0.231444,-0.114607,-0.231444,model_curve_artifact_candidate
perfect,she_coref,tense,coreference,False,0.936315,-0.068370,0.216311,-0.068370,-0.006454,-0.068370,model_curve_artifact_candidate
perfect,syntactic_do_not,tense,negation,False,0.923395,-0.189063,0.436315,-0.189063,0.178658,-0.189063,model_curve_artifact_candidate
perfect,target_language_switch,tense,translation,False,0.928680,-0.112441,-0.569382,-0.112441,-0.268672,-0.569382,model_curve_artifact_candidate
perfect,they_coref,tense,coreference,False,0.838888,-0.324153,-0.492763,-0.324153,-0.425217,-0.492763,ordinary
poetic,possessive_chain,style,recursive,False,0.914038,-0.564039,-0.170334,-0.564039,-0.553852,-0.564039,model_curve_artifact_candidate
poetic,pp_chain,style,recursive,False,0.917386,-0.421784,0.002448,-0.421784,-0.414299,-0.421784,model_curve_artifact_candidate
poetic,progressive,style,tense,False,0.985721,0.703810,0.563530,0.703810,0.369393,0.563530,residual_stable_reuse_candidate
poetic,relative_clause,style,recursive,False,0.921669,-0.314147,0.200228,-0.314147,-0.122329,-0.314147,model_curve_artifact_candidate
poetic,scope_quantifier,style,negation,False,0.919815,-0.249008,0.355399,-0.249008,-0.060143,-0.249008,model_curve_artifact_candidate
poetic,she_coref,style,coreference,False,0.951301,0.175438,0.309356,0.175438,0.451600,0.175438,ordinary
poetic,syntactic_do_not,style,negation,False,0.915699,-0.334616,-0.032632,-0.334616,-0.109927,-0.334616,model_curve_artifact_candidate
poetic,target_language_switch,style,translation,False,0.937745,0.018588,-0.820637,0.018588,-0.074313,-0.820637,model_curve_artifact_candidate
poetic,they_coref,style,coreference,False,0.853165,-0.194599,-0.904381,-0.194599,-0.326810,-0.904381,ordinary
possessive_chain,pp_chain,recursive,recursive,True,0.989704,0.850552,0.668848,0.850552,0.537206,0.668848,residual_stable_reuse_candidate
possessive_chain,progressive,recursive,tense,False,0.921338,-0.360695,-0.207461,-0.360695,-0.324456,-0.360695,model_curve_artifact_candidate
possessive_chain,relative_clause,recursive,recursive,True,0.987111,0.817596,0.624365,0.817596,0.346826,0.624365,residual_stable_reuse_candidate
possessive_chain,scope_quantifier,recursive,negation,False,0.980091,0.739456,0.079308,0.739456,0.289056,0.079308,ordinary
possessive_chain,she_coref,recursive,coreference,False,0.881111,-0.733226,0.020485,-0.733226,-0.546150,-0.733226,ordinary
possessive_chain,syntactic_do_not,recursive,negation,False,0.976270,0.682845,-0.152374,0.682845,0.061875,-0.152374,category_curve_artifact_candidate
possessive_chain,target_language_switch,recursive,translation,False,0.882337,-0.609372,0.174334,-0.609372,-0.145375,-0.609372,ordinary
possessive_chain,they_coref,recursive,coreference,False,0.799333,-0.537687,0.195692,-0.537687,-0.024594,-0.537687,ordinary
pp_chain,progressive,recursive,tense,False,0.923921,-0.246835,0.072576,-0.246835,-0.297777,-0.246835,model_curve_artifact_candidate
pp_chain,relative_clause,recursive,recursive,True,0.989394,0.855289,0.687054,0.855289,0.399412,0.687054,residual_stable_reuse_candidate
pp_chain,scope_quantifier,recursive,negation,False,0.980079,0.746850,0.012581,0.746850,0.247667,0.012581,category_curve_artifact_candidate
pp_chain,she_coref,recursive,coreference,False,0.871363,-0.789163,-0.043569,-0.789163,-0.573510,-0.789163,ordinary
pp_chain,syntactic_do_not,recursive,negation,False,0.983431,0.786713,0.105168,0.786713,0.309659,0.105168,ordinary
pp_chain,target_language_switch,recursive,translation,False,0.866092,-0.750822,-0.063504,-0.750822,-0.386007,-0.750822,ordinary
pp_chain,they_coref,recursive,coreference,False,0.782090,-0.626412,-0.016477,-0.626412,-0.179793,-0.626412,ordinary
progressive,relative_clause,tense,recursive,False,0.927597,-0.157919,0.111245,-0.157919,-0.010997,-0.157919,model_curve_artifact_candidate
progressive,scope_quantifier,tense,negation,False,0.921369,-0.171336,0.382197,-0.171336,-0.005415,-0.171336,model_curve_artifact_candidate
progressive,she_coref,tense,coreference,False,0.932778,-0.096634,0.230751,-0.096634,-0.010741,-0.096634,model_curve_artifact_candidate
progressive,syntactic_do_not,tense,negation,False,0.924192,-0.144176,0.406912,-0.144176,0.241257,-0.144176,model_curve_artifact_candidate
progressive,target_language_switch,tense,translation,False,0.924149,-0.152894,-0.586286,-0.152894,-0.332570,-0.586286,model_curve_artifact_candidate
progressive,they_coref,tense,coreference,False,0.831017,-0.373062,-0.623552,-0.373062,-0.526894,-0.623552,ordinary
relative_clause,scope_quantifier,recursive,negation,False,0.989054,0.863765,0.181206,0.863765,0.491090,0.181206,ordinary
relative_clause,she_coref,recursive,coreference,False,0.867106,-0.810991,0.092778,-0.810991,-0.410904,-0.810991,ordinary
relative_clause,syntactic_do_not,recursive,negation,False,0.990517,0.880241,0.177863,0.880241,0.499775,0.177863,ordinary
relative_clause,target_language_switch,recursive,translation,False,0.857874,-0.822019,-0.219004,-0.822019,-0.496423,-0.822019,ordinary
relative_clause,they_coref,recursive,coreference,False,0.768294,-0.712007,-0.184118,-0.712007,-0.408110,-0.712007,ordinary
scope_quantifier,she_coref,negation,coreference,False,0.863632,-0.747443,0.101649,-0.747443,-0.400900,-0.747443,ordinary
scope_quantifier,syntactic_do_not,negation,negation,True,0.984342,0.811979,-0.036878,0.811979,0.339632,-0.036878,category_curve_artifact_candidate
scope_quantifier,target_language_switch,negation,translation,False,0.853583,-0.768661,-0.227403,-0.768661,-0.397202,-0.768661,ordinary
scope_quantifier,they_coref,negation,coreference,False,0.761024,-0.689543,-0.412262,-0.689543,-0.440581,-0.689543,ordinary
she_coref,syntactic_do_not,coreference,negation,False,0.868889,-0.699948,0.101346,-0.699948,-0.373967,-0.699948,ordinary
she_coref,target_language_switch,coreference,translation,False,0.986002,0.819076,-0.284368,0.819076,0.553381,-0.284368,category_curve_artifact_candidate
she_coref,they_coref,coreference,coreference,True,0.963230,0.848044,-0.374903,0.848044,0.408112,-0.374903,category_curve_artifact_candidate
syntactic_do_not,target_language_switch,negation,translation,False,0.849259,-0.841766,-0.321020,-0.841766,-0.679447,-0.841766,ordinary
syntactic_do_not,they_coref,negation,coreference,False,0.774677,-0.600776,-0.091520,-0.600776,-0.477652,-0.600776,ordinary
target_language_switch,they_coref,translation,coreference,False,0.962656,0.829277,0.794875,0.829277,0.735204,0.794875,residual_stable_reuse_candidate
