a,b,category_a,category_b,same_category,raw_similarity,model_centered_similarity,category_centered_similarity,group_centered_similarity,zscore_similarity,min_centered_similarity,label
and_or,by_phrase,logical,passive,False,0.908550,0.098201,0.152827,0.098201,-0.191665,0.098201,model_curve_artifact_candidate
and_or,casual,logical,style,False,0.895657,0.102591,0.362565,0.102591,0.289144,0.102591,ordinary
and_or,causal,logical,logical,True,0.981038,0.810491,0.715458,0.810491,0.613574,0.715458,residual_stable_reuse_candidate
and_or,center_embedding,logical,recursive,False,0.784899,-0.648705,-0.491000,-0.648705,-0.495905,-0.648705,ordinary
and_or,complement_clause,logical,recursive,False,0.891605,0.056323,0.195375,0.056323,-0.366997,0.056323,ordinary
and_or,concise,logical,style,False,0.547370,0.010630,0.197161,0.010630,-0.134593,0.010630,ordinary
and_or,conditional,logical,logical,True,0.974689,0.737937,0.589059,0.737937,0.617147,0.589059,residual_stable_reuse_candidate
and_or,contrast,logical,logical,True,0.979889,0.808756,0.714176,0.808756,0.514166,0.714176,residual_stable_reuse_candidate
and_or,dative_passive,logical,passive,False,0.935502,0.266549,0.395897,0.266549,-0.141452,0.266549,ordinary
and_or,deep_complement,logical,recursive,False,0.742570,-0.432623,-0.373918,-0.432623,-0.389929,-0.432623,ordinary
and_or,deictic_switch,logical,coreference,False,0.914245,0.014658,-0.097478,0.014658,0.338239,-0.097478,model_curve_artifact_candidate
and_or,double_relative,logical,recursive,False,0.853190,0.023122,0.291093,0.023122,0.026929,0.023122,ordinary
and_or,en_fr_phrase,logical,translation,False,0.910766,-0.031679,0.314264,-0.031679,0.500660,-0.031679,model_curve_artifact_candidate
and_or,en_fr_word,logical,translation,False,0.891124,-0.223168,-0.166287,-0.223168,0.242087,-0.223168,ordinary
and_or,en_zh_phrase,logical,translation,False,0.869040,-0.311680,-0.262857,-0.311680,0.049642,-0.311680,ordinary
and_or,en_zh_word,logical,translation,False,0.900922,-0.190596,0.032422,-0.190596,0.354780,-0.190596,model_curve_artifact_candidate
and_or,existential_no,logical,negation,False,0.941537,0.401258,0.094859,0.401258,0.068207,0.094859,ordinary
and_or,formal,logical,style,False,0.865493,-0.500957,-0.323578,-0.500957,-0.116832,-0.500957,ordinary
and_or,future_will,logical,tense,False,0.876148,-0.482720,-0.404350,-0.482720,-0.116691,-0.482720,ordinary
and_or,get_passive,logical,passive,False,0.863793,-0.106064,-0.172287,-0.106064,-0.445528,-0.172287,ordinary
and_or,he_coref,logical,coreference,False,0.865091,-0.059055,-0.176443,-0.059055,0.173705,-0.176443,ordinary
and_or,inference,logical,logical,True,0.974131,0.743941,0.603715,0.743941,0.458257,0.603715,residual_stable_reuse_candidate
and_or,it_coref,logical,coreference,False,0.754835,-0.020277,0.052607,-0.020277,-0.075752,-0.020277,ordinary
and_or,lexical_not_adj,logical,negation,False,0.917460,0.152938,-0.409512,0.152938,-0.129655,-0.409512,category_curve_artifact_candidate
and_or,long_passive,logical,passive,False,0.863467,-0.667953,-0.452378,-0.667953,-0.361890,-0.667953,ordinary
and_or,morphological_neg,logical,negation,False,0.992643,0.930431,0.707348,0.930431,0.855828,0.707348,residual_stable_reuse_candidate
and_or,negated_condition,logical,logical,True,0.857277,-0.555938,-0.556077,-0.555938,-0.212147,-0.556077,ordinary
and_or,nested_condition,logical,logical,True,0.772982,-0.641924,-0.745674,-0.641924,-0.564128,-0.745674,ordinary
and_or,nested_contrast,logical,logical,True,0.719697,-0.603487,-0.724912,-0.603487,-0.521202,-0.724912,ordinary
and_or,nested_passive,logical,passive,False,0.829273,-0.628003,-0.545230,-0.628003,-0.365043,-0.628003,ordinary
and_or,never,logical,negation,False,0.949550,0.428433,0.077223,0.428433,0.203508,0.077223,ordinary
and_or,no_agent,logical,passive,False,0.965781,0.689151,0.674671,0.689151,0.518236,0.674671,residual_stable_reuse_candidate
and_or,past_simple,logical,tense,False,0.919397,0.071808,0.491408,0.071808,0.627817,0.071808,model_curve_artifact_candidate
and_or,perfect,logical,tense,False,0.874125,-0.465320,-0.353076,-0.465320,-0.086758,-0.465320,ordinary
and_or,poetic,logical,style,False,0.885740,-0.427808,-0.291343,-0.427808,-0.152947,-0.427808,ordinary
and_or,possessive_chain,logical,recursive,False,0.879497,0.026213,0.143355,0.026213,-0.296785,0.026213,ordinary
and_or,pp_chain,logical,recursive,False,0.903908,0.048527,0.178885,0.048527,-0.386572,0.048527,model_curve_artifact_candidate
and_or,progressive,logical,tense,False,0.876127,-0.517599,-0.434689,-0.517599,-0.132616,-0.517599,ordinary
and_or,relative_clause,logical,recursive,False,0.882138,0.094192,0.241435,0.094192,-0.266893,0.094192,ordinary
and_or,scope_quantifier,logical,negation,False,0.941799,0.354029,-0.148233,0.354029,-0.078839,-0.148233,category_curve_artifact_candidate
and_or,she_coref,logical,coreference,False,0.917676,0.133599,0.186651,0.133599,0.456036,0.133599,ordinary
and_or,syntactic_do_not,logical,negation,False,0.854268,-0.081757,-0.564153,-0.081757,-0.403879,-0.564153,ordinary
and_or,target_language_switch,logical,translation,False,0.893845,-0.051795,0.128865,-0.051795,0.301252,-0.051795,ordinary
and_or,they_coref,logical,coreference,False,0.881344,0.085447,0.171894,0.085447,0.264161,0.085447,ordinary
by_phrase,casual,passive,style,False,0.796418,-0.796270,-0.282305,-0.796270,-0.639075,-0.796270,ordinary
by_phrase,causal,passive,logical,False,0.925740,0.236506,0.221706,0.236506,-0.047281,0.221706,ordinary
by_phrase,center_embedding,passive,recursive,False,0.902363,0.251288,0.108923,0.251288,0.499803,0.108923,ordinary
by_phrase,complement_clause,passive,recursive,False,0.962184,0.668345,0.567361,0.668345,0.249590,0.567361,residual_stable_reuse_candidate
by_phrase,concise,passive,style,False,0.410862,-0.480553,-0.150642,-0.480553,-0.520136,-0.480553,stable_differentiation_candidate
by_phrase,conditional,passive,logical,False,0.936609,0.320063,0.220432,0.320063,-0.009165,0.220432,ordinary
by_phrase,contrast,passive,logical,False,0.912719,0.150201,0.122478,0.150201,-0.129903,0.122478,ordinary
by_phrase,dative_passive,passive,passive,True,0.973228,0.694346,0.250110,0.694346,0.360558,0.250110,residual_stable_reuse_candidate
by_phrase,deep_complement,passive,recursive,False,0.760555,-0.347441,-0.524760,-0.347441,-0.305854,-0.524760,ordinary
by_phrase,deictic_switch,passive,coreference,False,0.880732,-0.416276,0.329872,-0.416276,0.079212,-0.416276,ordinary
by_phrase,double_relative,passive,recursive,False,0.755442,-0.694883,-0.564045,-0.694883,-0.584712,-0.694883,ordinary
by_phrase,en_fr_phrase,passive,translation,False,0.885540,-0.366496,-0.119764,-0.366496,0.059796,-0.366496,ordinary
by_phrase,en_fr_word,passive,translation,False,0.904020,-0.106815,0.210724,-0.106815,0.285205,-0.106815,model_curve_artifact_candidate
by_phrase,en_zh_phrase,passive,translation,False,0.906746,0.042857,0.441582,0.042857,0.417921,0.042857,model_curve_artifact_candidate
by_phrase,en_zh_word,passive,translation,False,0.890607,-0.356144,0.061832,-0.356144,0.049654,-0.356144,ordinary
by_phrase,existential_no,passive,negation,False,0.964145,0.623404,-0.060868,0.623404,0.259877,-0.060868,category_curve_artifact_candidate
by_phrase,formal,passive,style,False,0.887096,-0.292228,0.289660,-0.292228,-0.081893,-0.292228,ordinary
by_phrase,future_will,passive,tense,False,0.907981,-0.127083,0.168182,-0.127083,0.122831,-0.127083,model_curve_artifact_candidate
by_phrase,get_passive,passive,passive,True,0.943907,0.544908,0.068141,0.544908,0.134434,0.068141,ordinary
by_phrase,he_coref,passive,coreference,False,0.834224,-0.332702,0.135700,-0.332702,-0.069115,-0.332702,ordinary
by_phrase,inference,passive,logical,False,0.917313,0.160313,0.066983,0.160313,-0.149841,0.066983,ordinary
by_phrase,it_coref,passive,coreference,False,0.643738,-0.607368,-0.192615,-0.607368,-0.552417,-0.607368,stable_differentiation_candidate
by_phrase,lexical_not_adj,passive,negation,False,0.983157,0.823381,0.135264,0.823381,0.355048,0.135264,ordinary
by_phrase,long_passive,passive,passive,True,0.915890,-0.046108,-0.485100,-0.046108,0.405939,-0.485100,model_curve_artifact_candidate
by_phrase,morphological_neg,passive,negation,False,0.908427,0.112169,-0.367406,0.112169,-0.151416,-0.367406,category_curve_artifact_candidate
by_phrase,negated_condition,passive,logical,False,0.908006,-0.027216,-0.129007,-0.027216,0.335861,-0.129007,model_curve_artifact_candidate
by_phrase,nested_condition,passive,logical,False,0.878745,0.124466,-0.023939,0.124466,0.153398,-0.023939,ordinary
by_phrase,nested_contrast,passive,logical,False,0.805621,-0.096536,-0.261641,-0.096536,-0.150699,-0.261641,ordinary
by_phrase,nested_passive,passive,passive,True,0.914959,0.169939,-0.310122,0.169939,0.511268,-0.310122,category_curve_artifact_candidate
by_phrase,never,passive,negation,False,0.979928,0.774009,0.002002,0.774009,0.476299,0.002002,category_curve_artifact_candidate
by_phrase,no_agent,passive,passive,True,0.910535,0.166723,-0.104622,0.166723,-0.215961,-0.104622,category_curve_artifact_candidate
by_phrase,past_simple,passive,tense,False,0.875497,-0.484773,-0.328646,-0.484773,-0.066310,-0.484773,ordinary
by_phrase,perfect,passive,tense,False,0.907005,-0.108398,0.190302,-0.108398,0.157011,-0.108398,model_curve_artifact_candidate
by_phrase,poetic,passive,style,False,0.887020,-0.453369,0.184613,-0.453369,-0.132902,-0.453369,ordinary
by_phrase,possessive_chain,passive,recursive,False,0.927780,0.411493,0.354039,0.411493,0.031125,0.354039,residual_stable_reuse_candidate
by_phrase,pp_chain,passive,recursive,False,0.966443,0.659528,0.598112,0.659528,0.219941,0.598112,residual_stable_reuse_candidate
by_phrase,progressive,passive,tense,False,0.917513,-0.030090,0.428672,-0.030090,0.310107,-0.030090,model_curve_artifact_candidate
by_phrase,relative_clause,passive,recursive,False,0.910413,0.304554,0.139289,0.304554,-0.167462,0.139289,ordinary
by_phrase,scope_quantifier,passive,negation,False,0.981352,0.793235,0.072539,0.793235,0.545538,0.072539,ordinary
by_phrase,she_coref,passive,coreference,False,0.839979,-0.731312,0.078679,-0.731312,-0.333678,-0.731312,ordinary
by_phrase,syntactic_do_not,passive,negation,False,0.972511,0.819376,0.328122,0.819376,0.624843,0.328122,residual_stable_reuse_candidate
by_phrase,target_language_switch,passive,translation,False,0.832676,-0.698752,-0.421247,-0.698752,-0.577650,-0.698752,ordinary
by_phrase,they_coref,passive,coreference,False,0.775316,-0.787676,-0.319930,-0.787676,-0.648526,-0.787676,ordinary
casual,causal,style,logical,False,0.882623,-0.048067,0.365059,-0.048067,0.096679,-0.048067,ordinary
casual,center_embedding,style,recursive,False,0.794777,-0.427686,-0.182565,-0.427686,-0.549818,-0.427686,ordinary
casual,complement_clause,style,recursive,False,0.795195,-0.610233,-0.083026,-0.610233,-0.204094,-0.610233,ordinary
casual,concise,style,style,True,0.728061,0.608700,-0.293905,0.608700,0.494496,-0.293905,ordinary
casual,conditional,style,logical,False,0.877185,-0.140434,0.421610,-0.140434,0.113516,-0.140434,ordinary
casual,contrast,style,logical,False,0.885368,0.024405,0.393127,0.024405,0.121828,0.024405,ordinary
casual,dative_passive,style,passive,False,0.850441,-0.521958,0.140720,-0.521958,-0.335513,-0.521958,ordinary
casual,deep_complement,style,recursive,False,0.828706,0.142860,-0.067827,0.142860,-0.001367,-0.067827,ordinary
casual,deictic_switch,style,coreference,False,0.937719,0.390444,0.029043,0.390444,-0.028741,0.029043,category_curve_artifact_candidate
casual,double_relative,style,recursive,False,0.947568,0.692542,0.309477,0.692542,0.607689,0.309477,residual_stable_reuse_candidate
casual,en_fr_phrase,style,translation,False,0.927205,0.276728,0.246860,0.276728,0.049589,0.246860,ordinary
casual,en_fr_word,style,translation,False,0.893601,-0.049093,-0.102057,-0.049093,-0.235561,-0.102057,ordinary
casual,en_zh_phrase,style,translation,False,0.873308,-0.130359,-0.298508,-0.130359,-0.289722,-0.298508,ordinary
casual,en_zh_word,style,translation,False,0.933926,0.331210,0.010208,0.331210,0.112550,0.010208,category_curve_artifact_candidate
casual,existential_no,style,negation,False,0.837981,-0.481729,0.012082,-0.481729,-0.151985,-0.481729,ordinary
casual,formal,style,style,True,0.906609,0.090389,-0.143374,0.090389,-0.042030,-0.143374,model_curve_artifact_candidate
casual,future_will,style,tense,False,0.894683,-0.095142,-0.459773,-0.095142,-0.046415,-0.459773,ordinary
casual,get_passive,style,passive,False,0.799325,-0.479987,-0.198422,-0.479987,-0.133454,-0.479987,ordinary
casual,he_coref,style,coreference,False,0.897644,0.269083,0.106454,0.269083,-0.021852,0.106454,ordinary
casual,inference,style,logical,False,0.887846,0.009892,0.375454,0.009892,0.094235,0.009892,ordinary
casual,it_coref,style,coreference,False,0.891444,0.657145,-0.287415,0.657145,0.488052,-0.287415,ordinary
casual,lexical_not_adj,style,negation,False,0.812563,-0.718243,-0.224430,-0.718243,-0.331229,-0.718243,ordinary
casual,long_passive,style,passive,False,0.890011,-0.164632,-0.047095,-0.164632,-0.434717,-0.164632,ordinary
casual,morphological_neg,style,negation,False,0.899576,0.148992,0.568261,0.148992,0.325959,0.148992,ordinary
casual,negated_condition,style,logical,False,0.889391,-0.061556,-0.226302,-0.061556,-0.248290,-0.226302,ordinary
casual,nested_condition,style,logical,False,0.793951,-0.355615,-0.422331,-0.355615,-0.327785,-0.422331,ordinary
casual,nested_contrast,style,logical,False,0.774323,-0.175188,-0.393592,-0.175188,-0.134450,-0.393592,ordinary
casual,nested_passive,style,passive,False,0.851195,-0.270610,-0.095275,-0.270610,-0.362507,-0.270610,ordinary
casual,never,style,negation,False,0.835825,-0.681647,-0.122589,-0.681647,-0.434490,-0.681647,ordinary
casual,no_agent,style,passive,False,0.865818,-0.099176,0.368110,-0.099176,0.041251,-0.099176,ordinary
casual,past_simple,style,tense,False,0.940979,0.423417,0.527981,0.423417,0.197903,0.423417,residual_stable_reuse_candidate
casual,perfect,style,tense,False,0.893507,-0.081400,-0.304223,-0.081400,-0.091695,-0.304223,ordinary
casual,poetic,style,style,True,0.916660,0.115947,0.020088,0.115947,-0.031436,0.020088,category_curve_artifact_candidate
casual,possessive_chain,style,recursive,False,0.807565,-0.414949,-0.020509,-0.414949,-0.191696,-0.414949,ordinary
casual,pp_chain,style,recursive,False,0.814514,-0.642213,-0.096793,-0.642213,-0.373266,-0.642213,ordinary
casual,progressive,style,tense,False,0.890859,-0.160036,-0.519450,-0.160036,-0.167234,-0.519450,ordinary
casual,relative_clause,style,recursive,False,0.812317,-0.321307,0.017324,-0.321307,0.093274,-0.321307,ordinary
casual,scope_quantifier,style,negation,False,0.831365,-0.680077,0.068604,-0.680077,-0.505123,-0.680077,ordinary
casual,she_coref,style,coreference,False,0.976077,0.792761,0.295298,0.792761,0.480987,0.295298,residual_stable_reuse_candidate
casual,syntactic_do_not,style,negation,False,0.738934,-0.778065,-0.476549,-0.778065,-0.618663,-0.778065,ordinary
casual,target_language_switch,style,translation,False,0.961857,0.669414,0.160910,0.669414,0.623750,0.160910,ordinary
casual,they_coref,style,coreference,False,0.983341,0.886478,0.180910,0.886478,0.701674,0.180910,ordinary
causal,center_embedding,logical,recursive,False,0.794346,-0.633312,-0.427261,-0.633312,-0.515488,-0.633312,ordinary
causal,complement_clause,logical,recursive,False,0.893239,0.035805,0.228657,0.035805,-0.489568,0.035805,ordinary
causal,concise,logical,style,False,0.502961,-0.163717,0.005046,-0.163717,-0.264871,-0.163717,stable_differentiation_candidate
causal,conditional,logical,logical,True,0.982558,0.810051,0.694763,0.810051,0.745161,0.694763,residual_stable_reuse_candidate
causal,contrast,logical,logical,True,0.989937,0.901661,0.849965,0.901661,0.636189,0.849965,residual_stable_reuse_candidate
causal,dative_passive,logical,passive,False,0.950888,0.414443,0.447028,0.414443,0.089160,0.414443,residual_stable_reuse_candidate
causal,deep_complement,logical,recursive,False,0.735602,-0.520595,-0.464502,-0.520595,-0.395296,-0.520595,ordinary
causal,deictic_switch,logical,coreference,False,0.916141,-0.012192,0.072213,-0.012192,0.287206,-0.012192,model_curve_artifact_candidate
causal,double_relative,logical,recursive,False,0.832956,-0.153877,0.140166,-0.153877,-0.132002,-0.153877,ordinary
causal,en_fr_phrase,logical,translation,False,0.916092,-0.018517,0.148962,-0.018517,0.448140,-0.018517,model_curve_artifact_candidate
causal,en_fr_word,logical,translation,False,0.906445,-0.100307,-0.073634,-0.100307,0.348731,-0.100307,model_curve_artifact_candidate
causal,en_zh_phrase,logical,translation,False,0.887323,-0.177220,-0.144415,-0.177220,0.236241,-0.177220,ordinary
causal,en_zh_word,logical,translation,False,0.916119,-0.056697,0.179070,-0.056697,0.541803,-0.056697,model_curve_artifact_candidate
causal,existential_no,logical,negation,False,0.946073,0.422498,-0.014743,0.422498,0.049571,-0.014743,category_curve_artifact_candidate
causal,formal,logical,style,False,0.866661,-0.557162,-0.187745,-0.557162,-0.265023,-0.557162,ordinary
causal,future_will,logical,tense,False,0.891518,-0.360500,-0.330145,-0.360500,-0.036994,-0.360500,ordinary
causal,get_passive,logical,passive,False,0.874476,-0.054600,-0.233094,-0.054600,-0.466214,-0.233094,ordinary
causal,he_coref,logical,coreference,False,0.874395,-0.018641,0.037475,-0.018641,0.250367,-0.018641,ordinary
causal,inference,logical,logical,True,0.986240,0.857855,0.774448,0.857855,0.722421,0.774448,residual_stable_reuse_candidate
causal,it_coref,logical,coreference,False,0.715578,-0.249390,-0.206045,-0.249390,-0.238679,-0.249390,ordinary
causal,lexical_not_adj,logical,negation,False,0.934702,0.299914,-0.236408,0.299914,-0.069064,-0.236408,category_curve_artifact_candidate
causal,long_passive,logical,passive,False,0.877682,-0.565529,-0.480452,-0.565529,-0.231073,-0.565529,ordinary
causal,morphological_neg,logical,negation,False,0.989392,0.896904,0.584749,0.896904,0.806908,0.584749,residual_stable_reuse_candidate
causal,negated_condition,logical,logical,True,0.855712,-0.644807,-0.656090,-0.644807,-0.416384,-0.656090,ordinary
causal,nested_condition,logical,logical,True,0.778543,-0.658296,-0.777975,-0.658296,-0.602339,-0.777975,ordinary
causal,nested_contrast,logical,logical,True,0.717565,-0.669047,-0.815762,-0.669047,-0.608658,-0.815762,ordinary
causal,nested_passive,logical,passive,False,0.839587,-0.593373,-0.630525,-0.593373,-0.347235,-0.630525,ordinary
causal,never,logical,negation,False,0.958672,0.507377,0.071822,0.507377,0.275314,0.071822,ordinary
causal,no_agent,logical,passive,False,0.983294,0.845612,0.754001,0.845612,0.749113,0.754001,residual_stable_reuse_candidate
causal,past_simple,logical,tense,False,0.928220,0.132228,0.435223,0.132228,0.663801,0.132228,ordinary
causal,perfect,logical,tense,False,0.889607,-0.345572,-0.280691,-0.345572,-0.005523,-0.345572,ordinary
causal,poetic,logical,style,False,0.894440,-0.384902,-0.068929,-0.384902,-0.116392,-0.384902,ordinary
causal,possessive_chain,logical,recursive,False,0.887851,0.063255,0.273944,0.063255,-0.258819,0.063255,ordinary
causal,pp_chain,logical,recursive,False,0.913038,0.102052,0.340756,0.102052,-0.354016,0.102052,ordinary
causal,progressive,logical,tense,False,0.889931,-0.413405,-0.442234,-0.413405,-0.044826,-0.442234,ordinary
causal,relative_clause,logical,recursive,False,0.881374,0.057952,0.245113,0.057952,-0.391727,0.057952,ordinary
causal,scope_quantifier,logical,negation,False,0.951683,0.436808,-0.141642,0.436808,-0.029020,-0.141642,category_curve_artifact_candidate
causal,she_coref,logical,coreference,False,0.913842,0.051284,0.355006,0.051284,0.339073,0.051284,model_curve_artifact_candidate
causal,syntactic_do_not,logical,negation,False,0.873231,0.032374,-0.462894,0.032374,-0.261822,-0.462894,ordinary
causal,target_language_switch,logical,translation,False,0.896606,-0.068296,0.009109,-0.068296,0.289255,-0.068296,ordinary
causal,they_coref,logical,coreference,False,0.862720,-0.097927,0.011540,-0.097927,0.064938,-0.097927,ordinary
center_embedding,complement_clause,recursive,recursive,True,0.890171,0.231594,0.105601,0.231594,0.321846,0.105601,ordinary
center_embedding,concise,recursive,style,False,0.416596,-0.278400,-0.328345,-0.278400,-0.402349,-0.328345,stable_differentiation_candidate
center_embedding,conditional,recursive,logical,False,0.810228,-0.562736,-0.471158,-0.562736,-0.454969,-0.562736,ordinary
center_embedding,contrast,recursive,logical,False,0.777248,-0.689608,-0.491009,-0.689608,-0.455645,-0.689608,ordinary
center_embedding,dative_passive,recursive,passive,False,0.870039,-0.139152,-0.539506,-0.139152,0.111862,-0.539506,ordinary
center_embedding,deep_complement,recursive,recursive,True,0.828202,0.200674,-0.028381,0.200674,-0.009880,-0.028381,ordinary
center_embedding,deictic_switch,recursive,coreference,False,0.898482,0.125618,0.578993,0.125618,0.098239,0.125618,ordinary
center_embedding,double_relative,recursive,recursive,True,0.741353,-0.456278,-0.331049,-0.456278,-0.519650,-0.456278,ordinary
center_embedding,en_fr_phrase,recursive,translation,False,0.884670,-0.009363,-0.086649,-0.009363,-0.067908,-0.086649,ordinary
center_embedding,en_fr_word,recursive,translation,False,0.913425,0.279202,0.342077,0.279202,0.139437,0.279202,ordinary
center_embedding,en_zh_phrase,recursive,translation,False,0.924304,0.420270,0.530430,0.420270,0.268475,0.420270,residual_stable_reuse_candidate
center_embedding,en_zh_word,recursive,translation,False,0.887828,-0.007557,-0.097285,-0.007557,-0.226594,-0.097285,ordinary
center_embedding,existential_no,recursive,negation,False,0.868348,-0.052650,-0.068165,-0.052650,0.128804,-0.068165,ordinary
center_embedding,formal,recursive,style,False,0.911386,0.264690,0.383946,0.264690,0.057017,0.264690,ordinary
center_embedding,future_will,recursive,tense,False,0.926274,0.377548,0.091932,0.377548,0.214926,0.091932,ordinary
center_embedding,get_passive,recursive,passive,False,0.873956,0.166031,-0.316920,0.166031,0.288474,-0.316920,ordinary
center_embedding,he_coref,recursive,coreference,False,0.830346,-0.092397,0.250244,-0.092397,-0.224133,-0.092397,ordinary
center_embedding,inference,recursive,logical,False,0.792040,-0.634158,-0.517978,-0.634158,-0.485752,-0.634158,ordinary
center_embedding,it_coref,recursive,coreference,False,0.652941,-0.318010,-0.370384,-0.318010,-0.436722,-0.370384,stable_differentiation_candidate
center_embedding,lexical_not_adj,recursive,negation,False,0.883440,0.071766,0.005866,0.071766,0.166092,0.005866,ordinary
center_embedding,long_passive,recursive,passive,False,0.961420,0.725536,0.610366,0.725536,0.579186,0.610366,residual_stable_reuse_candidate
center_embedding,morphological_neg,recursive,negation,False,0.778255,-0.675776,-0.455324,-0.675776,-0.571124,-0.675776,ordinary
center_embedding,negated_condition,recursive,logical,False,0.956705,0.676714,0.680633,0.676714,0.570455,0.676714,residual_stable_reuse_candidate
center_embedding,nested_condition,recursive,logical,False,0.953325,0.722984,0.579133,0.722984,0.501924,0.579133,residual_stable_reuse_candidate
center_embedding,nested_contrast,recursive,logical,False,0.886554,0.471110,0.199552,0.471110,0.226732,0.199552,ordinary
center_embedding,nested_passive,recursive,passive,False,0.958232,0.699558,0.618153,0.699558,0.539208,0.618153,residual_stable_reuse_candidate
center_embedding,never,recursive,negation,False,0.875200,-0.094122,-0.131697,-0.094122,0.138147,-0.131697,ordinary
center_embedding,no_agent,recursive,passive,False,0.774825,-0.645521,-0.545130,-0.645521,-0.500467,-0.645521,ordinary
center_embedding,past_simple,recursive,tense,False,0.871616,-0.131777,-0.300442,-0.131777,-0.303009,-0.300442,ordinary
center_embedding,perfect,recursive,tense,False,0.929128,0.413416,0.276934,0.413416,0.277120,0.276934,residual_stable_reuse_candidate
center_embedding,poetic,recursive,style,False,0.917772,0.275962,0.356101,0.275962,0.134429,0.275962,ordinary
center_embedding,possessive_chain,recursive,recursive,True,0.850464,0.012994,-0.307332,0.012994,0.115248,-0.307332,ordinary
center_embedding,pp_chain,recursive,recursive,True,0.883609,0.099114,-0.086882,0.099114,0.244493,-0.086882,ordinary
center_embedding,progressive,recursive,tense,False,0.938113,0.490398,0.344466,0.490398,0.304328,0.344466,residual_stable_reuse_candidate
center_embedding,relative_clause,recursive,recursive,True,0.814344,-0.177715,-0.508227,-0.177715,-0.103452,-0.508227,ordinary
center_embedding,scope_quantifier,recursive,negation,False,0.888991,0.057124,0.118490,0.057124,0.496827,0.057124,ordinary
center_embedding,she_coref,recursive,coreference,False,0.833509,-0.373371,0.137163,-0.373371,-0.351741,-0.373371,ordinary
center_embedding,syntactic_do_not,recursive,negation,False,0.923695,0.531385,0.536490,0.531385,0.698634,0.531385,residual_stable_reuse_candidate
center_embedding,target_language_switch,recursive,translation,False,0.825298,-0.367748,-0.517131,-0.367748,-0.590879,-0.517131,ordinary
center_embedding,they_coref,recursive,coreference,False,0.770432,-0.459464,-0.509516,-0.459464,-0.627023,-0.509516,ordinary
complement_clause,concise,recursive,style,False,0.456346,-0.241388,-0.176294,-0.241388,0.032801,-0.241388,stable_differentiation_candidate
complement_clause,conditional,recursive,logical,False,0.911559,0.172992,0.295874,0.172992,-0.485387,0.172992,ordinary
complement_clause,contrast,recursive,logical,False,0.882987,-0.007677,0.182475,-0.007677,-0.352898,-0.007677,ordinary
complement_clause,dative_passive,recursive,passive,False,0.954047,0.554902,0.212531,0.554902,0.086715,0.212531,residual_stable_reuse_candidate
complement_clause,deep_complement,recursive,recursive,True,0.790340,-0.072363,-0.642741,-0.072363,-0.057706,-0.642741,ordinary
complement_clause,deictic_switch,recursive,coreference,False,0.850317,-0.549959,0.342216,-0.549959,-0.192926,-0.549959,ordinary
complement_clause,double_relative,recursive,recursive,True,0.769840,-0.439267,-0.505368,-0.439267,-0.070857,-0.505368,ordinary
complement_clause,en_fr_phrase,recursive,translation,False,0.848215,-0.581027,-0.036341,-0.581027,-0.403670,-0.581027,ordinary
complement_clause,en_fr_word,recursive,translation,False,0.865384,-0.354868,0.276568,-0.354868,-0.173684,-0.354868,ordinary
complement_clause,en_zh_phrase,recursive,translation,False,0.862288,-0.244496,0.347640,-0.244496,-0.112202,-0.244496,ordinary
complement_clause,en_zh_word,recursive,translation,False,0.849786,-0.622579,-0.082470,-0.622579,-0.447592,-0.622579,ordinary
complement_clause,existential_no,recursive,negation,False,0.953448,0.578385,0.104073,0.578385,0.322638,0.104073,ordinary
complement_clause,formal,recursive,style,False,0.875494,-0.240517,0.264714,-0.240517,0.041544,-0.240517,ordinary
complement_clause,future_will,recursive,tense,False,0.882171,-0.249914,0.118636,-0.249914,0.088428,-0.249914,ordinary
complement_clause,get_passive,recursive,passive,False,0.957960,0.688312,0.159344,0.688312,0.556727,0.159344,ordinary
complement_clause,he_coref,recursive,coreference,False,0.801474,-0.435154,0.178898,-0.435154,-0.332925,-0.435154,ordinary
complement_clause,inference,recursive,logical,False,0.892476,0.039424,0.145813,0.039424,-0.456361,0.039424,ordinary
complement_clause,it_coref,recursive,coreference,False,0.675881,-0.329836,-0.231490,-0.329836,-0.036794,-0.329836,stable_differentiation_candidate
complement_clause,lexical_not_adj,recursive,negation,False,0.963742,0.674292,0.115010,0.674292,0.349436,0.115010,ordinary
complement_clause,long_passive,recursive,passive,False,0.895676,-0.117709,-0.430017,-0.117709,0.146670,-0.430017,ordinary
complement_clause,morphological_neg,recursive,negation,False,0.882424,-0.008745,-0.295915,-0.008745,-0.456527,-0.295915,ordinary
complement_clause,negated_condition,recursive,logical,False,0.897156,0.001531,-0.073796,0.001531,0.306224,-0.073796,ordinary
complement_clause,nested_condition,recursive,logical,False,0.876219,0.183557,-0.094160,0.183557,0.277937,-0.094160,ordinary
complement_clause,nested_contrast,recursive,logical,False,0.827661,0.110900,-0.359202,0.110900,0.165733,-0.359202,ordinary
complement_clause,nested_passive,recursive,passive,False,0.897329,0.114319,-0.240532,0.114319,0.172191,-0.240532,ordinary
complement_clause,never,recursive,negation,False,0.957503,0.590758,0.026268,0.590758,0.109871,0.026268,category_curve_artifact_candidate
complement_clause,no_agent,recursive,passive,False,0.884837,0.046140,-0.015522,0.046140,-0.314026,-0.015522,ordinary
complement_clause,past_simple,recursive,tense,False,0.842008,-0.644342,-0.175161,-0.644342,-0.489875,-0.644342,ordinary
complement_clause,perfect,recursive,tense,False,0.877054,-0.273357,0.067326,-0.273357,-0.006829,-0.273357,ordinary
complement_clause,poetic,recursive,style,False,0.870975,-0.432671,0.123904,-0.432671,-0.065742,-0.432671,ordinary
complement_clause,possessive_chain,recursive,recursive,True,0.920603,0.411457,0.006650,0.411457,0.047268,0.006650,category_curve_artifact_candidate
complement_clause,pp_chain,recursive,recursive,True,0.962630,0.671455,0.488730,0.671455,0.480336,0.488730,residual_stable_reuse_candidate
complement_clause,progressive,recursive,tense,False,0.888080,-0.208912,0.236498,-0.208912,0.090071,-0.208912,ordinary
complement_clause,relative_clause,recursive,recursive,True,0.928806,0.497339,0.194239,0.497339,0.451305,0.194239,ordinary
complement_clause,scope_quantifier,recursive,negation,False,0.961580,0.638246,0.081444,0.638246,0.355811,0.081444,ordinary
complement_clause,she_coref,recursive,coreference,False,0.822334,-0.689108,0.215803,-0.689108,-0.295941,-0.689108,ordinary
complement_clause,syntactic_do_not,recursive,negation,False,0.951335,0.673106,0.148682,0.673106,0.335077,0.148682,ordinary
complement_clause,target_language_switch,recursive,translation,False,0.811940,-0.685515,-0.371267,-0.685515,-0.512164,-0.685515,ordinary
complement_clause,they_coref,recursive,coreference,False,0.772928,-0.619569,-0.434869,-0.619569,-0.345475,-0.619569,ordinary
concise,conditional,style,logical,False,0.482483,-0.263860,-0.093650,-0.263860,-0.239770,-0.263860,stable_differentiation_candidate
concise,contrast,style,logical,False,0.518326,-0.084167,0.097165,-0.084167,-0.134652,-0.084167,stable_differentiation_candidate
concise,dative_passive,style,passive,False,0.476033,-0.354080,0.093547,-0.354080,-0.252409,-0.354080,stable_differentiation_candidate
concise,deep_complement,style,recursive,False,0.569511,0.229976,0.171504,0.229976,0.452632,0.171504,ordinary
concise,deictic_switch,style,coreference,False,0.557646,-0.014600,-0.585660,-0.014600,-0.407413,-0.585660,stable_differentiation_candidate
concise,double_relative,style,recursive,False,0.725208,0.570483,0.401440,0.570483,0.637593,0.401440,ordinary
concise,en_fr_phrase,style,translation,False,0.515397,-0.195280,-0.051670,-0.195280,-0.479246,-0.195280,stable_differentiation_candidate
concise,en_fr_word,style,translation,False,0.455507,-0.421151,-0.425440,-0.421151,-0.626407,-0.425440,stable_differentiation_candidate
concise,en_zh_phrase,style,translation,False,0.453042,-0.342207,-0.261297,-0.342207,-0.512065,-0.342207,stable_differentiation_candidate
concise,en_zh_word,style,translation,False,0.545322,-0.084821,0.174142,-0.084821,-0.377941,-0.084821,stable_differentiation_candidate
concise,existential_no,style,negation,False,0.482234,-0.252029,0.135285,-0.252029,-0.200149,-0.252029,stable_differentiation_candidate
concise,formal,style,style,True,0.567834,0.039041,-0.808360,0.039041,0.068009,-0.808360,ordinary
concise,future_will,style,tense,False,0.488609,-0.329100,-0.104912,-0.329100,-0.313376,-0.329100,stable_differentiation_candidate
concise,get_passive,style,passive,False,0.460294,-0.190085,0.152343,-0.190085,0.077882,-0.190085,stable_differentiation_candidate
concise,he_coref,style,coreference,False,0.504762,-0.045378,-0.491532,-0.045378,0.069589,-0.491532,stable_differentiation_candidate
concise,inference,style,logical,False,0.524859,-0.079509,0.113075,-0.079509,-0.110786,-0.079509,stable_differentiation_candidate
concise,it_coref,style,coreference,False,0.840602,0.784349,0.690305,0.784349,0.870778,0.690305,ordinary
concise,lexical_not_adj,style,negation,False,0.430858,-0.442224,-0.198126,-0.442224,-0.268858,-0.442224,stable_differentiation_candidate
concise,long_passive,style,passive,False,0.497730,-0.301463,-0.091654,-0.301463,-0.476772,-0.301463,stable_differentiation_candidate
concise,morphological_neg,style,negation,False,0.546948,0.014890,0.292540,0.014890,-0.151262,0.014890,ordinary
concise,negated_condition,style,logical,False,0.525181,-0.121622,-0.102309,-0.121622,-0.289373,-0.121622,stable_differentiation_candidate
concise,nested_condition,style,logical,False,0.440792,-0.178036,-0.128983,-0.178036,0.070617,-0.178036,stable_differentiation_candidate
concise,nested_contrast,style,logical,False,0.467290,0.001138,0.013484,0.001138,0.343133,0.001138,ordinary
concise,nested_passive,style,passive,False,0.452149,-0.311534,-0.136508,-0.311534,-0.343887,-0.311534,stable_differentiation_candidate
concise,never,style,negation,False,0.456673,-0.438389,-0.169966,-0.438389,-0.477284,-0.438389,stable_differentiation_candidate
concise,no_agent,style,passive,False,0.480667,-0.188920,0.105680,-0.188920,-0.212508,-0.188920,stable_differentiation_candidate
concise,past_simple,style,tense,False,0.526155,-0.148780,0.146997,-0.148780,-0.423702,-0.148780,stable_differentiation_candidate
concise,perfect,style,tense,False,0.484460,-0.326852,-0.107162,-0.326852,-0.382774,-0.326852,stable_differentiation_candidate
concise,poetic,style,style,True,0.547720,-0.089497,-0.871407,-0.089497,-0.037720,-0.871407,stable_differentiation_candidate
concise,possessive_chain,style,recursive,False,0.475895,-0.142522,-0.123707,-0.142522,0.138818,-0.142522,stable_differentiation_candidate
concise,pp_chain,style,recursive,False,0.472320,-0.265752,-0.235254,-0.265752,-0.007874,-0.265752,stable_differentiation_candidate
concise,progressive,style,tense,False,0.484176,-0.365713,-0.142931,-0.365713,-0.439283,-0.365713,stable_differentiation_candidate
concise,relative_clause,style,recursive,False,0.504294,-0.039435,0.024290,-0.039435,0.382035,-0.039435,stable_differentiation_candidate
concise,scope_quantifier,style,negation,False,0.442804,-0.470520,-0.223034,-0.470520,-0.506923,-0.470520,stable_differentiation_candidate
concise,she_coref,style,coreference,False,0.652094,0.375200,-0.362262,0.375200,0.001745,-0.362262,ordinary
concise,syntactic_do_not,style,negation,False,0.377526,-0.370204,-0.123583,-0.370204,-0.343557,-0.370204,stable_differentiation_candidate
concise,target_language_switch,style,translation,False,0.620170,0.259357,0.397038,0.259357,0.385413,0.259357,ordinary
concise,they_coref,style,coreference,False,0.750068,0.653805,0.402548,0.653805,0.615876,0.402548,ordinary
conditional,contrast,logical,logical,True,0.978564,0.782528,0.654356,0.782528,0.530007,0.654356,residual_stable_reuse_candidate
conditional,dative_passive,logical,passive,False,0.963924,0.546921,0.521923,0.546921,0.151394,0.521923,residual_stable_reuse_candidate
conditional,deep_complement,logical,recursive,False,0.756772,-0.432849,-0.456563,-0.432849,-0.233287,-0.456563,ordinary
conditional,deictic_switch,logical,coreference,False,0.906166,-0.192729,-0.000891,-0.192729,0.181709,-0.192729,model_curve_artifact_candidate
conditional,double_relative,logical,recursive,False,0.836179,-0.167768,0.041682,-0.167768,-0.056232,-0.167768,ordinary
conditional,en_fr_phrase,logical,translation,False,0.914946,-0.087003,0.249611,-0.087003,0.400474,-0.087003,model_curve_artifact_candidate
conditional,en_fr_word,logical,translation,False,0.905486,-0.167764,-0.004448,-0.167764,0.279281,-0.167764,model_curve_artifact_candidate
conditional,en_zh_phrase,logical,translation,False,0.878322,-0.328711,-0.276983,-0.328711,0.023390,-0.328711,ordinary
conditional,en_zh_word,logical,translation,False,0.907899,-0.225084,0.005624,-0.225084,0.365975,-0.225084,model_curve_artifact_candidate
conditional,existential_no,logical,negation,False,0.952394,0.466688,0.016859,0.466688,-0.020183,0.016859,category_curve_artifact_candidate
conditional,formal,logical,style,False,0.870325,-0.588338,-0.076977,-0.588338,-0.306055,-0.588338,ordinary
conditional,future_will,logical,tense,False,0.890576,-0.444344,-0.341143,-0.444344,-0.252173,-0.444344,ordinary
conditional,get_passive,logical,passive,False,0.901630,0.149262,-0.020729,0.149262,-0.286765,-0.020729,category_curve_artifact_candidate
conditional,he_coref,logical,coreference,False,0.876030,-0.041073,0.126902,-0.041073,0.234730,-0.041073,ordinary
conditional,inference,logical,logical,True,0.982284,0.810113,0.680375,0.810113,0.703669,0.680375,residual_stable_reuse_candidate
conditional,it_coref,logical,coreference,False,0.711864,-0.303933,-0.216184,-0.303933,-0.178461,-0.303933,ordinary
conditional,lexical_not_adj,logical,negation,False,0.943562,0.366976,-0.155487,0.366976,-0.115475,-0.155487,category_curve_artifact_candidate
conditional,long_passive,logical,passive,False,0.885379,-0.542879,-0.604321,-0.542879,-0.277776,-0.604321,ordinary
conditional,morphological_neg,logical,negation,False,0.979909,0.797738,0.437397,0.797738,0.748567,0.437397,residual_stable_reuse_candidate
conditional,negated_condition,logical,logical,True,0.868429,-0.571679,-0.639759,-0.571679,-0.335353,-0.639759,ordinary
conditional,nested_condition,logical,logical,True,0.796105,-0.580259,-0.749843,-0.580259,-0.604866,-0.749843,ordinary
conditional,nested_contrast,logical,logical,True,0.756313,-0.469498,-0.632715,-0.469498,-0.411305,-0.632715,ordinary
conditional,nested_passive,logical,passive,False,0.863760,-0.412096,-0.522626,-0.412096,-0.152304,-0.522626,ordinary
conditional,never,logical,negation,False,0.965356,0.563562,0.142416,0.563562,0.225359,0.142416,ordinary
conditional,no_agent,logical,passive,False,0.972573,0.736915,0.550173,0.736915,0.602321,0.550173,residual_stable_reuse_candidate
conditional,past_simple,logical,tense,False,0.924604,0.039145,0.436740,0.039145,0.594935,0.039145,model_curve_artifact_candidate
conditional,perfect,logical,tense,False,0.887788,-0.437869,-0.332309,-0.437869,-0.186296,-0.437869,ordinary
conditional,poetic,logical,style,False,0.891647,-0.499535,-0.031592,-0.499535,-0.282069,-0.499535,ordinary
conditional,possessive_chain,logical,recursive,False,0.900083,0.138679,0.249839,0.138679,-0.150606,0.138679,ordinary
conditional,pp_chain,logical,recursive,False,0.923297,0.173141,0.280291,0.173141,-0.379004,0.173141,ordinary
conditional,progressive,logical,tense,False,0.890681,-0.478407,-0.384208,-0.478407,-0.227492,-0.478407,ordinary
conditional,relative_clause,logical,recursive,False,0.909248,0.264304,0.453985,0.264304,-0.239832,0.264304,ordinary
conditional,scope_quantifier,logical,negation,False,0.960161,0.510831,-0.028843,0.510831,-0.069605,-0.028843,category_curve_artifact_candidate
conditional,she_coref,logical,coreference,False,0.906272,-0.081128,0.322701,-0.081128,0.281918,-0.081128,model_curve_artifact_candidate
conditional,syntactic_do_not,logical,negation,False,0.882710,0.078407,-0.444167,0.078407,-0.262127,-0.444167,ordinary
conditional,target_language_switch,logical,translation,False,0.897805,-0.102947,0.089588,-0.102947,0.288223,-0.102947,ordinary
conditional,they_coref,logical,coreference,False,0.857397,-0.183505,0.005388,-0.183505,0.137112,-0.183505,ordinary
contrast,dative_passive,logical,passive,False,0.944524,0.382027,0.465087,0.382027,0.014690,0.382027,ordinary
contrast,deep_complement,logical,recursive,False,0.722166,-0.540735,-0.488658,-0.540735,-0.290866,-0.540735,ordinary
contrast,deictic_switch,logical,coreference,False,0.909997,-0.019732,-0.034376,-0.019732,0.170552,-0.034376,model_curve_artifact_candidate
contrast,double_relative,logical,recursive,False,0.843499,-0.035266,0.274752,-0.035266,-0.028256,-0.035266,ordinary
contrast,en_fr_phrase,logical,translation,False,0.911172,-0.011519,0.220624,-0.011519,0.299282,-0.011519,model_curve_artifact_candidate
contrast,en_fr_word,logical,translation,False,0.895358,-0.158432,-0.152048,-0.158432,0.172059,-0.158432,ordinary
contrast,en_zh_phrase,logical,translation,False,0.873244,-0.253475,-0.252716,-0.253475,0.064458,-0.253475,ordinary
contrast,en_zh_word,logical,translation,False,0.907448,-0.093090,0.134597,-0.093090,0.331068,-0.093090,model_curve_artifact_candidate
contrast,existential_no,logical,negation,False,0.941243,0.406488,0.087700,0.406488,0.010855,0.087700,ordinary
contrast,formal,logical,style,False,0.856265,-0.583035,-0.290546,-0.583035,-0.247260,-0.583035,ordinary
contrast,future_will,logical,tense,False,0.887334,-0.326478,-0.292144,-0.326478,-0.044235,-0.326478,ordinary
contrast,get_passive,logical,passive,False,0.862826,-0.102134,-0.262219,-0.102134,-0.340566,-0.262219,ordinary
contrast,he_coref,logical,coreference,False,0.872301,0.008696,-0.001526,0.008696,0.163970,-0.001526,ordinary
contrast,inference,logical,logical,True,0.988545,0.888670,0.826587,0.888670,0.562514,0.826587,residual_stable_reuse_candidate
contrast,it_coref,logical,coreference,False,0.724678,-0.163868,-0.127804,-0.163868,-0.119249,-0.163868,ordinary
contrast,lexical_not_adj,logical,negation,False,0.923681,0.227426,-0.261411,0.227426,-0.065920,-0.261411,category_curve_artifact_candidate
contrast,long_passive,logical,passive,False,0.866845,-0.602319,-0.485195,-0.602319,-0.240662,-0.602319,ordinary
contrast,morphological_neg,logical,negation,False,0.983418,0.844826,0.592580,0.844826,0.572559,0.592580,residual_stable_reuse_candidate
contrast,negated_condition,logical,logical,True,0.849912,-0.614902,-0.637201,-0.614902,-0.287153,-0.637201,ordinary
contrast,nested_condition,logical,logical,True,0.767875,-0.661926,-0.787509,-0.661926,-0.451825,-0.787509,ordinary
contrast,nested_contrast,logical,logical,True,0.704684,-0.678785,-0.830257,-0.678785,-0.452185,-0.830257,ordinary
contrast,nested_passive,logical,passive,False,0.824383,-0.654238,-0.677381,-0.654238,-0.355061,-0.677381,ordinary
contrast,never,logical,negation,False,0.949213,0.434242,0.065372,0.434242,0.141213,0.065372,ordinary
contrast,no_agent,logical,passive,False,0.989737,0.908337,0.868878,0.908337,0.590706,0.868878,residual_stable_reuse_candidate
contrast,past_simple,logical,tense,False,0.925974,0.162369,0.451471,0.162369,0.457680,0.162369,ordinary
contrast,perfect,logical,tense,False,0.884618,-0.322211,-0.281306,-0.322211,-0.025960,-0.322211,ordinary
contrast,poetic,logical,style,False,0.885685,-0.406868,-0.158220,-0.406868,-0.146293,-0.406868,ordinary
contrast,possessive_chain,logical,recursive,False,0.871673,-0.026960,0.140490,-0.026960,-0.236990,-0.026960,ordinary
contrast,pp_chain,logical,recursive,False,0.907107,0.091875,0.348592,0.091875,-0.236403,0.091875,model_curve_artifact_candidate
contrast,progressive,logical,tense,False,0.883026,-0.409879,-0.513940,-0.409879,-0.067046,-0.513940,ordinary
contrast,relative_clause,logical,recursive,False,0.879767,0.084658,0.306971,0.084658,-0.264214,0.084658,ordinary
contrast,scope_quantifier,logical,negation,False,0.944620,0.395706,-0.059239,0.395706,-0.067172,-0.059239,category_curve_artifact_candidate
contrast,she_coref,logical,coreference,False,0.915037,0.117890,0.332088,0.117890,0.274880,0.117890,ordinary
contrast,syntactic_do_not,logical,negation,False,0.855234,-0.063778,-0.551221,-0.063778,-0.278060,-0.551221,ordinary
contrast,target_language_switch,logical,translation,False,0.896769,-0.009889,0.118543,-0.009889,0.221625,-0.009889,ordinary
contrast,they_coref,logical,coreference,False,0.867066,-0.016656,0.068760,-0.016656,0.115843,-0.016656,ordinary
dative_passive,deep_complement,passive,recursive,False,0.799644,-0.228405,-0.259919,-0.228405,-0.030633,-0.259919,ordinary
dative_passive,deictic_switch,passive,coreference,False,0.893592,-0.508521,-0.215492,-0.508521,-0.128889,-0.508521,ordinary
dative_passive,double_relative,passive,recursive,False,0.820991,-0.384458,-0.036449,-0.384458,-0.130535,-0.384458,ordinary
dative_passive,en_fr_phrase,passive,translation,False,0.899051,-0.440515,0.096109,-0.440515,-0.094513,-0.440515,ordinary
dative_passive,en_fr_word,passive,translation,False,0.900965,-0.361174,-0.174700,-0.361174,-0.074381,-0.361174,model_curve_artifact_candidate
dative_passive,en_zh_phrase,passive,translation,False,0.888665,-0.338909,-0.222933,-0.338909,-0.063316,-0.338909,ordinary
dative_passive,en_zh_word,passive,translation,False,0.899631,-0.495554,0.117654,-0.495554,-0.171634,-0.495554,ordinary
dative_passive,existential_no,passive,negation,False,0.961190,0.525217,0.022960,0.525217,-0.009648,0.022960,category_curve_artifact_candidate
dative_passive,formal,passive,style,False,0.897192,-0.398905,-0.099039,-0.398905,-0.106902,-0.398905,ordinary
dative_passive,future_will,passive,tense,False,0.909618,-0.333184,-0.000067,-0.333184,0.008700,-0.333184,model_curve_artifact_candidate
dative_passive,get_passive,passive,passive,True,0.950445,0.569272,0.117234,0.569272,0.144528,0.117234,ordinary
dative_passive,he_coref,passive,coreference,False,0.869678,-0.186215,0.058075,-0.186215,0.133107,-0.186215,ordinary
dative_passive,inference,passive,logical,False,0.953176,0.451289,0.524760,0.451289,0.148302,0.451289,residual_stable_reuse_candidate
dative_passive,it_coref,passive,coreference,False,0.706483,-0.420253,0.053715,-0.420253,-0.198568,-0.420253,ordinary
dative_passive,lexical_not_adj,passive,negation,False,0.970962,0.646216,-0.079445,0.646216,0.081927,-0.079445,category_curve_artifact_candidate
dative_passive,long_passive,passive,passive,True,0.915113,-0.277867,-0.662543,-0.277867,0.116342,-0.662543,model_curve_artifact_candidate
dative_passive,morphological_neg,passive,negation,False,0.936563,0.294187,0.212314,0.294187,-0.093824,0.212314,ordinary
dative_passive,negated_condition,passive,logical,False,0.903063,-0.283904,-0.506803,-0.283904,0.094448,-0.506803,model_curve_artifact_candidate
dative_passive,nested_condition,passive,logical,False,0.858876,-0.156097,-0.484379,-0.156097,-0.024098,-0.484379,ordinary
dative_passive,nested_contrast,passive,logical,False,0.815961,-0.141336,-0.363908,-0.141336,-0.057111,-0.363908,ordinary
dative_passive,nested_passive,passive,passive,True,0.903408,-0.094507,-0.653978,-0.094507,0.266720,-0.653978,model_curve_artifact_candidate
dative_passive,never,passive,negation,False,0.975315,0.650229,0.055802,0.650229,0.178646,0.055802,ordinary
dative_passive,no_agent,passive,passive,True,0.943695,0.408184,0.341938,0.408184,0.050923,0.341938,residual_stable_reuse_candidate
dative_passive,past_simple,passive,tense,False,0.896481,-0.473845,0.075307,-0.473845,-0.156732,-0.473845,ordinary
dative_passive,perfect,passive,tense,False,0.908175,-0.311909,0.014756,-0.311909,0.038991,-0.311909,model_curve_artifact_candidate
dative_passive,poetic,passive,style,False,0.899448,-0.560709,-0.170684,-0.560709,-0.319803,-0.560709,ordinary
dative_passive,possessive_chain,passive,recursive,False,0.932930,0.398099,0.213832,0.398099,0.042970,0.213832,ordinary
dative_passive,pp_chain,passive,recursive,False,0.971928,0.676718,0.474313,0.676718,0.329382,0.474313,residual_stable_reuse_candidate
dative_passive,progressive,passive,tense,False,0.911154,-0.344897,-0.191303,-0.344897,0.014122,-0.344897,model_curve_artifact_candidate
dative_passive,relative_clause,passive,recursive,False,0.935033,0.460513,0.354542,0.460513,0.074389,0.354542,residual_stable_reuse_candidate
dative_passive,scope_quantifier,passive,negation,False,0.971875,0.614936,-0.098289,0.614936,0.080035,-0.098289,category_curve_artifact_candidate
dative_passive,she_coref,passive,coreference,False,0.877344,-0.565413,-0.050595,-0.565413,-0.302000,-0.565413,ordinary
dative_passive,syntactic_do_not,passive,negation,False,0.939394,0.533640,-0.181203,0.533640,0.344556,-0.181203,category_curve_artifact_candidate
dative_passive,target_language_switch,passive,translation,False,0.871990,-0.522371,0.175867,-0.522371,-0.322489,-0.522371,ordinary
dative_passive,they_coref,passive,coreference,False,0.833482,-0.509913,0.115303,-0.509913,-0.236171,-0.509913,ordinary
deep_complement,deictic_switch,recursive,coreference,False,0.802031,-0.214784,-0.338228,-0.214784,-0.484335,-0.338228,ordinary
deep_complement,double_relative,recursive,recursive,True,0.831859,0.277476,0.176591,0.277476,0.383302,0.176591,ordinary
deep_complement,en_fr_phrase,recursive,translation,False,0.795989,-0.264014,-0.155804,-0.264014,-0.545599,-0.264014,ordinary
deep_complement,en_fr_word,recursive,translation,False,0.791181,-0.269392,-0.260098,-0.269392,-0.550975,-0.269392,ordinary
deep_complement,en_zh_phrase,recursive,translation,False,0.778516,-0.250384,-0.207062,-0.250384,-0.535757,-0.250384,ordinary
deep_complement,en_zh_word,recursive,translation,False,0.813226,-0.166004,0.134133,-0.166004,-0.467506,-0.166004,ordinary
deep_complement,existential_no,recursive,negation,False,0.754487,-0.425879,-0.099545,-0.425879,-0.447669,-0.425879,ordinary
deep_complement,formal,recursive,style,False,0.857191,0.201536,-0.190083,0.201536,0.055662,-0.190083,ordinary
deep_complement,future_will,recursive,tense,False,0.812842,-0.162151,-0.054198,-0.162151,-0.408235,-0.162151,ordinary
deep_complement,get_passive,recursive,passive,False,0.836989,0.214358,0.138999,0.214358,0.303777,0.138999,ordinary
deep_complement,he_coref,recursive,coreference,False,0.776972,-0.069454,-0.167574,-0.069454,-0.069329,-0.167574,ordinary
deep_complement,inference,recursive,logical,False,0.746734,-0.437766,-0.420638,-0.437766,-0.167315,-0.437766,ordinary
deep_complement,it_coref,recursive,coreference,False,0.776893,0.313354,0.283096,0.313354,0.489971,0.283096,ordinary
deep_complement,lexical_not_adj,recursive,negation,False,0.767590,-0.342919,-0.061769,-0.342919,-0.264420,-0.342919,ordinary
deep_complement,long_passive,recursive,passive,False,0.851009,0.120475,0.393357,0.120475,-0.186078,0.120475,ordinary
deep_complement,morphological_neg,recursive,negation,False,0.731482,-0.480918,0.073458,-0.480918,-0.428410,-0.480918,ordinary
deep_complement,negated_condition,recursive,logical,False,0.842748,0.111514,0.214916,0.111514,-0.173684,0.111514,ordinary
deep_complement,nested_condition,recursive,logical,False,0.860702,0.379672,0.339031,0.379672,0.327874,0.339031,ordinary
deep_complement,nested_contrast,recursive,logical,False,0.927235,0.723329,0.606428,0.723329,0.781052,0.606428,residual_stable_reuse_candidate
deep_complement,nested_passive,recursive,passive,False,0.835570,0.130865,0.322886,0.130865,-0.042614,0.130865,ordinary
deep_complement,never,recursive,negation,False,0.763582,-0.495202,-0.129733,-0.495202,-0.417434,-0.495202,ordinary
deep_complement,no_agent,recursive,passive,False,0.722827,-0.488793,-0.266772,-0.488793,-0.270108,-0.488793,ordinary
deep_complement,past_simple,recursive,tense,False,0.793232,-0.282475,0.058304,-0.282475,-0.552188,-0.282475,ordinary
deep_complement,perfect,recursive,tense,False,0.809660,-0.164304,-0.024822,-0.164304,-0.387771,-0.164304,ordinary
deep_complement,poetic,recursive,style,False,0.880397,0.344781,-0.087509,0.344781,0.083714,-0.087509,ordinary
deep_complement,possessive_chain,recursive,recursive,True,0.866037,0.364213,-0.079948,0.364213,0.593797,-0.079948,ordinary
deep_complement,pp_chain,recursive,recursive,True,0.825979,0.052721,-0.569543,0.052721,0.202438,-0.569543,ordinary
deep_complement,progressive,recursive,tense,False,0.814813,-0.164528,-0.063059,-0.164528,-0.490470,-0.164528,ordinary
deep_complement,relative_clause,recursive,recursive,True,0.805540,0.083087,-0.484341,0.083087,0.352156,-0.484341,ordinary
deep_complement,scope_quantifier,recursive,negation,False,0.771208,-0.408022,-0.016164,-0.408022,-0.320439,-0.408022,ordinary
deep_complement,she_coref,recursive,coreference,False,0.805529,-0.118430,-0.366080,-0.118430,-0.354751,-0.366080,ordinary
deep_complement,syntactic_do_not,recursive,negation,False,0.761222,-0.105505,0.075279,-0.105505,-0.036312,-0.105505,ordinary
deep_complement,target_language_switch,recursive,translation,False,0.833408,0.098302,0.328169,0.098302,0.134863,0.098302,ordinary
deep_complement,they_coref,recursive,coreference,False,0.850953,0.304720,0.415097,0.304720,0.329469,0.304720,ordinary
deictic_switch,double_relative,coreference,recursive,False,0.874407,0.065491,-0.472956,0.065491,-0.311675,-0.472956,ordinary
deictic_switch,en_fr_phrase,coreference,translation,False,0.977532,0.677742,0.145258,0.677742,0.474339,0.145258,ordinary
deictic_switch,en_fr_word,coreference,translation,False,0.967804,0.555577,0.539346,0.555577,0.398314,0.539346,residual_stable_reuse_candidate
deictic_switch,en_zh_phrase,coreference,translation,False,0.962051,0.549571,0.573770,0.549571,0.377309,0.549571,residual_stable_reuse_candidate
deictic_switch,en_zh_word,coreference,translation,False,0.972839,0.594072,-0.158342,0.594072,0.363730,-0.158342,category_curve_artifact_candidate
deictic_switch,existential_no,coreference,negation,False,0.898257,-0.263377,0.033651,-0.263377,0.191894,-0.263377,ordinary
deictic_switch,formal,coreference,style,False,0.933562,0.091745,0.420094,0.091745,-0.087833,0.091745,model_curve_artifact_candidate
deictic_switch,future_will,coreference,tense,False,0.954719,0.328930,-0.047560,0.328930,0.135375,-0.047560,category_curve_artifact_candidate
deictic_switch,get_passive,coreference,passive,False,0.827812,-0.656664,-0.258515,-0.656664,-0.344781,-0.656664,ordinary
deictic_switch,he_coref,coreference,coreference,True,0.928476,0.380153,0.270818,0.380153,0.042947,0.270818,ordinary
deictic_switch,inference,coreference,logical,False,0.909120,-0.082071,-0.069529,-0.082071,0.141311,-0.082071,model_curve_artifact_candidate
deictic_switch,it_coref,coreference,coreference,True,0.771048,-0.028453,-0.756471,-0.028453,-0.408216,-0.756471,ordinary
deictic_switch,lexical_not_adj,coreference,negation,False,0.877681,-0.522444,0.012993,-0.522444,-0.023514,-0.522444,ordinary
deictic_switch,long_passive,coreference,passive,False,0.959063,0.381402,0.169199,0.381402,0.273239,0.169199,ordinary
deictic_switch,morphological_neg,coreference,negation,False,0.914290,0.034843,-0.302922,0.034843,0.296249,-0.302922,model_curve_artifact_candidate
deictic_switch,negated_condition,coreference,logical,False,0.941462,0.221767,0.105598,0.221767,0.096800,0.105598,ordinary
deictic_switch,nested_condition,coreference,logical,False,0.867708,-0.080779,0.170377,-0.080779,-0.267379,-0.080779,ordinary
deictic_switch,nested_contrast,coreference,logical,False,0.798693,-0.272867,-0.147619,-0.272867,-0.411350,-0.272867,ordinary
deictic_switch,nested_passive,coreference,passive,False,0.921929,0.115643,0.143225,0.115643,0.041099,0.115643,ordinary
deictic_switch,never,coreference,negation,False,0.899174,-0.436048,-0.140969,-0.436048,0.185581,-0.436048,ordinary
deictic_switch,no_agent,coreference,passive,False,0.899502,-0.084330,-0.127576,-0.084330,0.214082,-0.127576,ordinary
deictic_switch,past_simple,coreference,tense,False,0.984221,0.774199,-0.065210,0.774199,0.541896,-0.065210,category_curve_artifact_candidate
deictic_switch,perfect,coreference,tense,False,0.953836,0.337039,-0.026320,0.337039,0.139677,-0.026320,category_curve_artifact_candidate
deictic_switch,poetic,coreference,style,False,0.960416,0.384896,0.657862,0.384896,0.163200,0.384896,ordinary
deictic_switch,possessive_chain,coreference,recursive,False,0.829430,-0.634585,0.022830,-0.634585,-0.382704,-0.634585,ordinary
deictic_switch,pp_chain,coreference,recursive,False,0.868158,-0.574536,0.366306,-0.574536,-0.247540,-0.574536,ordinary
deictic_switch,progressive,coreference,tense,False,0.958968,0.376739,0.222094,0.376739,0.195426,0.222094,ordinary
deictic_switch,relative_clause,coreference,recursive,False,0.815511,-0.683445,-0.183853,-0.683445,-0.385129,-0.683445,ordinary
deictic_switch,scope_quantifier,coreference,negation,False,0.898015,-0.404394,0.090682,-0.404394,0.120735,-0.404394,ordinary
deictic_switch,she_coref,coreference,coreference,True,0.971185,0.634462,0.488530,0.634462,0.293591,0.488530,residual_stable_reuse_candidate
deictic_switch,syntactic_do_not,coreference,negation,False,0.840916,-0.378961,0.321157,-0.378961,-0.058617,-0.378961,ordinary
deictic_switch,target_language_switch,coreference,translation,False,0.939411,0.283469,-0.750782,0.283469,-0.038581,-0.750782,category_curve_artifact_candidate
deictic_switch,they_coref,coreference,coreference,True,0.913160,0.247555,-0.541527,0.247555,-0.182320,-0.541527,category_curve_artifact_candidate
double_relative,en_fr_phrase,recursive,translation,False,0.883903,0.143416,0.211143,0.143416,-0.269630,0.143416,ordinary
double_relative,en_fr_word,recursive,translation,False,0.841695,-0.188323,-0.436246,-0.188323,-0.506235,-0.436246,ordinary
double_relative,en_zh_phrase,recursive,translation,False,0.810455,-0.316348,-0.525001,-0.316348,-0.639340,-0.525001,ordinary
double_relative,en_zh_word,recursive,translation,False,0.882128,0.107700,0.173418,0.107700,-0.250787,0.107700,ordinary
double_relative,existential_no,recursive,negation,False,0.796329,-0.447567,0.129737,-0.447567,-0.331658,-0.447567,ordinary
double_relative,formal,recursive,style,False,0.889755,0.212690,-0.448556,0.212690,0.150859,-0.448556,ordinary
double_relative,future_will,recursive,tense,False,0.865387,-0.036004,-0.176238,-0.036004,-0.120104,-0.176238,ordinary
double_relative,get_passive,recursive,passive,False,0.768708,-0.368642,-0.419745,-0.368642,-0.026713,-0.419745,ordinary
double_relative,he_coref,recursive,coreference,False,0.849328,0.134139,-0.287245,0.134139,-0.095399,-0.287245,ordinary
double_relative,inference,recursive,logical,False,0.847015,-0.041857,0.215911,-0.041857,0.006237,-0.041857,ordinary
double_relative,it_coref,recursive,coreference,False,0.879589,0.612600,0.278079,0.612600,0.648817,0.278079,ordinary
double_relative,lexical_not_adj,recursive,negation,False,0.774946,-0.608799,-0.275441,-0.608799,-0.304067,-0.608799,ordinary
double_relative,long_passive,recursive,passive,False,0.843891,-0.243783,0.248508,-0.243783,-0.468262,-0.243783,ordinary
double_relative,morphological_neg,recursive,negation,False,0.846384,-0.012248,0.681886,-0.012248,-0.011558,-0.012248,ordinary
double_relative,negated_condition,recursive,logical,False,0.846885,-0.118266,0.017174,-0.118266,-0.241506,-0.118266,ordinary
double_relative,nested_condition,recursive,logical,False,0.764142,-0.265657,-0.294388,-0.265657,-0.075006,-0.294388,ordinary
double_relative,nested_contrast,recursive,logical,False,0.765753,-0.029332,-0.224341,-0.029332,0.186380,-0.224341,ordinary
double_relative,nested_passive,recursive,passive,False,0.814418,-0.238784,0.100465,-0.238784,-0.261687,-0.238784,ordinary
double_relative,never,recursive,negation,False,0.797137,-0.592135,0.054859,-0.592135,-0.516549,-0.592135,ordinary
double_relative,no_agent,recursive,passive,False,0.834619,-0.062208,0.396137,-0.062208,-0.056464,-0.062208,ordinary
double_relative,past_simple,recursive,tense,False,0.883732,0.142983,0.376322,0.142983,-0.207608,0.142983,ordinary
double_relative,perfect,recursive,tense,False,0.855244,-0.103184,-0.298823,-0.103184,-0.195569,-0.298823,ordinary
double_relative,poetic,recursive,style,False,0.886519,0.129126,-0.513269,0.129126,-0.090629,-0.513269,ordinary
double_relative,possessive_chain,recursive,recursive,True,0.782259,-0.284448,-0.494345,-0.284448,0.015687,-0.494345,ordinary
double_relative,pp_chain,recursive,recursive,True,0.803278,-0.356236,-0.448831,-0.356236,-0.034791,-0.448831,ordinary
double_relative,progressive,recursive,tense,False,0.856421,-0.134234,-0.424565,-0.134234,-0.290156,-0.424565,ordinary
double_relative,relative_clause,recursive,recursive,True,0.822514,-0.007813,-0.110886,-0.007813,0.385618,-0.110886,ordinary
double_relative,scope_quantifier,recursive,negation,False,0.785517,-0.648488,-0.187645,-0.648488,-0.631324,-0.648488,ordinary
double_relative,she_coref,recursive,coreference,False,0.932057,0.563687,0.078666,0.563687,0.169506,0.078666,ordinary
double_relative,syntactic_do_not,recursive,negation,False,0.694531,-0.687566,-0.607115,-0.687566,-0.467985,-0.687566,stable_differentiation_candidate
double_relative,target_language_switch,recursive,translation,False,0.924215,0.514754,0.476220,0.514754,0.416405,0.476220,residual_stable_reuse_candidate
double_relative,they_coref,recursive,coreference,False,0.956458,0.757515,0.461309,0.757515,0.698632,0.461309,residual_stable_reuse_candidate
en_fr_phrase,en_fr_word,translation,translation,True,0.982753,0.760791,0.154796,0.760791,0.670081,0.154796,ordinary
en_fr_phrase,en_zh_phrase,translation,translation,True,0.962547,0.553661,-0.289480,0.553661,0.503097,-0.289480,category_curve_artifact_candidate
en_fr_phrase,en_zh_word,translation,translation,True,0.981516,0.722018,-0.309566,0.722018,0.666803,-0.309566,category_curve_artifact_candidate
en_fr_phrase,existential_no,translation,negation,False,0.891584,-0.354865,0.071082,-0.354865,0.070781,-0.354865,ordinary
en_fr_phrase,formal,translation,style,False,0.941170,0.190816,-0.120281,0.190816,-0.040298,-0.120281,category_curve_artifact_candidate
en_fr_phrase,future_will,translation,tense,False,0.964833,0.475317,-0.239985,0.475317,0.170412,-0.239985,category_curve_artifact_candidate
en_fr_phrase,get_passive,translation,passive,False,0.834568,-0.597665,-0.130702,-0.597665,-0.484549,-0.597665,ordinary
en_fr_phrase,he_coref,translation,coreference,False,0.936236,0.454006,0.181623,0.454006,0.116594,0.181623,ordinary
en_fr_phrase,inference,translation,logical,False,0.904178,-0.148188,0.144322,-0.148188,0.170381,-0.148188,model_curve_artifact_candidate
en_fr_phrase,it_coref,translation,coreference,False,0.750973,-0.155476,-0.260868,-0.155476,-0.496999,-0.260868,ordinary
en_fr_phrase,lexical_not_adj,translation,negation,False,0.891686,-0.355248,-0.030109,-0.355248,0.024414,-0.355248,ordinary
en_fr_phrase,long_passive,translation,passive,False,0.951908,0.267750,-0.081304,0.267750,0.076169,-0.081304,category_curve_artifact_candidate
en_fr_phrase,morphological_neg,translation,negation,False,0.913364,0.019000,0.256179,0.019000,0.569730,0.019000,model_curve_artifact_candidate
en_fr_phrase,negated_condition,translation,logical,False,0.933381,0.108616,-0.227938,0.108616,-0.043739,-0.227938,category_curve_artifact_candidate
en_fr_phrase,nested_condition,translation,logical,False,0.865697,-0.103661,-0.232923,-0.103661,-0.406361,-0.232923,ordinary
en_fr_phrase,nested_contrast,translation,logical,False,0.800182,-0.266978,-0.164229,-0.266978,-0.601234,-0.266978,ordinary
en_fr_phrase,nested_passive,translation,passive,False,0.927542,0.176588,0.017481,0.176588,-0.021845,0.017481,category_curve_artifact_candidate
en_fr_phrase,never,translation,negation,False,0.905769,-0.350960,-0.162713,-0.350960,0.228027,-0.350960,model_curve_artifact_candidate
en_fr_phrase,no_agent,translation,passive,False,0.905314,-0.025068,0.172982,-0.025068,0.302869,-0.025068,model_curve_artifact_candidate
en_fr_phrase,past_simple,translation,tense,False,0.984766,0.780542,0.266381,0.780542,0.685111,0.266381,residual_stable_reuse_candidate
en_fr_phrase,perfect,translation,tense,False,0.963529,0.472758,-0.204438,0.472758,0.232317,-0.204438,category_curve_artifact_candidate
en_fr_phrase,poetic,translation,style,False,0.957930,0.341045,0.049208,0.341045,0.025074,0.049208,category_curve_artifact_candidate
en_fr_phrase,possessive_chain,translation,recursive,False,0.836062,-0.576868,-0.125935,-0.576868,-0.411338,-0.576868,ordinary
en_fr_phrase,pp_chain,translation,recursive,False,0.867841,-0.587750,-0.011559,-0.587750,-0.411850,-0.587750,ordinary
en_fr_phrase,progressive,translation,tense,False,0.967673,0.505779,-0.203847,0.505779,0.283917,-0.203847,category_curve_artifact_candidate
en_fr_phrase,relative_clause,translation,recursive,False,0.833263,-0.521508,0.151939,-0.521508,-0.471090,-0.521508,ordinary
en_fr_phrase,scope_quantifier,translation,negation,False,0.902401,-0.352603,-0.095067,-0.352603,0.149707,-0.352603,model_curve_artifact_candidate
en_fr_phrase,she_coref,translation,coreference,False,0.965730,0.562050,0.183860,0.562050,0.454194,0.183860,ordinary
en_fr_phrase,syntactic_do_not,translation,negation,False,0.832094,-0.467977,-0.196932,-0.467977,-0.183845,-0.467977,ordinary
en_fr_phrase,target_language_switch,translation,translation,True,0.946695,0.368175,-0.232310,0.368175,0.111208,-0.232310,category_curve_artifact_candidate
en_fr_phrase,they_coref,translation,coreference,False,0.904417,0.160420,-0.078425,0.160420,-0.108716,-0.078425,category_curve_artifact_candidate
en_fr_word,en_zh_phrase,translation,translation,True,0.975011,0.712453,0.248842,0.712453,0.590437,0.248842,residual_stable_reuse_candidate
en_fr_word,en_zh_word,translation,translation,True,0.975938,0.653484,-0.413817,0.653484,0.619350,-0.413817,category_curve_artifact_candidate
en_fr_word,existential_no,translation,negation,False,0.895169,-0.265857,-0.098216,-0.265857,0.117705,-0.265857,ordinary
en_fr_word,formal,translation,style,False,0.943494,0.250267,0.382042,0.250267,0.031254,0.250267,ordinary
en_fr_word,future_will,translation,tense,False,0.971861,0.597649,0.079938,0.597649,0.299705,0.079938,ordinary
en_fr_word,get_passive,translation,passive,False,0.847977,-0.419848,-0.006603,-0.419848,-0.289670,-0.419848,ordinary
en_fr_word,he_coref,translation,coreference,False,0.911305,0.227929,0.196932,0.227929,-0.059159,0.196932,ordinary
en_fr_word,inference,translation,logical,False,0.889567,-0.282247,-0.214899,-0.282247,0.071590,-0.282247,ordinary
en_fr_word,it_coref,translation,coreference,False,0.712300,-0.363927,-0.391808,-0.363927,-0.618715,-0.391808,ordinary
en_fr_word,lexical_not_adj,translation,negation,False,0.907355,-0.119490,0.302846,-0.119490,0.216135,-0.119490,model_curve_artifact_candidate
en_fr_word,long_passive,translation,passive,False,0.964892,0.488234,0.028865,0.488234,0.280474,0.028865,category_curve_artifact_candidate
en_fr_word,morphological_neg,translation,negation,False,0.894594,-0.161468,-0.347518,-0.161468,0.339874,-0.347518,ordinary
en_fr_word,negated_condition,translation,logical,False,0.945243,0.292697,0.070548,0.292697,0.090126,0.070548,ordinary
en_fr_word,nested_condition,translation,logical,False,0.891701,0.150157,0.203623,0.150157,-0.207272,0.150157,ordinary
en_fr_word,nested_contrast,translation,logical,False,0.815897,-0.124827,0.075297,-0.124827,-0.498822,-0.124827,ordinary
en_fr_word,nested_passive,translation,passive,False,0.943776,0.382922,0.173434,0.382922,0.160984,0.173434,ordinary
en_fr_word,never,translation,negation,False,0.914403,-0.181779,-0.087123,-0.181779,0.352314,-0.181779,model_curve_artifact_candidate
en_fr_word,no_agent,translation,passive,False,0.895423,-0.101737,-0.199188,-0.101737,0.224631,-0.199188,ordinary
en_fr_word,past_simple,translation,tense,False,0.974873,0.651906,-0.187816,0.651906,0.545407,-0.187816,category_curve_artifact_candidate
en_fr_word,perfect,translation,tense,False,0.971543,0.604428,0.153342,0.604428,0.333559,0.153342,ordinary
en_fr_word,poetic,translation,style,False,0.958583,0.379193,0.484736,0.379193,0.079634,0.379193,ordinary
en_fr_word,possessive_chain,translation,recursive,False,0.847370,-0.420567,0.083077,-0.420567,-0.298709,-0.420567,ordinary
en_fr_word,pp_chain,translation,recursive,False,0.880368,-0.388479,0.239320,-0.388479,-0.231853,-0.388479,ordinary
en_fr_word,progressive,translation,tense,False,0.976521,0.657730,0.214905,0.657730,0.428493,0.214905,residual_stable_reuse_candidate
en_fr_word,relative_clause,translation,recursive,False,0.833947,-0.471174,0.072339,-0.471174,-0.457428,-0.471174,ordinary
en_fr_word,scope_quantifier,translation,negation,False,0.913601,-0.154216,0.110663,-0.154216,0.328921,-0.154216,model_curve_artifact_candidate
en_fr_word,she_coref,translation,coreference,False,0.941983,0.278641,0.295235,0.278641,0.255882,0.278641,ordinary
en_fr_word,syntactic_do_not,translation,negation,False,0.858046,-0.193669,0.255382,-0.193669,-0.038794,-0.193669,ordinary
en_fr_word,target_language_switch,translation,translation,True,0.924007,0.120800,-0.670065,0.120800,-0.173973,-0.670065,category_curve_artifact_candidate
en_fr_word,they_coref,translation,coreference,False,0.865811,-0.179279,-0.441835,-0.179279,-0.404853,-0.441835,ordinary
en_zh_phrase,en_zh_word,translation,translation,True,0.970662,0.645172,-0.123805,0.645172,0.611268,-0.123805,category_curve_artifact_candidate
en_zh_phrase,existential_no,translation,negation,False,0.896911,-0.102243,0.127577,-0.102243,0.296547,-0.102243,ordinary
en_zh_phrase,formal,translation,style,False,0.934882,0.244404,0.303775,0.244404,-0.017380,0.244404,ordinary
en_zh_phrase,future_will,translation,tense,False,0.965797,0.585196,0.193634,0.585196,0.307195,0.193634,ordinary
en_zh_phrase,get_passive,translation,passive,False,0.838356,-0.361783,-0.016344,-0.361783,-0.238799,-0.361783,ordinary
en_zh_phrase,he_coref,translation,coreference,False,0.900961,0.203450,0.217521,0.203450,0.056452,0.203450,ordinary
en_zh_phrase,inference,translation,logical,False,0.871146,-0.329397,-0.238073,-0.329397,-0.009001,-0.329397,ordinary
en_zh_phrase,it_coref,translation,coreference,False,0.696734,-0.346981,-0.295318,-0.346981,-0.579675,-0.346981,stable_differentiation_candidate
en_zh_phrase,lexical_not_adj,translation,negation,False,0.895779,-0.115553,0.030731,-0.115553,0.181561,-0.115553,ordinary
en_zh_phrase,long_passive,translation,passive,False,0.960749,0.514834,0.107360,0.514834,0.324200,0.107360,ordinary
en_zh_phrase,morphological_neg,translation,negation,False,0.872866,-0.251884,-0.523349,-0.251884,0.154765,-0.523349,ordinary
en_zh_phrase,negated_condition,translation,logical,False,0.942501,0.348180,0.222186,0.348180,0.091464,0.222186,ordinary
en_zh_phrase,nested_condition,translation,logical,False,0.903443,0.304465,0.435164,0.304465,-0.012372,0.304465,ordinary
en_zh_phrase,nested_contrast,translation,logical,False,0.799479,-0.146866,0.039134,-0.146866,-0.488501,-0.146866,ordinary
en_zh_phrase,nested_passive,translation,passive,False,0.938021,0.386181,0.181033,0.386181,0.135542,0.181033,ordinary
en_zh_phrase,never,translation,negation,False,0.905933,-0.134069,-0.201325,-0.134069,0.353911,-0.201325,model_curve_artifact_candidate
en_zh_phrase,no_agent,translation,passive,False,0.870757,-0.223070,-0.366174,-0.223070,0.092935,-0.366174,ordinary
en_zh_phrase,past_simple,translation,tense,False,0.955394,0.466760,-0.400037,0.466760,0.369547,-0.400037,category_curve_artifact_candidate
en_zh_phrase,perfect,translation,tense,False,0.965626,0.591131,0.243052,0.591131,0.342067,0.243052,residual_stable_reuse_candidate
en_zh_phrase,poetic,translation,style,False,0.950470,0.368218,0.387208,0.368218,0.147749,0.368218,ordinary
en_zh_phrase,possessive_chain,translation,recursive,False,0.834593,-0.389338,0.040508,-0.389338,-0.196198,-0.389338,ordinary
en_zh_phrase,pp_chain,translation,recursive,False,0.876304,-0.275044,0.331145,-0.275044,-0.135661,-0.275044,ordinary
en_zh_phrase,progressive,translation,tense,False,0.974855,0.697149,0.520346,0.697149,0.474926,0.520346,residual_stable_reuse_candidate
en_zh_phrase,relative_clause,translation,recursive,False,0.805905,-0.558125,-0.212157,-0.558125,-0.585045,-0.558125,ordinary
en_zh_phrase,scope_quantifier,translation,negation,False,0.908061,-0.076068,0.070290,-0.076068,0.416423,-0.076068,model_curve_artifact_candidate
en_zh_phrase,she_coref,translation,coreference,False,0.922031,0.143205,0.080159,0.143205,0.076918,0.080159,ordinary
en_zh_phrase,syntactic_do_not,translation,negation,False,0.872193,0.025432,0.527394,0.025432,0.193254,0.025432,ordinary
en_zh_phrase,target_language_switch,translation,translation,True,0.902988,-0.000600,-0.712127,-0.000600,-0.241546,-0.712127,model_curve_artifact_candidate
en_zh_phrase,they_coref,translation,coreference,False,0.840752,-0.276467,-0.567628,-0.276467,-0.565900,-0.567628,ordinary
en_zh_word,existential_no,translation,negation,False,0.886907,-0.471026,-0.193223,-0.471026,-0.024712,-0.471026,ordinary
en_zh_word,formal,translation,style,False,0.958140,0.401533,-0.061886,0.401533,0.002912,-0.061886,category_curve_artifact_candidate
en_zh_word,future_will,translation,tense,False,0.970069,0.532769,0.032598,0.532769,0.238364,0.032598,category_curve_artifact_candidate
en_zh_word,get_passive,translation,passive,False,0.835781,-0.642791,-0.141860,-0.642791,-0.539936,-0.642791,ordinary
en_zh_word,he_coref,translation,coreference,False,0.929247,0.373197,-0.105345,0.373197,0.156719,-0.105345,category_curve_artifact_candidate
en_zh_word,inference,translation,logical,False,0.903306,-0.203176,0.138348,-0.203176,0.230171,-0.203176,model_curve_artifact_candidate
en_zh_word,it_coref,translation,coreference,False,0.776361,-0.017534,0.106978,-0.017534,-0.381559,-0.017534,ordinary
en_zh_word,lexical_not_adj,translation,negation,False,0.893450,-0.386721,0.046905,-0.386721,0.003890,-0.386721,ordinary
en_zh_word,long_passive,translation,passive,False,0.956178,0.301177,0.025698,0.301177,0.043309,0.025698,category_curve_artifact_candidate
en_zh_word,morphological_neg,translation,negation,False,0.909752,-0.059503,0.194570,-0.059503,0.546287,-0.059503,model_curve_artifact_candidate
en_zh_word,negated_condition,translation,logical,False,0.947364,0.268529,0.102160,0.268529,-0.085467,0.102160,ordinary
en_zh_word,nested_condition,translation,logical,False,0.873761,-0.059832,-0.124053,-0.059832,-0.311224,-0.124053,ordinary
en_zh_word,nested_contrast,translation,logical,False,0.801012,-0.295477,-0.192129,-0.295477,-0.625245,-0.295477,ordinary
en_zh_word,nested_passive,translation,passive,False,0.924371,0.110085,-0.096031,0.110085,-0.125098,-0.096031,category_curve_artifact_candidate
en_zh_word,never,translation,negation,False,0.909165,-0.359903,0.046727,-0.359903,0.180291,-0.359903,model_curve_artifact_candidate
en_zh_word,no_agent,translation,passive,False,0.901007,-0.110774,0.082527,-0.110774,0.347085,-0.110774,model_curve_artifact_candidate
en_zh_word,past_simple,translation,tense,False,0.979283,0.689141,-0.025222,0.689141,0.691839,-0.025222,category_curve_artifact_candidate
en_zh_word,perfect,translation,tense,False,0.968958,0.531864,0.063888,0.531864,0.254183,0.063888,ordinary
en_zh_word,poetic,translation,style,False,0.959804,0.339038,-0.269831,0.339038,0.055314,-0.269831,category_curve_artifact_candidate
en_zh_word,possessive_chain,translation,recursive,False,0.845849,-0.531132,0.089119,-0.531132,-0.319919,-0.531132,ordinary
en_zh_word,pp_chain,translation,recursive,False,0.869442,-0.631229,-0.058712,-0.631229,-0.448938,-0.631229,ordinary
en_zh_word,progressive,translation,tense,False,0.972163,0.553628,-0.034176,0.553628,0.350631,-0.034176,category_curve_artifact_candidate
en_zh_word,relative_clause,translation,recursive,False,0.820787,-0.700139,-0.288563,-0.700139,-0.631591,-0.700139,ordinary
en_zh_word,scope_quantifier,translation,negation,False,0.903543,-0.394525,-0.055287,-0.394525,0.044659,-0.394525,model_curve_artifact_candidate
en_zh_word,she_coref,translation,coreference,False,0.965421,0.543591,-0.091072,0.543591,0.333230,-0.091072,category_curve_artifact_candidate
en_zh_word,syntactic_do_not,translation,negation,False,0.836225,-0.477487,-0.117100,-0.477487,-0.266362,-0.477487,ordinary
en_zh_word,target_language_switch,translation,translation,True,0.960443,0.522030,0.087867,0.522030,0.270578,0.087867,ordinary
en_zh_word,they_coref,translation,coreference,False,0.916492,0.259854,0.233555,0.259854,-0.050611,0.233555,ordinary
existential_no,formal,negation,style,False,0.881444,-0.419119,-0.178354,-0.419119,-0.068799,-0.419119,ordinary
existential_no,future_will,negation,tense,False,0.899603,-0.292223,-0.057505,-0.292223,0.107549,-0.292223,ordinary
existential_no,get_passive,negation,passive,False,0.921118,0.333796,-0.022401,0.333796,0.049320,-0.022401,category_curve_artifact_candidate
existential_no,he_coref,negation,coreference,False,0.843705,-0.299094,-0.077472,-0.299094,-0.112241,-0.299094,ordinary
existential_no,inference,negation,logical,False,0.946577,0.435406,0.156561,0.435406,0.059038,0.156561,ordinary
existential_no,it_coref,negation,coreference,False,0.688994,-0.410169,0.019870,-0.410169,-0.307647,-0.410169,stable_differentiation_candidate
existential_no,lexical_not_adj,negation,negation,True,0.965341,0.619445,-0.294897,0.619445,0.251766,-0.294897,category_curve_artifact_candidate
existential_no,long_passive,negation,passive,False,0.902716,-0.275069,-0.003188,-0.275069,0.099543,-0.275069,model_curve_artifact_candidate
existential_no,morphological_neg,negation,negation,True,0.939664,0.393271,0.008044,0.393271,0.075906,0.008044,category_curve_artifact_candidate
existential_no,negated_condition,negation,logical,False,0.894722,-0.229337,-0.012073,-0.229337,0.113554,-0.229337,ordinary
existential_no,nested_condition,negation,logical,False,0.849037,-0.135299,-0.067922,-0.135299,-0.069156,-0.135299,ordinary
existential_no,nested_contrast,negation,logical,False,0.781402,-0.283597,-0.097230,-0.283597,-0.265864,-0.283597,ordinary
existential_no,nested_passive,negation,passive,False,0.884897,-0.168551,-0.022496,-0.168551,-0.000212,-0.168551,ordinary
existential_no,never,negation,negation,True,0.972793,0.668551,-0.317264,0.668551,0.283574,-0.317264,category_curve_artifact_candidate
existential_no,no_agent,negation,passive,False,0.934299,0.367176,0.062990,0.367176,0.022136,0.062990,ordinary
existential_no,past_simple,negation,tense,False,0.893322,-0.330234,0.135245,-0.330234,0.106522,-0.330234,ordinary
existential_no,perfect,negation,tense,False,0.894299,-0.322161,-0.280046,-0.322161,0.036294,-0.322161,ordinary
existential_no,poetic,negation,style,False,0.896872,-0.390628,-0.084927,-0.390628,0.027191,-0.390628,ordinary
existential_no,possessive_chain,negation,recursive,False,0.909260,0.232777,-0.209128,0.232777,-0.252591,-0.209128,category_curve_artifact_candidate
existential_no,pp_chain,negation,recursive,False,0.956250,0.538181,0.132839,0.538181,0.161347,0.132839,ordinary
existential_no,progressive,negation,tense,False,0.904958,-0.251430,0.015023,-0.251430,0.162544,-0.251430,model_curve_artifact_candidate
existential_no,relative_clause,negation,recursive,False,0.909391,0.276031,0.002927,0.276031,-0.049534,0.002927,category_curve_artifact_candidate
existential_no,scope_quantifier,negation,negation,True,0.968752,0.627053,-0.494730,0.627053,0.263258,-0.494730,category_curve_artifact_candidate
existential_no,she_coref,negation,coreference,False,0.870450,-0.461991,0.022991,-0.461991,0.004573,-0.461991,ordinary
existential_no,syntactic_do_not,negation,negation,True,0.941267,0.568165,-0.106149,0.568165,0.208618,-0.106149,category_curve_artifact_candidate
existential_no,target_language_switch,negation,translation,False,0.851534,-0.569793,-0.000040,-0.569793,-0.300389,-0.569793,ordinary
existential_no,they_coref,negation,coreference,False,0.814046,-0.527827,0.025242,-0.527827,-0.349520,-0.527827,ordinary
formal,future_will,style,tense,False,0.960759,0.444174,0.353441,0.444174,0.084826,0.353441,residual_stable_reuse_candidate
formal,get_passive,style,passive,False,0.866205,-0.233756,-0.044270,-0.233756,-0.049798,-0.233756,ordinary
formal,he_coref,style,coreference,False,0.891790,0.050683,0.374559,0.050683,0.033678,0.050683,ordinary
formal,inference,style,logical,False,0.863414,-0.573766,-0.294274,-0.573766,-0.298592,-0.573766,ordinary
formal,it_coref,style,coreference,False,0.816466,0.257767,-0.423668,0.257767,0.155680,-0.423668,ordinary
formal,lexical_not_adj,style,negation,False,0.893280,-0.278568,0.350380,-0.278568,-0.002971,-0.278568,ordinary
formal,long_passive,style,passive,False,0.958189,0.396688,0.075838,0.396688,0.111603,0.075838,ordinary
formal,morphological_neg,style,negation,False,0.859488,-0.540176,-0.533680,-0.540176,-0.210615,-0.540176,ordinary
formal,negated_condition,style,logical,False,0.966981,0.577613,0.346599,0.577613,0.246210,0.346599,residual_stable_reuse_candidate
formal,nested_condition,style,logical,False,0.898777,0.216145,0.267143,0.216145,0.144995,0.216145,ordinary
formal,nested_contrast,style,logical,False,0.863216,0.218784,0.113208,0.218784,0.083441,0.113208,ordinary
formal,nested_passive,style,passive,False,0.936573,0.307194,0.201201,0.307194,0.111691,0.201201,ordinary
formal,never,style,negation,False,0.907166,-0.268842,0.362027,-0.268842,-0.080752,-0.268842,model_curve_artifact_candidate
formal,no_agent,style,passive,False,0.857583,-0.496217,-0.312203,-0.496217,-0.261359,-0.496217,ordinary
formal,past_simple,style,tense,False,0.931947,0.065813,-0.449881,0.065813,-0.173777,-0.449881,model_curve_artifact_candidate
formal,perfect,style,tense,False,0.957722,0.418140,0.330556,0.418140,0.059020,0.330556,residual_stable_reuse_candidate
formal,poetic,style,style,True,0.956151,0.350086,0.619180,0.350086,0.072404,0.350086,ordinary
formal,possessive_chain,style,recursive,False,0.863007,-0.259765,0.059664,-0.259765,-0.128870,-0.259765,ordinary
formal,pp_chain,style,recursive,False,0.889763,-0.267395,0.263237,-0.267395,0.001108,-0.267395,ordinary
formal,progressive,style,tense,False,0.961720,0.445471,0.405703,0.445471,0.068997,0.405703,residual_stable_reuse_candidate
formal,relative_clause,style,recursive,False,0.855086,-0.265662,-0.047035,-0.265662,0.004618,-0.265662,ordinary
formal,scope_quantifier,style,negation,False,0.888827,-0.470613,0.132427,-0.470613,-0.265595,-0.470613,ordinary
formal,she_coref,style,coreference,False,0.935565,0.205778,0.208034,0.205778,-0.012521,0.205778,ordinary
formal,syntactic_do_not,style,negation,False,0.850372,-0.253422,0.284857,-0.253422,-0.092458,-0.253422,ordinary
formal,target_language_switch,style,translation,False,0.945492,0.376943,-0.365127,0.376943,0.038140,-0.365127,category_curve_artifact_candidate
formal,they_coref,style,coreference,False,0.904417,0.184549,-0.444947,0.184549,0.016283,-0.444947,category_curve_artifact_candidate
future_will,get_passive,tense,passive,False,0.854718,-0.432217,0.129172,-0.432217,-0.300107,-0.432217,ordinary
future_will,he_coref,tense,coreference,False,0.908883,0.170199,0.001019,0.170199,-0.195588,0.001019,category_curve_artifact_candidate
future_will,inference,tense,logical,False,0.882573,-0.453093,-0.329706,-0.453093,-0.250551,-0.453093,ordinary
future_will,it_coref,tense,coreference,False,0.741655,-0.234863,0.097804,-0.234863,-0.339094,-0.234863,ordinary
future_will,lexical_not_adj,tense,negation,False,0.910171,-0.156138,0.341680,-0.156138,0.122068,-0.156138,model_curve_artifact_candidate
future_will,long_passive,tense,passive,False,0.969375,0.516866,0.006294,0.516866,0.183267,0.006294,category_curve_artifact_candidate
future_will,morphological_neg,tense,negation,False,0.877346,-0.439790,-0.561493,-0.439790,-0.074702,-0.561493,ordinary
future_will,negated_condition,tense,logical,False,0.957648,0.417758,0.240650,0.417758,0.171182,0.240650,residual_stable_reuse_candidate
future_will,nested_condition,tense,logical,False,0.912673,0.311145,0.400325,0.311145,0.154481,0.311145,ordinary
future_will,nested_contrast,tense,logical,False,0.836174,-0.015640,0.302578,-0.015640,-0.363309,-0.015640,ordinary
future_will,nested_passive,tense,passive,False,0.944209,0.356588,0.073637,0.356588,0.017533,0.073637,ordinary
future_will,never,tense,negation,False,0.920462,-0.178777,0.178081,-0.178777,0.095543,-0.178777,model_curve_artifact_candidate
future_will,no_agent,tense,passive,False,0.890850,-0.219353,-0.267646,-0.219353,-0.007568,-0.267646,ordinary
future_will,past_simple,tense,tense,True,0.960187,0.407364,-0.854546,0.407364,0.161583,-0.854546,category_curve_artifact_candidate
future_will,perfect,tense,tense,True,0.997370,0.961208,0.642301,0.961208,0.929259,0.642301,residual_stable_reuse_candidate
future_will,poetic,tense,style,False,0.965498,0.439168,0.155486,0.439168,0.174681,0.155486,ordinary
future_will,possessive_chain,tense,recursive,False,0.855535,-0.418262,-0.007738,-0.418262,-0.387523,-0.418262,ordinary
future_will,pp_chain,tense,recursive,False,0.894611,-0.300572,0.108846,-0.300572,-0.001301,-0.300572,ordinary
future_will,progressive,tense,tense,True,0.996058,0.937792,0.460244,0.937792,0.894103,0.460244,residual_stable_reuse_candidate
future_will,relative_clause,tense,recursive,False,0.849831,-0.397101,0.040451,-0.397101,-0.337361,-0.397101,ordinary
future_will,scope_quantifier,tense,negation,False,0.917233,-0.184528,0.144436,-0.184528,0.142265,-0.184528,model_curve_artifact_candidate
future_will,she_coref,tense,coreference,False,0.938266,0.183066,-0.080443,0.183066,0.165685,-0.080443,category_curve_artifact_candidate
future_will,syntactic_do_not,tense,negation,False,0.871676,-0.124280,0.317818,-0.124280,0.073404,-0.124280,ordinary
future_will,target_language_switch,tense,translation,False,0.930670,0.151192,-0.088758,0.151192,-0.212926,-0.088758,category_curve_artifact_candidate
future_will,they_coref,tense,coreference,False,0.875695,-0.143293,-0.090529,-0.143293,-0.249468,-0.143293,ordinary
get_passive,he_coref,passive,coreference,False,0.792964,-0.408884,-0.173930,-0.408884,-0.295310,-0.408884,ordinary
get_passive,inference,passive,logical,False,0.881983,0.019829,-0.120751,0.019829,-0.237650,-0.120751,ordinary
get_passive,it_coref,passive,coreference,False,0.687716,-0.222352,0.330916,-0.222352,0.088744,-0.222352,stable_differentiation_candidate
get_passive,lexical_not_adj,passive,negation,False,0.947072,0.561027,0.274007,0.561027,0.173399,0.274007,residual_stable_reuse_candidate
get_passive,long_passive,passive,passive,True,0.887684,-0.105528,-0.453318,-0.105528,0.129424,-0.453318,ordinary
get_passive,morphological_neg,passive,negation,False,0.854827,-0.162843,-0.372085,-0.162843,-0.543330,-0.372085,ordinary
get_passive,negated_condition,passive,logical,False,0.877121,-0.106761,-0.166226,-0.106761,0.132937,-0.166226,ordinary
get_passive,nested_condition,passive,logical,False,0.866890,0.166863,0.075977,0.166863,0.210522,0.075977,ordinary
get_passive,nested_contrast,passive,logical,False,0.874714,0.392895,0.430072,0.392895,0.486799,0.392895,ordinary
get_passive,nested_passive,passive,passive,True,0.892502,0.136880,-0.251295,0.136880,0.261713,-0.251295,ordinary
get_passive,never,passive,negation,False,0.931961,0.384059,-0.119442,0.384059,-0.106713,-0.119442,category_curve_artifact_candidate
get_passive,no_agent,passive,passive,True,0.865279,-0.043059,-0.330438,-0.043059,-0.317632,-0.330438,ordinary
get_passive,past_simple,passive,tense,False,0.824812,-0.692601,-0.186050,-0.692601,-0.597141,-0.692601,ordinary
get_passive,perfect,passive,tense,False,0.852853,-0.415140,0.108744,-0.415140,-0.269030,-0.415140,ordinary
get_passive,poetic,passive,style,False,0.866698,-0.360314,-0.107550,-0.360314,-0.169697,-0.360314,ordinary
get_passive,possessive_chain,passive,recursive,False,0.957435,0.702682,0.430244,0.702682,0.496046,0.430244,residual_stable_reuse_candidate
get_passive,pp_chain,passive,recursive,False,0.958075,0.663400,0.066647,0.663400,0.423548,0.066647,ordinary
get_passive,progressive,passive,tense,False,0.861670,-0.387994,0.211078,-0.387994,-0.277945,-0.387994,ordinary
get_passive,relative_clause,passive,recursive,False,0.943396,0.621474,0.299493,0.621474,0.533679,0.299493,residual_stable_reuse_candidate
get_passive,scope_quantifier,passive,negation,False,0.936052,0.434363,0.013244,0.434363,0.131180,0.013244,category_curve_artifact_candidate
get_passive,she_coref,passive,coreference,False,0.807495,-0.704522,-0.333396,-0.704522,-0.408493,-0.704522,ordinary
get_passive,syntactic_do_not,passive,negation,False,0.934365,0.576698,0.307018,0.576698,0.314280,0.307018,residual_stable_reuse_candidate
get_passive,target_language_switch,passive,translation,False,0.816508,-0.533469,0.135172,-0.533469,-0.407952,-0.533469,ordinary
get_passive,they_coref,passive,coreference,False,0.783583,-0.453247,0.183817,-0.453247,-0.207111,-0.453247,ordinary
he_coref,inference,coreference,logical,False,0.872972,-0.020128,-0.008751,-0.020128,0.218132,-0.020128,ordinary
he_coref,it_coref,coreference,coreference,True,0.738603,0.014305,-0.663957,0.014305,0.147622,-0.663957,ordinary
he_coref,lexical_not_adj,coreference,negation,False,0.835971,-0.366234,0.134026,-0.366234,-0.152736,-0.366234,ordinary
he_coref,long_passive,coreference,passive,False,0.907218,0.142732,-0.014328,0.142732,-0.089876,-0.014328,category_curve_artifact_candidate
he_coref,morphological_neg,coreference,negation,False,0.869719,-0.008200,-0.202685,-0.008200,0.229409,-0.202685,ordinary
he_coref,negated_condition,coreference,logical,False,0.889086,0.043249,-0.021592,0.043249,-0.033691,-0.021592,ordinary
he_coref,nested_condition,coreference,logical,False,0.823733,-0.076293,0.109683,-0.076293,-0.234119,-0.076293,ordinary
he_coref,nested_contrast,coreference,logical,False,0.769528,-0.128591,-0.057795,-0.128591,-0.150495,-0.128591,ordinary
he_coref,nested_passive,coreference,passive,False,0.889006,0.138704,0.160086,0.138704,-0.057860,0.138704,ordinary
he_coref,never,coreference,negation,False,0.855454,-0.328292,0.007180,-0.328292,0.046302,-0.328292,ordinary
he_coref,no_agent,coreference,passive,False,0.862549,-0.030603,-0.093711,-0.030603,0.162532,-0.093711,ordinary
he_coref,past_simple,coreference,tense,False,0.941821,0.508976,0.010563,0.508976,0.222681,0.010563,category_curve_artifact_candidate
he_coref,perfect,coreference,tense,False,0.907115,0.168797,-0.014600,0.168797,-0.158624,-0.014600,category_curve_artifact_candidate
he_coref,poetic,coreference,style,False,0.908472,0.140255,0.475935,0.140255,-0.270351,0.140255,ordinary
he_coref,possessive_chain,coreference,recursive,False,0.791575,-0.414368,0.036030,-0.414368,-0.120610,-0.414368,ordinary
he_coref,pp_chain,coreference,recursive,False,0.814956,-0.495680,0.125294,-0.495680,-0.339236,-0.495680,ordinary
he_coref,progressive,coreference,tense,False,0.906270,0.130023,-0.011069,0.130023,-0.205231,-0.011069,category_curve_artifact_candidate
he_coref,relative_clause,coreference,recursive,False,0.796871,-0.323203,0.055184,-0.323203,-0.223203,-0.323203,ordinary
he_coref,scope_quantifier,coreference,negation,False,0.853357,-0.314504,0.164701,-0.314504,-0.100050,-0.314504,ordinary
he_coref,she_coref,coreference,coreference,True,0.924492,0.378000,-0.053332,0.378000,0.011691,-0.053332,category_curve_artifact_candidate
he_coref,syntactic_do_not,coreference,negation,False,0.779342,-0.391132,0.118915,-0.391132,-0.161279,-0.391132,ordinary
he_coref,target_language_switch,coreference,translation,False,0.920286,0.368748,-0.324057,0.368748,0.355146,-0.324057,category_curve_artifact_candidate
he_coref,they_coref,coreference,coreference,True,0.880546,0.220172,-0.577213,0.220172,0.097139,-0.577213,ordinary
inference,it_coref,logical,coreference,False,0.732358,-0.152832,-0.080019,-0.152832,-0.046681,-0.152832,ordinary
inference,lexical_not_adj,logical,negation,False,0.925966,0.216491,-0.297795,0.216491,-0.168321,-0.297795,category_curve_artifact_candidate
inference,long_passive,logical,passive,False,0.877037,-0.551179,-0.492195,-0.551179,-0.204825,-0.551179,ordinary
inference,morphological_neg,logical,negation,False,0.978194,0.788340,0.536302,0.788340,0.540696,0.536302,residual_stable_reuse_candidate
inference,negated_condition,logical,logical,True,0.856738,-0.611501,-0.675903,-0.611501,-0.374492,-0.675903,ordinary
inference,nested_condition,logical,logical,True,0.779617,-0.632683,-0.799039,-0.632683,-0.508910,-0.799039,ordinary
inference,nested_contrast,logical,logical,True,0.735252,-0.542022,-0.709737,-0.542022,-0.318175,-0.709737,ordinary
inference,nested_passive,logical,passive,False,0.840562,-0.564481,-0.623833,-0.564481,-0.251617,-0.623833,ordinary
inference,never,logical,negation,False,0.949408,0.404022,-0.021483,0.404022,0.108533,-0.021483,category_curve_artifact_candidate
inference,no_agent,logical,passive,False,0.977951,0.796276,0.716435,0.796276,0.637811,0.716435,residual_stable_reuse_candidate
inference,past_simple,logical,tense,False,0.919673,0.041759,0.456230,0.041759,0.431380,0.041759,model_curve_artifact_candidate
inference,perfect,logical,tense,False,0.879662,-0.447380,-0.325571,-0.447380,-0.204286,-0.447380,ordinary
inference,poetic,logical,style,False,0.891036,-0.409116,-0.172359,-0.409116,-0.185738,-0.409116,ordinary
inference,possessive_chain,logical,recursive,False,0.886705,0.063034,0.179608,0.063034,-0.090457,0.063034,ordinary
inference,pp_chain,logical,recursive,False,0.920348,0.187711,0.378884,0.187711,-0.196970,0.187711,ordinary
inference,progressive,logical,tense,False,0.880947,-0.508495,-0.446959,-0.508495,-0.251818,-0.508495,ordinary
inference,relative_clause,logical,recursive,False,0.891871,0.152001,0.318195,0.152001,-0.163394,0.152001,ordinary
inference,scope_quantifier,logical,negation,False,0.944061,0.356653,-0.180855,0.356653,-0.198297,-0.180855,category_curve_artifact_candidate
inference,she_coref,logical,coreference,False,0.911034,0.033282,0.226164,0.033282,0.193308,0.033282,model_curve_artifact_candidate
inference,syntactic_do_not,logical,negation,False,0.870047,0.016531,-0.424026,0.016531,-0.228838,-0.424026,ordinary
inference,target_language_switch,logical,translation,False,0.896114,-0.060078,0.178685,-0.060078,0.237757,-0.060078,ordinary
inference,they_coref,logical,coreference,False,0.869938,-0.028314,0.107701,-0.028314,0.143764,-0.028314,ordinary
it_coref,lexical_not_adj,coreference,negation,False,0.666187,-0.534082,-0.024557,-0.534082,-0.354672,-0.534082,stable_differentiation_candidate
it_coref,long_passive,coreference,passive,False,0.734539,-0.295180,-0.083279,-0.295180,-0.507205,-0.295180,ordinary
it_coref,morphological_neg,coreference,negation,False,0.744007,-0.065116,0.100689,-0.065116,-0.127489,-0.065116,ordinary
it_coref,negated_condition,coreference,logical,False,0.764290,-0.036745,0.035176,-0.036745,-0.239909,-0.036745,ordinary
it_coref,nested_condition,coreference,logical,False,0.672304,-0.194483,-0.008066,-0.194483,0.030336,-0.194483,stable_differentiation_candidate
it_coref,nested_contrast,coreference,logical,False,0.706051,0.078969,0.245834,0.078969,0.363703,0.078969,ordinary
it_coref,nested_passive,coreference,passive,False,0.692696,-0.325298,-0.115512,-0.325298,-0.335674,-0.325298,stable_differentiation_candidate
it_coref,never,coreference,negation,False,0.696941,-0.482745,0.048768,-0.482745,-0.483585,-0.482745,stable_differentiation_candidate
it_coref,no_agent,coreference,passive,False,0.707203,-0.218738,-0.018308,-0.218738,-0.174386,-0.218738,ordinary
it_coref,past_simple,coreference,tense,False,0.761229,-0.090936,-0.097240,-0.090936,-0.402152,-0.097240,ordinary
it_coref,perfect,coreference,tense,False,0.741819,-0.212804,0.124254,-0.212804,-0.369847,-0.212804,ordinary
it_coref,poetic,coreference,style,False,0.780094,-0.010712,-0.676656,-0.010712,-0.150139,-0.676656,ordinary
it_coref,possessive_chain,coreference,recursive,False,0.710673,-0.121472,-0.002193,-0.121472,0.161032,-0.121472,ordinary
it_coref,pp_chain,coreference,recursive,False,0.699612,-0.322160,-0.258628,-0.322160,-0.038705,-0.322160,stable_differentiation_candidate
it_coref,progressive,coreference,tense,False,0.736516,-0.286232,0.015543,-0.286232,-0.464239,-0.286232,ordinary
it_coref,relative_clause,coreference,recursive,False,0.725203,-0.031477,0.084308,-0.031477,0.383866,-0.031477,ordinary
it_coref,scope_quantifier,coreference,negation,False,0.678998,-0.559011,-0.130178,-0.559011,-0.578251,-0.559011,stable_differentiation_candidate
it_coref,she_coref,coreference,coreference,True,0.848904,0.449719,-0.545146,0.449719,-0.001994,-0.545146,ordinary
it_coref,syntactic_do_not,coreference,negation,False,0.597978,-0.517305,-0.072645,-0.517305,-0.385939,-0.517305,stable_differentiation_candidate
it_coref,target_language_switch,coreference,translation,False,0.852775,0.472534,0.531667,0.472534,0.460649,0.472534,ordinary
it_coref,they_coref,coreference,coreference,True,0.915441,0.752079,0.390193,0.752079,0.683161,0.390193,residual_stable_reuse_candidate
lexical_not_adj,long_passive,negation,passive,False,0.914427,-0.120819,-0.025542,-0.120819,0.226857,-0.120819,model_curve_artifact_candidate
lexical_not_adj,morphological_neg,negation,negation,True,0.916797,0.161225,-0.504984,0.161225,-0.128554,-0.504984,category_curve_artifact_candidate
lexical_not_adj,negated_condition,negation,logical,False,0.899918,-0.169935,0.133968,-0.169935,0.124735,-0.169935,ordinary
lexical_not_adj,nested_condition,negation,logical,False,0.875573,0.073205,0.336019,0.073205,0.141826,0.073205,ordinary
lexical_not_adj,nested_contrast,negation,logical,False,0.810742,-0.093389,0.275566,-0.093389,-0.116725,-0.093389,ordinary
lexical_not_adj,nested_passive,negation,passive,False,0.901704,0.001454,0.062254,0.001454,0.112335,0.001454,model_curve_artifact_candidate
lexical_not_adj,never,negation,negation,True,0.981221,0.773454,0.020409,0.773454,0.272757,0.020409,category_curve_artifact_candidate
lexical_not_adj,no_agent,negation,passive,False,0.927045,0.295864,-0.290786,0.295864,-0.017411,-0.290786,category_curve_artifact_candidate
lexical_not_adj,past_simple,negation,tense,False,0.881434,-0.481305,-0.377119,-0.481305,-0.094171,-0.481305,ordinary
lexical_not_adj,perfect,negation,tense,False,0.908432,-0.145521,0.314374,-0.145521,0.117200,-0.145521,model_curve_artifact_candidate
lexical_not_adj,poetic,negation,style,False,0.894416,-0.426210,0.174874,-0.426210,-0.048609,-0.426210,ordinary
lexical_not_adj,possessive_chain,negation,recursive,False,0.939839,0.499725,0.251846,0.499725,0.042203,0.251846,residual_stable_reuse_candidate
lexical_not_adj,pp_chain,negation,recursive,False,0.963135,0.610578,0.056746,0.610578,0.167905,0.056746,ordinary
lexical_not_adj,progressive,negation,tense,False,0.913865,-0.133800,0.261873,-0.133800,0.166439,-0.133800,model_curve_artifact_candidate
lexical_not_adj,relative_clause,negation,recursive,False,0.925745,0.412832,0.133848,0.412832,0.024976,0.133848,ordinary
lexical_not_adj,scope_quantifier,negation,negation,True,0.982412,0.791800,0.101316,0.791800,0.377996,0.101316,ordinary
lexical_not_adj,she_coref,negation,coreference,False,0.848468,-0.712063,-0.070385,-0.712063,-0.187703,-0.712063,ordinary
lexical_not_adj,syntactic_do_not,negation,negation,True,0.953134,0.664493,0.112346,0.664493,0.214452,0.112346,ordinary
lexical_not_adj,target_language_switch,negation,translation,False,0.845349,-0.636990,-0.199057,-0.636990,-0.403526,-0.636990,ordinary
lexical_not_adj,they_coref,negation,coreference,False,0.789248,-0.737991,-0.138618,-0.737991,-0.445139,-0.737991,ordinary
long_passive,morphological_neg,passive,negation,False,0.862009,-0.653826,-0.066112,-0.653826,-0.390456,-0.653826,ordinary
long_passive,negated_condition,passive,logical,False,0.972515,0.618462,0.645147,0.618462,0.461129,0.618462,residual_stable_reuse_candidate
long_passive,nested_condition,passive,logical,False,0.937665,0.543861,0.491806,0.543861,0.210883,0.491806,residual_stable_reuse_candidate
long_passive,nested_contrast,passive,logical,False,0.879606,0.316126,0.343196,0.316126,0.005483,0.316126,ordinary
long_passive,nested_passive,passive,passive,True,0.969930,0.664971,0.643417,0.664971,0.469689,0.643417,residual_stable_reuse_candidate
long_passive,never,passive,negation,False,0.915651,-0.275968,-0.027981,-0.275968,0.158963,-0.275968,model_curve_artifact_candidate
long_passive,no_agent,passive,passive,True,0.865828,-0.535489,-0.360632,-0.535489,-0.211824,-0.535489,ordinary
long_passive,past_simple,passive,tense,False,0.950122,0.242357,-0.055476,0.242357,0.004462,-0.055476,category_curve_artifact_candidate
long_passive,perfect,passive,tense,False,0.968829,0.525270,0.051733,0.525270,0.198413,0.051733,ordinary
long_passive,poetic,passive,style,False,0.969903,0.499478,0.127485,0.499478,0.247468,0.127485,ordinary
long_passive,possessive_chain,passive,recursive,False,0.876069,-0.223972,-0.452360,-0.223972,-0.016383,-0.452360,ordinary
long_passive,pp_chain,passive,recursive,False,0.904672,-0.195401,-0.521099,-0.195401,0.050165,-0.521099,model_curve_artifact_candidate
long_passive,progressive,passive,tense,False,0.975571,0.603870,0.072625,0.603870,0.298589,0.072625,ordinary
long_passive,relative_clause,passive,recursive,False,0.861330,-0.302419,-0.508471,-0.302419,-0.100544,-0.508471,ordinary
long_passive,scope_quantifier,passive,negation,False,0.915871,-0.228249,-0.012771,-0.228249,0.304708,-0.228249,model_curve_artifact_candidate
long_passive,she_coref,passive,coreference,False,0.923173,-0.038049,0.044957,-0.038049,-0.233216,-0.038049,model_curve_artifact_candidate
long_passive,syntactic_do_not,passive,negation,False,0.898774,0.126687,0.105007,0.126687,0.390708,0.105007,ordinary
long_passive,target_language_switch,passive,translation,False,0.916550,-0.043954,-0.068551,-0.043954,-0.428237,-0.068551,model_curve_artifact_candidate
long_passive,they_coref,passive,coreference,False,0.868744,-0.230997,-0.057073,-0.230997,-0.530895,-0.230997,ordinary
morphological_neg,negated_condition,negation,logical,False,0.852480,-0.580027,-0.397879,-0.580027,-0.350770,-0.580027,ordinary
morphological_neg,nested_condition,negation,logical,False,0.760034,-0.713065,-0.670052,-0.713065,-0.672411,-0.713065,ordinary
morphological_neg,nested_contrast,negation,logical,False,0.702489,-0.686587,-0.527924,-0.686587,-0.631912,-0.686587,ordinary
morphological_neg,nested_passive,negation,passive,False,0.824474,-0.646643,-0.283561,-0.646643,-0.418424,-0.646643,ordinary
morphological_neg,never,negation,negation,True,0.947369,0.416248,0.013936,0.416248,0.235902,0.013936,category_curve_artifact_candidate
morphological_neg,no_agent,negation,passive,False,0.970011,0.731452,0.697095,0.731452,0.627578,0.697095,residual_stable_reuse_candidate
morphological_neg,past_simple,negation,tense,False,0.924655,0.151482,0.708683,0.151482,0.723545,0.151482,ordinary
morphological_neg,perfect,negation,tense,False,0.876639,-0.408518,-0.463648,-0.408518,-0.038533,-0.463648,ordinary
morphological_neg,poetic,negation,style,False,0.882477,-0.440319,-0.400064,-0.440319,-0.163473,-0.440319,ordinary
morphological_neg,possessive_chain,negation,recursive,False,0.870149,-0.035625,-0.112062,-0.035625,-0.352474,-0.112062,ordinary
morphological_neg,pp_chain,negation,recursive,False,0.895045,-0.021813,-0.223480,-0.021813,-0.484609,-0.223480,ordinary
morphological_neg,progressive,negation,tense,False,0.876601,-0.482072,-0.691968,-0.482072,-0.069342,-0.691968,ordinary
morphological_neg,relative_clause,negation,recursive,False,0.867648,-0.006041,-0.023369,-0.006041,-0.360744,-0.023369,ordinary
morphological_neg,scope_quantifier,negation,negation,True,0.941589,0.365177,-0.137297,0.365177,-0.032885,-0.137297,category_curve_artifact_candidate
morphological_neg,she_coref,negation,coreference,False,0.921626,0.190502,0.183718,0.190502,0.504417,0.183718,ordinary
morphological_neg,syntactic_do_not,negation,negation,True,0.849662,-0.101996,-0.754433,-0.101996,-0.428562,-0.754433,ordinary
morphological_neg,target_language_switch,negation,translation,False,0.897121,-0.002172,0.394434,-0.002172,0.416657,-0.002172,ordinary
morphological_neg,they_coref,negation,coreference,False,0.879976,0.086842,0.393817,0.086842,0.250331,0.086842,ordinary
negated_condition,nested_condition,logical,logical,True,0.926049,0.456980,0.560021,0.456980,0.227026,0.456980,residual_stable_reuse_candidate
negated_condition,nested_contrast,logical,logical,True,0.866601,0.250757,0.368003,0.250757,0.026636,0.250757,ordinary
negated_condition,nested_passive,logical,passive,False,0.960532,0.581366,0.689500,0.581366,0.447358,0.581366,residual_stable_reuse_candidate
negated_condition,never,logical,negation,False,0.905855,-0.252395,0.013714,-0.252395,0.057932,-0.252395,model_curve_artifact_candidate
negated_condition,no_agent,logical,passive,False,0.843221,-0.611597,-0.635456,-0.611597,-0.390693,-0.635456,ordinary
negated_condition,past_simple,logical,tense,False,0.931726,0.088335,-0.372556,0.088335,-0.111053,-0.372556,model_curve_artifact_candidate
negated_condition,perfect,logical,tense,False,0.957436,0.430835,0.284282,0.430835,0.144061,0.284282,residual_stable_reuse_candidate
negated_condition,poetic,logical,style,False,0.945690,0.217627,0.001782,0.217627,-0.054637,0.001782,category_curve_artifact_candidate
negated_condition,possessive_chain,logical,recursive,False,0.856562,-0.294270,-0.440470,-0.294270,-0.145883,-0.440470,ordinary
negated_condition,pp_chain,logical,recursive,False,0.895197,-0.176406,-0.311455,-0.176406,0.060838,-0.311455,ordinary
negated_condition,progressive,logical,tense,False,0.964031,0.495948,0.372284,0.495948,0.261153,0.372284,residual_stable_reuse_candidate
negated_condition,relative_clause,logical,recursive,False,0.838996,-0.384653,-0.507581,-0.384653,-0.104252,-0.507581,ordinary
negated_condition,scope_quantifier,logical,negation,False,0.904632,-0.228685,0.001017,-0.228685,0.204840,-0.228685,model_curve_artifact_candidate
negated_condition,she_coref,logical,coreference,False,0.918080,0.014440,-0.037249,0.014440,-0.202733,-0.037249,model_curve_artifact_candidate
negated_condition,syntactic_do_not,logical,negation,False,0.888459,0.100661,0.357890,0.100661,0.359789,0.100661,ordinary
negated_condition,target_language_switch,logical,translation,False,0.915638,0.053385,-0.138204,0.053385,-0.325479,-0.138204,model_curve_artifact_candidate
negated_condition,they_coref,logical,coreference,False,0.872043,-0.092260,-0.155992,-0.092260,-0.338598,-0.155992,ordinary
nested_condition,nested_contrast,logical,logical,True,0.900826,0.554386,0.603171,0.554386,0.425221,0.554386,residual_stable_reuse_candidate
nested_condition,nested_passive,logical,passive,False,0.939495,0.590106,0.624798,0.590106,0.253163,0.590106,residual_stable_reuse_candidate
nested_condition,never,logical,negation,False,0.857548,-0.171701,-0.125959,-0.171701,-0.140966,-0.171701,ordinary
nested_condition,no_agent,logical,passive,False,0.767625,-0.604547,-0.725763,-0.604547,-0.531751,-0.725763,ordinary
nested_condition,past_simple,logical,tense,False,0.854009,-0.207484,-0.539242,-0.207484,-0.539599,-0.539242,ordinary
nested_condition,perfect,logical,tense,False,0.910424,0.300559,0.360740,0.300559,0.121251,0.300559,ordinary
nested_condition,poetic,logical,style,False,0.916469,0.333363,0.259696,0.333363,0.215782,0.259696,ordinary
nested_condition,possessive_chain,logical,recursive,False,0.859464,0.122298,-0.178400,0.122298,0.224602,-0.178400,ordinary
nested_condition,pp_chain,logical,recursive,False,0.880358,0.134092,-0.224763,0.134092,0.317480,-0.224763,ordinary
nested_condition,progressive,logical,tense,False,0.921718,0.390262,0.542809,0.390262,0.163531,0.390262,ordinary
nested_condition,relative_clause,logical,recursive,False,0.829523,-0.026149,-0.334222,-0.026149,0.077676,-0.334222,ordinary
nested_condition,scope_quantifier,logical,negation,False,0.871861,-0.020694,0.157581,-0.020694,0.142888,-0.020694,ordinary
nested_condition,she_coref,logical,coreference,False,0.817918,-0.412486,-0.236623,-0.412486,-0.403789,-0.412486,ordinary
nested_condition,syntactic_do_not,logical,negation,False,0.884945,0.328453,0.564898,0.328453,0.329028,0.328453,ordinary
nested_condition,target_language_switch,logical,translation,False,0.829513,-0.252915,-0.284619,-0.252915,-0.266043,-0.284619,ordinary
nested_condition,they_coref,logical,coreference,False,0.778099,-0.339067,-0.215552,-0.339067,-0.266213,-0.339067,ordinary
nested_contrast,nested_passive,logical,passive,False,0.877661,0.362686,0.439903,0.362686,0.093839,0.362686,ordinary
nested_contrast,never,logical,negation,False,0.796596,-0.288031,-0.056533,-0.288031,-0.320140,-0.288031,ordinary
nested_contrast,no_agent,logical,passive,False,0.711925,-0.582744,-0.659815,-0.582744,-0.446907,-0.659815,ordinary
nested_contrast,past_simple,logical,tense,False,0.788780,-0.350137,-0.370678,-0.350137,-0.635407,-0.370678,ordinary
nested_contrast,perfect,logical,tense,False,0.832780,-0.024190,0.248809,-0.024190,-0.364216,-0.024190,ordinary
nested_contrast,poetic,logical,style,False,0.884037,0.346846,0.126434,0.346846,0.184565,0.126434,ordinary
nested_contrast,possessive_chain,logical,recursive,False,0.872884,0.384404,-0.025358,0.384404,0.566228,-0.025358,ordinary
nested_contrast,pp_chain,logical,recursive,False,0.858342,0.231208,-0.324272,0.231208,0.348337,-0.324272,ordinary
nested_contrast,progressive,logical,tense,False,0.841424,0.012062,0.347626,0.012062,-0.410493,0.012062,ordinary
nested_contrast,relative_clause,logical,recursive,False,0.851275,0.291942,-0.117912,0.291942,0.480238,-0.117912,ordinary
nested_contrast,scope_quantifier,logical,negation,False,0.807578,-0.182465,0.129926,-0.182465,-0.126235,-0.182465,ordinary
nested_contrast,she_coref,logical,coreference,False,0.771163,-0.377565,-0.438818,-0.377565,-0.448315,-0.438818,ordinary
nested_contrast,syntactic_do_not,logical,negation,False,0.815876,0.136894,0.445309,0.136894,0.119033,0.136894,ordinary
nested_contrast,target_language_switch,logical,translation,False,0.808351,-0.082844,0.082472,-0.082844,-0.052947,-0.082844,ordinary
nested_contrast,they_coref,logical,coreference,False,0.782401,-0.052762,0.105361,-0.052762,0.134869,-0.052762,ordinary
nested_passive,never,passive,negation,False,0.899168,-0.147901,-0.015860,-0.147901,0.131679,-0.147901,ordinary
nested_passive,no_agent,passive,passive,True,0.821685,-0.610427,-0.656889,-0.610427,-0.386139,-0.656889,ordinary
nested_passive,past_simple,passive,tense,False,0.916031,0.043933,-0.163798,0.043933,-0.152458,-0.163798,model_curve_artifact_candidate
nested_passive,perfect,passive,tense,False,0.942646,0.352384,0.070421,0.352384,0.031061,0.070421,ordinary
nested_passive,poetic,passive,style,False,0.935313,0.221109,0.120279,0.221109,-0.061272,0.120279,ordinary
nested_passive,possessive_chain,passive,recursive,False,0.859934,-0.124311,-0.464738,-0.124311,0.060214,-0.464738,ordinary
nested_passive,pp_chain,passive,recursive,False,0.893983,-0.039157,-0.459574,-0.039157,0.083728,-0.459574,ordinary
nested_passive,progressive,passive,tense,False,0.953686,0.462822,0.247279,0.462822,0.137311,0.247279,residual_stable_reuse_candidate
nested_passive,relative_clause,passive,recursive,False,0.854665,-0.112530,-0.406276,-0.112530,0.014760,-0.406276,ordinary
nested_passive,scope_quantifier,passive,negation,False,0.900643,-0.099379,0.032528,-0.099379,0.195244,-0.099379,model_curve_artifact_candidate
nested_passive,she_coref,passive,coreference,False,0.881282,-0.238064,-0.073117,-0.238064,-0.317502,-0.238064,ordinary
nested_passive,syntactic_do_not,passive,negation,False,0.897694,0.254220,0.279266,0.254220,0.423391,0.254220,ordinary
nested_passive,target_language_switch,passive,translation,False,0.876667,-0.209727,-0.206932,-0.209727,-0.432555,-0.209727,ordinary
nested_passive,they_coref,passive,coreference,False,0.825992,-0.339111,-0.156834,-0.339111,-0.408104,-0.339111,ordinary
never,no_agent,negation,passive,False,0.948377,0.458407,0.102134,0.458407,0.203263,0.102134,ordinary
never,past_simple,negation,tense,False,0.905199,-0.356037,-0.071112,-0.356037,0.230540,-0.356037,model_curve_artifact_candidate
never,perfect,negation,tense,False,0.917457,-0.184836,0.047720,-0.184836,0.112519,-0.184836,model_curve_artifact_candidate
never,poetic,negation,style,False,0.905067,-0.480549,0.043299,-0.480549,-0.094265,-0.480549,model_curve_artifact_candidate
never,possessive_chain,negation,recursive,False,0.927599,0.343609,0.012348,0.343609,-0.129687,0.012348,category_curve_artifact_candidate
never,pp_chain,negation,recursive,False,0.958042,0.508691,-0.040746,0.508691,-0.010597,-0.040746,category_curve_artifact_candidate
never,progressive,negation,tense,False,0.922714,-0.175358,-0.041394,-0.175358,0.179741,-0.175358,model_curve_artifact_candidate
never,relative_clause,negation,recursive,False,0.926713,0.380014,0.262444,0.380014,-0.197018,0.262444,ordinary
never,scope_quantifier,negation,negation,True,0.988842,0.846910,0.185738,0.846910,0.479342,0.185738,ordinary
never,she_coref,negation,coreference,False,0.879045,-0.550385,0.123501,-0.550385,-0.071228,-0.550385,ordinary
never,syntactic_do_not,negation,negation,True,0.943364,0.569839,-0.325781,0.569839,0.237692,-0.325781,category_curve_artifact_candidate
never,target_language_switch,negation,translation,False,0.877985,-0.456508,0.263164,-0.456508,-0.306707,-0.456508,ordinary
never,they_coref,negation,coreference,False,0.819496,-0.649393,-0.027323,-0.649393,-0.462887,-0.649393,ordinary
no_agent,past_simple,passive,tense,False,0.918254,0.121027,0.482886,0.121027,0.521817,0.121027,ordinary
no_agent,perfect,passive,tense,False,0.887181,-0.228934,-0.303803,-0.228934,0.007484,-0.303803,ordinary
no_agent,poetic,passive,style,False,0.884738,-0.345761,-0.136183,-0.345761,-0.100585,-0.345761,ordinary
no_agent,possessive_chain,passive,recursive,False,0.875495,0.039527,0.098677,0.039527,-0.214058,0.039527,ordinary
no_agent,pp_chain,passive,recursive,False,0.909591,0.154666,0.169953,0.154666,-0.209548,0.154666,ordinary
no_agent,progressive,passive,tense,False,0.884484,-0.321224,-0.587147,-0.321224,-0.048967,-0.587147,ordinary
no_agent,relative_clause,passive,recursive,False,0.885945,0.161533,0.248534,0.161533,-0.251980,0.161533,ordinary
no_agent,scope_quantifier,passive,negation,False,0.943097,0.412686,-0.020850,0.412686,0.002579,-0.020850,category_curve_artifact_candidate
no_agent,she_coref,passive,coreference,False,0.902147,0.030036,0.275990,0.030036,0.279093,0.030036,model_curve_artifact_candidate
no_agent,syntactic_do_not,passive,negation,False,0.852712,-0.046167,-0.664645,-0.046167,-0.303287,-0.664645,ordinary
no_agent,target_language_switch,passive,translation,False,0.890275,-0.027244,0.275040,-0.027244,0.200586,-0.027244,ordinary
no_agent,they_coref,passive,coreference,False,0.848241,-0.122148,0.156559,-0.122148,0.056058,-0.122148,ordinary
past_simple,perfect,tense,tense,True,0.958407,0.400099,-0.822324,0.400099,0.177002,-0.822324,category_curve_artifact_candidate
past_simple,poetic,tense,style,False,0.960353,0.380847,-0.184777,0.380847,0.084357,-0.184777,category_curve_artifact_candidate
past_simple,possessive_chain,tense,recursive,False,0.827465,-0.659984,-0.029090,-0.659984,-0.472722,-0.659984,ordinary
past_simple,pp_chain,tense,recursive,False,0.856229,-0.725002,-0.192097,-0.725002,-0.556124,-0.725002,ordinary
past_simple,progressive,tense,tense,True,0.959758,0.385857,-0.752077,0.385857,0.205858,-0.752077,category_curve_artifact_candidate
past_simple,relative_clause,tense,recursive,False,0.826327,-0.585404,0.064062,-0.585404,-0.512956,-0.585404,ordinary
past_simple,scope_quantifier,tense,negation,False,0.900590,-0.374657,-0.136129,-0.374657,0.006038,-0.374657,model_curve_artifact_candidate
past_simple,she_coref,tense,coreference,False,0.976104,0.696877,0.136687,0.696877,0.488136,0.136687,ordinary
past_simple,syntactic_do_not,tense,negation,False,0.820048,-0.577468,-0.552168,-0.577468,-0.339899,-0.577468,ordinary
past_simple,target_language_switch,tense,translation,False,0.959179,0.520424,0.291146,0.520424,0.318315,0.291146,residual_stable_reuse_candidate
past_simple,they_coref,tense,coreference,False,0.916840,0.281145,0.178604,0.281145,0.048401,0.178604,ordinary
perfect,poetic,tense,style,False,0.960191,0.375786,0.078414,0.375786,0.073828,0.078414,ordinary
perfect,possessive_chain,tense,recursive,False,0.853551,-0.402832,0.079005,-0.402832,-0.341471,-0.402832,ordinary
perfect,pp_chain,tense,recursive,False,0.891003,-0.308222,0.119918,-0.308222,-0.025715,-0.308222,ordinary
perfect,progressive,tense,tense,True,0.994765,0.921353,0.348689,0.921353,0.873140,0.348689,residual_stable_reuse_candidate
perfect,relative_clause,tense,recursive,False,0.842436,-0.434574,-0.086116,-0.434574,-0.394081,-0.434574,ordinary
perfect,scope_quantifier,tense,negation,False,0.915979,-0.165705,0.184917,-0.165705,0.185983,-0.165705,model_curve_artifact_candidate
perfect,she_coref,tense,coreference,False,0.936643,0.184451,-0.095765,0.184451,0.169086,-0.095765,category_curve_artifact_candidate
perfect,syntactic_do_not,tense,negation,False,0.872653,-0.090792,0.397725,-0.090792,0.125685,-0.090792,ordinary
perfect,target_language_switch,tense,translation,False,0.926380,0.120741,-0.197499,0.120741,-0.234172,-0.197499,category_curve_artifact_candidate
perfect,they_coref,tense,coreference,False,0.873371,-0.140051,-0.139374,-0.140051,-0.264544,-0.140051,ordinary
poetic,possessive_chain,style,recursive,False,0.883890,-0.166692,0.185153,-0.166692,-0.018315,-0.166692,ordinary
poetic,pp_chain,style,recursive,False,0.897707,-0.319337,0.244078,-0.319337,-0.001713,-0.319337,ordinary
poetic,progressive,style,tense,False,0.966128,0.433214,0.214760,0.433214,0.153254,0.214760,residual_stable_reuse_candidate
poetic,relative_clause,style,recursive,False,0.867795,-0.264525,-0.010658,-0.264525,-0.053532,-0.264525,ordinary
poetic,scope_quantifier,style,negation,False,0.903509,-0.451751,0.239149,-0.451751,-0.020758,-0.451751,model_curve_artifact_candidate
poetic,she_coref,style,coreference,False,0.943075,0.214812,0.272834,0.214812,0.059124,0.214812,ordinary
poetic,syntactic_do_not,style,negation,False,0.859617,-0.287001,0.268458,-0.287001,-0.088703,-0.287001,ordinary
poetic,target_language_switch,style,translation,False,0.942658,0.274892,-0.487725,0.274892,0.023019,-0.487725,category_curve_artifact_candidate
poetic,they_coref,style,coreference,False,0.908267,0.157256,-0.433194,0.157256,-0.051342,-0.433194,category_curve_artifact_candidate
possessive_chain,pp_chain,recursive,recursive,True,0.948053,0.580520,0.212963,0.580520,0.228282,0.212963,residual_stable_reuse_candidate
possessive_chain,progressive,recursive,tense,False,0.858115,-0.420415,-0.003917,-0.420415,-0.397942,-0.420415,ordinary
possessive_chain,relative_clause,recursive,recursive,True,0.936246,0.574632,0.227958,0.574632,0.331407,0.227958,residual_stable_reuse_candidate
possessive_chain,scope_quantifier,recursive,negation,False,0.929266,0.371706,-0.002667,0.371706,-0.009966,-0.002667,category_curve_artifact_candidate
possessive_chain,she_coref,recursive,coreference,False,0.809636,-0.679564,-0.169873,-0.679564,-0.492435,-0.679564,ordinary
possessive_chain,syntactic_do_not,recursive,negation,False,0.917506,0.468549,0.102114,0.468549,0.213768,0.102114,ordinary
possessive_chain,target_language_switch,recursive,translation,False,0.828463,-0.427717,-0.051693,-0.427717,-0.193308,-0.427717,ordinary
possessive_chain,they_coref,recursive,coreference,False,0.805757,-0.300651,0.047529,-0.300651,-0.055214,-0.300651,ordinary
pp_chain,progressive,recursive,tense,False,0.900008,-0.261226,0.232373,-0.261226,-0.013807,-0.261226,model_curve_artifact_candidate
pp_chain,relative_clause,recursive,recursive,True,0.937268,0.519631,0.159572,0.519631,0.315307,0.159572,ordinary
pp_chain,scope_quantifier,recursive,negation,False,0.959392,0.535933,-0.067578,0.535933,0.143433,-0.067578,category_curve_artifact_candidate
pp_chain,she_coref,recursive,coreference,False,0.841042,-0.727329,0.198565,-0.727329,-0.385207,-0.727329,ordinary
pp_chain,syntactic_do_not,recursive,negation,False,0.953536,0.670984,0.175982,0.670984,0.403746,0.175982,ordinary
pp_chain,target_language_switch,recursive,translation,False,0.836624,-0.665673,-0.358917,-0.665673,-0.488568,-0.665673,ordinary
pp_chain,they_coref,recursive,coreference,False,0.805136,-0.552707,-0.300568,-0.552707,-0.253894,-0.552707,ordinary
progressive,relative_clause,tense,recursive,False,0.848640,-0.437623,-0.100431,-0.437623,-0.397440,-0.437623,ordinary
progressive,scope_quantifier,tense,negation,False,0.920236,-0.170454,0.004005,-0.170454,0.240093,-0.170454,model_curve_artifact_candidate
progressive,she_coref,tense,coreference,False,0.934881,0.118010,-0.152201,0.118010,0.105926,-0.152201,category_curve_artifact_candidate
progressive,syntactic_do_not,tense,negation,False,0.884169,-0.020805,0.610394,-0.020805,0.182194,-0.020805,ordinary
progressive,target_language_switch,tense,translation,False,0.925498,0.066633,-0.405056,0.066633,-0.286033,-0.405056,model_curve_artifact_candidate
progressive,they_coref,tense,coreference,False,0.871376,-0.208988,-0.197749,-0.208988,-0.353487,-0.208988,ordinary
relative_clause,scope_quantifier,recursive,negation,False,0.924808,0.372321,0.142874,0.372321,-0.104321,0.142874,ordinary
relative_clause,she_coref,recursive,coreference,False,0.819371,-0.515169,-0.012444,-0.515169,-0.228877,-0.515169,ordinary
relative_clause,syntactic_do_not,recursive,negation,False,0.881439,0.263739,-0.220146,0.263739,-0.016666,-0.220146,ordinary
relative_clause,target_language_switch,recursive,translation,False,0.831934,-0.332750,0.159328,-0.332750,-0.111389,-0.332750,ordinary
relative_clause,they_coref,recursive,coreference,False,0.804786,-0.255313,-0.022009,-0.255313,0.184411,-0.255313,ordinary
scope_quantifier,she_coref,negation,coreference,False,0.869682,-0.618717,0.077909,-0.618717,-0.164525,-0.618717,ordinary
scope_quantifier,syntactic_do_not,negation,negation,True,0.950003,0.632279,-0.108301,0.632279,0.430031,-0.108301,category_curve_artifact_candidate
scope_quantifier,target_language_switch,negation,translation,False,0.863858,-0.578015,-0.048441,-0.578015,-0.439269,-0.578015,ordinary
scope_quantifier,they_coref,negation,coreference,False,0.807287,-0.718801,-0.181262,-0.718801,-0.648078,-0.718801,ordinary
she_coref,syntactic_do_not,coreference,negation,False,0.777824,-0.803301,-0.257539,-0.803301,-0.490290,-0.803301,ordinary
she_coref,target_language_switch,coreference,translation,False,0.972201,0.699465,-0.282174,0.699465,0.367730,-0.282174,category_curve_artifact_candidate
she_coref,they_coref,coreference,coreference,True,0.962102,0.715800,-0.161718,0.715800,0.297950,-0.161718,category_curve_artifact_candidate
syntactic_do_not,target_language_switch,negation,translation,False,0.770227,-0.765446,-0.404289,-0.765446,-0.622036,-0.765446,ordinary
syntactic_do_not,they_coref,negation,coreference,False,0.717248,-0.760389,-0.277107,-0.760389,-0.594377,-0.760389,ordinary
target_language_switch,they_coref,translation,coreference,False,0.962898,0.725646,0.628847,0.725646,0.699175,0.628847,residual_stable_reuse_candidate
