`torch_dtype` is deprecated! Use `dtype` instead!
Loading weights:   0%|          | 0/339 [00:00<?, ?it/s]Loading weights:   1%|          | 2/339 [00:00<00:28, 11.91it/s]Loading weights:   7%|▋         | 25/339 [00:00<00:02, 111.07it/s]Loading weights:  18%|█▊        | 62/339 [00:00<00:01, 204.97it/s]Loading weights:  27%|██▋       | 90/339 [00:00<00:01, 227.79it/s]Loading weights:  37%|███▋      | 125/339 [00:00<00:00, 261.21it/s]Loading weights:  47%|████▋     | 159/339 [00:00<00:00, 286.03it/s]Loading weights:  56%|█████▌    | 189/339 [00:00<00:00, 280.66it/s]Loading weights:  64%|██████▍   | 218/339 [00:00<00:00, 276.70it/s]Loading weights:  73%|███████▎  | 247/339 [00:01<00:00, 275.75it/s]Loading weights:  83%|████████▎ | 280/339 [00:01<00:00, 282.29it/s]Loading weights:  91%|█████████ | 309/339 [00:01<00:00, 269.83it/s]Loading weights: 100%|██████████| 339/339 [00:01<00:00, 254.99it/s]
[14:01:47] Loaded deepseek7b: class=Qwen2ForCausalLM, GPU=15.23GB, attn=eager
[14:02:31] deepseek7b: patched 12/72 paired cases
[14:03:15] deepseek7b: patched 24/72 paired cases
[14:04:00] deepseek7b: patched 36/72 paired cases
[14:04:44] deepseek7b: patched 48/72 paired cases
[14:05:29] deepseek7b: patched 60/72 paired cases
[14:06:14] deepseek7b: patched 72/72 paired cases
[model_utils] GPU memory released, allocated=15.29 GB
{
  "model": "deepseek7b",
  "n_paired_cases": 72,
  "n_rows": 6912,
  "phase": 689,
  "source_layers": [
    18,
    19,
    20,
    21,
    22,
    23,
    24,
    25
  ],
  "summary": {
    "best_degradation_conditions": [
      {
        "condition": "degradation|replace_short|L23_layer_out",
        "mean_patched_pmv": 4.358072916666667,
        "mean_patched_rank": 145.41666666666666,
        "mean_patched_target_proj": 23.255421217944885,
        "mean_pmv_effect": 6.244357638888889,
        "mean_rank_effect": 144.41666666666666,
        "mean_short_pmv": 4.278645833333333,
        "mean_short_rank": 167.69444444444446,
        "mean_short_target_proj": 24.17328431871202,
        "mean_target_delta": 7.284605006376903,
        "mean_target_delta_fraction": 0.9675375450678713,
        "mean_target_effect": 8.202468107144037,
        "mean_terse_pmv": -1.8862847222222223,
        "mean_terse_rank": 1.0,
        "mean_terse_target_proj": 31.457889325088924,
        "n": 72,
        "patched_best_other_route": {
          "prose": 72
        },
        "patched_top1_rate": 0.0,
        "success_change_rate": 1.0
      },
      {
        "condition": "degradation|replace_short|L20_layer_out",
        "mean_patched_pmv": 3.8953993055555554,
        "mean_patched_rank": 100.02777777777777,
        "mean_patched_target_proj": 23.070387889941532,
        "mean_pmv_effect": 5.781684027777778,
        "mean_rank_effect": 99.02777777777777,
        "mean_short_pmv": 4.278645833333333,
        "mean_short_rank": 167.69444444444446,
        "mean_short_target_proj": 24.17328431871202,
        "mean_target_delta": 7.284605006376903,
        "mean_target_delta_fraction": 1.0832059118912727,
        "mean_target_effect": 8.387501435147392,
        "mean_terse_pmv": -1.8862847222222223,
        "mean_terse_rank": 1.0,
        "mean_terse_target_proj": 31.457889325088924,
        "n": 72,
        "patched_best_other_route": {
          "prose": 72
        },
        "patched_top1_rate": 0.013888888888888888,
        "success_change_rate": 0.9861111111111112
      },
      {
        "condition": "degradation|replace_short|L24_layer_out",
        "mean_patched_pmv": 4.312934027777778,
        "mean_patched_rank": 146.55555555555554,
        "mean_patched_target_proj": 23.206949038638008,
        "mean_pmv_effect": 6.19921875,
        "mean_rank_effect": 145.55555555555554,
        "mean_short_pmv": 4.278645833333333,
        "mean_short_rank": 167.69444444444446,
        "mean_short_target_proj": 24.17328431871202,
        "mean_target_delta": 7.284605006376903,
        "mean_target_delta_fraction": 0.9723886161269102,
        "mean_target_effect": 8.250940286450916,
        "mean_terse_pmv": -1.8862847222222223,
        "mean_terse_rank": 1.0,
        "mean_terse_target_proj": 31.457889325088924,
        "n": 72,
        "patched_best_other_route": {
          "prose": 72
        },
        "patched_top1_rate": 0.013888888888888888,
        "success_change_rate": 0.9861111111111112
      },
      {
        "condition": "degradation|replace_short|L22_layer_out",
        "mean_patched_pmv": 4.111545138888889,
        "mean_patched_rank": 114.01388888888889,
        "mean_patched_target_proj": 24.3191645708349,
        "mean_pmv_effect": 5.997829861111111,
        "mean_rank_effect": 113.01388888888889,
        "mean_short_pmv": 4.278645833333333,
        "mean_short_rank": 167.69444444444446,
        "mean_short_target_proj": 24.17328431871202,
        "mean_target_delta": 7.284605006376903,
        "mean_target_delta_fraction": 0.8771774002211002,
        "mean_target_effect": 7.1387247542540235,
        "mean_terse_pmv": -1.8862847222222223,
        "mean_terse_rank": 1.0,
        "mean_terse_target_proj": 31.457889325088924,
        "n": 72,
        "patched_best_other_route": {
          "prose": 72
        },
        "patched_top1_rate": 0.027777777777777776,
        "success_change_rate": 0.9722222222222222
      },
      {
        "condition": "degradation|replace_short|L21_layer_out",
        "mean_patched_pmv": 3.9027777777777777,
        "mean_patched_rank": 106.06944444444444,
        "mean_patched_target_proj": 24.58544646203518,
        "mean_pmv_effect": 5.7890625,
        "mean_rank_effect": 105.06944444444444,
        "mean_short_pmv": 4.278645833333333,
        "mean_short_rank": 167.69444444444446,
        "mean_short_target_proj": 24.17328431871202,
        "mean_target_delta": 7.284605006376903,
        "mean_target_delta_fraction": 0.8695038200311014,
        "mean_target_effect": 6.872442863053745,
        "mean_terse_pmv": -1.8862847222222223,
        "mean_terse_rank": 1.0,
        "mean_terse_target_proj": 31.457889325088924,
        "n": 72,
        "patched_best_other_route": {
          "prose": 72
        },
        "patched_top1_rate": 0.027777777777777776,
        "success_change_rate": 0.9722222222222222
      },
      {
        "condition": "degradation|replace_short|L25_layer_out",
        "mean_patched_pmv": 4.346788194444445,
        "mean_patched_rank": 168.11111111111111,
        "mean_patched_target_proj": 24.17328431871202,
        "mean_pmv_effect": 6.233072916666667,
        "mean_rank_effect": 167.11111111111111,
        "mean_short_pmv": 4.278645833333333,
        "mean_short_rank": 167.69444444444446,
        "mean_short_target_proj": 24.17328431871202,
        "mean_target_delta": 7.284605006376903,
        "mean_target_delta_fraction": 1.0,
        "mean_target_effect": 7.284605006376903,
        "mean_terse_pmv": -1.8862847222222223,
        "mean_terse_rank": 1.0,
        "mean_terse_target_proj": 31.457889325088924,
        "n": 72,
        "patched_best_other_route": {
          "prose": 72
        },
        "patched_top1_rate": 0.041666666666666664,
        "success_change_rate": 0.9583333333333334
      },
      {
        "condition": "degradation|replace_short|L19_layer_out",
        "mean_patched_pmv": 2.9913194444444446,
        "mean_patched_rank": 54.958333333333336,
        "mean_patched_target_proj": 23.331009056833054,
        "mean_pmv_effect": 4.877604166666667,
        "mean_rank_effect": 53.958333333333336,
        "mean_short_pmv": 4.278645833333333,
        "mean_short_rank": 167.69444444444446,
        "mean_short_target_proj": 24.17328431871202,
        "mean_target_delta": 7.284605006376903,
        "mean_target_delta_fraction": 1.1783326284266062,
        "mean_target_effect": 8.126880268255869,
        "mean_terse_pmv": -1.8862847222222223,
        "mean_terse_rank": 1.0,
        "mean_terse_target_proj": 31.457889325088924,
        "n": 72,
        "patched_best_other_route": {
          "prose": 72
        },
        "patched_top1_rate": 0.06944444444444445,
        "success_change_rate": 0.9305555555555556
      },
      {
        "condition": "degradation|replace_short|L18_layer_out",
        "mean_patched_pmv": 2.1510416666666665,
        "mean_patched_rank": 34.138888888888886,
        "mean_patched_target_proj": 24.921854557262527,
        "mean_pmv_effect": 4.037326388888889,
        "mean_rank_effect": 33.138888888888886,
        "mean_short_pmv": 4.278645833333333,
        "mean_short_rank": 167.69444444444446,
        "mean_short_target_proj": 24.17328431871202,
        "mean_target_delta": 7.284605006376903,
        "mean_target_delta_fraction": 0.870584959478432,
        "mean_target_effect": 6.536034767826398,
        "mean_terse_pmv": -1.8862847222222223,
        "mean_terse_rank": 1.0,
        "mean_terse_target_proj": 31.457889325088924,
        "n": 72,
        "patched_best_other_route": {
          "prose": 72
        },
        "patched_top1_rate": 0.16666666666666666,
        "success_change_rate": 0.8333333333333334
      },
      {
        "condition": "degradation|replace_short|L22_attn_out",
        "mean_patched_pmv": -0.11458333333333333,
        "mean_patched_rank": 4.347222222222222,
        "mean_patched_target_proj": 30.204621758725906,
        "mean_pmv_effect": 1.7717013888888888,
        "mean_rank_effect": 3.3472222222222223,
        "mean_short_pmv": 4.278645833333333,
        "mean_short_rank": 167.69444444444446,
        "mean_short_target_proj": 24.17328431871202,
        "mean_target_delta": 7.284605006376903,
        "mean_target_delta_fraction": 0.6173175241425216,
        "mean_target_effect": 1.2532675663630168,
        "mean_terse_pmv": -1.8862847222222223,
        "mean_terse_rank": 1.0,
        "mean_terse_target_proj": 31.457889325088924,
        "n": 72,
        "patched_best_other_route": {
          "prose": 72
        },
        "patched_top1_rate": 0.5277777777777778,
        "success_change_rate": 0.4722222222222222
      },
      {
        "condition": "degradation|replace_short|L19_mlp_out",
        "mean_patched_pmv": -0.3810763888888889,
        "mean_patched_rank": 2.4444444444444446,
        "mean_patched_target_proj": 24.409267514944077,
        "mean_pmv_effect": 1.5052083333333333,
        "mean_rank_effect": 1.4444444444444444,
        "mean_short_pmv": 4.278645833333333,
        "mean_short_rank": 167.69444444444446,
        "mean_short_target_proj": 24.17328431871202,
        "mean_target_delta": 7.284605006376903,
        "mean_target_delta_fraction": 0.6638080476434811,
        "mean_target_effect": 7.048621810144848,
        "mean_terse_pmv": -1.8862847222222223,
        "mean_terse_rank": 1.0,
        "mean_terse_target_proj": 31.457889325088924,
        "n": 72,
        "patched_best_other_route": {
          "prose": 72
        },
        "patched_top1_rate": 0.5972222222222222,
        "success_change_rate": 0.4027777777777778
      },
      {
        "condition": "degradation|replace_short|L18_mlp_out",
        "mean_patched_pmv": -0.9522569444444444,
        "mean_patched_rank": 2.1944444444444446,
        "mean_patched_target_proj": 27.163184887833065,
        "mean_pmv_effect": 0.9340277777777778,
        "mean_rank_effect": 1.1944444444444444,
        "mean_short_pmv": 4.278645833333333,
        "mean_short_rank": 167.69444444444446,
        "mean_short_target_proj": 24.17328431871202,
        "mean_target_delta": 7.284605006376903,
        "mean_target_delta_fraction": 0.13903203882724136,
        "mean_target_effect": 4.294704437255859,
        "mean_terse_pmv": -1.8862847222222223,
        "mean_terse_rank": 1.0,
        "mean_terse_target_proj": 31.457889325088924,
        "n": 72,
        "patched_best_other_route": {
          "prose": 72
        },
        "patched_top1_rate": 0.6527777777777778,
        "success_change_rate": 0.3472222222222222
      },
      {
        "condition": "degradation|replace_short|L19_attn_out",
        "mean_patched_pmv": -0.8003472222222222,
        "mean_patched_rank": 1.9861111111111112,
        "mean_patched_target_proj": 31.56856956746843,
        "mean_pmv_effect": 1.0859375,
        "mean_rank_effect": 0.9861111111111112,
        "mean_short_pmv": 4.278645833333333,
        "mean_short_rank": 167.69444444444446,
        "mean_short_target_proj": 24.17328431871202,
        "mean_target_delta": 7.284605006376903,
        "mean_target_delta_fraction": 0.3124291292584745,
        "mean_target_effect": -0.11068024237950642,
        "mean_terse_pmv": -1.8862847222222223,
        "mean_terse_rank": 1.0,
        "mean_terse_target_proj": 31.457889325088924,
        "n": 72,
        "patched_best_other_route": {
          "prose": 72
        },
        "patched_top1_rate": 0.6666666666666666,
        "success_change_rate": 0.3333333333333333
      },
      {
        "condition": "degradation|replace_short|L20_attn_out",
        "mean_patched_pmv": -0.9418402777777778,
        "mean_patched_rank": 1.4444444444444444,
        "mean_patched_target_proj": 28.95866142047776,
        "mean_pmv_effect": 0.9444444444444444,
        "mean_rank_effect": 0.4444444444444444,
        "mean_short_pmv": 4.278645833333333,
        "mean_short_rank": 167.69444444444446,
        "mean_short_target_proj": 24.17328431871202,
        "mean_target_delta": 7.284605006376903,
        "mean_target_delta_fraction": 0.31268251997094787,
        "mean_target_effect": 2.4992279046111636,
        "mean_terse_pmv": -1.8862847222222223,
        "mean_terse_rank": 1.0,
        "mean_terse_target_proj": 31.457889325088924,
        "n": 72,
        "patched_best_other_route": {
          "prose": 72
        },
        "patched_top1_rate": 0.7361111111111112,
        "success_change_rate": 0.2638888888888889
      },
      {
        "condition": "degradation|replace_short|L22_mlp_out",
        "mean_patched_pmv": -1.0815972222222223,
        "mean_patched_rank": 1.5416666666666667,
        "mean_patched_target_proj": 27.42861054672135,
        "mean_pmv_effect": 0.8046875,
        "mean_rank_effect": 0.5416666666666666,
        "mean_short_pmv": 4.278645833333333,
        "mean_short_rank": 167.69444444444446,
        "mean_short_target_proj": 24.17328431871202,
        "mean_target_delta": 7.284605006376903,
        "mean_target_delta_fraction": 0.12030263885510724,
        "mean_target_effect": 4.029278778367573,
        "mean_terse_pmv": -1.8862847222222223,
        "mean_terse_rank": 1.0,
        "mean_terse_target_proj": 31.457889325088924,
        "n": 72,
        "patched_best_other_route": {
          "prose": 72
        },
        "patched_top1_rate": 0.7916666666666666,
        "success_change_rate": 0.20833333333333334
      },
      {
        "condition": "degradation|replace_short|L23_attn_out",
        "mean_patched_pmv": -1.546875,
        "mean_patched_rank": 1.2083333333333333,
        "mean_patched_target_proj": 27.33919812573327,
        "mean_pmv_effect": 0.3394097222222222,
        "mean_rank_effect": 0.20833333333333334,
        "mean_short_pmv": 4.278645833333333,
        "mean_short_rank": 167.69444444444446,
        "mean_short_target_proj": 24.17328431871202,
        "mean_target_delta": 7.284605006376903,
        "mean_target_delta_fraction": 0.6949166769255306,
        "mean_target_effect": 4.118691199355656,
        "mean_terse_pmv": -1.8862847222222223,
        "mean_terse_rank": 1.0,
        "mean_terse_target_proj": 31.457889325088924,
        "n": 72,
        "patched_best_other_route": {
          "prose": 72
        },
        "patched_top1_rate": 0.8611111111111112,
        "success_change_rate": 0.1388888888888889
      },
      {
        "condition": "degradation|replace_short|L24_mlp_out",
        "mean_patched_pmv": -1.5086805555555556,
        "mean_patched_rank": 1.1805555555555556,
        "mean_patched_target_proj": 29.85647612147861,
        "mean_pmv_effect": 0.3776041666666667,
        "mean_rank_effect": 0.18055555555555555,
        "mean_short_pmv": 4.278645833333333,
        "mean_short_rank": 167.69444444444446,
        "mean_short_target_proj": 24.17328431871202,
        "mean_target_delta": 7.284605006376903,
        "mean_target_delta_fraction": 0.1273755849556034,
        "mean_target_effect": 1.6014132036103144,
        "mean_terse_pmv": -1.8862847222222223,
        "mean_terse_rank": 1.0,
        "mean_terse_target_proj": 31.457889325088924,
        "n": 72,
        "patched_best_other_route": {
          "prose": 72
        },
        "patched_top1_rate": 0.875,
        "success_change_rate": 0.125
      },
      {
        "condition": "degradation|replace_short|L21_mlp_out",
        "mean_patched_pmv": -1.6432291666666667,
        "mean_patched_rank": 1.2361111111111112,
        "mean_patched_target_proj": 31.039741719762485,
        "mean_pmv_effect": 0.24305555555555555,
        "mean_rank_effect": 0.2361111111111111,
        "mean_short_pmv": 4.278645833333333,
        "mean_short_rank": 167.69444444444446,
        "mean_short_target_proj": 24.17328431871202,
        "mean_target_delta": 7.284605006376903,
        "mean_target_delta_fraction": -0.07558775890114339,
        "mean_target_effect": 0.4181476053264406,
        "mean_terse_pmv": -1.8862847222222223,
        "mean_terse_rank": 1.0,
        "mean_terse_target_proj": 31.457889325088924,
        "n": 72,
        "patched_best_other_route": {
          "prose": 72
        },
        "patched_top1_rate": 0.875,
        "success_change_rate": 0.125
      },
      {
        "condition": "degradation|replace_short|L25_mlp_out",
        "mean_patched_pmv": -1.4496527777777777,
        "mean_patched_rank": 1.1527777777777777,
        "mean_patched_target_proj": 31.693968951702118,
        "mean_pmv_effect": 0.4366319444444444,
        "mean_rank_effect": 0.1527777777777778,
        "mean_short_pmv": 4.278645833333333,
        "mean_short_rank": 167.69444444444446,
        "mean_short_target_proj": 24.17328431871202,
        "mean_target_delta": 7.284605006376903,
        "mean_target_delta_fraction": 0.13619435495404342,
        "mean_target_effect": -0.2360796266131931,
        "mean_terse_pmv": -1.8862847222222223,
        "mean_terse_rank": 1.0,
        "mean_terse_target_proj": 31.457889325088924,
        "n": 72,
        "patched_best_other_route": {
          "prose": 72
        },
        "patched_top1_rate": 0.875,
        "success_change_rate": 0.125
      },
      {
        "condition": "degradation|replace_short|L18_attn_out",
        "mean_patched_pmv": -1.6875,
        "mean_patched_rank": 1.2361111111111112,
        "mean_patched_target_proj": 30.2389029595587,
        "mean_pmv_effect": 0.1987847222222222,
        "mean_rank_effect": 0.2361111111111111,
        "mean_short_pmv": 4.278645833333333,
        "mean_short_rank": 167.69444444444446,
        "mean_short_target_proj": 24.17328431871202,
        "mean_target_delta": 7.284605006376903,
        "mean_target_delta_fraction": 0.20766631946249292,
        "mean_target_effect": 1.218986365530226,
        "mean_terse_pmv": -1.8862847222222223,
        "mean_terse_rank": 1.0,
        "mean_terse_target_proj": 31.457889325088924,
        "n": 72,
        "patched_best_other_route": {
          "prose": 72
        },
        "patched_top1_rate": 0.8888888888888888,
        "success_change_rate": 0.1111111111111111
      },
      {
        "condition": "degradation|replace_short|L24_attn_out",
        "mean_patched_pmv": -1.8671875,
        "mean_patched_rank": 1.0972222222222223,
        "mean_patched_target_proj": 30.85086148315006,
        "mean_pmv_effect": 0.019097222222222224,
        "mean_rank_effect": 0.09722222222222222,
        "mean_short_pmv": 4.278645833333333,
        "mean_short_rank": 167.69444444444446,
        "mean_short_target_proj": 24.17328431871202,
        "mean_target_delta": 7.284605006376903,
        "mean_target_delta_fraction": -0.0033531376478440522,
        "mean_target_effect": 0.6070278419388665,
        "mean_terse_pmv": -1.8862847222222223,
        "mean_terse_rank": 1.0,
        "mean_terse_target_proj": 31.457889325088924,
        "n": 72,
        "patched_best_other_route": {
          "prose": 72
        },
        "patched_top1_rate": 0.9305555555555556,
        "success_change_rate": 0.06944444444444445
      },
      {
        "condition": "degradation|replace_short|L23_mlp_out",
        "mean_patched_pmv": -1.9921875,
        "mean_patched_rank": 1.0555555555555556,
        "mean_patched_target_proj": 32.17956015136507,
        "mean_pmv_effect": -0.10590277777777778,
        "mean_rank_effect": 0.05555555555555555,
        "mean_short_pmv": 4.278645833333333,
        "mean_short_rank": 167.69444444444446,
        "mean_short_target_proj": 24.17328431871202,
        "mean_target_delta": 7.284605006376903,
        "mean_target_delta_fraction": -0.15784443805303378,
        "mean_target_effect": -0.7216708262761434,
        "mean_terse_pmv": -1.8862847222222223,
        "mean_terse_rank": 1.0,
        "mean_terse_target_proj": 31.457889325088924,
        "n": 72,
        "patched_best_other_route": {
          "prose": 72
        },
        "patched_top1_rate": 0.9444444444444444,
        "success_change_rate": 0.05555555555555555
      },
      {
        "condition": "degradation|replace_short|L20_mlp_out",
        "mean_patched_pmv": -2.157986111111111,
        "mean_patched_rank": 1.0277777777777777,
        "mean_patched_target_proj": 32.470726092656456,
        "mean_pmv_effect": -0.2717013888888889,
        "mean_rank_effect": 0.027777777777777776,
        "mean_short_pmv": 4.278645833333333,
        "mean_short_rank": 167.69444444444446,
        "mean_short_target_proj": 24.17328431871202,
        "mean_target_delta": 7.284605006376903,
        "mean_target_delta_fraction": 0.05145580765249971,
        "mean_target_effect": -1.0128367675675287,
        "mean_terse_pmv": -1.8862847222222223,
        "mean_terse_rank": 1.0,
        "mean_terse_target_proj": 31.457889325088924,
        "n": 72,
        "patched_best_other_route": {
          "prose": 72
        },
        "patched_top1_rate": 0.9722222222222222,
        "success_change_rate": 0.027777777777777776
      },
      {
        "condition": "degradation|replace_short|L21_attn_out",
        "mean_patched_pmv": -1.9861111111111112,
        "mean_patched_rank": 1.0138888888888888,
        "mean_patched_target_proj": 31.155867089827854,
        "mean_pmv_effect": -0.0998263888888889,
        "mean_rank_effect": 0.013888888888888888,
        "mean_short_pmv": 4.278645833333333,
        "mean_short_rank": 167.69444444444446,
        "mean_short_target_proj": 24.17328431871202,
        "mean_target_delta": 7.284605006376903,
        "mean_target_delta_fraction": -0.2741993486568642,
        "mean_target_effect": 0.3020222352610694,
        "mean_terse_pmv": -1.8862847222222223,
        "mean_terse_rank": 1.0,
        "mean_terse_target_proj": 31.457889325088924,
        "n": 72,
        "patched_best_other_route": {
          "prose": 72
        },
        "patched_top1_rate": 0.9861111111111112,
        "success_change_rate": 0.013888888888888888
      },
      {
        "condition": "degradation|replace_short|L25_attn_out",
        "mean_patched_pmv": -2.6215277777777777,
        "mean_patched_rank": 1.0,
        "mean_patched_target_proj": 32.38254855076472,
        "mean_pmv_effect": -0.7352430555555556,
        "mean_rank_effect": 0.0,
        "mean_short_pmv": 4.278645833333333,
        "mean_short_rank": 167.69444444444446,
        "mean_short_target_proj": 24.17328431871202,
        "mean_target_delta": 7.284605006376903,
        "mean_target_delta_fraction": -0.22693577177334015,
        "mean_target_effect": -0.9246592256757948,
        "mean_terse_pmv": -1.8862847222222223,
        "mean_terse_rank": 1.0,
        "mean_terse_target_proj": 31.457889325088924,
        "n": 72,
        "patched_best_other_route": {
          "prose": 72
        },
        "patched_top1_rate": 1.0,
        "success_change_rate": 0.0
      }
    ],
    "best_restore_conditions": [
      {
        "condition": "restore|add_delta|L24_layer_out",
        "mean_patched_pmv": -2.056423611111111,
        "mean_patched_rank": 1.0,
        "mean_patched_target_proj": 32.278675112459396,
        "mean_pmv_effect": 6.335069444444445,
        "mean_rank_effect": 166.69444444444446,
        "mean_short_pmv": 4.278645833333333,
        "mean_short_rank": 167.69444444444446,
        "mean_short_target_proj": 24.17328431871202,
        "mean_target_delta": 7.284605006376903,
        "mean_target_delta_fraction": 0.9360384398742867,
        "mean_target_effect": 8.105390793747372,
        "mean_terse_pmv": -1.8862847222222223,
        "mean_terse_rank": 1.0,
        "mean_terse_target_proj": 31.457889325088924,
        "n": 72,
        "patched_best_other_route": {
          "prose": 72
        },
        "patched_top1_rate": 1.0,
        "success_change_rate": 1.0
      },
      {
        "condition": "restore|add_delta|L25_layer_out",
        "mean_patched_pmv": -2.0303819444444446,
        "mean_patched_rank": 1.0,
        "mean_patched_target_proj": 31.458457854059006,
        "mean_pmv_effect": 6.309027777777778,
        "mean_rank_effect": 166.69444444444446,
        "mean_short_pmv": 4.278645833333333,
        "mean_short_rank": 167.69444444444446,
        "mean_short_target_proj": 24.17328431871202,
        "mean_target_delta": 7.284605006376903,
        "mean_target_delta_fraction": 0.9995252771398047,
        "mean_target_effect": 7.285173535346985,
        "mean_terse_pmv": -1.8862847222222223,
        "mean_terse_rank": 1.0,
        "mean_terse_target_proj": 31.457889325088924,
        "n": 72,
        "patched_best_other_route": {
          "prose": 72
        },
        "patched_top1_rate": 1.0,
        "success_change_rate": 1.0
      },
      {
        "condition": "restore|add_delta|L23_layer_out",
        "mean_patched_pmv": -2.0859375,
        "mean_patched_rank": 1.0138888888888888,
        "mean_patched_target_proj": 32.36859224239985,
        "mean_pmv_effect": 6.364583333333333,
        "mean_rank_effect": 166.68055555555554,
        "mean_short_pmv": 4.278645833333333,
        "mean_short_rank": 167.69444444444446,
        "mean_short_target_proj": 24.17328431871202,
        "mean_target_delta": 7.284605006376903,
        "mean_target_delta_fraction": 0.9721410253058151,
        "mean_target_effect": 8.195307923687828,
        "mean_terse_pmv": -1.8862847222222223,
        "mean_terse_rank": 1.0,
        "mean_terse_target_proj": 31.457889325088924,
        "n": 72,
        "patched_best_other_route": {
          "prose": 72
        },
        "patched_top1_rate": 0.9861111111111112,
        "success_change_rate": 0.9861111111111112
      },
      {
        "condition": "restore|add_delta|L22_layer_out",
        "mean_patched_pmv": -2.138888888888889,
        "mean_patched_rank": 1.0138888888888888,
        "mean_patched_target_proj": 31.98315885497464,
        "mean_pmv_effect": 6.417534722222222,
        "mean_rank_effect": 166.68055555555554,
        "mean_short_pmv": 4.278645833333333,
        "mean_short_rank": 167.69444444444446,
        "mean_short_target_proj": 24.17328431871202,
        "mean_target_delta": 7.284605006376903,
        "mean_target_delta_fraction": 0.9112624106214268,
        "mean_target_effect": 7.809874536262618,
        "mean_terse_pmv": -1.8862847222222223,
        "mean_terse_rank": 1.0,
        "mean_terse_target_proj": 31.457889325088924,
        "n": 72,
        "patched_best_other_route": {
          "prose": 72
        },
        "patched_top1_rate": 0.9861111111111112,
        "success_change_rate": 0.9861111111111112
      },
      {
        "condition": "restore|add_delta|L21_layer_out",
        "mean_patched_pmv": -2.078125,
        "mean_patched_rank": 1.0138888888888888,
        "mean_patched_target_proj": 31.48002416888873,
        "mean_pmv_effect": 6.356770833333333,
        "mean_rank_effect": 166.68055555555554,
        "mean_short_pmv": 4.278645833333333,
        "mean_short_rank": 167.69444444444446,
        "mean_short_target_proj": 24.17328431871202,
        "mean_target_delta": 7.284605006376903,
        "mean_target_delta_fraction": 0.8610325542716597,
        "mean_target_effect": 7.306739850176705,
        "mean_terse_pmv": -1.8862847222222223,
        "mean_terse_rank": 1.0,
        "mean_terse_target_proj": 31.457889325088924,
        "n": 72,
        "patched_best_other_route": {
          "prose": 72
        },
        "patched_top1_rate": 0.9861111111111112,
        "success_change_rate": 0.9861111111111112
      },
      {
        "condition": "restore|add_delta|L20_layer_out",
        "mean_patched_pmv": -2.0243055555555554,
        "mean_patched_rank": 1.0555555555555556,
        "mean_patched_target_proj": 31.558278375201755,
        "mean_pmv_effect": 6.302951388888889,
        "mean_rank_effect": 166.63888888888889,
        "mean_short_pmv": 4.278645833333333,
        "mean_short_rank": 167.69444444444446,
        "mean_short_target_proj": 24.17328431871202,
        "mean_target_delta": 7.284605006376903,
        "mean_target_delta_fraction": 1.0110196165107692,
        "mean_target_effect": 7.384994056489733,
        "mean_terse_pmv": -1.8862847222222223,
        "mean_terse_rank": 1.0,
        "mean_terse_target_proj": 31.457889325088924,
        "n": 72,
        "patched_best_other_route": {
          "prose": 72
        },
        "patched_top1_rate": 0.9722222222222222,
        "success_change_rate": 0.9722222222222222
      },
      {
        "condition": "restore|add_delta|L19_layer_out",
        "mean_patched_pmv": -1.7230902777777777,
        "mean_patched_rank": 1.3055555555555556,
        "mean_patched_target_proj": 31.065315584341686,
        "mean_pmv_effect": 6.001736111111111,
        "mean_rank_effect": 166.38888888888889,
        "mean_short_pmv": 4.278645833333333,
        "mean_short_rank": 167.69444444444446,
        "mean_short_target_proj": 24.17328431871202,
        "mean_target_delta": 7.284605006376903,
        "mean_target_delta_fraction": 0.9270359572103539,
        "mean_target_effect": 6.8920312656296625,
        "mean_terse_pmv": -1.8862847222222223,
        "mean_terse_rank": 1.0,
        "mean_terse_target_proj": 31.457889325088924,
        "n": 72,
        "patched_best_other_route": {
          "prose": 72
        },
        "patched_top1_rate": 0.8888888888888888,
        "success_change_rate": 0.8888888888888888
      },
      {
        "condition": "restore|add_delta|L18_layer_out",
        "mean_patched_pmv": -1.3480902777777777,
        "mean_patched_rank": 1.5972222222222223,
        "mean_patched_target_proj": 30.85541574822532,
        "mean_pmv_effect": 5.626736111111111,
        "mean_rank_effect": 166.09722222222223,
        "mean_short_pmv": 4.278645833333333,
        "mean_short_rank": 167.69444444444446,
        "mean_short_target_proj": 24.17328431871202,
        "mean_target_delta": 7.284605006376903,
        "mean_target_delta_fraction": 0.8644649138358357,
        "mean_target_effect": 6.682131429513295,
        "mean_terse_pmv": -1.8862847222222223,
        "mean_terse_rank": 1.0,
        "mean_terse_target_proj": 31.457889325088924,
        "n": 72,
        "patched_best_other_route": {
          "prose": 72
        },
        "patched_top1_rate": 0.7916666666666666,
        "success_change_rate": 0.7916666666666666
      },
      {
        "condition": "restore|add_delta|L22_attn_out",
        "mean_patched_pmv": 0.578125,
        "mean_patched_rank": 9.541666666666666,
        "mean_patched_target_proj": 26.09003063539664,
        "mean_pmv_effect": 3.7005208333333335,
        "mean_rank_effect": 158.15277777777777,
        "mean_short_pmv": 4.278645833333333,
        "mean_short_rank": 167.69444444444446,
        "mean_short_target_proj": 24.17328431871202,
        "mean_target_delta": 7.284605006376903,
        "mean_target_delta_fraction": 0.6104566750722673,
        "mean_target_effect": 1.916746316684617,
        "mean_terse_pmv": -1.8862847222222223,
        "mean_terse_rank": 1.0,
        "mean_terse_target_proj": 31.457889325088924,
        "n": 72,
        "patched_best_other_route": {
          "continuation": 1,
          "prose": 71
        },
        "patched_top1_rate": 0.3194444444444444,
        "success_change_rate": 0.3194444444444444
      },
      {
        "condition": "restore|add_delta|L18_attn_out",
        "mean_patched_pmv": 2.6493055555555554,
        "mean_patched_rank": 78.95833333333333,
        "mean_patched_target_proj": 25.889047529962326,
        "mean_pmv_effect": 1.6293402777777777,
        "mean_rank_effect": 88.73611111111111,
        "mean_short_pmv": 4.278645833333333,
        "mean_short_rank": 167.69444444444446,
        "mean_short_target_proj": 24.17328431871202,
        "mean_target_delta": 7.284605006376903,
        "mean_target_delta_fraction": 0.18043653541831214,
        "mean_target_effect": 1.7157632112503052,
        "mean_terse_pmv": -1.8862847222222223,
        "mean_terse_rank": 1.0,
        "mean_terse_target_proj": 31.457889325088924,
        "n": 72,
        "patched_best_other_route": {
          "continuation": 2,
          "prose": 70
        },
        "patched_top1_rate": 0.18055555555555555,
        "success_change_rate": 0.18055555555555555
      },
      {
        "condition": "restore|add_delta|L19_attn_out",
        "mean_patched_pmv": 1.9874131944444444,
        "mean_patched_rank": 34.236111111111114,
        "mean_patched_target_proj": 25.904529308279354,
        "mean_pmv_effect": 2.291232638888889,
        "mean_rank_effect": 133.45833333333334,
        "mean_short_pmv": 4.278645833333333,
        "mean_short_rank": 167.69444444444446,
        "mean_short_target_proj": 24.17328431871202,
        "mean_target_delta": 7.284605006376903,
        "mean_target_delta_fraction": 0.1553288617734771,
        "mean_target_effect": 1.7312449895673327,
        "mean_terse_pmv": -1.8862847222222223,
        "mean_terse_rank": 1.0,
        "mean_terse_target_proj": 31.457889325088924,
        "n": 72,
        "patched_best_other_route": {
          "continuation": 1,
          "prose": 71
        },
        "patched_top1_rate": 0.16666666666666666,
        "success_change_rate": 0.16666666666666666
      },
      {
        "condition": "restore|add_delta|L19_mlp_out",
        "mean_patched_pmv": 2.0355902777777777,
        "mean_patched_rank": 48.19444444444444,
        "mean_patched_target_proj": 30.157313909795548,
        "mean_pmv_effect": 2.2430555555555554,
        "mean_rank_effect": 119.5,
        "mean_short_pmv": 4.278645833333333,
        "mean_short_rank": 167.69444444444446,
        "mean_short_target_proj": 24.17328431871202,
        "mean_target_delta": 7.284605006376903,
        "mean_target_delta_fraction": 0.8339266245086603,
        "mean_target_effect": 5.984029591083527,
        "mean_terse_pmv": -1.8862847222222223,
        "mean_terse_rank": 1.0,
        "mean_terse_target_proj": 31.457889325088924,
        "n": 72,
        "patched_best_other_route": {
          "continuation": 15,
          "prose": 57
        },
        "patched_top1_rate": 0.125,
        "success_change_rate": 0.125
      },
      {
        "condition": "restore|add_delta|L20_attn_out",
        "mean_patched_pmv": 2.302517361111111,
        "mean_patched_rank": 58.80555555555556,
        "mean_patched_target_proj": 27.14818920691808,
        "mean_pmv_effect": 1.9761284722222223,
        "mean_rank_effect": 108.88888888888889,
        "mean_short_pmv": 4.278645833333333,
        "mean_short_rank": 167.69444444444446,
        "mean_short_target_proj": 24.17328431871202,
        "mean_target_delta": 7.284605006376903,
        "mean_target_delta_fraction": 0.0614934906494489,
        "mean_target_effect": 2.974904888206058,
        "mean_terse_pmv": -1.8862847222222223,
        "mean_terse_rank": 1.0,
        "mean_terse_target_proj": 31.457889325088924,
        "n": 72,
        "patched_best_other_route": {
          "continuation": 8,
          "prose": 64
        },
        "patched_top1_rate": 0.1111111111111111,
        "success_change_rate": 0.1111111111111111
      },
      {
        "condition": "restore|add_delta|L21_mlp_out",
        "mean_patched_pmv": 2.79296875,
        "mean_patched_rank": 82.83333333333333,
        "mean_patched_target_proj": 25.851207806004417,
        "mean_pmv_effect": 1.4856770833333333,
        "mean_rank_effect": 84.86111111111111,
        "mean_short_pmv": 4.278645833333333,
        "mean_short_rank": 167.69444444444446,
        "mean_short_target_proj": 24.17328431871202,
        "mean_target_delta": 7.284605006376903,
        "mean_target_delta_fraction": -0.060663407281026066,
        "mean_target_effect": 1.6779234872923956,
        "mean_terse_pmv": -1.8862847222222223,
        "mean_terse_rank": 1.0,
        "mean_terse_target_proj": 31.457889325088924,
        "n": 72,
        "patched_best_other_route": {
          "continuation": 2,
          "prose": 70
        },
        "patched_top1_rate": 0.1111111111111111,
        "success_change_rate": 0.1111111111111111
      },
      {
        "condition": "restore|add_delta|L22_mlp_out",
        "mean_patched_pmv": 1.9969618055555556,
        "mean_patched_rank": 25.59722222222222,
        "mean_patched_target_proj": 27.477545479933422,
        "mean_pmv_effect": 2.2816840277777777,
        "mean_rank_effect": 142.09722222222223,
        "mean_short_pmv": 4.278645833333333,
        "mean_short_rank": 167.69444444444446,
        "mean_short_target_proj": 24.17328431871202,
        "mean_target_delta": 7.284605006376903,
        "mean_target_delta_fraction": 0.16205605597467776,
        "mean_target_effect": 3.3042611612213983,
        "mean_terse_pmv": -1.8862847222222223,
        "mean_terse_rank": 1.0,
        "mean_terse_target_proj": 31.457889325088924,
        "n": 72,
        "patched_best_other_route": {
          "continuation": 2,
          "prose": 70
        },
        "patched_top1_rate": 0.09722222222222222,
        "success_change_rate": 0.09722222222222222
      },
      {
        "condition": "restore|add_delta|L18_mlp_out",
        "mean_patched_pmv": 2.5768229166666665,
        "mean_patched_rank": 47.458333333333336,
        "mean_patched_target_proj": 28.173735055658554,
        "mean_pmv_effect": 1.7018229166666667,
        "mean_rank_effect": 120.23611111111111,
        "mean_short_pmv": 4.278645833333333,
        "mean_short_rank": 167.69444444444446,
        "mean_short_target_proj": 24.17328431871202,
        "mean_target_delta": 7.284605006376903,
        "mean_target_delta_fraction": 0.1031049564281957,
        "mean_target_effect": 4.000450736946529,
        "mean_terse_pmv": -1.8862847222222223,
        "mean_terse_rank": 1.0,
        "mean_terse_target_proj": 31.457889325088924,
        "n": 72,
        "patched_best_other_route": {
          "prose": 72
        },
        "patched_top1_rate": 0.08333333333333333,
        "success_change_rate": 0.08333333333333333
      },
      {
        "condition": "restore|add_delta|L23_attn_out",
        "mean_patched_pmv": 3.0750868055555554,
        "mean_patched_rank": 44.333333333333336,
        "mean_patched_target_proj": 29.95922752883699,
        "mean_pmv_effect": 1.2035590277777777,
        "mean_rank_effect": 123.36111111111111,
        "mean_short_pmv": 4.278645833333333,
        "mean_short_rank": 167.69444444444446,
        "mean_short_target_proj": 24.17328431871202,
        "mean_target_delta": 7.284605006376903,
        "mean_target_delta_fraction": 0.8644606428139413,
        "mean_target_effect": 5.7859432101249695,
        "mean_terse_pmv": -1.8862847222222223,
        "mean_terse_rank": 1.0,
        "mean_terse_target_proj": 31.457889325088924,
        "n": 72,
        "patched_best_other_route": {
          "prose": 72
        },
        "patched_top1_rate": 0.06944444444444445,
        "success_change_rate": 0.06944444444444445
      },
      {
        "condition": "restore|add_delta|L24_mlp_out",
        "mean_patched_pmv": 3.4908854166666665,
        "mean_patched_rank": 65.625,
        "mean_patched_target_proj": 25.841420652137863,
        "mean_pmv_effect": 0.7877604166666666,
        "mean_rank_effect": 102.06944444444444,
        "mean_short_pmv": 4.278645833333333,
        "mean_short_rank": 167.69444444444446,
        "mean_short_target_proj": 24.17328431871202,
        "mean_target_delta": 7.284605006376903,
        "mean_target_delta_fraction": 0.17154068071994172,
        "mean_target_effect": 1.6681363334258397,
        "mean_terse_pmv": -1.8862847222222223,
        "mean_terse_rank": 1.0,
        "mean_terse_target_proj": 31.457889325088924,
        "n": 72,
        "patched_best_other_route": {
          "continuation": 1,
          "prose": 71
        },
        "patched_top1_rate": 0.05555555555555555,
        "success_change_rate": 0.05555555555555555
      },
      {
        "condition": "restore|add_delta|L20_mlp_out",
        "mean_patched_pmv": 4.641493055555555,
        "mean_patched_rank": 160.93055555555554,
        "mean_patched_target_proj": 22.235129222273827,
        "mean_pmv_effect": -0.3628472222222222,
        "mean_rank_effect": 6.763888888888889,
        "mean_short_pmv": 4.278645833333333,
        "mean_short_rank": 167.69444444444446,
        "mean_short_target_proj": 24.17328431871202,
        "mean_target_delta": 7.284605006376903,
        "mean_target_delta_fraction": -0.13995098947343132,
        "mean_target_effect": -1.938155096438196,
        "mean_terse_pmv": -1.8862847222222223,
        "mean_terse_rank": 1.0,
        "mean_terse_target_proj": 31.457889325088924,
        "n": 72,
        "patched_best_other_route": {
          "continuation": 1,
          "prose": 71
        },
        "patched_top1_rate": 0.041666666666666664,
        "success_change_rate": 0.041666666666666664
      },
      {
        "condition": "restore|add_delta|L21_attn_out",
        "mean_patched_pmv": 4.275607638888889,
        "mean_patched_rank": 166.19444444444446,
        "mean_patched_target_proj": 23.94117704861694,
        "mean_pmv_effect": 0.0030381944444444445,
        "mean_rank_effect": 1.5,
        "mean_short_pmv": 4.278645833333333,
        "mean_short_rank": 167.69444444444446,
        "mean_short_target_proj": 24.17328431871202,
        "mean_target_delta": 7.284605006376903,
        "mean_target_delta_fraction": -0.08224593381909251,
        "mean_target_effect": -0.23210727009508345,
        "mean_terse_pmv": -1.8862847222222223,
        "mean_terse_rank": 1.0,
        "mean_terse_target_proj": 31.457889325088924,
        "n": 72,
        "patched_best_other_route": {
          "prose": 72
        },
        "patched_top1_rate": 0.027777777777777776,
        "success_change_rate": 0.027777777777777776
      },
      {
        "condition": "restore|add_delta|L25_mlp_out",
        "mean_patched_pmv": 3.232638888888889,
        "mean_patched_rank": 78.38888888888889,
        "mean_patched_target_proj": 23.936895295977592,
        "mean_pmv_effect": 1.0460069444444444,
        "mean_rank_effect": 89.30555555555556,
        "mean_short_pmv": 4.278645833333333,
        "mean_short_rank": 167.69444444444446,
        "mean_short_target_proj": 24.17328431871202,
        "mean_target_delta": 7.284605006376903,
        "mean_target_delta_fraction": 0.12999229312359062,
        "mean_target_effect": -0.2363890227344301,
        "mean_terse_pmv": -1.8862847222222223,
        "mean_terse_rank": 1.0,
        "mean_terse_target_proj": 31.457889325088924,
        "n": 72,
        "patched_best_other_route": {
          "prose": 72
        },
        "patched_top1_rate": 0.027777777777777776,
        "success_change_rate": 0.027777777777777776
      },
      {
        "condition": "restore|add_delta|L23_mlp_out",
        "mean_patched_pmv": 4.959201388888889,
        "mean_patched_rank": 243.38888888888889,
        "mean_patched_target_proj": 23.636900782585144,
        "mean_pmv_effect": -0.6805555555555556,
        "mean_rank_effect": -75.69444444444444,
        "mean_short_pmv": 4.278645833333333,
        "mean_short_rank": 167.69444444444446,
        "mean_short_target_proj": 24.17328431871202,
        "mean_target_delta": 7.284605006376903,
        "mean_target_delta_fraction": -0.08477006344079151,
        "mean_target_effect": -0.5363835361268785,
        "mean_terse_pmv": -1.8862847222222223,
        "mean_terse_rank": 1.0,
        "mean_terse_target_proj": 31.457889325088924,
        "n": 72,
        "patched_best_other_route": {
          "continuation": 6,
          "prose": 66
        },
        "patched_top1_rate": 0.013888888888888888,
        "success_change_rate": 0.013888888888888888
      },
      {
        "condition": "restore|add_delta|L24_attn_out",
        "mean_patched_pmv": 4.078125,
        "mean_patched_rank": 90.63888888888889,
        "mean_patched_target_proj": 24.64182100858953,
        "mean_pmv_effect": 0.20052083333333334,
        "mean_rank_effect": 77.05555555555556,
        "mean_short_pmv": 4.278645833333333,
        "mean_short_rank": 167.69444444444446,
        "mean_short_target_proj": 24.17328431871202,
        "mean_target_delta": 7.284605006376903,
        "mean_target_delta_fraction": 0.062321959083260534,
        "mean_target_effect": 0.46853668987751007,
        "mean_terse_pmv": -1.8862847222222223,
        "mean_terse_rank": 1.0,
        "mean_terse_target_proj": 31.457889325088924,
        "n": 72,
        "patched_best_other_route": {
          "prose": 72
        },
        "patched_top1_rate": 0.0,
        "success_change_rate": 0.0
      },
      {
        "condition": "restore|add_delta|L25_attn_out",
        "mean_patched_pmv": 5.719184027777778,
        "mean_patched_rank": 317.5416666666667,
        "mean_patched_target_proj": 23.562072176072334,
        "mean_pmv_effect": -1.4405381944444444,
        "mean_rank_effect": -149.84722222222223,
        "mean_short_pmv": 4.278645833333333,
        "mean_short_rank": 167.69444444444446,
        "mean_short_target_proj": 24.17328431871202,
        "mean_target_delta": 7.284605006376903,
        "mean_target_delta_fraction": -0.19199798056070655,
        "mean_target_effect": -0.6112121426396899,
        "mean_terse_pmv": -1.8862847222222223,
        "mean_terse_rank": 1.0,
        "mean_terse_target_proj": 31.457889325088924,
        "n": 72,
        "patched_best_other_route": {
          "prose": 72
        },
        "patched_top1_rate": 0.0,
        "success_change_rate": 0.0
      }
    ],
    "by_condition": {
      "degradation|random_same_norm|L18_attn_out": {
        "mean_patched_pmv": -1.6432291666666667,
        "mean_patched_rank": 1.2222222222222223,
        "mean_patched_target_proj": 31.019070280922783,
        "mean_pmv_effect": 0.24305555555555555,
        "mean_rank_effect": 0.2222222222222222,
        "mean_short_pmv": 4.278645833333333,
        "mean_short_rank": 167.69444444444446,
        "mean_short_target_proj": 24.17328431871202,
        "mean_target_delta": 7.284605006376903,
        "mean_target_delta_fraction": -0.037032642387602135,
        "mean_target_effect": 0.4388190441661411,
        "mean_terse_pmv": -1.8862847222222223,
        "mean_terse_rank": 1.0,
        "mean_terse_target_proj": 31.457889325088924,
        "n": 72,
        "patched_best_other_route": {
          "prose": 72
        },
        "patched_top1_rate": 0.9027777777777778,
        "success_change_rate": 0.09722222222222222
      },
      "degradation|random_same_norm|L18_layer_out": {
        "mean_patched_pmv": -0.5412326388888888,
        "mean_patched_rank": 13.083333333333334,
        "mean_patched_target_proj": 27.290711449252235,
        "mean_pmv_effect": 1.3450520833333333,
        "mean_rank_effect": 12.083333333333334,
        "mean_short_pmv": 4.278645833333333,
        "mean_short_rank": 167.69444444444446,
        "mean_short_target_proj": 24.17328431871202,
        "mean_target_delta": 7.284605006376903,
        "mean_target_delta_fraction": 0.3045803998898707,
        "mean_target_effect": 4.16717787583669,
        "mean_terse_pmv": -1.8862847222222223,
        "mean_terse_rank": 1.0,
        "mean_terse_target_proj": 31.457889325088924,
        "n": 72,
        "patched_best_other_route": {
          "prose": 72
        },
        "patched_top1_rate": 0.5972222222222222,
        "success_change_rate": 0.4027777777777778
      },
      "degradation|random_same_norm|L18_mlp_out": {
        "mean_patched_pmv": -1.5685763888888888,
        "mean_patched_rank": 1.375,
        "mean_patched_target_proj": 30.370969073639976,
        "mean_pmv_effect": 0.3177083333333333,
        "mean_rank_effect": 0.375,
        "mean_short_pmv": 4.278645833333333,
        "mean_short_rank": 167.69444444444446,
        "mean_short_target_proj": 24.17328431871202,
        "mean_target_delta": 7.284605006376903,
        "mean_target_delta_fraction": 0.050317165254306316,
        "mean_target_effect": 1.086920251448949,
        "mean_terse_pmv": -1.8862847222222223,
        "mean_terse_rank": 1.0,
        "mean_terse_target_proj": 31.457889325088924,
        "n": 72,
        "patched_best_other_route": {
          "prose": 72
        },
        "patched_top1_rate": 0.8333333333333334,
        "success_change_rate": 0.16666666666666666
      },
      "degradation|random_same_norm|L19_attn_out": {
        "mean_patched_pmv": -1.8611111111111112,
        "mean_patched_rank": 1.0555555555555556,
        "mean_patched_target_proj": 31.440710501538383,
        "mean_pmv_effect": 0.025173611111111112,
        "mean_rank_effect": 0.05555555555555555,
        "mean_short_pmv": 4.278645833333333,
        "mean_short_rank": 167.69444444444446,
        "mean_short_target_proj": 24.17328431871202,
        "mean_target_delta": 7.284605006376903,
        "mean_target_delta_fraction": 0.19669247091976425,
        "mean_target_effect": 0.017178823550542194,
        "mean_terse_pmv": -1.8862847222222223,
        "mean_terse_rank": 1.0,
        "mean_terse_target_proj": 31.457889325088924,
        "n": 72,
        "patched_best_other_route": {
          "prose": 72
        },
        "patched_top1_rate": 0.9583333333333334,
        "success_change_rate": 0.041666666666666664
      },
      "degradation|random_same_norm|L19_layer_out": {
        "mean_patched_pmv": -1.1579861111111112,
        "mean_patched_rank": 2.4166666666666665,
        "mean_patched_target_proj": 28.966867867443298,
        "mean_pmv_effect": 0.7282986111111112,
        "mean_rank_effect": 1.4166666666666667,
        "mean_short_pmv": 4.278645833333333,
        "mean_short_rank": 167.69444444444446,
        "mean_short_target_proj": 24.17328431871202,
        "mean_target_delta": 7.284605006376903,
        "mean_target_delta_fraction": 0.5167033226919618,
        "mean_target_effect": 2.491021457645628,
        "mean_terse_pmv": -1.8862847222222223,
        "mean_terse_rank": 1.0,
        "mean_terse_target_proj": 31.457889325088924,
        "n": 72,
        "patched_best_other_route": {
          "continuation": 1,
          "prose": 71
        },
        "patched_top1_rate": 0.6666666666666666,
        "success_change_rate": 0.3333333333333333
      },
      "degradation|random_same_norm|L19_mlp_out": {
        "mean_patched_pmv": -1.7786458333333333,
        "mean_patched_rank": 1.0972222222222223,
        "mean_patched_target_proj": 31.045709530512493,
        "mean_pmv_effect": 0.1076388888888889,
        "mean_rank_effect": 0.09722222222222222,
        "mean_short_pmv": 4.278645833333333,
        "mean_short_rank": 167.69444444444446,
        "mean_short_target_proj": 24.17328431871202,
        "mean_target_delta": 7.284605006376903,
        "mean_target_delta_fraction": 0.17109629766666765,
        "mean_target_effect": 0.41217979457643295,
        "mean_terse_pmv": -1.8862847222222223,
        "mean_terse_rank": 1.0,
        "mean_terse_target_proj": 31.457889325088924,
        "n": 72,
        "patched_best_other_route": {
          "prose": 72
        },
        "patched_top1_rate": 0.9166666666666666,
        "success_change_rate": 0.08333333333333333
      },
      "degradation|random_same_norm|L20_attn_out": {
        "mean_patched_pmv": -1.8524305555555556,
        "mean_patched_rank": 1.0694444444444444,
        "mean_patched_target_proj": 31.048142130176227,
        "mean_pmv_effect": 0.033854166666666664,
        "mean_rank_effect": 0.06944444444444445,
        "mean_short_pmv": 4.278645833333333,
        "mean_short_rank": 167.69444444444446,
        "mean_short_target_proj": 24.17328431871202,
        "mean_target_delta": 7.284605006376903,
        "mean_target_delta_fraction": -0.12298144229720902,
        "mean_target_effect": 0.4097471949126985,
        "mean_terse_pmv": -1.8862847222222223,
        "mean_terse_rank": 1.0,
        "mean_terse_target_proj": 31.457889325088924,
        "n": 72,
        "patched_best_other_route": {
          "prose": 72
        },
        "patched_top1_rate": 0.9305555555555556,
        "success_change_rate": 0.06944444444444445
      },
      "degradation|random_same_norm|L20_layer_out": {
        "mean_patched_pmv": -1.0295138888888888,
        "mean_patched_rank": 2.486111111111111,
        "mean_patched_target_proj": 26.39721541437838,
        "mean_pmv_effect": 0.8567708333333334,
        "mean_rank_effect": 1.4861111111111112,
        "mean_short_pmv": 4.278645833333333,
        "mean_short_rank": 167.69444444444446,
        "mean_short_target_proj": 24.17328431871202,
        "mean_target_delta": 7.284605006376903,
        "mean_target_delta_fraction": -0.0871627980821162,
        "mean_target_effect": 5.0606739107105465,
        "mean_terse_pmv": -1.8862847222222223,
        "mean_terse_rank": 1.0,
        "mean_terse_target_proj": 31.457889325088924,
        "n": 72,
        "patched_best_other_route": {
          "continuation": 3,
          "json": 1,
          "prose": 68
        },
        "patched_top1_rate": 0.6944444444444444,
        "success_change_rate": 0.3055555555555556
      },
      "degradation|random_same_norm|L20_mlp_out": {
        "mean_patched_pmv": -1.6953125,
        "mean_patched_rank": 1.2083333333333333,
        "mean_patched_target_proj": 29.876051257054012,
        "mean_pmv_effect": 0.1909722222222222,
        "mean_rank_effect": 0.20833333333333334,
        "mean_short_pmv": 4.278645833333333,
        "mean_short_rank": 167.69444444444446,
        "mean_short_target_proj": 24.17328431871202,
        "mean_target_delta": 7.284605006376903,
        "mean_target_delta_fraction": -0.22211913395965846,
        "mean_target_effect": 1.5818380680349138,
        "mean_terse_pmv": -1.8862847222222223,
        "mean_terse_rank": 1.0,
        "mean_terse_target_proj": 31.457889325088924,
        "n": 72,
        "patched_best_other_route": {
          "prose": 72
        },
        "patched_top1_rate": 0.875,
        "success_change_rate": 0.125
      },
      "degradation|random_same_norm|L21_attn_out": {
        "mean_patched_pmv": -1.8671875,
        "mean_patched_rank": 1.0833333333333333,
        "mean_patched_target_proj": 31.25265693002277,
        "mean_pmv_effect": 0.019097222222222224,
        "mean_rank_effect": 0.08333333333333333,
        "mean_short_pmv": 4.278645833333333,
        "mean_short_rank": 167.69444444444446,
        "mean_short_target_proj": 24.17328431871202,
        "mean_target_delta": 7.284605006376903,
        "mean_target_delta_fraction": 0.021325957444625177,
        "mean_target_effect": 0.20523239506615532,
        "mean_terse_pmv": -1.8862847222222223,
        "mean_terse_rank": 1.0,
        "mean_terse_target_proj": 31.457889325088924,
        "n": 72,
        "patched_best_other_route": {
          "prose": 72
        },
        "patched_top1_rate": 0.9305555555555556,
        "success_change_rate": 0.06944444444444445
      },
      "degradation|random_same_norm|L21_layer_out": {
        "mean_patched_pmv": -1.4939236111111112,
        "mean_patched_rank": 1.8888888888888888,
        "mean_patched_target_proj": 29.304364767339493,
        "mean_pmv_effect": 0.3923611111111111,
        "mean_rank_effect": 0.8888888888888888,
        "mean_short_pmv": 4.278645833333333,
        "mean_short_rank": 167.69444444444446,
        "mean_short_target_proj": 24.17328431871202,
        "mean_target_delta": 7.284605006376903,
        "mean_target_delta_fraction": 0.4893771172533677,
        "mean_target_effect": 2.15352455774943,
        "mean_terse_pmv": -1.8862847222222223,
        "mean_terse_rank": 1.0,
        "mean_terse_target_proj": 31.457889325088924,
        "n": 72,
        "patched_best_other_route": {
          "continuation": 2,
          "prose": 70
        },
        "patched_top1_rate": 0.7222222222222222,
        "success_change_rate": 0.2777777777777778
      },
      "degradation|random_same_norm|L21_mlp_out": {
        "mean_patched_pmv": -1.8394097222222223,
        "mean_patched_rank": 1.2083333333333333,
        "mean_patched_target_proj": 31.0015164481269,
        "mean_pmv_effect": 0.046875,
        "mean_rank_effect": 0.20833333333333334,
        "mean_short_pmv": 4.278645833333333,
        "mean_short_rank": 167.69444444444446,
        "mean_short_target_proj": 24.17328431871202,
        "mean_target_delta": 7.284605006376903,
        "mean_target_delta_fraction": 0.07493730029753097,
        "mean_target_effect": 0.45637287696202594,
        "mean_terse_pmv": -1.8862847222222223,
        "mean_terse_rank": 1.0,
        "mean_terse_target_proj": 31.457889325088924,
        "n": 72,
        "patched_best_other_route": {
          "prose": 72
        },
        "patched_top1_rate": 0.8472222222222222,
        "success_change_rate": 0.1527777777777778
      },
      "degradation|random_same_norm|L22_attn_out": {
        "mean_patched_pmv": -1.8454861111111112,
        "mean_patched_rank": 1.0277777777777777,
        "mean_patched_target_proj": 30.724894831577938,
        "mean_pmv_effect": 0.04079861111111111,
        "mean_rank_effect": 0.027777777777777776,
        "mean_short_pmv": 4.278645833333333,
        "mean_short_rank": 167.69444444444446,
        "mean_short_target_proj": 24.17328431871202,
        "mean_target_delta": 7.284605006376903,
        "mean_target_delta_fraction": -0.12283255615909325,
        "mean_target_effect": 0.732994493510988,
        "mean_terse_pmv": -1.8862847222222223,
        "mean_terse_rank": 1.0,
        "mean_terse_target_proj": 31.457889325088924,
        "n": 72,
        "patched_best_other_route": {
          "prose": 72
        },
        "patched_top1_rate": 0.9722222222222222,
        "success_change_rate": 0.027777777777777776
      },
      "degradation|random_same_norm|L22_layer_out": {
        "mean_patched_pmv": -1.7057291666666667,
        "mean_patched_rank": 1.3611111111111112,
        "mean_patched_target_proj": 29.041843463977177,
        "mean_pmv_effect": 0.18055555555555555,
        "mean_rank_effect": 0.3611111111111111,
        "mean_short_pmv": 4.278645833333333,
        "mean_short_rank": 167.69444444444446,
        "mean_short_target_proj": 24.17328431871202,
        "mean_target_delta": 7.284605006376903,
        "mean_target_delta_fraction": -0.09733049649759774,
        "mean_target_effect": 2.416045861111747,
        "mean_terse_pmv": -1.8862847222222223,
        "mean_terse_rank": 1.0,
        "mean_terse_target_proj": 31.457889325088924,
        "n": 72,
        "patched_best_other_route": {
          "continuation": 2,
          "json": 1,
          "prose": 69
        },
        "patched_top1_rate": 0.7916666666666666,
        "success_change_rate": 0.20833333333333334
      },
      "degradation|random_same_norm|L22_mlp_out": {
        "mean_patched_pmv": -1.8194444444444444,
        "mean_patched_rank": 1.0833333333333333,
        "mean_patched_target_proj": 30.585891991853714,
        "mean_pmv_effect": 0.06684027777777778,
        "mean_rank_effect": 0.08333333333333333,
        "mean_short_pmv": 4.278645833333333,
        "mean_short_rank": 167.69444444444446,
        "mean_short_target_proj": 24.17328431871202,
        "mean_target_delta": 7.284605006376903,
        "mean_target_delta_fraction": -0.07252851102766282,
        "mean_target_effect": 0.8719973332352109,
        "mean_terse_pmv": -1.8862847222222223,
        "mean_terse_rank": 1.0,
        "mean_terse_target_proj": 31.457889325088924,
        "n": 72,
        "patched_best_other_route": {
          "prose": 72
        },
        "patched_top1_rate": 0.9305555555555556,
        "success_change_rate": 0.06944444444444445
      },
      "degradation|random_same_norm|L23_attn_out": {
        "mean_patched_pmv": -1.9453125,
        "mean_patched_rank": 1.0833333333333333,
        "mean_patched_target_proj": 31.531236739622223,
        "mean_pmv_effect": -0.059027777777777776,
        "mean_rank_effect": 0.08333333333333333,
        "mean_short_pmv": 4.278645833333333,
        "mean_short_rank": 167.69444444444446,
        "mean_short_target_proj": 24.17328431871202,
        "mean_target_delta": 7.284605006376903,
        "mean_target_delta_fraction": 0.28520545043174494,
        "mean_target_effect": -0.07334741453329723,
        "mean_terse_pmv": -1.8862847222222223,
        "mean_terse_rank": 1.0,
        "mean_terse_target_proj": 31.457889325088924,
        "n": 72,
        "patched_best_other_route": {
          "prose": 72
        },
        "patched_top1_rate": 0.9166666666666666,
        "success_change_rate": 0.08333333333333333
      },
      "degradation|random_same_norm|L23_layer_out": {
        "mean_patched_pmv": -1.7890625,
        "mean_patched_rank": 1.4027777777777777,
        "mean_patched_target_proj": 30.511380970478058,
        "mean_pmv_effect": 0.09722222222222222,
        "mean_rank_effect": 0.4027777777777778,
        "mean_short_pmv": 4.278645833333333,
        "mean_short_rank": 167.69444444444446,
        "mean_short_target_proj": 24.17328431871202,
        "mean_target_delta": 7.284605006376903,
        "mean_target_delta_fraction": 0.8977987594115177,
        "mean_target_effect": 0.946508354610867,
        "mean_terse_pmv": -1.8862847222222223,
        "mean_terse_rank": 1.0,
        "mean_terse_target_proj": 31.457889325088924,
        "n": 72,
        "patched_best_other_route": {
          "continuation": 4,
          "prose": 68
        },
        "patched_top1_rate": 0.7777777777777778,
        "success_change_rate": 0.2222222222222222
      },
      "degradation|random_same_norm|L23_mlp_out": {
        "mean_patched_pmv": -1.8836805555555556,
        "mean_patched_rank": 1.1111111111111112,
        "mean_patched_target_proj": 31.273008591598934,
        "mean_pmv_effect": 0.0026041666666666665,
        "mean_rank_effect": 0.1111111111111111,
        "mean_short_pmv": 4.278645833333333,
        "mean_short_rank": 167.69444444444446,
        "mean_short_target_proj": 24.17328431871202,
        "mean_target_delta": 7.284605006376903,
        "mean_target_delta_fraction": 0.46805895644842477,
        "mean_target_effect": 0.18488073348999023,
        "mean_terse_pmv": -1.8862847222222223,
        "mean_terse_rank": 1.0,
        "mean_terse_target_proj": 31.457889325088924,
        "n": 72,
        "patched_best_other_route": {
          "prose": 72
        },
        "patched_top1_rate": 0.8888888888888888,
        "success_change_rate": 0.1111111111111111
      },
      "degradation|random_same_norm|L24_attn_out": {
        "mean_patched_pmv": -1.9253472222222223,
        "mean_patched_rank": 1.0,
        "mean_patched_target_proj": 31.529886386460728,
        "mean_pmv_effect": -0.0390625,
        "mean_rank_effect": 0.0,
        "mean_short_pmv": 4.278645833333333,
        "mean_short_rank": 167.69444444444446,
        "mean_short_target_proj": 24.17328431871202,
        "mean_target_delta": 7.284605006376903,
        "mean_target_delta_fraction": 0.09133583522961584,
        "mean_target_effect": -0.07199706137180328,
        "mean_terse_pmv": -1.8862847222222223,
        "mean_terse_rank": 1.0,
        "mean_terse_target_proj": 31.457889325088924,
        "n": 72,
        "patched_best_other_route": {
          "prose": 72
        },
        "patched_top1_rate": 1.0,
        "success_change_rate": 0.0
      },
      "degradation|random_same_norm|L24_layer_out": {
        "mean_patched_pmv": -1.7013888888888888,
        "mean_patched_rank": 1.2222222222222223,
        "mean_patched_target_proj": 30.53141302201483,
        "mean_pmv_effect": 0.18489583333333334,
        "mean_rank_effect": 0.2222222222222222,
        "mean_short_pmv": 4.278645833333333,
        "mean_short_rank": 167.69444444444446,
        "mean_short_target_proj": 24.17328431871202,
        "mean_target_delta": 7.284605006376903,
        "mean_target_delta_fraction": 0.7284149837047835,
        "mean_target_effect": 0.926476303074095,
        "mean_terse_pmv": -1.8862847222222223,
        "mean_terse_rank": 1.0,
        "mean_terse_target_proj": 31.457889325088924,
        "n": 72,
        "patched_best_other_route": {
          "prose": 72
        },
        "patched_top1_rate": 0.875,
        "success_change_rate": 0.125
      },
      "degradation|random_same_norm|L24_mlp_out": {
        "mean_patched_pmv": -1.8836805555555556,
        "mean_patched_rank": 1.0694444444444444,
        "mean_patched_target_proj": 31.161074176430702,
        "mean_pmv_effect": 0.0026041666666666665,
        "mean_rank_effect": 0.06944444444444445,
        "mean_short_pmv": 4.278645833333333,
        "mean_short_rank": 167.69444444444446,
        "mean_short_target_proj": 24.17328431871202,
        "mean_target_delta": 7.284605006376903,
        "mean_target_delta_fraction": 0.3771849754949438,
        "mean_target_effect": 0.2968151486582226,
        "mean_terse_pmv": -1.8862847222222223,
        "mean_terse_rank": 1.0,
        "mean_terse_target_proj": 31.457889325088924,
        "n": 72,
        "patched_best_other_route": {
          "prose": 72
        },
        "patched_top1_rate": 0.9444444444444444,
        "success_change_rate": 0.05555555555555555
      },
      "degradation|random_same_norm|L25_attn_out": {
        "mean_patched_pmv": -1.8715277777777777,
        "mean_patched_rank": 1.0416666666666667,
        "mean_patched_target_proj": 31.659352600574493,
        "mean_pmv_effect": 0.014756944444444444,
        "mean_rank_effect": 0.041666666666666664,
        "mean_short_pmv": 4.278645833333333,
        "mean_short_rank": 167.69444444444446,
        "mean_short_target_proj": 24.17328431871202,
        "mean_target_delta": 7.284605006376903,
        "mean_target_delta_fraction": -0.02863609937073022,
        "mean_target_effect": -0.20146327548556858,
        "mean_terse_pmv": -1.8862847222222223,
        "mean_terse_rank": 1.0,
        "mean_terse_target_proj": 31.457889325088924,
        "n": 72,
        "patched_best_other_route": {
          "prose": 72
        },
        "patched_top1_rate": 0.9722222222222222,
        "success_change_rate": 0.027777777777777776
      },
      "degradation|random_same_norm|L25_layer_out": {
        "mean_patched_pmv": -1.1145833333333333,
        "mean_patched_rank": 2.25,
        "mean_patched_target_proj": 32.03123175435596,
        "mean_pmv_effect": 0.7717013888888888,
        "mean_rank_effect": 1.25,
        "mean_short_pmv": 4.278645833333333,
        "mean_short_rank": 167.69444444444446,
        "mean_short_target_proj": 24.17328431871202,
        "mean_target_delta": 7.284605006376903,
        "mean_target_delta_fraction": -0.17489848266203833,
        "mean_target_effect": -0.5733424292670356,
        "mean_terse_pmv": -1.8862847222222223,
        "mean_terse_rank": 1.0,
        "mean_terse_target_proj": 31.457889325088924,
        "n": 72,
        "patched_best_other_route": {
          "continuation": 3,
          "prose": 69
        },
        "patched_top1_rate": 0.6111111111111112,
        "success_change_rate": 0.3888888888888889
      },
      "degradation|random_same_norm|L25_mlp_out": {
        "mean_patched_pmv": -1.7543402777777777,
        "mean_patched_rank": 1.125,
        "mean_patched_target_proj": 31.72018313407898,
        "mean_pmv_effect": 0.13194444444444445,
        "mean_rank_effect": 0.125,
        "mean_short_pmv": 4.278645833333333,
        "mean_short_rank": 167.69444444444446,
        "mean_short_target_proj": 24.17328431871202,
        "mean_target_delta": 7.284605006376903,
        "mean_target_delta_fraction": -0.0866051033339684,
        "mean_target_effect": -0.26229380899005467,
        "mean_terse_pmv": -1.8862847222222223,
        "mean_terse_rank": 1.0,
        "mean_terse_target_proj": 31.457889325088924,
        "n": 72,
        "patched_best_other_route": {
          "prose": 72
        },
        "patched_top1_rate": 0.9027777777777778,
        "success_change_rate": 0.09722222222222222
      },
      "degradation|replace_short|L18_attn_out": {
        "mean_patched_pmv": -1.6875,
        "mean_patched_rank": 1.2361111111111112,
        "mean_patched_target_proj": 30.2389029595587,
        "mean_pmv_effect": 0.1987847222222222,
        "mean_rank_effect": 0.2361111111111111,
        "mean_short_pmv": 4.278645833333333,
        "mean_short_rank": 167.69444444444446,
        "mean_short_target_proj": 24.17328431871202,
        "mean_target_delta": 7.284605006376903,
        "mean_target_delta_fraction": 0.20766631946249292,
        "mean_target_effect": 1.218986365530226,
        "mean_terse_pmv": -1.8862847222222223,
        "mean_terse_rank": 1.0,
        "mean_terse_target_proj": 31.457889325088924,
        "n": 72,
        "patched_best_other_route": {
          "prose": 72
        },
        "patched_top1_rate": 0.8888888888888888,
        "success_change_rate": 0.1111111111111111
      },
      "degradation|replace_short|L18_layer_out": {
        "mean_patched_pmv": 2.1510416666666665,
        "mean_patched_rank": 34.138888888888886,
        "mean_patched_target_proj": 24.921854557262527,
        "mean_pmv_effect": 4.037326388888889,
        "mean_rank_effect": 33.138888888888886,
        "mean_short_pmv": 4.278645833333333,
        "mean_short_rank": 167.69444444444446,
        "mean_short_target_proj": 24.17328431871202,
        "mean_target_delta": 7.284605006376903,
        "mean_target_delta_fraction": 0.870584959478432,
        "mean_target_effect": 6.536034767826398,
        "mean_terse_pmv": -1.8862847222222223,
        "mean_terse_rank": 1.0,
        "mean_terse_target_proj": 31.457889325088924,
        "n": 72,
        "patched_best_other_route": {
          "prose": 72
        },
        "patched_top1_rate": 0.16666666666666666,
        "success_change_rate": 0.8333333333333334
      },
      "degradation|replace_short|L18_mlp_out": {
        "mean_patched_pmv": -0.9522569444444444,
        "mean_patched_rank": 2.1944444444444446,
        "mean_patched_target_proj": 27.163184887833065,
        "mean_pmv_effect": 0.9340277777777778,
        "mean_rank_effect": 1.1944444444444444,
        "mean_short_pmv": 4.278645833333333,
        "mean_short_rank": 167.69444444444446,
        "mean_short_target_proj": 24.17328431871202,
        "mean_target_delta": 7.284605006376903,
        "mean_target_delta_fraction": 0.13903203882724136,
        "mean_target_effect": 4.294704437255859,
        "mean_terse_pmv": -1.8862847222222223,
        "mean_terse_rank": 1.0,
        "mean_terse_target_proj": 31.457889325088924,
        "n": 72,
        "patched_best_other_route": {
          "prose": 72
        },
        "patched_top1_rate": 0.6527777777777778,
        "success_change_rate": 0.3472222222222222
      },
      "degradation|replace_short|L19_attn_out": {
        "mean_patched_pmv": -0.8003472222222222,
        "mean_patched_rank": 1.9861111111111112,
        "mean_patched_target_proj": 31.56856956746843,
        "mean_pmv_effect": 1.0859375,
        "mean_rank_effect": 0.9861111111111112,
        "mean_short_pmv": 4.278645833333333,
        "mean_short_rank": 167.69444444444446,
        "mean_short_target_proj": 24.17328431871202,
        "mean_target_delta": 7.284605006376903,
        "mean_target_delta_fraction": 0.3124291292584745,
        "mean_target_effect": -0.11068024237950642,
        "mean_terse_pmv": -1.8862847222222223,
        "mean_terse_rank": 1.0,
        "mean_terse_target_proj": 31.457889325088924,
        "n": 72,
        "patched_best_other_route": {
          "prose": 72
        },
        "patched_top1_rate": 0.6666666666666666,
        "success_change_rate": 0.3333333333333333
      },
      "degradation|replace_short|L19_layer_out": {
        "mean_patched_pmv": 2.9913194444444446,
        "mean_patched_rank": 54.958333333333336,
        "mean_patched_target_proj": 23.331009056833054,
        "mean_pmv_effect": 4.877604166666667,
        "mean_rank_effect": 53.958333333333336,
        "mean_short_pmv": 4.278645833333333,
        "mean_short_rank": 167.69444444444446,
        "mean_short_target_proj": 24.17328431871202,
        "mean_target_delta": 7.284605006376903,
        "mean_target_delta_fraction": 1.1783326284266062,
        "mean_target_effect": 8.126880268255869,
        "mean_terse_pmv": -1.8862847222222223,
        "mean_terse_rank": 1.0,
        "mean_terse_target_proj": 31.457889325088924,
        "n": 72,
        "patched_best_other_route": {
          "prose": 72
        },
        "patched_top1_rate": 0.06944444444444445,
        "success_change_rate": 0.9305555555555556
      },
      "degradation|replace_short|L19_mlp_out": {
        "mean_patched_pmv": -0.3810763888888889,
        "mean_patched_rank": 2.4444444444444446,
        "mean_patched_target_proj": 24.409267514944077,
        "mean_pmv_effect": 1.5052083333333333,
        "mean_rank_effect": 1.4444444444444444,
        "mean_short_pmv": 4.278645833333333,
        "mean_short_rank": 167.69444444444446,
        "mean_short_target_proj": 24.17328431871202,
        "mean_target_delta": 7.284605006376903,
        "mean_target_delta_fraction": 0.6638080476434811,
        "mean_target_effect": 7.048621810144848,
        "mean_terse_pmv": -1.8862847222222223,
        "mean_terse_rank": 1.0,
        "mean_terse_target_proj": 31.457889325088924,
        "n": 72,
        "patched_best_other_route": {
          "prose": 72
        },
        "patched_top1_rate": 0.5972222222222222,
        "success_change_rate": 0.4027777777777778
      },
      "degradation|replace_short|L20_attn_out": {
        "mean_patched_pmv": -0.9418402777777778,
        "mean_patched_rank": 1.4444444444444444,
        "mean_patched_target_proj": 28.95866142047776,
        "mean_pmv_effect": 0.9444444444444444,
        "mean_rank_effect": 0.4444444444444444,
        "mean_short_pmv": 4.278645833333333,
        "mean_short_rank": 167.69444444444446,
        "mean_short_target_proj": 24.17328431871202,
        "mean_target_delta": 7.284605006376903,
        "mean_target_delta_fraction": 0.31268251997094787,
        "mean_target_effect": 2.4992279046111636,
        "mean_terse_pmv": -1.8862847222222223,
        "mean_terse_rank": 1.0,
        "mean_terse_target_proj": 31.457889325088924,
        "n": 72,
        "patched_best_other_route": {
          "prose": 72
        },
        "patched_top1_rate": 0.7361111111111112,
        "success_change_rate": 0.2638888888888889
      },
      "degradation|replace_short|L20_layer_out": {
        "mean_patched_pmv": 3.8953993055555554,
        "mean_patched_rank": 100.02777777777777,
        "mean_patched_target_proj": 23.070387889941532,
        "mean_pmv_effect": 5.781684027777778,
        "mean_rank_effect": 99.02777777777777,
        "mean_short_pmv": 4.278645833333333,
        "mean_short_rank": 167.69444444444446,
        "mean_short_target_proj": 24.17328431871202,
        "mean_target_delta": 7.284605006376903,
        "mean_target_delta_fraction": 1.0832059118912727,
        "mean_target_effect": 8.387501435147392,
        "mean_terse_pmv": -1.8862847222222223,
        "mean_terse_rank": 1.0,
        "mean_terse_target_proj": 31.457889325088924,
        "n": 72,
        "patched_best_other_route": {
          "prose": 72
        },
        "patched_top1_rate": 0.013888888888888888,
        "success_change_rate": 0.9861111111111112
      },
      "degradation|replace_short|L20_mlp_out": {
        "mean_patched_pmv": -2.157986111111111,
        "mean_patched_rank": 1.0277777777777777,
        "mean_patched_target_proj": 32.470726092656456,
        "mean_pmv_effect": -0.2717013888888889,
        "mean_rank_effect": 0.027777777777777776,
        "mean_short_pmv": 4.278645833333333,
        "mean_short_rank": 167.69444444444446,
        "mean_short_target_proj": 24.17328431871202,
        "mean_target_delta": 7.284605006376903,
        "mean_target_delta_fraction": 0.05145580765249971,
        "mean_target_effect": -1.0128367675675287,
        "mean_terse_pmv": -1.8862847222222223,
        "mean_terse_rank": 1.0,
        "mean_terse_target_proj": 31.457889325088924,
        "n": 72,
        "patched_best_other_route": {
          "prose": 72
        },
        "patched_top1_rate": 0.9722222222222222,
        "success_change_rate": 0.027777777777777776
      },
      "degradation|replace_short|L21_attn_out": {
        "mean_patched_pmv": -1.9861111111111112,
        "mean_patched_rank": 1.0138888888888888,
        "mean_patched_target_proj": 31.155867089827854,
        "mean_pmv_effect": -0.0998263888888889,
        "mean_rank_effect": 0.013888888888888888,
        "mean_short_pmv": 4.278645833333333,
        "mean_short_rank": 167.69444444444446,
        "mean_short_target_proj": 24.17328431871202,
        "mean_target_delta": 7.284605006376903,
        "mean_target_delta_fraction": -0.2741993486568642,
        "mean_target_effect": 0.3020222352610694,
        "mean_terse_pmv": -1.8862847222222223,
        "mean_terse_rank": 1.0,
        "mean_terse_target_proj": 31.457889325088924,
        "n": 72,
        "patched_best_other_route": {
          "prose": 72
        },
        "patched_top1_rate": 0.9861111111111112,
        "success_change_rate": 0.013888888888888888
      },
      "degradation|replace_short|L21_layer_out": {
        "mean_patched_pmv": 3.9027777777777777,
        "mean_patched_rank": 106.06944444444444,
        "mean_patched_target_proj": 24.58544646203518,
        "mean_pmv_effect": 5.7890625,
        "mean_rank_effect": 105.06944444444444,
        "mean_short_pmv": 4.278645833333333,
        "mean_short_rank": 167.69444444444446,
        "mean_short_target_proj": 24.17328431871202,
        "mean_target_delta": 7.284605006376903,
        "mean_target_delta_fraction": 0.8695038200311014,
        "mean_target_effect": 6.872442863053745,
        "mean_terse_pmv": -1.8862847222222223,
        "mean_terse_rank": 1.0,
        "mean_terse_target_proj": 31.457889325088924,
        "n": 72,
        "patched_best_other_route": {
          "prose": 72
        },
        "patched_top1_rate": 0.027777777777777776,
        "success_change_rate": 0.9722222222222222
      },
      "degradation|replace_short|L21_mlp_out": {
        "mean_patched_pmv": -1.6432291666666667,
        "mean_patched_rank": 1.2361111111111112,
        "mean_patched_target_proj": 31.039741719762485,
        "mean_pmv_effect": 0.24305555555555555,
        "mean_rank_effect": 0.2361111111111111,
        "mean_short_pmv": 4.278645833333333,
        "mean_short_rank": 167.69444444444446,
        "mean_short_target_proj": 24.17328431871202,
        "mean_target_delta": 7.284605006376903,
        "mean_target_delta_fraction": -0.07558775890114339,
        "mean_target_effect": 0.4181476053264406,
        "mean_terse_pmv": -1.8862847222222223,
        "mean_terse_rank": 1.0,
        "mean_terse_target_proj": 31.457889325088924,
        "n": 72,
        "patched_best_other_route": {
          "prose": 72
        },
        "patched_top1_rate": 0.875,
        "success_change_rate": 0.125
      },
      "degradation|replace_short|L22_attn_out": {
        "mean_patched_pmv": -0.11458333333333333,
        "mean_patched_rank": 4.347222222222222,
        "mean_patched_target_proj": 30.204621758725906,
        "mean_pmv_effect": 1.7717013888888888,
        "mean_rank_effect": 3.3472222222222223,
        "mean_short_pmv": 4.278645833333333,
        "mean_short_rank": 167.69444444444446,
        "mean_short_target_proj": 24.17328431871202,
        "mean_target_delta": 7.284605006376903,
        "mean_target_delta_fraction": 0.6173175241425216,
        "mean_target_effect": 1.2532675663630168,
        "mean_terse_pmv": -1.8862847222222223,
        "mean_terse_rank": 1.0,
        "mean_terse_target_proj": 31.457889325088924,
        "n": 72,
        "patched_best_other_route": {
          "prose": 72
        },
        "patched_top1_rate": 0.5277777777777778,
        "success_change_rate": 0.4722222222222222
      },
      "degradation|replace_short|L22_layer_out": {
        "mean_patched_pmv": 4.111545138888889,
        "mean_patched_rank": 114.01388888888889,
        "mean_patched_target_proj": 24.3191645708349,
        "mean_pmv_effect": 5.997829861111111,
        "mean_rank_effect": 113.01388888888889,
        "mean_short_pmv": 4.278645833333333,
        "mean_short_rank": 167.69444444444446,
        "mean_short_target_proj": 24.17328431871202,
        "mean_target_delta": 7.284605006376903,
        "mean_target_delta_fraction": 0.8771774002211002,
        "mean_target_effect": 7.1387247542540235,
        "mean_terse_pmv": -1.8862847222222223,
        "mean_terse_rank": 1.0,
        "mean_terse_target_proj": 31.457889325088924,
        "n": 72,
        "patched_best_other_route": {
          "prose": 72
        },
        "patched_top1_rate": 0.027777777777777776,
        "success_change_rate": 0.9722222222222222
      },
      "degradation|replace_short|L22_mlp_out": {
        "mean_patched_pmv": -1.0815972222222223,
        "mean_patched_rank": 1.5416666666666667,
        "mean_patched_target_proj": 27.42861054672135,
        "mean_pmv_effect": 0.8046875,
        "mean_rank_effect": 0.5416666666666666,
        "mean_short_pmv": 4.278645833333333,
        "mean_short_rank": 167.69444444444446,
        "mean_short_target_proj": 24.17328431871202,
        "mean_target_delta": 7.284605006376903,
        "mean_target_delta_fraction": 0.12030263885510724,
        "mean_target_effect": 4.029278778367573,
        "mean_terse_pmv": -1.8862847222222223,
        "mean_terse_rank": 1.0,
        "mean_terse_target_proj": 31.457889325088924,
        "n": 72,
        "patched_best_other_route": {
          "prose": 72
        },
        "patched_top1_rate": 0.7916666666666666,
        "success_change_rate": 0.20833333333333334
      },
      "degradation|replace_short|L23_attn_out": {
        "mean_patched_pmv": -1.546875,
        "mean_patched_rank": 1.2083333333333333,
        "mean_patched_target_proj": 27.33919812573327,
        "mean_pmv_effect": 0.3394097222222222,
        "mean_rank_effect": 0.20833333333333334,
        "mean_short_pmv": 4.278645833333333,
        "mean_short_rank": 167.69444444444446,
        "mean_short_target_proj": 24.17328431871202,
        "mean_target_delta": 7.284605006376903,
        "mean_target_delta_fraction": 0.6949166769255306,
        "mean_target_effect": 4.118691199355656,
        "mean_terse_pmv": -1.8862847222222223,
        "mean_terse_rank": 1.0,
        "mean_terse_target_proj": 31.457889325088924,
        "n": 72,
        "patched_best_other_route": {
          "prose": 72
        },
        "patched_top1_rate": 0.8611111111111112,
        "success_change_rate": 0.1388888888888889
      },
      "degradation|replace_short|L23_layer_out": {
        "mean_patched_pmv": 4.358072916666667,
        "mean_patched_rank": 145.41666666666666,
        "mean_patched_target_proj": 23.255421217944885,
        "mean_pmv_effect": 6.244357638888889,
        "mean_rank_effect": 144.41666666666666,
        "mean_short_pmv": 4.278645833333333,
        "mean_short_rank": 167.69444444444446,
        "mean_short_target_proj": 24.17328431871202,
        "mean_target_delta": 7.284605006376903,
        "mean_target_delta_fraction": 0.9675375450678713,
        "mean_target_effect": 8.202468107144037,
        "mean_terse_pmv": -1.8862847222222223,
        "mean_terse_rank": 1.0,
        "mean_terse_target_proj": 31.457889325088924,
        "n": 72,
        "patched_best_other_route": {
          "prose": 72
        },
        "patched_top1_rate": 0.0,
        "success_change_rate": 1.0
      },
      "degradation|replace_short|L23_mlp_out": {
        "mean_patched_pmv": -1.9921875,
        "mean_patched_rank": 1.0555555555555556,
        "mean_patched_target_proj": 32.17956015136507,
        "mean_pmv_effect": -0.10590277777777778,
        "mean_rank_effect": 0.05555555555555555,
        "mean_short_pmv": 4.278645833333333,
        "mean_short_rank": 167.69444444444446,
        "mean_short_target_proj": 24.17328431871202,
        "mean_target_delta": 7.284605006376903,
        "mean_target_delta_fraction": -0.15784443805303378,
        "mean_target_effect": -0.7216708262761434,
        "mean_terse_pmv": -1.8862847222222223,
        "mean_terse_rank": 1.0,
        "mean_terse_target_proj": 31.457889325088924,
        "n": 72,
        "patched_best_other_route": {
          "prose": 72
        },
        "patched_top1_rate": 0.9444444444444444,
        "success_change_rate": 0.05555555555555555
      },
      "degradation|replace_short|L24_attn_out": {
        "mean_patched_pmv": -1.8671875,
        "mean_patched_rank": 1.0972222222222223,
        "mean_patched_target_proj": 30.85086148315006,
        "mean_pmv_effect": 0.019097222222222224,
        "mean_rank_effect": 0.09722222222222222,
        "mean_short_pmv": 4.278645833333333,
        "mean_short_rank": 167.69444444444446,
        "mean_short_target_proj": 24.17328431871202,
        "mean_target_delta": 7.284605006376903,
        "mean_target_delta_fraction": -0.0033531376478440522,
        "mean_target_effect": 0.6070278419388665,
        "mean_terse_pmv": -1.8862847222222223,
        "mean_terse_rank": 1.0,
        "mean_terse_target_proj": 31.457889325088924,
        "n": 72,
        "patched_best_other_route": {
          "prose": 72
        },
        "patched_top1_rate": 0.9305555555555556,
        "success_change_rate": 0.06944444444444445
      },
      "degradation|replace_short|L24_layer_out": {
        "mean_patched_pmv": 4.312934027777778,
        "mean_patched_rank": 146.55555555555554,
        "mean_patched_target_proj": 23.206949038638008,
        "mean_pmv_effect": 6.19921875,
        "mean_rank_effect": 145.55555555555554,
        "mean_short_pmv": 4.278645833333333,
        "mean_short_rank": 167.69444444444446,
        "mean_short_target_proj": 24.17328431871202,
        "mean_target_delta": 7.284605006376903,
        "mean_target_delta_fraction": 0.9723886161269102,
        "mean_target_effect": 8.250940286450916,
        "mean_terse_pmv": -1.8862847222222223,
        "mean_terse_rank": 1.0,
        "mean_terse_target_proj": 31.457889325088924,
        "n": 72,
        "patched_best_other_route": {
          "prose": 72
        },
        "patched_top1_rate": 0.013888888888888888,
        "success_change_rate": 0.9861111111111112
      },
      "degradation|replace_short|L24_mlp_out": {
        "mean_patched_pmv": -1.5086805555555556,
        "mean_patched_rank": 1.1805555555555556,
        "mean_patched_target_proj": 29.85647612147861,
        "mean_pmv_effect": 0.3776041666666667,
        "mean_rank_effect": 0.18055555555555555,
        "mean_short_pmv": 4.278645833333333,
        "mean_short_rank": 167.69444444444446,
        "mean_short_target_proj": 24.17328431871202,
        "mean_target_delta": 7.284605006376903,
        "mean_target_delta_fraction": 0.1273755849556034,
        "mean_target_effect": 1.6014132036103144,
        "mean_terse_pmv": -1.8862847222222223,
        "mean_terse_rank": 1.0,
        "mean_terse_target_proj": 31.457889325088924,
        "n": 72,
        "patched_best_other_route": {
          "prose": 72
        },
        "patched_top1_rate": 0.875,
        "success_change_rate": 0.125
      },
      "degradation|replace_short|L25_attn_out": {
        "mean_patched_pmv": -2.6215277777777777,
        "mean_patched_rank": 1.0,
        "mean_patched_target_proj": 32.38254855076472,
        "mean_pmv_effect": -0.7352430555555556,
        "mean_rank_effect": 0.0,
        "mean_short_pmv": 4.278645833333333,
        "mean_short_rank": 167.69444444444446,
        "mean_short_target_proj": 24.17328431871202,
        "mean_target_delta": 7.284605006376903,
        "mean_target_delta_fraction": -0.22693577177334015,
        "mean_target_effect": -0.9246592256757948,
        "mean_terse_pmv": -1.8862847222222223,
        "mean_terse_rank": 1.0,
        "mean_terse_target_proj": 31.457889325088924,
        "n": 72,
        "patched_best_other_route": {
          "prose": 72
        },
        "patched_top1_rate": 1.0,
        "success_change_rate": 0.0
      },
      "degradation|replace_short|L25_layer_out": {
        "mean_patched_pmv": 4.346788194444445,
        "mean_patched_rank": 168.11111111111111,
        "mean_patched_target_proj": 24.17328431871202,
        "mean_pmv_effect": 6.233072916666667,
        "mean_rank_effect": 167.11111111111111,
        "mean_short_pmv": 4.278645833333333,
        "mean_short_rank": 167.69444444444446,
        "mean_short_target_proj": 24.17328431871202,
        "mean_target_delta": 7.284605006376903,
        "mean_target_delta_fraction": 1.0,
        "mean_target_effect": 7.284605006376903,
        "mean_terse_pmv": -1.8862847222222223,
        "mean_terse_rank": 1.0,
        "mean_terse_target_proj": 31.457889325088924,
        "n": 72,
        "patched_best_other_route": {
          "prose": 72
        },
        "patched_top1_rate": 0.041666666666666664,
        "success_change_rate": 0.9583333333333334
      },
      "degradation|replace_short|L25_mlp_out": {
        "mean_patched_pmv": -1.4496527777777777,
        "mean_patched_rank": 1.1527777777777777,
        "mean_patched_target_proj": 31.693968951702118,
        "mean_pmv_effect": 0.4366319444444444,
        "mean_rank_effect": 0.1527777777777778,
        "mean_short_pmv": 4.278645833333333,
        "mean_short_rank": 167.69444444444446,
        "mean_short_target_proj": 24.17328431871202,
        "mean_target_delta": 7.284605006376903,
        "mean_target_delta_fraction": 0.13619435495404342,
        "mean_target_effect": -0.2360796266131931,
        "mean_terse_pmv": -1.8862847222222223,
        "mean_terse_rank": 1.0,
        "mean_terse_target_proj": 31.457889325088924,
        "n": 72,
        "patched_best_other_route": {
          "prose": 72
        },
        "patched_top1_rate": 0.875,
        "success_change_rate": 0.125
      },
      "restore|add_delta|L18_attn_out": {
        "mean_patched_pmv": 2.6493055555555554,
        "mean_patched_rank": 78.95833333333333,
        "mean_patched_target_proj": 25.889047529962326,
        "mean_pmv_effect": 1.6293402777777777,
        "mean_rank_effect": 88.73611111111111,
        "mean_short_pmv": 4.278645833333333,
        "mean_short_rank": 167.69444444444446,
        "mean_short_target_proj": 24.17328431871202,
        "mean_target_delta": 7.284605006376903,
        "mean_target_delta_fraction": 0.18043653541831214,
        "mean_target_effect": 1.7157632112503052,
        "mean_terse_pmv": -1.8862847222222223,
        "mean_terse_rank": 1.0,
        "mean_terse_target_proj": 31.457889325088924,
        "n": 72,
        "patched_best_other_route": {
          "continuation": 2,
          "prose": 70
        },
        "patched_top1_rate": 0.18055555555555555,
        "success_change_rate": 0.18055555555555555
      },
      "restore|add_delta|L18_layer_out": {
        "mean_patched_pmv": -1.3480902777777777,
        "mean_patched_rank": 1.5972222222222223,
        "mean_patched_target_proj": 30.85541574822532,
        "mean_pmv_effect": 5.626736111111111,
        "mean_rank_effect": 166.09722222222223,
        "mean_short_pmv": 4.278645833333333,
        "mean_short_rank": 167.69444444444446,
        "mean_short_target_proj": 24.17328431871202,
        "mean_target_delta": 7.284605006376903,
        "mean_target_delta_fraction": 0.8644649138358357,
        "mean_target_effect": 6.682131429513295,
        "mean_terse_pmv": -1.8862847222222223,
        "mean_terse_rank": 1.0,
        "mean_terse_target_proj": 31.457889325088924,
        "n": 72,
        "patched_best_other_route": {
          "prose": 72
        },
        "patched_top1_rate": 0.7916666666666666,
        "success_change_rate": 0.7916666666666666
      },
      "restore|add_delta|L18_mlp_out": {
        "mean_patched_pmv": 2.5768229166666665,
        "mean_patched_rank": 47.458333333333336,
        "mean_patched_target_proj": 28.173735055658554,
        "mean_pmv_effect": 1.7018229166666667,
        "mean_rank_effect": 120.23611111111111,
        "mean_short_pmv": 4.278645833333333,
        "mean_short_rank": 167.69444444444446,
        "mean_short_target_proj": 24.17328431871202,
        "mean_target_delta": 7.284605006376903,
        "mean_target_delta_fraction": 0.1031049564281957,
        "mean_target_effect": 4.000450736946529,
        "mean_terse_pmv": -1.8862847222222223,
        "mean_terse_rank": 1.0,
        "mean_terse_target_proj": 31.457889325088924,
        "n": 72,
        "patched_best_other_route": {
          "prose": 72
        },
        "patched_top1_rate": 0.08333333333333333,
        "success_change_rate": 0.08333333333333333
      },
      "restore|add_delta|L19_attn_out": {
        "mean_patched_pmv": 1.9874131944444444,
        "mean_patched_rank": 34.236111111111114,
        "mean_patched_target_proj": 25.904529308279354,
        "mean_pmv_effect": 2.291232638888889,
        "mean_rank_effect": 133.45833333333334,
        "mean_short_pmv": 4.278645833333333,
        "mean_short_rank": 167.69444444444446,
        "mean_short_target_proj": 24.17328431871202,
        "mean_target_delta": 7.284605006376903,
        "mean_target_delta_fraction": 0.1553288617734771,
        "mean_target_effect": 1.7312449895673327,
        "mean_terse_pmv": -1.8862847222222223,
        "mean_terse_rank": 1.0,
        "mean_terse_target_proj": 31.457889325088924,
        "n": 72,
        "patched_best_other_route": {
          "continuation": 1,
          "prose": 71
        },
        "patched_top1_rate": 0.16666666666666666,
        "success_change_rate": 0.16666666666666666
      },
      "restore|add_delta|L19_layer_out": {
        "mean_patched_pmv": -1.7230902777777777,
        "mean_patched_rank": 1.3055555555555556,
        "mean_patched_target_proj": 31.065315584341686,
        "mean_pmv_effect": 6.001736111111111,
        "mean_rank_effect": 166.38888888888889,
        "mean_short_pmv": 4.278645833333333,
        "mean_short_rank": 167.69444444444446,
        "mean_short_target_proj": 24.17328431871202,
        "mean_target_delta": 7.284605006376903,
        "mean_target_delta_fraction": 0.9270359572103539,
        "mean_target_effect": 6.8920312656296625,
        "mean_terse_pmv": -1.8862847222222223,
        "mean_terse_rank": 1.0,
        "mean_terse_target_proj": 31.457889325088924,
        "n": 72,
        "patched_best_other_route": {
          "prose": 72
        },
        "patched_top1_rate": 0.8888888888888888,
        "success_change_rate": 0.8888888888888888
      },
      "restore|add_delta|L19_mlp_out": {
        "mean_patched_pmv": 2.0355902777777777,
        "mean_patched_rank": 48.19444444444444,
        "mean_patched_target_proj": 30.157313909795548,
        "mean_pmv_effect": 2.2430555555555554,
        "mean_rank_effect": 119.5,
        "mean_short_pmv": 4.278645833333333,
        "mean_short_rank": 167.69444444444446,
        "mean_short_target_proj": 24.17328431871202,
        "mean_target_delta": 7.284605006376903,
        "mean_target_delta_fraction": 0.8339266245086603,
        "mean_target_effect": 5.984029591083527,
        "mean_terse_pmv": -1.8862847222222223,
        "mean_terse_rank": 1.0,
        "mean_terse_target_proj": 31.457889325088924,
        "n": 72,
        "patched_best_other_route": {
          "continuation": 15,
          "prose": 57
        },
        "patched_top1_rate": 0.125,
        "success_change_rate": 0.125
      },
      "restore|add_delta|L20_attn_out": {
        "mean_patched_pmv": 2.302517361111111,
        "mean_patched_rank": 58.80555555555556,
        "mean_patched_target_proj": 27.14818920691808,
        "mean_pmv_effect": 1.9761284722222223,
        "mean_rank_effect": 108.88888888888889,
        "mean_short_pmv": 4.278645833333333,
        "mean_short_rank": 167.69444444444446,
        "mean_short_target_proj": 24.17328431871202,
        "mean_target_delta": 7.284605006376903,
        "mean_target_delta_fraction": 0.0614934906494489,
        "mean_target_effect": 2.974904888206058,
        "mean_terse_pmv": -1.8862847222222223,
        "mean_terse_rank": 1.0,
        "mean_terse_target_proj": 31.457889325088924,
        "n": 72,
        "patched_best_other_route": {
          "continuation": 8,
          "prose": 64
        },
        "patched_top1_rate": 0.1111111111111111,
        "success_change_rate": 0.1111111111111111
      },
      "restore|add_delta|L20_layer_out": {
        "mean_patched_pmv": -2.0243055555555554,
        "mean_patched_rank": 1.0555555555555556,
        "mean_patched_target_proj": 31.558278375201755,
        "mean_pmv_effect": 6.302951388888889,
        "mean_rank_effect": 166.63888888888889,
        "mean_short_pmv": 4.278645833333333,
        "mean_short_rank": 167.69444444444446,
        "mean_short_target_proj": 24.17328431871202,
        "mean_target_delta": 7.284605006376903,
        "mean_target_delta_fraction": 1.0110196165107692,
        "mean_target_effect": 7.384994056489733,
        "mean_terse_pmv": -1.8862847222222223,
        "mean_terse_rank": 1.0,
        "mean_terse_target_proj": 31.457889325088924,
        "n": 72,
        "patched_best_other_route": {
          "prose": 72
        },
        "patched_top1_rate": 0.9722222222222222,
        "success_change_rate": 0.9722222222222222
      },
      "restore|add_delta|L20_mlp_out": {
        "mean_patched_pmv": 4.641493055555555,
        "mean_patched_rank": 160.93055555555554,
        "mean_patched_target_proj": 22.235129222273827,
        "mean_pmv_effect": -0.3628472222222222,
        "mean_rank_effect": 6.763888888888889,
        "mean_short_pmv": 4.278645833333333,
        "mean_short_rank": 167.69444444444446,
        "mean_short_target_proj": 24.17328431871202,
        "mean_target_delta": 7.284605006376903,
        "mean_target_delta_fraction": -0.13995098947343132,
        "mean_target_effect": -1.938155096438196,
        "mean_terse_pmv": -1.8862847222222223,
        "mean_terse_rank": 1.0,
        "mean_terse_target_proj": 31.457889325088924,
        "n": 72,
        "patched_best_other_route": {
          "continuation": 1,
          "prose": 71
        },
        "patched_top1_rate": 0.041666666666666664,
        "success_change_rate": 0.041666666666666664
      },
      "restore|add_delta|L21_attn_out": {
        "mean_patched_pmv": 4.275607638888889,
        "mean_patched_rank": 166.19444444444446,
        "mean_patched_target_proj": 23.94117704861694,
        "mean_pmv_effect": 0.0030381944444444445,
        "mean_rank_effect": 1.5,
        "mean_short_pmv": 4.278645833333333,
        "mean_short_rank": 167.69444444444446,
        "mean_short_target_proj": 24.17328431871202,
        "mean_target_delta": 7.284605006376903,
        "mean_target_delta_fraction": -0.08224593381909251,
        "mean_target_effect": -0.23210727009508345,
        "mean_terse_pmv": -1.8862847222222223,
        "mean_terse_rank": 1.0,
        "mean_terse_target_proj": 31.457889325088924,
        "n": 72,
        "patched_best_other_route": {
          "prose": 72
        },
        "patched_top1_rate": 0.027777777777777776,
        "success_change_rate": 0.027777777777777776
      },
      "restore|add_delta|L21_layer_out": {
        "mean_patched_pmv": -2.078125,
        "mean_patched_rank": 1.0138888888888888,
        "mean_patched_target_proj": 31.48002416888873,
        "mean_pmv_effect": 6.356770833333333,
        "mean_rank_effect": 166.68055555555554,
        "mean_short_pmv": 4.278645833333333,
        "mean_short_rank": 167.69444444444446,
        "mean_short_target_proj": 24.17328431871202,
        "mean_target_delta": 7.284605006376903,
        "mean_target_delta_fraction": 0.8610325542716597,
        "mean_target_effect": 7.306739850176705,
        "mean_terse_pmv": -1.8862847222222223,
        "mean_terse_rank": 1.0,
        "mean_terse_target_proj": 31.457889325088924,
        "n": 72,
        "patched_best_other_route": {
          "prose": 72
        },
        "patched_top1_rate": 0.9861111111111112,
        "success_change_rate": 0.9861111111111112
      },
      "restore|add_delta|L21_mlp_out": {
        "mean_patched_pmv": 2.79296875,
        "mean_patched_rank": 82.83333333333333,
        "mean_patched_target_proj": 25.851207806004417,
        "mean_pmv_effect": 1.4856770833333333,
        "mean_rank_effect": 84.86111111111111,
        "mean_short_pmv": 4.278645833333333,
        "mean_short_rank": 167.69444444444446,
        "mean_short_target_proj": 24.17328431871202,
        "mean_target_delta": 7.284605006376903,
        "mean_target_delta_fraction": -0.060663407281026066,
        "mean_target_effect": 1.6779234872923956,
        "mean_terse_pmv": -1.8862847222222223,
        "mean_terse_rank": 1.0,
        "mean_terse_target_proj": 31.457889325088924,
        "n": 72,
        "patched_best_other_route": {
          "continuation": 2,
          "prose": 70
        },
        "patched_top1_rate": 0.1111111111111111,
        "success_change_rate": 0.1111111111111111
      },
      "restore|add_delta|L22_attn_out": {
        "mean_patched_pmv": 0.578125,
        "mean_patched_rank": 9.541666666666666,
        "mean_patched_target_proj": 26.09003063539664,
        "mean_pmv_effect": 3.7005208333333335,
        "mean_rank_effect": 158.15277777777777,
        "mean_short_pmv": 4.278645833333333,
        "mean_short_rank": 167.69444444444446,
        "mean_short_target_proj": 24.17328431871202,
        "mean_target_delta": 7.284605006376903,
        "mean_target_delta_fraction": 0.6104566750722673,
        "mean_target_effect": 1.916746316684617,
        "mean_terse_pmv": -1.8862847222222223,
        "mean_terse_rank": 1.0,
        "mean_terse_target_proj": 31.457889325088924,
        "n": 72,
        "patched_best_other_route": {
          "continuation": 1,
          "prose": 71
        },
        "patched_top1_rate": 0.3194444444444444,
        "success_change_rate": 0.3194444444444444
      },
      "restore|add_delta|L22_layer_out": {
        "mean_patched_pmv": -2.138888888888889,
        "mean_patched_rank": 1.0138888888888888,
        "mean_patched_target_proj": 31.98315885497464,
        "mean_pmv_effect": 6.417534722222222,
        "mean_rank_effect": 166.68055555555554,
        "mean_short_pmv": 4.278645833333333,
        "mean_short_rank": 167.69444444444446,
        "mean_short_target_proj": 24.17328431871202,
        "mean_target_delta": 7.284605006376903,
        "mean_target_delta_fraction": 0.9112624106214268,
        "mean_target_effect": 7.809874536262618,
        "mean_terse_pmv": -1.8862847222222223,
        "mean_terse_rank": 1.0,
        "mean_terse_target_proj": 31.457889325088924,
        "n": 72,
        "patched_best_other_route": {
          "prose": 72
        },
        "patched_top1_rate": 0.9861111111111112,
        "success_change_rate": 0.9861111111111112
      },
      "restore|add_delta|L22_mlp_out": {
        "mean_patched_pmv": 1.9969618055555556,
        "mean_patched_rank": 25.59722222222222,
        "mean_patched_target_proj": 27.477545479933422,
        "mean_pmv_effect": 2.2816840277777777,
        "mean_rank_effect": 142.09722222222223,
        "mean_short_pmv": 4.278645833333333,
        "mean_short_rank": 167.69444444444446,
        "mean_short_target_proj": 24.17328431871202,
        "mean_target_delta": 7.284605006376903,
        "mean_target_delta_fraction": 0.16205605597467776,
        "mean_target_effect": 3.3042611612213983,
        "mean_terse_pmv": -1.8862847222222223,
        "mean_terse_rank": 1.0,
        "mean_terse_target_proj": 31.457889325088924,
        "n": 72,
        "patched_best_other_route": {
          "continuation": 2,
          "prose": 70
        },
        "patched_top1_rate": 0.09722222222222222,
        "success_change_rate": 0.09722222222222222
      },
      "restore|add_delta|L23_attn_out": {
        "mean_patched_pmv": 3.0750868055555554,
        "mean_patched_rank": 44.333333333333336,
        "mean_patched_target_proj": 29.95922752883699,
        "mean_pmv_effect": 1.2035590277777777,
        "mean_rank_effect": 123.36111111111111,
        "mean_short_pmv": 4.278645833333333,
        "mean_short_rank": 167.69444444444446,
        "mean_short_target_proj": 24.17328431871202,
        "mean_target_delta": 7.284605006376903,
        "mean_target_delta_fraction": 0.8644606428139413,
        "mean_target_effect": 5.7859432101249695,
        "mean_terse_pmv": -1.8862847222222223,
        "mean_terse_rank": 1.0,
        "mean_terse_target_proj": 31.457889325088924,
        "n": 72,
        "patched_best_other_route": {
          "prose": 72
        },
        "patched_top1_rate": 0.06944444444444445,
        "success_change_rate": 0.06944444444444445
      },
      "restore|add_delta|L23_layer_out": {
        "mean_patched_pmv": -2.0859375,
        "mean_patched_rank": 1.0138888888888888,
        "mean_patched_target_proj": 32.36859224239985,
        "mean_pmv_effect": 6.364583333333333,
        "mean_rank_effect": 166.68055555555554,
        "mean_short_pmv": 4.278645833333333,
        "mean_short_rank": 167.69444444444446,
        "mean_short_target_proj": 24.17328431871202,
        "mean_target_delta": 7.284605006376903,
        "mean_target_delta_fraction": 0.9721410253058151,
        "mean_target_effect": 8.195307923687828,
        "mean_terse_pmv": -1.8862847222222223,
        "mean_terse_rank": 1.0,
        "mean_terse_target_proj": 31.457889325088924,
        "n": 72,
        "patched_best_other_route": {
          "prose": 72
        },
        "patched_top1_rate": 0.9861111111111112,
        "success_change_rate": 0.9861111111111112
      },
      "restore|add_delta|L23_mlp_out": {
        "mean_patched_pmv": 4.959201388888889,
        "mean_patched_rank": 243.38888888888889,
        "mean_patched_target_proj": 23.636900782585144,
        "mean_pmv_effect": -0.6805555555555556,
        "mean_rank_effect": -75.69444444444444,
        "mean_short_pmv": 4.278645833333333,
        "mean_short_rank": 167.69444444444446,
        "mean_short_target_proj": 24.17328431871202,
        "mean_target_delta": 7.284605006376903,
        "mean_target_delta_fraction": -0.08477006344079151,
        "mean_target_effect": -0.5363835361268785,
        "mean_terse_pmv": -1.8862847222222223,
        "mean_terse_rank": 1.0,
        "mean_terse_target_proj": 31.457889325088924,
        "n": 72,
        "patched_best_other_route": {
          "continuation": 6,
          "prose": 66
        },
        "patched_top1_rate": 0.013888888888888888,
        "success_change_rate": 0.013888888888888888
      },
      "restore|add_delta|L24_attn_out": {
        "mean_patched_pmv": 4.078125,
        "mean_patched_rank": 90.63888888888889,
        "mean_patched_target_proj": 24.64182100858953,
        "mean_pmv_effect": 0.20052083333333334,
        "mean_rank_effect": 77.05555555555556,
        "mean_short_pmv": 4.278645833333333,
        "mean_short_rank": 167.69444444444446,
        "mean_short_target_proj": 24.17328431871202,
        "mean_target_delta": 7.284605006376903,
        "mean_target_delta_fraction": 0.062321959083260534,
        "mean_target_effect": 0.46853668987751007,
        "mean_terse_pmv": -1.8862847222222223,
        "mean_terse_rank": 1.0,
        "mean_terse_target_proj": 31.457889325088924,
        "n": 72,
        "patched_best_other_route": {
          "prose": 72
        },
        "patched_top1_rate": 0.0,
        "success_change_rate": 0.0
      },
      "restore|add_delta|L24_layer_out": {
        "mean_patched_pmv": -2.056423611111111,
        "mean_patched_rank": 1.0,
        "mean_patched_target_proj": 32.278675112459396,
        "mean_pmv_effect": 6.335069444444445,
        "mean_rank_effect": 166.69444444444446,
        "mean_short_pmv": 4.278645833333333,
        "mean_short_rank": 167.69444444444446,
        "mean_short_target_proj": 24.17328431871202,
        "mean_target_delta": 7.284605006376903,
        "mean_target_delta_fraction": 0.9360384398742867,
        "mean_target_effect": 8.105390793747372,
        "mean_terse_pmv": -1.8862847222222223,
        "mean_terse_rank": 1.0,
        "mean_terse_target_proj": 31.457889325088924,
        "n": 72,
        "patched_best_other_route": {
          "prose": 72
        },
        "patched_top1_rate": 1.0,
        "success_change_rate": 1.0
      },
      "restore|add_delta|L24_mlp_out": {
        "mean_patched_pmv": 3.4908854166666665,
        "mean_patched_rank": 65.625,
        "mean_patched_target_proj": 25.841420652137863,
        "mean_pmv_effect": 0.7877604166666666,
        "mean_rank_effect": 102.06944444444444,
        "mean_short_pmv": 4.278645833333333,
        "mean_short_rank": 167.69444444444446,
        "mean_short_target_proj": 24.17328431871202,
        "mean_target_delta": 7.284605006376903,
        "mean_target_delta_fraction": 0.17154068071994172,
        "mean_target_effect": 1.6681363334258397,
        "mean_terse_pmv": -1.8862847222222223,
        "mean_terse_rank": 1.0,
        "mean_terse_target_proj": 31.457889325088924,
        "n": 72,
        "patched_best_other_route": {
          "continuation": 1,
          "prose": 71
        },
        "patched_top1_rate": 0.05555555555555555,
        "success_change_rate": 0.05555555555555555
      },
      "restore|add_delta|L25_attn_out": {
        "mean_patched_pmv": 5.719184027777778,
        "mean_patched_rank": 317.5416666666667,
        "mean_patched_target_proj": 23.562072176072334,
        "mean_pmv_effect": -1.4405381944444444,
        "mean_rank_effect": -149.84722222222223,
        "mean_short_pmv": 4.278645833333333,
        "mean_short_rank": 167.69444444444446,
        "mean_short_target_proj": 24.17328431871202,
        "mean_target_delta": 7.284605006376903,
        "mean_target_delta_fraction": -0.19199798056070655,
        "mean_target_effect": -0.6112121426396899,
        "mean_terse_pmv": -1.8862847222222223,
        "mean_terse_rank": 1.0,
        "mean_terse_target_proj": 31.457889325088924,
        "n": 72,
        "patched_best_other_route": {
          "prose": 72
        },
        "patched_top1_rate": 0.0,
        "success_change_rate": 0.0
      },
      "restore|add_delta|L25_layer_out": {
        "mean_patched_pmv": -2.0303819444444446,
        "mean_patched_rank": 1.0,
        "mean_patched_target_proj": 31.458457854059006,
        "mean_pmv_effect": 6.309027777777778,
        "mean_rank_effect": 166.69444444444446,
        "mean_short_pmv": 4.278645833333333,
        "mean_short_rank": 167.69444444444446,
        "mean_short_target_proj": 24.17328431871202,
        "mean_target_delta": 7.284605006376903,
        "mean_target_delta_fraction": 0.9995252771398047,
        "mean_target_effect": 7.285173535346985,
        "mean_terse_pmv": -1.8862847222222223,
        "mean_terse_rank": 1.0,
        "mean_terse_target_proj": 31.457889325088924,
        "n": 72,
        "patched_best_other_route": {
          "prose": 72
        },
        "patched_top1_rate": 1.0,
        "success_change_rate": 1.0
      },
      "restore|add_delta|L25_mlp_out": {
        "mean_patched_pmv": 3.232638888888889,
        "mean_patched_rank": 78.38888888888889,
        "mean_patched_target_proj": 23.936895295977592,
        "mean_pmv_effect": 1.0460069444444444,
        "mean_rank_effect": 89.30555555555556,
        "mean_short_pmv": 4.278645833333333,
        "mean_short_rank": 167.69444444444446,
        "mean_short_target_proj": 24.17328431871202,
        "mean_target_delta": 7.284605006376903,
        "mean_target_delta_fraction": 0.12999229312359062,
        "mean_target_effect": -0.2363890227344301,
        "mean_terse_pmv": -1.8862847222222223,
        "mean_terse_rank": 1.0,
        "mean_terse_target_proj": 31.457889325088924,
        "n": 72,
        "patched_best_other_route": {
          "prose": 72
        },
        "patched_top1_rate": 0.027777777777777776,
        "success_change_rate": 0.027777777777777776
      },
      "restore|random_same_norm|L18_attn_out": {
        "mean_patched_pmv": 4.5234375,
        "mean_patched_rank": 173.91666666666666,
        "mean_patched_target_proj": 24.22372187508477,
        "mean_pmv_effect": -0.24479166666666666,
        "mean_rank_effect": -6.222222222222222,
        "mean_short_pmv": 4.278645833333333,
        "mean_short_rank": 167.69444444444446,
        "mean_short_target_proj": 24.17328431871202,
        "mean_target_delta": 7.284605006376903,
        "mean_target_delta_fraction": -0.13217120965043602,
        "mean_target_effect": 0.05043755637274848,
        "mean_terse_pmv": -1.8862847222222223,
        "mean_terse_rank": 1.0,
        "mean_terse_target_proj": 31.457889325088924,
        "n": 72,
        "patched_best_other_route": {
          "continuation": 2,
          "prose": 70
        },
        "patched_top1_rate": 0.013888888888888888,
        "success_change_rate": 0.013888888888888888
      },
      "restore|random_same_norm|L18_layer_out": {
        "mean_patched_pmv": 5.082465277777778,
        "mean_patched_rank": 321.59722222222223,
        "mean_patched_target_proj": 23.647800621059204,
        "mean_pmv_effect": -0.8038194444444444,
        "mean_rank_effect": -153.90277777777777,
        "mean_short_pmv": 4.278645833333333,
        "mean_short_rank": 167.69444444444446,
        "mean_short_target_proj": 24.17328431871202,
        "mean_target_delta": 7.284605006376903,
        "mean_target_delta_fraction": -0.10521633715363304,
        "mean_target_effect": -0.5254836976528168,
        "mean_terse_pmv": -1.8862847222222223,
        "mean_terse_rank": 1.0,
        "mean_terse_target_proj": 31.457889325088924,
        "n": 72,
        "patched_best_other_route": {
          "continuation": 12,
          "prose": 60
        },
        "patched_top1_rate": 0.06944444444444445,
        "success_change_rate": 0.06944444444444445
      },
      "restore|random_same_norm|L18_mlp_out": {
        "mean_patched_pmv": 4.628038194444445,
        "mean_patched_rank": 196.84722222222223,
        "mean_patched_target_proj": 24.063546978765064,
        "mean_pmv_effect": -0.3493923611111111,
        "mean_rank_effect": -29.15277777777778,
        "mean_short_pmv": 4.278645833333333,
        "mean_short_rank": 167.69444444444446,
        "mean_short_target_proj": 24.17328431871202,
        "mean_target_delta": 7.284605006376903,
        "mean_target_delta_fraction": 0.008549248470949393,
        "mean_target_effect": -0.10973733994695875,
        "mean_terse_pmv": -1.8862847222222223,
        "mean_terse_rank": 1.0,
        "mean_terse_target_proj": 31.457889325088924,
        "n": 72,
        "patched_best_other_route": {
          "continuation": 5,
          "prose": 67
        },
        "patched_top1_rate": 0.013888888888888888,
        "success_change_rate": 0.013888888888888888
      },
      "restore|random_same_norm|L19_attn_out": {
        "mean_patched_pmv": 4.290581597222222,
        "mean_patched_rank": 193.95833333333334,
        "mean_patched_target_proj": 24.20097711020046,
        "mean_pmv_effect": -0.011935763888888888,
        "mean_rank_effect": -26.26388888888889,
        "mean_short_pmv": 4.278645833333333,
        "mean_short_rank": 167.69444444444446,
        "mean_short_target_proj": 24.17328431871202,
        "mean_target_delta": 7.284605006376903,
        "mean_target_delta_fraction": -0.05139224164908844,
        "mean_target_effect": 0.027692791488435533,
        "mean_terse_pmv": -1.8862847222222223,
        "mean_terse_rank": 1.0,
        "mean_terse_target_proj": 31.457889325088924,
        "n": 72,
        "patched_best_other_route": {
          "continuation": 3,
          "prose": 69
        },
        "patched_top1_rate": 0.041666666666666664,
        "success_change_rate": 0.041666666666666664
      },
      "restore|random_same_norm|L19_layer_out": {
        "mean_patched_pmv": 5.305772569444445,
        "mean_patched_rank": 403.2638888888889,
        "mean_patched_target_proj": 22.06488553682963,
        "mean_pmv_effect": -1.0271267361111112,
        "mean_rank_effect": -235.56944444444446,
        "mean_short_pmv": 4.278645833333333,
        "mean_short_rank": 167.69444444444446,
        "mean_short_target_proj": 24.17328431871202,
        "mean_target_delta": 7.284605006376903,
        "mean_target_delta_fraction": -0.2604019332372699,
        "mean_target_effect": -2.108398781882392,
        "mean_terse_pmv": -1.8862847222222223,
        "mean_terse_rank": 1.0,
        "mean_terse_target_proj": 31.457889325088924,
        "n": 72,
        "patched_best_other_route": {
          "continuation": 8,
          "prose": 64
        },
        "patched_top1_rate": 0.027777777777777776,
        "success_change_rate": 0.027777777777777776
      },
      "restore|random_same_norm|L19_mlp_out": {
        "mean_patched_pmv": 4.657335069444445,
        "mean_patched_rank": 246.11111111111111,
        "mean_patched_target_proj": 23.534929777185123,
        "mean_pmv_effect": -0.3786892361111111,
        "mean_rank_effect": -78.41666666666667,
        "mean_short_pmv": 4.278645833333333,
        "mean_short_rank": 167.69444444444446,
        "mean_short_target_proj": 24.17328431871202,
        "mean_target_delta": 7.284605006376903,
        "mean_target_delta_fraction": -0.19719969552489075,
        "mean_target_effect": -0.6383545415269004,
        "mean_terse_pmv": -1.8862847222222223,
        "mean_terse_rank": 1.0,
        "mean_terse_target_proj": 31.457889325088924,
        "n": 72,
        "patched_best_other_route": {
          "continuation": 2,
          "prose": 70
        },
        "patched_top1_rate": 0.041666666666666664,
        "success_change_rate": 0.041666666666666664
      },
      "restore|random_same_norm|L20_attn_out": {
        "mean_patched_pmv": 4.375434027777778,
        "mean_patched_rank": 160.22222222222223,
        "mean_patched_target_proj": 24.292300946182674,
        "mean_pmv_effect": -0.09678819444444445,
        "mean_rank_effect": 7.472222222222222,
        "mean_short_pmv": 4.278645833333333,
        "mean_short_rank": 167.69444444444446,
        "mean_short_target_proj": 24.17328431871202,
        "mean_target_delta": 7.284605006376903,
        "mean_target_delta_fraction": 0.2501069355178436,
        "mean_target_effect": 0.11901662747065227,
        "mean_terse_pmv": -1.8862847222222223,
        "mean_terse_rank": 1.0,
        "mean_terse_target_proj": 31.457889325088924,
        "n": 72,
        "patched_best_other_route": {
          "continuation": 2,
          "prose": 70
        },
        "patched_top1_rate": 0.0,
        "success_change_rate": 0.0
      },
      "restore|random_same_norm|L20_layer_out": {
        "mean_patched_pmv": 5.254340277777778,
        "mean_patched_rank": 296.18055555555554,
        "mean_patched_target_proj": 22.513699611028034,
        "mean_pmv_effect": -0.9756944444444444,
        "mean_rank_effect": -128.48611111111111,
        "mean_short_pmv": 4.278645833333333,
        "mean_short_rank": 167.69444444444446,
        "mean_short_target_proj": 24.17328431871202,
        "mean_target_delta": 7.284605006376903,
        "mean_target_delta_fraction": 0.21573265401941158,
        "mean_target_effect": -1.6595847076839871,
        "mean_terse_pmv": -1.8862847222222223,
        "mean_terse_rank": 1.0,
        "mean_terse_target_proj": 31.457889325088924,
        "n": 72,
        "patched_best_other_route": {
          "continuation": 9,
          "prose": 63
        },
        "patched_top1_rate": 0.027777777777777776,
        "success_change_rate": 0.027777777777777776
      },
      "restore|random_same_norm|L20_mlp_out": {
        "mean_patched_pmv": 4.522135416666667,
        "mean_patched_rank": 180.98611111111111,
        "mean_patched_target_proj": 23.916543492012554,
        "mean_pmv_effect": -0.24348958333333334,
        "mean_rank_effect": -13.291666666666666,
        "mean_short_pmv": 4.278645833333333,
        "mean_short_rank": 167.69444444444446,
        "mean_short_target_proj": 24.17328431871202,
        "mean_target_delta": 7.284605006376903,
        "mean_target_delta_fraction": 0.23563702423919755,
        "mean_target_effect": -0.25674082669946885,
        "mean_terse_pmv": -1.8862847222222223,
        "mean_terse_rank": 1.0,
        "mean_terse_target_proj": 31.457889325088924,
        "n": 72,
        "patched_best_other_route": {
          "continuation": 3,
          "prose": 69
        },
        "patched_top1_rate": 0.027777777777777776,
        "success_change_rate": 0.027777777777777776
      },
      "restore|random_same_norm|L21_attn_out": {
        "mean_patched_pmv": 4.467447916666667,
        "mean_patched_rank": 180.76388888888889,
        "mean_patched_target_proj": 24.161017701029778,
        "mean_pmv_effect": -0.18880208333333334,
        "mean_rank_effect": -13.069444444444445,
        "mean_short_pmv": 4.278645833333333,
        "mean_short_rank": 167.69444444444446,
        "mean_short_target_proj": 24.17328431871202,
        "mean_target_delta": 7.284605006376903,
        "mean_target_delta_fraction": 0.10516565507215016,
        "mean_target_effect": -0.012266617682245042,
        "mean_terse_pmv": -1.8862847222222223,
        "mean_terse_rank": 1.0,
        "mean_terse_target_proj": 31.457889325088924,
        "n": 72,
        "patched_best_other_route": {
          "continuation": 2,
          "prose": 70
        },
        "patched_top1_rate": 0.013888888888888888,
        "success_change_rate": 0.013888888888888888
      },
      "restore|random_same_norm|L21_layer_out": {
        "mean_patched_pmv": 4.882595486111111,
        "mean_patched_rank": 356.1388888888889,
        "mean_patched_target_proj": 23.681627290116417,
        "mean_pmv_effect": -0.6039496527777778,
        "mean_rank_effect": -188.44444444444446,
        "mean_short_pmv": 4.278645833333333,
        "mean_short_rank": 167.69444444444446,
        "mean_short_target_proj": 24.17328431871202,
        "mean_target_delta": 7.284605006376903,
        "mean_target_delta_fraction": 0.3117151616257472,
        "mean_target_effect": -0.4916570285956065,
        "mean_terse_pmv": -1.8862847222222223,
        "mean_terse_rank": 1.0,
        "mean_terse_target_proj": 31.457889325088924,
        "n": 72,
        "patched_best_other_route": {
          "continuation": 9,
          "prose": 63
        },
        "patched_top1_rate": 0.06944444444444445,
        "success_change_rate": 0.06944444444444445
      },
      "restore|random_same_norm|L21_mlp_out": {
        "mean_patched_pmv": 4.399088541666667,
        "mean_patched_rank": 191.29166666666666,
        "mean_patched_target_proj": 24.282065836919678,
        "mean_pmv_effect": -0.12044270833333333,
        "mean_rank_effect": -23.59722222222222,
        "mean_short_pmv": 4.278645833333333,
        "mean_short_rank": 167.69444444444446,
        "mean_short_target_proj": 24.17328431871202,
        "mean_target_delta": 7.284605006376903,
        "mean_target_delta_fraction": 0.13287252949280506,
        "mean_target_effect": 0.10878151820765601,
        "mean_terse_pmv": -1.8862847222222223,
        "mean_terse_rank": 1.0,
        "mean_terse_target_proj": 31.457889325088924,
        "n": 72,
        "patched_best_other_route": {
          "continuation": 1,
          "prose": 71
        },
        "patched_top1_rate": 0.027777777777777776,
        "success_change_rate": 0.027777777777777776
      },
      "restore|random_same_norm|L22_attn_out": {
        "mean_patched_pmv": 4.425130208333333,
        "mean_patched_rank": 187.73611111111111,
        "mean_patched_target_proj": 23.46099995242225,
        "mean_pmv_effect": -0.146484375,
        "mean_rank_effect": -20.041666666666668,
        "mean_short_pmv": 4.278645833333333,
        "mean_short_rank": 167.69444444444446,
        "mean_short_target_proj": 24.17328431871202,
        "mean_target_delta": 7.284605006376903,
        "mean_target_delta_fraction": -0.05866059399343848,
        "mean_target_effect": -0.7122843662897745,
        "mean_terse_pmv": -1.8862847222222223,
        "mean_terse_rank": 1.0,
        "mean_terse_target_proj": 31.457889325088924,
        "n": 72,
        "patched_best_other_route": {
          "continuation": 1,
          "prose": 71
        },
        "patched_top1_rate": 0.0,
        "success_change_rate": 0.0
      },
      "restore|random_same_norm|L22_layer_out": {
        "mean_patched_pmv": 4.884331597222222,
        "mean_patched_rank": 284.69444444444446,
        "mean_patched_target_proj": 22.006628971960808,
        "mean_pmv_effect": -0.6056857638888888,
        "mean_rank_effect": -117.0,
        "mean_short_pmv": 4.278645833333333,
        "mean_short_rank": 167.69444444444446,
        "mean_short_target_proj": 24.17328431871202,
        "mean_target_delta": 7.284605006376903,
        "mean_target_delta_fraction": 0.41088594765978914,
        "mean_target_effect": -2.166655346751213,
        "mean_terse_pmv": -1.8862847222222223,
        "mean_terse_rank": 1.0,
        "mean_terse_target_proj": 31.457889325088924,
        "n": 72,
        "patched_best_other_route": {
          "continuation": 8,
          "prose": 64
        },
        "patched_top1_rate": 0.027777777777777776,
        "success_change_rate": 0.027777777777777776
      },
      "restore|random_same_norm|L22_mlp_out": {
        "mean_patched_pmv": 4.501085069444445,
        "mean_patched_rank": 188.09722222222223,
        "mean_patched_target_proj": 23.33168513741758,
        "mean_pmv_effect": -0.2224392361111111,
        "mean_rank_effect": -20.40277777777778,
        "mean_short_pmv": 4.278645833333333,
        "mean_short_rank": 167.69444444444446,
        "mean_short_target_proj": 24.17328431871202,
        "mean_target_delta": 7.284605006376903,
        "mean_target_delta_fraction": 0.17202950486929178,
        "mean_target_effect": -0.8415991812944412,
        "mean_terse_pmv": -1.8862847222222223,
        "mean_terse_rank": 1.0,
        "mean_terse_target_proj": 31.457889325088924,
        "n": 72,
        "patched_best_other_route": {
          "continuation": 3,
          "prose": 69
        },
        "patched_top1_rate": 0.013888888888888888,
        "success_change_rate": 0.013888888888888888
      },
      "restore|random_same_norm|L23_attn_out": {
        "mean_patched_pmv": 4.416666666666667,
        "mean_patched_rank": 194.08333333333334,
        "mean_patched_target_proj": 23.995383128523827,
        "mean_pmv_effect": -0.13802083333333334,
        "mean_rank_effect": -26.38888888888889,
        "mean_short_pmv": 4.278645833333333,
        "mean_short_rank": 167.69444444444446,
        "mean_short_target_proj": 24.17328431871202,
        "mean_target_delta": 7.284605006376903,
        "mean_target_delta_fraction": -0.081585550751736,
        "mean_target_effect": -0.17790119018819597,
        "mean_terse_pmv": -1.8862847222222223,
        "mean_terse_rank": 1.0,
        "mean_terse_target_proj": 31.457889325088924,
        "n": 72,
        "patched_best_other_route": {
          "continuation": 2,
          "prose": 70
        },
        "patched_top1_rate": 0.0,
        "success_change_rate": 0.0
      },
      "restore|random_same_norm|L23_layer_out": {
        "mean_patched_pmv": 4.761284722222222,
        "mean_patched_rank": 394.19444444444446,
        "mean_patched_target_proj": 24.00354716181755,
        "mean_pmv_effect": -0.4826388888888889,
        "mean_rank_effect": -226.5,
        "mean_short_pmv": 4.278645833333333,
        "mean_short_rank": 167.69444444444446,
        "mean_short_target_proj": 24.17328431871202,
        "mean_target_delta": 7.284605006376903,
        "mean_target_delta_fraction": 0.34994439747940004,
        "mean_target_effect": -0.1697371568944719,
        "mean_terse_pmv": -1.8862847222222223,
        "mean_terse_rank": 1.0,
        "mean_terse_target_proj": 31.457889325088924,
        "n": 72,
        "patched_best_other_route": {
          "continuation": 11,
          "prose": 61
        },
        "patched_top1_rate": 0.0,
        "success_change_rate": 0.0
      },
      "restore|random_same_norm|L23_mlp_out": {
        "mean_patched_pmv": 4.422092013888889,
        "mean_patched_rank": 217.72222222222223,
        "mean_patched_target_proj": 24.19662849770652,
        "mean_pmv_effect": -0.14344618055555555,
        "mean_rank_effect": -50.02777777777778,
        "mean_short_pmv": 4.278645833333333,
        "mean_short_rank": 167.69444444444446,
        "mean_short_target_proj": 24.17328431871202,
        "mean_target_delta": 7.284605006376903,
        "mean_target_delta_fraction": 0.15442802558188914,
        "mean_target_effect": 0.023344178994496662,
        "mean_terse_pmv": -1.8862847222222223,
        "mean_terse_rank": 1.0,
        "mean_terse_target_proj": 31.457889325088924,
        "n": 72,
        "patched_best_other_route": {
          "continuation": 5,
          "prose": 67
        },
        "patched_top1_rate": 0.013888888888888888,
        "success_change_rate": 0.013888888888888888
      },
      "restore|random_same_norm|L24_attn_out": {
        "mean_patched_pmv": 4.212239583333333,
        "mean_patched_rank": 155.13888888888889,
        "mean_patched_target_proj": 24.224056972397698,
        "mean_pmv_effect": 0.06640625,
        "mean_rank_effect": 12.555555555555555,
        "mean_short_pmv": 4.278645833333333,
        "mean_short_rank": 167.69444444444446,
        "mean_short_target_proj": 24.17328431871202,
        "mean_target_delta": 7.284605006376903,
        "mean_target_delta_fraction": 0.02403410339196917,
        "mean_target_effect": 0.050772653685675725,
        "mean_terse_pmv": -1.8862847222222223,
        "mean_terse_rank": 1.0,
        "mean_terse_target_proj": 31.457889325088924,
        "n": 72,
        "patched_best_other_route": {
          "continuation": 2,
          "prose": 70
        },
        "patched_top1_rate": 0.027777777777777776,
        "success_change_rate": 0.027777777777777776
      },
      "restore|random_same_norm|L24_layer_out": {
        "mean_patched_pmv": 4.421223958333333,
        "mean_patched_rank": 198.95833333333334,
        "mean_patched_target_proj": 23.736325836843914,
        "mean_pmv_effect": -0.142578125,
        "mean_rank_effect": -31.26388888888889,
        "mean_short_pmv": 4.278645833333333,
        "mean_short_rank": 167.69444444444446,
        "mean_short_target_proj": 24.17328431871202,
        "mean_target_delta": 7.284605006376903,
        "mean_target_delta_fraction": -0.6174352873577943,
        "mean_target_effect": -0.4369584818681081,
        "mean_terse_pmv": -1.8862847222222223,
        "mean_terse_rank": 1.0,
        "mean_terse_target_proj": 31.457889325088924,
        "n": 72,
        "patched_best_other_route": {
          "continuation": 14,
          "prose": 58
        },
        "patched_top1_rate": 0.027777777777777776,
        "success_change_rate": 0.027777777777777776
      },
      "restore|random_same_norm|L24_mlp_out": {
        "mean_patched_pmv": 4.201388888888889,
        "mean_patched_rank": 155.18055555555554,
        "mean_patched_target_proj": 24.162059893210728,
        "mean_pmv_effect": 0.07725694444444445,
        "mean_rank_effect": 12.51388888888889,
        "mean_short_pmv": 4.278645833333333,
        "mean_short_rank": 167.69444444444446,
        "mean_short_target_proj": 24.17328431871202,
        "mean_target_delta": 7.284605006376903,
        "mean_target_delta_fraction": -0.28667650954970203,
        "mean_target_effect": -0.011224425501293607,
        "mean_terse_pmv": -1.8862847222222223,
        "mean_terse_rank": 1.0,
        "mean_terse_target_proj": 31.457889325088924,
        "n": 72,
        "patched_best_other_route": {
          "continuation": 3,
          "prose": 69
        },
        "patched_top1_rate": 0.041666666666666664,
        "success_change_rate": 0.041666666666666664
      },
      "restore|random_same_norm|L25_attn_out": {
        "mean_patched_pmv": 4.3125,
        "mean_patched_rank": 157.625,
        "mean_patched_target_proj": 23.90886500808928,
        "mean_pmv_effect": -0.033854166666666664,
        "mean_rank_effect": 10.069444444444445,
        "mean_short_pmv": 4.278645833333333,
        "mean_short_rank": 167.69444444444446,
        "mean_short_target_proj": 24.17328431871202,
        "mean_target_delta": 7.284605006376903,
        "mean_target_delta_fraction": 0.07984607321481867,
        "mean_target_effect": -0.2644193106227451,
        "mean_terse_pmv": -1.8862847222222223,
        "mean_terse_rank": 1.0,
        "mean_terse_target_proj": 31.457889325088924,
        "n": 72,
        "patched_best_other_route": {
          "prose": 72
        },
        "patched_top1_rate": 0.027777777777777776,
        "success_change_rate": 0.027777777777777776
      },
      "restore|random_same_norm|L25_layer_out": {
        "mean_patched_pmv": 5.004774305555555,
        "mean_patched_rank": 217.65277777777777,
        "mean_patched_target_proj": 23.96884917550617,
        "mean_pmv_effect": -0.7261284722222222,
        "mean_rank_effect": -49.958333333333336,
        "mean_short_pmv": 4.278645833333333,
        "mean_short_rank": 167.69444444444446,
        "mean_short_target_proj": 24.17328431871202,
        "mean_target_delta": 7.284605006376903,
        "mean_target_delta_fraction": 0.11647460527240353,
        "mean_target_effect": -0.20443514320585462,
        "mean_terse_pmv": -1.8862847222222223,
        "mean_terse_rank": 1.0,
        "mean_terse_target_proj": 31.457889325088924,
        "n": 72,
        "patched_best_other_route": {
          "continuation": 6,
          "prose": 66
        },
        "patched_top1_rate": 0.013888888888888888,
        "success_change_rate": 0.013888888888888888
      },
      "restore|random_same_norm|L25_mlp_out": {
        "mean_patched_pmv": 4.480685763888889,
        "mean_patched_rank": 154.56944444444446,
        "mean_patched_target_proj": 24.071732961469227,
        "mean_pmv_effect": -0.20203993055555555,
        "mean_rank_effect": 13.125,
        "mean_short_pmv": 4.278645833333333,
        "mean_short_rank": 167.69444444444446,
        "mean_short_target_proj": 24.17328431871202,
        "mean_target_delta": 7.284605006376903,
        "mean_target_delta_fraction": 0.05131069387245547,
        "mean_target_effect": -0.10155135724279615,
        "mean_terse_pmv": -1.8862847222222223,
        "mean_terse_rank": 1.0,
        "mean_terse_target_proj": 31.457889325088924,
        "n": 72,
        "patched_best_other_route": {
          "prose": 72
        },
        "patched_top1_rate": 0.013888888888888888,
        "success_change_rate": 0.013888888888888888
      }
    },
    "largest_target_effect_conditions": [
      {
        "condition": "degradation|replace_short|L20_layer_out",
        "mean_patched_pmv": 3.8953993055555554,
        "mean_patched_rank": 100.02777777777777,
        "mean_patched_target_proj": 23.070387889941532,
        "mean_pmv_effect": 5.781684027777778,
        "mean_rank_effect": 99.02777777777777,
        "mean_short_pmv": 4.278645833333333,
        "mean_short_rank": 167.69444444444446,
        "mean_short_target_proj": 24.17328431871202,
        "mean_target_delta": 7.284605006376903,
        "mean_target_delta_fraction": 1.0832059118912727,
        "mean_target_effect": 8.387501435147392,
        "mean_terse_pmv": -1.8862847222222223,
        "mean_terse_rank": 1.0,
        "mean_terse_target_proj": 31.457889325088924,
        "n": 72,
        "patched_best_other_route": {
          "prose": 72
        },
        "patched_top1_rate": 0.013888888888888888,
        "success_change_rate": 0.9861111111111112
      },
      {
        "condition": "degradation|replace_short|L24_layer_out",
        "mean_patched_pmv": 4.312934027777778,
        "mean_patched_rank": 146.55555555555554,
        "mean_patched_target_proj": 23.206949038638008,
        "mean_pmv_effect": 6.19921875,
        "mean_rank_effect": 145.55555555555554,
        "mean_short_pmv": 4.278645833333333,
        "mean_short_rank": 167.69444444444446,
        "mean_short_target_proj": 24.17328431871202,
        "mean_target_delta": 7.284605006376903,
        "mean_target_delta_fraction": 0.9723886161269102,
        "mean_target_effect": 8.250940286450916,
        "mean_terse_pmv": -1.8862847222222223,
        "mean_terse_rank": 1.0,
        "mean_terse_target_proj": 31.457889325088924,
        "n": 72,
        "patched_best_other_route": {
          "prose": 72
        },
        "patched_top1_rate": 0.013888888888888888,
        "success_change_rate": 0.9861111111111112
      },
      {
        "condition": "degradation|replace_short|L23_layer_out",
        "mean_patched_pmv": 4.358072916666667,
        "mean_patched_rank": 145.41666666666666,
        "mean_patched_target_proj": 23.255421217944885,
        "mean_pmv_effect": 6.244357638888889,
        "mean_rank_effect": 144.41666666666666,
        "mean_short_pmv": 4.278645833333333,
        "mean_short_rank": 167.69444444444446,
        "mean_short_target_proj": 24.17328431871202,
        "mean_target_delta": 7.284605006376903,
        "mean_target_delta_fraction": 0.9675375450678713,
        "mean_target_effect": 8.202468107144037,
        "mean_terse_pmv": -1.8862847222222223,
        "mean_terse_rank": 1.0,
        "mean_terse_target_proj": 31.457889325088924,
        "n": 72,
        "patched_best_other_route": {
          "prose": 72
        },
        "patched_top1_rate": 0.0,
        "success_change_rate": 1.0
      },
      {
        "condition": "restore|add_delta|L23_layer_out",
        "mean_patched_pmv": -2.0859375,
        "mean_patched_rank": 1.0138888888888888,
        "mean_patched_target_proj": 32.36859224239985,
        "mean_pmv_effect": 6.364583333333333,
        "mean_rank_effect": 166.68055555555554,
        "mean_short_pmv": 4.278645833333333,
        "mean_short_rank": 167.69444444444446,
        "mean_short_target_proj": 24.17328431871202,
        "mean_target_delta": 7.284605006376903,
        "mean_target_delta_fraction": 0.9721410253058151,
        "mean_target_effect": 8.195307923687828,
        "mean_terse_pmv": -1.8862847222222223,
        "mean_terse_rank": 1.0,
        "mean_terse_target_proj": 31.457889325088924,
        "n": 72,
        "patched_best_other_route": {
          "prose": 72
        },
        "patched_top1_rate": 0.9861111111111112,
        "success_change_rate": 0.9861111111111112
      },
      {
        "condition": "degradation|replace_short|L19_layer_out",
        "mean_patched_pmv": 2.9913194444444446,
        "mean_patched_rank": 54.958333333333336,
        "mean_patched_target_proj": 23.331009056833054,
        "mean_pmv_effect": 4.877604166666667,
        "mean_rank_effect": 53.958333333333336,
        "mean_short_pmv": 4.278645833333333,
        "mean_short_rank": 167.69444444444446,
        "mean_short_target_proj": 24.17328431871202,
        "mean_target_delta": 7.284605006376903,
        "mean_target_delta_fraction": 1.1783326284266062,
        "mean_target_effect": 8.126880268255869,
        "mean_terse_pmv": -1.8862847222222223,
        "mean_terse_rank": 1.0,
        "mean_terse_target_proj": 31.457889325088924,
        "n": 72,
        "patched_best_other_route": {
          "prose": 72
        },
        "patched_top1_rate": 0.06944444444444445,
        "success_change_rate": 0.9305555555555556
      },
      {
        "condition": "restore|add_delta|L24_layer_out",
        "mean_patched_pmv": -2.056423611111111,
        "mean_patched_rank": 1.0,
        "mean_patched_target_proj": 32.278675112459396,
        "mean_pmv_effect": 6.335069444444445,
        "mean_rank_effect": 166.69444444444446,
        "mean_short_pmv": 4.278645833333333,
        "mean_short_rank": 167.69444444444446,
        "mean_short_target_proj": 24.17328431871202,
        "mean_target_delta": 7.284605006376903,
        "mean_target_delta_fraction": 0.9360384398742867,
        "mean_target_effect": 8.105390793747372,
        "mean_terse_pmv": -1.8862847222222223,
        "mean_terse_rank": 1.0,
        "mean_terse_target_proj": 31.457889325088924,
        "n": 72,
        "patched_best_other_route": {
          "prose": 72
        },
        "patched_top1_rate": 1.0,
        "success_change_rate": 1.0
      },
      {
        "condition": "restore|add_delta|L22_layer_out",
        "mean_patched_pmv": -2.138888888888889,
        "mean_patched_rank": 1.0138888888888888,
        "mean_patched_target_proj": 31.98315885497464,
        "mean_pmv_effect": 6.417534722222222,
        "mean_rank_effect": 166.68055555555554,
        "mean_short_pmv": 4.278645833333333,
        "mean_short_rank": 167.69444444444446,
        "mean_short_target_proj": 24.17328431871202,
        "mean_target_delta": 7.284605006376903,
        "mean_target_delta_fraction": 0.9112624106214268,
        "mean_target_effect": 7.809874536262618,
        "mean_terse_pmv": -1.8862847222222223,
        "mean_terse_rank": 1.0,
        "mean_terse_target_proj": 31.457889325088924,
        "n": 72,
        "patched_best_other_route": {
          "prose": 72
        },
        "patched_top1_rate": 0.9861111111111112,
        "success_change_rate": 0.9861111111111112
      },
      {
        "condition": "restore|add_delta|L20_layer_out",
        "mean_patched_pmv": -2.0243055555555554,
        "mean_patched_rank": 1.0555555555555556,
        "mean_patched_target_proj": 31.558278375201755,
        "mean_pmv_effect": 6.302951388888889,
        "mean_rank_effect": 166.63888888888889,
        "mean_short_pmv": 4.278645833333333,
        "mean_short_rank": 167.69444444444446,
        "mean_short_target_proj": 24.17328431871202,
        "mean_target_delta": 7.284605006376903,
        "mean_target_delta_fraction": 1.0110196165107692,
        "mean_target_effect": 7.384994056489733,
        "mean_terse_pmv": -1.8862847222222223,
        "mean_terse_rank": 1.0,
        "mean_terse_target_proj": 31.457889325088924,
        "n": 72,
        "patched_best_other_route": {
          "prose": 72
        },
        "patched_top1_rate": 0.9722222222222222,
        "success_change_rate": 0.9722222222222222
      },
      {
        "condition": "restore|add_delta|L21_layer_out",
        "mean_patched_pmv": -2.078125,
        "mean_patched_rank": 1.0138888888888888,
        "mean_patched_target_proj": 31.48002416888873,
        "mean_pmv_effect": 6.356770833333333,
        "mean_rank_effect": 166.68055555555554,
        "mean_short_pmv": 4.278645833333333,
        "mean_short_rank": 167.69444444444446,
        "mean_short_target_proj": 24.17328431871202,
        "mean_target_delta": 7.284605006376903,
        "mean_target_delta_fraction": 0.8610325542716597,
        "mean_target_effect": 7.306739850176705,
        "mean_terse_pmv": -1.8862847222222223,
        "mean_terse_rank": 1.0,
        "mean_terse_target_proj": 31.457889325088924,
        "n": 72,
        "patched_best_other_route": {
          "prose": 72
        },
        "patched_top1_rate": 0.9861111111111112,
        "success_change_rate": 0.9861111111111112
      },
      {
        "condition": "restore|add_delta|L25_layer_out",
        "mean_patched_pmv": -2.0303819444444446,
        "mean_patched_rank": 1.0,
        "mean_patched_target_proj": 31.458457854059006,
        "mean_pmv_effect": 6.309027777777778,
        "mean_rank_effect": 166.69444444444446,
        "mean_short_pmv": 4.278645833333333,
        "mean_short_rank": 167.69444444444446,
        "mean_short_target_proj": 24.17328431871202,
        "mean_target_delta": 7.284605006376903,
        "mean_target_delta_fraction": 0.9995252771398047,
        "mean_target_effect": 7.285173535346985,
        "mean_terse_pmv": -1.8862847222222223,
        "mean_terse_rank": 1.0,
        "mean_terse_target_proj": 31.457889325088924,
        "n": 72,
        "patched_best_other_route": {
          "prose": 72
        },
        "patched_top1_rate": 1.0,
        "success_change_rate": 1.0
      },
      {
        "condition": "degradation|replace_short|L25_layer_out",
        "mean_patched_pmv": 4.346788194444445,
        "mean_patched_rank": 168.11111111111111,
        "mean_patched_target_proj": 24.17328431871202,
        "mean_pmv_effect": 6.233072916666667,
        "mean_rank_effect": 167.11111111111111,
        "mean_short_pmv": 4.278645833333333,
        "mean_short_rank": 167.69444444444446,
        "mean_short_target_proj": 24.17328431871202,
        "mean_target_delta": 7.284605006376903,
        "mean_target_delta_fraction": 1.0,
        "mean_target_effect": 7.284605006376903,
        "mean_terse_pmv": -1.8862847222222223,
        "mean_terse_rank": 1.0,
        "mean_terse_target_proj": 31.457889325088924,
        "n": 72,
        "patched_best_other_route": {
          "prose": 72
        },
        "patched_top1_rate": 0.041666666666666664,
        "success_change_rate": 0.9583333333333334
      },
      {
        "condition": "degradation|replace_short|L22_layer_out",
        "mean_patched_pmv": 4.111545138888889,
        "mean_patched_rank": 114.01388888888889,
        "mean_patched_target_proj": 24.3191645708349,
        "mean_pmv_effect": 5.997829861111111,
        "mean_rank_effect": 113.01388888888889,
        "mean_short_pmv": 4.278645833333333,
        "mean_short_rank": 167.69444444444446,
        "mean_short_target_proj": 24.17328431871202,
        "mean_target_delta": 7.284605006376903,
        "mean_target_delta_fraction": 0.8771774002211002,
        "mean_target_effect": 7.1387247542540235,
        "mean_terse_pmv": -1.8862847222222223,
        "mean_terse_rank": 1.0,
        "mean_terse_target_proj": 31.457889325088924,
        "n": 72,
        "patched_best_other_route": {
          "prose": 72
        },
        "patched_top1_rate": 0.027777777777777776,
        "success_change_rate": 0.9722222222222222
      },
      {
        "condition": "degradation|replace_short|L19_mlp_out",
        "mean_patched_pmv": -0.3810763888888889,
        "mean_patched_rank": 2.4444444444444446,
        "mean_patched_target_proj": 24.409267514944077,
        "mean_pmv_effect": 1.5052083333333333,
        "mean_rank_effect": 1.4444444444444444,
        "mean_short_pmv": 4.278645833333333,
        "mean_short_rank": 167.69444444444446,
        "mean_short_target_proj": 24.17328431871202,
        "mean_target_delta": 7.284605006376903,
        "mean_target_delta_fraction": 0.6638080476434811,
        "mean_target_effect": 7.048621810144848,
        "mean_terse_pmv": -1.8862847222222223,
        "mean_terse_rank": 1.0,
        "mean_terse_target_proj": 31.457889325088924,
        "n": 72,
        "patched_best_other_route": {
          "prose": 72
        },
        "patched_top1_rate": 0.5972222222222222,
        "success_change_rate": 0.4027777777777778
      },
      {
        "condition": "restore|add_delta|L19_layer_out",
        "mean_patched_pmv": -1.7230902777777777,
        "mean_patched_rank": 1.3055555555555556,
        "mean_patched_target_proj": 31.065315584341686,
        "mean_pmv_effect": 6.001736111111111,
        "mean_rank_effect": 166.38888888888889,
        "mean_short_pmv": 4.278645833333333,
        "mean_short_rank": 167.69444444444446,
        "mean_short_target_proj": 24.17328431871202,
        "mean_target_delta": 7.284605006376903,
        "mean_target_delta_fraction": 0.9270359572103539,
        "mean_target_effect": 6.8920312656296625,
        "mean_terse_pmv": -1.8862847222222223,
        "mean_terse_rank": 1.0,
        "mean_terse_target_proj": 31.457889325088924,
        "n": 72,
        "patched_best_other_route": {
          "prose": 72
        },
        "patched_top1_rate": 0.8888888888888888,
        "success_change_rate": 0.8888888888888888
      },
      {
        "condition": "degradation|replace_short|L21_layer_out",
        "mean_patched_pmv": 3.9027777777777777,
        "mean_patched_rank": 106.06944444444444,
        "mean_patched_target_proj": 24.58544646203518,
        "mean_pmv_effect": 5.7890625,
        "mean_rank_effect": 105.06944444444444,
        "mean_short_pmv": 4.278645833333333,
        "mean_short_rank": 167.69444444444446,
        "mean_short_target_proj": 24.17328431871202,
        "mean_target_delta": 7.284605006376903,
        "mean_target_delta_fraction": 0.8695038200311014,
        "mean_target_effect": 6.872442863053745,
        "mean_terse_pmv": -1.8862847222222223,
        "mean_terse_rank": 1.0,
        "mean_terse_target_proj": 31.457889325088924,
        "n": 72,
        "patched_best_other_route": {
          "prose": 72
        },
        "patched_top1_rate": 0.027777777777777776,
        "success_change_rate": 0.9722222222222222
      },
      {
        "condition": "restore|add_delta|L18_layer_out",
        "mean_patched_pmv": -1.3480902777777777,
        "mean_patched_rank": 1.5972222222222223,
        "mean_patched_target_proj": 30.85541574822532,
        "mean_pmv_effect": 5.626736111111111,
        "mean_rank_effect": 166.09722222222223,
        "mean_short_pmv": 4.278645833333333,
        "mean_short_rank": 167.69444444444446,
        "mean_short_target_proj": 24.17328431871202,
        "mean_target_delta": 7.284605006376903,
        "mean_target_delta_fraction": 0.8644649138358357,
        "mean_target_effect": 6.682131429513295,
        "mean_terse_pmv": -1.8862847222222223,
        "mean_terse_rank": 1.0,
        "mean_terse_target_proj": 31.457889325088924,
        "n": 72,
        "patched_best_other_route": {
          "prose": 72
        },
        "patched_top1_rate": 0.7916666666666666,
        "success_change_rate": 0.7916666666666666
      },
      {
        "condition": "degradation|replace_short|L18_layer_out",
        "mean_patched_pmv": 2.1510416666666665,
        "mean_patched_rank": 34.138888888888886,
        "mean_patched_target_proj": 24.921854557262527,
        "mean_pmv_effect": 4.037326388888889,
        "mean_rank_effect": 33.138888888888886,
        "mean_short_pmv": 4.278645833333333,
        "mean_short_rank": 167.69444444444446,
        "mean_short_target_proj": 24.17328431871202,
        "mean_target_delta": 7.284605006376903,
        "mean_target_delta_fraction": 0.870584959478432,
        "mean_target_effect": 6.536034767826398,
        "mean_terse_pmv": -1.8862847222222223,
        "mean_terse_rank": 1.0,
        "mean_terse_target_proj": 31.457889325088924,
        "n": 72,
        "patched_best_other_route": {
          "prose": 72
        },
        "patched_top1_rate": 0.16666666666666666,
        "success_change_rate": 0.8333333333333334
      },
      {
        "condition": "restore|add_delta|L19_mlp_out",
        "mean_patched_pmv": 2.0355902777777777,
        "mean_patched_rank": 48.19444444444444,
        "mean_patched_target_proj": 30.157313909795548,
        "mean_pmv_effect": 2.2430555555555554,
        "mean_rank_effect": 119.5,
        "mean_short_pmv": 4.278645833333333,
        "mean_short_rank": 167.69444444444446,
        "mean_short_target_proj": 24.17328431871202,
        "mean_target_delta": 7.284605006376903,
        "mean_target_delta_fraction": 0.8339266245086603,
        "mean_target_effect": 5.984029591083527,
        "mean_terse_pmv": -1.8862847222222223,
        "mean_terse_rank": 1.0,
        "mean_terse_target_proj": 31.457889325088924,
        "n": 72,
        "patched_best_other_route": {
          "continuation": 15,
          "prose": 57
        },
        "patched_top1_rate": 0.125,
        "success_change_rate": 0.125
      },
      {
        "condition": "restore|add_delta|L23_attn_out",
        "mean_patched_pmv": 3.0750868055555554,
        "mean_patched_rank": 44.333333333333336,
        "mean_patched_target_proj": 29.95922752883699,
        "mean_pmv_effect": 1.2035590277777777,
        "mean_rank_effect": 123.36111111111111,
        "mean_short_pmv": 4.278645833333333,
        "mean_short_rank": 167.69444444444446,
        "mean_short_target_proj": 24.17328431871202,
        "mean_target_delta": 7.284605006376903,
        "mean_target_delta_fraction": 0.8644606428139413,
        "mean_target_effect": 5.7859432101249695,
        "mean_terse_pmv": -1.8862847222222223,
        "mean_terse_rank": 1.0,
        "mean_terse_target_proj": 31.457889325088924,
        "n": 72,
        "patched_best_other_route": {
          "prose": 72
        },
        "patched_top1_rate": 0.06944444444444445,
        "success_change_rate": 0.06944444444444445
      },
      {
        "condition": "degradation|random_same_norm|L20_layer_out",
        "mean_patched_pmv": -1.0295138888888888,
        "mean_patched_rank": 2.486111111111111,
        "mean_patched_target_proj": 26.39721541437838,
        "mean_pmv_effect": 0.8567708333333334,
        "mean_rank_effect": 1.4861111111111112,
        "mean_short_pmv": 4.278645833333333,
        "mean_short_rank": 167.69444444444446,
        "mean_short_target_proj": 24.17328431871202,
        "mean_target_delta": 7.284605006376903,
        "mean_target_delta_fraction": -0.0871627980821162,
        "mean_target_effect": 5.0606739107105465,
        "mean_terse_pmv": -1.8862847222222223,
        "mean_terse_rank": 1.0,
        "mean_terse_target_proj": 31.457889325088924,
        "n": 72,
        "patched_best_other_route": {
          "continuation": 3,
          "json": 1,
          "prose": 68
        },
        "patched_top1_rate": 0.6944444444444444,
        "success_change_rate": 0.3055555555555556
      },
      {
        "condition": "degradation|replace_short|L18_mlp_out",
        "mean_patched_pmv": -0.9522569444444444,
        "mean_patched_rank": 2.1944444444444446,
        "mean_patched_target_proj": 27.163184887833065,
        "mean_pmv_effect": 0.9340277777777778,
        "mean_rank_effect": 1.1944444444444444,
        "mean_short_pmv": 4.278645833333333,
        "mean_short_rank": 167.69444444444446,
        "mean_short_target_proj": 24.17328431871202,
        "mean_target_delta": 7.284605006376903,
        "mean_target_delta_fraction": 0.13903203882724136,
        "mean_target_effect": 4.294704437255859,
        "mean_terse_pmv": -1.8862847222222223,
        "mean_terse_rank": 1.0,
        "mean_terse_target_proj": 31.457889325088924,
        "n": 72,
        "patched_best_other_route": {
          "prose": 72
        },
        "patched_top1_rate": 0.6527777777777778,
        "success_change_rate": 0.3472222222222222
      },
      {
        "condition": "degradation|random_same_norm|L18_layer_out",
        "mean_patched_pmv": -0.5412326388888888,
        "mean_patched_rank": 13.083333333333334,
        "mean_patched_target_proj": 27.290711449252235,
        "mean_pmv_effect": 1.3450520833333333,
        "mean_rank_effect": 12.083333333333334,
        "mean_short_pmv": 4.278645833333333,
        "mean_short_rank": 167.69444444444446,
        "mean_short_target_proj": 24.17328431871202,
        "mean_target_delta": 7.284605006376903,
        "mean_target_delta_fraction": 0.3045803998898707,
        "mean_target_effect": 4.16717787583669,
        "mean_terse_pmv": -1.8862847222222223,
        "mean_terse_rank": 1.0,
        "mean_terse_target_proj": 31.457889325088924,
        "n": 72,
        "patched_best_other_route": {
          "prose": 72
        },
        "patched_top1_rate": 0.5972222222222222,
        "success_change_rate": 0.4027777777777778
      },
      {
        "condition": "degradation|replace_short|L23_attn_out",
        "mean_patched_pmv": -1.546875,
        "mean_patched_rank": 1.2083333333333333,
        "mean_patched_target_proj": 27.33919812573327,
        "mean_pmv_effect": 0.3394097222222222,
        "mean_rank_effect": 0.20833333333333334,
        "mean_short_pmv": 4.278645833333333,
        "mean_short_rank": 167.69444444444446,
        "mean_short_target_proj": 24.17328431871202,
        "mean_target_delta": 7.284605006376903,
        "mean_target_delta_fraction": 0.6949166769255306,
        "mean_target_effect": 4.118691199355656,
        "mean_terse_pmv": -1.8862847222222223,
        "mean_terse_rank": 1.0,
        "mean_terse_target_proj": 31.457889325088924,
        "n": 72,
        "patched_best_other_route": {
          "prose": 72
        },
        "patched_top1_rate": 0.8611111111111112,
        "success_change_rate": 0.1388888888888889
      },
      {
        "condition": "degradation|replace_short|L22_mlp_out",
        "mean_patched_pmv": -1.0815972222222223,
        "mean_patched_rank": 1.5416666666666667,
        "mean_patched_target_proj": 27.42861054672135,
        "mean_pmv_effect": 0.8046875,
        "mean_rank_effect": 0.5416666666666666,
        "mean_short_pmv": 4.278645833333333,
        "mean_short_rank": 167.69444444444446,
        "mean_short_target_proj": 24.17328431871202,
        "mean_target_delta": 7.284605006376903,
        "mean_target_delta_fraction": 0.12030263885510724,
        "mean_target_effect": 4.029278778367573,
        "mean_terse_pmv": -1.8862847222222223,
        "mean_terse_rank": 1.0,
        "mean_terse_target_proj": 31.457889325088924,
        "n": 72,
        "patched_best_other_route": {
          "prose": 72
        },
        "patched_top1_rate": 0.7916666666666666,
        "success_change_rate": 0.20833333333333334
      }
    ],
    "model": "deepseek7b",
    "n_paired_cases": 72
  },
  "target_layer": 26,
  "timestamp": "2026-06-26 14:06:14",
  "title": "Pre-L26 Source Path Localization"
}
