`torch_dtype` is deprecated! Use `dtype` instead!
Loading weights:   0%|          | 0/398 [00:00<?, ?it/s]Loading weights:   6%|▌         | 24/398 [00:00<00:01, 238.77it/s]Loading weights:  21%|██        | 84/398 [00:00<00:00, 421.16it/s]Loading weights:  39%|███▊      | 154/398 [00:00<00:00, 534.70it/s]Loading weights:  54%|█████▍    | 214/398 [00:00<00:00, 547.56it/s]Loading weights:  73%|███████▎  | 290/398 [00:00<00:00, 614.85it/s]Loading weights:  89%|████████▊ | 353/398 [00:00<00:00, 593.64it/s]Loading weights: 100%|██████████| 398/398 [00:00<00:00, 571.97it/s]
[16:54:06] Loaded qwen3: class=Qwen3ForCausalLM, GPU=8.05GB, attn=eager
[16:54:10] qwen3: cached/scored 1/1 paired cases
[16:54:11] qwen3: causal head patched 1/1 paired cases
[16:54:11] qwen3: source attention mapped 1/1 paired cases
[model_utils] GPU memory released, allocated=8.05 GB
{
  "model": "qwen3",
  "n_paired_cases": 1,
  "phase": 698,
  "summary": {
    "best_degradation_conditions": [
      {
        "condition": "degradation|global_top32",
        "mean_final_proj_effect": 5.427436828613281,
        "mean_patched_rank": 1.0,
        "mean_pmv_effect": 2.0,
        "mean_rank_effect": 0.0,
        "mean_short_rank": 2.0,
        "mean_terse_rank": 1.0,
        "n": 1,
        "patched_best_other_route": {
          "continuation": 1
        },
        "patched_top1_rate": 1.0,
        "success_change_rate": 0.0
      },
      {
        "condition": "degradation|window_all_heads",
        "mean_final_proj_effect": 4.6352691650390625,
        "mean_patched_rank": 1.0,
        "mean_pmv_effect": 1.375,
        "mean_rank_effect": 0.0,
        "mean_short_rank": 2.0,
        "mean_terse_rank": 1.0,
        "n": 1,
        "patched_best_other_route": {
          "continuation": 1
        },
        "patched_top1_rate": 1.0,
        "success_change_rate": 0.0
      },
      {
        "condition": "degradation|global_top16",
        "mean_final_proj_effect": 4.082284927368164,
        "mean_patched_rank": 1.0,
        "mean_pmv_effect": 1.875,
        "mean_rank_effect": 0.0,
        "mean_short_rank": 2.0,
        "mean_terse_rank": 1.0,
        "n": 1,
        "patched_best_other_route": {
          "continuation": 1
        },
        "patched_top1_rate": 1.0,
        "success_change_rate": 0.0
      },
      {
        "condition": "degradation|global_top8",
        "mean_final_proj_effect": 3.7535934448242188,
        "mean_patched_rank": 1.0,
        "mean_pmv_effect": 1.0,
        "mean_rank_effect": 0.0,
        "mean_short_rank": 2.0,
        "mean_terse_rank": 1.0,
        "n": 1,
        "patched_best_other_route": {
          "continuation": 1
        },
        "patched_top1_rate": 1.0,
        "success_change_rate": 0.0
      },
      {
        "condition": "degradation|early_top16",
        "mean_final_proj_effect": 3.1477890014648438,
        "mean_patched_rank": 1.0,
        "mean_pmv_effect": 0.75,
        "mean_rank_effect": 0.0,
        "mean_short_rank": 2.0,
        "mean_terse_rank": 1.0,
        "n": 1,
        "patched_best_other_route": {
          "continuation": 1
        },
        "patched_top1_rate": 1.0,
        "success_change_rate": 0.0
      },
      {
        "condition": "degradation|L31_top4",
        "mean_final_proj_effect": 3.0945987701416016,
        "mean_patched_rank": 1.0,
        "mean_pmv_effect": 0.5,
        "mean_rank_effect": 0.0,
        "mean_short_rank": 2.0,
        "mean_terse_rank": 1.0,
        "n": 1,
        "patched_best_other_route": {
          "continuation": 1
        },
        "patched_top1_rate": 1.0,
        "success_change_rate": 0.0
      },
      {
        "condition": "degradation|late_top16",
        "mean_final_proj_effect": 2.845569610595703,
        "mean_patched_rank": 1.0,
        "mean_pmv_effect": 1.375,
        "mean_rank_effect": 0.0,
        "mean_short_rank": 2.0,
        "mean_terse_rank": 1.0,
        "n": 1,
        "patched_best_other_route": {
          "continuation": 1
        },
        "patched_top1_rate": 1.0,
        "success_change_rate": 0.0
      },
      {
        "condition": "degradation|L30_top4",
        "mean_final_proj_effect": 2.2748327255249023,
        "mean_patched_rank": 1.0,
        "mean_pmv_effect": 0.375,
        "mean_rank_effect": 0.0,
        "mean_short_rank": 2.0,
        "mean_terse_rank": 1.0,
        "n": 1,
        "patched_best_other_route": {
          "continuation": 1
        },
        "patched_top1_rate": 1.0,
        "success_change_rate": 0.0
      },
      {
        "condition": "degradation|L31_top1",
        "mean_final_proj_effect": 1.7017335891723633,
        "mean_patched_rank": 1.0,
        "mean_pmv_effect": 0.75,
        "mean_rank_effect": 0.0,
        "mean_short_rank": 2.0,
        "mean_terse_rank": 1.0,
        "n": 1,
        "patched_best_other_route": {
          "continuation": 1
        },
        "patched_top1_rate": 1.0,
        "success_change_rate": 0.0
      },
      {
        "condition": "degradation|global_random_window",
        "mean_final_proj_effect": 1.3906583786010742,
        "mean_patched_rank": 1.0,
        "mean_pmv_effect": -0.25,
        "mean_rank_effect": 0.0,
        "mean_short_rank": 2.0,
        "mean_terse_rank": 1.0,
        "n": 1,
        "patched_best_other_route": {
          "continuation": 1
        },
        "patched_top1_rate": 1.0,
        "success_change_rate": 0.0
      },
      {
        "condition": "degradation|L33_top4",
        "mean_final_proj_effect": 1.193995475769043,
        "mean_patched_rank": 1.0,
        "mean_pmv_effect": 0.0,
        "mean_rank_effect": 0.0,
        "mean_short_rank": 2.0,
        "mean_terse_rank": 1.0,
        "n": 1,
        "patched_best_other_route": {
          "continuation": 1
        },
        "patched_top1_rate": 1.0,
        "success_change_rate": 0.0
      },
      {
        "condition": "degradation|L33_top1",
        "mean_final_proj_effect": 1.0510244369506836,
        "mean_patched_rank": 1.0,
        "mean_pmv_effect": 0.0,
        "mean_rank_effect": 0.0,
        "mean_short_rank": 2.0,
        "mean_terse_rank": 1.0,
        "n": 1,
        "patched_best_other_route": {
          "continuation": 1
        },
        "patched_top1_rate": 1.0,
        "success_change_rate": 0.0
      },
      {
        "condition": "degradation|L35_top4",
        "mean_final_proj_effect": 0.6154937744140625,
        "mean_patched_rank": 1.0,
        "mean_pmv_effect": 1.125,
        "mean_rank_effect": 0.0,
        "mean_short_rank": 2.0,
        "mean_terse_rank": 1.0,
        "n": 1,
        "patched_best_other_route": {
          "continuation": 1
        },
        "patched_top1_rate": 1.0,
        "success_change_rate": 0.0
      },
      {
        "condition": "degradation|L34_top4",
        "mean_final_proj_effect": 0.6060886383056641,
        "mean_patched_rank": 1.0,
        "mean_pmv_effect": 0.25,
        "mean_rank_effect": 0.0,
        "mean_short_rank": 2.0,
        "mean_terse_rank": 1.0,
        "n": 1,
        "patched_best_other_route": {
          "continuation": 1
        },
        "patched_top1_rate": 1.0,
        "success_change_rate": 0.0
      },
      {
        "condition": "degradation|L30_top1",
        "mean_final_proj_effect": 0.5588130950927734,
        "mean_patched_rank": 1.0,
        "mean_pmv_effect": 0.25,
        "mean_rank_effect": 0.0,
        "mean_short_rank": 2.0,
        "mean_terse_rank": 1.0,
        "n": 1,
        "patched_best_other_route": {
          "continuation": 1
        },
        "patched_top1_rate": 1.0,
        "success_change_rate": 0.0
      },
      {
        "condition": "degradation|L34_top1",
        "mean_final_proj_effect": 0.4610595703125,
        "mean_patched_rank": 1.0,
        "mean_pmv_effect": 0.25,
        "mean_rank_effect": 0.0,
        "mean_short_rank": 2.0,
        "mean_terse_rank": 1.0,
        "n": 1,
        "patched_best_other_route": {
          "continuation": 1
        },
        "patched_top1_rate": 1.0,
        "success_change_rate": 0.0
      },
      {
        "condition": "degradation|L35_top1",
        "mean_final_proj_effect": 0.44167518615722656,
        "mean_patched_rank": 1.0,
        "mean_pmv_effect": 0.25,
        "mean_rank_effect": 0.0,
        "mean_short_rank": 2.0,
        "mean_terse_rank": 1.0,
        "n": 1,
        "patched_best_other_route": {
          "continuation": 1
        },
        "patched_top1_rate": 1.0,
        "success_change_rate": 0.0
      },
      {
        "condition": "degradation|L32_top1",
        "mean_final_proj_effect": -0.7207088470458984,
        "mean_patched_rank": 1.0,
        "mean_pmv_effect": -0.25,
        "mean_rank_effect": 0.0,
        "mean_short_rank": 2.0,
        "mean_terse_rank": 1.0,
        "n": 1,
        "patched_best_other_route": {
          "continuation": 1
        },
        "patched_top1_rate": 1.0,
        "success_change_rate": 0.0
      },
      {
        "condition": "degradation|L32_top4",
        "mean_final_proj_effect": -0.7322530746459961,
        "mean_patched_rank": 1.0,
        "mean_pmv_effect": -0.25,
        "mean_rank_effect": 0.0,
        "mean_short_rank": 2.0,
        "mean_terse_rank": 1.0,
        "n": 1,
        "patched_best_other_route": {
          "continuation": 1
        },
        "patched_top1_rate": 1.0,
        "success_change_rate": 0.0
      }
    ],
    "best_restore_conditions": [
      {
        "condition": "restore|global_top32",
        "mean_final_proj_effect": 5.427948951721191,
        "mean_patched_rank": 1.0,
        "mean_pmv_effect": 1.75,
        "mean_rank_effect": 1.0,
        "mean_short_rank": 2.0,
        "mean_terse_rank": 1.0,
        "n": 1,
        "patched_best_other_route": {
          "continuation": 1
        },
        "patched_top1_rate": 1.0,
        "success_change_rate": 1.0
      },
      {
        "condition": "restore|window_all_heads",
        "mean_final_proj_effect": 4.157834053039551,
        "mean_patched_rank": 1.0,
        "mean_pmv_effect": 1.0,
        "mean_rank_effect": 1.0,
        "mean_short_rank": 2.0,
        "mean_terse_rank": 1.0,
        "n": 1,
        "patched_best_other_route": {
          "prose": 1
        },
        "patched_top1_rate": 1.0,
        "success_change_rate": 1.0
      },
      {
        "condition": "restore|global_top16",
        "mean_final_proj_effect": 3.701533317565918,
        "mean_patched_rank": 1.0,
        "mean_pmv_effect": 1.5,
        "mean_rank_effect": 1.0,
        "mean_short_rank": 2.0,
        "mean_terse_rank": 1.0,
        "n": 1,
        "patched_best_other_route": {
          "continuation": 1
        },
        "patched_top1_rate": 1.0,
        "success_change_rate": 1.0
      },
      {
        "condition": "restore|global_top8",
        "mean_final_proj_effect": 3.21481990814209,
        "mean_patched_rank": 1.0,
        "mean_pmv_effect": 0.875,
        "mean_rank_effect": 1.0,
        "mean_short_rank": 2.0,
        "mean_terse_rank": 1.0,
        "n": 1,
        "patched_best_other_route": {
          "continuation": 1
        },
        "patched_top1_rate": 1.0,
        "success_change_rate": 1.0
      },
      {
        "condition": "restore|early_top16",
        "mean_final_proj_effect": 2.9348812103271484,
        "mean_patched_rank": 1.0,
        "mean_pmv_effect": 0.625,
        "mean_rank_effect": 1.0,
        "mean_short_rank": 2.0,
        "mean_terse_rank": 1.0,
        "n": 1,
        "patched_best_other_route": {
          "continuation": 1
        },
        "patched_top1_rate": 1.0,
        "success_change_rate": 1.0
      },
      {
        "condition": "restore|L31_top4",
        "mean_final_proj_effect": 2.712129592895508,
        "mean_patched_rank": 1.0,
        "mean_pmv_effect": 0.625,
        "mean_rank_effect": 1.0,
        "mean_short_rank": 2.0,
        "mean_terse_rank": 1.0,
        "n": 1,
        "patched_best_other_route": {
          "continuation": 1
        },
        "patched_top1_rate": 1.0,
        "success_change_rate": 1.0
      },
      {
        "condition": "restore|late_top16",
        "mean_final_proj_effect": 2.6320533752441406,
        "mean_patched_rank": 1.0,
        "mean_pmv_effect": 1.125,
        "mean_rank_effect": 1.0,
        "mean_short_rank": 2.0,
        "mean_terse_rank": 1.0,
        "n": 1,
        "patched_best_other_route": {
          "continuation": 1
        },
        "patched_top1_rate": 1.0,
        "success_change_rate": 1.0
      },
      {
        "condition": "restore|L30_top4",
        "mean_final_proj_effect": 1.647819995880127,
        "mean_patched_rank": 1.0,
        "mean_pmv_effect": 0.375,
        "mean_rank_effect": 1.0,
        "mean_short_rank": 2.0,
        "mean_terse_rank": 1.0,
        "n": 1,
        "patched_best_other_route": {
          "continuation": 1
        },
        "patched_top1_rate": 1.0,
        "success_change_rate": 1.0
      },
      {
        "condition": "restore|L31_top1",
        "mean_final_proj_effect": 1.4895873069763184,
        "mean_patched_rank": 1.0,
        "mean_pmv_effect": 0.5,
        "mean_rank_effect": 1.0,
        "mean_short_rank": 2.0,
        "mean_terse_rank": 1.0,
        "n": 1,
        "patched_best_other_route": {
          "continuation": 1
        },
        "patched_top1_rate": 1.0,
        "success_change_rate": 1.0
      },
      {
        "condition": "restore|L35_top4",
        "mean_final_proj_effect": 0.5899648666381836,
        "mean_patched_rank": 1.0,
        "mean_pmv_effect": 0.75,
        "mean_rank_effect": 1.0,
        "mean_short_rank": 2.0,
        "mean_terse_rank": 1.0,
        "n": 1,
        "patched_best_other_route": {
          "continuation": 1
        },
        "patched_top1_rate": 1.0,
        "success_change_rate": 1.0
      },
      {
        "condition": "restore|L35_top1",
        "mean_final_proj_effect": 0.5615854263305664,
        "mean_patched_rank": 1.0,
        "mean_pmv_effect": 0.25,
        "mean_rank_effect": 1.0,
        "mean_short_rank": 2.0,
        "mean_terse_rank": 1.0,
        "n": 1,
        "patched_best_other_route": {
          "continuation": 1
        },
        "patched_top1_rate": 1.0,
        "success_change_rate": 1.0
      },
      {
        "condition": "restore|L34_top1",
        "mean_final_proj_effect": 0.44123268127441406,
        "mean_patched_rank": 1.0,
        "mean_pmv_effect": 0.0,
        "mean_rank_effect": 1.0,
        "mean_short_rank": 2.0,
        "mean_terse_rank": 1.0,
        "n": 1,
        "patched_best_other_route": {
          "continuation": 1
        },
        "patched_top1_rate": 1.0,
        "success_change_rate": 1.0
      },
      {
        "condition": "restore|L34_top4",
        "mean_final_proj_effect": 0.36900997161865234,
        "mean_patched_rank": 1.0,
        "mean_pmv_effect": 0.125,
        "mean_rank_effect": 1.0,
        "mean_short_rank": 2.0,
        "mean_terse_rank": 1.0,
        "n": 1,
        "patched_best_other_route": {
          "continuation": 1
        },
        "patched_top1_rate": 1.0,
        "success_change_rate": 1.0
      },
      {
        "condition": "restore|L30_top1",
        "mean_final_proj_effect": 0.0885777473449707,
        "mean_patched_rank": 1.0,
        "mean_pmv_effect": 0.0,
        "mean_rank_effect": 1.0,
        "mean_short_rank": 2.0,
        "mean_terse_rank": 1.0,
        "n": 1,
        "patched_best_other_route": {
          "continuation": 1
        },
        "patched_top1_rate": 1.0,
        "success_change_rate": 1.0
      },
      {
        "condition": "restore|L33_top1",
        "mean_final_proj_effect": 1.0446491241455078,
        "mean_patched_rank": 2.0,
        "mean_pmv_effect": 0.0,
        "mean_rank_effect": 0.0,
        "mean_short_rank": 2.0,
        "mean_terse_rank": 1.0,
        "n": 1,
        "patched_best_other_route": {
          "continuation": 1
        },
        "patched_top1_rate": 0.0,
        "success_change_rate": 0.0
      },
      {
        "condition": "restore|L33_top4",
        "mean_final_proj_effect": 0.8804044723510742,
        "mean_patched_rank": 3.0,
        "mean_pmv_effect": -0.125,
        "mean_rank_effect": -1.0,
        "mean_short_rank": 2.0,
        "mean_terse_rank": 1.0,
        "n": 1,
        "patched_best_other_route": {
          "continuation": 1
        },
        "patched_top1_rate": 0.0,
        "success_change_rate": 0.0
      },
      {
        "condition": "restore|global_random_window",
        "mean_final_proj_effect": 0.6849865913391113,
        "mean_patched_rank": 3.0,
        "mean_pmv_effect": -0.5,
        "mean_rank_effect": -1.0,
        "mean_short_rank": 2.0,
        "mean_terse_rank": 1.0,
        "n": 1,
        "patched_best_other_route": {
          "continuation": 1
        },
        "patched_top1_rate": 0.0,
        "success_change_rate": 0.0
      },
      {
        "condition": "restore|L32_top1",
        "mean_final_proj_effect": -0.6516203880310059,
        "mean_patched_rank": 3.0,
        "mean_pmv_effect": -0.25,
        "mean_rank_effect": -1.0,
        "mean_short_rank": 2.0,
        "mean_terse_rank": 1.0,
        "n": 1,
        "patched_best_other_route": {
          "continuation": 1
        },
        "patched_top1_rate": 0.0,
        "success_change_rate": 0.0
      },
      {
        "condition": "restore|L32_top4",
        "mean_final_proj_effect": -1.0118932723999023,
        "mean_patched_rank": 2.0,
        "mean_pmv_effect": -0.375,
        "mean_rank_effect": 0.0,
        "mean_short_rank": 2.0,
        "mean_terse_rank": 1.0,
        "n": 1,
        "patched_best_other_route": {
          "continuation": 1
        },
        "patched_top1_rate": 0.0,
        "success_change_rate": 0.0
      }
    ],
    "by_condition": {
      "degradation|L30_top1": {
        "mean_final_proj_effect": 0.5588130950927734,
        "mean_patched_rank": 1.0,
        "mean_pmv_effect": 0.25,
        "mean_rank_effect": 0.0,
        "mean_short_rank": 2.0,
        "mean_terse_rank": 1.0,
        "n": 1,
        "patched_best_other_route": {
          "continuation": 1
        },
        "patched_top1_rate": 1.0,
        "success_change_rate": 0.0
      },
      "degradation|L30_top4": {
        "mean_final_proj_effect": 2.2748327255249023,
        "mean_patched_rank": 1.0,
        "mean_pmv_effect": 0.375,
        "mean_rank_effect": 0.0,
        "mean_short_rank": 2.0,
        "mean_terse_rank": 1.0,
        "n": 1,
        "patched_best_other_route": {
          "continuation": 1
        },
        "patched_top1_rate": 1.0,
        "success_change_rate": 0.0
      },
      "degradation|L31_top1": {
        "mean_final_proj_effect": 1.7017335891723633,
        "mean_patched_rank": 1.0,
        "mean_pmv_effect": 0.75,
        "mean_rank_effect": 0.0,
        "mean_short_rank": 2.0,
        "mean_terse_rank": 1.0,
        "n": 1,
        "patched_best_other_route": {
          "continuation": 1
        },
        "patched_top1_rate": 1.0,
        "success_change_rate": 0.0
      },
      "degradation|L31_top4": {
        "mean_final_proj_effect": 3.0945987701416016,
        "mean_patched_rank": 1.0,
        "mean_pmv_effect": 0.5,
        "mean_rank_effect": 0.0,
        "mean_short_rank": 2.0,
        "mean_terse_rank": 1.0,
        "n": 1,
        "patched_best_other_route": {
          "continuation": 1
        },
        "patched_top1_rate": 1.0,
        "success_change_rate": 0.0
      },
      "degradation|L32_top1": {
        "mean_final_proj_effect": -0.7207088470458984,
        "mean_patched_rank": 1.0,
        "mean_pmv_effect": -0.25,
        "mean_rank_effect": 0.0,
        "mean_short_rank": 2.0,
        "mean_terse_rank": 1.0,
        "n": 1,
        "patched_best_other_route": {
          "continuation": 1
        },
        "patched_top1_rate": 1.0,
        "success_change_rate": 0.0
      },
      "degradation|L32_top4": {
        "mean_final_proj_effect": -0.7322530746459961,
        "mean_patched_rank": 1.0,
        "mean_pmv_effect": -0.25,
        "mean_rank_effect": 0.0,
        "mean_short_rank": 2.0,
        "mean_terse_rank": 1.0,
        "n": 1,
        "patched_best_other_route": {
          "continuation": 1
        },
        "patched_top1_rate": 1.0,
        "success_change_rate": 0.0
      },
      "degradation|L33_top1": {
        "mean_final_proj_effect": 1.0510244369506836,
        "mean_patched_rank": 1.0,
        "mean_pmv_effect": 0.0,
        "mean_rank_effect": 0.0,
        "mean_short_rank": 2.0,
        "mean_terse_rank": 1.0,
        "n": 1,
        "patched_best_other_route": {
          "continuation": 1
        },
        "patched_top1_rate": 1.0,
        "success_change_rate": 0.0
      },
      "degradation|L33_top4": {
        "mean_final_proj_effect": 1.193995475769043,
        "mean_patched_rank": 1.0,
        "mean_pmv_effect": 0.0,
        "mean_rank_effect": 0.0,
        "mean_short_rank": 2.0,
        "mean_terse_rank": 1.0,
        "n": 1,
        "patched_best_other_route": {
          "continuation": 1
        },
        "patched_top1_rate": 1.0,
        "success_change_rate": 0.0
      },
      "degradation|L34_top1": {
        "mean_final_proj_effect": 0.4610595703125,
        "mean_patched_rank": 1.0,
        "mean_pmv_effect": 0.25,
        "mean_rank_effect": 0.0,
        "mean_short_rank": 2.0,
        "mean_terse_rank": 1.0,
        "n": 1,
        "patched_best_other_route": {
          "continuation": 1
        },
        "patched_top1_rate": 1.0,
        "success_change_rate": 0.0
      },
      "degradation|L34_top4": {
        "mean_final_proj_effect": 0.6060886383056641,
        "mean_patched_rank": 1.0,
        "mean_pmv_effect": 0.25,
        "mean_rank_effect": 0.0,
        "mean_short_rank": 2.0,
        "mean_terse_rank": 1.0,
        "n": 1,
        "patched_best_other_route": {
          "continuation": 1
        },
        "patched_top1_rate": 1.0,
        "success_change_rate": 0.0
      },
      "degradation|L35_top1": {
        "mean_final_proj_effect": 0.44167518615722656,
        "mean_patched_rank": 1.0,
        "mean_pmv_effect": 0.25,
        "mean_rank_effect": 0.0,
        "mean_short_rank": 2.0,
        "mean_terse_rank": 1.0,
        "n": 1,
        "patched_best_other_route": {
          "continuation": 1
        },
        "patched_top1_rate": 1.0,
        "success_change_rate": 0.0
      },
      "degradation|L35_top4": {
        "mean_final_proj_effect": 0.6154937744140625,
        "mean_patched_rank": 1.0,
        "mean_pmv_effect": 1.125,
        "mean_rank_effect": 0.0,
        "mean_short_rank": 2.0,
        "mean_terse_rank": 1.0,
        "n": 1,
        "patched_best_other_route": {
          "continuation": 1
        },
        "patched_top1_rate": 1.0,
        "success_change_rate": 0.0
      },
      "degradation|early_top16": {
        "mean_final_proj_effect": 3.1477890014648438,
        "mean_patched_rank": 1.0,
        "mean_pmv_effect": 0.75,
        "mean_rank_effect": 0.0,
        "mean_short_rank": 2.0,
        "mean_terse_rank": 1.0,
        "n": 1,
        "patched_best_other_route": {
          "continuation": 1
        },
        "patched_top1_rate": 1.0,
        "success_change_rate": 0.0
      },
      "degradation|global_random_window": {
        "mean_final_proj_effect": 1.3906583786010742,
        "mean_patched_rank": 1.0,
        "mean_pmv_effect": -0.25,
        "mean_rank_effect": 0.0,
        "mean_short_rank": 2.0,
        "mean_terse_rank": 1.0,
        "n": 1,
        "patched_best_other_route": {
          "continuation": 1
        },
        "patched_top1_rate": 1.0,
        "success_change_rate": 0.0
      },
      "degradation|global_top16": {
        "mean_final_proj_effect": 4.082284927368164,
        "mean_patched_rank": 1.0,
        "mean_pmv_effect": 1.875,
        "mean_rank_effect": 0.0,
        "mean_short_rank": 2.0,
        "mean_terse_rank": 1.0,
        "n": 1,
        "patched_best_other_route": {
          "continuation": 1
        },
        "patched_top1_rate": 1.0,
        "success_change_rate": 0.0
      },
      "degradation|global_top32": {
        "mean_final_proj_effect": 5.427436828613281,
        "mean_patched_rank": 1.0,
        "mean_pmv_effect": 2.0,
        "mean_rank_effect": 0.0,
        "mean_short_rank": 2.0,
        "mean_terse_rank": 1.0,
        "n": 1,
        "patched_best_other_route": {
          "continuation": 1
        },
        "patched_top1_rate": 1.0,
        "success_change_rate": 0.0
      },
      "degradation|global_top8": {
        "mean_final_proj_effect": 3.7535934448242188,
        "mean_patched_rank": 1.0,
        "mean_pmv_effect": 1.0,
        "mean_rank_effect": 0.0,
        "mean_short_rank": 2.0,
        "mean_terse_rank": 1.0,
        "n": 1,
        "patched_best_other_route": {
          "continuation": 1
        },
        "patched_top1_rate": 1.0,
        "success_change_rate": 0.0
      },
      "degradation|late_top16": {
        "mean_final_proj_effect": 2.845569610595703,
        "mean_patched_rank": 1.0,
        "mean_pmv_effect": 1.375,
        "mean_rank_effect": 0.0,
        "mean_short_rank": 2.0,
        "mean_terse_rank": 1.0,
        "n": 1,
        "patched_best_other_route": {
          "continuation": 1
        },
        "patched_top1_rate": 1.0,
        "success_change_rate": 0.0
      },
      "degradation|window_all_heads": {
        "mean_final_proj_effect": 4.6352691650390625,
        "mean_patched_rank": 1.0,
        "mean_pmv_effect": 1.375,
        "mean_rank_effect": 0.0,
        "mean_short_rank": 2.0,
        "mean_terse_rank": 1.0,
        "n": 1,
        "patched_best_other_route": {
          "continuation": 1
        },
        "patched_top1_rate": 1.0,
        "success_change_rate": 0.0
      },
      "restore|L30_top1": {
        "mean_final_proj_effect": 0.0885777473449707,
        "mean_patched_rank": 1.0,
        "mean_pmv_effect": 0.0,
        "mean_rank_effect": 1.0,
        "mean_short_rank": 2.0,
        "mean_terse_rank": 1.0,
        "n": 1,
        "patched_best_other_route": {
          "continuation": 1
        },
        "patched_top1_rate": 1.0,
        "success_change_rate": 1.0
      },
      "restore|L30_top4": {
        "mean_final_proj_effect": 1.647819995880127,
        "mean_patched_rank": 1.0,
        "mean_pmv_effect": 0.375,
        "mean_rank_effect": 1.0,
        "mean_short_rank": 2.0,
        "mean_terse_rank": 1.0,
        "n": 1,
        "patched_best_other_route": {
          "continuation": 1
        },
        "patched_top1_rate": 1.0,
        "success_change_rate": 1.0
      },
      "restore|L31_top1": {
        "mean_final_proj_effect": 1.4895873069763184,
        "mean_patched_rank": 1.0,
        "mean_pmv_effect": 0.5,
        "mean_rank_effect": 1.0,
        "mean_short_rank": 2.0,
        "mean_terse_rank": 1.0,
        "n": 1,
        "patched_best_other_route": {
          "continuation": 1
        },
        "patched_top1_rate": 1.0,
        "success_change_rate": 1.0
      },
      "restore|L31_top4": {
        "mean_final_proj_effect": 2.712129592895508,
        "mean_patched_rank": 1.0,
        "mean_pmv_effect": 0.625,
        "mean_rank_effect": 1.0,
        "mean_short_rank": 2.0,
        "mean_terse_rank": 1.0,
        "n": 1,
        "patched_best_other_route": {
          "continuation": 1
        },
        "patched_top1_rate": 1.0,
        "success_change_rate": 1.0
      },
      "restore|L32_top1": {
        "mean_final_proj_effect": -0.6516203880310059,
        "mean_patched_rank": 3.0,
        "mean_pmv_effect": -0.25,
        "mean_rank_effect": -1.0,
        "mean_short_rank": 2.0,
        "mean_terse_rank": 1.0,
        "n": 1,
        "patched_best_other_route": {
          "continuation": 1
        },
        "patched_top1_rate": 0.0,
        "success_change_rate": 0.0
      },
      "restore|L32_top4": {
        "mean_final_proj_effect": -1.0118932723999023,
        "mean_patched_rank": 2.0,
        "mean_pmv_effect": -0.375,
        "mean_rank_effect": 0.0,
        "mean_short_rank": 2.0,
        "mean_terse_rank": 1.0,
        "n": 1,
        "patched_best_other_route": {
          "continuation": 1
        },
        "patched_top1_rate": 0.0,
        "success_change_rate": 0.0
      },
      "restore|L33_top1": {
        "mean_final_proj_effect": 1.0446491241455078,
        "mean_patched_rank": 2.0,
        "mean_pmv_effect": 0.0,
        "mean_rank_effect": 0.0,
        "mean_short_rank": 2.0,
        "mean_terse_rank": 1.0,
        "n": 1,
        "patched_best_other_route": {
          "continuation": 1
        },
        "patched_top1_rate": 0.0,
        "success_change_rate": 0.0
      },
      "restore|L33_top4": {
        "mean_final_proj_effect": 0.8804044723510742,
        "mean_patched_rank": 3.0,
        "mean_pmv_effect": -0.125,
        "mean_rank_effect": -1.0,
        "mean_short_rank": 2.0,
        "mean_terse_rank": 1.0,
        "n": 1,
        "patched_best_other_route": {
          "continuation": 1
        },
        "patched_top1_rate": 0.0,
        "success_change_rate": 0.0
      },
      "restore|L34_top1": {
        "mean_final_proj_effect": 0.44123268127441406,
        "mean_patched_rank": 1.0,
        "mean_pmv_effect": 0.0,
        "mean_rank_effect": 1.0,
        "mean_short_rank": 2.0,
        "mean_terse_rank": 1.0,
        "n": 1,
        "patched_best_other_route": {
          "continuation": 1
        },
        "patched_top1_rate": 1.0,
        "success_change_rate": 1.0
      },
      "restore|L34_top4": {
        "mean_final_proj_effect": 0.36900997161865234,
        "mean_patched_rank": 1.0,
        "mean_pmv_effect": 0.125,
        "mean_rank_effect": 1.0,
        "mean_short_rank": 2.0,
        "mean_terse_rank": 1.0,
        "n": 1,
        "patched_best_other_route": {
          "continuation": 1
        },
        "patched_top1_rate": 1.0,
        "success_change_rate": 1.0
      },
      "restore|L35_top1": {
        "mean_final_proj_effect": 0.5615854263305664,
        "mean_patched_rank": 1.0,
        "mean_pmv_effect": 0.25,
        "mean_rank_effect": 1.0,
        "mean_short_rank": 2.0,
        "mean_terse_rank": 1.0,
        "n": 1,
        "patched_best_other_route": {
          "continuation": 1
        },
        "patched_top1_rate": 1.0,
        "success_change_rate": 1.0
      },
      "restore|L35_top4": {
        "mean_final_proj_effect": 0.5899648666381836,
        "mean_patched_rank": 1.0,
        "mean_pmv_effect": 0.75,
        "mean_rank_effect": 1.0,
        "mean_short_rank": 2.0,
        "mean_terse_rank": 1.0,
        "n": 1,
        "patched_best_other_route": {
          "continuation": 1
        },
        "patched_top1_rate": 1.0,
        "success_change_rate": 1.0
      },
      "restore|early_top16": {
        "mean_final_proj_effect": 2.9348812103271484,
        "mean_patched_rank": 1.0,
        "mean_pmv_effect": 0.625,
        "mean_rank_effect": 1.0,
        "mean_short_rank": 2.0,
        "mean_terse_rank": 1.0,
        "n": 1,
        "patched_best_other_route": {
          "continuation": 1
        },
        "patched_top1_rate": 1.0,
        "success_change_rate": 1.0
      },
      "restore|global_random_window": {
        "mean_final_proj_effect": 0.6849865913391113,
        "mean_patched_rank": 3.0,
        "mean_pmv_effect": -0.5,
        "mean_rank_effect": -1.0,
        "mean_short_rank": 2.0,
        "mean_terse_rank": 1.0,
        "n": 1,
        "patched_best_other_route": {
          "continuation": 1
        },
        "patched_top1_rate": 0.0,
        "success_change_rate": 0.0
      },
      "restore|global_top16": {
        "mean_final_proj_effect": 3.701533317565918,
        "mean_patched_rank": 1.0,
        "mean_pmv_effect": 1.5,
        "mean_rank_effect": 1.0,
        "mean_short_rank": 2.0,
        "mean_terse_rank": 1.0,
        "n": 1,
        "patched_best_other_route": {
          "continuation": 1
        },
        "patched_top1_rate": 1.0,
        "success_change_rate": 1.0
      },
      "restore|global_top32": {
        "mean_final_proj_effect": 5.427948951721191,
        "mean_patched_rank": 1.0,
        "mean_pmv_effect": 1.75,
        "mean_rank_effect": 1.0,
        "mean_short_rank": 2.0,
        "mean_terse_rank": 1.0,
        "n": 1,
        "patched_best_other_route": {
          "continuation": 1
        },
        "patched_top1_rate": 1.0,
        "success_change_rate": 1.0
      },
      "restore|global_top8": {
        "mean_final_proj_effect": 3.21481990814209,
        "mean_patched_rank": 1.0,
        "mean_pmv_effect": 0.875,
        "mean_rank_effect": 1.0,
        "mean_short_rank": 2.0,
        "mean_terse_rank": 1.0,
        "n": 1,
        "patched_best_other_route": {
          "continuation": 1
        },
        "patched_top1_rate": 1.0,
        "success_change_rate": 1.0
      },
      "restore|late_top16": {
        "mean_final_proj_effect": 2.6320533752441406,
        "mean_patched_rank": 1.0,
        "mean_pmv_effect": 1.125,
        "mean_rank_effect": 1.0,
        "mean_short_rank": 2.0,
        "mean_terse_rank": 1.0,
        "n": 1,
        "patched_best_other_route": {
          "continuation": 1
        },
        "patched_top1_rate": 1.0,
        "success_change_rate": 1.0
      },
      "restore|window_all_heads": {
        "mean_final_proj_effect": 4.157834053039551,
        "mean_patched_rank": 1.0,
        "mean_pmv_effect": 1.0,
        "mean_rank_effect": 1.0,
        "mean_short_rank": 2.0,
        "mean_terse_rank": 1.0,
        "n": 1,
        "patched_best_other_route": {
          "prose": 1
        },
        "patched_top1_rate": 1.0,
        "success_change_rate": 1.0
      }
    },
    "model": "qwen3",
    "n_paired_cases": 1,
    "n_patch_rows": 38,
    "n_source_rows": 64,
    "source_attention_summary": {
      "by_head_variant": {
        "short_only|L30H23": {
          "mean_mass_answer_line": 0.09375,
          "mean_mass_instruction_line": 0.08203125,
          "mean_mass_line_partition": 1.00244140625,
          "mean_mass_object_name": 0.00830078125,
          "mean_mass_outside_lines": 0.0,
          "mean_mass_question_line": 0.04150390625,
          "mean_mass_record_line": 0.78515625,
          "mean_mass_relation": 0.00182342529296875,
          "mean_mass_self_last": 0.0208740234375,
          "mean_mass_target_value": 0.00897216796875,
          "mean_target_value_in_record_mass": 0.00897216796875,
          "n": 1,
          "top_attn_token_counts": {
            "Record": 1
          }
        },
        "short_only|L30H27": {
          "mean_mass_answer_line": 0.00408935546875,
          "mean_mass_instruction_line": 0.0118408203125,
          "mean_mass_line_partition": 0.99725341796875,
          "mean_mass_object_name": 0.087890625,
          "mean_mass_outside_lines": 0.00274658203125,
          "mean_mass_question_line": 0.0281982421875,
          "mean_mass_record_line": 0.953125,
          "mean_mass_relation": 0.007049560546875,
          "mean_mass_self_last": 0.00396728515625,
          "mean_mass_target_value": 0.244140625,
          "mean_target_value_in_record_mass": 0.244140625,
          "n": 1,
          "top_attn_token_counts": {
            "Record": 1
          }
        },
        "short_only|L31H13": {
          "mean_mass_answer_line": 0.001708984375,
          "mean_mass_instruction_line": 0.0037384033203125,
          "mean_mass_line_partition": 0.9997100830078125,
          "mean_mass_object_name": 0.00164794921875,
          "mean_mass_outside_lines": 0.0002899169921875,
          "mean_mass_question_line": 0.0098876953125,
          "mean_mass_record_line": 0.984375,
          "mean_mass_relation": 0.001312255859375,
          "mean_mass_self_last": 0.0016632080078125,
          "mean_mass_target_value": 0.291015625,
          "mean_target_value_in_record_mass": 0.291015625,
          "n": 1,
          "top_attn_token_counts": {
            "Record": 1
          }
        },
        "short_only|L31H14": {
          "mean_mass_answer_line": 0.00118255615234375,
          "mean_mass_instruction_line": 0.0029754638671875,
          "mean_mass_line_partition": 1.0003128051757812,
          "mean_mass_object_name": 0.004669189453125,
          "mean_mass_outside_lines": 0.0,
          "mean_mass_question_line": 0.00787353515625,
          "mean_mass_record_line": 0.98828125,
          "mean_mass_relation": 0.0020751953125,
          "mean_mass_self_last": 0.0011749267578125,
          "mean_mass_target_value": 0.5703125,
          "mean_target_value_in_record_mass": 0.5703125,
          "n": 1,
          "top_attn_token_counts": {
            " nonce": 1
          }
        },
        "short_only|L31H19": {
          "mean_mass_answer_line": 0.34765625,
          "mean_mass_instruction_line": 0.166015625,
          "mean_mass_line_partition": 0.9990234375,
          "mean_mass_object_name": 0.005157470703125,
          "mean_mass_outside_lines": 0.0009765625,
          "mean_mass_question_line": 0.1005859375,
          "mean_mass_record_line": 0.384765625,
          "mean_mass_relation": 0.0029754638671875,
          "mean_mass_self_last": 0.13671875,
          "mean_mass_target_value": 0.00020885467529296875,
          "mean_target_value_in_record_mass": 0.00020885467529296875,
          "n": 1,
          "top_attn_token_counts": {
            "Record": 1
          }
        },
        "short_only|L31H31": {
          "mean_mass_answer_line": 0.02001953125,
          "mean_mass_instruction_line": 0.01953125,
          "mean_mass_line_partition": 0.99951171875,
          "mean_mass_object_name": 0.01312255859375,
          "mean_mass_outside_lines": 0.00048828125,
          "mean_mass_question_line": 0.0654296875,
          "mean_mass_record_line": 0.89453125,
          "mean_mass_relation": 0.061279296875,
          "mean_mass_self_last": 0.00909423828125,
          "mean_mass_target_value": 0.11474609375,
          "mean_target_value_in_record_mass": 0.11474609375,
          "n": 1,
          "top_attn_token_counts": {
            "Record": 1
          }
        },
        "short_only|L31H6": {
          "mean_mass_answer_line": 0.000579833984375,
          "mean_mass_instruction_line": 0.005706787109375,
          "mean_mass_line_partition": 0.99920654296875,
          "mean_mass_object_name": 0.00592041015625,
          "mean_mass_outside_lines": 0.00079345703125,
          "mean_mass_question_line": 0.020263671875,
          "mean_mass_record_line": 0.97265625,
          "mean_mass_relation": 0.017333984375,
          "mean_mass_self_last": 0.000545501708984375,
          "mean_mass_target_value": 0.04931640625,
          "mean_target_value_in_record_mass": 0.04931640625,
          "n": 1,
          "top_attn_token_counts": {
            "Record": 1
          }
        },
        "short_only|L32H11": {
          "mean_mass_answer_line": 0.0047607421875,
          "mean_mass_instruction_line": 0.0084228515625,
          "mean_mass_line_partition": 1.001953125,
          "mean_mass_object_name": 0.0673828125,
          "mean_mass_outside_lines": 0.0,
          "mean_mass_question_line": 0.03173828125,
          "mean_mass_record_line": 0.95703125,
          "mean_mass_relation": 0.00726318359375,
          "mean_mass_self_last": 0.004669189453125,
          "mean_mass_target_value": 0.162109375,
          "mean_target_value_in_record_mass": 0.162109375,
          "n": 1,
          "top_attn_token_counts": {
            "Record": 1
          }
        },
        "short_only|L32H24": {
          "mean_mass_answer_line": 0.1708984375,
          "mean_mass_instruction_line": 0.041259765625,
          "mean_mass_line_partition": 0.999755859375,
          "mean_mass_object_name": 0.00173187255859375,
          "mean_mass_outside_lines": 0.000244140625,
          "mean_mass_question_line": 0.01025390625,
          "mean_mass_record_line": 0.77734375,
          "mean_mass_relation": 0.000640869140625,
          "mean_mass_self_last": 0.1181640625,
          "mean_mass_target_value": 0.00012302398681640625,
          "mean_target_value_in_record_mass": 0.00012302398681640625,
          "n": 1,
          "top_attn_token_counts": {
            "Record": 1
          }
        },
        "short_only|L32H25": {
          "mean_mass_answer_line": 0.78125,
          "mean_mass_instruction_line": 0.04736328125,
          "mean_mass_line_partition": 1.00286865234375,
          "mean_mass_object_name": 0.00213623046875,
          "mean_mass_outside_lines": 0.0,
          "mean_mass_question_line": 0.00921630859375,
          "mean_mass_record_line": 0.1650390625,
          "mean_mass_relation": 0.00091552734375,
          "mean_mass_self_last": 0.103515625,
          "mean_mass_target_value": 0.0004062652587890625,
          "mean_target_value_in_record_mass": 0.0004062652587890625,
          "n": 1,
          "top_attn_token_counts": {
            "Answer": 1
          }
        },
        "short_only|L32H8": {
          "mean_mass_answer_line": 0.00106048583984375,
          "mean_mass_instruction_line": 0.00170135498046875,
          "mean_mass_line_partition": 0.9966583251953125,
          "mean_mass_object_name": 0.11181640625,
          "mean_mass_outside_lines": 0.0033416748046875,
          "mean_mass_question_line": 0.021240234375,
          "mean_mass_record_line": 0.97265625,
          "mean_mass_relation": 0.02490234375,
          "mean_mass_self_last": 0.00102996826171875,
          "mean_mass_target_value": 0.5703125,
          "mean_target_value_in_record_mass": 0.5703125,
          "n": 1,
          "top_attn_token_counts": {
            " nonce": 1
          }
        },
        "short_only|L33H20": {
          "mean_mass_answer_line": 0.0238037109375,
          "mean_mass_instruction_line": 0.0196533203125,
          "mean_mass_line_partition": 0.999755859375,
          "mean_mass_object_name": 0.004913330078125,
          "mean_mass_outside_lines": 0.000244140625,
          "mean_mass_question_line": 0.038330078125,
          "mean_mass_record_line": 0.91796875,
          "mean_mass_relation": 0.03564453125,
          "mean_mass_self_last": 0.0087890625,
          "mean_mass_target_value": 0.055908203125,
          "mean_target_value_in_record_mass": 0.055908203125,
          "n": 1,
          "top_attn_token_counts": {
            "Record": 1
          }
        },
        "short_only|L33H22": {
          "mean_mass_answer_line": 0.043212890625,
          "mean_mass_instruction_line": 0.0283203125,
          "mean_mass_line_partition": 1.002197265625,
          "mean_mass_object_name": 0.01904296875,
          "mean_mass_outside_lines": 0.0,
          "mean_mass_question_line": 0.0751953125,
          "mean_mass_record_line": 0.85546875,
          "mean_mass_relation": 0.02880859375,
          "mean_mass_self_last": 0.0189208984375,
          "mean_mass_target_value": 0.011474609375,
          "mean_target_value_in_record_mass": 0.011474609375,
          "n": 1,
          "top_attn_token_counts": {
            "Record": 1
          }
        },
        "short_only|L33H30": {
          "mean_mass_answer_line": 0.00701904296875,
          "mean_mass_instruction_line": 0.017578125,
          "mean_mass_line_partition": 0.99871826171875,
          "mean_mass_object_name": 0.0289306640625,
          "mean_mass_outside_lines": 0.00128173828125,
          "mean_mass_question_line": 0.11865234375,
          "mean_mass_record_line": 0.85546875,
          "mean_mass_relation": 0.1943359375,
          "mean_mass_self_last": 0.00579833984375,
          "mean_mass_target_value": 0.298828125,
          "mean_target_value_in_record_mass": 0.298828125,
          "n": 1,
          "top_attn_token_counts": {
            " nonce": 1
          }
        },
        "short_only|L33H7": {
          "mean_mass_answer_line": 0.36328125,
          "mean_mass_instruction_line": 0.275390625,
          "mean_mass_line_partition": 1.001220703125,
          "mean_mass_object_name": 0.0025177001953125,
          "mean_mass_outside_lines": 0.0,
          "mean_mass_question_line": 0.059814453125,
          "mean_mass_record_line": 0.302734375,
          "mean_mass_relation": 0.001922607421875,
          "mean_mass_self_last": 0.33203125,
          "mean_mass_target_value": 0.0084228515625,
          "mean_target_value_in_record_mass": 0.0084228515625,
          "n": 1,
          "top_attn_token_counts": {
            ":": 1
          }
        },
        "short_only|L34H19": {
          "mean_mass_answer_line": 0.64453125,
          "mean_mass_instruction_line": 0.12109375,
          "mean_mass_line_partition": 0.99755859375,
          "mean_mass_object_name": 0.0059814453125,
          "mean_mass_outside_lines": 0.00244140625,
          "mean_mass_question_line": 0.07666015625,
          "mean_mass_record_line": 0.1552734375,
          "mean_mass_relation": 0.00482177734375,
          "mean_mass_self_last": 0.052001953125,
          "mean_mass_target_value": 0.009765625,
          "mean_target_value_in_record_mass": 0.009765625,
          "n": 1,
          "top_attn_token_counts": {
            "Answer": 1
          }
        },
        "short_only|L34H2": {
          "mean_mass_answer_line": 0.016845703125,
          "mean_mass_instruction_line": 0.00799560546875,
          "mean_mass_line_partition": 1.00042724609375,
          "mean_mass_object_name": 0.0269775390625,
          "mean_mass_outside_lines": 0.0,
          "mean_mass_question_line": 0.1513671875,
          "mean_mass_record_line": 0.82421875,
          "mean_mass_relation": 0.1640625,
          "mean_mass_self_last": 0.0167236328125,
          "mean_mass_target_value": 0.271484375,
          "mean_target_value_in_record_mass": 0.271484375,
          "n": 1,
          "top_attn_token_counts": {
            "Record": 1
          }
        },
        "short_only|L34H20": {
          "mean_mass_answer_line": 0.466796875,
          "mean_mass_instruction_line": 0.00091552734375,
          "mean_mass_line_partition": 0.9998588562011719,
          "mean_mass_object_name": 0.0003204345703125,
          "mean_mass_outside_lines": 0.000141143798828125,
          "mean_mass_question_line": 0.000896453857421875,
          "mean_mass_record_line": 0.53125,
          "mean_mass_relation": 6.723403930664062e-05,
          "mean_mass_self_last": 0.0003871917724609375,
          "mean_mass_target_value": 0.0003032684326171875,
          "mean_target_value_in_record_mass": 0.0003032684326171875,
          "n": 1,
          "top_attn_token_counts": {
            "Record": 1
          }
        },
        "short_only|L34H21": {
          "mean_mass_answer_line": 0.2275390625,
          "mean_mass_instruction_line": 0.051513671875,
          "mean_mass_line_partition": 0.999755859375,
          "mean_mass_object_name": 0.037353515625,
          "mean_mass_outside_lines": 0.000244140625,
          "mean_mass_question_line": 0.115234375,
          "mean_mass_record_line": 0.60546875,
          "mean_mass_relation": 0.04296875,
          "mean_mass_self_last": 0.216796875,
          "mean_mass_target_value": 0.056884765625,
          "mean_target_value_in_record_mass": 0.056884765625,
          "n": 1,
          "top_attn_token_counts": {
            "Record": 1
          }
        },
        "short_only|L34H25": {
          "mean_mass_answer_line": 0.09912109375,
          "mean_mass_instruction_line": 0.099609375,
          "mean_mass_line_partition": 0.99951171875,
          "mean_mass_object_name": 0.01544189453125,
          "mean_mass_outside_lines": 0.00048828125,
          "mean_mass_question_line": 0.16015625,
          "mean_mass_record_line": 0.640625,
          "mean_mass_relation": 0.009033203125,
          "mean_mass_self_last": 0.006134033203125,
          "mean_mass_target_value": 0.0026397705078125,
          "mean_target_value_in_record_mass": 0.0026397705078125,
          "n": 1,
          "top_attn_token_counts": {
            "Record": 1
          }
        },
        "short_only|L34H28": {
          "mean_mass_answer_line": 0.734375,
          "mean_mass_instruction_line": 0.037353515625,
          "mean_mass_line_partition": 1.000244140625,
          "mean_mass_object_name": 0.003936767578125,
          "mean_mass_outside_lines": 0.0,
          "mean_mass_question_line": 0.0869140625,
          "mean_mass_record_line": 0.1416015625,
          "mean_mass_relation": 0.07080078125,
          "mean_mass_self_last": 0.70703125,
          "mean_mass_target_value": 0.047119140625,
          "mean_target_value_in_record_mass": 0.047119140625,
          "n": 1,
          "top_attn_token_counts": {
            ":": 1
          }
        },
        "short_only|L34H31": {
          "mean_mass_answer_line": 0.12451171875,
          "mean_mass_instruction_line": 0.004486083984375,
          "mean_mass_line_partition": 0.998626708984375,
          "mean_mass_object_name": 0.01324462890625,
          "mean_mass_outside_lines": 0.001373291015625,
          "mean_mass_question_line": 0.02587890625,
          "mean_mass_record_line": 0.84375,
          "mean_mass_relation": 0.04052734375,
          "mean_mass_self_last": 0.12255859375,
          "mean_mass_target_value": 0.0272216796875,
          "mean_target_value_in_record_mass": 0.0272216796875,
          "n": 1,
          "top_attn_token_counts": {
            "Record": 1
          }
        },
        "short_only|L34H5": {
          "mean_mass_answer_line": 0.0086669921875,
          "mean_mass_instruction_line": 0.03564453125,
          "mean_mass_line_partition": 0.9989013671875,
          "mean_mass_object_name": 0.1298828125,
          "mean_mass_outside_lines": 0.0010986328125,
          "mean_mass_question_line": 0.07177734375,
          "mean_mass_record_line": 0.8828125,
          "mean_mass_relation": 0.095703125,
          "mean_mass_self_last": 0.0078125,
          "mean_mass_target_value": 0.10302734375,
          "mean_target_value_in_record_mass": 0.10302734375,
          "n": 1,
          "top_attn_token_counts": {
            "Record": 1
          }
        },
        "short_only|L34H7": {
          "mean_mass_answer_line": 0.034912109375,
          "mean_mass_instruction_line": 0.034912109375,
          "mean_mass_line_partition": 0.99658203125,
          "mean_mass_object_name": 0.032958984375,
          "mean_mass_outside_lines": 0.00341796875,
          "mean_mass_question_line": 0.1103515625,
          "mean_mass_record_line": 0.81640625,
          "mean_mass_relation": 0.08251953125,
          "mean_mass_self_last": 0.02880859375,
          "mean_mass_target_value": 0.06201171875,
          "mean_target_value_in_record_mass": 0.06201171875,
          "n": 1,
          "top_attn_token_counts": {
            "Record": 1
          }
        },
        "short_only|L34H9": {
          "mean_mass_answer_line": 0.5078125,
          "mean_mass_instruction_line": 0.052978515625,
          "mean_mass_line_partition": 0.99755859375,
          "mean_mass_object_name": 0.00185394287109375,
          "mean_mass_outside_lines": 0.00244140625,
          "mean_mass_question_line": 0.038330078125,
          "mean_mass_record_line": 0.3984375,
          "mean_mass_relation": 0.001007080078125,
          "mean_mass_self_last": 0.0208740234375,
          "mean_mass_target_value": 0.0021209716796875,
          "mean_target_value_in_record_mass": 0.0021209716796875,
          "n": 1,
          "top_attn_token_counts": {
            "Answer": 1
          }
        },
        "short_only|L35H1": {
          "mean_mass_answer_line": 0.81640625,
          "mean_mass_instruction_line": 0.00408935546875,
          "mean_mass_line_partition": 1.0025634765625,
          "mean_mass_object_name": 0.0016937255859375,
          "mean_mass_outside_lines": 0.0,
          "mean_mass_question_line": 0.00433349609375,
          "mean_mass_record_line": 0.177734375,
          "mean_mass_relation": 9.632110595703125e-05,
          "mean_mass_self_last": 0.8046875,
          "mean_mass_target_value": 0.0004749298095703125,
          "mean_target_value_in_record_mass": 0.0004749298095703125,
          "n": 1,
          "top_attn_token_counts": {
            ":": 1
          }
        },
        "short_only|L35H15": {
          "mean_mass_answer_line": 0.9609375,
          "mean_mass_instruction_line": 0.0035552978515625,
          "mean_mass_line_partition": 1.0021209716796875,
          "mean_mass_object_name": 0.000591278076171875,
          "mean_mass_outside_lines": 0.0,
          "mean_mass_question_line": 0.005645751953125,
          "mean_mass_record_line": 0.031982421875,
          "mean_mass_relation": 0.0003833770751953125,
          "mean_mass_self_last": 0.95703125,
          "mean_mass_target_value": 0.00010442733764648438,
          "mean_target_value_in_record_mass": 0.00010442733764648438,
          "n": 1,
          "top_attn_token_counts": {
            ":": 1
          }
        },
        "short_only|L35H2": {
          "mean_mass_answer_line": 0.484375,
          "mean_mass_instruction_line": 0.0439453125,
          "mean_mass_line_partition": 1.0006103515625,
          "mean_mass_object_name": 0.00762939453125,
          "mean_mass_outside_lines": 0.0,
          "mean_mass_question_line": 0.0211181640625,
          "mean_mass_record_line": 0.451171875,
          "mean_mass_relation": 9.250640869140625e-05,
          "mean_mass_self_last": 0.34765625,
          "mean_mass_target_value": 0.0009918212890625,
          "mean_target_value_in_record_mass": 0.0009918212890625,
          "n": 1,
          "top_attn_token_counts": {
            "Record": 1
          }
        },
        "short_only|L35H25": {
          "mean_mass_answer_line": 0.71484375,
          "mean_mass_instruction_line": 0.05712890625,
          "mean_mass_line_partition": 1.00048828125,
          "mean_mass_object_name": 0.00090789794921875,
          "mean_mass_outside_lines": 0.0,
          "mean_mass_question_line": 0.1396484375,
          "mean_mass_record_line": 0.0888671875,
          "mean_mass_relation": 0.0016021728515625,
          "mean_mass_self_last": 0.01007080078125,
          "mean_mass_target_value": 0.0037689208984375,
          "mean_target_value_in_record_mass": 0.0037689208984375,
          "n": 1,
          "top_attn_token_counts": {
            "Answer": 1
          }
        },
        "short_only|L35H26": {
          "mean_mass_answer_line": 0.578125,
          "mean_mass_instruction_line": 0.02001953125,
          "mean_mass_line_partition": 0.99853515625,
          "mean_mass_object_name": 0.010009765625,
          "mean_mass_outside_lines": 0.00146484375,
          "mean_mass_question_line": 0.021484375,
          "mean_mass_record_line": 0.37890625,
          "mean_mass_relation": 0.00494384765625,
          "mean_mass_self_last": 0.5234375,
          "mean_mass_target_value": 0.0157470703125,
          "mean_target_value_in_record_mass": 0.0157470703125,
          "n": 1,
          "top_attn_token_counts": {
            ":": 1
          }
        },
        "short_only|L35H29": {
          "mean_mass_answer_line": 0.04345703125,
          "mean_mass_instruction_line": 0.08837890625,
          "mean_mass_line_partition": 0.99755859375,
          "mean_mass_object_name": 0.045166015625,
          "mean_mass_outside_lines": 0.00244140625,
          "mean_mass_question_line": 0.06884765625,
          "mean_mass_record_line": 0.796875,
          "mean_mass_relation": 0.00286865234375,
          "mean_mass_self_last": 0.0311279296875,
          "mean_mass_target_value": 0.016845703125,
          "mean_target_value_in_record_mass": 0.016845703125,
          "n": 1,
          "top_attn_token_counts": {
            "Record": 1
          }
        },
        "short_only|L35H8": {
          "mean_mass_answer_line": 0.189453125,
          "mean_mass_instruction_line": 0.298828125,
          "mean_mass_line_partition": 1.00048828125,
          "mean_mass_object_name": 0.0341796875,
          "mean_mass_outside_lines": 0.0,
          "mean_mass_question_line": 0.12158203125,
          "mean_mass_record_line": 0.390625,
          "mean_mass_relation": 0.022216796875,
          "mean_mass_self_last": 0.054443359375,
          "mean_mass_target_value": 0.0267333984375,
          "mean_target_value_in_record_mass": 0.0267333984375,
          "n": 1,
          "top_attn_token_counts": {
            "Record": 1
          }
        },
        "terse_no_explain|L30H23": {
          "mean_mass_answer_line": 0.318359375,
          "mean_mass_instruction_line": 0.05517578125,
          "mean_mass_line_partition": 1.0,
          "mean_mass_object_name": 0.0052490234375,
          "mean_mass_outside_lines": 0.0,
          "mean_mass_question_line": 0.02490234375,
          "mean_mass_record_line": 0.6015625,
          "mean_mass_relation": 0.001007080078125,
          "mean_mass_self_last": 0.0269775390625,
          "mean_mass_target_value": 0.004669189453125,
          "mean_target_value_in_record_mass": 0.004669189453125,
          "n": 1,
          "top_attn_token_counts": {
            "Record": 1
          }
        },
        "terse_no_explain|L30H27": {
          "mean_mass_answer_line": 0.00738525390625,
          "mean_mass_instruction_line": 0.03759765625,
          "mean_mass_line_partition": 1.00079345703125,
          "mean_mass_object_name": 0.08056640625,
          "mean_mass_outside_lines": 0.0,
          "mean_mass_question_line": 0.026123046875,
          "mean_mass_record_line": 0.9296875,
          "mean_mass_relation": 0.006744384765625,
          "mean_mass_self_last": 0.007110595703125,
          "mean_mass_target_value": 0.3203125,
          "mean_target_value_in_record_mass": 0.3203125,
          "n": 1,
          "top_attn_token_counts": {
            "Record": 1
          }
        },
        "terse_no_explain|L31H13": {
          "mean_mass_answer_line": 0.00191497802734375,
          "mean_mass_instruction_line": 0.0037078857421875,
          "mean_mass_line_partition": 1.0010147094726562,
          "mean_mass_object_name": 0.0013885498046875,
          "mean_mass_outside_lines": 0.0,
          "mean_mass_question_line": 0.007110595703125,
          "mean_mass_record_line": 0.98828125,
          "mean_mass_relation": 0.00093841552734375,
          "mean_mass_self_last": 0.00185394287109375,
          "mean_mass_target_value": 0.390625,
          "mean_target_value_in_record_mass": 0.390625,
          "n": 1,
          "top_attn_token_counts": {
            "Record": 1
          }
        },
        "terse_no_explain|L31H14": {
          "mean_mass_answer_line": 0.000850677490234375,
          "mean_mass_instruction_line": 0.007598876953125,
          "mean_mass_line_partition": 0.9985313415527344,
          "mean_mass_object_name": 0.0032196044921875,
          "mean_mass_outside_lines": 0.001468658447265625,
          "mean_mass_question_line": 0.005706787109375,
          "mean_mass_record_line": 0.984375,
          "mean_mass_relation": 0.0015716552734375,
          "mean_mass_self_last": 0.000835418701171875,
          "mean_mass_target_value": 0.671875,
          "mean_target_value_in_record_mass": 0.671875,
          "n": 1,
          "top_attn_token_counts": {
            " nonce": 1
          }
        },
        "terse_no_explain|L31H19": {
          "mean_mass_answer_line": 0.291015625,
          "mean_mass_instruction_line": 0.208984375,
          "mean_mass_line_partition": 0.99853515625,
          "mean_mass_object_name": 0.0032806396484375,
          "mean_mass_outside_lines": 0.00146484375,
          "mean_mass_question_line": 0.11962890625,
          "mean_mass_record_line": 0.37890625,
          "mean_mass_relation": 0.00070953369140625,
          "mean_mass_self_last": 0.1591796875,
          "mean_mass_target_value": 8.344650268554688e-05,
          "mean_target_value_in_record_mass": 8.344650268554688e-05,
          "n": 1,
          "top_attn_token_counts": {
            "Record": 1
          }
        },
        "terse_no_explain|L31H31": {
          "mean_mass_answer_line": 0.0267333984375,
          "mean_mass_instruction_line": 0.05322265625,
          "mean_mass_line_partition": 0.9998779296875,
          "mean_mass_object_name": 0.015380859375,
          "mean_mass_outside_lines": 0.0001220703125,
          "mean_mass_question_line": 0.056640625,
          "mean_mass_record_line": 0.86328125,
          "mean_mass_relation": 0.04052734375,
          "mean_mass_self_last": 0.010498046875,
          "mean_mass_target_value": 0.2041015625,
          "mean_target_value_in_record_mass": 0.2041015625,
          "n": 1,
          "top_attn_token_counts": {
            "Record": 1
          }
        },
        "terse_no_explain|L31H6": {
          "mean_mass_answer_line": 0.00058746337890625,
          "mean_mass_instruction_line": 0.00885009765625,
          "mean_mass_line_partition": 1.0017471313476562,
          "mean_mass_object_name": 0.0059814453125,
          "mean_mass_outside_lines": 0.0,
          "mean_mass_question_line": 0.0196533203125,
          "mean_mass_record_line": 0.97265625,
          "mean_mass_relation": 0.0155029296875,
          "mean_mass_self_last": 0.0004787445068359375,
          "mean_mass_target_value": 0.07080078125,
          "mean_target_value_in_record_mass": 0.07080078125,
          "n": 1,
          "top_attn_token_counts": {
            "Record": 1
          }
        },
        "terse_no_explain|L32H11": {
          "mean_mass_answer_line": 0.0045166015625,
          "mean_mass_instruction_line": 0.056884765625,
          "mean_mass_line_partition": 1.0001220703125,
          "mean_mass_object_name": 0.05517578125,
          "mean_mass_outside_lines": 0.0,
          "mean_mass_question_line": 0.020751953125,
          "mean_mass_record_line": 0.91796875,
          "mean_mass_relation": 0.004425048828125,
          "mean_mass_self_last": 0.004150390625,
          "mean_mass_target_value": 0.134765625,
          "mean_target_value_in_record_mass": 0.134765625,
          "n": 1,
          "top_attn_token_counts": {
            "Record": 1
          }
        },
        "terse_no_explain|L32H24": {
          "mean_mass_answer_line": 0.251953125,
          "mean_mass_instruction_line": 0.057861328125,
          "mean_mass_line_partition": 1.000823974609375,
          "mean_mass_object_name": 0.001312255859375,
          "mean_mass_outside_lines": 0.0,
          "mean_mass_question_line": 0.007415771484375,
          "mean_mass_record_line": 0.68359375,
          "mean_mass_relation": 0.0003032684326171875,
          "mean_mass_self_last": 0.1416015625,
          "mean_mass_target_value": 7.677078247070312e-05,
          "mean_target_value_in_record_mass": 7.677078247070312e-05,
          "n": 1,
          "top_attn_token_counts": {
            "Record": 1
          }
        },
        "terse_no_explain|L32H25": {
          "mean_mass_answer_line": 0.86328125,
          "mean_mass_instruction_line": 0.0306396484375,
          "mean_mass_line_partition": 0.997833251953125,
          "mean_mass_object_name": 0.000946044921875,
          "mean_mass_outside_lines": 0.002166748046875,
          "mean_mass_question_line": 0.006256103515625,
          "mean_mass_record_line": 0.09765625,
          "mean_mass_relation": 0.0001811981201171875,
          "mean_mass_self_last": 0.0673828125,
          "mean_mass_target_value": 0.00016498565673828125,
          "mean_target_value_in_record_mass": 0.00016498565673828125,
          "n": 1,
          "top_attn_token_counts": {
            "Answer": 1
          }
        },
        "terse_no_explain|L32H8": {
          "mean_mass_answer_line": 0.000865936279296875,
          "mean_mass_instruction_line": 0.00396728515625,
          "mean_mass_line_partition": 1.0030632019042969,
          "mean_mass_object_name": 0.10302734375,
          "mean_mass_outside_lines": 0.0,
          "mean_mass_question_line": 0.01385498046875,
          "mean_mass_record_line": 0.984375,
          "mean_mass_relation": 0.0157470703125,
          "mean_mass_self_last": 0.000766754150390625,
          "mean_mass_target_value": 0.66015625,
          "mean_target_value_in_record_mass": 0.66015625,
          "n": 1,
          "top_attn_token_counts": {
            " nonce": 1
          }
        },
        "terse_no_explain|L33H20": {
          "mean_mass_answer_line": 0.0390625,
          "mean_mass_instruction_line": 0.06982421875,
          "mean_mass_line_partition": 1.00146484375,
          "mean_mass_object_name": 0.006011962890625,
          "mean_mass_outside_lines": 0.0,
          "mean_mass_question_line": 0.041015625,
          "mean_mass_record_line": 0.8515625,
          "mean_mass_relation": 0.037109375,
          "mean_mass_self_last": 0.00518798828125,
          "mean_mass_target_value": 0.0634765625,
          "mean_target_value_in_record_mass": 0.0634765625,
          "n": 1,
          "top_attn_token_counts": {
            "Record": 1
          }
        },
        "terse_no_explain|L33H22": {
          "mean_mass_answer_line": 0.0537109375,
          "mean_mass_instruction_line": 0.048828125,
          "mean_mass_line_partition": 0.99853515625,
          "mean_mass_object_name": 0.0185546875,
          "mean_mass_outside_lines": 0.00146484375,
          "mean_mass_question_line": 0.09130859375,
          "mean_mass_record_line": 0.8046875,
          "mean_mass_relation": 0.024658203125,
          "mean_mass_self_last": 0.0264892578125,
          "mean_mass_target_value": 0.01068115234375,
          "mean_target_value_in_record_mass": 0.01068115234375,
          "n": 1,
          "top_attn_token_counts": {
            "Record": 1
          }
        },
        "terse_no_explain|L33H30": {
          "mean_mass_answer_line": 0.0147705078125,
          "mean_mass_instruction_line": 0.0174560546875,
          "mean_mass_line_partition": 1.0,
          "mean_mass_object_name": 0.030029296875,
          "mean_mass_outside_lines": 0.0,
          "mean_mass_question_line": 0.1435546875,
          "mean_mass_record_line": 0.82421875,
          "mean_mass_relation": 0.197265625,
          "mean_mass_self_last": 0.0096435546875,
          "mean_mass_target_value": 0.306640625,
          "mean_target_value_in_record_mass": 0.306640625,
          "n": 1,
          "top_attn_token_counts": {
            "Record": 1
          }
        },
        "terse_no_explain|L33H7": {
          "mean_mass_answer_line": 0.546875,
          "mean_mass_instruction_line": 0.189453125,
          "mean_mass_line_partition": 0.997802734375,
          "mean_mass_object_name": 0.0022430419921875,
          "mean_mass_outside_lines": 0.002197265625,
          "mean_mass_question_line": 0.052490234375,
          "mean_mass_record_line": 0.208984375,
          "mean_mass_relation": 0.001739501953125,
          "mean_mass_self_last": 0.515625,
          "mean_mass_target_value": 0.005645751953125,
          "mean_target_value_in_record_mass": 0.005645751953125,
          "n": 1,
          "top_attn_token_counts": {
            ":": 1
          }
        },
        "terse_no_explain|L34H19": {
          "mean_mass_answer_line": 0.84375,
          "mean_mass_instruction_line": 0.0390625,
          "mean_mass_line_partition": 0.9990234375,
          "mean_mass_object_name": 0.00360107421875,
          "mean_mass_outside_lines": 0.0009765625,
          "mean_mass_question_line": 0.0341796875,
          "mean_mass_record_line": 0.08203125,
          "mean_mass_relation": 0.003021240234375,
          "mean_mass_self_last": 0.0400390625,
          "mean_mass_target_value": 0.00494384765625,
          "mean_target_value_in_record_mass": 0.00494384765625,
          "n": 1,
          "top_attn_token_counts": {
            "Answer": 1
          }
        },
        "terse_no_explain|L34H2": {
          "mean_mass_answer_line": 0.02197265625,
          "mean_mass_instruction_line": 0.0118408203125,
          "mean_mass_line_partition": 0.9996337890625,
          "mean_mass_object_name": 0.0289306640625,
          "mean_mass_outside_lines": 0.0003662109375,
          "mean_mass_question_line": 0.1728515625,
          "mean_mass_record_line": 0.79296875,
          "mean_mass_relation": 0.171875,
          "mean_mass_self_last": 0.0218505859375,
          "mean_mass_target_value": 0.291015625,
          "mean_target_value_in_record_mass": 0.291015625,
          "n": 1,
          "top_attn_token_counts": {
            "Record": 1
          }
        },
        "terse_no_explain|L34H20": {
          "mean_mass_answer_line": 0.482421875,
          "mean_mass_instruction_line": 0.00186920166015625,
          "mean_mass_line_partition": 0.996251106262207,
          "mean_mass_object_name": 0.000667572021484375,
          "mean_mass_outside_lines": 0.0037488937377929688,
          "mean_mass_question_line": 0.00024127960205078125,
          "mean_mass_record_line": 0.51171875,
          "mean_mass_relation": 0.00011777877807617188,
          "mean_mass_self_last": 0.0004749298095703125,
          "mean_mass_target_value": 9.5367431640625e-05,
          "mean_target_value_in_record_mass": 9.5367431640625e-05,
          "n": 1,
          "top_attn_token_counts": {
            "Record": 1
          }
        },
        "terse_no_explain|L34H21": {
          "mean_mass_answer_line": 0.185546875,
          "mean_mass_instruction_line": 0.0301513671875,
          "mean_mass_line_partition": 1.0018310546875,
          "mean_mass_object_name": 0.054931640625,
          "mean_mass_outside_lines": 0.0,
          "mean_mass_question_line": 0.1376953125,
          "mean_mass_record_line": 0.6484375,
          "mean_mass_relation": 0.04443359375,
          "mean_mass_self_last": 0.16796875,
          "mean_mass_target_value": 0.056396484375,
          "mean_target_value_in_record_mass": 0.056396484375,
          "n": 1,
          "top_attn_token_counts": {
            "Record": 1
          }
        },
        "terse_no_explain|L34H25": {
          "mean_mass_answer_line": 0.0751953125,
          "mean_mass_instruction_line": 0.2333984375,
          "mean_mass_line_partition": 1.00048828125,
          "mean_mass_object_name": 0.0206298828125,
          "mean_mass_outside_lines": 0.0,
          "mean_mass_question_line": 0.10986328125,
          "mean_mass_record_line": 0.58203125,
          "mean_mass_relation": 0.00714111328125,
          "mean_mass_self_last": 0.004791259765625,
          "mean_mass_target_value": 0.0033721923828125,
          "mean_target_value_in_record_mass": 0.0033721923828125,
          "n": 1,
          "top_attn_token_counts": {
            "Record": 1
          }
        },
        "terse_no_explain|L34H28": {
          "mean_mass_answer_line": 0.7421875,
          "mean_mass_instruction_line": 0.041015625,
          "mean_mass_line_partition": 1.00146484375,
          "mean_mass_object_name": 0.007049560546875,
          "mean_mass_outside_lines": 0.0,
          "mean_mass_question_line": 0.09130859375,
          "mean_mass_record_line": 0.126953125,
          "mean_mass_relation": 0.05029296875,
          "mean_mass_self_last": 0.70703125,
          "mean_mass_target_value": 0.0311279296875,
          "mean_target_value_in_record_mass": 0.0311279296875,
          "n": 1,
          "top_attn_token_counts": {
            ":": 1
          }
        },
        "terse_no_explain|L34H31": {
          "mean_mass_answer_line": 0.265625,
          "mean_mass_instruction_line": 0.006866455078125,
          "mean_mass_line_partition": 1.002593994140625,
          "mean_mass_object_name": 0.01287841796875,
          "mean_mass_outside_lines": 0.0,
          "mean_mass_question_line": 0.0269775390625,
          "mean_mass_record_line": 0.703125,
          "mean_mass_relation": 0.0223388671875,
          "mean_mass_self_last": 0.26171875,
          "mean_mass_target_value": 0.017333984375,
          "mean_target_value_in_record_mass": 0.017333984375,
          "n": 1,
          "top_attn_token_counts": {
            "Record": 1
          }
        },
        "terse_no_explain|L34H5": {
          "mean_mass_answer_line": 0.0135498046875,
          "mean_mass_instruction_line": 0.0277099609375,
          "mean_mass_line_partition": 0.998779296875,
          "mean_mass_object_name": 0.134765625,
          "mean_mass_outside_lines": 0.001220703125,
          "mean_mass_question_line": 0.09033203125,
          "mean_mass_record_line": 0.8671875,
          "mean_mass_relation": 0.10888671875,
          "mean_mass_self_last": 0.007598876953125,
          "mean_mass_target_value": 0.1044921875,
          "mean_target_value_in_record_mass": 0.1044921875,
          "n": 1,
          "top_attn_token_counts": {
            "Record": 1
          }
        },
        "terse_no_explain|L34H7": {
          "mean_mass_answer_line": 0.04833984375,
          "mean_mass_instruction_line": 0.10693359375,
          "mean_mass_line_partition": 1.0009765625,
          "mean_mass_object_name": 0.024169921875,
          "mean_mass_outside_lines": 0.0,
          "mean_mass_question_line": 0.126953125,
          "mean_mass_record_line": 0.71875,
          "mean_mass_relation": 0.068359375,
          "mean_mass_self_last": 0.03076171875,
          "mean_mass_target_value": 0.052490234375,
          "mean_target_value_in_record_mass": 0.052490234375,
          "n": 1,
          "top_attn_token_counts": {
            "Record": 1
          }
        },
        "terse_no_explain|L34H9": {
          "mean_mass_answer_line": 0.54296875,
          "mean_mass_instruction_line": 0.0556640625,
          "mean_mass_line_partition": 1.001220703125,
          "mean_mass_object_name": 0.00128173828125,
          "mean_mass_outside_lines": 0.0,
          "mean_mass_question_line": 0.031494140625,
          "mean_mass_record_line": 0.37109375,
          "mean_mass_relation": 0.00069427490234375,
          "mean_mass_self_last": 0.024169921875,
          "mean_mass_target_value": 0.0020599365234375,
          "mean_target_value_in_record_mass": 0.0020599365234375,
          "n": 1,
          "top_attn_token_counts": {
            "Answer": 1
          }
        },
        "terse_no_explain|L35H1": {
          "mean_mass_answer_line": 0.8671875,
          "mean_mass_instruction_line": 0.0034942626953125,
          "mean_mass_line_partition": 1.002105712890625,
          "mean_mass_object_name": 0.00014209747314453125,
          "mean_mass_outside_lines": 0.0,
          "mean_mass_question_line": 0.0034942626953125,
          "mean_mass_record_line": 0.1279296875,
          "mean_mass_relation": 0.00063323974609375,
          "mean_mass_self_last": 0.84765625,
          "mean_mass_target_value": 0.00018310546875,
          "mean_target_value_in_record_mass": 0.00018310546875,
          "n": 1,
          "top_attn_token_counts": {
            ":": 1
          }
        },
        "terse_no_explain|L35H15": {
          "mean_mass_answer_line": 0.9296875,
          "mean_mass_instruction_line": 0.01251220703125,
          "mean_mass_line_partition": 1.0029296875,
          "mean_mass_object_name": 0.000530242919921875,
          "mean_mass_outside_lines": 0.0,
          "mean_mass_question_line": 0.00897216796875,
          "mean_mass_record_line": 0.0517578125,
          "mean_mass_relation": 6.771087646484375e-05,
          "mean_mass_self_last": 0.92578125,
          "mean_mass_target_value": 9.059906005859375e-05,
          "mean_target_value_in_record_mass": 9.059906005859375e-05,
          "n": 1,
          "top_attn_token_counts": {
            ":": 1
          }
        },
        "terse_no_explain|L35H2": {
          "mean_mass_answer_line": 0.6796875,
          "mean_mass_instruction_line": 0.0322265625,
          "mean_mass_line_partition": 1.00164794921875,
          "mean_mass_object_name": 0.000396728515625,
          "mean_mass_outside_lines": 0.0,
          "mean_mass_question_line": 0.01043701171875,
          "mean_mass_record_line": 0.279296875,
          "mean_mass_relation": 0.000431060791015625,
          "mean_mass_self_last": 0.470703125,
          "mean_mass_target_value": 0.000339508056640625,
          "mean_target_value_in_record_mass": 0.000339508056640625,
          "n": 1,
          "top_attn_token_counts": {
            ":": 1
          }
        },
        "terse_no_explain|L35H25": {
          "mean_mass_answer_line": 0.51171875,
          "mean_mass_instruction_line": 0.10107421875,
          "mean_mass_line_partition": 0.99951171875,
          "mean_mass_object_name": 0.0030364990234375,
          "mean_mass_outside_lines": 0.00048828125,
          "mean_mass_question_line": 0.1611328125,
          "mean_mass_record_line": 0.2255859375,
          "mean_mass_relation": 0.0030517578125,
          "mean_mass_self_last": 0.0257568359375,
          "mean_mass_target_value": 0.0069580078125,
          "mean_target_value_in_record_mass": 0.0069580078125,
          "n": 1,
          "top_attn_token_counts": {
            "Answer": 1
          }
        },
        "terse_no_explain|L35H26": {
          "mean_mass_answer_line": 0.55078125,
          "mean_mass_instruction_line": 0.00970458984375,
          "mean_mass_line_partition": 0.99896240234375,
          "mean_mass_object_name": 0.01226806640625,
          "mean_mass_outside_lines": 0.00103759765625,
          "mean_mass_question_line": 0.0166015625,
          "mean_mass_record_line": 0.421875,
          "mean_mass_relation": 0.004638671875,
          "mean_mass_self_last": 0.50390625,
          "mean_mass_target_value": 0.004150390625,
          "mean_target_value_in_record_mass": 0.004150390625,
          "n": 1,
          "top_attn_token_counts": {
            ":": 1
          }
        },
        "terse_no_explain|L35H29": {
          "mean_mass_answer_line": 0.03857421875,
          "mean_mass_instruction_line": 0.1650390625,
          "mean_mass_line_partition": 0.9990234375,
          "mean_mass_object_name": 0.0067138671875,
          "mean_mass_outside_lines": 0.0009765625,
          "mean_mass_question_line": 0.04150390625,
          "mean_mass_record_line": 0.75390625,
          "mean_mass_relation": 0.01953125,
          "mean_mass_self_last": 0.0302734375,
          "mean_mass_target_value": 0.026123046875,
          "mean_target_value_in_record_mass": 0.026123046875,
          "n": 1,
          "top_attn_token_counts": {
            "Record": 1
          }
        },
        "terse_no_explain|L35H8": {
          "mean_mass_answer_line": 0.1591796875,
          "mean_mass_instruction_line": 0.375,
          "mean_mass_line_partition": 0.9990234375,
          "mean_mass_object_name": 0.0302734375,
          "mean_mass_outside_lines": 0.0009765625,
          "mean_mass_question_line": 0.11328125,
          "mean_mass_record_line": 0.3515625,
          "mean_mass_relation": 0.018798828125,
          "mean_mass_self_last": 0.061279296875,
          "mean_mass_target_value": 0.0233154296875,
          "mean_target_value_in_record_mass": 0.0233154296875,
          "n": 1,
          "top_attn_token_counts": {
            "Record": 1
          }
        }
      },
      "by_variant": {
        "short_only": {
          "mean_mass_answer_line": 0.2661557197570801,
          "mean_mass_instruction_line": 0.05293679237365723,
          "mean_mass_line_partition": 0.9997493028640747,
          "mean_mass_object_name": 0.022915959358215332,
          "mean_mass_outside_lines": 0.0008112192153930664,
          "mean_mass_question_line": 0.05807530879974365,
          "mean_mass_record_line": 0.6225814819335938,
          "mean_mass_relation": 0.029124930500984192,
          "mean_mass_self_last": 0.14607936143875122,
          "mean_mass_target_value": 0.09479819238185883,
          "mean_target_value_in_record_mass": 0.09479819238185883,
          "n": 32,
          "top_attn_token_counts": {
            " nonce": 3,
            ":": 5,
            "Answer": 4,
            "Record": 20
          }
        },
        "terse_no_explain": {
          "mean_mass_answer_line": 0.293133020401001,
          "mean_mass_instruction_line": 0.06573796272277832,
          "mean_mass_line_partition": 1.0001753866672516,
          "mean_mass_object_name": 0.021082311868667603,
          "mean_mass_outside_lines": 0.0005836188793182373,
          "mean_mass_question_line": 0.05667915940284729,
          "mean_mass_record_line": 0.584625244140625,
          "mean_mass_relation": 0.027273252606391907,
          "mean_mass_self_last": 0.15967321395874023,
          "mean_mass_target_value": 0.10839259624481201,
          "mean_target_value_in_record_mass": 0.10839259624481201,
          "n": 32,
          "top_attn_token_counts": {
            " nonce": 2,
            ":": 6,
            "Answer": 4,
            "Record": 20
          }
        }
      },
      "heads_high_instruction_mass": [
        {
          "condition": "terse_no_explain|L35H8",
          "mean_mass_answer_line": 0.1591796875,
          "mean_mass_instruction_line": 0.375,
          "mean_mass_line_partition": 0.9990234375,
          "mean_mass_object_name": 0.0302734375,
          "mean_mass_outside_lines": 0.0009765625,
          "mean_mass_question_line": 0.11328125,
          "mean_mass_record_line": 0.3515625,
          "mean_mass_relation": 0.018798828125,
          "mean_mass_self_last": 0.061279296875,
          "mean_mass_target_value": 0.0233154296875,
          "mean_target_value_in_record_mass": 0.0233154296875,
          "n": 1,
          "top_attn_token_counts": {
            "Record": 1
          }
        },
        {
          "condition": "short_only|L35H8",
          "mean_mass_answer_line": 0.189453125,
          "mean_mass_instruction_line": 0.298828125,
          "mean_mass_line_partition": 1.00048828125,
          "mean_mass_object_name": 0.0341796875,
          "mean_mass_outside_lines": 0.0,
          "mean_mass_question_line": 0.12158203125,
          "mean_mass_record_line": 0.390625,
          "mean_mass_relation": 0.022216796875,
          "mean_mass_self_last": 0.054443359375,
          "mean_mass_target_value": 0.0267333984375,
          "mean_target_value_in_record_mass": 0.0267333984375,
          "n": 1,
          "top_attn_token_counts": {
            "Record": 1
          }
        },
        {
          "condition": "short_only|L33H7",
          "mean_mass_answer_line": 0.36328125,
          "mean_mass_instruction_line": 0.275390625,
          "mean_mass_line_partition": 1.001220703125,
          "mean_mass_object_name": 0.0025177001953125,
          "mean_mass_outside_lines": 0.0,
          "mean_mass_question_line": 0.059814453125,
          "mean_mass_record_line": 0.302734375,
          "mean_mass_relation": 0.001922607421875,
          "mean_mass_self_last": 0.33203125,
          "mean_mass_target_value": 0.0084228515625,
          "mean_target_value_in_record_mass": 0.0084228515625,
          "n": 1,
          "top_attn_token_counts": {
            ":": 1
          }
        },
        {
          "condition": "terse_no_explain|L34H25",
          "mean_mass_answer_line": 0.0751953125,
          "mean_mass_instruction_line": 0.2333984375,
          "mean_mass_line_partition": 1.00048828125,
          "mean_mass_object_name": 0.0206298828125,
          "mean_mass_outside_lines": 0.0,
          "mean_mass_question_line": 0.10986328125,
          "mean_mass_record_line": 0.58203125,
          "mean_mass_relation": 0.00714111328125,
          "mean_mass_self_last": 0.004791259765625,
          "mean_mass_target_value": 0.0033721923828125,
          "mean_target_value_in_record_mass": 0.0033721923828125,
          "n": 1,
          "top_attn_token_counts": {
            "Record": 1
          }
        },
        {
          "condition": "terse_no_explain|L31H19",
          "mean_mass_answer_line": 0.291015625,
          "mean_mass_instruction_line": 0.208984375,
          "mean_mass_line_partition": 0.99853515625,
          "mean_mass_object_name": 0.0032806396484375,
          "mean_mass_outside_lines": 0.00146484375,
          "mean_mass_question_line": 0.11962890625,
          "mean_mass_record_line": 0.37890625,
          "mean_mass_relation": 0.00070953369140625,
          "mean_mass_self_last": 0.1591796875,
          "mean_mass_target_value": 8.344650268554688e-05,
          "mean_target_value_in_record_mass": 8.344650268554688e-05,
          "n": 1,
          "top_attn_token_counts": {
            "Record": 1
          }
        },
        {
          "condition": "terse_no_explain|L33H7",
          "mean_mass_answer_line": 0.546875,
          "mean_mass_instruction_line": 0.189453125,
          "mean_mass_line_partition": 0.997802734375,
          "mean_mass_object_name": 0.0022430419921875,
          "mean_mass_outside_lines": 0.002197265625,
          "mean_mass_question_line": 0.052490234375,
          "mean_mass_record_line": 0.208984375,
          "mean_mass_relation": 0.001739501953125,
          "mean_mass_self_last": 0.515625,
          "mean_mass_target_value": 0.005645751953125,
          "mean_target_value_in_record_mass": 0.005645751953125,
          "n": 1,
          "top_attn_token_counts": {
            ":": 1
          }
        },
        {
          "condition": "short_only|L31H19",
          "mean_mass_answer_line": 0.34765625,
          "mean_mass_instruction_line": 0.166015625,
          "mean_mass_line_partition": 0.9990234375,
          "mean_mass_object_name": 0.005157470703125,
          "mean_mass_outside_lines": 0.0009765625,
          "mean_mass_question_line": 0.1005859375,
          "mean_mass_record_line": 0.384765625,
          "mean_mass_relation": 0.0029754638671875,
          "mean_mass_self_last": 0.13671875,
          "mean_mass_target_value": 0.00020885467529296875,
          "mean_target_value_in_record_mass": 0.00020885467529296875,
          "n": 1,
          "top_attn_token_counts": {
            "Record": 1
          }
        },
        {
          "condition": "terse_no_explain|L35H29",
          "mean_mass_answer_line": 0.03857421875,
          "mean_mass_instruction_line": 0.1650390625,
          "mean_mass_line_partition": 0.9990234375,
          "mean_mass_object_name": 0.0067138671875,
          "mean_mass_outside_lines": 0.0009765625,
          "mean_mass_question_line": 0.04150390625,
          "mean_mass_record_line": 0.75390625,
          "mean_mass_relation": 0.01953125,
          "mean_mass_self_last": 0.0302734375,
          "mean_mass_target_value": 0.026123046875,
          "mean_target_value_in_record_mass": 0.026123046875,
          "n": 1,
          "top_attn_token_counts": {
            "Record": 1
          }
        },
        {
          "condition": "short_only|L34H19",
          "mean_mass_answer_line": 0.64453125,
          "mean_mass_instruction_line": 0.12109375,
          "mean_mass_line_partition": 0.99755859375,
          "mean_mass_object_name": 0.0059814453125,
          "mean_mass_outside_lines": 0.00244140625,
          "mean_mass_question_line": 0.07666015625,
          "mean_mass_record_line": 0.1552734375,
          "mean_mass_relation": 0.00482177734375,
          "mean_mass_self_last": 0.052001953125,
          "mean_mass_target_value": 0.009765625,
          "mean_target_value_in_record_mass": 0.009765625,
          "n": 1,
          "top_attn_token_counts": {
            "Answer": 1
          }
        },
        {
          "condition": "terse_no_explain|L34H7",
          "mean_mass_answer_line": 0.04833984375,
          "mean_mass_instruction_line": 0.10693359375,
          "mean_mass_line_partition": 1.0009765625,
          "mean_mass_object_name": 0.024169921875,
          "mean_mass_outside_lines": 0.0,
          "mean_mass_question_line": 0.126953125,
          "mean_mass_record_line": 0.71875,
          "mean_mass_relation": 0.068359375,
          "mean_mass_self_last": 0.03076171875,
          "mean_mass_target_value": 0.052490234375,
          "mean_target_value_in_record_mass": 0.052490234375,
          "n": 1,
          "top_attn_token_counts": {
            "Record": 1
          }
        },
        {
          "condition": "terse_no_explain|L35H25",
          "mean_mass_answer_line": 0.51171875,
          "mean_mass_instruction_line": 0.10107421875,
          "mean_mass_line_partition": 0.99951171875,
          "mean_mass_object_name": 0.0030364990234375,
          "mean_mass_outside_lines": 0.00048828125,
          "mean_mass_question_line": 0.1611328125,
          "mean_mass_record_line": 0.2255859375,
          "mean_mass_relation": 0.0030517578125,
          "mean_mass_self_last": 0.0257568359375,
          "mean_mass_target_value": 0.0069580078125,
          "mean_target_value_in_record_mass": 0.0069580078125,
          "n": 1,
          "top_attn_token_counts": {
            "Answer": 1
          }
        },
        {
          "condition": "short_only|L34H25",
          "mean_mass_answer_line": 0.09912109375,
          "mean_mass_instruction_line": 0.099609375,
          "mean_mass_line_partition": 0.99951171875,
          "mean_mass_object_name": 0.01544189453125,
          "mean_mass_outside_lines": 0.00048828125,
          "mean_mass_question_line": 0.16015625,
          "mean_mass_record_line": 0.640625,
          "mean_mass_relation": 0.009033203125,
          "mean_mass_self_last": 0.006134033203125,
          "mean_mass_target_value": 0.0026397705078125,
          "mean_target_value_in_record_mass": 0.0026397705078125,
          "n": 1,
          "top_attn_token_counts": {
            "Record": 1
          }
        },
        {
          "condition": "short_only|L35H29",
          "mean_mass_answer_line": 0.04345703125,
          "mean_mass_instruction_line": 0.08837890625,
          "mean_mass_line_partition": 0.99755859375,
          "mean_mass_object_name": 0.045166015625,
          "mean_mass_outside_lines": 0.00244140625,
          "mean_mass_question_line": 0.06884765625,
          "mean_mass_record_line": 0.796875,
          "mean_mass_relation": 0.00286865234375,
          "mean_mass_self_last": 0.0311279296875,
          "mean_mass_target_value": 0.016845703125,
          "mean_target_value_in_record_mass": 0.016845703125,
          "n": 1,
          "top_attn_token_counts": {
            "Record": 1
          }
        },
        {
          "condition": "short_only|L30H23",
          "mean_mass_answer_line": 0.09375,
          "mean_mass_instruction_line": 0.08203125,
          "mean_mass_line_partition": 1.00244140625,
          "mean_mass_object_name": 0.00830078125,
          "mean_mass_outside_lines": 0.0,
          "mean_mass_question_line": 0.04150390625,
          "mean_mass_record_line": 0.78515625,
          "mean_mass_relation": 0.00182342529296875,
          "mean_mass_self_last": 0.0208740234375,
          "mean_mass_target_value": 0.00897216796875,
          "mean_target_value_in_record_mass": 0.00897216796875,
          "n": 1,
          "top_attn_token_counts": {
            "Record": 1
          }
        },
        {
          "condition": "terse_no_explain|L33H20",
          "mean_mass_answer_line": 0.0390625,
          "mean_mass_instruction_line": 0.06982421875,
          "mean_mass_line_partition": 1.00146484375,
          "mean_mass_object_name": 0.006011962890625,
          "mean_mass_outside_lines": 0.0,
          "mean_mass_question_line": 0.041015625,
          "mean_mass_record_line": 0.8515625,
          "mean_mass_relation": 0.037109375,
          "mean_mass_self_last": 0.00518798828125,
          "mean_mass_target_value": 0.0634765625,
          "mean_target_value_in_record_mass": 0.0634765625,
          "n": 1,
          "top_attn_token_counts": {
            "Record": 1
          }
        },
        {
          "condition": "terse_no_explain|L32H24",
          "mean_mass_answer_line": 0.251953125,
          "mean_mass_instruction_line": 0.057861328125,
          "mean_mass_line_partition": 1.000823974609375,
          "mean_mass_object_name": 0.001312255859375,
          "mean_mass_outside_lines": 0.0,
          "mean_mass_question_line": 0.007415771484375,
          "mean_mass_record_line": 0.68359375,
          "mean_mass_relation": 0.0003032684326171875,
          "mean_mass_self_last": 0.1416015625,
          "mean_mass_target_value": 7.677078247070312e-05,
          "mean_target_value_in_record_mass": 7.677078247070312e-05,
          "n": 1,
          "top_attn_token_counts": {
            "Record": 1
          }
        },
        {
          "condition": "short_only|L35H25",
          "mean_mass_answer_line": 0.71484375,
          "mean_mass_instruction_line": 0.05712890625,
          "mean_mass_line_partition": 1.00048828125,
          "mean_mass_object_name": 0.00090789794921875,
          "mean_mass_outside_lines": 0.0,
          "mean_mass_question_line": 0.1396484375,
          "mean_mass_record_line": 0.0888671875,
          "mean_mass_relation": 0.0016021728515625,
          "mean_mass_self_last": 0.01007080078125,
          "mean_mass_target_value": 0.0037689208984375,
          "mean_target_value_in_record_mass": 0.0037689208984375,
          "n": 1,
          "top_attn_token_counts": {
            "Answer": 1
          }
        },
        {
          "condition": "terse_no_explain|L32H11",
          "mean_mass_answer_line": 0.0045166015625,
          "mean_mass_instruction_line": 0.056884765625,
          "mean_mass_line_partition": 1.0001220703125,
          "mean_mass_object_name": 0.05517578125,
          "mean_mass_outside_lines": 0.0,
          "mean_mass_question_line": 0.020751953125,
          "mean_mass_record_line": 0.91796875,
          "mean_mass_relation": 0.004425048828125,
          "mean_mass_self_last": 0.004150390625,
          "mean_mass_target_value": 0.134765625,
          "mean_target_value_in_record_mass": 0.134765625,
          "n": 1,
          "top_attn_token_counts": {
            "Record": 1
          }
        },
        {
          "condition": "terse_no_explain|L34H9",
          "mean_mass_answer_line": 0.54296875,
          "mean_mass_instruction_line": 0.0556640625,
          "mean_mass_line_partition": 1.001220703125,
          "mean_mass_object_name": 0.00128173828125,
          "mean_mass_outside_lines": 0.0,
          "mean_mass_question_line": 0.031494140625,
          "mean_mass_record_line": 0.37109375,
          "mean_mass_relation": 0.00069427490234375,
          "mean_mass_self_last": 0.024169921875,
          "mean_mass_target_value": 0.0020599365234375,
          "mean_target_value_in_record_mass": 0.0020599365234375,
          "n": 1,
          "top_attn_token_counts": {
            "Answer": 1
          }
        },
        {
          "condition": "terse_no_explain|L30H23",
          "mean_mass_answer_line": 0.318359375,
          "mean_mass_instruction_line": 0.05517578125,
          "mean_mass_line_partition": 1.0,
          "mean_mass_object_name": 0.0052490234375,
          "mean_mass_outside_lines": 0.0,
          "mean_mass_question_line": 0.02490234375,
          "mean_mass_record_line": 0.6015625,
          "mean_mass_relation": 0.001007080078125,
          "mean_mass_self_last": 0.0269775390625,
          "mean_mass_target_value": 0.004669189453125,
          "mean_target_value_in_record_mass": 0.004669189453125,
          "n": 1,
          "top_attn_token_counts": {
            "Record": 1
          }
        },
        {
          "condition": "terse_no_explain|L31H31",
          "mean_mass_answer_line": 0.0267333984375,
          "mean_mass_instruction_line": 0.05322265625,
          "mean_mass_line_partition": 0.9998779296875,
          "mean_mass_object_name": 0.015380859375,
          "mean_mass_outside_lines": 0.0001220703125,
          "mean_mass_question_line": 0.056640625,
          "mean_mass_record_line": 0.86328125,
          "mean_mass_relation": 0.04052734375,
          "mean_mass_self_last": 0.010498046875,
          "mean_mass_target_value": 0.2041015625,
          "mean_target_value_in_record_mass": 0.2041015625,
          "n": 1,
          "top_attn_token_counts": {
            "Record": 1
          }
        },
        {
          "condition": "short_only|L34H9",
          "mean_mass_answer_line": 0.5078125,
          "mean_mass_instruction_line": 0.052978515625,
          "mean_mass_line_partition": 0.99755859375,
          "mean_mass_object_name": 0.00185394287109375,
          "mean_mass_outside_lines": 0.00244140625,
          "mean_mass_question_line": 0.038330078125,
          "mean_mass_record_line": 0.3984375,
          "mean_mass_relation": 0.001007080078125,
          "mean_mass_self_last": 0.0208740234375,
          "mean_mass_target_value": 0.0021209716796875,
          "mean_target_value_in_record_mass": 0.0021209716796875,
          "n": 1,
          "top_attn_token_counts": {
            "Answer": 1
          }
        },
        {
          "condition": "short_only|L34H21",
          "mean_mass_answer_line": 0.2275390625,
          "mean_mass_instruction_line": 0.051513671875,
          "mean_mass_line_partition": 0.999755859375,
          "mean_mass_object_name": 0.037353515625,
          "mean_mass_outside_lines": 0.000244140625,
          "mean_mass_question_line": 0.115234375,
          "mean_mass_record_line": 0.60546875,
          "mean_mass_relation": 0.04296875,
          "mean_mass_self_last": 0.216796875,
          "mean_mass_target_value": 0.056884765625,
          "mean_target_value_in_record_mass": 0.056884765625,
          "n": 1,
          "top_attn_token_counts": {
            "Record": 1
          }
        },
        {
          "condition": "terse_no_explain|L33H22",
          "mean_mass_answer_line": 0.0537109375,
          "mean_mass_instruction_line": 0.048828125,
          "mean_mass_line_partition": 0.99853515625,
          "mean_mass_object_name": 0.0185546875,
          "mean_mass_outside_lines": 0.00146484375,
          "mean_mass_question_line": 0.09130859375,
          "mean_mass_record_line": 0.8046875,
          "mean_mass_relation": 0.024658203125,
          "mean_mass_self_last": 0.0264892578125,
          "mean_mass_target_value": 0.01068115234375,
          "mean_target_value_in_record_mass": 0.01068115234375,
          "n": 1,
          "top_attn_token_counts": {
            "Record": 1
          }
        },
        {
          "condition": "short_only|L32H25",
          "mean_mass_answer_line": 0.78125,
          "mean_mass_instruction_line": 0.04736328125,
          "mean_mass_line_partition": 1.00286865234375,
          "mean_mass_object_name": 0.00213623046875,
          "mean_mass_outside_lines": 0.0,
          "mean_mass_question_line": 0.00921630859375,
          "mean_mass_record_line": 0.1650390625,
          "mean_mass_relation": 0.00091552734375,
          "mean_mass_self_last": 0.103515625,
          "mean_mass_target_value": 0.0004062652587890625,
          "mean_target_value_in_record_mass": 0.0004062652587890625,
          "n": 1,
          "top_attn_token_counts": {
            "Answer": 1
          }
        },
        {
          "condition": "short_only|L35H2",
          "mean_mass_answer_line": 0.484375,
          "mean_mass_instruction_line": 0.0439453125,
          "mean_mass_line_partition": 1.0006103515625,
          "mean_mass_object_name": 0.00762939453125,
          "mean_mass_outside_lines": 0.0,
          "mean_mass_question_line": 0.0211181640625,
          "mean_mass_record_line": 0.451171875,
          "mean_mass_relation": 9.250640869140625e-05,
          "mean_mass_self_last": 0.34765625,
          "mean_mass_target_value": 0.0009918212890625,
          "mean_target_value_in_record_mass": 0.0009918212890625,
          "n": 1,
          "top_attn_token_counts": {
            "Record": 1
          }
        },
        {
          "condition": "short_only|L32H24",
          "mean_mass_answer_line": 0.1708984375,
          "mean_mass_instruction_line": 0.041259765625,
          "mean_mass_line_partition": 0.999755859375,
          "mean_mass_object_name": 0.00173187255859375,
          "mean_mass_outside_lines": 0.000244140625,
          "mean_mass_question_line": 0.01025390625,
          "mean_mass_record_line": 0.77734375,
          "mean_mass_relation": 0.000640869140625,
          "mean_mass_self_last": 0.1181640625,
          "mean_mass_target_value": 0.00012302398681640625,
          "mean_target_value_in_record_mass": 0.00012302398681640625,
          "n": 1,
          "top_attn_token_counts": {
            "Record": 1
          }
        },
        {
          "condition": "terse_no_explain|L34H28",
          "mean_mass_answer_line": 0.7421875,
          "mean_mass_instruction_line": 0.041015625,
          "mean_mass_line_partition": 1.00146484375,
          "mean_mass_object_name": 0.007049560546875,
          "mean_mass_outside_lines": 0.0,
          "mean_mass_question_line": 0.09130859375,
          "mean_mass_record_line": 0.126953125,
          "mean_mass_relation": 0.05029296875,
          "mean_mass_self_last": 0.70703125,
          "mean_mass_target_value": 0.0311279296875,
          "mean_target_value_in_record_mass": 0.0311279296875,
          "n": 1,
          "top_attn_token_counts": {
            ":": 1
          }
        },
        {
          "condition": "terse_no_explain|L34H19",
          "mean_mass_answer_line": 0.84375,
          "mean_mass_instruction_line": 0.0390625,
          "mean_mass_line_partition": 0.9990234375,
          "mean_mass_object_name": 0.00360107421875,
          "mean_mass_outside_lines": 0.0009765625,
          "mean_mass_question_line": 0.0341796875,
          "mean_mass_record_line": 0.08203125,
          "mean_mass_relation": 0.003021240234375,
          "mean_mass_self_last": 0.0400390625,
          "mean_mass_target_value": 0.00494384765625,
          "mean_target_value_in_record_mass": 0.00494384765625,
          "n": 1,
          "top_attn_token_counts": {
            "Answer": 1
          }
        },
        {
          "condition": "terse_no_explain|L30H27",
          "mean_mass_answer_line": 0.00738525390625,
          "mean_mass_instruction_line": 0.03759765625,
          "mean_mass_line_partition": 1.00079345703125,
          "mean_mass_object_name": 0.08056640625,
          "mean_mass_outside_lines": 0.0,
          "mean_mass_question_line": 0.026123046875,
          "mean_mass_record_line": 0.9296875,
          "mean_mass_relation": 0.006744384765625,
          "mean_mass_self_last": 0.007110595703125,
          "mean_mass_target_value": 0.3203125,
          "mean_target_value_in_record_mass": 0.3203125,
          "n": 1,
          "top_attn_token_counts": {
            "Record": 1
          }
        },
        {
          "condition": "short_only|L34H28",
          "mean_mass_answer_line": 0.734375,
          "mean_mass_instruction_line": 0.037353515625,
          "mean_mass_line_partition": 1.000244140625,
          "mean_mass_object_name": 0.003936767578125,
          "mean_mass_outside_lines": 0.0,
          "mean_mass_question_line": 0.0869140625,
          "mean_mass_record_line": 0.1416015625,
          "mean_mass_relation": 0.07080078125,
          "mean_mass_self_last": 0.70703125,
          "mean_mass_target_value": 0.047119140625,
          "mean_target_value_in_record_mass": 0.047119140625,
          "n": 1,
          "top_attn_token_counts": {
            ":": 1
          }
        },
        {
          "condition": "short_only|L34H5",
          "mean_mass_answer_line": 0.0086669921875,
          "mean_mass_instruction_line": 0.03564453125,
          "mean_mass_line_partition": 0.9989013671875,
          "mean_mass_object_name": 0.1298828125,
          "mean_mass_outside_lines": 0.0010986328125,
          "mean_mass_question_line": 0.07177734375,
          "mean_mass_record_line": 0.8828125,
          "mean_mass_relation": 0.095703125,
          "mean_mass_self_last": 0.0078125,
          "mean_mass_target_value": 0.10302734375,
          "mean_target_value_in_record_mass": 0.10302734375,
          "n": 1,
          "top_attn_token_counts": {
            "Record": 1
          }
        }
      ],
      "heads_high_value_mass": [
        {
          "condition": "terse_no_explain|L31H14",
          "mean_mass_answer_line": 0.000850677490234375,
          "mean_mass_instruction_line": 0.007598876953125,
          "mean_mass_line_partition": 0.9985313415527344,
          "mean_mass_object_name": 0.0032196044921875,
          "mean_mass_outside_lines": 0.001468658447265625,
          "mean_mass_question_line": 0.005706787109375,
          "mean_mass_record_line": 0.984375,
          "mean_mass_relation": 0.0015716552734375,
          "mean_mass_self_last": 0.000835418701171875,
          "mean_mass_target_value": 0.671875,
          "mean_target_value_in_record_mass": 0.671875,
          "n": 1,
          "top_attn_token_counts": {
            " nonce": 1
          }
        },
        {
          "condition": "terse_no_explain|L32H8",
          "mean_mass_answer_line": 0.000865936279296875,
          "mean_mass_instruction_line": 0.00396728515625,
          "mean_mass_line_partition": 1.0030632019042969,
          "mean_mass_object_name": 0.10302734375,
          "mean_mass_outside_lines": 0.0,
          "mean_mass_question_line": 0.01385498046875,
          "mean_mass_record_line": 0.984375,
          "mean_mass_relation": 0.0157470703125,
          "mean_mass_self_last": 0.000766754150390625,
          "mean_mass_target_value": 0.66015625,
          "mean_target_value_in_record_mass": 0.66015625,
          "n": 1,
          "top_attn_token_counts": {
            " nonce": 1
          }
        },
        {
          "condition": "short_only|L32H8",
          "mean_mass_answer_line": 0.00106048583984375,
          "mean_mass_instruction_line": 0.00170135498046875,
          "mean_mass_line_partition": 0.9966583251953125,
          "mean_mass_object_name": 0.11181640625,
          "mean_mass_outside_lines": 0.0033416748046875,
          "mean_mass_question_line": 0.021240234375,
          "mean_mass_record_line": 0.97265625,
          "mean_mass_relation": 0.02490234375,
          "mean_mass_self_last": 0.00102996826171875,
          "mean_mass_target_value": 0.5703125,
          "mean_target_value_in_record_mass": 0.5703125,
          "n": 1,
          "top_attn_token_counts": {
            " nonce": 1
          }
        },
        {
          "condition": "short_only|L31H14",
          "mean_mass_answer_line": 0.00118255615234375,
          "mean_mass_instruction_line": 0.0029754638671875,
          "mean_mass_line_partition": 1.0003128051757812,
          "mean_mass_object_name": 0.004669189453125,
          "mean_mass_outside_lines": 0.0,
          "mean_mass_question_line": 0.00787353515625,
          "mean_mass_record_line": 0.98828125,
          "mean_mass_relation": 0.0020751953125,
          "mean_mass_self_last": 0.0011749267578125,
          "mean_mass_target_value": 0.5703125,
          "mean_target_value_in_record_mass": 0.5703125,
          "n": 1,
          "top_attn_token_counts": {
            " nonce": 1
          }
        },
        {
          "condition": "terse_no_explain|L31H13",
          "mean_mass_answer_line": 0.00191497802734375,
          "mean_mass_instruction_line": 0.0037078857421875,
          "mean_mass_line_partition": 1.0010147094726562,
          "mean_mass_object_name": 0.0013885498046875,
          "mean_mass_outside_lines": 0.0,
          "mean_mass_question_line": 0.007110595703125,
          "mean_mass_record_line": 0.98828125,
          "mean_mass_relation": 0.00093841552734375,
          "mean_mass_self_last": 0.00185394287109375,
          "mean_mass_target_value": 0.390625,
          "mean_target_value_in_record_mass": 0.390625,
          "n": 1,
          "top_attn_token_counts": {
            "Record": 1
          }
        },
        {
          "condition": "terse_no_explain|L30H27",
          "mean_mass_answer_line": 0.00738525390625,
          "mean_mass_instruction_line": 0.03759765625,
          "mean_mass_line_partition": 1.00079345703125,
          "mean_mass_object_name": 0.08056640625,
          "mean_mass_outside_lines": 0.0,
          "mean_mass_question_line": 0.026123046875,
          "mean_mass_record_line": 0.9296875,
          "mean_mass_relation": 0.006744384765625,
          "mean_mass_self_last": 0.007110595703125,
          "mean_mass_target_value": 0.3203125,
          "mean_target_value_in_record_mass": 0.3203125,
          "n": 1,
          "top_attn_token_counts": {
            "Record": 1
          }
        },
        {
          "condition": "terse_no_explain|L33H30",
          "mean_mass_answer_line": 0.0147705078125,
          "mean_mass_instruction_line": 0.0174560546875,
          "mean_mass_line_partition": 1.0,
          "mean_mass_object_name": 0.030029296875,
          "mean_mass_outside_lines": 0.0,
          "mean_mass_question_line": 0.1435546875,
          "mean_mass_record_line": 0.82421875,
          "mean_mass_relation": 0.197265625,
          "mean_mass_self_last": 0.0096435546875,
          "mean_mass_target_value": 0.306640625,
          "mean_target_value_in_record_mass": 0.306640625,
          "n": 1,
          "top_attn_token_counts": {
            "Record": 1
          }
        },
        {
          "condition": "short_only|L33H30",
          "mean_mass_answer_line": 0.00701904296875,
          "mean_mass_instruction_line": 0.017578125,
          "mean_mass_line_partition": 0.99871826171875,
          "mean_mass_object_name": 0.0289306640625,
          "mean_mass_outside_lines": 0.00128173828125,
          "mean_mass_question_line": 0.11865234375,
          "mean_mass_record_line": 0.85546875,
          "mean_mass_relation": 0.1943359375,
          "mean_mass_self_last": 0.00579833984375,
          "mean_mass_target_value": 0.298828125,
          "mean_target_value_in_record_mass": 0.298828125,
          "n": 1,
          "top_attn_token_counts": {
            " nonce": 1
          }
        },
        {
          "condition": "short_only|L31H13",
          "mean_mass_answer_line": 0.001708984375,
          "mean_mass_instruction_line": 0.0037384033203125,
          "mean_mass_line_partition": 0.9997100830078125,
          "mean_mass_object_name": 0.00164794921875,
          "mean_mass_outside_lines": 0.0002899169921875,
          "mean_mass_question_line": 0.0098876953125,
          "mean_mass_record_line": 0.984375,
          "mean_mass_relation": 0.001312255859375,
          "mean_mass_self_last": 0.0016632080078125,
          "mean_mass_target_value": 0.291015625,
          "mean_target_value_in_record_mass": 0.291015625,
          "n": 1,
          "top_attn_token_counts": {
            "Record": 1
          }
        },
        {
          "condition": "terse_no_explain|L34H2",
          "mean_mass_answer_line": 0.02197265625,
          "mean_mass_instruction_line": 0.0118408203125,
          "mean_mass_line_partition": 0.9996337890625,
          "mean_mass_object_name": 0.0289306640625,
          "mean_mass_outside_lines": 0.0003662109375,
          "mean_mass_question_line": 0.1728515625,
          "mean_mass_record_line": 0.79296875,
          "mean_mass_relation": 0.171875,
          "mean_mass_self_last": 0.0218505859375,
          "mean_mass_target_value": 0.291015625,
          "mean_target_value_in_record_mass": 0.291015625,
          "n": 1,
          "top_attn_token_counts": {
            "Record": 1
          }
        },
        {
          "condition": "short_only|L34H2",
          "mean_mass_answer_line": 0.016845703125,
          "mean_mass_instruction_line": 0.00799560546875,
          "mean_mass_line_partition": 1.00042724609375,
          "mean_mass_object_name": 0.0269775390625,
          "mean_mass_outside_lines": 0.0,
          "mean_mass_question_line": 0.1513671875,
          "mean_mass_record_line": 0.82421875,
          "mean_mass_relation": 0.1640625,
          "mean_mass_self_last": 0.0167236328125,
          "mean_mass_target_value": 0.271484375,
          "mean_target_value_in_record_mass": 0.271484375,
          "n": 1,
          "top_attn_token_counts": {
            "Record": 1
          }
        },
        {
          "condition": "short_only|L30H27",
          "mean_mass_answer_line": 0.00408935546875,
          "mean_mass_instruction_line": 0.0118408203125,
          "mean_mass_line_partition": 0.99725341796875,
          "mean_mass_object_name": 0.087890625,
          "mean_mass_outside_lines": 0.00274658203125,
          "mean_mass_question_line": 0.0281982421875,
          "mean_mass_record_line": 0.953125,
          "mean_mass_relation": 0.007049560546875,
          "mean_mass_self_last": 0.00396728515625,
          "mean_mass_target_value": 0.244140625,
          "mean_target_value_in_record_mass": 0.244140625,
          "n": 1,
          "top_attn_token_counts": {
            "Record": 1
          }
        },
        {
          "condition": "terse_no_explain|L31H31",
          "mean_mass_answer_line": 0.0267333984375,
          "mean_mass_instruction_line": 0.05322265625,
          "mean_mass_line_partition": 0.9998779296875,
          "mean_mass_object_name": 0.015380859375,
          "mean_mass_outside_lines": 0.0001220703125,
          "mean_mass_question_line": 0.056640625,
          "mean_mass_record_line": 0.86328125,
          "mean_mass_relation": 0.04052734375,
          "mean_mass_self_last": 0.010498046875,
          "mean_mass_target_value": 0.2041015625,
          "mean_target_value_in_record_mass": 0.2041015625,
          "n": 1,
          "top_attn_token_counts": {
            "Record": 1
          }
        },
        {
          "condition": "short_only|L32H11",
          "mean_mass_answer_line": 0.0047607421875,
          "mean_mass_instruction_line": 0.0084228515625,
          "mean_mass_line_partition": 1.001953125,
          "mean_mass_object_name": 0.0673828125,
          "mean_mass_outside_lines": 0.0,
          "mean_mass_question_line": 0.03173828125,
          "mean_mass_record_line": 0.95703125,
          "mean_mass_relation": 0.00726318359375,
          "mean_mass_self_last": 0.004669189453125,
          "mean_mass_target_value": 0.162109375,
          "mean_target_value_in_record_mass": 0.162109375,
          "n": 1,
          "top_attn_token_counts": {
            "Record": 1
          }
        },
        {
          "condition": "terse_no_explain|L32H11",
          "mean_mass_answer_line": 0.0045166015625,
          "mean_mass_instruction_line": 0.056884765625,
          "mean_mass_line_partition": 1.0001220703125,
          "mean_mass_object_name": 0.05517578125,
          "mean_mass_outside_lines": 0.0,
          "mean_mass_question_line": 0.020751953125,
          "mean_mass_record_line": 0.91796875,
          "mean_mass_relation": 0.004425048828125,
          "mean_mass_self_last": 0.004150390625,
          "mean_mass_target_value": 0.134765625,
          "mean_target_value_in_record_mass": 0.134765625,
          "n": 1,
          "top_attn_token_counts": {
            "Record": 1
          }
        },
        {
          "condition": "short_only|L31H31",
          "mean_mass_answer_line": 0.02001953125,
          "mean_mass_instruction_line": 0.01953125,
          "mean_mass_line_partition": 0.99951171875,
          "mean_mass_object_name": 0.01312255859375,
          "mean_mass_outside_lines": 0.00048828125,
          "mean_mass_question_line": 0.0654296875,
          "mean_mass_record_line": 0.89453125,
          "mean_mass_relation": 0.061279296875,
          "mean_mass_self_last": 0.00909423828125,
          "mean_mass_target_value": 0.11474609375,
          "mean_target_value_in_record_mass": 0.11474609375,
          "n": 1,
          "top_attn_token_counts": {
            "Record": 1
          }
        },
        {
          "condition": "terse_no_explain|L34H5",
          "mean_mass_answer_line": 0.0135498046875,
          "mean_mass_instruction_line": 0.0277099609375,
          "mean_mass_line_partition": 0.998779296875,
          "mean_mass_object_name": 0.134765625,
          "mean_mass_outside_lines": 0.001220703125,
          "mean_mass_question_line": 0.09033203125,
          "mean_mass_record_line": 0.8671875,
          "mean_mass_relation": 0.10888671875,
          "mean_mass_self_last": 0.007598876953125,
          "mean_mass_target_value": 0.1044921875,
          "mean_target_value_in_record_mass": 0.1044921875,
          "n": 1,
          "top_attn_token_counts": {
            "Record": 1
          }
        },
        {
          "condition": "short_only|L34H5",
          "mean_mass_answer_line": 0.0086669921875,
          "mean_mass_instruction_line": 0.03564453125,
          "mean_mass_line_partition": 0.9989013671875,
          "mean_mass_object_name": 0.1298828125,
          "mean_mass_outside_lines": 0.0010986328125,
          "mean_mass_question_line": 0.07177734375,
          "mean_mass_record_line": 0.8828125,
          "mean_mass_relation": 0.095703125,
          "mean_mass_self_last": 0.0078125,
          "mean_mass_target_value": 0.10302734375,
          "mean_target_value_in_record_mass": 0.10302734375,
          "n": 1,
          "top_attn_token_counts": {
            "Record": 1
          }
        },
        {
          "condition": "terse_no_explain|L31H6",
          "mean_mass_answer_line": 0.00058746337890625,
          "mean_mass_instruction_line": 0.00885009765625,
          "mean_mass_line_partition": 1.0017471313476562,
          "mean_mass_object_name": 0.0059814453125,
          "mean_mass_outside_lines": 0.0,
          "mean_mass_question_line": 0.0196533203125,
          "mean_mass_record_line": 0.97265625,
          "mean_mass_relation": 0.0155029296875,
          "mean_mass_self_last": 0.0004787445068359375,
          "mean_mass_target_value": 0.07080078125,
          "mean_target_value_in_record_mass": 0.07080078125,
          "n": 1,
          "top_attn_token_counts": {
            "Record": 1
          }
        },
        {
          "condition": "terse_no_explain|L33H20",
          "mean_mass_answer_line": 0.0390625,
          "mean_mass_instruction_line": 0.06982421875,
          "mean_mass_line_partition": 1.00146484375,
          "mean_mass_object_name": 0.006011962890625,
          "mean_mass_outside_lines": 0.0,
          "mean_mass_question_line": 0.041015625,
          "mean_mass_record_line": 0.8515625,
          "mean_mass_relation": 0.037109375,
          "mean_mass_self_last": 0.00518798828125,
          "mean_mass_target_value": 0.0634765625,
          "mean_target_value_in_record_mass": 0.0634765625,
          "n": 1,
          "top_attn_token_counts": {
            "Record": 1
          }
        },
        {
          "condition": "short_only|L34H7",
          "mean_mass_answer_line": 0.034912109375,
          "mean_mass_instruction_line": 0.034912109375,
          "mean_mass_line_partition": 0.99658203125,
          "mean_mass_object_name": 0.032958984375,
          "mean_mass_outside_lines": 0.00341796875,
          "mean_mass_question_line": 0.1103515625,
          "mean_mass_record_line": 0.81640625,
          "mean_mass_relation": 0.08251953125,
          "mean_mass_self_last": 0.02880859375,
          "mean_mass_target_value": 0.06201171875,
          "mean_target_value_in_record_mass": 0.06201171875,
          "n": 1,
          "top_attn_token_counts": {
            "Record": 1
          }
        },
        {
          "condition": "short_only|L34H21",
          "mean_mass_answer_line": 0.2275390625,
          "mean_mass_instruction_line": 0.051513671875,
          "mean_mass_line_partition": 0.999755859375,
          "mean_mass_object_name": 0.037353515625,
          "mean_mass_outside_lines": 0.000244140625,
          "mean_mass_question_line": 0.115234375,
          "mean_mass_record_line": 0.60546875,
          "mean_mass_relation": 0.04296875,
          "mean_mass_self_last": 0.216796875,
          "mean_mass_target_value": 0.056884765625,
          "mean_target_value_in_record_mass": 0.056884765625,
          "n": 1,
          "top_attn_token_counts": {
            "Record": 1
          }
        },
        {
          "condition": "terse_no_explain|L34H21",
          "mean_mass_answer_line": 0.185546875,
          "mean_mass_instruction_line": 0.0301513671875,
          "mean_mass_line_partition": 1.0018310546875,
          "mean_mass_object_name": 0.054931640625,
          "mean_mass_outside_lines": 0.0,
          "mean_mass_question_line": 0.1376953125,
          "mean_mass_record_line": 0.6484375,
          "mean_mass_relation": 0.04443359375,
          "mean_mass_self_last": 0.16796875,
          "mean_mass_target_value": 0.056396484375,
          "mean_target_value_in_record_mass": 0.056396484375,
          "n": 1,
          "top_attn_token_counts": {
            "Record": 1
          }
        },
        {
          "condition": "short_only|L33H20",
          "mean_mass_answer_line": 0.0238037109375,
          "mean_mass_instruction_line": 0.0196533203125,
          "mean_mass_line_partition": 0.999755859375,
          "mean_mass_object_name": 0.004913330078125,
          "mean_mass_outside_lines": 0.000244140625,
          "mean_mass_question_line": 0.038330078125,
          "mean_mass_record_line": 0.91796875,
          "mean_mass_relation": 0.03564453125,
          "mean_mass_self_last": 0.0087890625,
          "mean_mass_target_value": 0.055908203125,
          "mean_target_value_in_record_mass": 0.055908203125,
          "n": 1,
          "top_attn_token_counts": {
            "Record": 1
          }
        },
        {
          "condition": "terse_no_explain|L34H7",
          "mean_mass_answer_line": 0.04833984375,
          "mean_mass_instruction_line": 0.10693359375,
          "mean_mass_line_partition": 1.0009765625,
          "mean_mass_object_name": 0.024169921875,
          "mean_mass_outside_lines": 0.0,
          "mean_mass_question_line": 0.126953125,
          "mean_mass_record_line": 0.71875,
          "mean_mass_relation": 0.068359375,
          "mean_mass_self_last": 0.03076171875,
          "mean_mass_target_value": 0.052490234375,
          "mean_target_value_in_record_mass": 0.052490234375,
          "n": 1,
          "top_attn_token_counts": {
            "Record": 1
          }
        },
        {
          "condition": "short_only|L31H6",
          "mean_mass_answer_line": 0.000579833984375,
          "mean_mass_instruction_line": 0.005706787109375,
          "mean_mass_line_partition": 0.99920654296875,
          "mean_mass_object_name": 0.00592041015625,
          "mean_mass_outside_lines": 0.00079345703125,
          "mean_mass_question_line": 0.020263671875,
          "mean_mass_record_line": 0.97265625,
          "mean_mass_relation": 0.017333984375,
          "mean_mass_self_last": 0.000545501708984375,
          "mean_mass_target_value": 0.04931640625,
          "mean_target_value_in_record_mass": 0.04931640625,
          "n": 1,
          "top_attn_token_counts": {
            "Record": 1
          }
        },
        {
          "condition": "short_only|L34H28",
          "mean_mass_answer_line": 0.734375,
          "mean_mass_instruction_line": 0.037353515625,
          "mean_mass_line_partition": 1.000244140625,
          "mean_mass_object_name": 0.003936767578125,
          "mean_mass_outside_lines": 0.0,
          "mean_mass_question_line": 0.0869140625,
          "mean_mass_record_line": 0.1416015625,
          "mean_mass_relation": 0.07080078125,
          "mean_mass_self_last": 0.70703125,
          "mean_mass_target_value": 0.047119140625,
          "mean_target_value_in_record_mass": 0.047119140625,
          "n": 1,
          "top_attn_token_counts": {
            ":": 1
          }
        },
        {
          "condition": "terse_no_explain|L34H28",
          "mean_mass_answer_line": 0.7421875,
          "mean_mass_instruction_line": 0.041015625,
          "mean_mass_line_partition": 1.00146484375,
          "mean_mass_object_name": 0.007049560546875,
          "mean_mass_outside_lines": 0.0,
          "mean_mass_question_line": 0.09130859375,
          "mean_mass_record_line": 0.126953125,
          "mean_mass_relation": 0.05029296875,
          "mean_mass_self_last": 0.70703125,
          "mean_mass_target_value": 0.0311279296875,
          "mean_target_value_in_record_mass": 0.0311279296875,
          "n": 1,
          "top_attn_token_counts": {
            ":": 1
          }
        },
        {
          "condition": "short_only|L34H31",
          "mean_mass_answer_line": 0.12451171875,
          "mean_mass_instruction_line": 0.004486083984375,
          "mean_mass_line_partition": 0.998626708984375,
          "mean_mass_object_name": 0.01324462890625,
          "mean_mass_outside_lines": 0.001373291015625,
          "mean_mass_question_line": 0.02587890625,
          "mean_mass_record_line": 0.84375,
          "mean_mass_relation": 0.04052734375,
          "mean_mass_self_last": 0.12255859375,
          "mean_mass_target_value": 0.0272216796875,
          "mean_target_value_in_record_mass": 0.0272216796875,
          "n": 1,
          "top_attn_token_counts": {
            "Record": 1
          }
        },
        {
          "condition": "short_only|L35H8",
          "mean_mass_answer_line": 0.189453125,
          "mean_mass_instruction_line": 0.298828125,
          "mean_mass_line_partition": 1.00048828125,
          "mean_mass_object_name": 0.0341796875,
          "mean_mass_outside_lines": 0.0,
          "mean_mass_question_line": 0.12158203125,
          "mean_mass_record_line": 0.390625,
          "mean_mass_relation": 0.022216796875,
          "mean_mass_self_last": 0.054443359375,
          "mean_mass_target_value": 0.0267333984375,
          "mean_target_value_in_record_mass": 0.0267333984375,
          "n": 1,
          "top_attn_token_counts": {
            "Record": 1
          }
        },
        {
          "condition": "terse_no_explain|L35H29",
          "mean_mass_answer_line": 0.03857421875,
          "mean_mass_instruction_line": 0.1650390625,
          "mean_mass_line_partition": 0.9990234375,
          "mean_mass_object_name": 0.0067138671875,
          "mean_mass_outside_lines": 0.0009765625,
          "mean_mass_question_line": 0.04150390625,
          "mean_mass_record_line": 0.75390625,
          "mean_mass_relation": 0.01953125,
          "mean_mass_self_last": 0.0302734375,
          "mean_mass_target_value": 0.026123046875,
          "mean_target_value_in_record_mass": 0.026123046875,
          "n": 1,
          "top_attn_token_counts": {
            "Record": 1
          }
        },
        {
          "condition": "terse_no_explain|L35H8",
          "mean_mass_answer_line": 0.1591796875,
          "mean_mass_instruction_line": 0.375,
          "mean_mass_line_partition": 0.9990234375,
          "mean_mass_object_name": 0.0302734375,
          "mean_mass_outside_lines": 0.0009765625,
          "mean_mass_question_line": 0.11328125,
          "mean_mass_record_line": 0.3515625,
          "mean_mass_relation": 0.018798828125,
          "mean_mass_self_last": 0.061279296875,
          "mean_mass_target_value": 0.0233154296875,
          "mean_target_value_in_record_mass": 0.0233154296875,
          "n": 1,
          "top_attn_token_counts": {
            "Record": 1
          }
        }
      ],
      "n_rows": 64
    },
    "top_candidate_heads": [
      {
        "head": 8,
        "head_key": "L32H8",
        "layer": 32,
        "mean_delta_norm": 6.070383071899414,
        "mean_direct_effect": 1.1504446268081665
      },
      {
        "head": 14,
        "head_key": "L31H14",
        "layer": 31,
        "mean_delta_norm": 5.2138800621032715,
        "mean_direct_effect": 0.9653139114379883
      },
      {
        "head": 20,
        "head_key": "L33H20",
        "layer": 33,
        "mean_delta_norm": 5.234091281890869,
        "mean_direct_effect": 0.9033035039901733
      },
      {
        "head": 6,
        "head_key": "L31H6",
        "layer": 31,
        "mean_delta_norm": 4.176664352416992,
        "mean_direct_effect": 0.6558659672737122
      },
      {
        "head": 28,
        "head_key": "L34H28",
        "layer": 34,
        "mean_delta_norm": 7.613302230834961,
        "mean_direct_effect": 0.44674384593963623
      },
      {
        "head": 25,
        "head_key": "L35H25",
        "layer": 35,
        "mean_delta_norm": 16.18219757080078,
        "mean_direct_effect": 0.4198244512081146
      },
      {
        "head": 2,
        "head_key": "L35H2",
        "layer": 35,
        "mean_delta_norm": 8.333897590637207,
        "mean_direct_effect": 0.4176633358001709
      },
      {
        "head": 25,
        "head_key": "L32H25",
        "layer": 32,
        "mean_delta_norm": 11.07802963256836,
        "mean_direct_effect": 0.4018687307834625
      },
      {
        "head": 8,
        "head_key": "L35H8",
        "layer": 35,
        "mean_delta_norm": 6.3177170753479,
        "mean_direct_effect": 0.3841310143470764
      },
      {
        "head": 9,
        "head_key": "L34H9",
        "layer": 34,
        "mean_delta_norm": 9.328253746032715,
        "mean_direct_effect": 0.3566552996635437
      },
      {
        "head": 26,
        "head_key": "L35H26",
        "layer": 35,
        "mean_delta_norm": 5.381490707397461,
        "mean_direct_effect": 0.3188154101371765
      },
      {
        "head": 1,
        "head_key": "L35H1",
        "layer": 35,
        "mean_delta_norm": 6.707365989685059,
        "mean_direct_effect": 0.3059495687484741
      },
      {
        "head": 27,
        "head_key": "L30H27",
        "layer": 30,
        "mean_delta_norm": 3.352837324142456,
        "mean_direct_effect": 0.29835957288742065
      },
      {
        "head": 19,
        "head_key": "L34H19",
        "layer": 34,
        "mean_delta_norm": 15.547513008117676,
        "mean_direct_effect": 0.28332024812698364
      },
      {
        "head": 7,
        "head_key": "L34H7",
        "layer": 34,
        "mean_delta_norm": 6.642995357513428,
        "mean_direct_effect": 0.2620683014392853
      },
      {
        "head": 19,
        "head_key": "L31H19",
        "layer": 31,
        "mean_delta_norm": 3.71258544921875,
        "mean_direct_effect": 0.23665538430213928
      },
      {
        "head": 15,
        "head_key": "L35H15",
        "layer": 35,
        "mean_delta_norm": 5.9670233726501465,
        "mean_direct_effect": 0.2338067591190338
      },
      {
        "head": 31,
        "head_key": "L31H31",
        "layer": 31,
        "mean_delta_norm": 5.999296188354492,
        "mean_direct_effect": 0.23204097151756287
      },
      {
        "head": 30,
        "head_key": "L33H30",
        "layer": 33,
        "mean_delta_norm": 3.572964668273926,
        "mean_direct_effect": 0.2170877754688263
      },
      {
        "head": 24,
        "head_key": "L32H24",
        "layer": 32,
        "mean_delta_norm": 3.9860775470733643,
        "mean_direct_effect": 0.18515977263450623
      },
      {
        "head": 7,
        "head_key": "L33H7",
        "layer": 33,
        "mean_delta_norm": 6.9308342933654785,
        "mean_direct_effect": 0.1758899688720703
      },
      {
        "head": 20,
        "head_key": "L34H20",
        "layer": 34,
        "mean_delta_norm": 10.501007080078125,
        "mean_direct_effect": 0.15094639360904694
      },
      {
        "head": 29,
        "head_key": "L35H29",
        "layer": 35,
        "mean_delta_norm": 4.34069299697876,
        "mean_direct_effect": 0.142523854970932
      },
      {
        "head": 11,
        "head_key": "L32H11",
        "layer": 32,
        "mean_delta_norm": 2.8234198093414307,
        "mean_direct_effect": 0.13604894280433655
      },
      {
        "head": 2,
        "head_key": "L34H2",
        "layer": 34,
        "mean_delta_norm": 2.3322067260742188,
        "mean_direct_effect": 0.13266621530056
      },
      {
        "head": 31,
        "head_key": "L34H31",
        "layer": 34,
        "mean_delta_norm": 6.114436149597168,
        "mean_direct_effect": 0.12744203209877014
      },
      {
        "head": 25,
        "head_key": "L34H25",
        "layer": 34,
        "mean_delta_norm": 6.458653926849365,
        "mean_direct_effect": 0.10620023310184479
      },
      {
        "head": 13,
        "head_key": "L31H13",
        "layer": 31,
        "mean_delta_norm": 5.352831840515137,
        "mean_direct_effect": 0.1010471060872078
      },
      {
        "head": 5,
        "head_key": "L34H5",
        "layer": 34,
        "mean_delta_norm": 2.4678256511688232,
        "mean_direct_effect": 0.10078293085098267
      },
      {
        "head": 23,
        "head_key": "L30H23",
        "layer": 30,
        "mean_delta_norm": 5.00440788269043,
        "mean_direct_effect": 0.09567376226186752
      },
      {
        "head": 21,
        "head_key": "L34H21",
        "layer": 34,
        "mean_delta_norm": 3.1242594718933105,
        "mean_direct_effect": 0.09112894535064697
      },
      {
        "head": 22,
        "head_key": "L33H22",
        "layer": 33,
        "mean_delta_norm": 1.3370728492736816,
        "mean_direct_effect": 0.09097187221050262
      },
      {
        "head": 17,
        "head_key": "L30H17",
        "layer": 30,
        "mean_delta_norm": 2.8274974822998047,
        "mean_direct_effect": 0.08551858365535736
      },
      {
        "head": 0,
        "head_key": "L34H0",
        "layer": 34,
        "mean_delta_norm": 1.813780665397644,
        "mean_direct_effect": 0.0779380351305008
      },
      {
        "head": 11,
        "head_key": "L33H11",
        "layer": 33,
        "mean_delta_norm": 2.020061492919922,
        "mean_direct_effect": 0.07758138328790665
      },
      {
        "head": 28,
        "head_key": "L33H28",
        "layer": 33,
        "mean_delta_norm": 3.0546905994415283,
        "mean_direct_effect": 0.07686708867549896
      },
      {
        "head": 6,
        "head_key": "L33H6",
        "layer": 33,
        "mean_delta_norm": 3.5310962200164795,
        "mean_direct_effect": 0.07568420469760895
      },
      {
        "head": 5,
        "head_key": "L35H5",
        "layer": 35,
        "mean_delta_norm": 5.2195234298706055,
        "mean_direct_effect": 0.06591080129146576
      },
      {
        "head": 23,
        "head_key": "L34H23",
        "layer": 34,
        "mean_delta_norm": 8.801436424255371,
        "mean_direct_effect": 0.061906348913908005
      },
      {
        "head": 7,
        "head_key": "L30H7",
        "layer": 30,
        "mean_delta_norm": 5.121862888336182,
        "mean_direct_effect": 0.06051315739750862
      },
      {
        "head": 29,
        "head_key": "L33H29",
        "layer": 33,
        "mean_delta_norm": 3.0131828784942627,
        "mean_direct_effect": 0.050504859536886215
      },
      {
        "head": 16,
        "head_key": "L32H16",
        "layer": 32,
        "mean_delta_norm": 1.0803033113479614,
        "mean_direct_effect": 0.047866929322481155
      },
      {
        "head": 0,
        "head_key": "L32H0",
        "layer": 32,
        "mean_delta_norm": 1.2123116254806519,
        "mean_direct_effect": 0.04516643285751343
      },
      {
        "head": 22,
        "head_key": "L34H22",
        "layer": 34,
        "mean_delta_norm": 1.1859633922576904,
        "mean_direct_effect": 0.04515954852104187
      },
      {
        "head": 14,
        "head_key": "L33H14",
        "layer": 33,
        "mean_delta_norm": 1.0639028549194336,
        "mean_direct_effect": 0.045044876635074615
      },
      {
        "head": 23,
        "head_key": "L35H23",
        "layer": 35,
        "mean_delta_norm": 1.9707765579223633,
        "mean_direct_effect": 0.04475473612546921
      },
      {
        "head": 24,
        "head_key": "L35H24",
        "layer": 35,
        "mean_delta_norm": 6.371872425079346,
        "mean_direct_effect": 0.042300961911678314
      },
      {
        "head": 16,
        "head_key": "L35H16",
        "layer": 35,
        "mean_delta_norm": 0.8048883676528931,
        "mean_direct_effect": 0.04171059653162956
      }
    ]
  },
  "timestamp": "2026-06-26 16:54:11",
  "title": "Answer-Last Attention Head and Source-Token Path Audit",
  "transfer_layers": [
    30,
    31,
    32,
    33,
    34,
    35
  ]
}
