{
  "models": [
    {
      "channel_counts": [
        32,
        64,
        128,
        256,
        512
      ],
      "model": "deepseek7b",
      "n_paired_cases": 72,
      "phase": 706,
      "phase698_top_heads": [
        {
          "head": 15,
          "head_key": "L26H15",
          "layer": 26,
          "mean_delta_norm": 29.248977922730976,
          "mean_direct_effect": 4.4925542091433375
        },
        {
          "head": 19,
          "head_key": "L26H19",
          "layer": 26,
          "mean_delta_norm": 19.06778096159299,
          "mean_direct_effect": 4.2177774300022675
        },
        {
          "head": 11,
          "head_key": "L23H11",
          "layer": 23,
          "mean_delta_norm": 23.177777217494118,
          "mean_direct_effect": 2.973575750986735
        },
        {
          "head": 2,
          "head_key": "L27H2",
          "layer": 27,
          "mean_delta_norm": 11.188924981488121,
          "mean_direct_effect": 2.539202939434391
        },
        {
          "head": 19,
          "head_key": "L23H19",
          "layer": 23,
          "mean_delta_norm": 10.124662246969011,
          "mean_direct_effect": 1.4362748730927706
        },
        {
          "head": 0,
          "head_key": "L26H0",
          "layer": 26,
          "mean_delta_norm": 7.609525624248716,
          "mean_direct_effect": 1.2225809053828318
        },
        {
          "head": 3,
          "head_key": "L27H3",
          "layer": 27,
          "mean_delta_norm": 7.116602563195759,
          "mean_direct_effect": 0.9806504672807124
        },
        {
          "head": 14,
          "head_key": "L26H14",
          "layer": 26,
          "mean_delta_norm": 12.313356475697624,
          "mean_direct_effect": 0.8729744055825803
        },
        {
          "head": 24,
          "head_key": "L26H24",
          "layer": 26,
          "mean_delta_norm": 9.492230375607809,
          "mean_direct_effect": 0.7749587056330509
        },
        {
          "head": 17,
          "head_key": "L27H17",
          "layer": 27,
          "mean_delta_norm": 14.5741415851646,
          "mean_direct_effect": 0.7687556908155481
        },
        {
          "head": 19,
          "head_key": "L27H19",
          "layer": 27,
          "mean_delta_norm": 10.1534104347229,
          "mean_direct_effect": 0.7633171753647426
        },
        {
          "head": 18,
          "head_key": "L23H18",
          "layer": 23,
          "mean_delta_norm": 5.078802863756816,
          "mean_direct_effect": 0.7377331018603096
        },
        {
          "head": 25,
          "head_key": "L26H25",
          "layer": 26,
          "mean_delta_norm": 12.18548615773519,
          "mean_direct_effect": 0.7189168700327476
        },
        {
          "head": 24,
          "head_key": "L27H24",
          "layer": 27,
          "mean_delta_norm": 7.849318673213323,
          "mean_direct_effect": 0.7153872634387679
        },
        {
          "head": 3,
          "head_key": "L26H3",
          "layer": 26,
          "mean_delta_norm": 5.540479630231857,
          "mean_direct_effect": 0.6898659559535898
        },
        {
          "head": 17,
          "head_key": "L26H17",
          "layer": 26,
          "mean_delta_norm": 9.831613653235966,
          "mean_direct_effect": 0.6339309266250994
        },
        {
          "head": 26,
          "head_key": "L26H26",
          "layer": 26,
          "mean_delta_norm": 8.242560856872135,
          "mean_direct_effect": 0.6307287169620395
        },
        {
          "head": 23,
          "head_key": "L26H23",
          "layer": 26,
          "mean_delta_norm": 7.551541325118807,
          "mean_direct_effect": 0.433489599575599
        },
        {
          "head": 27,
          "head_key": "L24H27",
          "layer": 24,
          "mean_delta_norm": 7.981577588452233,
          "mean_direct_effect": 0.42334129847586155
        },
        {
          "head": 9,
          "head_key": "L25H9",
          "layer": 25,
          "mean_delta_norm": 5.910101824336582,
          "mean_direct_effect": 0.38926081583162564
        },
        {
          "head": 6,
          "head_key": "L26H6",
          "layer": 26,
          "mean_delta_norm": 5.517323878076342,
          "mean_direct_effect": 0.3613440594635904
        },
        {
          "head": 21,
          "head_key": "L24H21",
          "layer": 24,
          "mean_delta_norm": 6.268677466445499,
          "mean_direct_effect": 0.359568784556662
        },
        {
          "head": 5,
          "head_key": "L23H5",
          "layer": 23,
          "mean_delta_norm": 5.941143479612139,
          "mean_direct_effect": 0.3467910471889708
        },
        {
          "head": 12,
          "head_key": "L25H12",
          "layer": 25,
          "mean_delta_norm": 5.101514693763521,
          "mean_direct_effect": 0.31159046111214495
        },
        {
          "head": 16,
          "head_key": "L24H16",
          "layer": 24,
          "mean_delta_norm": 4.94353688094351,
          "mean_direct_effect": 0.27811968559399247
        },
        {
          "head": 1,
          "head_key": "L26H1",
          "layer": 26,
          "mean_delta_norm": 5.3902922504478035,
          "mean_direct_effect": 0.23483875717243385
        },
        {
          "head": 14,
          "head_key": "L25H14",
          "layer": 25,
          "mean_delta_norm": 8.33845697508918,
          "mean_direct_effect": 0.23077295855101612
        },
        {
          "head": 1,
          "head_key": "L27H1",
          "layer": 27,
          "mean_delta_norm": 8.816206577751371,
          "mean_direct_effect": 0.23056770811995697
        },
        {
          "head": 5,
          "head_key": "L27H5",
          "layer": 27,
          "mean_delta_norm": 6.022420446077983,
          "mean_direct_effect": 0.21602384596028262
        },
        {
          "head": 6,
          "head_key": "L23H6",
          "layer": 23,
          "mean_delta_norm": 3.7144250952535205,
          "mean_direct_effect": 0.211940202034182
        },
        {
          "head": 23,
          "head_key": "L24H23",
          "layer": 24,
          "mean_delta_norm": 4.0265012019210396,
          "mean_direct_effect": 0.19667107531697386
        },
        {
          "head": 11,
          "head_key": "L26H11",
          "layer": 26,
          "mean_delta_norm": 5.570882015758091,
          "mean_direct_effect": 0.18218871063759756
        }
      ],
      "source_combo": [
        "target_value",
        "answer_line",
        "self_last"
      ],
      "summary": {
        "best_degradation_conditions": [
          {
            "condition": "degradation|all_positive_source_channels",
            "donor_value_top1_rate": 0.0,
            "mean_continuation_route_rank": 13.131578947368421,
            "mean_donor_minus_continuation": -7.8959703947368425,
            "mean_donor_minus_prose": -10.690378289473685,
            "mean_donor_value_rank": 11900.605263157895,
            "mean_final_proj_effect": 38.671945477786814,
            "mean_n_channels": 2838.0,
            "mean_patched_rank": 276.42105263157896,
            "mean_pmv_effect": 5.8227796052631575,
            "mean_prose_route_rank": 1.7894736842105263,
            "mean_rank_effect": 275.42105263157896,
            "mean_target_minus_continuation": -6.341694078947368,
            "mean_target_minus_donor": 1.5542763157894737,
            "mean_target_minus_prose": -9.13610197368421,
            "mean_target_value_rank": 6979.8421052631575,
            "n": 38,
            "patched_best_other_route": {
              "prose": 38
            },
            "patched_top1_rate": 0.0,
            "success_change_rate": 1.0,
            "target_value_top1_rate": 0.0
          },
          {
            "condition": "degradation|source_top_channel_512",
            "donor_value_top1_rate": 0.0,
            "mean_continuation_route_rank": 14.5,
            "mean_donor_minus_continuation": -10.848530016447368,
            "mean_donor_minus_prose": -13.697214226973685,
            "mean_donor_value_rank": 31239.263157894737,
            "mean_final_proj_effect": 15.440061606858906,
            "mean_n_channels": 512.0,
            "mean_patched_rank": 36.18421052631579,
            "mean_pmv_effect": 1.9268092105263157,
            "mean_prose_route_rank": 2.3421052631578947,
            "mean_rank_effect": 35.18421052631579,
            "mean_target_minus_continuation": -3.0349506578947367,
            "mean_target_minus_donor": 7.813579358552632,
            "mean_target_minus_prose": -5.883634868421052,
            "mean_target_value_rank": 1368.1052631578948,
            "n": 38,
            "patched_best_other_route": {
              "prose": 38
            },
            "patched_top1_rate": 0.6052631578947368,
            "success_change_rate": 0.39473684210526316,
            "target_value_top1_rate": 0.0
          },
          {
            "condition": "degradation|source_top_channel_256",
            "donor_value_top1_rate": 0.0,
            "mean_continuation_route_rank": 14.210526315789474,
            "mean_donor_minus_continuation": -11.121055201480264,
            "mean_donor_minus_prose": -13.869410464638158,
            "mean_donor_value_rank": 34414.97368421053,
            "mean_final_proj_effect": 10.293518891460018,
            "mean_n_channels": 256.0,
            "mean_patched_rank": 8.157894736842104,
            "mean_pmv_effect": 1.2171052631578947,
            "mean_prose_route_rank": 2.5526315789473686,
            "mean_rank_effect": 7.157894736842105,
            "mean_target_minus_continuation": -2.4720394736842106,
            "mean_target_minus_donor": 8.649015727796053,
            "mean_target_minus_prose": -5.220394736842105,
            "mean_target_value_rank": 346.10526315789474,
            "n": 38,
            "patched_best_other_route": {
              "prose": 38
            },
            "patched_top1_rate": 0.7368421052631579,
            "success_change_rate": 0.2631578947368421,
            "target_value_top1_rate": 0.0
          },
          {
            "condition": "degradation|source_top_channel_128",
            "donor_value_top1_rate": 0.0,
            "mean_continuation_route_rank": 13.842105263157896,
            "mean_donor_minus_continuation": -11.386371813322368,
            "mean_donor_minus_prose": -14.037687602796053,
            "mean_donor_value_rank": 38046.86842105263,
            "mean_final_proj_effect": 6.746600069497761,
            "mean_n_channels": 128.0,
            "mean_patched_rank": 2.8947368421052633,
            "mean_pmv_effect": 0.7828947368421053,
            "mean_prose_route_rank": 2.710526315789474,
            "mean_rank_effect": 1.894736842105263,
            "mean_target_minus_continuation": -2.1426809210526314,
            "mean_target_minus_donor": 9.243690892269736,
            "mean_target_minus_prose": -4.793996710526316,
            "mean_target_value_rank": 202.71052631578948,
            "n": 38,
            "patched_best_other_route": {
              "prose": 38
            },
            "patched_top1_rate": 0.8421052631578947,
            "success_change_rate": 0.15789473684210525,
            "target_value_top1_rate": 0.0
          },
          {
            "condition": "degradation|source_random_channel_512",
            "donor_value_top1_rate": 0.0,
            "mean_continuation_route_rank": 13.263157894736842,
            "mean_donor_minus_continuation": -11.016530890213815,
            "mean_donor_minus_prose": -13.5428466796875,
            "mean_donor_value_rank": 33046.81578947369,
            "mean_final_proj_effect": 2.632482459670619,
            "mean_n_channels": 512.0,
            "mean_patched_rank": 1.2105263157894737,
            "mean_pmv_effect": 0.4194078947368421,
            "mean_prose_route_rank": 2.8947368421052633,
            "mean_rank_effect": 0.21052631578947367,
            "mean_target_minus_continuation": -2.072779605263158,
            "mean_target_minus_donor": 8.943751284950658,
            "mean_target_minus_prose": -4.5990953947368425,
            "mean_target_value_rank": 223.55263157894737,
            "n": 38,
            "patched_best_other_route": {
              "prose": 38
            },
            "patched_top1_rate": 0.868421052631579,
            "success_change_rate": 0.13157894736842105,
            "target_value_top1_rate": 0.0
          },
          {
            "condition": "degradation|source_top_channel_64",
            "donor_value_top1_rate": 0.0,
            "mean_continuation_route_rank": 13.631578947368421,
            "mean_donor_minus_continuation": -11.474105031866776,
            "mean_donor_minus_prose": -14.064565558182565,
            "mean_donor_value_rank": 39397.26315789474,
            "mean_final_proj_effect": 4.211965918540955,
            "mean_n_channels": 64.0,
            "mean_patched_rank": 1.6578947368421053,
            "mean_pmv_effect": 0.5,
            "mean_prose_route_rank": 2.6578947368421053,
            "mean_rank_effect": 0.6578947368421053,
            "mean_target_minus_continuation": -1.9716282894736843,
            "mean_target_minus_donor": 9.502476742393092,
            "mean_target_minus_prose": -4.5620888157894735,
            "mean_target_value_rank": 175.78947368421052,
            "n": 38,
            "patched_best_other_route": {
              "prose": 38
            },
            "patched_top1_rate": 0.8947368421052632,
            "success_change_rate": 0.10526315789473684,
            "target_value_top1_rate": 0.0
          },
          {
            "condition": "degradation|source_top_channel_32",
            "donor_value_top1_rate": 0.0,
            "mean_continuation_route_rank": 13.789473684210526,
            "mean_donor_minus_continuation": -11.438717490748354,
            "mean_donor_minus_prose": -13.974901701274671,
            "mean_donor_value_rank": 39879.36842105263,
            "mean_final_proj_effect": 2.1211078355186865,
            "mean_n_channels": 32.0,
            "mean_patched_rank": 1.1842105263157894,
            "mean_pmv_effect": 0.23519736842105263,
            "mean_prose_route_rank": 2.8684210526315788,
            "mean_rank_effect": 0.18421052631578946,
            "mean_target_minus_continuation": -1.792763157894737,
            "mean_target_minus_donor": 9.645954332853618,
            "mean_target_minus_prose": -4.328947368421052,
            "mean_target_value_rank": 187.31578947368422,
            "n": 38,
            "patched_best_other_route": {
              "prose": 38
            },
            "patched_top1_rate": 0.8947368421052632,
            "success_change_rate": 0.10526315789473684,
            "target_value_top1_rate": 0.0
          },
          {
            "condition": "degradation|source_random_channel_256",
            "donor_value_top1_rate": 0.0,
            "mean_continuation_route_rank": 13.236842105263158,
            "mean_donor_minus_continuation": -11.270430715460526,
            "mean_donor_minus_prose": -13.709575452302632,
            "mean_donor_value_rank": 36455.05263157895,
            "mean_final_proj_effect": 0.904474979952762,
            "mean_n_channels": 256.0,
            "mean_patched_rank": 1.0263157894736843,
            "mean_pmv_effect": 0.13980263157894737,
            "mean_prose_route_rank": 3.1315789473684212,
            "mean_rank_effect": 0.02631578947368421,
            "mean_target_minus_continuation": -1.9017269736842106,
            "mean_target_minus_donor": 9.368703741776315,
            "mean_target_minus_prose": -4.340871710526316,
            "mean_target_value_rank": 183.81578947368422,
            "n": 38,
            "patched_best_other_route": {
              "prose": 38
            },
            "patched_top1_rate": 0.9736842105263158,
            "success_change_rate": 0.02631578947368421,
            "target_value_top1_rate": 0.0
          },
          {
            "condition": "degradation|source_random_channel_64",
            "donor_value_top1_rate": 0.0,
            "mean_continuation_route_rank": 13.789473684210526,
            "mean_donor_minus_continuation": -11.441590484819914,
            "mean_donor_minus_prose": -13.949814169030441,
            "mean_donor_value_rank": 40289.71052631579,
            "mean_final_proj_effect": 0.48975036646190445,
            "mean_n_channels": 64.0,
            "mean_patched_rank": 1.0263157894736843,
            "mean_pmv_effect": 0.049342105263157895,
            "mean_prose_route_rank": 2.9473684210526314,
            "mean_rank_effect": 0.02631578947368421,
            "mean_target_minus_continuation": -1.7516447368421053,
            "mean_target_minus_donor": 9.68994574797781,
            "mean_target_minus_prose": -4.259868421052632,
            "mean_target_value_rank": 233.1578947368421,
            "n": 38,
            "patched_best_other_route": {
              "prose": 38
            },
            "patched_top1_rate": 0.9736842105263158,
            "success_change_rate": 0.02631578947368421,
            "target_value_top1_rate": 0.0
          },
          {
            "condition": "degradation|source_random_channel_128",
            "donor_value_top1_rate": 0.0,
            "mean_continuation_route_rank": 13.68421052631579,
            "mean_donor_minus_continuation": -11.345079923930921,
            "mean_donor_minus_prose": -13.8697509765625,
            "mean_donor_value_rank": 39093.78947368421,
            "mean_final_proj_effect": 0.4632687537293685,
            "mean_n_channels": 128.0,
            "mean_patched_rank": 1.0263157894736843,
            "mean_pmv_effect": 0.05921052631578947,
            "mean_prose_route_rank": 2.9473684210526314,
            "mean_rank_effect": 0.02631578947368421,
            "mean_target_minus_continuation": -1.769325657894737,
            "mean_target_minus_donor": 9.575754266036185,
            "mean_target_minus_prose": -4.293996710526316,
            "mean_target_value_rank": 262.0263157894737,
            "n": 38,
            "patched_best_other_route": {
              "prose": 38
            },
            "patched_top1_rate": 0.9736842105263158,
            "success_change_rate": 0.02631578947368421,
            "target_value_top1_rate": 0.0
          },
          {
            "condition": "degradation|source_random_channel_32",
            "donor_value_top1_rate": 0.0,
            "mean_continuation_route_rank": 13.657894736842104,
            "mean_donor_minus_continuation": -11.41077302631579,
            "mean_donor_minus_prose": -13.935444078947368,
            "mean_donor_value_rank": 40262.57894736842,
            "mean_final_proj_effect": 0.2224980592727661,
            "mean_n_channels": 32.0,
            "mean_patched_rank": 1.0,
            "mean_pmv_effect": 0.019736842105263157,
            "mean_prose_route_rank": 2.973684210526316,
            "mean_rank_effect": 0.0,
            "mean_target_minus_continuation": -1.7088815789473684,
            "mean_target_minus_donor": 9.701891447368421,
            "mean_target_minus_prose": -4.233552631578948,
            "mean_target_value_rank": 208.26315789473685,
            "n": 38,
            "patched_best_other_route": {
              "prose": 38
            },
            "patched_top1_rate": 1.0,
            "success_change_rate": 0.0,
            "target_value_top1_rate": 0.0
          }
        ],
        "best_restore_conditions": [
          {
            "condition": "restore|source_random_channel_64",
            "donor_value_top1_rate": 0.0,
            "mean_continuation_route_rank": 5.7368421052631575,
            "mean_donor_minus_continuation": -13.10387541118421,
            "mean_donor_minus_prose": -14.638414884868421,
            "mean_donor_value_rank": 43174.97368421053,
            "mean_final_proj_effect": -0.15291064663937218,
            "mean_n_channels": 64.0,
            "mean_patched_rank": 103.60526315789474,
            "mean_pmv_effect": 0.004523026315789474,
            "mean_prose_route_rank": 1.368421052631579,
            "mean_rank_effect": 11.552631578947368,
            "mean_target_minus_continuation": -6.197368421052632,
            "mean_target_minus_donor": 6.906506990131579,
            "mean_target_minus_prose": -7.7319078947368425,
            "mean_target_value_rank": 4243.6578947368425,
            "n": 38,
            "patched_best_other_route": {
              "prose": 38
            },
            "patched_top1_rate": 0.0,
            "success_change_rate": 0.0,
            "target_value_top1_rate": 0.0
          },
          {
            "condition": "restore|source_random_channel_32",
            "donor_value_top1_rate": 0.0,
            "mean_continuation_route_rank": 5.7631578947368425,
            "mean_donor_minus_continuation": -13.094220613178454,
            "mean_donor_minus_prose": -14.62382587633635,
            "mean_donor_value_rank": 43175.34210526316,
            "mean_final_proj_effect": -0.4340477052487825,
            "mean_n_channels": 32.0,
            "mean_patched_rank": 115.5,
            "mean_pmv_effect": -0.05879934210526316,
            "mean_prose_route_rank": 1.3421052631578947,
            "mean_rank_effect": -0.34210526315789475,
            "mean_target_minus_continuation": -6.2368421052631575,
            "mean_target_minus_donor": 6.857378507915296,
            "mean_target_minus_prose": -7.766447368421052,
            "mean_target_value_rank": 4267.8421052631575,
            "n": 38,
            "patched_best_other_route": {
              "prose": 38
            },
            "patched_top1_rate": 0.0,
            "success_change_rate": 0.0,
            "target_value_top1_rate": 0.0
          },
          {
            "condition": "restore|source_top_channel_32",
            "donor_value_top1_rate": 0.0,
            "mean_continuation_route_rank": 5.7105263157894735,
            "mean_donor_minus_continuation": -13.113364771792764,
            "mean_donor_minus_prose": -14.641325298108553,
            "mean_donor_value_rank": 43724.65789473684,
            "mean_final_proj_effect": -0.4453811143573962,
            "mean_n_channels": 32.0,
            "mean_patched_rank": 117.26315789473684,
            "mean_pmv_effect": -0.14638157894736842,
            "mean_prose_route_rank": 1.368421052631579,
            "mean_rank_effect": -2.1052631578947367,
            "mean_target_minus_continuation": -6.2890625,
            "mean_target_minus_donor": 6.824302271792763,
            "mean_target_minus_prose": -7.817023026315789,
            "mean_target_value_rank": 4219.026315789473,
            "n": 38,
            "patched_best_other_route": {
              "prose": 38
            },
            "patched_top1_rate": 0.0,
            "success_change_rate": 0.0,
            "target_value_top1_rate": 0.0
          },
          {
            "condition": "restore|source_top_channel_64",
            "donor_value_top1_rate": 0.0,
            "mean_continuation_route_rank": 5.7631578947368425,
            "mean_donor_minus_continuation": -12.917075709292764,
            "mean_donor_minus_prose": -14.451615182976974,
            "mean_donor_value_rank": 42115.36842105263,
            "mean_final_proj_effect": -0.5082204216404965,
            "mean_n_channels": 64.0,
            "mean_patched_rank": 122.73684210526316,
            "mean_pmv_effect": -0.2578125,
            "mean_prose_route_rank": 1.394736842105263,
            "mean_rank_effect": -7.578947368421052,
            "mean_target_minus_continuation": -6.3803453947368425,
            "mean_target_minus_donor": 6.536730314555921,
            "mean_target_minus_prose": -7.914884868421052,
            "mean_target_value_rank": 4209.236842105263,
            "n": 38,
            "patched_best_other_route": {
              "prose": 38
            },
            "patched_top1_rate": 0.0,
            "success_change_rate": 0.0,
            "target_value_top1_rate": 0.0
          },
          {
            "condition": "restore|source_random_channel_128",
            "donor_value_top1_rate": 0.0,
            "mean_continuation_route_rank": 5.7631578947368425,
            "mean_donor_minus_continuation": -12.937345805921053,
            "mean_donor_minus_prose": -14.434056332236842,
            "mean_donor_value_rank": 39843.13157894737,
            "mean_final_proj_effect": -1.1399022278032804,
            "mean_n_channels": 128.0,
            "mean_patched_rank": 122.02631578947368,
            "mean_pmv_effect": -0.15213815789473684,
            "mean_prose_route_rank": 1.4210526315789473,
            "mean_rank_effect": -6.868421052631579,
            "mean_target_minus_continuation": -6.379934210526316,
            "mean_target_minus_donor": 6.557411595394737,
            "mean_target_minus_prose": -7.876644736842105,
            "mean_target_value_rank": 4282.684210526316,
            "n": 38,
            "patched_best_other_route": {
              "prose": 38
            },
            "patched_top1_rate": 0.0,
            "success_change_rate": 0.0,
            "target_value_top1_rate": 0.0
          },
          {
            "condition": "restore|source_top_channel_128",
            "donor_value_top1_rate": 0.0,
            "mean_continuation_route_rank": 5.578947368421052,
            "mean_donor_minus_continuation": -12.630449796977796,
            "mean_donor_minus_prose": -14.140318218030428,
            "mean_donor_value_rank": 37966.39473684211,
            "mean_final_proj_effect": -1.2624198323801945,
            "mean_n_channels": 128.0,
            "mean_patched_rank": 154.60526315789474,
            "mean_pmv_effect": -0.5283717105263158,
            "mean_prose_route_rank": 1.3421052631578947,
            "mean_rank_effect": -39.44736842105263,
            "mean_target_minus_continuation": -6.6175986842105265,
            "mean_target_minus_donor": 6.01285111276727,
            "mean_target_minus_prose": -8.127467105263158,
            "mean_target_value_rank": 4296.5,
            "n": 38,
            "patched_best_other_route": {
              "prose": 38
            },
            "patched_top1_rate": 0.0,
            "success_change_rate": 0.0,
            "target_value_top1_rate": 0.0
          },
          {
            "condition": "restore|source_random_channel_256",
            "donor_value_top1_rate": 0.0,
            "mean_continuation_route_rank": 5.7631578947368425,
            "mean_donor_minus_continuation": -12.606136924342104,
            "mean_donor_minus_prose": -14.23278166118421,
            "mean_donor_value_rank": 35965.23684210526,
            "mean_final_proj_effect": -1.695402703787151,
            "mean_n_channels": 256.0,
            "mean_patched_rank": 114.3157894736842,
            "mean_pmv_effect": -0.2582236842105263,
            "mean_prose_route_rank": 1.2894736842105263,
            "mean_rank_effect": 0.8421052631578947,
            "mean_target_minus_continuation": -6.297697368421052,
            "mean_target_minus_donor": 6.308439555921052,
            "mean_target_minus_prose": -7.9243421052631575,
            "mean_target_value_rank": 4226.5,
            "n": 38,
            "patched_best_other_route": {
              "prose": 38
            },
            "patched_top1_rate": 0.0,
            "success_change_rate": 0.0,
            "target_value_top1_rate": 0.0
          },
          {
            "condition": "restore|source_top_channel_256",
            "donor_value_top1_rate": 0.0,
            "mean_continuation_route_rank": 5.342105263157895,
            "mean_donor_minus_continuation": -12.202071340460526,
            "mean_donor_minus_prose": -13.632992393092104,
            "mean_donor_value_rank": 31723.973684210527,
            "mean_final_proj_effect": -2.5929316407755802,
            "mean_n_channels": 256.0,
            "mean_patched_rank": 223.89473684210526,
            "mean_pmv_effect": -0.8634868421052632,
            "mean_prose_route_rank": 1.5,
            "mean_rank_effect": -108.73684210526316,
            "mean_target_minus_continuation": -7.004523026315789,
            "mean_target_minus_donor": 5.197548314144737,
            "mean_target_minus_prose": -8.435444078947368,
            "mean_target_value_rank": 4690.921052631579,
            "n": 38,
            "patched_best_other_route": {
              "prose": 38
            },
            "patched_top1_rate": 0.0,
            "success_change_rate": 0.0,
            "target_value_top1_rate": 0.0
          },
          {
            "condition": "restore|source_top_channel_512",
            "donor_value_top1_rate": 0.0,
            "mean_continuation_route_rank": 5.447368421052632,
            "mean_donor_minus_continuation": -11.153474506578947,
            "mean_donor_minus_prose": -12.513671875,
            "mean_donor_value_rank": 19870.07894736842,
            "mean_final_proj_effect": -3.2910037228935645,
            "mean_n_channels": 512.0,
            "mean_patched_rank": 234.02631578947367,
            "mean_pmv_effect": -0.9827302631578947,
            "mean_prose_route_rank": 1.3421052631578947,
            "mean_rank_effect": -118.86842105263158,
            "mean_target_minus_continuation": -7.205180921052632,
            "mean_target_minus_donor": 3.948293585526316,
            "mean_target_minus_prose": -8.565378289473685,
            "mean_target_value_rank": 4856.1578947368425,
            "n": 38,
            "patched_best_other_route": {
              "prose": 38
            },
            "patched_top1_rate": 0.0,
            "success_change_rate": 0.0,
            "target_value_top1_rate": 0.0
          },
          {
            "condition": "restore|source_random_channel_512",
            "donor_value_top1_rate": 0.0,
            "mean_continuation_route_rank": 5.7894736842105265,
            "mean_donor_minus_continuation": -11.947965923108553,
            "mean_donor_minus_prose": -13.520334344161185,
            "mean_donor_value_rank": 28095.57894736842,
            "mean_final_proj_effect": -3.4387603057058236,
            "mean_n_channels": 512.0,
            "mean_patched_rank": 155.89473684210526,
            "mean_pmv_effect": -0.6344572368421053,
            "mean_prose_route_rank": 1.3157894736842106,
            "mean_rank_effect": -40.73684210526316,
            "mean_target_minus_continuation": -6.6430921052631575,
            "mean_target_minus_donor": 5.304873817845395,
            "mean_target_minus_prose": -8.21546052631579,
            "mean_target_value_rank": 4527.026315789473,
            "n": 38,
            "patched_best_other_route": {
              "prose": 38
            },
            "patched_top1_rate": 0.0,
            "success_change_rate": 0.0,
            "target_value_top1_rate": 0.0
          },
          {
            "condition": "restore|all_positive_source_channels",
            "donor_value_top1_rate": 0.0,
            "mean_continuation_route_rank": 5.394736842105263,
            "mean_donor_minus_continuation": -5.862356085526316,
            "mean_donor_minus_prose": -7.1567639802631575,
            "mean_donor_value_rank": 1881.157894736842,
            "mean_final_proj_effect": -26.022970187036616,
            "mean_n_channels": 2838.0,
            "mean_patched_rank": 744.2368421052631,
            "mean_pmv_effect": -4.074835526315789,
            "mean_prose_route_rank": 1.9210526315789473,
            "mean_rank_effect": -629.078947368421,
            "mean_target_minus_continuation": -10.361726459703947,
            "mean_target_minus_donor": -4.499370374177632,
            "mean_target_minus_prose": -11.65613435444079,
            "mean_target_value_rank": 25203.842105263157,
            "n": 38,
            "patched_best_other_route": {
              "continuation": 2,
              "prose": 36
            },
            "patched_top1_rate": 0.0,
            "success_change_rate": 0.0,
            "target_value_top1_rate": 0.0
          }
        ],
        "by_split_condition": {
          "unrelated_disjoint|degradation|all_positive_source_channels": {
            "donor_value_top1_rate": 0.0,
            "mean_continuation_route_rank": 13.131578947368421,
            "mean_donor_minus_continuation": -7.8959703947368425,
            "mean_donor_minus_prose": -10.690378289473685,
            "mean_donor_value_rank": 11900.605263157895,
            "mean_final_proj_effect": 38.671945477786814,
            "mean_n_channels": 2838.0,
            "mean_patched_rank": 276.42105263157896,
            "mean_pmv_effect": 5.8227796052631575,
            "mean_prose_route_rank": 1.7894736842105263,
            "mean_rank_effect": 275.42105263157896,
            "mean_target_minus_continuation": -6.341694078947368,
            "mean_target_minus_donor": 1.5542763157894737,
            "mean_target_minus_prose": -9.13610197368421,
            "mean_target_value_rank": 6979.8421052631575,
            "n": 38,
            "patched_best_other_route": {
              "prose": 38
            },
            "patched_top1_rate": 0.0,
            "success_change_rate": 1.0,
            "target_value_top1_rate": 0.0
          },
          "unrelated_disjoint|degradation|source_random_channel_128": {
            "donor_value_top1_rate": 0.0,
            "mean_continuation_route_rank": 13.68421052631579,
            "mean_donor_minus_continuation": -11.345079923930921,
            "mean_donor_minus_prose": -13.8697509765625,
            "mean_donor_value_rank": 39093.78947368421,
            "mean_final_proj_effect": 0.4632687537293685,
            "mean_n_channels": 128.0,
            "mean_patched_rank": 1.0263157894736843,
            "mean_pmv_effect": 0.05921052631578947,
            "mean_prose_route_rank": 2.9473684210526314,
            "mean_rank_effect": 0.02631578947368421,
            "mean_target_minus_continuation": -1.769325657894737,
            "mean_target_minus_donor": 9.575754266036185,
            "mean_target_minus_prose": -4.293996710526316,
            "mean_target_value_rank": 262.0263157894737,
            "n": 38,
            "patched_best_other_route": {
              "prose": 38
            },
            "patched_top1_rate": 0.9736842105263158,
            "success_change_rate": 0.02631578947368421,
            "target_value_top1_rate": 0.0
          },
          "unrelated_disjoint|degradation|source_random_channel_256": {
            "donor_value_top1_rate": 0.0,
            "mean_continuation_route_rank": 13.236842105263158,
            "mean_donor_minus_continuation": -11.270430715460526,
            "mean_donor_minus_prose": -13.709575452302632,
            "mean_donor_value_rank": 36455.05263157895,
            "mean_final_proj_effect": 0.904474979952762,
            "mean_n_channels": 256.0,
            "mean_patched_rank": 1.0263157894736843,
            "mean_pmv_effect": 0.13980263157894737,
            "mean_prose_route_rank": 3.1315789473684212,
            "mean_rank_effect": 0.02631578947368421,
            "mean_target_minus_continuation": -1.9017269736842106,
            "mean_target_minus_donor": 9.368703741776315,
            "mean_target_minus_prose": -4.340871710526316,
            "mean_target_value_rank": 183.81578947368422,
            "n": 38,
            "patched_best_other_route": {
              "prose": 38
            },
            "patched_top1_rate": 0.9736842105263158,
            "success_change_rate": 0.02631578947368421,
            "target_value_top1_rate": 0.0
          },
          "unrelated_disjoint|degradation|source_random_channel_32": {
            "donor_value_top1_rate": 0.0,
            "mean_continuation_route_rank": 13.657894736842104,
            "mean_donor_minus_continuation": -11.41077302631579,
            "mean_donor_minus_prose": -13.935444078947368,
            "mean_donor_value_rank": 40262.57894736842,
            "mean_final_proj_effect": 0.2224980592727661,
            "mean_n_channels": 32.0,
            "mean_patched_rank": 1.0,
            "mean_pmv_effect": 0.019736842105263157,
            "mean_prose_route_rank": 2.973684210526316,
            "mean_rank_effect": 0.0,
            "mean_target_minus_continuation": -1.7088815789473684,
            "mean_target_minus_donor": 9.701891447368421,
            "mean_target_minus_prose": -4.233552631578948,
            "mean_target_value_rank": 208.26315789473685,
            "n": 38,
            "patched_best_other_route": {
              "prose": 38
            },
            "patched_top1_rate": 1.0,
            "success_change_rate": 0.0,
            "target_value_top1_rate": 0.0
          },
          "unrelated_disjoint|degradation|source_random_channel_512": {
            "donor_value_top1_rate": 0.0,
            "mean_continuation_route_rank": 13.263157894736842,
            "mean_donor_minus_continuation": -11.016530890213815,
            "mean_donor_minus_prose": -13.5428466796875,
            "mean_donor_value_rank": 33046.81578947369,
            "mean_final_proj_effect": 2.632482459670619,
            "mean_n_channels": 512.0,
            "mean_patched_rank": 1.2105263157894737,
            "mean_pmv_effect": 0.4194078947368421,
            "mean_prose_route_rank": 2.8947368421052633,
            "mean_rank_effect": 0.21052631578947367,
            "mean_target_minus_continuation": -2.072779605263158,
            "mean_target_minus_donor": 8.943751284950658,
            "mean_target_minus_prose": -4.5990953947368425,
            "mean_target_value_rank": 223.55263157894737,
            "n": 38,
            "patched_best_other_route": {
              "prose": 38
            },
            "patched_top1_rate": 0.868421052631579,
            "success_change_rate": 0.13157894736842105,
            "target_value_top1_rate": 0.0
          },
          "unrelated_disjoint|degradation|source_random_channel_64": {
            "donor_value_top1_rate": 0.0,
            "mean_continuation_route_rank": 13.789473684210526,
            "mean_donor_minus_continuation": -11.441590484819914,
            "mean_donor_minus_prose": -13.949814169030441,
            "mean_donor_value_rank": 40289.71052631579,
            "mean_final_proj_effect": 0.48975036646190445,
            "mean_n_channels": 64.0,
            "mean_patched_rank": 1.0263157894736843,
            "mean_pmv_effect": 0.049342105263157895,
            "mean_prose_route_rank": 2.9473684210526314,
            "mean_rank_effect": 0.02631578947368421,
            "mean_target_minus_continuation": -1.7516447368421053,
            "mean_target_minus_donor": 9.68994574797781,
            "mean_target_minus_prose": -4.259868421052632,
            "mean_target_value_rank": 233.1578947368421,
            "n": 38,
            "patched_best_other_route": {
              "prose": 38
            },
            "patched_top1_rate": 0.9736842105263158,
            "success_change_rate": 0.02631578947368421,
            "target_value_top1_rate": 0.0
          },
          "unrelated_disjoint|degradation|source_top_channel_128": {
            "donor_value_top1_rate": 0.0,
            "mean_continuation_route_rank": 13.842105263157896,
            "mean_donor_minus_continuation": -11.386371813322368,
            "mean_donor_minus_prose": -14.037687602796053,
            "mean_donor_value_rank": 38046.86842105263,
            "mean_final_proj_effect": 6.746600069497761,
            "mean_n_channels": 128.0,
            "mean_patched_rank": 2.8947368421052633,
            "mean_pmv_effect": 0.7828947368421053,
            "mean_prose_route_rank": 2.710526315789474,
            "mean_rank_effect": 1.894736842105263,
            "mean_target_minus_continuation": -2.1426809210526314,
            "mean_target_minus_donor": 9.243690892269736,
            "mean_target_minus_prose": -4.793996710526316,
            "mean_target_value_rank": 202.71052631578948,
            "n": 38,
            "patched_best_other_route": {
              "prose": 38
            },
            "patched_top1_rate": 0.8421052631578947,
            "success_change_rate": 0.15789473684210525,
            "target_value_top1_rate": 0.0
          },
          "unrelated_disjoint|degradation|source_top_channel_256": {
            "donor_value_top1_rate": 0.0,
            "mean_continuation_route_rank": 14.210526315789474,
            "mean_donor_minus_continuation": -11.121055201480264,
            "mean_donor_minus_prose": -13.869410464638158,
            "mean_donor_value_rank": 34414.97368421053,
            "mean_final_proj_effect": 10.293518891460018,
            "mean_n_channels": 256.0,
            "mean_patched_rank": 8.157894736842104,
            "mean_pmv_effect": 1.2171052631578947,
            "mean_prose_route_rank": 2.5526315789473686,
            "mean_rank_effect": 7.157894736842105,
            "mean_target_minus_continuation": -2.4720394736842106,
            "mean_target_minus_donor": 8.649015727796053,
            "mean_target_minus_prose": -5.220394736842105,
            "mean_target_value_rank": 346.10526315789474,
            "n": 38,
            "patched_best_other_route": {
              "prose": 38
            },
            "patched_top1_rate": 0.7368421052631579,
            "success_change_rate": 0.2631578947368421,
            "target_value_top1_rate": 0.0
          },
          "unrelated_disjoint|degradation|source_top_channel_32": {
            "donor_value_top1_rate": 0.0,
            "mean_continuation_route_rank": 13.789473684210526,
            "mean_donor_minus_continuation": -11.438717490748354,
            "mean_donor_minus_prose": -13.974901701274671,
            "mean_donor_value_rank": 39879.36842105263,
            "mean_final_proj_effect": 2.1211078355186865,
            "mean_n_channels": 32.0,
            "mean_patched_rank": 1.1842105263157894,
            "mean_pmv_effect": 0.23519736842105263,
            "mean_prose_route_rank": 2.8684210526315788,
            "mean_rank_effect": 0.18421052631578946,
            "mean_target_minus_continuation": -1.792763157894737,
            "mean_target_minus_donor": 9.645954332853618,
            "mean_target_minus_prose": -4.328947368421052,
            "mean_target_value_rank": 187.31578947368422,
            "n": 38,
            "patched_best_other_route": {
              "prose": 38
            },
            "patched_top1_rate": 0.8947368421052632,
            "success_change_rate": 0.10526315789473684,
            "target_value_top1_rate": 0.0
          },
          "unrelated_disjoint|degradation|source_top_channel_512": {
            "donor_value_top1_rate": 0.0,
            "mean_continuation_route_rank": 14.5,
            "mean_donor_minus_continuation": -10.848530016447368,
            "mean_donor_minus_prose": -13.697214226973685,
            "mean_donor_value_rank": 31239.263157894737,
            "mean_final_proj_effect": 15.440061606858906,
            "mean_n_channels": 512.0,
            "mean_patched_rank": 36.18421052631579,
            "mean_pmv_effect": 1.9268092105263157,
            "mean_prose_route_rank": 2.3421052631578947,
            "mean_rank_effect": 35.18421052631579,
            "mean_target_minus_continuation": -3.0349506578947367,
            "mean_target_minus_donor": 7.813579358552632,
            "mean_target_minus_prose": -5.883634868421052,
            "mean_target_value_rank": 1368.1052631578948,
            "n": 38,
            "patched_best_other_route": {
              "prose": 38
            },
            "patched_top1_rate": 0.6052631578947368,
            "success_change_rate": 0.39473684210526316,
            "target_value_top1_rate": 0.0
          },
          "unrelated_disjoint|degradation|source_top_channel_64": {
            "donor_value_top1_rate": 0.0,
            "mean_continuation_route_rank": 13.631578947368421,
            "mean_donor_minus_continuation": -11.474105031866776,
            "mean_donor_minus_prose": -14.064565558182565,
            "mean_donor_value_rank": 39397.26315789474,
            "mean_final_proj_effect": 4.211965918540955,
            "mean_n_channels": 64.0,
            "mean_patched_rank": 1.6578947368421053,
            "mean_pmv_effect": 0.5,
            "mean_prose_route_rank": 2.6578947368421053,
            "mean_rank_effect": 0.6578947368421053,
            "mean_target_minus_continuation": -1.9716282894736843,
            "mean_target_minus_donor": 9.502476742393092,
            "mean_target_minus_prose": -4.5620888157894735,
            "mean_target_value_rank": 175.78947368421052,
            "n": 38,
            "patched_best_other_route": {
              "prose": 38
            },
            "patched_top1_rate": 0.8947368421052632,
            "success_change_rate": 0.10526315789473684,
            "target_value_top1_rate": 0.0
          },
          "unrelated_disjoint|restore|all_positive_source_channels": {
            "donor_value_top1_rate": 0.0,
            "mean_continuation_route_rank": 5.394736842105263,
            "mean_donor_minus_continuation": -5.862356085526316,
            "mean_donor_minus_prose": -7.1567639802631575,
            "mean_donor_value_rank": 1881.157894736842,
            "mean_final_proj_effect": -26.022970187036616,
            "mean_n_channels": 2838.0,
            "mean_patched_rank": 744.2368421052631,
            "mean_pmv_effect": -4.074835526315789,
            "mean_prose_route_rank": 1.9210526315789473,
            "mean_rank_effect": -629.078947368421,
            "mean_target_minus_continuation": -10.361726459703947,
            "mean_target_minus_donor": -4.499370374177632,
            "mean_target_minus_prose": -11.65613435444079,
            "mean_target_value_rank": 25203.842105263157,
            "n": 38,
            "patched_best_other_route": {
              "continuation": 2,
              "prose": 36
            },
            "patched_top1_rate": 0.0,
            "success_change_rate": 0.0,
            "target_value_top1_rate": 0.0
          },
          "unrelated_disjoint|restore|source_random_channel_128": {
            "donor_value_top1_rate": 0.0,
            "mean_continuation_route_rank": 5.7631578947368425,
            "mean_donor_minus_continuation": -12.937345805921053,
            "mean_donor_minus_prose": -14.434056332236842,
            "mean_donor_value_rank": 39843.13157894737,
            "mean_final_proj_effect": -1.1399022278032804,
            "mean_n_channels": 128.0,
            "mean_patched_rank": 122.02631578947368,
            "mean_pmv_effect": -0.15213815789473684,
            "mean_prose_route_rank": 1.4210526315789473,
            "mean_rank_effect": -6.868421052631579,
            "mean_target_minus_continuation": -6.379934210526316,
            "mean_target_minus_donor": 6.557411595394737,
            "mean_target_minus_prose": -7.876644736842105,
            "mean_target_value_rank": 4282.684210526316,
            "n": 38,
            "patched_best_other_route": {
              "prose": 38
            },
            "patched_top1_rate": 0.0,
            "success_change_rate": 0.0,
            "target_value_top1_rate": 0.0
          },
          "unrelated_disjoint|restore|source_random_channel_256": {
            "donor_value_top1_rate": 0.0,
            "mean_continuation_route_rank": 5.7631578947368425,
            "mean_donor_minus_continuation": -12.606136924342104,
            "mean_donor_minus_prose": -14.23278166118421,
            "mean_donor_value_rank": 35965.23684210526,
            "mean_final_proj_effect": -1.695402703787151,
            "mean_n_channels": 256.0,
            "mean_patched_rank": 114.3157894736842,
            "mean_pmv_effect": -0.2582236842105263,
            "mean_prose_route_rank": 1.2894736842105263,
            "mean_rank_effect": 0.8421052631578947,
            "mean_target_minus_continuation": -6.297697368421052,
            "mean_target_minus_donor": 6.308439555921052,
            "mean_target_minus_prose": -7.9243421052631575,
            "mean_target_value_rank": 4226.5,
            "n": 38,
            "patched_best_other_route": {
              "prose": 38
            },
            "patched_top1_rate": 0.0,
            "success_change_rate": 0.0,
            "target_value_top1_rate": 0.0
          },
          "unrelated_disjoint|restore|source_random_channel_32": {
            "donor_value_top1_rate": 0.0,
            "mean_continuation_route_rank": 5.7631578947368425,
            "mean_donor_minus_continuation": -13.094220613178454,
            "mean_donor_minus_prose": -14.62382587633635,
            "mean_donor_value_rank": 43175.34210526316,
            "mean_final_proj_effect": -0.4340477052487825,
            "mean_n_channels": 32.0,
            "mean_patched_rank": 115.5,
            "mean_pmv_effect": -0.05879934210526316,
            "mean_prose_route_rank": 1.3421052631578947,
            "mean_rank_effect": -0.34210526315789475,
            "mean_target_minus_continuation": -6.2368421052631575,
            "mean_target_minus_donor": 6.857378507915296,
            "mean_target_minus_prose": -7.766447368421052,
            "mean_target_value_rank": 4267.8421052631575,
            "n": 38,
            "patched_best_other_route": {
              "prose": 38
            },
            "patched_top1_rate": 0.0,
            "success_change_rate": 0.0,
            "target_value_top1_rate": 0.0
          },
          "unrelated_disjoint|restore|source_random_channel_512": {
            "donor_value_top1_rate": 0.0,
            "mean_continuation_route_rank": 5.7894736842105265,
            "mean_donor_minus_continuation": -11.947965923108553,
            "mean_donor_minus_prose": -13.520334344161185,
            "mean_donor_value_rank": 28095.57894736842,
            "mean_final_proj_effect": -3.4387603057058236,
            "mean_n_channels": 512.0,
            "mean_patched_rank": 155.89473684210526,
            "mean_pmv_effect": -0.6344572368421053,
            "mean_prose_route_rank": 1.3157894736842106,
            "mean_rank_effect": -40.73684210526316,
            "mean_target_minus_continuation": -6.6430921052631575,
            "mean_target_minus_donor": 5.304873817845395,
            "mean_target_minus_prose": -8.21546052631579,
            "mean_target_value_rank": 4527.026315789473,
            "n": 38,
            "patched_best_other_route": {
              "prose": 38
            },
            "patched_top1_rate": 0.0,
            "success_change_rate": 0.0,
            "target_value_top1_rate": 0.0
          },
          "unrelated_disjoint|restore|source_random_channel_64": {
            "donor_value_top1_rate": 0.0,
            "mean_continuation_route_rank": 5.7368421052631575,
            "mean_donor_minus_continuation": -13.10387541118421,
            "mean_donor_minus_prose": -14.638414884868421,
            "mean_donor_value_rank": 43174.97368421053,
            "mean_final_proj_effect": -0.15291064663937218,
            "mean_n_channels": 64.0,
            "mean_patched_rank": 103.60526315789474,
            "mean_pmv_effect": 0.004523026315789474,
            "mean_prose_route_rank": 1.368421052631579,
            "mean_rank_effect": 11.552631578947368,
            "mean_target_minus_continuation": -6.197368421052632,
            "mean_target_minus_donor": 6.906506990131579,
            "mean_target_minus_prose": -7.7319078947368425,
            "mean_target_value_rank": 4243.6578947368425,
            "n": 38,
            "patched_best_other_route": {
              "prose": 38
            },
            "patched_top1_rate": 0.0,
            "success_change_rate": 0.0,
            "target_value_top1_rate": 0.0
          },
          "unrelated_disjoint|restore|source_top_channel_128": {
            "donor_value_top1_rate": 0.0,
            "mean_continuation_route_rank": 5.578947368421052,
            "mean_donor_minus_continuation": -12.630449796977796,
            "mean_donor_minus_prose": -14.140318218030428,
            "mean_donor_value_rank": 37966.39473684211,
            "mean_final_proj_effect": -1.2624198323801945,
            "mean_n_channels": 128.0,
            "mean_patched_rank": 154.60526315789474,
            "mean_pmv_effect": -0.5283717105263158,
            "mean_prose_route_rank": 1.3421052631578947,
            "mean_rank_effect": -39.44736842105263,
            "mean_target_minus_continuation": -6.6175986842105265,
            "mean_target_minus_donor": 6.01285111276727,
            "mean_target_minus_prose": -8.127467105263158,
            "mean_target_value_rank": 4296.5,
            "n": 38,
            "patched_best_other_route": {
              "prose": 38
            },
            "patched_top1_rate": 0.0,
            "success_change_rate": 0.0,
            "target_value_top1_rate": 0.0
          },
          "unrelated_disjoint|restore|source_top_channel_256": {
            "donor_value_top1_rate": 0.0,
            "mean_continuation_route_rank": 5.342105263157895,
            "mean_donor_minus_continuation": -12.202071340460526,
            "mean_donor_minus_prose": -13.632992393092104,
            "mean_donor_value_rank": 31723.973684210527,
            "mean_final_proj_effect": -2.5929316407755802,
            "mean_n_channels": 256.0,
            "mean_patched_rank": 223.89473684210526,
            "mean_pmv_effect": -0.8634868421052632,
            "mean_prose_route_rank": 1.5,
            "mean_rank_effect": -108.73684210526316,
            "mean_target_minus_continuation": -7.004523026315789,
            "mean_target_minus_donor": 5.197548314144737,
            "mean_target_minus_prose": -8.435444078947368,
            "mean_target_value_rank": 4690.921052631579,
            "n": 38,
            "patched_best_other_route": {
              "prose": 38
            },
            "patched_top1_rate": 0.0,
            "success_change_rate": 0.0,
            "target_value_top1_rate": 0.0
          },
          "unrelated_disjoint|restore|source_top_channel_32": {
            "donor_value_top1_rate": 0.0,
            "mean_continuation_route_rank": 5.7105263157894735,
            "mean_donor_minus_continuation": -13.113364771792764,
            "mean_donor_minus_prose": -14.641325298108553,
            "mean_donor_value_rank": 43724.65789473684,
            "mean_final_proj_effect": -0.4453811143573962,
            "mean_n_channels": 32.0,
            "mean_patched_rank": 117.26315789473684,
            "mean_pmv_effect": -0.14638157894736842,
            "mean_prose_route_rank": 1.368421052631579,
            "mean_rank_effect": -2.1052631578947367,
            "mean_target_minus_continuation": -6.2890625,
            "mean_target_minus_donor": 6.824302271792763,
            "mean_target_minus_prose": -7.817023026315789,
            "mean_target_value_rank": 4219.026315789473,
            "n": 38,
            "patched_best_other_route": {
              "prose": 38
            },
            "patched_top1_rate": 0.0,
            "success_change_rate": 0.0,
            "target_value_top1_rate": 0.0
          },
          "unrelated_disjoint|restore|source_top_channel_512": {
            "donor_value_top1_rate": 0.0,
            "mean_continuation_route_rank": 5.447368421052632,
            "mean_donor_minus_continuation": -11.153474506578947,
            "mean_donor_minus_prose": -12.513671875,
            "mean_donor_value_rank": 19870.07894736842,
            "mean_final_proj_effect": -3.2910037228935645,
            "mean_n_channels": 512.0,
            "mean_patched_rank": 234.02631578947367,
            "mean_pmv_effect": -0.9827302631578947,
            "mean_prose_route_rank": 1.3421052631578947,
            "mean_rank_effect": -118.86842105263158,
            "mean_target_minus_continuation": -7.205180921052632,
            "mean_target_minus_donor": 3.948293585526316,
            "mean_target_minus_prose": -8.565378289473685,
            "mean_target_value_rank": 4856.1578947368425,
            "n": 38,
            "patched_best_other_route": {
              "prose": 38
            },
            "patched_top1_rate": 0.0,
            "success_change_rate": 0.0,
            "target_value_top1_rate": 0.0
          },
          "unrelated_disjoint|restore|source_top_channel_64": {
            "donor_value_top1_rate": 0.0,
            "mean_continuation_route_rank": 5.7631578947368425,
            "mean_donor_minus_continuation": -12.917075709292764,
            "mean_donor_minus_prose": -14.451615182976974,
            "mean_donor_value_rank": 42115.36842105263,
            "mean_final_proj_effect": -0.5082204216404965,
            "mean_n_channels": 64.0,
            "mean_patched_rank": 122.73684210526316,
            "mean_pmv_effect": -0.2578125,
            "mean_prose_route_rank": 1.394736842105263,
            "mean_rank_effect": -7.578947368421052,
            "mean_target_minus_continuation": -6.3803453947368425,
            "mean_target_minus_donor": 6.536730314555921,
            "mean_target_minus_prose": -7.914884868421052,
            "mean_target_value_rank": 4209.236842105263,
            "n": 38,
            "patched_best_other_route": {
              "prose": 38
            },
            "patched_top1_rate": 0.0,
            "success_change_rate": 0.0,
            "target_value_top1_rate": 0.0
          }
        },
        "donor_sets": [
          {
            "filter": "target expected first-token set disjoint from donor expected first-token set",
            "n_donor_pairs": 38,
            "n_positive_channels": 2838,
            "n_ranked_channels": 4096,
            "n_targets": 72,
            "same_value_pairs": 0,
            "top_channel_scores": [
              {
                "channel": 33,
                "head": 15,
                "index": 1953,
                "layer": 26,
                "mean_abs_effect": 0.3742256631806698,
                "mean_combo_delta_value": 4.135954154965778,
                "mean_direct_effect": 0.36823519280409756,
                "mean_output_dir_proj": 0.06857856958069736,
                "n_train_cases": 72,
                "unit_key": "L26H15C33"
              },
              {
                "channel": 106,
                "head": 15,
                "index": 2026,
                "layer": 26,
                "mean_abs_effect": 0.32179005912272557,
                "mean_combo_delta_value": 4.020803868563639,
                "mean_direct_effect": 0.31835028280729394,
                "mean_output_dir_proj": 0.04004814890989413,
                "n_train_cases": 72,
                "unit_key": "L26H15C106"
              },
              {
                "channel": 32,
                "head": 15,
                "index": 1952,
                "layer": 26,
                "mean_abs_effect": 0.2911689546676825,
                "mean_combo_delta_value": 4.283867619983438,
                "mean_direct_effect": 0.2885064111723791,
                "mean_output_dir_proj": 0.03474947370381819,
                "n_train_cases": 72,
                "unit_key": "L26H15C32"
              },
              {
                "channel": 89,
                "head": 24,
                "index": 3161,
                "layer": 26,
                "mean_abs_effect": 0.281312485767596,
                "mean_combo_delta_value": 2.8138537820842533,
                "mean_direct_effect": 0.2781356368959765,
                "mean_output_dir_proj": 0.08982953587029543,
                "n_train_cases": 72,
                "unit_key": "L26H24C89"
              },
              {
                "channel": 30,
                "head": 15,
                "index": 1950,
                "layer": 26,
                "mean_abs_effect": 0.25661465296698943,
                "mean_combo_delta_value": 4.373607654952341,
                "mean_direct_effect": 0.25344529470148225,
                "mean_output_dir_proj": 0.03839277951758251,
                "n_train_cases": 72,
                "unit_key": "L26H15C30"
              },
              {
                "channel": 9,
                "head": 19,
                "index": 2441,
                "layer": 26,
                "mean_abs_effect": 0.25237599620737355,
                "mean_combo_delta_value": -2.4229044392187564,
                "mean_direct_effect": 0.25234455948698264,
                "mean_output_dir_proj": -0.07201568405596642,
                "n_train_cases": 72,
                "unit_key": "L26H19C9"
              },
              {
                "channel": 23,
                "head": 15,
                "index": 1943,
                "layer": 26,
                "mean_abs_effect": 0.2523792694588005,
                "mean_combo_delta_value": 2.5449427935398288,
                "mean_direct_effect": 0.24400445799351045,
                "mean_output_dir_proj": 0.07229659838291506,
                "n_train_cases": 72,
                "unit_key": "L26H15C23"
              },
              {
                "channel": 103,
                "head": 15,
                "index": 2023,
                "layer": 26,
                "mean_abs_effect": 0.24189971821946005,
                "mean_combo_delta_value": 4.701183354689015,
                "mean_direct_effect": 0.23825377879902193,
                "mean_output_dir_proj": 0.04681701533910301,
                "n_train_cases": 72,
                "unit_key": "L26H15C103"
              },
              {
                "channel": 86,
                "head": 19,
                "index": 2518,
                "layer": 26,
                "mean_abs_effect": 0.23131275535036058,
                "mean_combo_delta_value": 2.6776454055474863,
                "mean_direct_effect": 0.2289015276626827,
                "mean_output_dir_proj": 0.030479937022189714,
                "n_train_cases": 72,
                "unit_key": "L26H19C86"
              },
              {
                "channel": 21,
                "head": 19,
                "index": 2453,
                "layer": 26,
                "mean_abs_effect": 0.22643912264325905,
                "mean_combo_delta_value": -2.30458151217964,
                "mean_direct_effect": 0.2259645249088526,
                "mean_output_dir_proj": -0.0521551377201427,
                "n_train_cases": 72,
                "unit_key": "L26H19C21"
              },
              {
                "channel": 60,
                "head": 25,
                "index": 3260,
                "layer": 26,
                "mean_abs_effect": 0.22408835064388688,
                "mean_combo_delta_value": 3.417711219853825,
                "mean_direct_effect": 0.21814597412427686,
                "mean_output_dir_proj": 0.05510554843608083,
                "n_train_cases": 72,
                "unit_key": "L26H25C60"
              },
              {
                "channel": 95,
                "head": 11,
                "index": 1503,
                "layer": 23,
                "mean_abs_effect": 0.22268157345075482,
                "mean_combo_delta_value": 2.6197714623477726,
                "mean_direct_effect": 0.21732984258174298,
                "mean_output_dir_proj": 0.05019133148016408,
                "n_train_cases": 72,
                "unit_key": "L23H11C95"
              },
              {
                "channel": 42,
                "head": 17,
                "index": 2218,
                "layer": 27,
                "mean_abs_effect": 0.20853822802054786,
                "mean_combo_delta_value": -3.1090513633357153,
                "mean_direct_effect": 0.2069276344847848,
                "mean_output_dir_proj": -0.03305543094757013,
                "n_train_cases": 72,
                "unit_key": "L27H17C42"
              },
              {
                "channel": 91,
                "head": 15,
                "index": 2011,
                "layer": 26,
                "mean_abs_effect": 0.19738431334608916,
                "mean_combo_delta_value": 3.4862379104726844,
                "mean_direct_effect": 0.19471698558940964,
                "mean_output_dir_proj": 0.04085025071657987,
                "n_train_cases": 72,
                "unit_key": "L26H15C91"
              },
              {
                "channel": 14,
                "head": 15,
                "index": 1934,
                "layer": 26,
                "mean_abs_effect": 0.20085140539730698,
                "mean_combo_delta_value": -3.8097771387547255,
                "mean_direct_effect": 0.19456774886528505,
                "mean_output_dir_proj": -0.03410590522819095,
                "n_train_cases": 72,
                "unit_key": "L26H15C14"
              },
              {
                "channel": 88,
                "head": 25,
                "index": 3288,
                "layer": 26,
                "mean_abs_effect": 0.19697662295073604,
                "mean_combo_delta_value": -2.268525391817093,
                "mean_direct_effect": 0.18968016017175598,
                "mean_output_dir_proj": -0.05527798841164137,
                "n_train_cases": 72,
                "unit_key": "L26H25C88"
              },
              {
                "channel": 58,
                "head": 15,
                "index": 1978,
                "layer": 26,
                "mean_abs_effect": 0.18748671369924821,
                "mean_combo_delta_value": -3.2977217157474823,
                "mean_direct_effect": 0.18430887246718278,
                "mean_output_dir_proj": -0.041147854399039514,
                "n_train_cases": 72,
                "unit_key": "L26H15C58"
              },
              {
                "channel": 86,
                "head": 15,
                "index": 2006,
                "layer": 26,
                "mean_abs_effect": 0.1855909470199413,
                "mean_combo_delta_value": 4.371363388891849,
                "mean_direct_effect": 0.18045970223319266,
                "mean_output_dir_proj": 0.02191428071172494,
                "n_train_cases": 72,
                "unit_key": "L26H15C86"
              },
              {
                "channel": 117,
                "head": 15,
                "index": 2037,
                "layer": 26,
                "mean_abs_effect": 0.18619304690566266,
                "mean_combo_delta_value": -6.341267221038127,
                "mean_direct_effect": 0.1779295750661255,
                "mean_output_dir_proj": -0.019488857140661113,
                "n_train_cases": 72,
                "unit_key": "L26H15C117"
              },
              {
                "channel": 87,
                "head": 15,
                "index": 2007,
                "layer": 26,
                "mean_abs_effect": 0.17915669635170434,
                "mean_combo_delta_value": 2.696708098105672,
                "mean_direct_effect": 0.17652934682839044,
                "mean_output_dir_proj": 0.03139679619602652,
                "n_train_cases": 72,
                "unit_key": "L26H15C87"
              },
              {
                "channel": 72,
                "head": 19,
                "index": 2504,
                "layer": 26,
                "mean_abs_effect": 0.17650779414124235,
                "mean_combo_delta_value": 1.8976158988144662,
                "mean_direct_effect": 0.1763669133309853,
                "mean_output_dir_proj": 0.06550772164741324,
                "n_train_cases": 72,
                "unit_key": "L26H19C72"
              },
              {
                "channel": 72,
                "head": 15,
                "index": 1992,
                "layer": 26,
                "mean_abs_effect": 0.17656266667505496,
                "mean_combo_delta_value": 2.9294670639145703,
                "mean_direct_effect": 0.17257086692117965,
                "mean_output_dir_proj": 0.03504984456554262,
                "n_train_cases": 72,
                "unit_key": "L26H15C72"
              },
              {
                "channel": 33,
                "head": 19,
                "index": 2465,
                "layer": 26,
                "mean_abs_effect": 0.17105585382819946,
                "mean_combo_delta_value": 2.6521497388473816,
                "mean_direct_effect": 0.17046974778027063,
                "mean_output_dir_proj": 0.03636566661104249,
                "n_train_cases": 72,
                "unit_key": "L26H19C33"
              },
              {
                "channel": 34,
                "head": 19,
                "index": 2466,
                "layer": 26,
                "mean_abs_effect": 0.16560884629449302,
                "mean_combo_delta_value": 1.552782087172899,
                "mean_direct_effect": 0.165443426178226,
                "mean_output_dir_proj": 0.06645334630997644,
                "n_train_cases": 72,
                "unit_key": "L26H19C34"
              },
              {
                "channel": 93,
                "head": 19,
                "index": 2525,
                "layer": 23,
                "mean_abs_effect": 0.16210438027991358,
                "mean_combo_delta_value": -2.831719695693917,
                "mean_direct_effect": 0.16127606844724302,
                "mean_output_dir_proj": -0.043618894460248865,
                "n_train_cases": 72,
                "unit_key": "L23H19C93"
              },
              {
                "channel": 46,
                "head": 23,
                "index": 2990,
                "layer": 26,
                "mean_abs_effect": 0.16230773378311128,
                "mean_combo_delta_value": -1.4104874581098557,
                "mean_direct_effect": 0.15917758175101934,
                "mean_output_dir_proj": -0.09319688510408418,
                "n_train_cases": 72,
                "unit_key": "L26H23C46"
              },
              {
                "channel": 65,
                "head": 2,
                "index": 321,
                "layer": 27,
                "mean_abs_effect": 0.16229588018200178,
                "mean_combo_delta_value": -1.3297253863679037,
                "mean_direct_effect": 0.15774460911355825,
                "mean_output_dir_proj": -0.08673370919293827,
                "n_train_cases": 72,
                "unit_key": "L27H2C65"
              },
              {
                "channel": 14,
                "head": 2,
                "index": 270,
                "layer": 27,
                "mean_abs_effect": 0.16197031592144107,
                "mean_combo_delta_value": -1.0614535808563232,
                "mean_direct_effect": 0.15609399258325707,
                "mean_output_dir_proj": -0.07882869636200161,
                "n_train_cases": 72,
                "unit_key": "L27H2C14"
              },
              {
                "channel": 88,
                "head": 24,
                "index": 3160,
                "layer": 26,
                "mean_abs_effect": 0.1712190790748394,
                "mean_combo_delta_value": -1.5824898050891028,
                "mean_direct_effect": 0.15567299515378208,
                "mean_output_dir_proj": -0.07337654966654049,
                "n_train_cases": 72,
                "unit_key": "L26H24C88"
              },
              {
                "channel": 91,
                "head": 19,
                "index": 2523,
                "layer": 26,
                "mean_abs_effect": 0.1516016616737896,
                "mean_combo_delta_value": 2.243265465936727,
                "mean_direct_effect": 0.15132427985100808,
                "mean_output_dir_proj": 0.04360731764205007,
                "n_train_cases": 72,
                "unit_key": "L26H19C91"
              },
              {
                "channel": 77,
                "head": 19,
                "index": 2509,
                "layer": 26,
                "mean_abs_effect": 0.14803715077884116,
                "mean_combo_delta_value": -1.6018432150077488,
                "mean_direct_effect": 0.14698406211535406,
                "mean_output_dir_proj": -0.061806859681382775,
                "n_train_cases": 72,
                "unit_key": "L26H19C77"
              },
              {
                "channel": 41,
                "head": 24,
                "index": 3113,
                "layer": 26,
                "mean_abs_effect": 0.1806216263093183,
                "mean_combo_delta_value": -1.6003430974152353,
                "mean_direct_effect": 0.14655706719422446,
                "mean_output_dir_proj": -0.0640488647752338,
                "n_train_cases": 72,
                "unit_key": "L26H24C41"
              },
              {
                "channel": 121,
                "head": 19,
                "index": 2553,
                "layer": 26,
                "mean_abs_effect": 0.14379076659098186,
                "mean_combo_delta_value": 1.4946764467491045,
                "mean_direct_effect": 0.1430076950039988,
                "mean_output_dir_proj": 0.054883956461304076,
                "n_train_cases": 72,
                "unit_key": "L26H19C121"
              },
              {
                "channel": 41,
                "head": 25,
                "index": 3241,
                "layer": 26,
                "mean_abs_effect": 0.16057408721757804,
                "mean_combo_delta_value": -2.549043837520811,
                "mean_direct_effect": 0.1367655428680808,
                "mean_output_dir_proj": -0.03510590047679014,
                "n_train_cases": 72,
                "unit_key": "L26H25C41"
              },
              {
                "channel": 91,
                "head": 19,
                "index": 2523,
                "layer": 23,
                "mean_abs_effect": 0.13618446469418313,
                "mean_combo_delta_value": 2.0070546906855373,
                "mean_direct_effect": 0.1361468581088879,
                "mean_output_dir_proj": 0.04959546523362709,
                "n_train_cases": 72,
                "unit_key": "L23H19C91"
              },
              {
                "channel": 8,
                "head": 15,
                "index": 1928,
                "layer": 26,
                "mean_abs_effect": 0.13521942281019828,
                "mean_combo_delta_value": -1.8206620653056436,
                "mean_direct_effect": 0.13398153424340353,
                "mean_output_dir_proj": -0.05773978203069419,
                "n_train_cases": 72,
                "unit_key": "L26H15C8"
              },
              {
                "channel": 14,
                "head": 19,
                "index": 2446,
                "layer": 26,
                "mean_abs_effect": 0.13384908188017744,
                "mean_combo_delta_value": -2.5071155454239085,
                "mean_direct_effect": 0.13348837719719128,
                "mean_output_dir_proj": -0.03243108398358648,
                "n_train_cases": 72,
                "unit_key": "L26H19C14"
              },
              {
                "channel": 8,
                "head": 24,
                "index": 3080,
                "layer": 26,
                "mean_abs_effect": 0.13457486275619038,
                "mean_combo_delta_value": 1.7026849778162108,
                "mean_direct_effect": 0.1303808612825937,
                "mean_output_dir_proj": 0.069751244245304,
                "n_train_cases": 72,
                "unit_key": "L26H24C8"
              },
              {
                "channel": 112,
                "head": 15,
                "index": 2032,
                "layer": 26,
                "mean_abs_effect": 0.14025057577378439,
                "mean_combo_delta_value": 1.3876755360720887,
                "mean_direct_effect": 0.1302751170966353,
                "mean_output_dir_proj": 0.07311431502199008,
                "n_train_cases": 72,
                "unit_key": "L26H15C112"
              },
              {
                "channel": 95,
                "head": 26,
                "index": 3423,
                "layer": 26,
                "mean_abs_effect": 0.14239852666540678,
                "mean_combo_delta_value": -2.216233477824264,
                "mean_direct_effect": 0.1271511328552347,
                "mean_output_dir_proj": -0.057058138236041285,
                "n_train_cases": 72,
                "unit_key": "L26H26C95"
              },
              {
                "channel": 41,
                "head": 26,
                "index": 3369,
                "layer": 26,
                "mean_abs_effect": 0.13906473590062793,
                "mean_combo_delta_value": -1.5454846951696608,
                "mean_direct_effect": 0.12564438441665313,
                "mean_output_dir_proj": -0.05893923053776638,
                "n_train_cases": 72,
                "unit_key": "L26H26C41"
              },
              {
                "channel": 69,
                "head": 11,
                "index": 1477,
                "layer": 23,
                "mean_abs_effect": 0.13206541834898108,
                "mean_combo_delta_value": -2.119389294025799,
                "mean_direct_effect": 0.12285292026472378,
                "mean_output_dir_proj": -0.051293835237932704,
                "n_train_cases": 72,
                "unit_key": "L23H11C69"
              },
              {
                "channel": 93,
                "head": 15,
                "index": 2013,
                "layer": 26,
                "mean_abs_effect": 0.12944533935768665,
                "mean_combo_delta_value": 1.4915860908933811,
                "mean_direct_effect": 0.11981850789531096,
                "mean_output_dir_proj": 0.05635835923021659,
                "n_train_cases": 72,
                "unit_key": "L26H15C93"
              },
              {
                "channel": 29,
                "head": 11,
                "index": 1437,
                "layer": 23,
                "mean_abs_effect": 0.1209088052656295,
                "mean_combo_delta_value": 2.262105063535273,
                "mean_direct_effect": 0.11922083087979678,
                "mean_output_dir_proj": 0.03359561614666341,
                "n_train_cases": 72,
                "unit_key": "L23H11C29"
              },
              {
                "channel": 22,
                "head": 15,
                "index": 1942,
                "layer": 26,
                "mean_abs_effect": 0.12206244645805334,
                "mean_combo_delta_value": -2.897231178720378,
                "mean_direct_effect": 0.118527703527461,
                "mean_output_dir_proj": -0.02322390125482343,
                "n_train_cases": 72,
                "unit_key": "L26H15C22"
              },
              {
                "channel": 15,
                "head": 26,
                "index": 3343,
                "layer": 26,
                "mean_abs_effect": 0.12011223661353353,
                "mean_combo_delta_value": -1.6642066612839699,
                "mean_direct_effect": 0.11811527052440741,
                "mean_output_dir_proj": -0.06995483233024263,
                "n_train_cases": 72,
                "unit_key": "L26H26C15"
              },
              {
                "channel": 104,
                "head": 17,
                "index": 2280,
                "layer": 27,
                "mean_abs_effect": 0.12068921550049769,
                "mean_combo_delta_value": -2.0536511739095054,
                "mean_direct_effect": 0.11770093396016905,
                "mean_output_dir_proj": -0.026977257505576644,
                "n_train_cases": 72,
                "unit_key": "L27H17C104"
              },
              {
                "channel": 68,
                "head": 19,
                "index": 2500,
                "layer": 26,
                "mean_abs_effect": 0.11842318613627834,
                "mean_combo_delta_value": -2.1110344839592776,
                "mean_direct_effect": 0.11715307481439267,
                "mean_output_dir_proj": -0.03806839056778699,
                "n_train_cases": 72,
                "unit_key": "L26H19C68"
              },
              {
                "channel": 100,
                "head": 19,
                "index": 2532,
                "layer": 23,
                "mean_abs_effect": 0.12605030476165452,
                "mean_combo_delta_value": -1.3485168235169516,
                "mean_direct_effect": 0.11675759943585778,
                "mean_output_dir_proj": -0.07038723253127602,
                "n_train_cases": 72,
                "unit_key": "L23H19C100"
              },
              {
                "channel": 84,
                "head": 15,
                "index": 2004,
                "layer": 26,
                "mean_abs_effect": 0.11775945127731588,
                "mean_combo_delta_value": -4.37864355970588,
                "mean_direct_effect": 0.11671899036019735,
                "mean_output_dir_proj": -0.017251433565333072,
                "n_train_cases": 72,
                "unit_key": "L26H15C84"
              },
              {
                "channel": 79,
                "head": 19,
                "index": 2511,
                "layer": 26,
                "mean_abs_effect": 0.11554576296257141,
                "mean_combo_delta_value": 1.710752253834572,
                "mean_direct_effect": 0.11488325295451836,
                "mean_output_dir_proj": 0.039369304166434124,
                "n_train_cases": 72,
                "unit_key": "L26H19C79"
              },
              {
                "channel": 101,
                "head": 19,
                "index": 2533,
                "layer": 26,
                "mean_abs_effect": 0.1148342033956838,
                "mean_combo_delta_value": 2.4289975797421195,
                "mean_direct_effect": 0.11466873527994124,
                "mean_output_dir_proj": 0.027923698220143303,
                "n_train_cases": 72,
                "unit_key": "L26H19C101"
              },
              {
                "channel": 73,
                "head": 26,
                "index": 3401,
                "layer": 26,
                "mean_abs_effect": 0.1218776815450486,
                "mean_combo_delta_value": -1.4043319953812494,
                "mean_direct_effect": 0.1146595832278347,
                "mean_output_dir_proj": -0.07127255799585125,
                "n_train_cases": 72,
                "unit_key": "L26H26C73"
              },
              {
                "channel": 1,
                "head": 24,
                "index": 3073,
                "layer": 26,
                "mean_abs_effect": 0.12594995012817684,
                "mean_combo_delta_value": 2.3856877585252128,
                "mean_direct_effect": 0.11398914214110764,
                "mean_output_dir_proj": 0.049796029252724514,
                "n_train_cases": 72,
                "unit_key": "L26H24C1"
              },
              {
                "channel": 30,
                "head": 19,
                "index": 2462,
                "layer": 26,
                "mean_abs_effect": 0.114851820712124,
                "mean_combo_delta_value": 2.8243122571665378,
                "mean_direct_effect": 0.11361666669575718,
                "mean_output_dir_proj": 0.032547546692916915,
                "n_train_cases": 72,
                "unit_key": "L26H19C30"
              },
              {
                "channel": 50,
                "head": 11,
                "index": 1458,
                "layer": 23,
                "mean_abs_effect": 0.12567632558757405,
                "mean_combo_delta_value": -1.3604640401899815,
                "mean_direct_effect": 0.11246333121125013,
                "mean_output_dir_proj": -0.026036867645517405,
                "n_train_cases": 72,
                "unit_key": "L23H11C50"
              },
              {
                "channel": 101,
                "head": 15,
                "index": 2021,
                "layer": 26,
                "mean_abs_effect": 0.11335501940133584,
                "mean_combo_delta_value": 3.8631041128990344,
                "mean_direct_effect": 0.11211766709284318,
                "mean_output_dir_proj": 0.01208601063343748,
                "n_train_cases": 72,
                "unit_key": "L26H15C101"
              },
              {
                "channel": 1,
                "head": 26,
                "index": 3329,
                "layer": 26,
                "mean_abs_effect": 0.11647156180131862,
                "mean_combo_delta_value": 2.239373972846402,
                "mean_direct_effect": 0.11210150732527528,
                "mean_output_dir_proj": 0.04570937801488779,
                "n_train_cases": 72,
                "unit_key": "L26H26C1"
              },
              {
                "channel": 34,
                "head": 2,
                "index": 290,
                "layer": 27,
                "mean_abs_effect": 0.11520596562547286,
                "mean_combo_delta_value": 1.1825712670882542,
                "mean_direct_effect": 0.11195070854058652,
                "mean_output_dir_proj": 0.05712392076384276,
                "n_train_cases": 72,
                "unit_key": "L27H2C34"
              },
              {
                "channel": 88,
                "head": 26,
                "index": 3416,
                "layer": 26,
                "mean_abs_effect": 0.13422903153341148,
                "mean_combo_delta_value": -1.5384295276469655,
                "mean_direct_effect": 0.11180825791701388,
                "mean_output_dir_proj": -0.052230820674190506,
                "n_train_cases": 72,
                "unit_key": "L26H26C88"
              },
              {
                "channel": 7,
                "head": 24,
                "index": 3079,
                "layer": 26,
                "mean_abs_effect": 0.11372461517438343,
                "mean_combo_delta_value": 1.9850716822677188,
                "mean_direct_effect": 0.1111460872093841,
                "mean_output_dir_proj": 0.05668716492234833,
                "n_train_cases": 72,
                "unit_key": "L26H24C7"
              },
              {
                "channel": 88,
                "head": 23,
                "index": 3032,
                "layer": 26,
                "mean_abs_effect": 0.12204628019154375,
                "mean_combo_delta_value": -1.342395669884152,
                "mean_direct_effect": 0.11046769049491671,
                "mean_output_dir_proj": -0.04814528732094914,
                "n_train_cases": 72,
                "unit_key": "L26H23C88"
              },
              {
                "channel": 57,
                "head": 19,
                "index": 2489,
                "layer": 26,
                "mean_abs_effect": 0.11081995477971508,
                "mean_combo_delta_value": -2.0005781137280993,
                "mean_direct_effect": 0.1099020198817993,
                "mean_output_dir_proj": -0.031855190043441124,
                "n_train_cases": 72,
                "unit_key": "L26H19C57"
              },
              {
                "channel": 13,
                "head": 2,
                "index": 269,
                "layer": 27,
                "mean_abs_effect": 0.11191426846182304,
                "mean_combo_delta_value": -1.2849938091304567,
                "mean_direct_effect": 0.10986160445479481,
                "mean_output_dir_proj": -0.0379814722109586,
                "n_train_cases": 72,
                "unit_key": "L27H2C13"
              }
            ],
            "unrelated_pairs": 38
          }
        ],
        "model": "deepseek7b",
        "n_paired_cases": 72,
        "n_rows": 836
      },
      "timestamp": "2026-06-26 18:43:53",
      "title": "First-Token-Disjoint Identity Competition Audit",
      "top_heads": 32,
      "transfer_layers": [
        23,
        24,
        25,
        26,
        27
      ]
    },
    {
      "channel_counts": [
        32,
        64,
        128,
        256,
        512
      ],
      "model": "glm4",
      "n_paired_cases": 5,
      "phase": 706,
      "phase698_top_heads": [
        {
          "head": 4,
          "head_key": "L34H4",
          "layer": 34,
          "mean_delta_norm": 4.920251178741455,
          "mean_direct_effect": 0.07226133071817457
        },
        {
          "head": 8,
          "head_key": "L34H8",
          "layer": 34,
          "mean_delta_norm": 9.291217374801636,
          "mean_direct_effect": 0.04622446252033115
        },
        {
          "head": 5,
          "head_key": "L38H5",
          "layer": 38,
          "mean_delta_norm": 10.640745162963867,
          "mean_direct_effect": 0.04307576231658459
        },
        {
          "head": 7,
          "head_key": "L38H7",
          "layer": 38,
          "mean_delta_norm": 15.188606071472169,
          "mean_direct_effect": 0.039764557406306265
        },
        {
          "head": 15,
          "head_key": "L38H15",
          "layer": 38,
          "mean_delta_norm": 11.447449111938477,
          "mean_direct_effect": 0.03795833457261324
        },
        {
          "head": 22,
          "head_key": "L39H22",
          "layer": 39,
          "mean_delta_norm": 9.642497062683105,
          "mean_direct_effect": 0.03673510886728763
        },
        {
          "head": 2,
          "head_key": "L36H2",
          "layer": 36,
          "mean_delta_norm": 7.4724658012390135,
          "mean_direct_effect": 0.03355551436543465
        },
        {
          "head": 11,
          "head_key": "L35H11",
          "layer": 35,
          "mean_delta_norm": 9.918789100646972,
          "mean_direct_effect": 0.03302892930805683
        },
        {
          "head": 27,
          "head_key": "L36H27",
          "layer": 36,
          "mean_delta_norm": 9.178663635253907,
          "mean_direct_effect": 0.0314499594271183
        },
        {
          "head": 20,
          "head_key": "L34H20",
          "layer": 34,
          "mean_delta_norm": 10.021797561645508,
          "mean_direct_effect": 0.030526001006364822
        },
        {
          "head": 21,
          "head_key": "L39H21",
          "layer": 39,
          "mean_delta_norm": 12.91100254058838,
          "mean_direct_effect": 0.029990029335021973
        },
        {
          "head": 23,
          "head_key": "L39H23",
          "layer": 39,
          "mean_delta_norm": 8.467236042022705,
          "mean_direct_effect": 0.029641509614884855
        },
        {
          "head": 24,
          "head_key": "L39H24",
          "layer": 39,
          "mean_delta_norm": 10.523562717437745,
          "mean_direct_effect": 0.029526318050920965
        },
        {
          "head": 30,
          "head_key": "L35H30",
          "layer": 35,
          "mean_delta_norm": 4.983606815338135,
          "mean_direct_effect": 0.02829908705316484
        },
        {
          "head": 10,
          "head_key": "L35H10",
          "layer": 35,
          "mean_delta_norm": 19.074492073059083,
          "mean_direct_effect": 0.028037964552640914
        },
        {
          "head": 28,
          "head_key": "L35H28",
          "layer": 35,
          "mean_delta_norm": 6.743137168884277,
          "mean_direct_effect": 0.026692196633666752
        },
        {
          "head": 10,
          "head_key": "L37H10",
          "layer": 37,
          "mean_delta_norm": 8.947022819519043,
          "mean_direct_effect": 0.02570368079468608
        },
        {
          "head": 8,
          "head_key": "L35H8",
          "layer": 35,
          "mean_delta_norm": 10.653564834594727,
          "mean_direct_effect": 0.024955923110246657
        },
        {
          "head": 11,
          "head_key": "L38H11",
          "layer": 38,
          "mean_delta_norm": 7.390989303588867,
          "mean_direct_effect": 0.02442593490704894
        },
        {
          "head": 11,
          "head_key": "L37H11",
          "layer": 37,
          "mean_delta_norm": 9.196843910217286,
          "mean_direct_effect": 0.024139556102454662
        },
        {
          "head": 16,
          "head_key": "L36H16",
          "layer": 36,
          "mean_delta_norm": 10.424300956726075,
          "mean_direct_effect": 0.02396409660577774
        },
        {
          "head": 3,
          "head_key": "L35H3",
          "layer": 35,
          "mean_delta_norm": 7.257089138031006,
          "mean_direct_effect": 0.0227274801582098
        },
        {
          "head": 13,
          "head_key": "L36H13",
          "layer": 36,
          "mean_delta_norm": 4.3317707777023315,
          "mean_direct_effect": 0.02187489327043295
        },
        {
          "head": 11,
          "head_key": "L39H11",
          "layer": 39,
          "mean_delta_norm": 6.551431655883789,
          "mean_direct_effect": 0.021632109861820938
        },
        {
          "head": 25,
          "head_key": "L36H25",
          "layer": 36,
          "mean_delta_norm": 7.28782958984375,
          "mean_direct_effect": 0.021603857399895787
        },
        {
          "head": 12,
          "head_key": "L38H12",
          "layer": 38,
          "mean_delta_norm": 7.713435173034668,
          "mean_direct_effect": 0.020380544289946557
        },
        {
          "head": 7,
          "head_key": "L36H7",
          "layer": 36,
          "mean_delta_norm": 9.825479507446289,
          "mean_direct_effect": 0.019778641918674112
        },
        {
          "head": 2,
          "head_key": "L39H2",
          "layer": 39,
          "mean_delta_norm": 6.784182739257813,
          "mean_direct_effect": 0.0194806981831789
        },
        {
          "head": 12,
          "head_key": "L34H12",
          "layer": 34,
          "mean_delta_norm": 4.819915294647217,
          "mean_direct_effect": 0.01725749298930168
        },
        {
          "head": 9,
          "head_key": "L39H9",
          "layer": 39,
          "mean_delta_norm": 7.96782112121582,
          "mean_direct_effect": 0.016979044303297997
        },
        {
          "head": 8,
          "head_key": "L38H8",
          "layer": 38,
          "mean_delta_norm": 5.268417644500732,
          "mean_direct_effect": 0.01625657482072711
        },
        {
          "head": 18,
          "head_key": "L34H18",
          "layer": 34,
          "mean_delta_norm": 5.120344972610473,
          "mean_direct_effect": 0.016148357558995484
        }
      ],
      "source_combo": [
        "target_value",
        "answer_line",
        "self_last"
      ],
      "summary": {
        "best_degradation_conditions": [
          {
            "condition": "degradation|all_positive_source_channels",
            "donor_value_top1_rate": 0.0,
            "mean_continuation_route_rank": 14.4,
            "mean_donor_minus_continuation": -6.5734375,
            "mean_donor_minus_prose": -8.4421875,
            "mean_donor_value_rank": 5612.2,
            "mean_final_proj_effect": 2.2388120889663696,
            "mean_n_channels": 2280.0,
            "mean_patched_rank": 1.0,
            "mean_pmv_effect": 0.375,
            "mean_prose_route_rank": 4.6,
            "mean_rank_effect": 0.0,
            "mean_target_minus_continuation": 0.525,
            "mean_target_minus_donor": 7.0984375,
            "mean_target_minus_prose": -1.34375,
            "mean_target_value_rank": 10.8,
            "n": 5,
            "patched_best_other_route": {
              "prose": 5
            },
            "patched_top1_rate": 1.0,
            "success_change_rate": 0.0,
            "target_value_top1_rate": 0.0
          },
          {
            "condition": "degradation|source_top_channel_512",
            "donor_value_top1_rate": 0.0,
            "mean_continuation_route_rank": 12.6,
            "mean_donor_minus_continuation": -7.294140625,
            "mean_donor_minus_prose": -8.987890625,
            "mean_donor_value_rank": 11904.8,
            "mean_final_proj_effect": 1.5699766397476196,
            "mean_n_channels": 512.0,
            "mean_patched_rank": 1.0,
            "mean_pmv_effect": 0.275,
            "mean_prose_route_rank": 5.0,
            "mean_rank_effect": 0.0,
            "mean_target_minus_continuation": 0.525,
            "mean_target_minus_donor": 7.819140625,
            "mean_target_minus_prose": -1.16875,
            "mean_target_value_rank": 9.6,
            "n": 5,
            "patched_best_other_route": {
              "prose": 5
            },
            "patched_top1_rate": 1.0,
            "success_change_rate": 0.0,
            "target_value_top1_rate": 0.0
          },
          {
            "condition": "degradation|source_top_channel_256",
            "donor_value_top1_rate": 0.0,
            "mean_continuation_route_rank": 13.0,
            "mean_donor_minus_continuation": -7.4396484375,
            "mean_donor_minus_prose": -9.0583984375,
            "mean_donor_value_rank": 14646.0,
            "mean_final_proj_effect": 1.1012895584106446,
            "mean_n_channels": 256.0,
            "mean_patched_rank": 1.0,
            "mean_pmv_effect": 0.2,
            "mean_prose_route_rank": 5.2,
            "mean_rank_effect": 0.0,
            "mean_target_minus_continuation": 0.5,
            "mean_target_minus_donor": 7.9396484375,
            "mean_target_minus_prose": -1.11875,
            "mean_target_value_rank": 9.8,
            "n": 5,
            "patched_best_other_route": {
              "prose": 5
            },
            "patched_top1_rate": 1.0,
            "success_change_rate": 0.0,
            "target_value_top1_rate": 0.0
          },
          {
            "condition": "degradation|source_top_channel_128",
            "donor_value_top1_rate": 0.0,
            "mean_continuation_route_rank": 12.0,
            "mean_donor_minus_continuation": -7.56904296875,
            "mean_donor_minus_prose": -9.02529296875,
            "mean_donor_value_rank": 16189.2,
            "mean_final_proj_effect": 0.8957132577896119,
            "mean_n_channels": 128.0,
            "mean_patched_rank": 1.0,
            "mean_pmv_effect": 0.175,
            "mean_prose_route_rank": 5.4,
            "mean_rank_effect": 0.0,
            "mean_target_minus_continuation": 0.38125,
            "mean_target_minus_donor": 7.95029296875,
            "mean_target_minus_prose": -1.075,
            "mean_target_value_rank": 9.8,
            "n": 5,
            "patched_best_other_route": {
              "prose": 5
            },
            "patched_top1_rate": 1.0,
            "success_change_rate": 0.0,
            "target_value_top1_rate": 0.0
          },
          {
            "condition": "degradation|source_top_channel_64",
            "donor_value_top1_rate": 0.0,
            "mean_continuation_route_rank": 11.2,
            "mean_donor_minus_continuation": -7.5680389404296875,
            "mean_donor_minus_prose": -8.924288940429687,
            "mean_donor_value_rank": 15851.8,
            "mean_final_proj_effect": 0.5714880704879761,
            "mean_n_channels": 64.0,
            "mean_patched_rank": 1.0,
            "mean_pmv_effect": 0.1,
            "mean_prose_route_rank": 5.4,
            "mean_rank_effect": 0.0,
            "mean_target_minus_continuation": 0.35,
            "mean_target_minus_donor": 7.918038940429687,
            "mean_target_minus_prose": -1.00625,
            "mean_target_value_rank": 9.6,
            "n": 5,
            "patched_best_other_route": {
              "prose": 5
            },
            "patched_top1_rate": 1.0,
            "success_change_rate": 0.0,
            "target_value_top1_rate": 0.0
          },
          {
            "condition": "degradation|source_top_channel_32",
            "donor_value_top1_rate": 0.0,
            "mean_continuation_route_rank": 10.6,
            "mean_donor_minus_continuation": -7.73587646484375,
            "mean_donor_minus_prose": -8.93587646484375,
            "mean_donor_value_rank": 17151.8,
            "mean_final_proj_effect": 0.322527551651001,
            "mean_n_channels": 32.0,
            "mean_patched_rank": 1.0,
            "mean_pmv_effect": 0.0875,
            "mean_prose_route_rank": 5.4,
            "mean_rank_effect": 0.0,
            "mean_target_minus_continuation": 0.18125,
            "mean_target_minus_donor": 7.91712646484375,
            "mean_target_minus_prose": -1.01875,
            "mean_target_value_rank": 9.6,
            "n": 5,
            "patched_best_other_route": {
              "prose": 5
            },
            "patched_top1_rate": 1.0,
            "success_change_rate": 0.0,
            "target_value_top1_rate": 0.0
          },
          {
            "condition": "degradation|source_random_channel_512",
            "donor_value_top1_rate": 0.0,
            "mean_continuation_route_rank": 10.6,
            "mean_donor_minus_continuation": -7.685546875,
            "mean_donor_minus_prose": -8.810546875,
            "mean_donor_value_rank": 15680.4,
            "mean_final_proj_effect": 0.20940217971801758,
            "mean_n_channels": 512.0,
            "mean_patched_rank": 1.0,
            "mean_pmv_effect": -0.0125,
            "mean_prose_route_rank": 5.6,
            "mean_rank_effect": 0.0,
            "mean_target_minus_continuation": 0.20625,
            "mean_target_minus_donor": 7.891796875,
            "mean_target_minus_prose": -0.91875,
            "mean_target_value_rank": 9.6,
            "n": 5,
            "patched_best_other_route": {
              "prose": 5
            },
            "patched_top1_rate": 1.0,
            "success_change_rate": 0.0,
            "target_value_top1_rate": 0.0
          },
          {
            "condition": "degradation|source_random_channel_64",
            "donor_value_top1_rate": 0.0,
            "mean_continuation_route_rank": 10.4,
            "mean_donor_minus_continuation": -7.78271484375,
            "mean_donor_minus_prose": -8.86396484375,
            "mean_donor_value_rank": 16574.6,
            "mean_final_proj_effect": 0.08052902221679688,
            "mean_n_channels": 64.0,
            "mean_patched_rank": 1.0,
            "mean_pmv_effect": 0.0,
            "mean_prose_route_rank": 5.8,
            "mean_rank_effect": 0.0,
            "mean_target_minus_continuation": 0.15625,
            "mean_target_minus_donor": 7.93896484375,
            "mean_target_minus_prose": -0.925,
            "mean_target_value_rank": 9.8,
            "n": 5,
            "patched_best_other_route": {
              "prose": 5
            },
            "patched_top1_rate": 1.0,
            "success_change_rate": 0.0,
            "target_value_top1_rate": 0.0
          },
          {
            "condition": "degradation|source_random_channel_32",
            "donor_value_top1_rate": 0.0,
            "mean_continuation_route_rank": 10.4,
            "mean_donor_minus_continuation": -7.7650390625,
            "mean_donor_minus_prose": -8.8087890625,
            "mean_donor_value_rank": 15869.4,
            "mean_final_proj_effect": -0.035889625549316406,
            "mean_n_channels": 32.0,
            "mean_patched_rank": 1.0,
            "mean_pmv_effect": -0.0375,
            "mean_prose_route_rank": 5.8,
            "mean_rank_effect": 0.0,
            "mean_target_minus_continuation": 0.15,
            "mean_target_minus_donor": 7.9150390625,
            "mean_target_minus_prose": -0.89375,
            "mean_target_value_rank": 9.2,
            "n": 5,
            "patched_best_other_route": {
              "prose": 5
            },
            "patched_top1_rate": 1.0,
            "success_change_rate": 0.0,
            "target_value_top1_rate": 0.0
          },
          {
            "condition": "degradation|source_random_channel_256",
            "donor_value_top1_rate": 0.0,
            "mean_continuation_route_rank": 10.6,
            "mean_donor_minus_continuation": -7.71533203125,
            "mean_donor_minus_prose": -8.87783203125,
            "mean_donor_value_rank": 16235.2,
            "mean_final_proj_effect": -0.07070503234863282,
            "mean_n_channels": 256.0,
            "mean_patched_rank": 1.0,
            "mean_pmv_effect": -0.0125,
            "mean_prose_route_rank": 5.6,
            "mean_rank_effect": 0.0,
            "mean_target_minus_continuation": 0.2375,
            "mean_target_minus_donor": 7.95283203125,
            "mean_target_minus_prose": -0.925,
            "mean_target_value_rank": 9.6,
            "n": 5,
            "patched_best_other_route": {
              "prose": 5
            },
            "patched_top1_rate": 1.0,
            "success_change_rate": 0.0,
            "target_value_top1_rate": 0.0
          },
          {
            "condition": "degradation|source_random_channel_128",
            "donor_value_top1_rate": 0.0,
            "mean_continuation_route_rank": 10.4,
            "mean_donor_minus_continuation": -7.7013916015625,
            "mean_donor_minus_prose": -8.7951416015625,
            "mean_donor_value_rank": 15275.2,
            "mean_final_proj_effect": -0.0841214418411255,
            "mean_n_channels": 128.0,
            "mean_patched_rank": 1.0,
            "mean_pmv_effect": -0.025,
            "mean_prose_route_rank": 5.6,
            "mean_rank_effect": 0.0,
            "mean_target_minus_continuation": 0.19375,
            "mean_target_minus_donor": 7.8951416015625,
            "mean_target_minus_prose": -0.9,
            "mean_target_value_rank": 9.2,
            "n": 5,
            "patched_best_other_route": {
              "prose": 5
            },
            "patched_top1_rate": 1.0,
            "success_change_rate": 0.0,
            "target_value_top1_rate": 0.0
          }
        ],
        "best_restore_conditions": [
          {
            "condition": "restore|all_positive_source_channels",
            "donor_value_top1_rate": 0.0,
            "mean_continuation_route_rank": 1.2,
            "mean_donor_minus_continuation": -10.643359375,
            "mean_donor_minus_prose": -7.349609375,
            "mean_donor_value_rank": 2500.2,
            "mean_final_proj_effect": 1.7284057140350342,
            "mean_n_channels": 2280.0,
            "mean_patched_rank": 1.8,
            "mean_pmv_effect": 0.44375,
            "mean_prose_route_rank": 7.4,
            "mean_rank_effect": 0.2,
            "mean_target_minus_continuation": -6.125,
            "mean_target_minus_donor": 4.518359375,
            "mean_target_minus_prose": -2.83125,
            "mean_target_value_rank": 55.4,
            "n": 5,
            "patched_best_other_route": {
              "continuation": 5
            },
            "patched_top1_rate": 0.2,
            "success_change_rate": 0.2,
            "target_value_top1_rate": 0.0
          },
          {
            "condition": "restore|source_random_channel_256",
            "donor_value_top1_rate": 0.0,
            "mean_continuation_route_rank": 1.0,
            "mean_donor_minus_continuation": -12.0392578125,
            "mean_donor_minus_prose": -9.3892578125,
            "mean_donor_value_rank": 16646.2,
            "mean_final_proj_effect": -0.03501882553100586,
            "mean_n_channels": 256.0,
            "mean_patched_rank": 1.8,
            "mean_pmv_effect": 0.0125,
            "mean_prose_route_rank": 5.6,
            "mean_rank_effect": 0.2,
            "mean_target_minus_continuation": -5.91875,
            "mean_target_minus_donor": 6.1205078125,
            "mean_target_minus_prose": -3.26875,
            "mean_target_value_rank": 53.8,
            "n": 5,
            "patched_best_other_route": {
              "continuation": 5
            },
            "patched_top1_rate": 0.2,
            "success_change_rate": 0.2,
            "target_value_top1_rate": 0.0
          },
          {
            "condition": "restore|source_top_channel_512",
            "donor_value_top1_rate": 0.0,
            "mean_continuation_route_rank": 1.0,
            "mean_donor_minus_continuation": -11.74375,
            "mean_donor_minus_prose": -8.6,
            "mean_donor_value_rank": 9394.2,
            "mean_final_proj_effect": 1.3720804691314696,
            "mean_n_channels": 512.0,
            "mean_patched_rank": 2.0,
            "mean_pmv_effect": 0.39375,
            "mean_prose_route_rank": 7.6,
            "mean_rank_effect": 0.0,
            "mean_target_minus_continuation": -6.0,
            "mean_target_minus_donor": 5.74375,
            "mean_target_minus_prose": -2.85625,
            "mean_target_value_rank": 51.8,
            "n": 5,
            "patched_best_other_route": {
              "continuation": 5
            },
            "patched_top1_rate": 0.0,
            "success_change_rate": 0.0,
            "target_value_top1_rate": 0.0
          },
          {
            "condition": "restore|source_top_channel_256",
            "donor_value_top1_rate": 0.0,
            "mean_continuation_route_rank": 1.0,
            "mean_donor_minus_continuation": -12.00146484375,
            "mean_donor_minus_prose": -8.98271484375,
            "mean_donor_value_rank": 13342.0,
            "mean_final_proj_effect": 0.9218233585357666,
            "mean_n_channels": 256.0,
            "mean_patched_rank": 2.0,
            "mean_pmv_effect": 0.28125,
            "mean_prose_route_rank": 6.8,
            "mean_rank_effect": 0.0,
            "mean_target_minus_continuation": -5.9875,
            "mean_target_minus_donor": 6.01396484375,
            "mean_target_minus_prose": -2.96875,
            "mean_target_value_rank": 51.6,
            "n": 5,
            "patched_best_other_route": {
              "continuation": 5
            },
            "patched_top1_rate": 0.0,
            "success_change_rate": 0.0,
            "target_value_top1_rate": 0.0
          },
          {
            "condition": "restore|source_top_channel_128",
            "donor_value_top1_rate": 0.0,
            "mean_continuation_route_rank": 1.0,
            "mean_donor_minus_continuation": -12.159747314453124,
            "mean_donor_minus_prose": -9.265997314453125,
            "mean_donor_value_rank": 16613.0,
            "mean_final_proj_effect": 0.6170029640197754,
            "mean_n_channels": 128.0,
            "mean_patched_rank": 2.0,
            "mean_pmv_effect": 0.16875,
            "mean_prose_route_rank": 6.6,
            "mean_rank_effect": 0.0,
            "mean_target_minus_continuation": -6.0125,
            "mean_target_minus_donor": 6.147247314453125,
            "mean_target_minus_prose": -3.11875,
            "mean_target_value_rank": 54.6,
            "n": 5,
            "patched_best_other_route": {
              "continuation": 5
            },
            "patched_top1_rate": 0.0,
            "success_change_rate": 0.0,
            "target_value_top1_rate": 0.0
          },
          {
            "condition": "restore|source_top_channel_64",
            "donor_value_top1_rate": 0.0,
            "mean_continuation_route_rank": 1.0,
            "mean_donor_minus_continuation": -12.1629150390625,
            "mean_donor_minus_prose": -9.3441650390625,
            "mean_donor_value_rank": 16317.4,
            "mean_final_proj_effect": 0.4076878786087036,
            "mean_n_channels": 64.0,
            "mean_patched_rank": 2.0,
            "mean_pmv_effect": 0.13125,
            "mean_prose_route_rank": 6.4,
            "mean_rank_effect": 0.0,
            "mean_target_minus_continuation": -5.975,
            "mean_target_minus_donor": 6.1879150390625,
            "mean_target_minus_prose": -3.15625,
            "mean_target_value_rank": 53.8,
            "n": 5,
            "patched_best_other_route": {
              "continuation": 5
            },
            "patched_top1_rate": 0.0,
            "success_change_rate": 0.0,
            "target_value_top1_rate": 0.0
          },
          {
            "condition": "restore|source_top_channel_32",
            "donor_value_top1_rate": 0.0,
            "mean_continuation_route_rank": 1.0,
            "mean_donor_minus_continuation": -12.171240234375,
            "mean_donor_minus_prose": -9.446240234375,
            "mean_donor_value_rank": 17601.2,
            "mean_final_proj_effect": 0.2703920602798462,
            "mean_n_channels": 32.0,
            "mean_patched_rank": 2.0,
            "mean_pmv_effect": 0.1125,
            "mean_prose_route_rank": 6.0,
            "mean_rank_effect": 0.0,
            "mean_target_minus_continuation": -5.91875,
            "mean_target_minus_donor": 6.252490234375,
            "mean_target_minus_prose": -3.19375,
            "mean_target_value_rank": 52.4,
            "n": 5,
            "patched_best_other_route": {
              "continuation": 5
            },
            "patched_top1_rate": 0.0,
            "success_change_rate": 0.0,
            "target_value_top1_rate": 0.0
          },
          {
            "condition": "restore|source_random_channel_512",
            "donor_value_top1_rate": 0.0,
            "mean_continuation_route_rank": 1.0,
            "mean_donor_minus_continuation": -12.0231201171875,
            "mean_donor_minus_prose": -9.4106201171875,
            "mean_donor_value_rank": 15217.2,
            "mean_final_proj_effect": 0.07289154529571533,
            "mean_n_channels": 512.0,
            "mean_patched_rank": 2.0,
            "mean_pmv_effect": -0.075,
            "mean_prose_route_rank": 5.6,
            "mean_rank_effect": 0.0,
            "mean_target_minus_continuation": -5.91875,
            "mean_target_minus_donor": 6.1043701171875,
            "mean_target_minus_prose": -3.30625,
            "mean_target_value_rank": 51.2,
            "n": 5,
            "patched_best_other_route": {
              "continuation": 5
            },
            "patched_top1_rate": 0.0,
            "success_change_rate": 0.0,
            "target_value_top1_rate": 0.0
          },
          {
            "condition": "restore|source_random_channel_64",
            "donor_value_top1_rate": 0.0,
            "mean_continuation_route_rank": 1.0,
            "mean_donor_minus_continuation": -12.123095703125,
            "mean_donor_minus_prose": -9.498095703125,
            "mean_donor_value_rank": 18144.6,
            "mean_final_proj_effect": 0.05423359870910645,
            "mean_n_channels": 64.0,
            "mean_patched_rank": 2.0,
            "mean_pmv_effect": 0.0,
            "mean_prose_route_rank": 5.8,
            "mean_rank_effect": 0.0,
            "mean_target_minus_continuation": -5.89375,
            "mean_target_minus_donor": 6.229345703125,
            "mean_target_minus_prose": -3.26875,
            "mean_target_value_rank": 52.2,
            "n": 5,
            "patched_best_other_route": {
              "continuation": 5
            },
            "patched_top1_rate": 0.0,
            "success_change_rate": 0.0,
            "target_value_top1_rate": 0.0
          },
          {
            "condition": "restore|source_random_channel_128",
            "donor_value_top1_rate": 0.0,
            "mean_continuation_route_rank": 1.0,
            "mean_donor_minus_continuation": -12.1238525390625,
            "mean_donor_minus_prose": -9.4863525390625,
            "mean_donor_value_rank": 16509.8,
            "mean_final_proj_effect": 0.03741164207458496,
            "mean_n_channels": 128.0,
            "mean_patched_rank": 2.0,
            "mean_pmv_effect": -0.0125,
            "mean_prose_route_rank": 5.8,
            "mean_rank_effect": 0.0,
            "mean_target_minus_continuation": -5.94375,
            "mean_target_minus_donor": 6.1801025390625,
            "mean_target_minus_prose": -3.30625,
            "mean_target_value_rank": 53.2,
            "n": 5,
            "patched_best_other_route": {
              "continuation": 5
            },
            "patched_top1_rate": 0.0,
            "success_change_rate": 0.0,
            "target_value_top1_rate": 0.0
          },
          {
            "condition": "restore|source_random_channel_32",
            "donor_value_top1_rate": 0.0,
            "mean_continuation_route_rank": 1.0,
            "mean_donor_minus_continuation": -12.1091796875,
            "mean_donor_minus_prose": -9.5091796875,
            "mean_donor_value_rank": 17668.2,
            "mean_final_proj_effect": -0.02646019458770752,
            "mean_n_channels": 32.0,
            "mean_patched_rank": 2.0,
            "mean_pmv_effect": -0.025,
            "mean_prose_route_rank": 5.6,
            "mean_rank_effect": 0.0,
            "mean_target_minus_continuation": -5.9125,
            "mean_target_minus_donor": 6.1966796875,
            "mean_target_minus_prose": -3.3125,
            "mean_target_value_rank": 52.2,
            "n": 5,
            "patched_best_other_route": {
              "continuation": 5
            },
            "patched_top1_rate": 0.0,
            "success_change_rate": 0.0,
            "target_value_top1_rate": 0.0
          }
        ],
        "by_split_condition": {
          "unrelated_disjoint|degradation|all_positive_source_channels": {
            "donor_value_top1_rate": 0.0,
            "mean_continuation_route_rank": 14.4,
            "mean_donor_minus_continuation": -6.5734375,
            "mean_donor_minus_prose": -8.4421875,
            "mean_donor_value_rank": 5612.2,
            "mean_final_proj_effect": 2.2388120889663696,
            "mean_n_channels": 2280.0,
            "mean_patched_rank": 1.0,
            "mean_pmv_effect": 0.375,
            "mean_prose_route_rank": 4.6,
            "mean_rank_effect": 0.0,
            "mean_target_minus_continuation": 0.525,
            "mean_target_minus_donor": 7.0984375,
            "mean_target_minus_prose": -1.34375,
            "mean_target_value_rank": 10.8,
            "n": 5,
            "patched_best_other_route": {
              "prose": 5
            },
            "patched_top1_rate": 1.0,
            "success_change_rate": 0.0,
            "target_value_top1_rate": 0.0
          },
          "unrelated_disjoint|degradation|source_random_channel_128": {
            "donor_value_top1_rate": 0.0,
            "mean_continuation_route_rank": 10.4,
            "mean_donor_minus_continuation": -7.7013916015625,
            "mean_donor_minus_prose": -8.7951416015625,
            "mean_donor_value_rank": 15275.2,
            "mean_final_proj_effect": -0.0841214418411255,
            "mean_n_channels": 128.0,
            "mean_patched_rank": 1.0,
            "mean_pmv_effect": -0.025,
            "mean_prose_route_rank": 5.6,
            "mean_rank_effect": 0.0,
            "mean_target_minus_continuation": 0.19375,
            "mean_target_minus_donor": 7.8951416015625,
            "mean_target_minus_prose": -0.9,
            "mean_target_value_rank": 9.2,
            "n": 5,
            "patched_best_other_route": {
              "prose": 5
            },
            "patched_top1_rate": 1.0,
            "success_change_rate": 0.0,
            "target_value_top1_rate": 0.0
          },
          "unrelated_disjoint|degradation|source_random_channel_256": {
            "donor_value_top1_rate": 0.0,
            "mean_continuation_route_rank": 10.6,
            "mean_donor_minus_continuation": -7.71533203125,
            "mean_donor_minus_prose": -8.87783203125,
            "mean_donor_value_rank": 16235.2,
            "mean_final_proj_effect": -0.07070503234863282,
            "mean_n_channels": 256.0,
            "mean_patched_rank": 1.0,
            "mean_pmv_effect": -0.0125,
            "mean_prose_route_rank": 5.6,
            "mean_rank_effect": 0.0,
            "mean_target_minus_continuation": 0.2375,
            "mean_target_minus_donor": 7.95283203125,
            "mean_target_minus_prose": -0.925,
            "mean_target_value_rank": 9.6,
            "n": 5,
            "patched_best_other_route": {
              "prose": 5
            },
            "patched_top1_rate": 1.0,
            "success_change_rate": 0.0,
            "target_value_top1_rate": 0.0
          },
          "unrelated_disjoint|degradation|source_random_channel_32": {
            "donor_value_top1_rate": 0.0,
            "mean_continuation_route_rank": 10.4,
            "mean_donor_minus_continuation": -7.7650390625,
            "mean_donor_minus_prose": -8.8087890625,
            "mean_donor_value_rank": 15869.4,
            "mean_final_proj_effect": -0.035889625549316406,
            "mean_n_channels": 32.0,
            "mean_patched_rank": 1.0,
            "mean_pmv_effect": -0.0375,
            "mean_prose_route_rank": 5.8,
            "mean_rank_effect": 0.0,
            "mean_target_minus_continuation": 0.15,
            "mean_target_minus_donor": 7.9150390625,
            "mean_target_minus_prose": -0.89375,
            "mean_target_value_rank": 9.2,
            "n": 5,
            "patched_best_other_route": {
              "prose": 5
            },
            "patched_top1_rate": 1.0,
            "success_change_rate": 0.0,
            "target_value_top1_rate": 0.0
          },
          "unrelated_disjoint|degradation|source_random_channel_512": {
            "donor_value_top1_rate": 0.0,
            "mean_continuation_route_rank": 10.6,
            "mean_donor_minus_continuation": -7.685546875,
            "mean_donor_minus_prose": -8.810546875,
            "mean_donor_value_rank": 15680.4,
            "mean_final_proj_effect": 0.20940217971801758,
            "mean_n_channels": 512.0,
            "mean_patched_rank": 1.0,
            "mean_pmv_effect": -0.0125,
            "mean_prose_route_rank": 5.6,
            "mean_rank_effect": 0.0,
            "mean_target_minus_continuation": 0.20625,
            "mean_target_minus_donor": 7.891796875,
            "mean_target_minus_prose": -0.91875,
            "mean_target_value_rank": 9.6,
            "n": 5,
            "patched_best_other_route": {
              "prose": 5
            },
            "patched_top1_rate": 1.0,
            "success_change_rate": 0.0,
            "target_value_top1_rate": 0.0
          },
          "unrelated_disjoint|degradation|source_random_channel_64": {
            "donor_value_top1_rate": 0.0,
            "mean_continuation_route_rank": 10.4,
            "mean_donor_minus_continuation": -7.78271484375,
            "mean_donor_minus_prose": -8.86396484375,
            "mean_donor_value_rank": 16574.6,
            "mean_final_proj_effect": 0.08052902221679688,
            "mean_n_channels": 64.0,
            "mean_patched_rank": 1.0,
            "mean_pmv_effect": 0.0,
            "mean_prose_route_rank": 5.8,
            "mean_rank_effect": 0.0,
            "mean_target_minus_continuation": 0.15625,
            "mean_target_minus_donor": 7.93896484375,
            "mean_target_minus_prose": -0.925,
            "mean_target_value_rank": 9.8,
            "n": 5,
            "patched_best_other_route": {
              "prose": 5
            },
            "patched_top1_rate": 1.0,
            "success_change_rate": 0.0,
            "target_value_top1_rate": 0.0
          },
          "unrelated_disjoint|degradation|source_top_channel_128": {
            "donor_value_top1_rate": 0.0,
            "mean_continuation_route_rank": 12.0,
            "mean_donor_minus_continuation": -7.56904296875,
            "mean_donor_minus_prose": -9.02529296875,
            "mean_donor_value_rank": 16189.2,
            "mean_final_proj_effect": 0.8957132577896119,
            "mean_n_channels": 128.0,
            "mean_patched_rank": 1.0,
            "mean_pmv_effect": 0.175,
            "mean_prose_route_rank": 5.4,
            "mean_rank_effect": 0.0,
            "mean_target_minus_continuation": 0.38125,
            "mean_target_minus_donor": 7.95029296875,
            "mean_target_minus_prose": -1.075,
            "mean_target_value_rank": 9.8,
            "n": 5,
            "patched_best_other_route": {
              "prose": 5
            },
            "patched_top1_rate": 1.0,
            "success_change_rate": 0.0,
            "target_value_top1_rate": 0.0
          },
          "unrelated_disjoint|degradation|source_top_channel_256": {
            "donor_value_top1_rate": 0.0,
            "mean_continuation_route_rank": 13.0,
            "mean_donor_minus_continuation": -7.4396484375,
            "mean_donor_minus_prose": -9.0583984375,
            "mean_donor_value_rank": 14646.0,
            "mean_final_proj_effect": 1.1012895584106446,
            "mean_n_channels": 256.0,
            "mean_patched_rank": 1.0,
            "mean_pmv_effect": 0.2,
            "mean_prose_route_rank": 5.2,
            "mean_rank_effect": 0.0,
            "mean_target_minus_continuation": 0.5,
            "mean_target_minus_donor": 7.9396484375,
            "mean_target_minus_prose": -1.11875,
            "mean_target_value_rank": 9.8,
            "n": 5,
            "patched_best_other_route": {
              "prose": 5
            },
            "patched_top1_rate": 1.0,
            "success_change_rate": 0.0,
            "target_value_top1_rate": 0.0
          },
          "unrelated_disjoint|degradation|source_top_channel_32": {
            "donor_value_top1_rate": 0.0,
            "mean_continuation_route_rank": 10.6,
            "mean_donor_minus_continuation": -7.73587646484375,
            "mean_donor_minus_prose": -8.93587646484375,
            "mean_donor_value_rank": 17151.8,
            "mean_final_proj_effect": 0.322527551651001,
            "mean_n_channels": 32.0,
            "mean_patched_rank": 1.0,
            "mean_pmv_effect": 0.0875,
            "mean_prose_route_rank": 5.4,
            "mean_rank_effect": 0.0,
            "mean_target_minus_continuation": 0.18125,
            "mean_target_minus_donor": 7.91712646484375,
            "mean_target_minus_prose": -1.01875,
            "mean_target_value_rank": 9.6,
            "n": 5,
            "patched_best_other_route": {
              "prose": 5
            },
            "patched_top1_rate": 1.0,
            "success_change_rate": 0.0,
            "target_value_top1_rate": 0.0
          },
          "unrelated_disjoint|degradation|source_top_channel_512": {
            "donor_value_top1_rate": 0.0,
            "mean_continuation_route_rank": 12.6,
            "mean_donor_minus_continuation": -7.294140625,
            "mean_donor_minus_prose": -8.987890625,
            "mean_donor_value_rank": 11904.8,
            "mean_final_proj_effect": 1.5699766397476196,
            "mean_n_channels": 512.0,
            "mean_patched_rank": 1.0,
            "mean_pmv_effect": 0.275,
            "mean_prose_route_rank": 5.0,
            "mean_rank_effect": 0.0,
            "mean_target_minus_continuation": 0.525,
            "mean_target_minus_donor": 7.819140625,
            "mean_target_minus_prose": -1.16875,
            "mean_target_value_rank": 9.6,
            "n": 5,
            "patched_best_other_route": {
              "prose": 5
            },
            "patched_top1_rate": 1.0,
            "success_change_rate": 0.0,
            "target_value_top1_rate": 0.0
          },
          "unrelated_disjoint|degradation|source_top_channel_64": {
            "donor_value_top1_rate": 0.0,
            "mean_continuation_route_rank": 11.2,
            "mean_donor_minus_continuation": -7.5680389404296875,
            "mean_donor_minus_prose": -8.924288940429687,
            "mean_donor_value_rank": 15851.8,
            "mean_final_proj_effect": 0.5714880704879761,
            "mean_n_channels": 64.0,
            "mean_patched_rank": 1.0,
            "mean_pmv_effect": 0.1,
            "mean_prose_route_rank": 5.4,
            "mean_rank_effect": 0.0,
            "mean_target_minus_continuation": 0.35,
            "mean_target_minus_donor": 7.918038940429687,
            "mean_target_minus_prose": -1.00625,
            "mean_target_value_rank": 9.6,
            "n": 5,
            "patched_best_other_route": {
              "prose": 5
            },
            "patched_top1_rate": 1.0,
            "success_change_rate": 0.0,
            "target_value_top1_rate": 0.0
          },
          "unrelated_disjoint|restore|all_positive_source_channels": {
            "donor_value_top1_rate": 0.0,
            "mean_continuation_route_rank": 1.2,
            "mean_donor_minus_continuation": -10.643359375,
            "mean_donor_minus_prose": -7.349609375,
            "mean_donor_value_rank": 2500.2,
            "mean_final_proj_effect": 1.7284057140350342,
            "mean_n_channels": 2280.0,
            "mean_patched_rank": 1.8,
            "mean_pmv_effect": 0.44375,
            "mean_prose_route_rank": 7.4,
            "mean_rank_effect": 0.2,
            "mean_target_minus_continuation": -6.125,
            "mean_target_minus_donor": 4.518359375,
            "mean_target_minus_prose": -2.83125,
            "mean_target_value_rank": 55.4,
            "n": 5,
            "patched_best_other_route": {
              "continuation": 5
            },
            "patched_top1_rate": 0.2,
            "success_change_rate": 0.2,
            "target_value_top1_rate": 0.0
          },
          "unrelated_disjoint|restore|source_random_channel_128": {
            "donor_value_top1_rate": 0.0,
            "mean_continuation_route_rank": 1.0,
            "mean_donor_minus_continuation": -12.1238525390625,
            "mean_donor_minus_prose": -9.4863525390625,
            "mean_donor_value_rank": 16509.8,
            "mean_final_proj_effect": 0.03741164207458496,
            "mean_n_channels": 128.0,
            "mean_patched_rank": 2.0,
            "mean_pmv_effect": -0.0125,
            "mean_prose_route_rank": 5.8,
            "mean_rank_effect": 0.0,
            "mean_target_minus_continuation": -5.94375,
            "mean_target_minus_donor": 6.1801025390625,
            "mean_target_minus_prose": -3.30625,
            "mean_target_value_rank": 53.2,
            "n": 5,
            "patched_best_other_route": {
              "continuation": 5
            },
            "patched_top1_rate": 0.0,
            "success_change_rate": 0.0,
            "target_value_top1_rate": 0.0
          },
          "unrelated_disjoint|restore|source_random_channel_256": {
            "donor_value_top1_rate": 0.0,
            "mean_continuation_route_rank": 1.0,
            "mean_donor_minus_continuation": -12.0392578125,
            "mean_donor_minus_prose": -9.3892578125,
            "mean_donor_value_rank": 16646.2,
            "mean_final_proj_effect": -0.03501882553100586,
            "mean_n_channels": 256.0,
            "mean_patched_rank": 1.8,
            "mean_pmv_effect": 0.0125,
            "mean_prose_route_rank": 5.6,
            "mean_rank_effect": 0.2,
            "mean_target_minus_continuation": -5.91875,
            "mean_target_minus_donor": 6.1205078125,
            "mean_target_minus_prose": -3.26875,
            "mean_target_value_rank": 53.8,
            "n": 5,
            "patched_best_other_route": {
              "continuation": 5
            },
            "patched_top1_rate": 0.2,
            "success_change_rate": 0.2,
            "target_value_top1_rate": 0.0
          },
          "unrelated_disjoint|restore|source_random_channel_32": {
            "donor_value_top1_rate": 0.0,
            "mean_continuation_route_rank": 1.0,
            "mean_donor_minus_continuation": -12.1091796875,
            "mean_donor_minus_prose": -9.5091796875,
            "mean_donor_value_rank": 17668.2,
            "mean_final_proj_effect": -0.02646019458770752,
            "mean_n_channels": 32.0,
            "mean_patched_rank": 2.0,
            "mean_pmv_effect": -0.025,
            "mean_prose_route_rank": 5.6,
            "mean_rank_effect": 0.0,
            "mean_target_minus_continuation": -5.9125,
            "mean_target_minus_donor": 6.1966796875,
            "mean_target_minus_prose": -3.3125,
            "mean_target_value_rank": 52.2,
            "n": 5,
            "patched_best_other_route": {
              "continuation": 5
            },
            "patched_top1_rate": 0.0,
            "success_change_rate": 0.0,
            "target_value_top1_rate": 0.0
          },
          "unrelated_disjoint|restore|source_random_channel_512": {
            "donor_value_top1_rate": 0.0,
            "mean_continuation_route_rank": 1.0,
            "mean_donor_minus_continuation": -12.0231201171875,
            "mean_donor_minus_prose": -9.4106201171875,
            "mean_donor_value_rank": 15217.2,
            "mean_final_proj_effect": 0.07289154529571533,
            "mean_n_channels": 512.0,
            "mean_patched_rank": 2.0,
            "mean_pmv_effect": -0.075,
            "mean_prose_route_rank": 5.6,
            "mean_rank_effect": 0.0,
            "mean_target_minus_continuation": -5.91875,
            "mean_target_minus_donor": 6.1043701171875,
            "mean_target_minus_prose": -3.30625,
            "mean_target_value_rank": 51.2,
            "n": 5,
            "patched_best_other_route": {
              "continuation": 5
            },
            "patched_top1_rate": 0.0,
            "success_change_rate": 0.0,
            "target_value_top1_rate": 0.0
          },
          "unrelated_disjoint|restore|source_random_channel_64": {
            "donor_value_top1_rate": 0.0,
            "mean_continuation_route_rank": 1.0,
            "mean_donor_minus_continuation": -12.123095703125,
            "mean_donor_minus_prose": -9.498095703125,
            "mean_donor_value_rank": 18144.6,
            "mean_final_proj_effect": 0.05423359870910645,
            "mean_n_channels": 64.0,
            "mean_patched_rank": 2.0,
            "mean_pmv_effect": 0.0,
            "mean_prose_route_rank": 5.8,
            "mean_rank_effect": 0.0,
            "mean_target_minus_continuation": -5.89375,
            "mean_target_minus_donor": 6.229345703125,
            "mean_target_minus_prose": -3.26875,
            "mean_target_value_rank": 52.2,
            "n": 5,
            "patched_best_other_route": {
              "continuation": 5
            },
            "patched_top1_rate": 0.0,
            "success_change_rate": 0.0,
            "target_value_top1_rate": 0.0
          },
          "unrelated_disjoint|restore|source_top_channel_128": {
            "donor_value_top1_rate": 0.0,
            "mean_continuation_route_rank": 1.0,
            "mean_donor_minus_continuation": -12.159747314453124,
            "mean_donor_minus_prose": -9.265997314453125,
            "mean_donor_value_rank": 16613.0,
            "mean_final_proj_effect": 0.6170029640197754,
            "mean_n_channels": 128.0,
            "mean_patched_rank": 2.0,
            "mean_pmv_effect": 0.16875,
            "mean_prose_route_rank": 6.6,
            "mean_rank_effect": 0.0,
            "mean_target_minus_continuation": -6.0125,
            "mean_target_minus_donor": 6.147247314453125,
            "mean_target_minus_prose": -3.11875,
            "mean_target_value_rank": 54.6,
            "n": 5,
            "patched_best_other_route": {
              "continuation": 5
            },
            "patched_top1_rate": 0.0,
            "success_change_rate": 0.0,
            "target_value_top1_rate": 0.0
          },
          "unrelated_disjoint|restore|source_top_channel_256": {
            "donor_value_top1_rate": 0.0,
            "mean_continuation_route_rank": 1.0,
            "mean_donor_minus_continuation": -12.00146484375,
            "mean_donor_minus_prose": -8.98271484375,
            "mean_donor_value_rank": 13342.0,
            "mean_final_proj_effect": 0.9218233585357666,
            "mean_n_channels": 256.0,
            "mean_patched_rank": 2.0,
            "mean_pmv_effect": 0.28125,
            "mean_prose_route_rank": 6.8,
            "mean_rank_effect": 0.0,
            "mean_target_minus_continuation": -5.9875,
            "mean_target_minus_donor": 6.01396484375,
            "mean_target_minus_prose": -2.96875,
            "mean_target_value_rank": 51.6,
            "n": 5,
            "patched_best_other_route": {
              "continuation": 5
            },
            "patched_top1_rate": 0.0,
            "success_change_rate": 0.0,
            "target_value_top1_rate": 0.0
          },
          "unrelated_disjoint|restore|source_top_channel_32": {
            "donor_value_top1_rate": 0.0,
            "mean_continuation_route_rank": 1.0,
            "mean_donor_minus_continuation": -12.171240234375,
            "mean_donor_minus_prose": -9.446240234375,
            "mean_donor_value_rank": 17601.2,
            "mean_final_proj_effect": 0.2703920602798462,
            "mean_n_channels": 32.0,
            "mean_patched_rank": 2.0,
            "mean_pmv_effect": 0.1125,
            "mean_prose_route_rank": 6.0,
            "mean_rank_effect": 0.0,
            "mean_target_minus_continuation": -5.91875,
            "mean_target_minus_donor": 6.252490234375,
            "mean_target_minus_prose": -3.19375,
            "mean_target_value_rank": 52.4,
            "n": 5,
            "patched_best_other_route": {
              "continuation": 5
            },
            "patched_top1_rate": 0.0,
            "success_change_rate": 0.0,
            "target_value_top1_rate": 0.0
          },
          "unrelated_disjoint|restore|source_top_channel_512": {
            "donor_value_top1_rate": 0.0,
            "mean_continuation_route_rank": 1.0,
            "mean_donor_minus_continuation": -11.74375,
            "mean_donor_minus_prose": -8.6,
            "mean_donor_value_rank": 9394.2,
            "mean_final_proj_effect": 1.3720804691314696,
            "mean_n_channels": 512.0,
            "mean_patched_rank": 2.0,
            "mean_pmv_effect": 0.39375,
            "mean_prose_route_rank": 7.6,
            "mean_rank_effect": 0.0,
            "mean_target_minus_continuation": -6.0,
            "mean_target_minus_donor": 5.74375,
            "mean_target_minus_prose": -2.85625,
            "mean_target_value_rank": 51.8,
            "n": 5,
            "patched_best_other_route": {
              "continuation": 5
            },
            "patched_top1_rate": 0.0,
            "success_change_rate": 0.0,
            "target_value_top1_rate": 0.0
          },
          "unrelated_disjoint|restore|source_top_channel_64": {
            "donor_value_top1_rate": 0.0,
            "mean_continuation_route_rank": 1.0,
            "mean_donor_minus_continuation": -12.1629150390625,
            "mean_donor_minus_prose": -9.3441650390625,
            "mean_donor_value_rank": 16317.4,
            "mean_final_proj_effect": 0.4076878786087036,
            "mean_n_channels": 64.0,
            "mean_patched_rank": 2.0,
            "mean_pmv_effect": 0.13125,
            "mean_prose_route_rank": 6.4,
            "mean_rank_effect": 0.0,
            "mean_target_minus_continuation": -5.975,
            "mean_target_minus_donor": 6.1879150390625,
            "mean_target_minus_prose": -3.15625,
            "mean_target_value_rank": 53.8,
            "n": 5,
            "patched_best_other_route": {
              "continuation": 5
            },
            "patched_top1_rate": 0.0,
            "success_change_rate": 0.0,
            "target_value_top1_rate": 0.0
          }
        },
        "donor_sets": [
          {
            "filter": "target expected first-token set disjoint from donor expected first-token set",
            "n_donor_pairs": 5,
            "n_positive_channels": 2280,
            "n_ranked_channels": 4096,
            "n_targets": 5,
            "same_value_pairs": 0,
            "top_channel_scores": [
              {
                "channel": 58,
                "head": 11,
                "index": 1466,
                "layer": 39,
                "mean_abs_effect": 0.022030492534567535,
                "mean_combo_delta_value": 1.646607792377472,
                "mean_direct_effect": 0.022030492534567535,
                "mean_output_dir_proj": 0.013212298601865768,
                "n_train_cases": 5,
                "unit_key": "L39H11C58"
              },
              {
                "channel": 5,
                "head": 10,
                "index": 1285,
                "layer": 35,
                "mean_abs_effect": 0.021744595077015906,
                "mean_combo_delta_value": 3.1925395250320436,
                "mean_direct_effect": 0.021744595077015906,
                "mean_output_dir_proj": 0.006768583226948977,
                "n_train_cases": 5,
                "unit_key": "L35H10C5"
              },
              {
                "channel": 31,
                "head": 10,
                "index": 1311,
                "layer": 35,
                "mean_abs_effect": 0.019350226086430868,
                "mean_combo_delta_value": -3.663752007484436,
                "mean_direct_effect": 0.01920177766406612,
                "mean_output_dir_proj": -0.005237313359975815,
                "n_train_cases": 5,
                "unit_key": "L35H10C31"
              },
              {
                "channel": 113,
                "head": 21,
                "index": 2801,
                "layer": 39,
                "mean_abs_effect": 0.018198754893641755,
                "mean_combo_delta_value": 2.9406580924987793,
                "mean_direct_effect": 0.018198754893641755,
                "mean_output_dir_proj": 0.00576043976470828,
                "n_train_cases": 5,
                "unit_key": "L39H21C113"
              },
              {
                "channel": 68,
                "head": 10,
                "index": 1348,
                "layer": 35,
                "mean_abs_effect": 0.014846190262851538,
                "mean_combo_delta_value": -5.883723092079163,
                "mean_direct_effect": 0.014846190262851538,
                "mean_output_dir_proj": -0.0026515249977819622,
                "n_train_cases": 5,
                "unit_key": "L35H10C68"
              },
              {
                "channel": 46,
                "head": 15,
                "index": 1966,
                "layer": 38,
                "mean_abs_effect": 0.014843477300932472,
                "mean_combo_delta_value": -4.467903995513916,
                "mean_direct_effect": 0.014843477300932472,
                "mean_output_dir_proj": -0.0032752441707998513,
                "n_train_cases": 5,
                "unit_key": "L38H15C46"
              },
              {
                "channel": 5,
                "head": 21,
                "index": 2693,
                "layer": 39,
                "mean_abs_effect": 0.014519807721562117,
                "mean_combo_delta_value": -4.900041294097901,
                "mean_direct_effect": 0.014519807721562117,
                "mean_output_dir_proj": -0.002963463729247451,
                "n_train_cases": 5,
                "unit_key": "L39H21C5"
              },
              {
                "channel": 68,
                "head": 5,
                "index": 708,
                "layer": 38,
                "mean_abs_effect": 0.014178277729303324,
                "mean_combo_delta_value": 1.982931923866272,
                "mean_direct_effect": 0.014178277729303324,
                "mean_output_dir_proj": 0.00719396322965622,
                "n_train_cases": 5,
                "unit_key": "L38H5C68"
              },
              {
                "channel": 74,
                "head": 10,
                "index": 1354,
                "layer": 35,
                "mean_abs_effect": 0.01606456232309119,
                "mean_combo_delta_value": 3.323534679412842,
                "mean_direct_effect": 0.013713793030956989,
                "mean_output_dir_proj": 0.0036878662183880808,
                "n_train_cases": 5,
                "unit_key": "L35H10C74"
              },
              {
                "channel": 9,
                "head": 11,
                "index": 1417,
                "layer": 39,
                "mean_abs_effect": 0.013583912662659792,
                "mean_combo_delta_value": 1.9878763914108277,
                "mean_direct_effect": 0.013583912662659792,
                "mean_output_dir_proj": 0.006659018341451883,
                "n_train_cases": 5,
                "unit_key": "L39H11C9"
              },
              {
                "channel": 73,
                "head": 5,
                "index": 713,
                "layer": 38,
                "mean_abs_effect": 0.013443713160462157,
                "mean_combo_delta_value": 2.881391191482544,
                "mean_direct_effect": 0.013443713160462157,
                "mean_output_dir_proj": 0.004521868377923966,
                "n_train_cases": 5,
                "unit_key": "L38H5C73"
              },
              {
                "channel": 0,
                "head": 21,
                "index": 2688,
                "layer": 39,
                "mean_abs_effect": 0.013432794826601247,
                "mean_combo_delta_value": -3.0359827518463134,
                "mean_direct_effect": 0.013432794826601247,
                "mean_output_dir_proj": -0.004439383139833808,
                "n_train_cases": 5,
                "unit_key": "L39H21C0"
              },
              {
                "channel": 83,
                "head": 24,
                "index": 3155,
                "layer": 39,
                "mean_abs_effect": 0.013355791408316742,
                "mean_combo_delta_value": -3.244926404953003,
                "mean_direct_effect": 0.013355791408316742,
                "mean_output_dir_proj": -0.004138250043615699,
                "n_train_cases": 5,
                "unit_key": "L39H24C83"
              },
              {
                "channel": 53,
                "head": 21,
                "index": 2741,
                "layer": 39,
                "mean_abs_effect": 0.012939825290969603,
                "mean_combo_delta_value": -7.057038593292236,
                "mean_direct_effect": 0.012939825290969603,
                "mean_output_dir_proj": -0.001867514185141772,
                "n_train_cases": 5,
                "unit_key": "L39H21C53"
              },
              {
                "channel": 61,
                "head": 11,
                "index": 1469,
                "layer": 39,
                "mean_abs_effect": 0.012534911048988007,
                "mean_combo_delta_value": -1.12940194606781,
                "mean_direct_effect": 0.012534911048988007,
                "mean_output_dir_proj": -0.011327455192804337,
                "n_train_cases": 5,
                "unit_key": "L39H11C61"
              },
              {
                "channel": 68,
                "head": 8,
                "index": 1092,
                "layer": 35,
                "mean_abs_effect": 0.012526775257221484,
                "mean_combo_delta_value": -2.693040835857391,
                "mean_direct_effect": 0.012526775257221484,
                "mean_output_dir_proj": -0.004651535302400589,
                "n_train_cases": 5,
                "unit_key": "L35H8C68"
              },
              {
                "channel": 42,
                "head": 21,
                "index": 2730,
                "layer": 39,
                "mean_abs_effect": 0.01243003192531944,
                "mean_combo_delta_value": 2.246096682548523,
                "mean_direct_effect": 0.01243003192531944,
                "mean_output_dir_proj": 0.005698298662900924,
                "n_train_cases": 5,
                "unit_key": "L39H21C42"
              },
              {
                "channel": 107,
                "head": 24,
                "index": 3179,
                "layer": 39,
                "mean_abs_effect": 0.012296561055718714,
                "mean_combo_delta_value": 2.132069969177246,
                "mean_direct_effect": 0.012296561055718714,
                "mean_output_dir_proj": 0.005965503957122564,
                "n_train_cases": 5,
                "unit_key": "L39H24C107"
              },
              {
                "channel": 101,
                "head": 10,
                "index": 1381,
                "layer": 35,
                "mean_abs_effect": 0.012148033308298011,
                "mean_combo_delta_value": 2.916563892364502,
                "mean_direct_effect": 0.012148033308298011,
                "mean_output_dir_proj": 0.00393636547960341,
                "n_train_cases": 5,
                "unit_key": "L35H10C101"
              },
              {
                "channel": 107,
                "head": 21,
                "index": 2795,
                "layer": 39,
                "mean_abs_effect": 0.011940897068015465,
                "mean_combo_delta_value": 2.6982346773147583,
                "mean_direct_effect": 0.011940897068015465,
                "mean_output_dir_proj": 0.0048610863741487265,
                "n_train_cases": 5,
                "unit_key": "L39H21C107"
              },
              {
                "channel": 60,
                "head": 24,
                "index": 3132,
                "layer": 39,
                "mean_abs_effect": 0.011932467737027986,
                "mean_combo_delta_value": -3.597343349456787,
                "mean_direct_effect": 0.011932467737027986,
                "mean_output_dir_proj": -0.003182785026729107,
                "n_train_cases": 5,
                "unit_key": "L39H24C60"
              },
              {
                "channel": 49,
                "head": 10,
                "index": 1329,
                "layer": 35,
                "mean_abs_effect": 0.011792867615844504,
                "mean_combo_delta_value": 2.4309153079986574,
                "mean_direct_effect": 0.011792867615844504,
                "mean_output_dir_proj": 0.004896272346377373,
                "n_train_cases": 5,
                "unit_key": "L35H10C49"
              },
              {
                "channel": 112,
                "head": 10,
                "index": 1392,
                "layer": 35,
                "mean_abs_effect": 0.011104122819146944,
                "mean_combo_delta_value": -3.017310118675232,
                "mean_direct_effect": 0.011104122819146944,
                "mean_output_dir_proj": -0.00407951413653791,
                "n_train_cases": 5,
                "unit_key": "L35H10C112"
              },
              {
                "channel": 78,
                "head": 9,
                "index": 1230,
                "layer": 39,
                "mean_abs_effect": 0.0109078427969455,
                "mean_combo_delta_value": 2.298552227020264,
                "mean_direct_effect": 0.0109078427969455,
                "mean_output_dir_proj": 0.004904066864401102,
                "n_train_cases": 5,
                "unit_key": "L39H9C78"
              },
              {
                "channel": 53,
                "head": 23,
                "index": 2997,
                "layer": 39,
                "mean_abs_effect": 0.010794160182304257,
                "mean_combo_delta_value": -4.059910583496094,
                "mean_direct_effect": 0.010794160182304257,
                "mean_output_dir_proj": -0.002631426276639104,
                "n_train_cases": 5,
                "unit_key": "L39H23C53"
              },
              {
                "channel": 125,
                "head": 11,
                "index": 1533,
                "layer": 39,
                "mean_abs_effect": 0.010719528066644824,
                "mean_combo_delta_value": -1.2895325422286987,
                "mean_direct_effect": 0.010719528066644824,
                "mean_output_dir_proj": -0.008057739399373532,
                "n_train_cases": 5,
                "unit_key": "L39H11C125"
              },
              {
                "channel": 106,
                "head": 23,
                "index": 3050,
                "layer": 39,
                "mean_abs_effect": 0.010551714610945251,
                "mean_combo_delta_value": -2.38479483127594,
                "mean_direct_effect": 0.010551714610945251,
                "mean_output_dir_proj": -0.0044004863128066065,
                "n_train_cases": 5,
                "unit_key": "L39H23C106"
              },
              {
                "channel": 25,
                "head": 11,
                "index": 1433,
                "layer": 39,
                "mean_abs_effect": 0.009908198374814204,
                "mean_combo_delta_value": 0.7959800004959107,
                "mean_direct_effect": 0.009908198374814204,
                "mean_output_dir_proj": 0.012200991250574588,
                "n_train_cases": 5,
                "unit_key": "L39H11C25"
              },
              {
                "channel": 51,
                "head": 21,
                "index": 2739,
                "layer": 39,
                "mean_abs_effect": 0.009644823219622845,
                "mean_combo_delta_value": 4.771089315414429,
                "mean_direct_effect": 0.009644823219622845,
                "mean_output_dir_proj": 0.0020061849849298597,
                "n_train_cases": 5,
                "unit_key": "L39H21C51"
              },
              {
                "channel": 100,
                "head": 10,
                "index": 1380,
                "layer": 35,
                "mean_abs_effect": 0.009465117242713417,
                "mean_combo_delta_value": 2.839955186843872,
                "mean_direct_effect": 0.009465117242713417,
                "mean_output_dir_proj": 0.003499146597459912,
                "n_train_cases": 5,
                "unit_key": "L35H10C100"
              },
              {
                "channel": 116,
                "head": 15,
                "index": 2036,
                "layer": 38,
                "mean_abs_effect": 0.00929632589570566,
                "mean_combo_delta_value": -4.433452701568603,
                "mean_direct_effect": 0.00929632589570566,
                "mean_output_dir_proj": -0.0021374388365074993,
                "n_train_cases": 5,
                "unit_key": "L38H15C116"
              },
              {
                "channel": 123,
                "head": 15,
                "index": 2043,
                "layer": 38,
                "mean_abs_effect": 0.009221620178940914,
                "mean_combo_delta_value": 1.9067081928253173,
                "mean_direct_effect": 0.009221620178940914,
                "mean_output_dir_proj": 0.0048690040595829485,
                "n_train_cases": 5,
                "unit_key": "L38H15C123"
              },
              {
                "channel": 82,
                "head": 9,
                "index": 1234,
                "layer": 39,
                "mean_abs_effect": 0.009162331755052582,
                "mean_combo_delta_value": 1.968069887161255,
                "mean_direct_effect": 0.009162331755052582,
                "mean_output_dir_proj": 0.004875759687274694,
                "n_train_cases": 5,
                "unit_key": "L39H9C82"
              },
              {
                "channel": 114,
                "head": 27,
                "index": 3570,
                "layer": 36,
                "mean_abs_effect": 0.008969717977875574,
                "mean_combo_delta_value": 3.6093713283538817,
                "mean_direct_effect": 0.008969717977875574,
                "mean_output_dir_proj": 0.002557127131149173,
                "n_train_cases": 5,
                "unit_key": "L36H27C114"
              },
              {
                "channel": 74,
                "head": 21,
                "index": 2762,
                "layer": 39,
                "mean_abs_effect": 0.008749213734767457,
                "mean_combo_delta_value": 2.5437485218048095,
                "mean_direct_effect": 0.008749213734767457,
                "mean_output_dir_proj": 0.0035716679878532885,
                "n_train_cases": 5,
                "unit_key": "L39H21C74"
              },
              {
                "channel": 118,
                "head": 5,
                "index": 758,
                "layer": 38,
                "mean_abs_effect": 0.008150795185209826,
                "mean_combo_delta_value": -2.3905471324920655,
                "mean_direct_effect": 0.008150795185209826,
                "mean_output_dir_proj": -0.0034524854738265274,
                "n_train_cases": 5,
                "unit_key": "L38H5C118"
              },
              {
                "channel": 0,
                "head": 24,
                "index": 3072,
                "layer": 39,
                "mean_abs_effect": 0.007946827740717482,
                "mean_combo_delta_value": -2.2694269895553587,
                "mean_direct_effect": 0.007946827740717482,
                "mean_output_dir_proj": -0.003395959455519915,
                "n_train_cases": 5,
                "unit_key": "L39H24C0"
              },
              {
                "channel": 20,
                "head": 11,
                "index": 1428,
                "layer": 39,
                "mean_abs_effect": 0.007921461388528723,
                "mean_combo_delta_value": -0.9623329043388367,
                "mean_direct_effect": 0.007921461388528723,
                "mean_output_dir_proj": -0.008186797332018613,
                "n_train_cases": 5,
                "unit_key": "L39H11C20"
              },
              {
                "channel": 12,
                "head": 24,
                "index": 3084,
                "layer": 39,
                "mean_abs_effect": 0.007724293226960721,
                "mean_combo_delta_value": -1.351086401939392,
                "mean_direct_effect": 0.007724293226960721,
                "mean_output_dir_proj": -0.006001399829983711,
                "n_train_cases": 5,
                "unit_key": "L39H24C12"
              },
              {
                "channel": 27,
                "head": 24,
                "index": 3099,
                "layer": 39,
                "mean_abs_effect": 0.007654123122698847,
                "mean_combo_delta_value": -2.6683182954788207,
                "mean_direct_effect": 0.007654123122698847,
                "mean_output_dir_proj": -0.0027841794770210983,
                "n_train_cases": 5,
                "unit_key": "L39H24C27"
              },
              {
                "channel": 88,
                "head": 27,
                "index": 3544,
                "layer": 36,
                "mean_abs_effect": 0.0075793223093374214,
                "mean_combo_delta_value": 2.0583071231842043,
                "mean_direct_effect": 0.0075793223093374214,
                "mean_output_dir_proj": 0.003617109078913927,
                "n_train_cases": 5,
                "unit_key": "L36H27C88"
              },
              {
                "channel": 87,
                "head": 24,
                "index": 3159,
                "layer": 39,
                "mean_abs_effect": 0.007560806975484602,
                "mean_combo_delta_value": -3.431779479980469,
                "mean_direct_effect": 0.007560806975484602,
                "mean_output_dir_proj": -0.0022002185927703977,
                "n_train_cases": 5,
                "unit_key": "L39H24C87"
              },
              {
                "channel": 111,
                "head": 15,
                "index": 2031,
                "layer": 38,
                "mean_abs_effect": 0.007536724888597935,
                "mean_combo_delta_value": 2.665879487991333,
                "mean_direct_effect": 0.007536724888597935,
                "mean_output_dir_proj": 0.002918743761256337,
                "n_train_cases": 5,
                "unit_key": "L38H15C111"
              },
              {
                "channel": 20,
                "head": 7,
                "index": 916,
                "layer": 38,
                "mean_abs_effect": 0.007458844501754236,
                "mean_combo_delta_value": -2.0130016803741455,
                "mean_direct_effect": 0.007458844501754236,
                "mean_output_dir_proj": -0.003646510327234864,
                "n_train_cases": 5,
                "unit_key": "L38H7C20"
              },
              {
                "channel": 37,
                "head": 27,
                "index": 3493,
                "layer": 36,
                "mean_abs_effect": 0.007397078087126641,
                "mean_combo_delta_value": -3.1769305229187013,
                "mean_direct_effect": 0.007397078087126641,
                "mean_output_dir_proj": -0.0022695646155625583,
                "n_train_cases": 5,
                "unit_key": "L36H27C37"
              },
              {
                "channel": 29,
                "head": 15,
                "index": 1949,
                "layer": 38,
                "mean_abs_effect": 0.007387107558780503,
                "mean_combo_delta_value": 2.289648246765137,
                "mean_direct_effect": 0.007387107558780503,
                "mean_output_dir_proj": 0.0032510511111468075,
                "n_train_cases": 5,
                "unit_key": "L38H15C29"
              },
              {
                "channel": 5,
                "head": 11,
                "index": 1413,
                "layer": 39,
                "mean_abs_effect": 0.007269541887595959,
                "mean_combo_delta_value": 0.6621396481990814,
                "mean_direct_effect": 0.007269541887595959,
                "mean_output_dir_proj": 0.010782008059322834,
                "n_train_cases": 5,
                "unit_key": "L39H11C5"
              },
              {
                "channel": 122,
                "head": 11,
                "index": 1530,
                "layer": 38,
                "mean_abs_effect": 0.007207671833571761,
                "mean_combo_delta_value": 2.9239519596099854,
                "mean_direct_effect": 0.007207671833571761,
                "mean_output_dir_proj": 0.0023904387606307866,
                "n_train_cases": 5,
                "unit_key": "L38H11C122"
              },
              {
                "channel": 21,
                "head": 9,
                "index": 1173,
                "layer": 39,
                "mean_abs_effect": 0.0072074437989709805,
                "mean_combo_delta_value": 2.2280783653259277,
                "mean_direct_effect": 0.0072074437989709805,
                "mean_output_dir_proj": 0.003241282282397151,
                "n_train_cases": 5,
                "unit_key": "L39H9C21"
              },
              {
                "channel": 122,
                "head": 15,
                "index": 2042,
                "layer": 38,
                "mean_abs_effect": 0.0071761858462345675,
                "mean_combo_delta_value": 4.5937611103057865,
                "mean_direct_effect": 0.0071761858462345675,
                "mean_output_dir_proj": 0.0015919603349175305,
                "n_train_cases": 5,
                "unit_key": "L38H15C122"
              },
              {
                "channel": 121,
                "head": 27,
                "index": 3577,
                "layer": 36,
                "mean_abs_effect": 0.007171026115519274,
                "mean_combo_delta_value": 1.4159210443496704,
                "mean_direct_effect": 0.007171026115519274,
                "mean_output_dir_proj": 0.004957258887588978,
                "n_train_cases": 5,
                "unit_key": "L36H27C121"
              },
              {
                "channel": 75,
                "head": 10,
                "index": 1355,
                "layer": 35,
                "mean_abs_effect": 0.007038295618564205,
                "mean_combo_delta_value": 3.0441504955291747,
                "mean_direct_effect": 0.007038295618564205,
                "mean_output_dir_proj": 0.0025725359097123145,
                "n_train_cases": 5,
                "unit_key": "L35H10C75"
              },
              {
                "channel": 79,
                "head": 11,
                "index": 1487,
                "layer": 38,
                "mean_abs_effect": 0.007005663483147617,
                "mean_combo_delta_value": -1.6222574710845947,
                "mean_direct_effect": 0.007005663483147617,
                "mean_output_dir_proj": -0.003652488742955029,
                "n_train_cases": 5,
                "unit_key": "L38H11C79"
              },
              {
                "channel": 117,
                "head": 10,
                "index": 1397,
                "layer": 35,
                "mean_abs_effect": 0.006958365474363104,
                "mean_combo_delta_value": -2.936283540725708,
                "mean_direct_effect": 0.006958365474363104,
                "mean_output_dir_proj": -0.002481548534706235,
                "n_train_cases": 5,
                "unit_key": "L35H10C117"
              },
              {
                "channel": 27,
                "head": 22,
                "index": 2843,
                "layer": 39,
                "mean_abs_effect": 0.0069170355952049125,
                "mean_combo_delta_value": -3.016688823699951,
                "mean_direct_effect": 0.0069170355952049125,
                "mean_output_dir_proj": -0.0022330858279019593,
                "n_train_cases": 5,
                "unit_key": "L39H22C27"
              },
              {
                "channel": 8,
                "head": 9,
                "index": 1160,
                "layer": 39,
                "mean_abs_effect": 0.006915616169584249,
                "mean_combo_delta_value": -3.180468940734863,
                "mean_direct_effect": 0.006915616169584249,
                "mean_output_dir_proj": -0.0020502277417108416,
                "n_train_cases": 5,
                "unit_key": "L39H9C8"
              },
              {
                "channel": 94,
                "head": 22,
                "index": 2910,
                "layer": 39,
                "mean_abs_effect": 0.006824206203407857,
                "mean_combo_delta_value": 1.5980176687240601,
                "mean_direct_effect": 0.006824206203407857,
                "mean_output_dir_proj": 0.004374056309461594,
                "n_train_cases": 5,
                "unit_key": "L39H22C94"
              },
              {
                "channel": 65,
                "head": 11,
                "index": 1473,
                "layer": 39,
                "mean_abs_effect": 0.006698463878085659,
                "mean_combo_delta_value": -0.695026445388794,
                "mean_direct_effect": 0.006698463878085659,
                "mean_output_dir_proj": -0.008907726034522057,
                "n_train_cases": 5,
                "unit_key": "L39H11C65"
              },
              {
                "channel": 96,
                "head": 27,
                "index": 3552,
                "layer": 36,
                "mean_abs_effect": 0.006665100293557239,
                "mean_combo_delta_value": -2.4851097583770754,
                "mean_direct_effect": 0.006665100293557239,
                "mean_output_dir_proj": -0.0021458048024214802,
                "n_train_cases": 5,
                "unit_key": "L36H27C96"
              },
              {
                "channel": 60,
                "head": 23,
                "index": 3004,
                "layer": 39,
                "mean_abs_effect": 0.00652672186127824,
                "mean_combo_delta_value": -2.584381628036499,
                "mean_direct_effect": 0.00652672186127824,
                "mean_output_dir_proj": -0.0024163553724065425,
                "n_train_cases": 5,
                "unit_key": "L39H23C60"
              },
              {
                "channel": 99,
                "head": 27,
                "index": 3555,
                "layer": 36,
                "mean_abs_effect": 0.0064715217650323205,
                "mean_combo_delta_value": 1.0865160524845123,
                "mean_direct_effect": 0.0064715217650323205,
                "mean_output_dir_proj": 0.005792905669659376,
                "n_train_cases": 5,
                "unit_key": "L36H27C99"
              },
              {
                "channel": 113,
                "head": 22,
                "index": 2929,
                "layer": 39,
                "mean_abs_effect": 0.006465927588687248,
                "mean_combo_delta_value": 3.0180362701416015,
                "mean_direct_effect": 0.006465927588687248,
                "mean_output_dir_proj": 0.0020841015968471764,
                "n_train_cases": 5,
                "unit_key": "L39H22C113"
              },
              {
                "channel": 119,
                "head": 27,
                "index": 3575,
                "layer": 36,
                "mean_abs_effect": 0.006449886247076711,
                "mean_combo_delta_value": 4.157407665252686,
                "mean_direct_effect": 0.006449886247076711,
                "mean_output_dir_proj": 0.0013983973942231387,
                "n_train_cases": 5,
                "unit_key": "L36H27C119"
              },
              {
                "channel": 22,
                "head": 8,
                "index": 1046,
                "layer": 34,
                "mean_abs_effect": 0.006976555510207455,
                "mean_combo_delta_value": 0.5788254141807556,
                "mean_direct_effect": 0.0064375540049809495,
                "mean_output_dir_proj": 0.003930894995573908,
                "n_train_cases": 5,
                "unit_key": "L34H8C22"
              }
            ],
            "unrelated_pairs": 5
          }
        ],
        "model": "glm4",
        "n_paired_cases": 5,
        "n_rows": 110
      },
      "timestamp": "2026-06-26 18:42:36",
      "title": "First-Token-Disjoint Identity Competition Audit",
      "top_heads": 32,
      "transfer_layers": [
        34,
        35,
        36,
        37,
        38,
        39
      ]
    },
    {
      "channel_counts": [
        32,
        64,
        128,
        256,
        512
      ],
      "model": "qwen3",
      "n_paired_cases": 3,
      "phase": 706,
      "phase698_top_heads": [
        {
          "head": 14,
          "head_key": "L31H14",
          "layer": 31,
          "mean_delta_norm": 5.878061612447103,
          "mean_direct_effect": 1.1344873507817586
        },
        {
          "head": 8,
          "head_key": "L32H8",
          "layer": 32,
          "mean_delta_norm": 5.510175784428914,
          "mean_direct_effect": 1.0368372201919556
        },
        {
          "head": 20,
          "head_key": "L33H20",
          "layer": 33,
          "mean_delta_norm": 4.874606927235921,
          "mean_direct_effect": 0.6711857815583547
        },
        {
          "head": 1,
          "head_key": "L34H1",
          "layer": 34,
          "mean_delta_norm": 4.126274585723877,
          "mean_direct_effect": 0.4739738702774048
        },
        {
          "head": 26,
          "head_key": "L35H26",
          "layer": 35,
          "mean_delta_norm": 6.89163064956665,
          "mean_direct_effect": 0.42660224437713623
        },
        {
          "head": 28,
          "head_key": "L34H28",
          "layer": 34,
          "mean_delta_norm": 7.563913981119792,
          "mean_direct_effect": 0.38295642534891766
        },
        {
          "head": 6,
          "head_key": "L31H6",
          "layer": 31,
          "mean_delta_norm": 2.6276575525601706,
          "mean_direct_effect": 0.3778717244664828
        },
        {
          "head": 25,
          "head_key": "L32H25",
          "layer": 32,
          "mean_delta_norm": 10.892226854960123,
          "mean_direct_effect": 0.3309931655724843
        },
        {
          "head": 2,
          "head_key": "L35H2",
          "layer": 35,
          "mean_delta_norm": 7.689148426055908,
          "mean_direct_effect": 0.3218367099761963
        },
        {
          "head": 19,
          "head_key": "L34H19",
          "layer": 34,
          "mean_delta_norm": 15.512307167053223,
          "mean_direct_effect": 0.29947588841120404
        },
        {
          "head": 1,
          "head_key": "L35H1",
          "layer": 35,
          "mean_delta_norm": 6.255972544352214,
          "mean_direct_effect": 0.24573034048080444
        },
        {
          "head": 8,
          "head_key": "L35H8",
          "layer": 35,
          "mean_delta_norm": 5.01688289642334,
          "mean_direct_effect": 0.24343139926592508
        },
        {
          "head": 19,
          "head_key": "L31H19",
          "layer": 31,
          "mean_delta_norm": 3.223503589630127,
          "mean_direct_effect": 0.23372008899847665
        },
        {
          "head": 27,
          "head_key": "L30H27",
          "layer": 30,
          "mean_delta_norm": 2.8860628604888916,
          "mean_direct_effect": 0.21893986562887827
        },
        {
          "head": 15,
          "head_key": "L35H15",
          "layer": 35,
          "mean_delta_norm": 5.811681588490804,
          "mean_direct_effect": 0.21560200055440268
        },
        {
          "head": 0,
          "head_key": "L34H0",
          "layer": 34,
          "mean_delta_norm": 4.53323217233022,
          "mean_direct_effect": 0.18513529002666473
        },
        {
          "head": 24,
          "head_key": "L32H24",
          "layer": 32,
          "mean_delta_norm": 4.336742083231608,
          "mean_direct_effect": 0.17144853870073953
        },
        {
          "head": 9,
          "head_key": "L34H9",
          "layer": 34,
          "mean_delta_norm": 8.639265219370523,
          "mean_direct_effect": 0.15552581598361334
        },
        {
          "head": 29,
          "head_key": "L35H29",
          "layer": 35,
          "mean_delta_norm": 5.872735023498535,
          "mean_direct_effect": 0.14249771336714426
        },
        {
          "head": 11,
          "head_key": "L32H11",
          "layer": 32,
          "mean_delta_norm": 7.314382076263428,
          "mean_direct_effect": 0.1373425324757894
        },
        {
          "head": 23,
          "head_key": "L34H23",
          "layer": 34,
          "mean_delta_norm": 10.197933832804361,
          "mean_direct_effect": 0.13322610035538673
        },
        {
          "head": 25,
          "head_key": "L35H25",
          "layer": 35,
          "mean_delta_norm": 10.200244108835856,
          "mean_direct_effect": 0.12295430153608322
        },
        {
          "head": 2,
          "head_key": "L34H2",
          "layer": 34,
          "mean_delta_norm": 2.4302686055501304,
          "mean_direct_effect": 0.1215158390502135
        },
        {
          "head": 31,
          "head_key": "L34H31",
          "layer": 34,
          "mean_delta_norm": 4.726958513259888,
          "mean_direct_effect": 0.10532789304852486
        },
        {
          "head": 20,
          "head_key": "L34H20",
          "layer": 34,
          "mean_delta_norm": 7.92984406153361,
          "mean_direct_effect": 0.10413479804992676
        },
        {
          "head": 21,
          "head_key": "L34H21",
          "layer": 34,
          "mean_delta_norm": 2.945842981338501,
          "mean_direct_effect": 0.10366614411274593
        },
        {
          "head": 7,
          "head_key": "L33H7",
          "layer": 33,
          "mean_delta_norm": 6.037193139394124,
          "mean_direct_effect": 0.0963815450668335
        },
        {
          "head": 28,
          "head_key": "L31H28",
          "layer": 31,
          "mean_delta_norm": 7.090045928955078,
          "mean_direct_effect": 0.09183876713116963
        },
        {
          "head": 31,
          "head_key": "L31H31",
          "layer": 31,
          "mean_delta_norm": 4.725630044937134,
          "mean_direct_effect": 0.08657313138246536
        },
        {
          "head": 0,
          "head_key": "L32H0",
          "layer": 32,
          "mean_delta_norm": 2.976155400276184,
          "mean_direct_effect": 0.08459746837615967
        },
        {
          "head": 22,
          "head_key": "L33H22",
          "layer": 33,
          "mean_delta_norm": 1.2372092405954997,
          "mean_direct_effect": 0.08406156301498413
        },
        {
          "head": 30,
          "head_key": "L33H30",
          "layer": 33,
          "mean_delta_norm": 4.622703552246094,
          "mean_direct_effect": 0.08397444089253743
        }
      ],
      "source_combo": [
        "target_value",
        "answer_line",
        "self_last"
      ],
      "summary": {
        "best_degradation_conditions": [],
        "best_restore_conditions": [],
        "by_split_condition": {},
        "donor_sets": [
          {
            "filter": "target expected first-token set disjoint from donor expected first-token set",
            "n_donor_pairs": 0,
            "n_positive_channels": 2275,
            "n_ranked_channels": 4096,
            "n_targets": 3,
            "same_value_pairs": 0,
            "top_channel_scores": [
              {
                "channel": 61,
                "head": 2,
                "index": 317,
                "layer": 35,
                "mean_abs_effect": 0.14506695738123584,
                "mean_combo_delta_value": 2.8714991410573325,
                "mean_direct_effect": 0.14506695738123584,
                "mean_output_dir_proj": 0.050519589334726334,
                "n_train_cases": 3,
                "unit_key": "L35H2C61"
              },
              {
                "channel": 43,
                "head": 28,
                "index": 3627,
                "layer": 34,
                "mean_abs_effect": 0.14498771236390606,
                "mean_combo_delta_value": -2.7376534938812256,
                "mean_direct_effect": 0.14498771236390606,
                "mean_output_dir_proj": -0.052960578352212906,
                "n_train_cases": 3,
                "unit_key": "L34H28C43"
              },
              {
                "channel": 42,
                "head": 25,
                "index": 3242,
                "layer": 35,
                "mean_abs_effect": 0.14350481409791507,
                "mean_combo_delta_value": 1.421559492746989,
                "mean_direct_effect": 0.14350481409791507,
                "mean_output_dir_proj": 0.10094886273145676,
                "n_train_cases": 3,
                "unit_key": "L35H25C42"
              },
              {
                "channel": 101,
                "head": 15,
                "index": 2021,
                "layer": 35,
                "mean_abs_effect": 0.1314865315430893,
                "mean_combo_delta_value": -2.3360519409179688,
                "mean_direct_effect": 0.1314865315430893,
                "mean_output_dir_proj": -0.0562857910990715,
                "n_train_cases": 3,
                "unit_key": "L35H15C101"
              },
              {
                "channel": 70,
                "head": 25,
                "index": 3270,
                "layer": 35,
                "mean_abs_effect": 0.130751458727687,
                "mean_combo_delta_value": 1.8482064406077068,
                "mean_direct_effect": 0.130751458727687,
                "mean_output_dir_proj": 0.07074505090713501,
                "n_train_cases": 3,
                "unit_key": "L35H25C70"
              },
              {
                "channel": 26,
                "head": 2,
                "index": 282,
                "layer": 35,
                "mean_abs_effect": 0.1184535470188619,
                "mean_combo_delta_value": -2.013347029685974,
                "mean_direct_effect": 0.1184535470188619,
                "mean_output_dir_proj": -0.05883414298295975,
                "n_train_cases": 3,
                "unit_key": "L35H2C26"
              },
              {
                "channel": 76,
                "head": 26,
                "index": 3404,
                "layer": 35,
                "mean_abs_effect": 0.11464496883339947,
                "mean_combo_delta_value": -2.1164655685424805,
                "mean_direct_effect": 0.11464496883339947,
                "mean_output_dir_proj": -0.05416812375187874,
                "n_train_cases": 3,
                "unit_key": "L35H26C76"
              },
              {
                "channel": 106,
                "head": 19,
                "index": 2538,
                "layer": 34,
                "mean_abs_effect": 0.11289668577673358,
                "mean_combo_delta_value": 4.488210995992024,
                "mean_direct_effect": 0.11289668577673358,
                "mean_output_dir_proj": 0.025154050439596176,
                "n_train_cases": 3,
                "unit_key": "L34H19C106"
              },
              {
                "channel": 118,
                "head": 1,
                "index": 246,
                "layer": 35,
                "mean_abs_effect": 0.11289252024913783,
                "mean_combo_delta_value": 2.5606711705525718,
                "mean_direct_effect": 0.11289252024913783,
                "mean_output_dir_proj": 0.04408708214759827,
                "n_train_cases": 3,
                "unit_key": "L35H1C118"
              },
              {
                "channel": 34,
                "head": 28,
                "index": 3618,
                "layer": 34,
                "mean_abs_effect": 0.10828190232015533,
                "mean_combo_delta_value": 2.322738766670227,
                "mean_direct_effect": 0.10828190232015533,
                "mean_output_dir_proj": 0.046618200838565826,
                "n_train_cases": 3,
                "unit_key": "L34H28C34"
              },
              {
                "channel": 57,
                "head": 25,
                "index": 3257,
                "layer": 35,
                "mean_abs_effect": 0.10482168536542484,
                "mean_combo_delta_value": 1.8432720104853313,
                "mean_direct_effect": 0.10482168536542484,
                "mean_output_dir_proj": 0.05686718225479126,
                "n_train_cases": 3,
                "unit_key": "L35H25C57"
              },
              {
                "channel": 37,
                "head": 26,
                "index": 3365,
                "layer": 35,
                "mean_abs_effect": 0.09585285945121018,
                "mean_combo_delta_value": 2.5550595919291177,
                "mean_direct_effect": 0.09585285945121018,
                "mean_output_dir_proj": 0.03751492127776146,
                "n_train_cases": 3,
                "unit_key": "L35H26C37"
              },
              {
                "channel": 19,
                "head": 31,
                "index": 3987,
                "layer": 34,
                "mean_abs_effect": 0.09232428943758775,
                "mean_combo_delta_value": 1.8989898562431335,
                "mean_direct_effect": 0.09232428943758775,
                "mean_output_dir_proj": 0.04861757904291153,
                "n_train_cases": 3,
                "unit_key": "L34H31C19"
              },
              {
                "channel": 49,
                "head": 28,
                "index": 3633,
                "layer": 34,
                "mean_abs_effect": 0.09097682858491751,
                "mean_combo_delta_value": -1.90278426806132,
                "mean_direct_effect": 0.09097682858491751,
                "mean_output_dir_proj": -0.04781247675418854,
                "n_train_cases": 3,
                "unit_key": "L34H28C49"
              },
              {
                "channel": 26,
                "head": 1,
                "index": 154,
                "layer": 35,
                "mean_abs_effect": 0.0908708416203184,
                "mean_combo_delta_value": -1.7909973462422688,
                "mean_direct_effect": 0.0908708416203184,
                "mean_output_dir_proj": -0.05073756352066994,
                "n_train_cases": 3,
                "unit_key": "L35H1C26"
              },
              {
                "channel": 79,
                "head": 28,
                "index": 3663,
                "layer": 34,
                "mean_abs_effect": 0.08978481164593581,
                "mean_combo_delta_value": 1.603904167811076,
                "mean_direct_effect": 0.08978481164593581,
                "mean_output_dir_proj": 0.055978912860155106,
                "n_train_cases": 3,
                "unit_key": "L34H28C79"
              },
              {
                "channel": 21,
                "head": 19,
                "index": 2453,
                "layer": 34,
                "mean_abs_effect": 0.08668485989677659,
                "mean_combo_delta_value": 2.1287313302357993,
                "mean_direct_effect": 0.08668485989677659,
                "mean_output_dir_proj": 0.04072137176990509,
                "n_train_cases": 3,
                "unit_key": "L34H19C21"
              },
              {
                "channel": 102,
                "head": 2,
                "index": 358,
                "layer": 35,
                "mean_abs_effect": 0.08539264711266092,
                "mean_combo_delta_value": -3.3510427474975586,
                "mean_direct_effect": 0.08539264711266092,
                "mean_output_dir_proj": -0.025482410565018654,
                "n_train_cases": 3,
                "unit_key": "L35H2C102"
              },
              {
                "channel": 99,
                "head": 25,
                "index": 3299,
                "layer": 35,
                "mean_abs_effect": 0.08522394846648289,
                "mean_combo_delta_value": -1.3978663285573323,
                "mean_direct_effect": 0.08522394846648289,
                "mean_output_dir_proj": -0.06096716597676277,
                "n_train_cases": 3,
                "unit_key": "L35H25C99"
              },
              {
                "channel": 116,
                "head": 14,
                "index": 1908,
                "layer": 31,
                "mean_abs_effect": 0.08365095129879781,
                "mean_combo_delta_value": -0.9007794062296549,
                "mean_direct_effect": 0.08365095129879781,
                "mean_output_dir_proj": -0.09286507964134216,
                "n_train_cases": 3,
                "unit_key": "L31H14C116"
              },
              {
                "channel": 126,
                "head": 25,
                "index": 3326,
                "layer": 35,
                "mean_abs_effect": 0.08284513584786524,
                "mean_combo_delta_value": -0.7151879469553629,
                "mean_direct_effect": 0.08284513584786524,
                "mean_output_dir_proj": -0.11583687365055084,
                "n_train_cases": 3,
                "unit_key": "L35H25C126"
              },
              {
                "channel": 65,
                "head": 7,
                "index": 961,
                "layer": 33,
                "mean_abs_effect": 0.08187386278527553,
                "mean_combo_delta_value": 1.8300722042719524,
                "mean_direct_effect": 0.08187386278527553,
                "mean_output_dir_proj": 0.0447380505502224,
                "n_train_cases": 3,
                "unit_key": "L33H7C65"
              },
              {
                "channel": 32,
                "head": 24,
                "index": 3104,
                "layer": 32,
                "mean_abs_effect": 0.08042059650886202,
                "mean_combo_delta_value": -0.8193037509918213,
                "mean_direct_effect": 0.08042059650886202,
                "mean_output_dir_proj": -0.09815724194049835,
                "n_train_cases": 3,
                "unit_key": "L32H24C32"
              },
              {
                "channel": 72,
                "head": 2,
                "index": 328,
                "layer": 35,
                "mean_abs_effect": 0.07871486912205983,
                "mean_combo_delta_value": 1.6383635600407918,
                "mean_direct_effect": 0.07871486912205983,
                "mean_output_dir_proj": 0.04804481193423271,
                "n_train_cases": 3,
                "unit_key": "L35H2C72"
              },
              {
                "channel": 102,
                "head": 1,
                "index": 230,
                "layer": 35,
                "mean_abs_effect": 0.07732594042789032,
                "mean_combo_delta_value": -2.284769058227539,
                "mean_direct_effect": 0.07732594042789032,
                "mean_output_dir_proj": -0.03384409472346306,
                "n_train_cases": 3,
                "unit_key": "L35H1C102"
              },
              {
                "channel": 57,
                "head": 15,
                "index": 1977,
                "layer": 35,
                "mean_abs_effect": 0.07709150424866706,
                "mean_combo_delta_value": 1.8016748428344727,
                "mean_direct_effect": 0.07709150424866706,
                "mean_output_dir_proj": 0.0427887998521328,
                "n_train_cases": 3,
                "unit_key": "L35H15C57"
              },
              {
                "channel": 97,
                "head": 2,
                "index": 353,
                "layer": 35,
                "mean_abs_effect": 0.07538949504477192,
                "mean_combo_delta_value": 1.1232197086016338,
                "mean_direct_effect": 0.07538949504477192,
                "mean_output_dir_proj": 0.06711909919977188,
                "n_train_cases": 3,
                "unit_key": "L35H2C97"
              },
              {
                "channel": 69,
                "head": 28,
                "index": 3653,
                "layer": 34,
                "mean_abs_effect": 0.07490049976286173,
                "mean_combo_delta_value": 1.52301025390625,
                "mean_direct_effect": 0.07490049976286173,
                "mean_output_dir_proj": 0.04917924851179123,
                "n_train_cases": 3,
                "unit_key": "L34H28C69"
              },
              {
                "channel": 124,
                "head": 2,
                "index": 380,
                "layer": 35,
                "mean_abs_effect": 0.07444741992174315,
                "mean_combo_delta_value": -1.312078873316447,
                "mean_direct_effect": 0.07444741992174315,
                "mean_output_dir_proj": -0.05674004927277565,
                "n_train_cases": 3,
                "unit_key": "L35H2C124"
              },
              {
                "channel": 125,
                "head": 2,
                "index": 381,
                "layer": 35,
                "mean_abs_effect": 0.07375872972100428,
                "mean_combo_delta_value": -2.5673343340555825,
                "mean_direct_effect": 0.07375872972100428,
                "mean_output_dir_proj": -0.028729693964123726,
                "n_train_cases": 3,
                "unit_key": "L35H2C125"
              },
              {
                "channel": 19,
                "head": 26,
                "index": 3347,
                "layer": 35,
                "mean_abs_effect": 0.07233392972188568,
                "mean_combo_delta_value": 2.0056662559509277,
                "mean_direct_effect": 0.07233392972188568,
                "mean_output_dir_proj": 0.036064788699150085,
                "n_train_cases": 3,
                "unit_key": "L35H26C19"
              },
              {
                "channel": 32,
                "head": 1,
                "index": 160,
                "layer": 35,
                "mean_abs_effect": 0.07232759147055567,
                "mean_combo_delta_value": -1.9936530590057373,
                "mean_direct_effect": 0.07232759147055567,
                "mean_output_dir_proj": -0.03627892583608627,
                "n_train_cases": 3,
                "unit_key": "L35H1C32"
              },
              {
                "channel": 9,
                "head": 14,
                "index": 1801,
                "layer": 31,
                "mean_abs_effect": 0.0716430683572753,
                "mean_combo_delta_value": -1.0581226348876953,
                "mean_direct_effect": 0.0716430683572753,
                "mean_output_dir_proj": -0.06770771741867065,
                "n_train_cases": 3,
                "unit_key": "L31H14C9"
              },
              {
                "channel": 112,
                "head": 9,
                "index": 1264,
                "layer": 34,
                "mean_abs_effect": 0.07030485888910487,
                "mean_combo_delta_value": -1.4437496264775593,
                "mean_direct_effect": 0.07030485888910487,
                "mean_output_dir_proj": -0.048696018755435944,
                "n_train_cases": 3,
                "unit_key": "L34H9C112"
              },
              {
                "channel": 126,
                "head": 28,
                "index": 3710,
                "layer": 34,
                "mean_abs_effect": 0.07025914103830289,
                "mean_combo_delta_value": -1.6932399272918701,
                "mean_direct_effect": 0.07025914103830289,
                "mean_output_dir_proj": -0.04149390757083893,
                "n_train_cases": 3,
                "unit_key": "L34H28C126"
              },
              {
                "channel": 93,
                "head": 25,
                "index": 3293,
                "layer": 32,
                "mean_abs_effect": 0.06807780665064585,
                "mean_combo_delta_value": -1.9455042680104573,
                "mean_direct_effect": 0.06807780665064585,
                "mean_output_dir_proj": -0.03499237075448036,
                "n_train_cases": 3,
                "unit_key": "L32H25C93"
              },
              {
                "channel": 102,
                "head": 25,
                "index": 3302,
                "layer": 32,
                "mean_abs_effect": 0.06794377079818315,
                "mean_combo_delta_value": -2.1020888090133667,
                "mean_direct_effect": 0.06794377079818315,
                "mean_output_dir_proj": -0.032322026789188385,
                "n_train_cases": 3,
                "unit_key": "L32H25C102"
              },
              {
                "channel": 114,
                "head": 14,
                "index": 1906,
                "layer": 31,
                "mean_abs_effect": 0.06794052840144538,
                "mean_combo_delta_value": 0.9783098697662354,
                "mean_direct_effect": 0.06794052840144538,
                "mean_output_dir_proj": 0.06944683939218521,
                "n_train_cases": 3,
                "unit_key": "L31H14C114"
              },
              {
                "channel": 4,
                "head": 24,
                "index": 3076,
                "layer": 32,
                "mean_abs_effect": 0.06606048188595597,
                "mean_combo_delta_value": -0.9624077876408895,
                "mean_direct_effect": 0.06606048188595597,
                "mean_output_dir_proj": -0.06864084303379059,
                "n_train_cases": 3,
                "unit_key": "L32H24C4"
              },
              {
                "channel": 19,
                "head": 14,
                "index": 1811,
                "layer": 31,
                "mean_abs_effect": 0.06586777069886314,
                "mean_combo_delta_value": -0.9594155152638754,
                "mean_direct_effect": 0.06586777069886314,
                "mean_output_dir_proj": -0.06865406036376953,
                "n_train_cases": 3,
                "unit_key": "L31H14C19"
              },
              {
                "channel": 48,
                "head": 2,
                "index": 304,
                "layer": 35,
                "mean_abs_effect": 0.06561572325742897,
                "mean_combo_delta_value": -0.7558592955271403,
                "mean_direct_effect": 0.06561572325742897,
                "mean_output_dir_proj": -0.086809441447258,
                "n_train_cases": 3,
                "unit_key": "L35H2C48"
              },
              {
                "channel": 14,
                "head": 7,
                "index": 910,
                "layer": 33,
                "mean_abs_effect": 0.06364616058491872,
                "mean_combo_delta_value": -2.014031728108724,
                "mean_direct_effect": 0.06364616058491872,
                "mean_output_dir_proj": -0.03160136938095093,
                "n_train_cases": 3,
                "unit_key": "L33H7C14"
              },
              {
                "channel": 122,
                "head": 2,
                "index": 378,
                "layer": 35,
                "mean_abs_effect": 0.0636359035523828,
                "mean_combo_delta_value": 0.870270699262619,
                "mean_direct_effect": 0.0636359035523828,
                "mean_output_dir_proj": 0.07312196493148804,
                "n_train_cases": 3,
                "unit_key": "L35H2C122"
              },
              {
                "channel": 88,
                "head": 8,
                "index": 1112,
                "layer": 32,
                "mean_abs_effect": 0.06304526838695956,
                "mean_combo_delta_value": -1.1420410474141438,
                "mean_direct_effect": 0.06304526838695956,
                "mean_output_dir_proj": -0.05520403012633324,
                "n_train_cases": 3,
                "unit_key": "L32H8C88"
              },
              {
                "channel": 53,
                "head": 2,
                "index": 309,
                "layer": 35,
                "mean_abs_effect": 0.0623799254346095,
                "mean_combo_delta_value": -1.2961923281351726,
                "mean_direct_effect": 0.0623799254346095,
                "mean_output_dir_proj": -0.04812551662325859,
                "n_train_cases": 3,
                "unit_key": "L35H2C53"
              },
              {
                "channel": 6,
                "head": 14,
                "index": 1798,
                "layer": 31,
                "mean_abs_effect": 0.06161465729264156,
                "mean_combo_delta_value": -1.078790505727132,
                "mean_direct_effect": 0.06161465729264156,
                "mean_output_dir_proj": -0.05711457133293152,
                "n_train_cases": 3,
                "unit_key": "L31H14C6"
              },
              {
                "channel": 62,
                "head": 26,
                "index": 3390,
                "layer": 35,
                "mean_abs_effect": 0.061076850727813436,
                "mean_combo_delta_value": 1.3477752208709717,
                "mean_direct_effect": 0.061076850727813436,
                "mean_output_dir_proj": 0.04531679302453995,
                "n_train_cases": 3,
                "unit_key": "L35H26C62"
              },
              {
                "channel": 127,
                "head": 9,
                "index": 1279,
                "layer": 34,
                "mean_abs_effect": 0.059813519580580156,
                "mean_combo_delta_value": -1.1208631197611492,
                "mean_direct_effect": 0.059813519580580156,
                "mean_output_dir_proj": -0.05336380377411842,
                "n_train_cases": 3,
                "unit_key": "L34H9C127"
              },
              {
                "channel": 19,
                "head": 25,
                "index": 3219,
                "layer": 32,
                "mean_abs_effect": 0.05943097943905092,
                "mean_combo_delta_value": -1.0614479382832844,
                "mean_direct_effect": 0.05943097943905092,
                "mean_output_dir_proj": -0.05599047988653183,
                "n_train_cases": 3,
                "unit_key": "L32H25C19"
              },
              {
                "channel": 55,
                "head": 8,
                "index": 1079,
                "layer": 32,
                "mean_abs_effect": 0.05799841691314356,
                "mean_combo_delta_value": -0.8605311711629232,
                "mean_direct_effect": 0.05799841691314356,
                "mean_output_dir_proj": -0.06739839166402817,
                "n_train_cases": 3,
                "unit_key": "L32H8C55"
              },
              {
                "channel": 83,
                "head": 7,
                "index": 979,
                "layer": 33,
                "mean_abs_effect": 0.05645725319253625,
                "mean_combo_delta_value": -1.055470585823059,
                "mean_direct_effect": 0.05645725319253625,
                "mean_output_dir_proj": -0.05349012464284897,
                "n_train_cases": 3,
                "unit_key": "L33H7C83"
              },
              {
                "channel": 96,
                "head": 19,
                "index": 2528,
                "layer": 34,
                "mean_abs_effect": 0.056386259028703645,
                "mean_combo_delta_value": -1.8795593976974487,
                "mean_direct_effect": 0.056386259028703645,
                "mean_output_dir_proj": -0.02999972179532051,
                "n_train_cases": 3,
                "unit_key": "L34H19C96"
              },
              {
                "channel": 30,
                "head": 9,
                "index": 1182,
                "layer": 34,
                "mean_abs_effect": 0.05605399911684709,
                "mean_combo_delta_value": -0.714940090974172,
                "mean_direct_effect": 0.05605399911684709,
                "mean_output_dir_proj": -0.0784037709236145,
                "n_train_cases": 3,
                "unit_key": "L34H9C30"
              },
              {
                "channel": 68,
                "head": 1,
                "index": 196,
                "layer": 35,
                "mean_abs_effect": 0.05602200261523649,
                "mean_combo_delta_value": -1.3117624918619792,
                "mean_direct_effect": 0.05602200261523649,
                "mean_output_dir_proj": -0.042707428336143494,
                "n_train_cases": 3,
                "unit_key": "L35H1C68"
              },
              {
                "channel": 101,
                "head": 25,
                "index": 3301,
                "layer": 32,
                "mean_abs_effect": 0.05582840956420121,
                "mean_combo_delta_value": -1.5833999315897624,
                "mean_direct_effect": 0.05582840956420121,
                "mean_output_dir_proj": -0.035258565098047256,
                "n_train_cases": 3,
                "unit_key": "L32H25C101"
              },
              {
                "channel": 79,
                "head": 9,
                "index": 1231,
                "layer": 34,
                "mean_abs_effect": 0.05504370382762502,
                "mean_combo_delta_value": 0.7610840002695719,
                "mean_direct_effect": 0.05504370382762502,
                "mean_output_dir_proj": 0.0723227709531784,
                "n_train_cases": 3,
                "unit_key": "L34H9C79"
              },
              {
                "channel": 98,
                "head": 2,
                "index": 354,
                "layer": 35,
                "mean_abs_effect": 0.05479061380309336,
                "mean_combo_delta_value": 0.8969433506329855,
                "mean_direct_effect": 0.05479061380309336,
                "mean_output_dir_proj": 0.06108592450618744,
                "n_train_cases": 3,
                "unit_key": "L35H2C98"
              },
              {
                "channel": 69,
                "head": 31,
                "index": 4037,
                "layer": 34,
                "mean_abs_effect": 0.05475798535001353,
                "mean_combo_delta_value": 0.7874129911263784,
                "mean_direct_effect": 0.05475798535001353,
                "mean_output_dir_proj": 0.06954163312911987,
                "n_train_cases": 3,
                "unit_key": "L34H31C69"
              },
              {
                "channel": 107,
                "head": 26,
                "index": 3435,
                "layer": 35,
                "mean_abs_effect": 0.053895300307424066,
                "mean_combo_delta_value": -1.3272745609283447,
                "mean_direct_effect": 0.053895300307424066,
                "mean_output_dir_proj": -0.04060599207878113,
                "n_train_cases": 3,
                "unit_key": "L35H26C107"
              },
              {
                "channel": 76,
                "head": 28,
                "index": 3660,
                "layer": 34,
                "mean_abs_effect": 0.05343554474742618,
                "mean_combo_delta_value": -1.2154250939687092,
                "mean_direct_effect": 0.05343554474742618,
                "mean_output_dir_proj": -0.04396449029445648,
                "n_train_cases": 3,
                "unit_key": "L34H28C76"
              },
              {
                "channel": 16,
                "head": 23,
                "index": 2960,
                "layer": 34,
                "mean_abs_effect": 0.05328727863430416,
                "mean_combo_delta_value": 0.9506452083587646,
                "mean_direct_effect": 0.05328727863430416,
                "mean_output_dir_proj": 0.056053802371025085,
                "n_train_cases": 3,
                "unit_key": "L34H23C16"
              },
              {
                "channel": 83,
                "head": 9,
                "index": 1235,
                "layer": 34,
                "mean_abs_effect": 0.05326986555949986,
                "mean_combo_delta_value": -1.3592745463053386,
                "mean_direct_effect": 0.05326986555949986,
                "mean_output_dir_proj": -0.03918992355465889,
                "n_train_cases": 3,
                "unit_key": "L34H9C83"
              },
              {
                "channel": 44,
                "head": 26,
                "index": 3372,
                "layer": 35,
                "mean_abs_effect": 0.053007440092622815,
                "mean_combo_delta_value": 2.243673801422119,
                "mean_direct_effect": 0.053007440092622815,
                "mean_output_dir_proj": 0.023625288158655167,
                "n_train_cases": 3,
                "unit_key": "L35H26C44"
              },
              {
                "channel": 17,
                "head": 2,
                "index": 273,
                "layer": 35,
                "mean_abs_effect": 0.05276818494565827,
                "mean_combo_delta_value": 0.5943601528803507,
                "mean_direct_effect": 0.05276818494565827,
                "mean_output_dir_proj": 0.08878149837255478,
                "n_train_cases": 3,
                "unit_key": "L35H2C17"
              }
            ],
            "unrelated_pairs": 0
          }
        ],
        "model": "qwen3",
        "n_paired_cases": 3,
        "n_rows": 0
      },
      "timestamp": "2026-06-26 18:42:16",
      "title": "First-Token-Disjoint Identity Competition Audit",
      "top_heads": 32,
      "transfer_layers": [
        30,
        31,
        32,
        33,
        34,
        35
      ]
    }
  ],
  "phase": 706,
  "timestamp": "2026-06-26 18:44:00",
  "title": "First-Token-Disjoint Identity Competition Audit Cross-Model Summary"
}
