[15:14:20] glm4: selected 96 cases, max_per_family=24
`torch_dtype` is deprecated! Use `dtype` instead!
[model_utils] Loading glm4... (8bit=False)
Loading weights:   0%|          | 0/443 [00:00<?, ?it/s]Loading weights: 100%|██████████| 443/443 [00:00<00:00, 108920.61it/s]
[model_utils] glm4 loaded, device=cuda:0, class=GlmForCausalLM, GPU=18.84GB
[15:14:28] glm4: audited 8/96 prompts; rows=10240
[15:14:31] glm4: audited 16/96 prompts; rows=20480
[15:14:34] glm4: audited 24/96 prompts; rows=30720
[15:14:38] glm4: audited 32/96 prompts; rows=40960
[15:14:41] glm4: audited 40/96 prompts; rows=51200
[15:14:44] glm4: audited 48/96 prompts; rows=61440
[15:14:48] glm4: audited 56/96 prompts; rows=71680
[15:14:51] glm4: audited 64/96 prompts; rows=81920
[15:14:55] glm4: audited 72/96 prompts; rows=92160
[15:14:58] glm4: audited 80/96 prompts; rows=102400
[15:15:01] glm4: audited 88/96 prompts; rows=112640
[15:15:05] glm4: audited 96/96 prompts; rows=122880
[model_utils] GPU memory released, allocated=18.85 GB
[15:15:06] glm4: wrote 122880 prompt-head rows
{
  "by_family": {
    "color_value_reuse_difference": {
      "n_heads": 1280,
      "n_prompt_head_rows": 30720,
      "top_instruction_heads": [
        {
          "function_family": "color_value_reuse_difference",
          "head": 4,
          "head_key": "L19H4",
          "layer": 19,
          "mean_mass_answer_line": 0.007460276285807292,
          "mean_mass_grammar_marker": 0.0,
          "mean_mass_instruction_line": 0.98779296875,
          "mean_mass_line_partition": 1.0000226497650146,
          "mean_mass_object_name": 5.184238155682882e-05,
          "mean_mass_outside_lines": 0.0007207393646240234,
          "mean_mass_question_line": 0.0008866786956787109,
          "mean_mass_record_line": 0.003882726033528646,
          "mean_mass_relation_name": 0.000412603219350179,
          "mean_mass_self_last": 0.006404876708984375,
          "mean_mass_source_value": 5.4585436979929604e-05,
          "mean_mass_target_language": 0.0,
          "mean_mass_target_value": 5.4585436979929604e-05,
          "mean_top_attn_mass": 0.5442708333333334,
          "model": "glm4",
          "n": 24,
          "source_focus_score": -0.4954747452090184,
          "top_attn_token_counts": {
            " value": 7,
            ".\n": 17
          }
        },
        {
          "function_family": "color_value_reuse_difference",
          "head": 21,
          "head_key": "L0H21",
          "layer": 0,
          "mean_mass_answer_line": 0.032470703125,
          "mean_mass_grammar_marker": 0.0,
          "mean_mass_instruction_line": 0.96875,
          "mean_mass_line_partition": 1.0012633576989174,
          "mean_mass_object_name": 1.7854074637095135e-05,
          "mean_mass_outside_lines": 0.0,
          "mean_mass_question_line": 2.7244289716084797e-05,
          "mean_mass_record_line": 1.541028420130412e-05,
          "mean_mass_relation_name": 9.549160798390707e-06,
          "mean_mass_self_last": 0.0038604736328125,
          "mean_mass_source_value": 6.26023393124342e-07,
          "mean_mass_target_language": 0.0,
          "mean_mass_target_value": 6.26023393124342e-07,
          "mean_top_attn_mass": 0.9453125,
          "model": "glm4",
          "n": 24,
          "source_focus_score": -0.49247834814013913,
          "top_attn_token_counts": {
            ".\n": 24
          }
        },
        {
          "function_family": "color_value_reuse_difference",
          "head": 16,
          "head_key": "L15H16",
          "layer": 15,
          "mean_mass_answer_line": 0.0010786056518554688,
          "mean_mass_grammar_marker": 0.0,
          "mean_mass_instruction_line": 0.9656575520833334,
          "mean_mass_line_partition": 0.9994853337605795,
          "mean_mass_object_name": 0.0011259714762369792,
          "mean_mass_outside_lines": 0.0009263356526692709,
          "mean_mass_question_line": 0.018660227457682293,
          "mean_mass_record_line": 0.014088948567708334,
          "mean_mass_relation_name": 0.0009902318318684895,
          "mean_mass_self_last": 0.0005826950073242188,
          "mean_mass_source_value": 0.0004647175470987956,
          "mean_mass_target_language": 0.0,
          "mean_mass_target_value": 0.0004647175470987956,
          "mean_top_attn_mass": 0.8357747395833334,
          "model": "glm4",
          "n": 24,
          "source_focus_score": -0.481575608253479,
          "top_attn_token_counts": {
            ".\n": 24
          }
        },
        {
          "function_family": "color_value_reuse_difference",
          "head": 7,
          "head_key": "L13H7",
          "layer": 13,
          "mean_mass_answer_line": 0.008294423421223959,
          "mean_mass_grammar_marker": 0.0,
          "mean_mass_instruction_line": 0.9412434895833334,
          "mean_mass_line_partition": 0.9998003641764323,
          "mean_mass_object_name": 0.0009713371594746908,
          "mean_mass_outside_lines": 0.0007680257161458334,
          "mean_mass_question_line": 0.007700602213541667,
          "mean_mass_record_line": 0.042561848958333336,
          "mean_mass_relation_name": 0.0009213288625081381,
          "mean_mass_self_last": 0.0054473876953125,
          "mean_mass_source_value": 0.00013657410939534506,
          "mean_mass_target_language": 0.0,
          "mean_mass_target_value": 0.00013657410939534506,
          "mean_top_attn_mass": 0.3741048177083333,
          "model": "glm4",
          "n": 24,
          "source_focus_score": -0.4716124435265859,
          "top_attn_token_counts": {
            ".\n": 24
          }
        },
        {
          "function_family": "color_value_reuse_difference",
          "head": 10,
          "head_key": "L12H10",
          "layer": 12,
          "mean_mass_answer_line": 0.0005458196004231771,
          "mean_mass_grammar_marker": 0.0,
          "mean_mass_instruction_line": 0.9254557291666666,
          "mean_mass_line_partition": 1.0000298817952473,
          "mean_mass_object_name": 0.00026578207810719806,
          "mean_mass_outside_lines": 0.0007051626841227213,
          "mean_mass_question_line": 0.0019559860229492188,
          "mean_mass_record_line": 0.07207234700520833,
          "mean_mass_relation_name": 0.0007826487223307291,
          "mean_mass_self_last": 0.00022121270497639975,
          "mean_mass_source_value": 0.0001223832368850708,
          "mean_mass_target_language": 0.0,
          "mean_mass_target_value": 0.0001223832368850708,
          "mean_top_attn_mass": 0.5000813802083334,
          "model": "glm4",
          "n": 24,
          "source_focus_score": -0.46221772084633506,
          "top_attn_token_counts": {
            ".\n": 24
          }
        },
        {
          "function_family": "color_value_reuse_difference",
          "head": 31,
          "head_key": "L18H31",
          "layer": 18,
          "mean_mass_answer_line": 0.016581217447916668,
          "mean_mass_grammar_marker": 0.0,
          "mean_mass_instruction_line": 0.9173177083333334,
          "mean_mass_line_partition": 1.0004374186197917,
          "mean_mass_object_name": 0.0026524861653645835,
          "mean_mass_outside_lines": 0.0003331502278645833,
          "mean_mass_question_line": 0.022435506184895832,
          "mean_mass_record_line": 0.044102986653645836,
          "mean_mass_relation_name": 0.00368499755859375,
          "mean_mass_self_last": 0.013593037923177084,
          "mean_mass_source_value": 0.00037427743275960285,
          "mean_mass_target_language": 0.0,
          "mean_mass_target_value": 0.00037427743275960285,
          "mean_top_attn_mass": 0.5004069010416666,
          "model": "glm4",
          "n": 24,
          "source_focus_score": -0.4592611392339071,
          "top_attn_token_counts": {
            " value": 2,
            ".\n": 22
          }
        },
        {
          "function_family": "color_value_reuse_difference",
          "head": 15,
          "head_key": "L14H15",
          "layer": 14,
          "mean_mass_answer_line": 0.017389933268229168,
          "mean_mass_grammar_marker": 0.0,
          "mean_mass_instruction_line": 0.9073893229166666,
          "mean_mass_line_partition": 1.0003916422526042,
          "mean_mass_object_name": 0.0006618102391560873,
          "mean_mass_outside_lines": 0.0005086263020833334,
          "mean_mass_question_line": 0.017812093098958332,
          "mean_mass_record_line": 0.05780029296875,
          "mean_mass_relation_name": 0.0009018580118815104,
          "mean_mass_self_last": 0.006827036539713542,
          "mean_mass_source_value": 0.0001622463266054789,
          "mean_mass_target_language": 0.0,
          "mean_mass_target_value": 0.0001622463266054789,
          "mean_top_attn_mass": 0.62939453125,
          "model": "glm4",
          "n": 24,
          "source_focus_score": -0.45709806432326633,
          "top_attn_token_counts": {
            ".\n": 24
          }
        },
        {
          "function_family": "color_value_reuse_difference",
          "head": 20,
          "head_key": "L0H20",
          "layer": 0,
          "mean_mass_answer_line": 0.041208902994791664,
          "mean_mass_grammar_marker": 0.0,
          "mean_mass_instruction_line": 0.9007161458333334,
          "mean_mass_line_partition": 1.0005213419596355,
          "mean_mass_object_name": 0.0027271906534830728,
          "mean_mass_outside_lines": 0.000530242919921875,
          "mean_mass_question_line": 0.0537109375,
          "mean_mass_record_line": 0.004885355631510417,
          "mean_mass_relation_name": 0.0016276041666666667,
          "mean_mass_self_last": 0.012133280436197916,
          "mean_mass_source_value": 0.00032691160837809247,
          "mean_mass_target_language": 0.0,
          "mean_mass_target_value": 0.00032691160837809247,
          "mean_top_attn_mass": 0.4549967447916667,
          "model": "glm4",
          "n": 24,
          "source_focus_score": -0.4581559896469117,
          "top_attn_token_counts": {
            ".\n": 24
          }
        },
        {
          "function_family": "color_value_reuse_difference",
          "head": 17,
          "head_key": "L23H17",
          "layer": 23,
          "mean_mass_answer_line": 0.033304850260416664,
          "mean_mass_grammar_marker": 0.0,
          "mean_mass_instruction_line": 0.890625,
          "mean_mass_line_partition": 0.9999771118164062,
          "mean_mass_object_name": 0.0013038317362467449,
          "mean_mass_outside_lines": 0.0008799235026041666,
          "mean_mass_question_line": 0.026110331217447918,
          "mean_mass_record_line": 0.049936930338541664,
          "mean_mass_relation_name": 0.006181399027506511,
          "mean_mass_self_last": 0.025543212890625,
          "mean_mass_source_value": 0.0015093485514322917,
          "mean_mass_target_language": 0.0,
          "mean_mass_target_value": 0.0015093485514322917,
          "mean_top_attn_mass": 0.5966796875,
          "model": "glm4",
          "n": 24,
          "source_focus_score": -0.4483867486317953,
          "top_attn_token_counts": {
            " value": 24
          }
        },
        {
          "function_family": "color_value_reuse_difference",
          "head": 17,
          "head_key": "L18H17",
          "layer": 18,
          "mean_mass_answer_line": 0.009311676025390625,
          "mean_mass_grammar_marker": 0.0,
          "mean_mass_instruction_line": 0.8902994791666666,
          "mean_mass_line_partition": 0.9999987284342448,
          "mean_mass_object_name": 0.0011696815490722656,
          "mean_mass_outside_lines": 0.0006841023763020834,
          "mean_mass_question_line": 0.06871541341145833,
          "mean_mass_record_line": 0.031672159830729164,
          "mean_mass_relation_name": 0.022028605143229168,
          "mean_mass_self_last": 0.006570180257161458,
          "mean_mass_source_value": 0.0006593068440755209,
          "mean_mass_target_language": 0.0,
          "mean_mass_target_value": 0.0006593068440755209,
          "mean_top_attn_mass": 0.6277669270833334,
          "model": "glm4",
          "n": 24,
          "source_focus_score": -0.4352192083994547,
          "top_attn_token_counts": {
            ".\n": 24
          }
        },
        {
          "function_family": "color_value_reuse_difference",
          "head": 1,
          "head_key": "L12H1",
          "layer": 12,
          "mean_mass_answer_line": 0.037750244140625,
          "mean_mass_grammar_marker": 0.0,
          "mean_mass_instruction_line": 0.8758138020833334,
          "mean_mass_line_partition": 0.9997641245524088,
          "mean_mass_object_name": 0.00033269325892130536,
          "mean_mass_outside_lines": 0.0008500417073567709,
          "mean_mass_question_line": 0.0062338511149088545,
          "mean_mass_record_line": 0.07996622721354167,
          "mean_mass_relation_name": 0.00014448165893554688,
          "mean_mass_self_last": 0.009215037027994791,
          "mean_mass_source_value": 6.217633684476216e-05,
          "mean_mass_target_language": 0.0,
          "mean_mass_target_value": 6.217633684476216e-05,
          "mean_top_attn_mass": 0.7316080729166666,
          "model": "glm4",
          "n": 24,
          "source_focus_score": -0.44704369828104973,
          "top_attn_token_counts": {
            ".\n": 24
          }
        },
        {
          "function_family": "color_value_reuse_difference",
          "head": 16,
          "head_key": "L36H16",
          "layer": 36,
          "mean_mass_answer_line": 0.047358194986979164,
          "mean_mass_grammar_marker": 0.0,
          "mean_mass_instruction_line": 0.8723958333333334,
          "mean_mass_line_partition": 1.0006942749023438,
          "mean_mass_object_name": 0.0013117392857869465,
          "mean_mass_outside_lines": 0.000335693359375,
          "mean_mass_question_line": 0.051340738932291664,
          "mean_mass_record_line": 0.029599507649739582,
          "mean_mass_relation_name": 0.0011781056722005208,
          "mean_mass_self_last": 0.022524515787760418,
          "mean_mass_source_value": 0.0004157523314158122,
          "mean_mass_target_language": 0.0,
          "mean_mass_target_value": 0.0004157523314158122,
          "mean_top_attn_mass": 0.8323567708333334,
          "model": "glm4",
          "n": 24,
          "source_focus_score": -0.44637679060300195,
          "top_attn_token_counts": {
            ".\n": 24
          }
        }
      ],
      "top_source_focus_heads": [
        {
          "function_family": "color_value_reuse_difference",
          "head": 15,
          "head_key": "L21H15",
          "layer": 21,
          "mean_mass_answer_line": 0.0009274482727050781,
          "mean_mass_grammar_marker": 0.0,
          "mean_mass_instruction_line": 0.00026977062225341797,
          "mean_mass_line_partition": 1.0000070333480835,
          "mean_mass_object_name": 0.006065766016642253,
          "mean_mass_outside_lines": 0.0006652077039082845,
          "mean_mass_question_line": 0.035593668619791664,
          "mean_mass_record_line": 0.9632161458333334,
          "mean_mass_relation_name": 0.050725301106770836,
          "mean_mass_self_last": 0.0009264945983886719,
          "mean_mass_source_value": 0.92138671875,
          "mean_mass_target_language": 0.0,
          "mean_mass_target_value": 0.92138671875,
          "mean_top_attn_mass": 0.91845703125,
          "model": "glm4",
          "n": 24,
          "source_focus_score": 0.9494155049324036,
          "top_attn_token_counts": {
            " black": 2,
            " blue": 4,
            " green": 4,
            " orange": 2,
            " purple": 2,
            " red": 4,
            " white": 2,
            " yellow": 4
          }
        },
        {
          "function_family": "color_value_reuse_difference",
          "head": 28,
          "head_key": "L29H28",
          "layer": 29,
          "mean_mass_answer_line": 0.000140229860941569,
          "mean_mass_grammar_marker": 0.0,
          "mean_mass_instruction_line": 0.005853176116943359,
          "mean_mass_line_partition": 1.0003265142440796,
          "mean_mass_object_name": 0.013847827911376953,
          "mean_mass_outside_lines": 0.0003949403762817383,
          "mean_mass_question_line": 0.0024711290995279946,
          "mean_mass_record_line": 0.9918619791666666,
          "mean_mass_relation_name": 0.0044345855712890625,
          "mean_mass_self_last": 0.0001052593191464742,
          "mean_mass_source_value": 0.92822265625,
          "mean_mass_target_language": 0.0,
          "mean_mass_target_value": 0.92822265625,
          "mean_top_attn_mass": 0.927734375,
          "model": "glm4",
          "n": 24,
          "source_focus_score": 0.934402217467626,
          "top_attn_token_counts": {
            " black": 2,
            " blue": 4,
            " green": 4,
            " orange": 2,
            " purple": 2,
            " red": 4,
            " white": 2,
            " yellow": 4
          }
        },
        {
          "function_family": "color_value_reuse_difference",
          "head": 18,
          "head_key": "L29H18",
          "layer": 29,
          "mean_mass_answer_line": 0.0006256898244222006,
          "mean_mass_grammar_marker": 0.0,
          "mean_mass_instruction_line": 0.0018021265665690105,
          "mean_mass_line_partition": 1.0001669724782307,
          "mean_mass_object_name": 0.017670631408691406,
          "mean_mass_outside_lines": 0.0005350907643636068,
          "mean_mass_question_line": 0.009783426920572916,
          "mean_mass_record_line": 0.9879557291666666,
          "mean_mass_relation_name": 0.004545847574869792,
          "mean_mass_self_last": 0.0005912383397420248,
          "mean_mass_source_value": 0.8639322916666666,
          "mean_mass_target_language": 0.0,
          "mean_mass_target_value": 0.8639322916666666,
          "mean_top_attn_mass": 0.8611653645833334,
          "model": "glm4",
          "n": 24,
          "source_focus_score": 0.8739830454190571,
          "top_attn_token_counts": {
            " black": 2,
            " blue": 4,
            " green": 4,
            " orange": 2,
            " purple": 2,
            " red": 4,
            " white": 2,
            " yellow": 4
          }
        },
        {
          "function_family": "color_value_reuse_difference",
          "head": 10,
          "head_key": "L23H10",
          "layer": 23,
          "mean_mass_answer_line": 0.033299763997395836,
          "mean_mass_grammar_marker": 0.0,
          "mean_mass_instruction_line": 0.006275494893391927,
          "mean_mass_line_partition": 1.0001929601033528,
          "mean_mass_object_name": 0.0064703623453776045,
          "mean_mass_outside_lines": 0.0007502237955729166,
          "mean_mass_question_line": 0.0057023366292317705,
          "mean_mass_record_line": 0.9549153645833334,
          "mean_mass_relation_name": 0.017412821451822918,
          "mean_mass_self_last": 0.033137003580729164,
          "mean_mass_source_value": 0.83935546875,
          "mean_mass_target_language": 0.0,
          "mean_mass_target_value": 0.83935546875,
          "mean_top_attn_mass": 0.8390299479166666,
          "model": "glm4",
          "n": 24,
          "source_focus_score": 0.8398343722025554,
          "top_attn_token_counts": {
            " black": 2,
            " blue": 4,
            " green": 4,
            " orange": 2,
            " purple": 2,
            " red": 4,
            " white": 2,
            " yellow": 4
          }
        },
        {
          "function_family": "color_value_reuse_difference",
          "head": 11,
          "head_key": "L21H11",
          "layer": 21,
          "mean_mass_answer_line": 0.0011483033498128254,
          "mean_mass_grammar_marker": 0.0,
          "mean_mass_instruction_line": 0.000148738423983256,
          "mean_mass_line_partition": 1.0004069457451503,
          "mean_mass_object_name": 0.0052961309750874834,
          "mean_mass_outside_lines": 0.0005382895469665527,
          "mean_mass_question_line": 0.031010945638020832,
          "mean_mass_record_line": 0.9680989583333334,
          "mean_mass_relation_name": 0.10758463541666667,
          "mean_mass_self_last": 0.0011483033498128254,
          "mean_mass_source_value": 0.726806640625,
          "mean_mass_target_language": 0.0,
          "mean_mass_target_value": 0.726806640625,
          "mean_top_attn_mass": 0.7246907552083334,
          "model": "glm4",
          "n": 24,
          "source_focus_score": 0.7828855787714322,
          "top_attn_token_counts": {
            " black": 2,
            " blue": 4,
            " green": 4,
            " orange": 2,
            " purple": 2,
            " red": 4,
            " white": 2,
            " yellow": 4
          }
        },
        {
          "function_family": "color_value_reuse_difference",
          "head": 28,
          "head_key": "L31H28",
          "layer": 31,
          "mean_mass_answer_line": 0.011503855387369791,
          "mean_mass_grammar_marker": 0.0,
          "mean_mass_instruction_line": 0.012396494547526041,
          "mean_mass_line_partition": 0.9999542236328125,
          "mean_mass_object_name": 0.09845225016276042,
          "mean_mass_outside_lines": 0.00066375732421875,
          "mean_mass_question_line": 0.036600748697916664,
          "mean_mass_record_line": 0.939453125,
          "mean_mass_relation_name": 0.003821690877278646,
          "mean_mass_self_last": 0.010789235432942709,
          "mean_mass_source_value": 0.7285970052083334,
          "mean_mass_target_language": 0.0,
          "mean_mass_target_value": 0.7285970052083334,
          "mean_top_attn_mass": 0.724853515625,
          "model": "glm4",
          "n": 24,
          "source_focus_score": 0.7706597646077474,
          "top_attn_token_counts": {
            " black": 2,
            " blue": 4,
            " green": 4,
            " orange": 2,
            " purple": 1,
            " red": 4,
            " violet": 1,
            " white": 2,
            " yellow": 4
          }
        },
        {
          "function_family": "color_value_reuse_difference",
          "head": 21,
          "head_key": "L26H21",
          "layer": 26,
          "mean_mass_answer_line": 0.011011759440104166,
          "mean_mass_grammar_marker": 0.0,
          "mean_mass_instruction_line": 0.007302602132161458,
          "mean_mass_line_partition": 0.999444325764974,
          "mean_mass_object_name": 0.03565502166748047,
          "mean_mass_outside_lines": 0.0010541280110677083,
          "mean_mass_question_line": 0.018239339192708332,
          "mean_mass_record_line": 0.962890625,
          "mean_mass_relation_name": 0.006282488505045573,
          "mean_mass_self_last": 0.01080322265625,
          "mean_mass_source_value": 0.7222493489583334,
          "mean_mass_target_language": 0.0,
          "mean_mass_target_value": 0.7222493489583334,
          "mean_top_attn_mass": 0.7201334635416666,
          "model": "glm4",
          "n": 24,
          "source_focus_score": 0.7368138631184897,
          "top_attn_token_counts": {
            " black": 2,
            " blue": 4,
            " green": 4,
            " orange": 2,
            " purple": 1,
            " red": 4,
            " violet": 1,
            " white": 2,
            " yellow": 4
          }
        },
        {
          "function_family": "color_value_reuse_difference",
          "head": 31,
          "head_key": "L26H31",
          "layer": 26,
          "mean_mass_answer_line": 0.010725021362304688,
          "mean_mass_grammar_marker": 0.0,
          "mean_mass_instruction_line": 0.008391062418619791,
          "mean_mass_line_partition": 1.0004393259684246,
          "mean_mass_object_name": 0.01701656977335612,
          "mean_mass_outside_lines": 0.0003484090169270833,
          "mean_mass_question_line": 0.007853190104166666,
          "mean_mass_record_line": 0.9734700520833334,
          "mean_mass_relation_name": 0.0035664240519205728,
          "mean_mass_self_last": 0.010721206665039062,
          "mean_mass_source_value": 0.7086588541666666,
          "mean_mass_target_language": 0.0,
          "mean_mass_target_value": 0.7086588541666666,
          "mean_top_attn_mass": 0.7083333333333334,
          "model": "glm4",
          "n": 24,
          "source_focus_score": 0.712073564529419,
          "top_attn_token_counts": {
            " black": 2,
            " blue": 4,
            " green": 4,
            " orange": 2,
            " purple": 2,
            " red": 4,
            " white": 2,
            " yellow": 4
          }
        },
        {
          "function_family": "color_value_reuse_difference",
          "head": 2,
          "head_key": "L21H2",
          "layer": 21,
          "mean_mass_answer_line": 0.005677858988444011,
          "mean_mass_grammar_marker": 0.0,
          "mean_mass_instruction_line": 0.0015459855397542317,
          "mean_mass_line_partition": 1.000062386194865,
          "mean_mass_object_name": 0.026599884033203125,
          "mean_mass_outside_lines": 0.0004607836405436198,
          "mean_mass_question_line": 0.07389322916666667,
          "mean_mass_record_line": 0.9189453125,
          "mean_mass_relation_name": 0.0680084228515625,
          "mean_mass_self_last": 0.005639394124348958,
          "mean_mass_source_value": 0.6614583333333334,
          "mean_mass_target_language": 0.0,
          "mean_mass_target_value": 0.6614583333333334,
          "mean_top_attn_mass": 0.6609700520833334,
          "model": "glm4",
          "n": 24,
          "source_focus_score": 0.7065700292587281,
          "top_attn_token_counts": {
            " black": 2,
            " blue": 3,
            " green": 4,
            " orange": 2,
            " purple": 2,
            " red": 4,
            " white": 2,
            " yellow": 4,
            ";": 1
          }
        },
        {
          "function_family": "color_value_reuse_difference",
          "head": 14,
          "head_key": "L21H14",
          "layer": 21,
          "mean_mass_answer_line": 0.007720947265625,
          "mean_mass_grammar_marker": 0.0,
          "mean_mass_instruction_line": 0.0040276845296223955,
          "mean_mass_line_partition": 1.0000260670979817,
          "mean_mass_object_name": 0.006308952967325847,
          "mean_mass_outside_lines": 0.0005308787027994791,
          "mean_mass_question_line": 0.020992279052734375,
          "mean_mass_record_line": 0.96728515625,
          "mean_mass_relation_name": 0.045867919921875,
          "mean_mass_self_last": 0.0076681772867838545,
          "mean_mass_source_value": 0.645263671875,
          "mean_mass_target_language": 0.0,
          "mean_mass_target_value": 0.645263671875,
          "mean_top_attn_mass": 0.6494140625,
          "model": "glm4",
          "n": 24,
          "source_focus_score": 0.667408029238383,
          "top_attn_token_counts": {
            " black": 2,
            " blue": 3,
            " green": 4,
            " orange": 2,
            " purple": 2,
            " red": 4,
            " white": 2,
            " yellow": 4,
            ";": 1
          }
        },
        {
          "function_family": "color_value_reuse_difference",
          "head": 15,
          "head_key": "L26H15",
          "layer": 26,
          "mean_mass_answer_line": 0.023448944091796875,
          "mean_mass_grammar_marker": 0.0,
          "mean_mass_instruction_line": 0.023648579915364582,
          "mean_mass_line_partition": 0.9999173482259115,
          "mean_mass_object_name": 0.04546229044596354,
          "mean_mass_outside_lines": 0.000720977783203125,
          "mean_mass_question_line": 0.14390055338541666,
          "mean_mass_record_line": 0.8089192708333334,
          "mean_mass_relation_name": 0.11521402994791667,
          "mean_mass_self_last": 0.023206075032552082,
          "mean_mass_source_value": 0.5653483072916666,
          "mean_mass_target_language": 0.0,
          "mean_mass_target_value": 0.5653483072916666,
          "mean_top_attn_mass": 0.55810546875,
          "model": "glm4",
          "n": 24,
          "source_focus_score": 0.6279999415079753,
          "top_attn_token_counts": {
            " black": 2,
            " blue": 4,
            " green": 4,
            " orange": 2,
            " purple": 2,
            " red": 4,
            " white": 2,
            " yellow": 4
          }
        },
        {
          "function_family": "color_value_reuse_difference",
          "head": 13,
          "head_key": "L32H13",
          "layer": 32,
          "mean_mass_answer_line": 0.0369415283203125,
          "mean_mass_grammar_marker": 0.0,
          "mean_mass_instruction_line": 0.049962361653645836,
          "mean_mass_line_partition": 0.9997304280598959,
          "mean_mass_object_name": 0.060384114583333336,
          "mean_mass_outside_lines": 0.000762939453125,
          "mean_mass_question_line": 0.0602874755859375,
          "mean_mass_record_line": 0.8525390625,
          "mean_mass_relation_name": 0.015324910481770834,
          "mean_mass_self_last": 0.035832722981770836,
          "mean_mass_source_value": 0.5791829427083334,
          "mean_mass_target_language": 0.0,
          "mean_mass_target_value": 0.5791829427083334,
          "mean_top_attn_mass": 0.571044921875,
          "model": "glm4",
          "n": 24,
          "source_focus_score": 0.5828208923339844,
          "top_attn_token_counts": {
            " black": 2,
            " blue": 4,
            " green": 4,
            " orange": 2,
            " purple": 2,
            " red": 4,
            " white": 2,
            " yellow": 4
          }
        },
        {
          "function_family": "color_value_reuse_difference",
          "head": 19,
          "head_key": "L24H19",
          "layer": 24,
          "mean_mass_answer_line": 0.0029354095458984375,
          "mean_mass_grammar_marker": 0.0,
          "mean_mass_instruction_line": 0.0016016761461893718,
          "mean_mass_line_partition": 1.0001476407051086,
          "mean_mass_object_name": 0.02545166015625,
          "mean_mass_outside_lines": 0.0005216598510742188,
          "mean_mass_question_line": 0.0323944091796875,
          "mean_mass_record_line": 0.9632161458333334,
          "mean_mass_relation_name": 0.17976888020833334,
          "mean_mass_self_last": 0.0028488636016845703,
          "mean_mass_source_value": 0.4754231770833333,
          "mean_mass_target_language": 0.0,
          "mean_mass_target_value": 0.4754231770833333,
          "mean_top_attn_mass": 0.4742838541666667,
          "model": "glm4",
          "n": 24,
          "source_focus_score": 0.5764987568060557,
          "top_attn_token_counts": {
            " black": 2,
            " blue": 4,
            " green": 4,
            " orange": 2,
            " purple": 2,
            " red": 4,
            " white": 2,
            " yellow": 4
          }
        },
        {
          "function_family": "color_value_reuse_difference",
          "head": 19,
          "head_key": "L31H19",
          "layer": 31,
          "mean_mass_answer_line": 0.03794097900390625,
          "mean_mass_grammar_marker": 0.0,
          "mean_mass_instruction_line": 0.023943583170572918,
          "mean_mass_line_partition": 0.9996668497721354,
          "mean_mass_object_name": 0.01309514045715332,
          "mean_mass_outside_lines": 0.00066375732421875,
          "mean_mass_question_line": 0.024370829264322918,
          "mean_mass_record_line": 0.9134114583333334,
          "mean_mass_relation_name": 0.0005030632019042969,
          "mean_mass_self_last": 0.03794097900390625,
          "mean_mass_source_value": 0.5757649739583334,
          "mean_mass_target_language": 0.0,
          "mean_mass_target_value": 0.5757649739583334,
          "mean_top_attn_mass": 0.5713704427083334,
          "model": "glm4",
          "n": 24,
          "source_focus_score": 0.5611070394515991,
          "top_attn_token_counts": {
            " black": 2,
            " blue": 4,
            " green": 4,
            " orange": 2,
            " purple": 2,
            " red": 4,
            " white": 2,
            " yellow": 4
          }
        },
        {
          "function_family": "color_value_reuse_difference",
          "head": 29,
          "head_key": "L28H29",
          "layer": 28,
          "mean_mass_answer_line": 0.002227942148844401,
          "mean_mass_grammar_marker": 0.0,
          "mean_mass_instruction_line": 0.004107157389322917,
          "mean_mass_line_partition": 1.0005393028259277,
          "mean_mass_object_name": 0.096710205078125,
          "mean_mass_outside_lines": 0.0003604888916015625,
          "mean_mass_question_line": 0.033429463704427086,
          "mean_mass_record_line": 0.9607747395833334,
          "mean_mass_relation_name": 0.008557001749674479,
          "mean_mass_self_last": 0.001013358434041341,
          "mean_mass_source_value": 0.4974772135416667,
          "mean_mass_target_language": 0.0,
          "mean_mass_target_value": 0.4974772135416667,
          "mean_top_attn_mass": 0.501708984375,
          "model": "glm4",
          "n": 24,
          "source_focus_score": 0.547500252723694,
          "top_attn_token_counts": {
            " black": 2,
            " blue": 4,
            " green": 4,
            " orange": 2,
            " purple": 1,
            " red": 4,
            " violet": 1,
            " white": 2,
            " yellow": 4
          }
        },
        {
          "function_family": "color_value_reuse_difference",
          "head": 29,
          "head_key": "L25H29",
          "layer": 25,
          "mean_mass_answer_line": 0.020502726236979168,
          "mean_mass_grammar_marker": 0.0,
          "mean_mass_instruction_line": 0.010093053181966146,
          "mean_mass_line_partition": 0.9997831980387369,
          "mean_mass_object_name": 0.02057615915934245,
          "mean_mass_outside_lines": 0.0006910959879557291,
          "mean_mass_question_line": 0.021107991536458332,
          "mean_mass_record_line": 0.9480794270833334,
          "mean_mass_relation_name": 0.012037913004557291,
          "mean_mass_self_last": 0.020502726236979168,
          "mean_mass_source_value": 0.5387776692708334,
          "mean_mass_target_language": 0.0,
          "mean_mass_target_value": 0.5387776692708334,
          "mean_top_attn_mass": 0.5355631510416666,
          "model": "glm4",
          "n": 24,
          "source_focus_score": 0.5449124972025555,
          "top_attn_token_counts": {
            " black": 2,
            " blue": 4,
            " green": 4,
            " orange": 2,
            " purple": 1,
            " red": 4,
            " white": 2,
            " yellow": 4,
            ".\n": 1
          }
        },
        {
          "function_family": "color_value_reuse_difference",
          "head": 31,
          "head_key": "L24H31",
          "layer": 24,
          "mean_mass_answer_line": 0.019082387288411457,
          "mean_mass_grammar_marker": 0.0,
          "mean_mass_instruction_line": 0.051119486490885414,
          "mean_mass_line_partition": 0.9992790222167969,
          "mean_mass_object_name": 0.039372762044270836,
          "mean_mass_outside_lines": 0.0010401407877604167,
          "mean_mass_question_line": 0.08662923177083333,
          "mean_mass_record_line": 0.8424479166666666,
          "mean_mass_relation_name": 0.115692138671875,
          "mean_mass_self_last": 0.016387939453125,
          "mean_mass_source_value": 0.494384765625,
          "mean_mass_target_language": 0.0,
          "mean_mass_target_value": 0.494384765625,
          "mean_top_attn_mass": 0.4947916666666667,
          "model": "glm4",
          "n": 24,
          "source_focus_score": 0.5415868759155272,
          "top_attn_token_counts": {
            " black": 2,
            " blue": 4,
            " green": 4,
            " orange": 2,
            " purple": 2,
            " red": 3,
            " white": 2,
            " yellow": 4,
            "Record": 1
          }
        },
        {
          "function_family": "color_value_reuse_difference",
          "head": 9,
          "head_key": "L33H9",
          "layer": 33,
          "mean_mass_answer_line": 0.018889109293619793,
          "mean_mass_grammar_marker": 0.0,
          "mean_mass_instruction_line": 0.01894378662109375,
          "mean_mass_line_partition": 1.0000279744466145,
          "mean_mass_object_name": 0.13368733723958334,
          "mean_mass_outside_lines": 0.0006205240885416666,
          "mean_mass_question_line": 0.03494898478190104,
          "mean_mass_record_line": 0.92724609375,
          "mean_mass_relation_name": 0.010101318359375,
          "mean_mass_self_last": 0.018182118733723957,
          "mean_mass_source_value": 0.4644368489583333,
          "mean_mass_target_language": 0.0,
          "mean_mass_target_value": 0.4644368489583333,
          "mean_top_attn_mass": 0.456298828125,
          "model": "glm4",
          "n": 24,
          "source_focus_score": 0.5221370061238607,
          "top_attn_token_counts": {
            " black": 2,
            " blue": 4,
            " green": 4,
            " orange": 2,
            " purple": 1,
            " red": 4,
            " violet": 1,
            " white": 2,
            " yellow": 4
          }
        },
        {
          "function_family": "color_value_reuse_difference",
          "head": 24,
          "head_key": "L24H24",
          "layer": 24,
          "mean_mass_answer_line": 0.02324676513671875,
          "mean_mass_grammar_marker": 0.0,
          "mean_mass_instruction_line": 0.008097330729166666,
          "mean_mass_line_partition": 1.000012715657552,
          "mean_mass_object_name": 0.15966796875,
          "mean_mass_outside_lines": 0.000629425048828125,
          "mean_mass_question_line": 0.20255533854166666,
          "mean_mass_record_line": 0.76611328125,
          "mean_mass_relation_name": 0.15590413411458334,
          "mean_mass_self_last": 0.022200266520182293,
          "mean_mass_source_value": 0.371337890625,
          "mean_mass_target_language": 0.0,
          "mean_mass_target_value": 0.371337890625,
          "mean_top_attn_mass": 0.3662923177083333,
          "model": "glm4",
          "n": 24,
          "source_focus_score": 0.5192635854085286,
          "top_attn_token_counts": {
            " black": 2,
            " blue": 4,
            " green": 4,
            " orange": 2,
            " purple": 2,
            " red": 4,
            " white": 2,
            " yellow": 4
          }
        },
        {
          "function_family": "color_value_reuse_difference",
          "head": 6,
          "head_key": "L21H6",
          "layer": 21,
          "mean_mass_answer_line": 0.007334391276041667,
          "mean_mass_grammar_marker": 0.0,
          "mean_mass_instruction_line": 0.009418487548828125,
          "mean_mass_line_partition": 0.9998664855957031,
          "mean_mass_object_name": 0.017602920532226562,
          "mean_mass_outside_lines": 0.0006497701009114584,
          "mean_mass_question_line": 0.0399169921875,
          "mean_mass_record_line": 0.9431966145833334,
          "mean_mass_relation_name": 0.058787027994791664,
          "mean_mass_self_last": 0.0072638193766276045,
          "mean_mass_source_value": 0.4791666666666667,
          "mean_mass_target_language": 0.0,
          "mean_mass_target_value": 0.4791666666666667,
          "mean_top_attn_mass": 0.4691569010416667,
          "model": "glm4",
          "n": 24,
          "source_focus_score": 0.5108187993367513,
          "top_attn_token_counts": {
            " black": 2,
            " blue": 4,
            " green": 4,
            " orange": 2,
            " purple": 2,
            " red": 4,
            " white": 2,
            " yellow": 4
          }
        },
        {
          "function_family": "color_value_reuse_difference",
          "head": 9,
          "head_key": "L21H9",
          "layer": 21,
          "mean_mass_answer_line": 0.024706522623697918,
          "mean_mass_grammar_marker": 0.0,
          "mean_mass_instruction_line": 0.021569569905598957,
          "mean_mass_line_partition": 1.0000724792480469,
          "mean_mass_object_name": 0.033602396647135414,
          "mean_mass_outside_lines": 0.0007120768229166666,
          "mean_mass_question_line": 0.15513102213541666,
          "mean_mass_record_line": 0.7986653645833334,
          "mean_mass_relation_name": 0.08672078450520833,
          "mean_mass_self_last": 0.024261474609375,
          "mean_mass_source_value": 0.4639485677083333,
          "mean_mass_target_language": 0.0,
          "mean_mass_target_value": 0.4639485677083333,
          "mean_top_attn_mass": 0.4611002604166667,
          "model": "glm4",
          "n": 24,
          "source_focus_score": 0.5071487426757812,
          "top_attn_token_counts": {
            " black": 1,
            " blue": 4,
            " green": 4,
            " orange": 2,
            " purple": 1,
            " red": 4,
            " white": 2,
            " yellow": 4,
            ".\n": 1,
            ";": 1
          }
        },
        {
          "function_family": "color_value_reuse_difference",
          "head": 23,
          "head_key": "L25H23",
          "layer": 25,
          "mean_mass_answer_line": 0.017923990885416668,
          "mean_mass_grammar_marker": 0.0,
          "mean_mass_instruction_line": 0.0182952880859375,
          "mean_mass_line_partition": 1.0002085367838542,
          "mean_mass_object_name": 0.0064601898193359375,
          "mean_mass_outside_lines": 0.000518798828125,
          "mean_mass_question_line": 0.4650472005208333,
          "mean_mass_record_line": 0.4989420572916667,
          "mean_mass_relation_name": 0.6304524739583334,
          "mean_mass_self_last": 0.017794291178385418,
          "mean_mass_source_value": 0.198974609375,
          "mean_mass_target_language": 0.0,
          "mean_mass_target_value": 0.198974609375,
          "mean_top_attn_mass": 0.4198404947916667,
          "model": "glm4",
          "n": 24,
          "source_focus_score": 0.5038022994995118,
          "top_attn_token_counts": {
            " blue": 3,
            " color": 19,
            " green": 1,
            " red": 1
          }
        },
        {
          "function_family": "color_value_reuse_difference",
          "head": 0,
          "head_key": "L24H0",
          "layer": 24,
          "mean_mass_answer_line": 0.005953470865885417,
          "mean_mass_grammar_marker": 0.0,
          "mean_mass_instruction_line": 0.005525271097819011,
          "mean_mass_line_partition": 1.000288963317871,
          "mean_mass_object_name": 0.5049641927083334,
          "mean_mass_outside_lines": 0.0004679361979166667,
          "mean_mass_question_line": 0.4928385416666667,
          "mean_mass_record_line": 0.4959716796875,
          "mean_mass_relation_name": 0.041188557942708336,
          "mean_mass_self_last": 0.005819956461588542,
          "mean_mass_source_value": 0.21967569986979166,
          "mean_mass_target_language": 0.0,
          "mean_mass_target_value": 0.21967569986979166,
          "mean_top_attn_mass": 0.4208170572916667,
          "model": "glm4",
          "n": 24,
          "source_focus_score": 0.4885010719299317,
          "top_attn_token_counts": {
            " blue": 1,
            " grass": 1,
            " leaf": 1,
            " ocean": 1,
            " red": 1,
            " rose": 1,
            " tomato": 1,
            "apphire": 1,
            "berry": 1,
            "truck": 1
          }
        },
        {
          "function_family": "color_value_reuse_difference",
          "head": 26,
          "head_key": "L29H26",
          "layer": 29,
          "mean_mass_answer_line": 0.0002613464991251628,
          "mean_mass_grammar_marker": 0.0,
          "mean_mass_instruction_line": 0.0010416110356648762,
          "mean_mass_line_partition": 1.0001687208811443,
          "mean_mass_object_name": 0.11475626627604167,
          "mean_mass_outside_lines": 0.0003921190897623698,
          "mean_mass_question_line": 0.021814982096354168,
          "mean_mass_record_line": 0.97705078125,
          "mean_mass_relation_name": 0.003513971964518229,
          "mean_mass_self_last": 0.00020561615626017252,
          "mean_mass_source_value": 0.4298095703125,
          "mean_mass_target_language": 0.0,
          "mean_mass_target_value": 0.4298095703125,
          "mean_top_attn_mass": 0.4481608072916667,
          "model": "glm4",
          "n": 24,
          "source_focus_score": 0.48835854729016615,
          "top_attn_token_counts": {
            " black": 1,
            " blue": 4,
            " green": 1,
            " orange": 2,
            " purple": 1,
            " red": 3,
            " violet": 1,
            " white": 1,
            " yellow": 4,
            "Record": 6
          }
        }
      ],
      "top_target_value_heads": [
        {
          "function_family": "color_value_reuse_difference",
          "head": 28,
          "head_key": "L29H28",
          "layer": 29,
          "mean_mass_answer_line": 0.000140229860941569,
          "mean_mass_grammar_marker": 0.0,
          "mean_mass_instruction_line": 0.005853176116943359,
          "mean_mass_line_partition": 1.0003265142440796,
          "mean_mass_object_name": 0.013847827911376953,
          "mean_mass_outside_lines": 0.0003949403762817383,
          "mean_mass_question_line": 0.0024711290995279946,
          "mean_mass_record_line": 0.9918619791666666,
          "mean_mass_relation_name": 0.0044345855712890625,
          "mean_mass_self_last": 0.0001052593191464742,
          "mean_mass_source_value": 0.92822265625,
          "mean_mass_target_language": 0.0,
          "mean_mass_target_value": 0.92822265625,
          "mean_top_attn_mass": 0.927734375,
          "model": "glm4",
          "n": 24,
          "source_focus_score": 0.934402217467626,
          "top_attn_token_counts": {
            " black": 2,
            " blue": 4,
            " green": 4,
            " orange": 2,
            " purple": 2,
            " red": 4,
            " white": 2,
            " yellow": 4
          }
        },
        {
          "function_family": "color_value_reuse_difference",
          "head": 15,
          "head_key": "L21H15",
          "layer": 21,
          "mean_mass_answer_line": 0.0009274482727050781,
          "mean_mass_grammar_marker": 0.0,
          "mean_mass_instruction_line": 0.00026977062225341797,
          "mean_mass_line_partition": 1.0000070333480835,
          "mean_mass_object_name": 0.006065766016642253,
          "mean_mass_outside_lines": 0.0006652077039082845,
          "mean_mass_question_line": 0.035593668619791664,
          "mean_mass_record_line": 0.9632161458333334,
          "mean_mass_relation_name": 0.050725301106770836,
          "mean_mass_self_last": 0.0009264945983886719,
          "mean_mass_source_value": 0.92138671875,
          "mean_mass_target_language": 0.0,
          "mean_mass_target_value": 0.92138671875,
          "mean_top_attn_mass": 0.91845703125,
          "model": "glm4",
          "n": 24,
          "source_focus_score": 0.9494155049324036,
          "top_attn_token_counts": {
            " black": 2,
            " blue": 4,
            " green": 4,
            " orange": 2,
            " purple": 2,
            " red": 4,
            " white": 2,
            " yellow": 4
          }
        },
        {
          "function_family": "color_value_reuse_difference",
          "head": 18,
          "head_key": "L29H18",
          "layer": 29,
          "mean_mass_answer_line": 0.0006256898244222006,
          "mean_mass_grammar_marker": 0.0,
          "mean_mass_instruction_line": 0.0018021265665690105,
          "mean_mass_line_partition": 1.0001669724782307,
          "mean_mass_object_name": 0.017670631408691406,
          "mean_mass_outside_lines": 0.0005350907643636068,
          "mean_mass_question_line": 0.009783426920572916,
          "mean_mass_record_line": 0.9879557291666666,
          "mean_mass_relation_name": 0.004545847574869792,
          "mean_mass_self_last": 0.0005912383397420248,
          "mean_mass_source_value": 0.8639322916666666,
          "mean_mass_target_language": 0.0,
          "mean_mass_target_value": 0.8639322916666666,
          "mean_top_attn_mass": 0.8611653645833334,
          "model": "glm4",
          "n": 24,
          "source_focus_score": 0.8739830454190571,
          "top_attn_token_counts": {
            " black": 2,
            " blue": 4,
            " green": 4,
            " orange": 2,
            " purple": 2,
            " red": 4,
            " white": 2,
            " yellow": 4
          }
        },
        {
          "function_family": "color_value_reuse_difference",
          "head": 10,
          "head_key": "L23H10",
          "layer": 23,
          "mean_mass_answer_line": 0.033299763997395836,
          "mean_mass_grammar_marker": 0.0,
          "mean_mass_instruction_line": 0.006275494893391927,
          "mean_mass_line_partition": 1.0001929601033528,
          "mean_mass_object_name": 0.0064703623453776045,
          "mean_mass_outside_lines": 0.0007502237955729166,
          "mean_mass_question_line": 0.0057023366292317705,
          "mean_mass_record_line": 0.9549153645833334,
          "mean_mass_relation_name": 0.017412821451822918,
          "mean_mass_self_last": 0.033137003580729164,
          "mean_mass_source_value": 0.83935546875,
          "mean_mass_target_language": 0.0,
          "mean_mass_target_value": 0.83935546875,
          "mean_top_attn_mass": 0.8390299479166666,
          "model": "glm4",
          "n": 24,
          "source_focus_score": 0.8398343722025554,
          "top_attn_token_counts": {
            " black": 2,
            " blue": 4,
            " green": 4,
            " orange": 2,
            " purple": 2,
            " red": 4,
            " white": 2,
            " yellow": 4
          }
        },
        {
          "function_family": "color_value_reuse_difference",
          "head": 28,
          "head_key": "L31H28",
          "layer": 31,
          "mean_mass_answer_line": 0.011503855387369791,
          "mean_mass_grammar_marker": 0.0,
          "mean_mass_instruction_line": 0.012396494547526041,
          "mean_mass_line_partition": 0.9999542236328125,
          "mean_mass_object_name": 0.09845225016276042,
          "mean_mass_outside_lines": 0.00066375732421875,
          "mean_mass_question_line": 0.036600748697916664,
          "mean_mass_record_line": 0.939453125,
          "mean_mass_relation_name": 0.003821690877278646,
          "mean_mass_self_last": 0.010789235432942709,
          "mean_mass_source_value": 0.7285970052083334,
          "mean_mass_target_language": 0.0,
          "mean_mass_target_value": 0.7285970052083334,
          "mean_top_attn_mass": 0.724853515625,
          "model": "glm4",
          "n": 24,
          "source_focus_score": 0.7706597646077474,
          "top_attn_token_counts": {
            " black": 2,
            " blue": 4,
            " green": 4,
            " orange": 2,
            " purple": 1,
            " red": 4,
            " violet": 1,
            " white": 2,
            " yellow": 4
          }
        },
        {
          "function_family": "color_value_reuse_difference",
          "head": 11,
          "head_key": "L21H11",
          "layer": 21,
          "mean_mass_answer_line": 0.0011483033498128254,
          "mean_mass_grammar_marker": 0.0,
          "mean_mass_instruction_line": 0.000148738423983256,
          "mean_mass_line_partition": 1.0004069457451503,
          "mean_mass_object_name": 0.0052961309750874834,
          "mean_mass_outside_lines": 0.0005382895469665527,
          "mean_mass_question_line": 0.031010945638020832,
          "mean_mass_record_line": 0.9680989583333334,
          "mean_mass_relation_name": 0.10758463541666667,
          "mean_mass_self_last": 0.0011483033498128254,
          "mean_mass_source_value": 0.726806640625,
          "mean_mass_target_language": 0.0,
          "mean_mass_target_value": 0.726806640625,
          "mean_top_attn_mass": 0.7246907552083334,
          "model": "glm4",
          "n": 24,
          "source_focus_score": 0.7828855787714322,
          "top_attn_token_counts": {
            " black": 2,
            " blue": 4,
            " green": 4,
            " orange": 2,
            " purple": 2,
            " red": 4,
            " white": 2,
            " yellow": 4
          }
        },
        {
          "function_family": "color_value_reuse_difference",
          "head": 21,
          "head_key": "L26H21",
          "layer": 26,
          "mean_mass_answer_line": 0.011011759440104166,
          "mean_mass_grammar_marker": 0.0,
          "mean_mass_instruction_line": 0.007302602132161458,
          "mean_mass_line_partition": 0.999444325764974,
          "mean_mass_object_name": 0.03565502166748047,
          "mean_mass_outside_lines": 0.0010541280110677083,
          "mean_mass_question_line": 0.018239339192708332,
          "mean_mass_record_line": 0.962890625,
          "mean_mass_relation_name": 0.006282488505045573,
          "mean_mass_self_last": 0.01080322265625,
          "mean_mass_source_value": 0.7222493489583334,
          "mean_mass_target_language": 0.0,
          "mean_mass_target_value": 0.7222493489583334,
          "mean_top_attn_mass": 0.7201334635416666,
          "model": "glm4",
          "n": 24,
          "source_focus_score": 0.7368138631184897,
          "top_attn_token_counts": {
            " black": 2,
            " blue": 4,
            " green": 4,
            " orange": 2,
            " purple": 1,
            " red": 4,
            " violet": 1,
            " white": 2,
            " yellow": 4
          }
        },
        {
          "function_family": "color_value_reuse_difference",
          "head": 31,
          "head_key": "L26H31",
          "layer": 26,
          "mean_mass_answer_line": 0.010725021362304688,
          "mean_mass_grammar_marker": 0.0,
          "mean_mass_instruction_line": 0.008391062418619791,
          "mean_mass_line_partition": 1.0004393259684246,
          "mean_mass_object_name": 0.01701656977335612,
          "mean_mass_outside_lines": 0.0003484090169270833,
          "mean_mass_question_line": 0.007853190104166666,
          "mean_mass_record_line": 0.9734700520833334,
          "mean_mass_relation_name": 0.0035664240519205728,
          "mean_mass_self_last": 0.010721206665039062,
          "mean_mass_source_value": 0.7086588541666666,
          "mean_mass_target_language": 0.0,
          "mean_mass_target_value": 0.7086588541666666,
          "mean_top_attn_mass": 0.7083333333333334,
          "model": "glm4",
          "n": 24,
          "source_focus_score": 0.712073564529419,
          "top_attn_token_counts": {
            " black": 2,
            " blue": 4,
            " green": 4,
            " orange": 2,
            " purple": 2,
            " red": 4,
            " white": 2,
            " yellow": 4
          }
        },
        {
          "function_family": "color_value_reuse_difference",
          "head": 2,
          "head_key": "L21H2",
          "layer": 21,
          "mean_mass_answer_line": 0.005677858988444011,
          "mean_mass_grammar_marker": 0.0,
          "mean_mass_instruction_line": 0.0015459855397542317,
          "mean_mass_line_partition": 1.000062386194865,
          "mean_mass_object_name": 0.026599884033203125,
          "mean_mass_outside_lines": 0.0004607836405436198,
          "mean_mass_question_line": 0.07389322916666667,
          "mean_mass_record_line": 0.9189453125,
          "mean_mass_relation_name": 0.0680084228515625,
          "mean_mass_self_last": 0.005639394124348958,
          "mean_mass_source_value": 0.6614583333333334,
          "mean_mass_target_language": 0.0,
          "mean_mass_target_value": 0.6614583333333334,
          "mean_top_attn_mass": 0.6609700520833334,
          "model": "glm4",
          "n": 24,
          "source_focus_score": 0.7065700292587281,
          "top_attn_token_counts": {
            " black": 2,
            " blue": 3,
            " green": 4,
            " orange": 2,
            " purple": 2,
            " red": 4,
            " white": 2,
            " yellow": 4,
            ";": 1
          }
        },
        {
          "function_family": "color_value_reuse_difference",
          "head": 14,
          "head_key": "L21H14",
          "layer": 21,
          "mean_mass_answer_line": 0.007720947265625,
          "mean_mass_grammar_marker": 0.0,
          "mean_mass_instruction_line": 0.0040276845296223955,
          "mean_mass_line_partition": 1.0000260670979817,
          "mean_mass_object_name": 0.006308952967325847,
          "mean_mass_outside_lines": 0.0005308787027994791,
          "mean_mass_question_line": 0.020992279052734375,
          "mean_mass_record_line": 0.96728515625,
          "mean_mass_relation_name": 0.045867919921875,
          "mean_mass_self_last": 0.0076681772867838545,
          "mean_mass_source_value": 0.645263671875,
          "mean_mass_target_language": 0.0,
          "mean_mass_target_value": 0.645263671875,
          "mean_top_attn_mass": 0.6494140625,
          "model": "glm4",
          "n": 24,
          "source_focus_score": 0.667408029238383,
          "top_attn_token_counts": {
            " black": 2,
            " blue": 3,
            " green": 4,
            " orange": 2,
            " purple": 2,
            " red": 4,
            " white": 2,
            " yellow": 4,
            ";": 1
          }
        },
        {
          "function_family": "color_value_reuse_difference",
          "head": 13,
          "head_key": "L32H13",
          "layer": 32,
          "mean_mass_answer_line": 0.0369415283203125,
          "mean_mass_grammar_marker": 0.0,
          "mean_mass_instruction_line": 0.049962361653645836,
          "mean_mass_line_partition": 0.9997304280598959,
          "mean_mass_object_name": 0.060384114583333336,
          "mean_mass_outside_lines": 0.000762939453125,
          "mean_mass_question_line": 0.0602874755859375,
          "mean_mass_record_line": 0.8525390625,
          "mean_mass_relation_name": 0.015324910481770834,
          "mean_mass_self_last": 0.035832722981770836,
          "mean_mass_source_value": 0.5791829427083334,
          "mean_mass_target_language": 0.0,
          "mean_mass_target_value": 0.5791829427083334,
          "mean_top_attn_mass": 0.571044921875,
          "model": "glm4",
          "n": 24,
          "source_focus_score": 0.5828208923339844,
          "top_attn_token_counts": {
            " black": 2,
            " blue": 4,
            " green": 4,
            " orange": 2,
            " purple": 2,
            " red": 4,
            " white": 2,
            " yellow": 4
          }
        },
        {
          "function_family": "color_value_reuse_difference",
          "head": 19,
          "head_key": "L31H19",
          "layer": 31,
          "mean_mass_answer_line": 0.03794097900390625,
          "mean_mass_grammar_marker": 0.0,
          "mean_mass_instruction_line": 0.023943583170572918,
          "mean_mass_line_partition": 0.9996668497721354,
          "mean_mass_object_name": 0.01309514045715332,
          "mean_mass_outside_lines": 0.00066375732421875,
          "mean_mass_question_line": 0.024370829264322918,
          "mean_mass_record_line": 0.9134114583333334,
          "mean_mass_relation_name": 0.0005030632019042969,
          "mean_mass_self_last": 0.03794097900390625,
          "mean_mass_source_value": 0.5757649739583334,
          "mean_mass_target_language": 0.0,
          "mean_mass_target_value": 0.5757649739583334,
          "mean_top_attn_mass": 0.5713704427083334,
          "model": "glm4",
          "n": 24,
          "source_focus_score": 0.5611070394515991,
          "top_attn_token_counts": {
            " black": 2,
            " blue": 4,
            " green": 4,
            " orange": 2,
            " purple": 2,
            " red": 4,
            " white": 2,
            " yellow": 4
          }
        },
        {
          "function_family": "color_value_reuse_difference",
          "head": 15,
          "head_key": "L26H15",
          "layer": 26,
          "mean_mass_answer_line": 0.023448944091796875,
          "mean_mass_grammar_marker": 0.0,
          "mean_mass_instruction_line": 0.023648579915364582,
          "mean_mass_line_partition": 0.9999173482259115,
          "mean_mass_object_name": 0.04546229044596354,
          "mean_mass_outside_lines": 0.000720977783203125,
          "mean_mass_question_line": 0.14390055338541666,
          "mean_mass_record_line": 0.8089192708333334,
          "mean_mass_relation_name": 0.11521402994791667,
          "mean_mass_self_last": 0.023206075032552082,
          "mean_mass_source_value": 0.5653483072916666,
          "mean_mass_target_language": 0.0,
          "mean_mass_target_value": 0.5653483072916666,
          "mean_top_attn_mass": 0.55810546875,
          "model": "glm4",
          "n": 24,
          "source_focus_score": 0.6279999415079753,
          "top_attn_token_counts": {
            " black": 2,
            " blue": 4,
            " green": 4,
            " orange": 2,
            " purple": 2,
            " red": 4,
            " white": 2,
            " yellow": 4
          }
        },
        {
          "function_family": "color_value_reuse_difference",
          "head": 29,
          "head_key": "L25H29",
          "layer": 25,
          "mean_mass_answer_line": 0.020502726236979168,
          "mean_mass_grammar_marker": 0.0,
          "mean_mass_instruction_line": 0.010093053181966146,
          "mean_mass_line_partition": 0.9997831980387369,
          "mean_mass_object_name": 0.02057615915934245,
          "mean_mass_outside_lines": 0.0006910959879557291,
          "mean_mass_question_line": 0.021107991536458332,
          "mean_mass_record_line": 0.9480794270833334,
          "mean_mass_relation_name": 0.012037913004557291,
          "mean_mass_self_last": 0.020502726236979168,
          "mean_mass_source_value": 0.5387776692708334,
          "mean_mass_target_language": 0.0,
          "mean_mass_target_value": 0.5387776692708334,
          "mean_top_attn_mass": 0.5355631510416666,
          "model": "glm4",
          "n": 24,
          "source_focus_score": 0.5449124972025555,
          "top_attn_token_counts": {
            " black": 2,
            " blue": 4,
            " green": 4,
            " orange": 2,
            " purple": 1,
            " red": 4,
            " white": 2,
            " yellow": 4,
            ".\n": 1
          }
        },
        {
          "function_family": "color_value_reuse_difference",
          "head": 29,
          "head_key": "L28H29",
          "layer": 28,
          "mean_mass_answer_line": 0.002227942148844401,
          "mean_mass_grammar_marker": 0.0,
          "mean_mass_instruction_line": 0.004107157389322917,
          "mean_mass_line_partition": 1.0005393028259277,
          "mean_mass_object_name": 0.096710205078125,
          "mean_mass_outside_lines": 0.0003604888916015625,
          "mean_mass_question_line": 0.033429463704427086,
          "mean_mass_record_line": 0.9607747395833334,
          "mean_mass_relation_name": 0.008557001749674479,
          "mean_mass_self_last": 0.001013358434041341,
          "mean_mass_source_value": 0.4974772135416667,
          "mean_mass_target_language": 0.0,
          "mean_mass_target_value": 0.4974772135416667,
          "mean_top_attn_mass": 0.501708984375,
          "model": "glm4",
          "n": 24,
          "source_focus_score": 0.547500252723694,
          "top_attn_token_counts": {
            " black": 2,
            " blue": 4,
            " green": 4,
            " orange": 2,
            " purple": 1,
            " red": 4,
            " violet": 1,
            " white": 2,
            " yellow": 4
          }
        },
        {
          "function_family": "color_value_reuse_difference",
          "head": 31,
          "head_key": "L24H31",
          "layer": 24,
          "mean_mass_answer_line": 0.019082387288411457,
          "mean_mass_grammar_marker": 0.0,
          "mean_mass_instruction_line": 0.051119486490885414,
          "mean_mass_line_partition": 0.9992790222167969,
          "mean_mass_object_name": 0.039372762044270836,
          "mean_mass_outside_lines": 0.0010401407877604167,
          "mean_mass_question_line": 0.08662923177083333,
          "mean_mass_record_line": 0.8424479166666666,
          "mean_mass_relation_name": 0.115692138671875,
          "mean_mass_self_last": 0.016387939453125,
          "mean_mass_source_value": 0.494384765625,
          "mean_mass_target_language": 0.0,
          "mean_mass_target_value": 0.494384765625,
          "mean_top_attn_mass": 0.4947916666666667,
          "model": "glm4",
          "n": 24,
          "source_focus_score": 0.5415868759155272,
          "top_attn_token_counts": {
            " black": 2,
            " blue": 4,
            " green": 4,
            " orange": 2,
            " purple": 2,
            " red": 3,
            " white": 2,
            " yellow": 4,
            "Record": 1
          }
        },
        {
          "function_family": "color_value_reuse_difference",
          "head": 6,
          "head_key": "L21H6",
          "layer": 21,
          "mean_mass_answer_line": 0.007334391276041667,
          "mean_mass_grammar_marker": 0.0,
          "mean_mass_instruction_line": 0.009418487548828125,
          "mean_mass_line_partition": 0.9998664855957031,
          "mean_mass_object_name": 0.017602920532226562,
          "mean_mass_outside_lines": 0.0006497701009114584,
          "mean_mass_question_line": 0.0399169921875,
          "mean_mass_record_line": 0.9431966145833334,
          "mean_mass_relation_name": 0.058787027994791664,
          "mean_mass_self_last": 0.0072638193766276045,
          "mean_mass_source_value": 0.4791666666666667,
          "mean_mass_target_language": 0.0,
          "mean_mass_target_value": 0.4791666666666667,
          "mean_top_attn_mass": 0.4691569010416667,
          "model": "glm4",
          "n": 24,
          "source_focus_score": 0.5108187993367513,
          "top_attn_token_counts": {
            " black": 2,
            " blue": 4,
            " green": 4,
            " orange": 2,
            " purple": 2,
            " red": 4,
            " white": 2,
            " yellow": 4
          }
        },
        {
          "function_family": "color_value_reuse_difference",
          "head": 19,
          "head_key": "L24H19",
          "layer": 24,
          "mean_mass_answer_line": 0.0029354095458984375,
          "mean_mass_grammar_marker": 0.0,
          "mean_mass_instruction_line": 0.0016016761461893718,
          "mean_mass_line_partition": 1.0001476407051086,
          "mean_mass_object_name": 0.02545166015625,
          "mean_mass_outside_lines": 0.0005216598510742188,
          "mean_mass_question_line": 0.0323944091796875,
          "mean_mass_record_line": 0.9632161458333334,
          "mean_mass_relation_name": 0.17976888020833334,
          "mean_mass_self_last": 0.0028488636016845703,
          "mean_mass_source_value": 0.4754231770833333,
          "mean_mass_target_language": 0.0,
          "mean_mass_target_value": 0.4754231770833333,
          "mean_top_attn_mass": 0.4742838541666667,
          "model": "glm4",
          "n": 24,
          "source_focus_score": 0.5764987568060557,
          "top_attn_token_counts": {
            " black": 2,
            " blue": 4,
            " green": 4,
            " orange": 2,
            " purple": 2,
            " red": 4,
            " white": 2,
            " yellow": 4
          }
        },
        {
          "function_family": "color_value_reuse_difference",
          "head": 9,
          "head_key": "L33H9",
          "layer": 33,
          "mean_mass_answer_line": 0.018889109293619793,
          "mean_mass_grammar_marker": 0.0,
          "mean_mass_instruction_line": 0.01894378662109375,
          "mean_mass_line_partition": 1.0000279744466145,
          "mean_mass_object_name": 0.13368733723958334,
          "mean_mass_outside_lines": 0.0006205240885416666,
          "mean_mass_question_line": 0.03494898478190104,
          "mean_mass_record_line": 0.92724609375,
          "mean_mass_relation_name": 0.010101318359375,
          "mean_mass_self_last": 0.018182118733723957,
          "mean_mass_source_value": 0.4644368489583333,
          "mean_mass_target_language": 0.0,
          "mean_mass_target_value": 0.4644368489583333,
          "mean_top_attn_mass": 0.456298828125,
          "model": "glm4",
          "n": 24,
          "source_focus_score": 0.5221370061238607,
          "top_attn_token_counts": {
            " black": 2,
            " blue": 4,
            " green": 4,
            " orange": 2,
            " purple": 1,
            " red": 4,
            " violet": 1,
            " white": 2,
            " yellow": 4
          }
        },
        {
          "function_family": "color_value_reuse_difference",
          "head": 9,
          "head_key": "L21H9",
          "layer": 21,
          "mean_mass_answer_line": 0.024706522623697918,
          "mean_mass_grammar_marker": 0.0,
          "mean_mass_instruction_line": 0.021569569905598957,
          "mean_mass_line_partition": 1.0000724792480469,
          "mean_mass_object_name": 0.033602396647135414,
          "mean_mass_outside_lines": 0.0007120768229166666,
          "mean_mass_question_line": 0.15513102213541666,
          "mean_mass_record_line": 0.7986653645833334,
          "mean_mass_relation_name": 0.08672078450520833,
          "mean_mass_self_last": 0.024261474609375,
          "mean_mass_source_value": 0.4639485677083333,
          "mean_mass_target_language": 0.0,
          "mean_mass_target_value": 0.4639485677083333,
          "mean_top_attn_mass": 0.4611002604166667,
          "model": "glm4",
          "n": 24,
          "source_focus_score": 0.5071487426757812,
          "top_attn_token_counts": {
            " black": 1,
            " blue": 4,
            " green": 4,
            " orange": 2,
            " purple": 1,
            " red": 4,
            " white": 2,
            " yellow": 4,
            ".\n": 1,
            ";": 1
          }
        },
        {
          "function_family": "color_value_reuse_difference",
          "head": 12,
          "head_key": "L21H12",
          "layer": 21,
          "mean_mass_answer_line": 0.07933553059895833,
          "mean_mass_grammar_marker": 0.0,
          "mean_mass_instruction_line": 0.0142974853515625,
          "mean_mass_line_partition": 0.9998626708984375,
          "mean_mass_object_name": 0.03187433878580729,
          "mean_mass_outside_lines": 0.0008061726888020834,
          "mean_mass_question_line": 0.13604736328125,
          "mean_mass_record_line": 0.7701822916666666,
          "mean_mass_relation_name": 0.086944580078125,
          "mean_mass_self_last": 0.07871500651041667,
          "mean_mass_source_value": 0.439697265625,
          "mean_mass_target_language": 0.0,
          "mean_mass_target_value": 0.439697265625,
          "mean_top_attn_mass": 0.43212890625,
          "model": "glm4",
          "n": 24,
          "source_focus_score": 0.4721240997314453,
          "top_attn_token_counts": {
            " black": 2,
            " blue": 3,
            " green": 4,
            " orange": 2,
            " purple": 2,
            " red": 4,
            " white": 2,
            " yellow": 4,
            ";": 1
          }
        },
        {
          "function_family": "color_value_reuse_difference",
          "head": 26,
          "head_key": "L29H26",
          "layer": 29,
          "mean_mass_answer_line": 0.0002613464991251628,
          "mean_mass_grammar_marker": 0.0,
          "mean_mass_instruction_line": 0.0010416110356648762,
          "mean_mass_line_partition": 1.0001687208811443,
          "mean_mass_object_name": 0.11475626627604167,
          "mean_mass_outside_lines": 0.0003921190897623698,
          "mean_mass_question_line": 0.021814982096354168,
          "mean_mass_record_line": 0.97705078125,
          "mean_mass_relation_name": 0.003513971964518229,
          "mean_mass_self_last": 0.00020561615626017252,
          "mean_mass_source_value": 0.4298095703125,
          "mean_mass_target_language": 0.0,
          "mean_mass_target_value": 0.4298095703125,
          "mean_top_attn_mass": 0.4481608072916667,
          "model": "glm4",
          "n": 24,
          "source_focus_score": 0.48835854729016615,
          "top_attn_token_counts": {
            " black": 1,
            " blue": 4,
            " green": 1,
            " orange": 2,
            " purple": 1,
            " red": 3,
            " violet": 1,
            " white": 1,
            " yellow": 4,
            "Record": 6
          }
        },
        {
          "function_family": "color_value_reuse_difference",
          "head": 24,
          "head_key": "L26H24",
          "layer": 26,
          "mean_mass_answer_line": 0.007946650187174479,
          "mean_mass_grammar_marker": 0.0,
          "mean_mass_instruction_line": 0.047197977701822914,
          "mean_mass_line_partition": 0.9997348785400391,
          "mean_mass_object_name": 0.023187001546223957,
          "mean_mass_outside_lines": 0.0006815592447916666,
          "mean_mass_question_line": 0.053639729817708336,
          "mean_mass_record_line": 0.8909505208333334,
          "mean_mass_relation_name": 0.06450398763020833,
          "mean_mass_self_last": 0.007345835367838542,
          "mean_mass_source_value": 0.3984781901041667,
          "mean_mass_target_language": 0.0,
          "mean_mass_target_value": 0.3984781901041667,
          "mean_top_attn_mass": 0.4016927083333333,
          "model": "glm4",
          "n": 24,
          "source_focus_score": 0.4167380332946778,
          "top_attn_token_counts": {
            " black": 1,
            " blue": 4,
            " green": 4,
            " orange": 2,
            " purple": 2,
            " red": 4,
            " white": 2,
            " yellow": 4,
            ".\n": 1
          }
        },
        {
          "function_family": "color_value_reuse_difference",
          "head": 26,
          "head_key": "L32H26",
          "layer": 32,
          "mean_mass_answer_line": 0.019002278645833332,
          "mean_mass_grammar_marker": 0.0,
          "mean_mass_instruction_line": 0.036626180013020836,
          "mean_mass_line_partition": 1.0000508626302083,
          "mean_mass_object_name": 0.14899698893229166,
          "mean_mass_outside_lines": 0.0005823771158854166,
          "mean_mass_question_line": 0.045496622721354164,
          "mean_mass_record_line": 0.89892578125,
          "mean_mass_relation_name": 0.0315704345703125,
          "mean_mass_self_last": 0.01715850830078125,
          "mean_mass_source_value": 0.3972981770833333,
          "mean_mass_target_language": 0.0,
          "mean_mass_target_value": 0.3972981770833333,
          "mean_top_attn_mass": 0.3973388671875,
          "model": "glm4",
          "n": 24,
          "source_focus_score": 0.46451822916666663,
          "top_attn_token_counts": {
            " black": 2,
            " blue": 4,
            " green": 4,
            " orange": 2,
            " purple": 2,
            " red": 3,
            " rose": 1,
            " white": 2,
            " yellow": 4
          }
        }
      ]
    },
    "fruit_identity_reuse_difference": {
      "n_heads": 1280,
      "n_prompt_head_rows": 30720,
      "top_instruction_heads": [
        {
          "function_family": "fruit_identity_reuse_difference",
          "head": 4,
          "head_key": "L19H4",
          "layer": 19,
          "mean_mass_answer_line": 0.008658091227213541,
          "mean_mass_grammar_marker": 0.0,
          "mean_mass_instruction_line": 0.9871419270833334,
          "mean_mass_line_partition": 1.0001619656880696,
          "mean_mass_object_name": 3.4046669801076256e-05,
          "mean_mass_outside_lines": 0.0005725224812825521,
          "mean_mass_question_line": 0.0009694099426269531,
          "mean_mass_record_line": 0.0033925374348958335,
          "mean_mass_relation_name": 3.624955813090006e-05,
          "mean_mass_self_last": 0.008288065592447916,
          "mean_mass_source_value": 7.109095652898152e-06,
          "mean_mass_target_language": 0.0,
          "mean_mass_target_value": 7.109095652898152e-06,
          "mean_top_attn_mass": 0.5758463541666666,
          "model": "glm4",
          "n": 24,
          "source_focus_score": -0.4956932291388512,
          "top_attn_token_counts": {
            " value": 21,
            ".\n": 3
          }
        },
        {
          "function_family": "fruit_identity_reuse_difference",
          "head": 21,
          "head_key": "L0H21",
          "layer": 0,
          "mean_mass_answer_line": 0.032440185546875,
          "mean_mass_grammar_marker": 0.0,
          "mean_mass_instruction_line": 0.96826171875,
          "mean_mass_line_partition": 1.0007458577553432,
          "mean_mass_object_name": 1.3885398705800375e-05,
          "mean_mass_outside_lines": 0.0003604491551717122,
          "mean_mass_question_line": 2.709527810414632e-05,
          "mean_mass_record_line": 1.685818036397298e-05,
          "mean_mass_relation_name": 4.60352748632431e-06,
          "mean_mass_self_last": 0.0038604736328125,
          "mean_mass_source_value": 8.985400199890137e-06,
          "mean_mass_target_language": 0.0,
          "mean_mass_target_value": 8.985400199890137e-06,
          "mean_top_attn_mass": 0.94482421875,
          "model": "glm4",
          "n": 24,
          "source_focus_score": -0.4922226758984228,
          "top_attn_token_counts": {
            ".\n": 24
          }
        },
        {
          "function_family": "fruit_identity_reuse_difference",
          "head": 16,
          "head_key": "L15H16",
          "layer": 15,
          "mean_mass_answer_line": 0.0018186569213867188,
          "mean_mass_grammar_marker": 0.0,
          "mean_mass_instruction_line": 0.9646809895833334,
          "mean_mass_line_partition": 1.0002291997273762,
          "mean_mass_object_name": 0.0006584326426188151,
          "mean_mass_outside_lines": 0.00034046173095703125,
          "mean_mass_question_line": 0.020406087239583332,
          "mean_mass_record_line": 0.013323465983072916,
          "mean_mass_relation_name": 0.0027182896931966147,
          "mean_mass_self_last": 0.0008486906687418619,
          "mean_mass_source_value": 9.550650914510091e-05,
          "mean_mass_target_language": 0.0,
          "mean_mass_target_value": 9.550650914510091e-05,
          "mean_top_attn_mass": 0.75537109375,
          "model": "glm4",
          "n": 24,
          "source_focus_score": -0.48101129134496057,
          "top_attn_token_counts": {
            ".\n": 24
          }
        },
        {
          "function_family": "fruit_identity_reuse_difference",
          "head": 15,
          "head_key": "L14H15",
          "layer": 14,
          "mean_mass_answer_line": 0.026204427083333332,
          "mean_mass_grammar_marker": 0.0,
          "mean_mass_instruction_line": 0.9217122395833334,
          "mean_mass_line_partition": 1.0002975463867188,
          "mean_mass_object_name": 0.0002493758996327718,
          "mean_mass_outside_lines": 0.0006103515625,
          "mean_mass_question_line": 0.01779937744140625,
          "mean_mass_record_line": 0.034581502278645836,
          "mean_mass_relation_name": 0.002445856730143229,
          "mean_mass_self_last": 0.011297861735026041,
          "mean_mass_source_value": 3.1126042207082115e-05,
          "mean_mass_target_language": 0.0,
          "mean_mass_target_value": 3.1126042207082115e-05,
          "mean_top_attn_mass": 0.6298828125,
          "model": "glm4",
          "n": 24,
          "source_focus_score": -0.46602848420540494,
          "top_attn_token_counts": {
            ".\n": 24
          }
        },
        {
          "function_family": "fruit_identity_reuse_difference",
          "head": 7,
          "head_key": "L13H7",
          "layer": 13,
          "mean_mass_answer_line": 0.009504954020182291,
          "mean_mass_grammar_marker": 0.0,
          "mean_mass_instruction_line": 0.9210611979166666,
          "mean_mass_line_partition": 0.9998461405436198,
          "mean_mass_object_name": 0.00041164954503377277,
          "mean_mass_outside_lines": 0.0007998148600260416,
          "mean_mass_question_line": 0.005579630533854167,
          "mean_mass_record_line": 0.06370035807291667,
          "mean_mass_relation_name": 0.0004611810048421224,
          "mean_mass_self_last": 0.006573994954427083,
          "mean_mass_source_value": 2.970298131306966e-05,
          "mean_mass_target_language": 0.0,
          "mean_mass_target_value": 2.970298131306966e-05,
          "mean_top_attn_mass": 0.353271484375,
          "model": "glm4",
          "n": 24,
          "source_focus_score": -0.46244071920712787,
          "top_attn_token_counts": {
            " only": 5,
            ".\n": 19
          }
        },
        {
          "function_family": "fruit_identity_reuse_difference",
          "head": 31,
          "head_key": "L18H31",
          "layer": 18,
          "mean_mass_answer_line": 0.012891133626302084,
          "mean_mass_grammar_marker": 0.0,
          "mean_mass_instruction_line": 0.9156901041666666,
          "mean_mass_line_partition": 0.9998296101888021,
          "mean_mass_object_name": 0.003875732421875,
          "mean_mass_outside_lines": 0.00069427490234375,
          "mean_mass_question_line": 0.0249481201171875,
          "mean_mass_record_line": 0.046300252278645836,
          "mean_mass_relation_name": 0.0016722679138183594,
          "mean_mass_self_last": 0.0106201171875,
          "mean_mass_source_value": 5.50846258799235e-05,
          "mean_mass_target_language": 0.0,
          "mean_mass_target_value": 5.50846258799235e-05,
          "mean_top_attn_mass": 0.402587890625,
          "model": "glm4",
          "n": 24,
          "source_focus_score": -0.4582387506961822,
          "top_attn_token_counts": {
            " value": 13,
            ".\n": 11
          }
        },
        {
          "function_family": "fruit_identity_reuse_difference",
          "head": 10,
          "head_key": "L12H10",
          "layer": 12,
          "mean_mass_answer_line": 0.0008818308512369791,
          "mean_mass_grammar_marker": 0.0,
          "mean_mass_instruction_line": 0.9026692708333334,
          "mean_mass_line_partition": 0.9994633992513021,
          "mean_mass_object_name": 0.0002491672833760579,
          "mean_mass_outside_lines": 0.0008791287740071615,
          "mean_mass_question_line": 0.0045223236083984375,
          "mean_mass_record_line": 0.09138997395833333,
          "mean_mass_relation_name": 0.00179290771484375,
          "mean_mass_self_last": 0.00041794776916503906,
          "mean_mass_source_value": 4.342136283715566e-06,
          "mean_mass_target_language": 0.0,
          "mean_mass_target_value": 4.342136283715566e-06,
          "mean_top_attn_mass": 0.409912109375,
          "model": "glm4",
          "n": 24,
          "source_focus_score": -0.45052971349408233,
          "top_attn_token_counts": {
            ".\n": 24
          }
        },
        {
          "function_family": "fruit_identity_reuse_difference",
          "head": 20,
          "head_key": "L0H20",
          "layer": 0,
          "mean_mass_answer_line": 0.041046142578125,
          "mean_mass_grammar_marker": 0.0,
          "mean_mass_instruction_line": 0.8955078125,
          "mean_mass_line_partition": 0.9993565877278646,
          "mean_mass_object_name": 0.0027043024698893228,
          "mean_mass_outside_lines": 0.00070953369140625,
          "mean_mass_question_line": 0.057790120442708336,
          "mean_mass_record_line": 0.00501251220703125,
          "mean_mass_relation_name": 0.0016927719116210938,
          "mean_mass_self_last": 0.012090047200520834,
          "mean_mass_source_value": 0.0001000364621480306,
          "mean_mass_target_language": 0.0,
          "mean_mass_target_value": 0.0001000364621480306,
          "mean_top_attn_mass": 0.4535319010416667,
          "model": "glm4",
          "n": 24,
          "source_focus_score": -0.455716868241628,
          "top_attn_token_counts": {
            ".\n": 24
          }
        },
        {
          "function_family": "fruit_identity_reuse_difference",
          "head": 17,
          "head_key": "L23H17",
          "layer": 23,
          "mean_mass_answer_line": 0.07503255208333333,
          "mean_mass_grammar_marker": 0.0,
          "mean_mass_instruction_line": 0.8738606770833334,
          "mean_mass_line_partition": 0.9994837443033854,
          "mean_mass_object_name": 0.0009874701499938965,
          "mean_mass_outside_lines": 0.0008900960286458334,
          "mean_mass_question_line": 0.025927225748697918,
          "mean_mass_record_line": 0.024663289388020832,
          "mean_mass_relation_name": 0.015392303466796875,
          "mean_mass_self_last": 0.07281494140625,
          "mean_mass_source_value": 0.00010337059696515401,
          "mean_mass_target_language": 0.0,
          "mean_mass_target_value": 0.00010337059696515401,
          "mean_top_attn_mass": 0.7488606770833334,
          "model": "glm4",
          "n": 24,
          "source_focus_score": -0.4473952191571395,
          "top_attn_token_counts": {
            " value": 24
          }
        },
        {
          "function_family": "fruit_identity_reuse_difference",
          "head": 1,
          "head_key": "L12H1",
          "layer": 12,
          "mean_mass_answer_line": 0.043874104817708336,
          "mean_mass_grammar_marker": 0.0,
          "mean_mass_instruction_line": 0.8671875,
          "mean_mass_line_partition": 0.9999376932779948,
          "mean_mass_object_name": 0.00010121862093607585,
          "mean_mass_outside_lines": 0.0006306966145833334,
          "mean_mass_question_line": 0.006376902262369792,
          "mean_mass_record_line": 0.08249918619791667,
          "mean_mass_relation_name": 0.0001680453618367513,
          "mean_mass_self_last": 0.011876424153645834,
          "mean_mass_source_value": 1.1508663495381674e-05,
          "mean_mass_target_language": 0.0,
          "mean_mass_target_value": 1.1508663495381674e-05,
          "mean_top_attn_mass": 0.7141927083333334,
          "model": "glm4",
          "n": 24,
          "source_focus_score": -0.4444161355495453,
          "top_attn_token_counts": {
            ".\n": 24
          }
        },
        {
          "function_family": "fruit_identity_reuse_difference",
          "head": 30,
          "head_key": "L4H30",
          "layer": 4,
          "mean_mass_answer_line": 0.004980723063151042,
          "mean_mass_grammar_marker": 0.0,
          "mean_mass_instruction_line": 0.8592122395833334,
          "mean_mass_line_partition": 0.999670664469401,
          "mean_mass_object_name": 7.212162017822266e-05,
          "mean_mass_outside_lines": 0.000904083251953125,
          "mean_mass_question_line": 0.06910196940104167,
          "mean_mass_record_line": 0.066375732421875,
          "mean_mass_relation_name": 0.00020802021026611328,
          "mean_mass_self_last": 0.004862467447916667,
          "mean_mass_source_value": 7.315247785300016e-08,
          "mean_mass_target_language": 0.0,
          "mean_mass_target_value": 7.315247785300016e-08,
          "mean_top_attn_mass": 0.78271484375,
          "model": "glm4",
          "n": 24,
          "source_focus_score": -0.43071115648975444,
          "top_attn_token_counts": {
            ":": 24
          }
        },
        {
          "function_family": "fruit_identity_reuse_difference",
          "head": 28,
          "head_key": "L11H28",
          "layer": 11,
          "mean_mass_answer_line": 0.0009348392486572266,
          "mean_mass_grammar_marker": 0.0,
          "mean_mass_instruction_line": 0.8577473958333334,
          "mean_mass_line_partition": 0.9998234907786051,
          "mean_mass_object_name": 0.00026228030522664386,
          "mean_mass_outside_lines": 0.0006643931070963541,
          "mean_mass_question_line": 0.12762451171875,
          "mean_mass_record_line": 0.013516743977864584,
          "mean_mass_relation_name": 0.0011169910430908203,
          "mean_mass_self_last": 0.00010912617047627766,
          "mean_mass_source_value": 6.437301635742188e-05,
          "mean_mass_target_language": 0.0,
          "mean_mass_target_value": 6.437301635742188e-05,
          "mean_top_attn_mass": 0.3984375,
          "model": "glm4",
          "n": 24,
          "source_focus_score": -0.4283533990383148,
          "top_attn_token_counts": {
            ".\n": 24
          }
        }
      ],
      "top_source_focus_heads": [
        {
          "function_family": "fruit_identity_reuse_difference",
          "head": 28,
          "head_key": "L29H28",
          "layer": 29,
          "mean_mass_answer_line": 7.072091102600098e-05,
          "mean_mass_grammar_marker": 0.0,
          "mean_mass_instruction_line": 0.0005429983139038086,
          "mean_mass_line_partition": 0.9993009865283966,
          "mean_mass_object_name": 0.007508595784505208,
          "mean_mass_outside_lines": 0.0012628634770711262,
          "mean_mass_question_line": 0.0012914339701334636,
          "mean_mass_record_line": 0.9973958333333334,
          "mean_mass_relation_name": 0.0009067058563232422,
          "mean_mass_self_last": 5.908807118733724e-05,
          "mean_mass_source_value": 0.9677734375,
          "mean_mass_target_language": 0.0,
          "mean_mass_target_value": 0.9677734375,
          "mean_top_attn_mass": 0.9677734375,
          "model": "glm4",
          "n": 24,
          "source_focus_score": 0.9716919089357058,
          "top_attn_token_counts": {
            " animal": 6,
            " fruit": 12,
            " tool": 6
          }
        },
        {
          "function_family": "fruit_identity_reuse_difference",
          "head": 18,
          "head_key": "L29H18",
          "layer": 29,
          "mean_mass_answer_line": 9.753306706746419e-05,
          "mean_mass_grammar_marker": 0.0,
          "mean_mass_instruction_line": 0.00016740957895914713,
          "mean_mass_line_partition": 1.0000001390775044,
          "mean_mass_object_name": 0.011533737182617188,
          "mean_mass_outside_lines": 0.0007139742374420166,
          "mean_mass_question_line": 0.0025021235148111978,
          "mean_mass_record_line": 0.9972330729166666,
          "mean_mass_relation_name": 0.0004202723503112793,
          "mean_mass_self_last": 6.308158238728841e-05,
          "mean_mass_source_value": 0.9539388020833334,
          "mean_mass_target_language": 0.0,
          "mean_mass_target_value": 0.9539388020833334,
          "mean_top_attn_mass": 0.9539388020833334,
          "model": "glm4",
          "n": 24,
          "source_focus_score": 0.9598077187935511,
          "top_attn_token_counts": {
            " animal": 6,
            " fruit": 12,
            " tool": 6
          }
        },
        {
          "function_family": "fruit_identity_reuse_difference",
          "head": 19,
          "head_key": "L24H19",
          "layer": 24,
          "mean_mass_answer_line": 1.1918988699714342e-05,
          "mean_mass_grammar_marker": 0.0,
          "mean_mass_instruction_line": 2.2540489832560222e-05,
          "mean_mass_line_partition": 1.0004301548469812,
          "mean_mass_object_name": 0.0056972503662109375,
          "mean_mass_outside_lines": 0.00043796499570210773,
          "mean_mass_question_line": 0.00202329953511556,
          "mean_mass_record_line": 0.9983723958333334,
          "mean_mass_relation_name": 0.00912777582804362,
          "mean_mass_self_last": 1.161972371240457e-05,
          "mean_mass_source_value": 0.9493815104166666,
          "mean_mass_target_language": 0.0,
          "mean_mass_target_value": 0.9493815104166666,
          "mean_top_attn_mass": 0.9493815104166666,
          "model": "glm4",
          "n": 24,
          "source_focus_score": 0.9567797735217027,
          "top_attn_token_counts": {
            " animal": 6,
            " fruit": 12,
            " tool": 6
          }
        },
        {
          "function_family": "fruit_identity_reuse_difference",
          "head": 6,
          "head_key": "L28H6",
          "layer": 28,
          "mean_mass_answer_line": 0.0006438891092936198,
          "mean_mass_grammar_marker": 0.0,
          "mean_mass_instruction_line": 0.0007650852203369141,
          "mean_mass_line_partition": 1.0006301403045654,
          "mean_mass_object_name": 0.026256561279296875,
          "mean_mass_outside_lines": 0.0003345807393391927,
          "mean_mass_question_line": 0.0065453847249348955,
          "mean_mass_record_line": 0.99267578125,
          "mean_mass_relation_name": 0.0010453859965006511,
          "mean_mass_self_last": 0.0005954901377360026,
          "mean_mass_source_value": 0.8349609375,
          "mean_mass_target_language": 0.0,
          "mean_mass_target_value": 0.8349609375,
          "mean_top_attn_mass": 0.8349609375,
          "model": "glm4",
          "n": 24,
          "source_focus_score": 0.848068396250407,
          "top_attn_token_counts": {
            " animal": 6,
            " fruit": 12,
            " tool": 6
          }
        },
        {
          "function_family": "fruit_identity_reuse_difference",
          "head": 19,
          "head_key": "L28H19",
          "layer": 28,
          "mean_mass_answer_line": 6.874899069468181e-05,
          "mean_mass_grammar_marker": 0.0,
          "mean_mass_instruction_line": 7.596611976623535e-05,
          "mean_mass_line_partition": 0.9996728847424189,
          "mean_mass_object_name": 0.10792032877604167,
          "mean_mass_outside_lines": 0.0009230871995290121,
          "mean_mass_question_line": 0.0008302529652913412,
          "mean_mass_record_line": 0.9986979166666666,
          "mean_mass_relation_name": 0.0008939107259114584,
          "mean_mass_self_last": 8.653228481610617e-06,
          "mean_mass_source_value": 0.783203125,
          "mean_mass_target_language": 0.0,
          "mean_mass_target_value": 0.783203125,
          "mean_top_attn_mass": 0.783203125,
          "model": "glm4",
          "n": 24,
          "source_focus_score": 0.8375550744434198,
          "top_attn_token_counts": {
            " animal": 6,
            " fruit": 12,
            " tool": 6
          }
        },
        {
          "function_family": "fruit_identity_reuse_difference",
          "head": 26,
          "head_key": "L32H26",
          "layer": 32,
          "mean_mass_answer_line": 0.002772649129231771,
          "mean_mass_grammar_marker": 0.0,
          "mean_mass_instruction_line": 0.0046774546305338545,
          "mean_mass_line_partition": 0.9994773864746094,
          "mean_mass_object_name": 0.08875656127929688,
          "mean_mass_outside_lines": 0.0008093516031901041,
          "mean_mass_question_line": 0.011233011881510416,
          "mean_mass_record_line": 0.9807942708333334,
          "mean_mass_relation_name": 0.006276448567708333,
          "mean_mass_self_last": 0.0025294621785481772,
          "mean_mass_source_value": 0.7794596354166666,
          "mean_mass_target_language": 0.0,
          "mean_mass_target_value": 0.7794596354166666,
          "mean_top_attn_mass": 0.7794596354166666,
          "model": "glm4",
          "n": 24,
          "source_focus_score": 0.8239442507425943,
          "top_attn_token_counts": {
            " animal": 6,
            " fruit": 12,
            " tool": 6
          }
        },
        {
          "function_family": "fruit_identity_reuse_difference",
          "head": 28,
          "head_key": "L31H28",
          "layer": 31,
          "mean_mass_answer_line": 0.004115104675292969,
          "mean_mass_grammar_marker": 0.0,
          "mean_mass_instruction_line": 0.0025040308634440103,
          "mean_mass_line_partition": 1.000057856241862,
          "mean_mass_object_name": 0.102569580078125,
          "mean_mass_outside_lines": 0.0006176630655924479,
          "mean_mass_question_line": 0.021596272786458332,
          "mean_mass_record_line": 0.9718424479166666,
          "mean_mass_relation_name": 0.0014513333638509114,
          "mean_mass_self_last": 0.003948211669921875,
          "mean_mass_source_value": 0.75732421875,
          "mean_mass_target_language": 0.0,
          "mean_mass_target_value": 0.75732421875,
          "mean_top_attn_mass": 0.75732421875,
          "model": "glm4",
          "n": 24,
          "source_focus_score": 0.8070538838704426,
          "top_attn_token_counts": {
            " animal": 6,
            " fruit": 12,
            " tool": 6
          }
        },
        {
          "function_family": "fruit_identity_reuse_difference",
          "head": 10,
          "head_key": "L23H10",
          "layer": 23,
          "mean_mass_answer_line": 0.0027000109354654946,
          "mean_mass_grammar_marker": 0.0,
          "mean_mass_instruction_line": 0.0008731683095296224,
          "mean_mass_line_partition": 0.999916156133016,
          "mean_mass_object_name": 0.012493769327799479,
          "mean_mass_outside_lines": 0.0006945133209228516,
          "mean_mass_question_line": 0.0624237060546875,
          "mean_mass_record_line": 0.9339192708333334,
          "mean_mass_relation_name": 0.071197509765625,
          "mean_mass_self_last": 0.002697467803955078,
          "mean_mass_source_value": 0.7041829427083334,
          "mean_mass_target_language": 0.0,
          "mean_mass_target_value": 0.7041829427083334,
          "mean_top_attn_mass": 0.7041829427083334,
          "model": "glm4",
          "n": 24,
          "source_focus_score": 0.7449169953664145,
          "top_attn_token_counts": {
            " animal": 6,
            " fruit": 12,
            " tool": 6
          }
        },
        {
          "function_family": "fruit_identity_reuse_difference",
          "head": 24,
          "head_key": "L24H24",
          "layer": 24,
          "mean_mass_answer_line": 0.0018708308537801106,
          "mean_mass_grammar_marker": 0.0,
          "mean_mass_instruction_line": 0.0023680528004964194,
          "mean_mass_line_partition": 0.999768058458964,
          "mean_mass_object_name": 0.0700365702311198,
          "mean_mass_outside_lines": 0.0010161399841308594,
          "mean_mass_question_line": 0.06551615397135417,
          "mean_mass_record_line": 0.9300130208333334,
          "mean_mass_relation_name": 0.02588653564453125,
          "mean_mass_self_last": 0.0017998218536376953,
          "mean_mass_source_value": 0.6746419270833334,
          "mean_mass_target_language": 0.0,
          "mean_mass_target_value": 0.6746419270833334,
          "mean_top_attn_mass": 0.6746419270833334,
          "model": "glm4",
          "n": 24,
          "source_focus_score": 0.7209517459074657,
          "top_attn_token_counts": {
            " animal": 6,
            " fruit": 12,
            " tool": 6
          }
        },
        {
          "function_family": "fruit_identity_reuse_difference",
          "head": 24,
          "head_key": "L29H24",
          "layer": 29,
          "mean_mass_answer_line": 0.0034354527791341147,
          "mean_mass_grammar_marker": 0.0,
          "mean_mass_instruction_line": 0.001317421595255534,
          "mean_mass_line_partition": 1.0002143383026123,
          "mean_mass_object_name": 0.006529808044433594,
          "mean_mass_outside_lines": 0.0008488496144612631,
          "mean_mass_question_line": 0.0019718805948893228,
          "mean_mass_record_line": 0.9934895833333334,
          "mean_mass_relation_name": 0.0001980463663736979,
          "mean_mass_self_last": 0.0033521652221679688,
          "mean_mass_source_value": 0.6980794270833334,
          "mean_mass_target_language": 0.0,
          "mean_mass_target_value": 0.6980794270833334,
          "mean_top_attn_mass": 0.6980794270833334,
          "model": "glm4",
          "n": 24,
          "source_focus_score": 0.6999257802963257,
          "top_attn_token_counts": {
            " animal": 6,
            " fruit": 12,
            " tool": 6
          }
        },
        {
          "function_family": "fruit_identity_reuse_difference",
          "head": 26,
          "head_key": "L29H26",
          "layer": 29,
          "mean_mass_answer_line": 0.00014674663543701172,
          "mean_mass_grammar_marker": 0.0,
          "mean_mass_instruction_line": 0.000426789124806722,
          "mean_mass_line_partition": 1.000242292881012,
          "mean_mass_object_name": 0.12868881225585938,
          "mean_mass_outside_lines": 0.0005320111910502116,
          "mean_mass_question_line": 0.029291152954101562,
          "mean_mass_record_line": 0.9703776041666666,
          "mean_mass_relation_name": 0.0015056927998860676,
          "mean_mass_self_last": 0.00011839469273885091,
          "mean_mass_source_value": 0.6295572916666666,
          "mean_mass_target_language": 0.0,
          "mean_mass_target_value": 0.6295572916666666,
          "mean_top_attn_mass": 0.63037109375,
          "model": "glm4",
          "n": 24,
          "source_focus_score": 0.6944044629732767,
          "top_attn_token_counts": {
            " animal": 6,
            " fruit": 12,
            " hammer": 1,
            " tool": 4,
            "Record": 1
          }
        },
        {
          "function_family": "fruit_identity_reuse_difference",
          "head": 29,
          "head_key": "L28H29",
          "layer": 28,
          "mean_mass_answer_line": 0.0007479190826416016,
          "mean_mass_grammar_marker": 0.0,
          "mean_mass_instruction_line": 0.0008099873860677084,
          "mean_mass_line_partition": 1.0000269412994385,
          "mean_mass_object_name": 0.23096720377604166,
          "mean_mass_outside_lines": 0.0005962848663330078,
          "mean_mass_question_line": 0.0114898681640625,
          "mean_mass_record_line": 0.9869791666666666,
          "mean_mass_relation_name": 0.004660288492838542,
          "mean_mass_self_last": 0.00019986430803934732,
          "mean_mass_source_value": 0.555908203125,
          "mean_mass_target_language": 0.0,
          "mean_mass_target_value": 0.555908203125,
          "mean_top_attn_mass": 0.5597330729166666,
          "model": "glm4",
          "n": 24,
          "source_focus_score": 0.673129975795746,
          "top_attn_token_counts": {
            " animal": 6,
            " fruit": 10,
            " mango": 1,
            " orange": 1,
            " tool": 6
          }
        },
        {
          "function_family": "fruit_identity_reuse_difference",
          "head": 31,
          "head_key": "L26H31",
          "layer": 26,
          "mean_mass_answer_line": 0.0017604827880859375,
          "mean_mass_grammar_marker": 0.0,
          "mean_mass_instruction_line": 0.0019666353861490884,
          "mean_mass_line_partition": 0.9998456637064616,
          "mean_mass_object_name": 0.004350980122884114,
          "mean_mass_outside_lines": 0.0006869633992513021,
          "mean_mass_question_line": 0.0045820871988932295,
          "mean_mass_record_line": 0.9915364583333334,
          "mean_mass_relation_name": 0.0007967948913574219,
          "mean_mass_self_last": 0.001756111780802409,
          "mean_mass_source_value": 0.666015625,
          "mean_mass_target_language": 0.0,
          "mean_mass_target_value": 0.666015625,
          "mean_top_attn_mass": 0.666015625,
          "model": "glm4",
          "n": 24,
          "source_focus_score": 0.6671660741170247,
          "top_attn_token_counts": {
            " animal": 6,
            " fruit": 12,
            " tool": 6
          }
        },
        {
          "function_family": "fruit_identity_reuse_difference",
          "head": 12,
          "head_key": "L23H12",
          "layer": 23,
          "mean_mass_answer_line": 0.003330230712890625,
          "mean_mass_grammar_marker": 0.0,
          "mean_mass_instruction_line": 0.0054403940836588545,
          "mean_mass_line_partition": 1.0002689361572266,
          "mean_mass_object_name": 0.08302815755208333,
          "mean_mass_outside_lines": 0.00047969818115234375,
          "mean_mass_question_line": 0.028119405110677082,
          "mean_mass_record_line": 0.96337890625,
          "mean_mass_relation_name": 0.014619191487630209,
          "mean_mass_self_last": 0.003318150838216146,
          "mean_mass_source_value": 0.583984375,
          "mean_mass_target_language": 0.0,
          "mean_mass_target_value": 0.583984375,
          "mean_top_attn_mass": 0.583984375,
          "model": "glm4",
          "n": 24,
          "source_focus_score": 0.6292552947998046,
          "top_attn_token_counts": {
            " animal": 6,
            " fruit": 12,
            " tool": 6
          }
        },
        {
          "function_family": "fruit_identity_reuse_difference",
          "head": 11,
          "head_key": "L21H11",
          "layer": 21,
          "mean_mass_answer_line": 0.00013833244641621908,
          "mean_mass_grammar_marker": 0.0,
          "mean_mass_instruction_line": 7.248669862747192e-05,
          "mean_mass_line_partition": 0.999895470837752,
          "mean_mass_object_name": 0.009069283803304037,
          "mean_mass_outside_lines": 0.0006449843446413676,
          "mean_mass_question_line": 0.100433349609375,
          "mean_mass_record_line": 0.8992513020833334,
          "mean_mass_relation_name": 0.10945638020833333,
          "mean_mass_self_last": 0.0001382927099863688,
          "mean_mass_source_value": 0.5419921875,
          "mean_mass_target_language": 0.0,
          "mean_mass_target_value": 0.5419921875,
          "mean_top_attn_mass": 0.5907389322916666,
          "model": "glm4",
          "n": 24,
          "source_focus_score": 0.6011841930449008,
          "top_attn_token_counts": {
            " animal": 6,
            " fruit": 12,
            ".\n": 6
          }
        },
        {
          "function_family": "fruit_identity_reuse_difference",
          "head": 9,
          "head_key": "L33H9",
          "layer": 33,
          "mean_mass_answer_line": 0.003421147664388021,
          "mean_mass_grammar_marker": 0.0,
          "mean_mass_instruction_line": 0.0033286412556966147,
          "mean_mass_line_partition": 0.9999214808146158,
          "mean_mass_object_name": 0.2830607096354167,
          "mean_mass_outside_lines": 0.0005426406860351562,
          "mean_mass_question_line": 0.02002716064453125,
          "mean_mass_record_line": 0.97314453125,
          "mean_mass_relation_name": 0.014311472574869791,
          "mean_mass_self_last": 0.003238042195638021,
          "mean_mass_source_value": 0.4548746744791667,
          "mean_mass_target_language": 0.0,
          "mean_mass_target_value": 0.4548746744791667,
          "mean_top_attn_mass": 0.5067545572916666,
          "model": "glm4",
          "n": 24,
          "source_focus_score": 0.6010411580403646,
          "top_attn_token_counts": {
            " animal": 6,
            " cherry": 1,
            " fruit": 6,
            " lemon": 1,
            " orange": 1,
            " peach": 1,
            " pear": 1,
            " plum": 1,
            " tool": 6
          }
        },
        {
          "function_family": "fruit_identity_reuse_difference",
          "head": 9,
          "head_key": "L24H9",
          "layer": 24,
          "mean_mass_answer_line": 0.0021425485610961914,
          "mean_mass_grammar_marker": 0.0,
          "mean_mass_instruction_line": 0.0001783271630605062,
          "mean_mass_line_partition": 0.9999252458413442,
          "mean_mass_object_name": 0.06384023030598958,
          "mean_mass_outside_lines": 0.0005120337009429932,
          "mean_mass_question_line": 0.0669403076171875,
          "mean_mass_record_line": 0.9306640625,
          "mean_mass_relation_name": 0.014135519663492838,
          "mean_mass_self_last": 0.0021425485610961914,
          "mean_mass_source_value": 0.5571492513020834,
          "mean_mass_target_language": 0.0,
          "mean_mass_target_value": 0.5571492513020834,
          "mean_top_attn_mass": 0.5675455729166666,
          "model": "glm4",
          "n": 24,
          "source_focus_score": 0.5955123255650203,
          "top_attn_token_counts": {
            " animal": 5,
            " fruit": 12,
            " tool": 6,
            ".\n": 1
          }
        },
        {
          "function_family": "fruit_identity_reuse_difference",
          "head": 25,
          "head_key": "L29H25",
          "layer": 29,
          "mean_mass_answer_line": 0.0006808042526245117,
          "mean_mass_grammar_marker": 0.0,
          "mean_mass_instruction_line": 0.0029164950052897134,
          "mean_mass_line_partition": 0.9997501770655314,
          "mean_mass_object_name": 0.036173502604166664,
          "mean_mass_outside_lines": 0.0007739067077636719,
          "mean_mass_question_line": 0.014219284057617188,
          "mean_mass_record_line": 0.98193359375,
          "mean_mass_relation_name": 0.043731689453125,
          "mean_mass_self_last": 0.0005704561869303385,
          "mean_mass_source_value": 0.5349934895833334,
          "mean_mass_target_language": 0.0,
          "mean_mass_target_value": 0.5349934895833334,
          "mean_top_attn_mass": 0.5397135416666666,
          "model": "glm4",
          "n": 24,
          "source_focus_score": 0.5733176370461782,
          "top_attn_token_counts": {
            " animal": 6,
            " fruit": 11,
            " tool": 5,
            "Record": 2
          }
        },
        {
          "function_family": "fruit_identity_reuse_difference",
          "head": 31,
          "head_key": "L24H31",
          "layer": 24,
          "mean_mass_answer_line": 0.0011086662610371907,
          "mean_mass_grammar_marker": 0.0,
          "mean_mass_instruction_line": 0.006269137064615886,
          "mean_mass_line_partition": 0.9997331500053406,
          "mean_mass_object_name": 0.10839335123697917,
          "mean_mass_outside_lines": 0.0006175041198730469,
          "mean_mass_question_line": 0.07129414876302083,
          "mean_mass_record_line": 0.9210611979166666,
          "mean_mass_relation_name": 0.012090047200520834,
          "mean_mass_self_last": 0.000922242800394694,
          "mean_mass_source_value": 0.5093587239583334,
          "mean_mass_target_language": 0.0,
          "mean_mass_target_value": 0.5093587239583334,
          "mean_top_attn_mass": 0.5093587239583334,
          "model": "glm4",
          "n": 24,
          "source_focus_score": 0.5661886880795161,
          "top_attn_token_counts": {
            " animal": 6,
            " fruit": 12,
            " tool": 6
          }
        },
        {
          "function_family": "fruit_identity_reuse_difference",
          "head": 15,
          "head_key": "L21H15",
          "layer": 21,
          "mean_mass_answer_line": 0.000500937302907308,
          "mean_mass_grammar_marker": 0.0,
          "mean_mass_instruction_line": 0.00012683123350143433,
          "mean_mass_line_partition": 1.0003556534647942,
          "mean_mass_object_name": 0.043340047200520836,
          "mean_mass_outside_lines": 0.0005488172173500061,
          "mean_mass_question_line": 0.11121877034505208,
          "mean_mass_record_line": 0.8885091145833334,
          "mean_mass_relation_name": 0.09340922037760417,
          "mean_mass_self_last": 0.0005005796750386556,
          "mean_mass_source_value": 0.4976908365885417,
          "mean_mass_target_language": 0.0,
          "mean_mass_target_value": 0.4976908365885417,
          "mean_top_attn_mass": 0.5531005859375,
          "model": "glm4",
          "n": 24,
          "source_focus_score": 0.5658768204351267,
          "top_attn_token_counts": {
            " animal": 6,
            " category": 1,
            " fruit": 12,
            ".\n": 1,
            ";": 4
          }
        },
        {
          "function_family": "fruit_identity_reuse_difference",
          "head": 21,
          "head_key": "L26H21",
          "layer": 26,
          "mean_mass_answer_line": 0.007781982421875,
          "mean_mass_grammar_marker": 0.0,
          "mean_mass_instruction_line": 0.006280263264973958,
          "mean_mass_line_partition": 1.0001716613769531,
          "mean_mass_object_name": 0.02777862548828125,
          "mean_mass_outside_lines": 0.00022125244140625,
          "mean_mass_question_line": 0.017847696940104168,
          "mean_mass_record_line": 0.96826171875,
          "mean_mass_relation_name": 0.0015897750854492188,
          "mean_mass_self_last": 0.0074863433837890625,
          "mean_mass_source_value": 0.5528157552083334,
          "mean_mass_target_language": 0.0,
          "mean_mass_target_value": 0.5528157552083334,
          "mean_top_attn_mass": 0.5528157552083334,
          "model": "glm4",
          "n": 24,
          "source_focus_score": 0.5624143282572429,
          "top_attn_token_counts": {
            " animal": 6,
            " fruit": 12,
            " tool": 6
          }
        },
        {
          "function_family": "fruit_identity_reuse_difference",
          "head": 26,
          "head_key": "L25H26",
          "layer": 25,
          "mean_mass_answer_line": 0.005335807800292969,
          "mean_mass_grammar_marker": 0.0,
          "mean_mass_instruction_line": 0.006425221761067708,
          "mean_mass_line_partition": 1.0002660751342773,
          "mean_mass_object_name": 0.0708160400390625,
          "mean_mass_outside_lines": 0.0004717508951822917,
          "mean_mass_question_line": 0.061747233072916664,
          "mean_mass_record_line": 0.9267578125,
          "mean_mass_relation_name": 0.022832234700520832,
          "mean_mass_self_last": 0.005181630452473958,
          "mean_mass_source_value": 0.5055745442708334,
          "mean_mass_target_language": 0.0,
          "mean_mass_target_value": 0.5055745442708334,
          "mean_top_attn_mass": 0.5055745442708334,
          "model": "glm4",
          "n": 24,
          "source_focus_score": 0.5478521188100179,
          "top_attn_token_counts": {
            " animal": 6,
            " fruit": 12,
            " tool": 6
          }
        },
        {
          "function_family": "fruit_identity_reuse_difference",
          "head": 13,
          "head_key": "L32H13",
          "layer": 32,
          "mean_mass_answer_line": 0.0179901123046875,
          "mean_mass_grammar_marker": 0.0,
          "mean_mass_instruction_line": 0.02405548095703125,
          "mean_mass_line_partition": 0.9997482299804688,
          "mean_mass_object_name": 0.08725484212239583,
          "mean_mass_outside_lines": 0.00058746337890625,
          "mean_mass_question_line": 0.07472737630208333,
          "mean_mass_record_line": 0.8829752604166666,
          "mean_mass_relation_name": 0.006102244059244792,
          "mean_mass_self_last": 0.0173187255859375,
          "mean_mass_source_value": 0.4998372395833333,
          "mean_mass_target_language": 0.0,
          "mean_mass_target_value": 0.4998372395833333,
          "mean_top_attn_mass": 0.4998372395833333,
          "model": "glm4",
          "n": 24,
          "source_focus_score": 0.5299905141194662,
          "top_attn_token_counts": {
            " animal": 6,
            " fruit": 12,
            " tool": 6
          }
        },
        {
          "function_family": "fruit_identity_reuse_difference",
          "head": 25,
          "head_key": "L22H25",
          "layer": 22,
          "mean_mass_answer_line": 0.014252662658691406,
          "mean_mass_grammar_marker": 0.0,
          "mean_mass_instruction_line": 0.003215630849202474,
          "mean_mass_line_partition": 1.0003784497578938,
          "mean_mass_object_name": 0.3769124348958333,
          "mean_mass_outside_lines": 0.0004870096842447917,
          "mean_mass_question_line": 0.6844075520833334,
          "mean_mass_record_line": 0.2985026041666667,
          "mean_mass_relation_name": 0.3028767903645833,
          "mean_mass_self_last": 0.014252662658691406,
          "mean_mass_source_value": 0.16766357421875,
          "mean_mass_target_language": 0.0,
          "mean_mass_target_value": 0.16766357421875,
          "mean_top_attn_mass": 0.406982421875,
          "model": "glm4",
          "n": 24,
          "source_focus_score": 0.5023872057596842,
          "top_attn_token_counts": {
            " category": 10,
            " cherry": 1,
            " fruit": 1,
            " grape": 1,
            " ki": 1,
            " mango": 1,
            " orange": 1,
            " pear": 1,
            " plum": 1,
            " saw": 1
          }
        }
      ],
      "top_target_value_heads": [
        {
          "function_family": "fruit_identity_reuse_difference",
          "head": 28,
          "head_key": "L29H28",
          "layer": 29,
          "mean_mass_answer_line": 7.072091102600098e-05,
          "mean_mass_grammar_marker": 0.0,
          "mean_mass_instruction_line": 0.0005429983139038086,
          "mean_mass_line_partition": 0.9993009865283966,
          "mean_mass_object_name": 0.007508595784505208,
          "mean_mass_outside_lines": 0.0012628634770711262,
          "mean_mass_question_line": 0.0012914339701334636,
          "mean_mass_record_line": 0.9973958333333334,
          "mean_mass_relation_name": 0.0009067058563232422,
          "mean_mass_self_last": 5.908807118733724e-05,
          "mean_mass_source_value": 0.9677734375,
          "mean_mass_target_language": 0.0,
          "mean_mass_target_value": 0.9677734375,
          "mean_top_attn_mass": 0.9677734375,
          "model": "glm4",
          "n": 24,
          "source_focus_score": 0.9716919089357058,
          "top_attn_token_counts": {
            " animal": 6,
            " fruit": 12,
            " tool": 6
          }
        },
        {
          "function_family": "fruit_identity_reuse_difference",
          "head": 18,
          "head_key": "L29H18",
          "layer": 29,
          "mean_mass_answer_line": 9.753306706746419e-05,
          "mean_mass_grammar_marker": 0.0,
          "mean_mass_instruction_line": 0.00016740957895914713,
          "mean_mass_line_partition": 1.0000001390775044,
          "mean_mass_object_name": 0.011533737182617188,
          "mean_mass_outside_lines": 0.0007139742374420166,
          "mean_mass_question_line": 0.0025021235148111978,
          "mean_mass_record_line": 0.9972330729166666,
          "mean_mass_relation_name": 0.0004202723503112793,
          "mean_mass_self_last": 6.308158238728841e-05,
          "mean_mass_source_value": 0.9539388020833334,
          "mean_mass_target_language": 0.0,
          "mean_mass_target_value": 0.9539388020833334,
          "mean_top_attn_mass": 0.9539388020833334,
          "model": "glm4",
          "n": 24,
          "source_focus_score": 0.9598077187935511,
          "top_attn_token_counts": {
            " animal": 6,
            " fruit": 12,
            " tool": 6
          }
        },
        {
          "function_family": "fruit_identity_reuse_difference",
          "head": 19,
          "head_key": "L24H19",
          "layer": 24,
          "mean_mass_answer_line": 1.1918988699714342e-05,
          "mean_mass_grammar_marker": 0.0,
          "mean_mass_instruction_line": 2.2540489832560222e-05,
          "mean_mass_line_partition": 1.0004301548469812,
          "mean_mass_object_name": 0.0056972503662109375,
          "mean_mass_outside_lines": 0.00043796499570210773,
          "mean_mass_question_line": 0.00202329953511556,
          "mean_mass_record_line": 0.9983723958333334,
          "mean_mass_relation_name": 0.00912777582804362,
          "mean_mass_self_last": 1.161972371240457e-05,
          "mean_mass_source_value": 0.9493815104166666,
          "mean_mass_target_language": 0.0,
          "mean_mass_target_value": 0.9493815104166666,
          "mean_top_attn_mass": 0.9493815104166666,
          "model": "glm4",
          "n": 24,
          "source_focus_score": 0.9567797735217027,
          "top_attn_token_counts": {
            " animal": 6,
            " fruit": 12,
            " tool": 6
          }
        },
        {
          "function_family": "fruit_identity_reuse_difference",
          "head": 6,
          "head_key": "L28H6",
          "layer": 28,
          "mean_mass_answer_line": 0.0006438891092936198,
          "mean_mass_grammar_marker": 0.0,
          "mean_mass_instruction_line": 0.0007650852203369141,
          "mean_mass_line_partition": 1.0006301403045654,
          "mean_mass_object_name": 0.026256561279296875,
          "mean_mass_outside_lines": 0.0003345807393391927,
          "mean_mass_question_line": 0.0065453847249348955,
          "mean_mass_record_line": 0.99267578125,
          "mean_mass_relation_name": 0.0010453859965006511,
          "mean_mass_self_last": 0.0005954901377360026,
          "mean_mass_source_value": 0.8349609375,
          "mean_mass_target_language": 0.0,
          "mean_mass_target_value": 0.8349609375,
          "mean_top_attn_mass": 0.8349609375,
          "model": "glm4",
          "n": 24,
          "source_focus_score": 0.848068396250407,
          "top_attn_token_counts": {
            " animal": 6,
            " fruit": 12,
            " tool": 6
          }
        },
        {
          "function_family": "fruit_identity_reuse_difference",
          "head": 19,
          "head_key": "L28H19",
          "layer": 28,
          "mean_mass_answer_line": 6.874899069468181e-05,
          "mean_mass_grammar_marker": 0.0,
          "mean_mass_instruction_line": 7.596611976623535e-05,
          "mean_mass_line_partition": 0.9996728847424189,
          "mean_mass_object_name": 0.10792032877604167,
          "mean_mass_outside_lines": 0.0009230871995290121,
          "mean_mass_question_line": 0.0008302529652913412,
          "mean_mass_record_line": 0.9986979166666666,
          "mean_mass_relation_name": 0.0008939107259114584,
          "mean_mass_self_last": 8.653228481610617e-06,
          "mean_mass_source_value": 0.783203125,
          "mean_mass_target_language": 0.0,
          "mean_mass_target_value": 0.783203125,
          "mean_top_attn_mass": 0.783203125,
          "model": "glm4",
          "n": 24,
          "source_focus_score": 0.8375550744434198,
          "top_attn_token_counts": {
            " animal": 6,
            " fruit": 12,
            " tool": 6
          }
        },
        {
          "function_family": "fruit_identity_reuse_difference",
          "head": 26,
          "head_key": "L32H26",
          "layer": 32,
          "mean_mass_answer_line": 0.002772649129231771,
          "mean_mass_grammar_marker": 0.0,
          "mean_mass_instruction_line": 0.0046774546305338545,
          "mean_mass_line_partition": 0.9994773864746094,
          "mean_mass_object_name": 0.08875656127929688,
          "mean_mass_outside_lines": 0.0008093516031901041,
          "mean_mass_question_line": 0.011233011881510416,
          "mean_mass_record_line": 0.9807942708333334,
          "mean_mass_relation_name": 0.006276448567708333,
          "mean_mass_self_last": 0.0025294621785481772,
          "mean_mass_source_value": 0.7794596354166666,
          "mean_mass_target_language": 0.0,
          "mean_mass_target_value": 0.7794596354166666,
          "mean_top_attn_mass": 0.7794596354166666,
          "model": "glm4",
          "n": 24,
          "source_focus_score": 0.8239442507425943,
          "top_attn_token_counts": {
            " animal": 6,
            " fruit": 12,
            " tool": 6
          }
        },
        {
          "function_family": "fruit_identity_reuse_difference",
          "head": 28,
          "head_key": "L31H28",
          "layer": 31,
          "mean_mass_answer_line": 0.004115104675292969,
          "mean_mass_grammar_marker": 0.0,
          "mean_mass_instruction_line": 0.0025040308634440103,
          "mean_mass_line_partition": 1.000057856241862,
          "mean_mass_object_name": 0.102569580078125,
          "mean_mass_outside_lines": 0.0006176630655924479,
          "mean_mass_question_line": 0.021596272786458332,
          "mean_mass_record_line": 0.9718424479166666,
          "mean_mass_relation_name": 0.0014513333638509114,
          "mean_mass_self_last": 0.003948211669921875,
          "mean_mass_source_value": 0.75732421875,
          "mean_mass_target_language": 0.0,
          "mean_mass_target_value": 0.75732421875,
          "mean_top_attn_mass": 0.75732421875,
          "model": "glm4",
          "n": 24,
          "source_focus_score": 0.8070538838704426,
          "top_attn_token_counts": {
            " animal": 6,
            " fruit": 12,
            " tool": 6
          }
        },
        {
          "function_family": "fruit_identity_reuse_difference",
          "head": 10,
          "head_key": "L23H10",
          "layer": 23,
          "mean_mass_answer_line": 0.0027000109354654946,
          "mean_mass_grammar_marker": 0.0,
          "mean_mass_instruction_line": 0.0008731683095296224,
          "mean_mass_line_partition": 0.999916156133016,
          "mean_mass_object_name": 0.012493769327799479,
          "mean_mass_outside_lines": 0.0006945133209228516,
          "mean_mass_question_line": 0.0624237060546875,
          "mean_mass_record_line": 0.9339192708333334,
          "mean_mass_relation_name": 0.071197509765625,
          "mean_mass_self_last": 0.002697467803955078,
          "mean_mass_source_value": 0.7041829427083334,
          "mean_mass_target_language": 0.0,
          "mean_mass_target_value": 0.7041829427083334,
          "mean_top_attn_mass": 0.7041829427083334,
          "model": "glm4",
          "n": 24,
          "source_focus_score": 0.7449169953664145,
          "top_attn_token_counts": {
            " animal": 6,
            " fruit": 12,
            " tool": 6
          }
        },
        {
          "function_family": "fruit_identity_reuse_difference",
          "head": 24,
          "head_key": "L29H24",
          "layer": 29,
          "mean_mass_answer_line": 0.0034354527791341147,
          "mean_mass_grammar_marker": 0.0,
          "mean_mass_instruction_line": 0.001317421595255534,
          "mean_mass_line_partition": 1.0002143383026123,
          "mean_mass_object_name": 0.006529808044433594,
          "mean_mass_outside_lines": 0.0008488496144612631,
          "mean_mass_question_line": 0.0019718805948893228,
          "mean_mass_record_line": 0.9934895833333334,
          "mean_mass_relation_name": 0.0001980463663736979,
          "mean_mass_self_last": 0.0033521652221679688,
          "mean_mass_source_value": 0.6980794270833334,
          "mean_mass_target_language": 0.0,
          "mean_mass_target_value": 0.6980794270833334,
          "mean_top_attn_mass": 0.6980794270833334,
          "model": "glm4",
          "n": 24,
          "source_focus_score": 0.6999257802963257,
          "top_attn_token_counts": {
            " animal": 6,
            " fruit": 12,
            " tool": 6
          }
        },
        {
          "function_family": "fruit_identity_reuse_difference",
          "head": 24,
          "head_key": "L24H24",
          "layer": 24,
          "mean_mass_answer_line": 0.0018708308537801106,
          "mean_mass_grammar_marker": 0.0,
          "mean_mass_instruction_line": 0.0023680528004964194,
          "mean_mass_line_partition": 0.999768058458964,
          "mean_mass_object_name": 0.0700365702311198,
          "mean_mass_outside_lines": 0.0010161399841308594,
          "mean_mass_question_line": 0.06551615397135417,
          "mean_mass_record_line": 0.9300130208333334,
          "mean_mass_relation_name": 0.02588653564453125,
          "mean_mass_self_last": 0.0017998218536376953,
          "mean_mass_source_value": 0.6746419270833334,
          "mean_mass_target_language": 0.0,
          "mean_mass_target_value": 0.6746419270833334,
          "mean_top_attn_mass": 0.6746419270833334,
          "model": "glm4",
          "n": 24,
          "source_focus_score": 0.7209517459074657,
          "top_attn_token_counts": {
            " animal": 6,
            " fruit": 12,
            " tool": 6
          }
        },
        {
          "function_family": "fruit_identity_reuse_difference",
          "head": 31,
          "head_key": "L26H31",
          "layer": 26,
          "mean_mass_answer_line": 0.0017604827880859375,
          "mean_mass_grammar_marker": 0.0,
          "mean_mass_instruction_line": 0.0019666353861490884,
          "mean_mass_line_partition": 0.9998456637064616,
          "mean_mass_object_name": 0.004350980122884114,
          "mean_mass_outside_lines": 0.0006869633992513021,
          "mean_mass_question_line": 0.0045820871988932295,
          "mean_mass_record_line": 0.9915364583333334,
          "mean_mass_relation_name": 0.0007967948913574219,
          "mean_mass_self_last": 0.001756111780802409,
          "mean_mass_source_value": 0.666015625,
          "mean_mass_target_language": 0.0,
          "mean_mass_target_value": 0.666015625,
          "mean_top_attn_mass": 0.666015625,
          "model": "glm4",
          "n": 24,
          "source_focus_score": 0.6671660741170247,
          "top_attn_token_counts": {
            " animal": 6,
            " fruit": 12,
            " tool": 6
          }
        },
        {
          "function_family": "fruit_identity_reuse_difference",
          "head": 26,
          "head_key": "L29H26",
          "layer": 29,
          "mean_mass_answer_line": 0.00014674663543701172,
          "mean_mass_grammar_marker": 0.0,
          "mean_mass_instruction_line": 0.000426789124806722,
          "mean_mass_line_partition": 1.000242292881012,
          "mean_mass_object_name": 0.12868881225585938,
          "mean_mass_outside_lines": 0.0005320111910502116,
          "mean_mass_question_line": 0.029291152954101562,
          "mean_mass_record_line": 0.9703776041666666,
          "mean_mass_relation_name": 0.0015056927998860676,
          "mean_mass_self_last": 0.00011839469273885091,
          "mean_mass_source_value": 0.6295572916666666,
          "mean_mass_target_language": 0.0,
          "mean_mass_target_value": 0.6295572916666666,
          "mean_top_attn_mass": 0.63037109375,
          "model": "glm4",
          "n": 24,
          "source_focus_score": 0.6944044629732767,
          "top_attn_token_counts": {
            " animal": 6,
            " fruit": 12,
            " hammer": 1,
            " tool": 4,
            "Record": 1
          }
        },
        {
          "function_family": "fruit_identity_reuse_difference",
          "head": 12,
          "head_key": "L23H12",
          "layer": 23,
          "mean_mass_answer_line": 0.003330230712890625,
          "mean_mass_grammar_marker": 0.0,
          "mean_mass_instruction_line": 0.0054403940836588545,
          "mean_mass_line_partition": 1.0002689361572266,
          "mean_mass_object_name": 0.08302815755208333,
          "mean_mass_outside_lines": 0.00047969818115234375,
          "mean_mass_question_line": 0.028119405110677082,
          "mean_mass_record_line": 0.96337890625,
          "mean_mass_relation_name": 0.014619191487630209,
          "mean_mass_self_last": 0.003318150838216146,
          "mean_mass_source_value": 0.583984375,
          "mean_mass_target_language": 0.0,
          "mean_mass_target_value": 0.583984375,
          "mean_top_attn_mass": 0.583984375,
          "model": "glm4",
          "n": 24,
          "source_focus_score": 0.6292552947998046,
          "top_attn_token_counts": {
            " animal": 6,
            " fruit": 12,
            " tool": 6
          }
        },
        {
          "function_family": "fruit_identity_reuse_difference",
          "head": 9,
          "head_key": "L24H9",
          "layer": 24,
          "mean_mass_answer_line": 0.0021425485610961914,
          "mean_mass_grammar_marker": 0.0,
          "mean_mass_instruction_line": 0.0001783271630605062,
          "mean_mass_line_partition": 0.9999252458413442,
          "mean_mass_object_name": 0.06384023030598958,
          "mean_mass_outside_lines": 0.0005120337009429932,
          "mean_mass_question_line": 0.0669403076171875,
          "mean_mass_record_line": 0.9306640625,
          "mean_mass_relation_name": 0.014135519663492838,
          "mean_mass_self_last": 0.0021425485610961914,
          "mean_mass_source_value": 0.5571492513020834,
          "mean_mass_target_language": 0.0,
          "mean_mass_target_value": 0.5571492513020834,
          "mean_top_attn_mass": 0.5675455729166666,
          "model": "glm4",
          "n": 24,
          "source_focus_score": 0.5955123255650203,
          "top_attn_token_counts": {
            " animal": 5,
            " fruit": 12,
            " tool": 6,
            ".\n": 1
          }
        },
        {
          "function_family": "fruit_identity_reuse_difference",
          "head": 29,
          "head_key": "L28H29",
          "layer": 28,
          "mean_mass_answer_line": 0.0007479190826416016,
          "mean_mass_grammar_marker": 0.0,
          "mean_mass_instruction_line": 0.0008099873860677084,
          "mean_mass_line_partition": 1.0000269412994385,
          "mean_mass_object_name": 0.23096720377604166,
          "mean_mass_outside_lines": 0.0005962848663330078,
          "mean_mass_question_line": 0.0114898681640625,
          "mean_mass_record_line": 0.9869791666666666,
          "mean_mass_relation_name": 0.004660288492838542,
          "mean_mass_self_last": 0.00019986430803934732,
          "mean_mass_source_value": 0.555908203125,
          "mean_mass_target_language": 0.0,
          "mean_mass_target_value": 0.555908203125,
          "mean_top_attn_mass": 0.5597330729166666,
          "model": "glm4",
          "n": 24,
          "source_focus_score": 0.673129975795746,
          "top_attn_token_counts": {
            " animal": 6,
            " fruit": 10,
            " mango": 1,
            " orange": 1,
            " tool": 6
          }
        },
        {
          "function_family": "fruit_identity_reuse_difference",
          "head": 21,
          "head_key": "L26H21",
          "layer": 26,
          "mean_mass_answer_line": 0.007781982421875,
          "mean_mass_grammar_marker": 0.0,
          "mean_mass_instruction_line": 0.006280263264973958,
          "mean_mass_line_partition": 1.0001716613769531,
          "mean_mass_object_name": 0.02777862548828125,
          "mean_mass_outside_lines": 0.00022125244140625,
          "mean_mass_question_line": 0.017847696940104168,
          "mean_mass_record_line": 0.96826171875,
          "mean_mass_relation_name": 0.0015897750854492188,
          "mean_mass_self_last": 0.0074863433837890625,
          "mean_mass_source_value": 0.5528157552083334,
          "mean_mass_target_language": 0.0,
          "mean_mass_target_value": 0.5528157552083334,
          "mean_top_attn_mass": 0.5528157552083334,
          "model": "glm4",
          "n": 24,
          "source_focus_score": 0.5624143282572429,
          "top_attn_token_counts": {
            " animal": 6,
            " fruit": 12,
            " tool": 6
          }
        },
        {
          "function_family": "fruit_identity_reuse_difference",
          "head": 11,
          "head_key": "L21H11",
          "layer": 21,
          "mean_mass_answer_line": 0.00013833244641621908,
          "mean_mass_grammar_marker": 0.0,
          "mean_mass_instruction_line": 7.248669862747192e-05,
          "mean_mass_line_partition": 0.999895470837752,
          "mean_mass_object_name": 0.009069283803304037,
          "mean_mass_outside_lines": 0.0006449843446413676,
          "mean_mass_question_line": 0.100433349609375,
          "mean_mass_record_line": 0.8992513020833334,
          "mean_mass_relation_name": 0.10945638020833333,
          "mean_mass_self_last": 0.0001382927099863688,
          "mean_mass_source_value": 0.5419921875,
          "mean_mass_target_language": 0.0,
          "mean_mass_target_value": 0.5419921875,
          "mean_top_attn_mass": 0.5907389322916666,
          "model": "glm4",
          "n": 24,
          "source_focus_score": 0.6011841930449008,
          "top_attn_token_counts": {
            " animal": 6,
            " fruit": 12,
            ".\n": 6
          }
        },
        {
          "function_family": "fruit_identity_reuse_difference",
          "head": 25,
          "head_key": "L29H25",
          "layer": 29,
          "mean_mass_answer_line": 0.0006808042526245117,
          "mean_mass_grammar_marker": 0.0,
          "mean_mass_instruction_line": 0.0029164950052897134,
          "mean_mass_line_partition": 0.9997501770655314,
          "mean_mass_object_name": 0.036173502604166664,
          "mean_mass_outside_lines": 0.0007739067077636719,
          "mean_mass_question_line": 0.014219284057617188,
          "mean_mass_record_line": 0.98193359375,
          "mean_mass_relation_name": 0.043731689453125,
          "mean_mass_self_last": 0.0005704561869303385,
          "mean_mass_source_value": 0.5349934895833334,
          "mean_mass_target_language": 0.0,
          "mean_mass_target_value": 0.5349934895833334,
          "mean_top_attn_mass": 0.5397135416666666,
          "model": "glm4",
          "n": 24,
          "source_focus_score": 0.5733176370461782,
          "top_attn_token_counts": {
            " animal": 6,
            " fruit": 11,
            " tool": 5,
            "Record": 2
          }
        },
        {
          "function_family": "fruit_identity_reuse_difference",
          "head": 31,
          "head_key": "L24H31",
          "layer": 24,
          "mean_mass_answer_line": 0.0011086662610371907,
          "mean_mass_grammar_marker": 0.0,
          "mean_mass_instruction_line": 0.006269137064615886,
          "mean_mass_line_partition": 0.9997331500053406,
          "mean_mass_object_name": 0.10839335123697917,
          "mean_mass_outside_lines": 0.0006175041198730469,
          "mean_mass_question_line": 0.07129414876302083,
          "mean_mass_record_line": 0.9210611979166666,
          "mean_mass_relation_name": 0.012090047200520834,
          "mean_mass_self_last": 0.000922242800394694,
          "mean_mass_source_value": 0.5093587239583334,
          "mean_mass_target_language": 0.0,
          "mean_mass_target_value": 0.5093587239583334,
          "mean_top_attn_mass": 0.5093587239583334,
          "model": "glm4",
          "n": 24,
          "source_focus_score": 0.5661886880795161,
          "top_attn_token_counts": {
            " animal": 6,
            " fruit": 12,
            " tool": 6
          }
        },
        {
          "function_family": "fruit_identity_reuse_difference",
          "head": 26,
          "head_key": "L25H26",
          "layer": 25,
          "mean_mass_answer_line": 0.005335807800292969,
          "mean_mass_grammar_marker": 0.0,
          "mean_mass_instruction_line": 0.006425221761067708,
          "mean_mass_line_partition": 1.0002660751342773,
          "mean_mass_object_name": 0.0708160400390625,
          "mean_mass_outside_lines": 0.0004717508951822917,
          "mean_mass_question_line": 0.061747233072916664,
          "mean_mass_record_line": 0.9267578125,
          "mean_mass_relation_name": 0.022832234700520832,
          "mean_mass_self_last": 0.005181630452473958,
          "mean_mass_source_value": 0.5055745442708334,
          "mean_mass_target_language": 0.0,
          "mean_mass_target_value": 0.5055745442708334,
          "mean_top_attn_mass": 0.5055745442708334,
          "model": "glm4",
          "n": 24,
          "source_focus_score": 0.5478521188100179,
          "top_attn_token_counts": {
            " animal": 6,
            " fruit": 12,
            " tool": 6
          }
        },
        {
          "function_family": "fruit_identity_reuse_difference",
          "head": 13,
          "head_key": "L32H13",
          "layer": 32,
          "mean_mass_answer_line": 0.0179901123046875,
          "mean_mass_grammar_marker": 0.0,
          "mean_mass_instruction_line": 0.02405548095703125,
          "mean_mass_line_partition": 0.9997482299804688,
          "mean_mass_object_name": 0.08725484212239583,
          "mean_mass_outside_lines": 0.00058746337890625,
          "mean_mass_question_line": 0.07472737630208333,
          "mean_mass_record_line": 0.8829752604166666,
          "mean_mass_relation_name": 0.006102244059244792,
          "mean_mass_self_last": 0.0173187255859375,
          "mean_mass_source_value": 0.4998372395833333,
          "mean_mass_target_language": 0.0,
          "mean_mass_target_value": 0.4998372395833333,
          "mean_top_attn_mass": 0.4998372395833333,
          "model": "glm4",
          "n": 24,
          "source_focus_score": 0.5299905141194662,
          "top_attn_token_counts": {
            " animal": 6,
            " fruit": 12,
            " tool": 6
          }
        },
        {
          "function_family": "fruit_identity_reuse_difference",
          "head": 15,
          "head_key": "L21H15",
          "layer": 21,
          "mean_mass_answer_line": 0.000500937302907308,
          "mean_mass_grammar_marker": 0.0,
          "mean_mass_instruction_line": 0.00012683123350143433,
          "mean_mass_line_partition": 1.0003556534647942,
          "mean_mass_object_name": 0.043340047200520836,
          "mean_mass_outside_lines": 0.0005488172173500061,
          "mean_mass_question_line": 0.11121877034505208,
          "mean_mass_record_line": 0.8885091145833334,
          "mean_mass_relation_name": 0.09340922037760417,
          "mean_mass_self_last": 0.0005005796750386556,
          "mean_mass_source_value": 0.4976908365885417,
          "mean_mass_target_language": 0.0,
          "mean_mass_target_value": 0.4976908365885417,
          "mean_top_attn_mass": 0.5531005859375,
          "model": "glm4",
          "n": 24,
          "source_focus_score": 0.5658768204351267,
          "top_attn_token_counts": {
            " animal": 6,
            " category": 1,
            " fruit": 12,
            ".\n": 1,
            ";": 4
          }
        },
        {
          "function_family": "fruit_identity_reuse_difference",
          "head": 19,
          "head_key": "L31H19",
          "layer": 31,
          "mean_mass_answer_line": 0.032956441243489586,
          "mean_mass_grammar_marker": 0.0,
          "mean_mass_instruction_line": 0.00873565673828125,
          "mean_mass_line_partition": 0.9999440511067709,
          "mean_mass_object_name": 0.0033996899922688804,
          "mean_mass_outside_lines": 0.0006720225016276041,
          "mean_mass_question_line": 0.031494140625,
          "mean_mass_record_line": 0.9267578125,
          "mean_mass_relation_name": 4.166861375172933e-05,
          "mean_mass_self_last": 0.032956441243489586,
          "mean_mass_source_value": 0.4827473958333333,
          "mean_mass_target_language": 0.0,
          "mean_mass_target_value": 0.4827473958333333,
          "mean_top_attn_mass": 0.4827473958333333,
          "model": "glm4",
          "n": 24,
          "source_focus_score": 0.47186113645633065,
          "top_attn_token_counts": {
            " animal": 6,
            " fruit": 12,
            " tool": 6
          }
        },
        {
          "function_family": "fruit_identity_reuse_difference",
          "head": 24,
          "head_key": "L26H24",
          "layer": 26,
          "mean_mass_answer_line": 0.0054442087809244795,
          "mean_mass_grammar_marker": 0.0,
          "mean_mass_instruction_line": 0.01955413818359375,
          "mean_mass_line_partition": 1.0001672108968098,
          "mean_mass_object_name": 0.015642801920572918,
          "mean_mass_outside_lines": 0.0004851023356119792,
          "mean_mass_question_line": 0.051015218098958336,
          "mean_mass_record_line": 0.9241536458333334,
          "mean_mass_relation_name": 0.0144195556640625,
          "mean_mass_self_last": 0.005346616109212239,
          "mean_mass_source_value": 0.4765625,
          "mean_mass_target_language": 0.0,
          "mean_mass_target_value": 0.4765625,
          "mean_top_attn_mass": 0.477294921875,
          "model": "glm4",
          "n": 24,
          "source_focus_score": 0.4804555575052897,
          "top_attn_token_counts": {
            " animal": 5,
            " fruit": 12,
            " tool": 6,
            ".\n": 1
          }
        }
      ]
    },
    "simple_grammar_protocol_route": {
      "n_heads": 1280,
      "n_prompt_head_rows": 30720,
      "top_instruction_heads": [
        {
          "function_family": "simple_grammar_protocol_route",
          "head": 28,
          "head_key": "L11H28",
          "layer": 11,
          "mean_mass_answer_line": 0.000663598378499349,
          "mean_mass_grammar_marker": 0.00015792747338612875,
          "mean_mass_instruction_line": 0.9674479166666666,
          "mean_mass_line_partition": 1.0000316301981609,
          "mean_mass_object_name": 0.0005424420038859049,
          "mean_mass_outside_lines": 0.0006075700124104818,
          "mean_mass_question_line": 0.0269775390625,
          "mean_mass_record_line": 0.004942576090494792,
          "mean_mass_relation_name": 0.0014869372049967449,
          "mean_mass_self_last": 5.228320757548014e-05,
          "mean_mass_source_value": 0.0005424420038859049,
          "mean_mass_target_language": 0.0,
          "mean_mass_target_value": 0.000164066751797994,
          "mean_top_attn_mass": 0.3614095052083333,
          "model": "glm4",
          "n": 24,
          "source_focus_score": -0.48263213783502573,
          "top_attn_token_counts": {
            " Answer": 6,
            " with": 17,
            ".\n": 1
          }
        },
        {
          "function_family": "simple_grammar_protocol_route",
          "head": 21,
          "head_key": "L0H21",
          "layer": 0,
          "mean_mass_answer_line": 0.0322265625,
          "mean_mass_grammar_marker": 6.649332741896312e-06,
          "mean_mass_instruction_line": 0.966796875,
          "mean_mass_line_partition": 0.9990695814291636,
          "mean_mass_object_name": 1.072386900583903e-05,
          "mean_mass_outside_lines": 0.0014402717351913452,
          "mean_mass_question_line": 2.6086966196695965e-05,
          "mean_mass_record_line": 2.0056962966918945e-05,
          "mean_mass_relation_name": 1.0545055071512858e-05,
          "mean_mass_self_last": 0.00383758544921875,
          "mean_mass_source_value": 1.072386900583903e-05,
          "mean_mass_target_language": 0.0,
          "mean_mass_target_value": 1.0739701489607494e-06,
          "mean_top_attn_mass": 0.939453125,
          "model": "glm4",
          "n": 24,
          "source_focus_score": -0.4914400450264414,
          "top_attn_token_counts": {
            ".\n": 24
          }
        },
        {
          "function_family": "simple_grammar_protocol_route",
          "head": 4,
          "head_key": "L19H4",
          "layer": 19,
          "mean_mass_answer_line": 0.009009043375651041,
          "mean_mass_grammar_marker": 0.007895270983378092,
          "mean_mass_instruction_line": 0.9651692708333334,
          "mean_mass_line_partition": 1.0004316965738933,
          "mean_mass_object_name": 0.0008288522561391195,
          "mean_mass_outside_lines": 0.000476837158203125,
          "mean_mass_question_line": 0.0057951609293619795,
          "mean_mass_record_line": 0.020458221435546875,
          "mean_mass_relation_name": 0.011988004048665365,
          "mean_mass_self_last": 0.0071671803792317705,
          "mean_mass_source_value": 0.0008288522561391195,
          "mean_mass_target_language": 0.0,
          "mean_mass_target_value": 0.001412103573481242,
          "mean_top_attn_mass": 0.8146158854166666,
          "model": "glm4",
          "n": 24,
          "source_focus_score": -0.47306872904300695,
          "top_attn_token_counts": {
            " result": 24
          }
        },
        {
          "function_family": "simple_grammar_protocol_route",
          "head": 17,
          "head_key": "L18H17",
          "layer": 18,
          "mean_mass_answer_line": 0.0092315673828125,
          "mean_mass_grammar_marker": 0.0007152557373046875,
          "mean_mass_instruction_line": 0.962890625,
          "mean_mass_line_partition": 1.0001246134440105,
          "mean_mass_object_name": 0.0024612744649251304,
          "mean_mass_outside_lines": 0.0005213419596354166,
          "mean_mass_question_line": 0.01709747314453125,
          "mean_mass_record_line": 0.010904947916666666,
          "mean_mass_relation_name": 0.002191781997680664,
          "mean_mass_self_last": 0.007157643636067708,
          "mean_mass_source_value": 0.0024612744649251304,
          "mean_mass_target_language": 0.0,
          "mean_mass_target_value": 0.0002422034740447998,
          "mean_top_attn_mass": 0.7604166666666666,
          "model": "glm4",
          "n": 24,
          "source_focus_score": -0.48082684477170307,
          "top_attn_token_counts": {
            " result": 24
          }
        },
        {
          "function_family": "simple_grammar_protocol_route",
          "head": 31,
          "head_key": "L18H31",
          "layer": 18,
          "mean_mass_answer_line": 0.005486806233723958,
          "mean_mass_grammar_marker": 0.0017639001210530598,
          "mean_mass_instruction_line": 0.95458984375,
          "mean_mass_line_partition": 0.9997469584147135,
          "mean_mass_object_name": 0.0010724862416585286,
          "mean_mass_outside_lines": 0.0007394154866536459,
          "mean_mass_question_line": 0.026167551676432293,
          "mean_mass_record_line": 0.013502756754557291,
          "mean_mass_relation_name": 0.021636327107747395,
          "mean_mass_self_last": 0.004461606343587239,
          "mean_mass_source_value": 0.0010724862416585286,
          "mean_mass_target_language": 0.0,
          "mean_mass_target_value": 0.0002860426902770996,
          "mean_top_attn_mass": 0.7975260416666666,
          "model": "glm4",
          "n": 24,
          "source_focus_score": -0.4661442240079244,
          "top_attn_token_counts": {
            " result": 24
          }
        },
        {
          "function_family": "simple_grammar_protocol_route",
          "head": 7,
          "head_key": "L13H7",
          "layer": 13,
          "mean_mass_answer_line": 0.0033206939697265625,
          "mean_mass_grammar_marker": 0.0015459060668945312,
          "mean_mass_instruction_line": 0.9541015625,
          "mean_mass_line_partition": 1.0000718434651692,
          "mean_mass_object_name": 0.0007042090098063151,
          "mean_mass_outside_lines": 0.0005079905192057291,
          "mean_mass_question_line": 0.009588877360026041,
          "mean_mass_record_line": 0.033060709635416664,
          "mean_mass_relation_name": 0.006642659505208333,
          "mean_mass_self_last": 0.002349217732747396,
          "mean_mass_source_value": 0.0007042090098063151,
          "mean_mass_target_language": 0.0,
          "mean_mass_target_value": 0.0001475512981414795,
          "mean_top_attn_mass": 0.4122721354166667,
          "model": "glm4",
          "n": 24,
          "source_focus_score": -0.47328701615333557,
          "top_attn_token_counts": {
            " only": 23,
            " result": 1
          }
        },
        {
          "function_family": "simple_grammar_protocol_route",
          "head": 15,
          "head_key": "L14H15",
          "layer": 14,
          "mean_mass_answer_line": 0.029184977213541668,
          "mean_mass_grammar_marker": 0.002179304758707682,
          "mean_mass_instruction_line": 0.9290364583333334,
          "mean_mass_line_partition": 0.9994939168294271,
          "mean_mass_object_name": 0.0013374884923299153,
          "mean_mass_outside_lines": 0.0010884602864583333,
          "mean_mass_question_line": 0.020688374837239582,
          "mean_mass_record_line": 0.0205841064453125,
          "mean_mass_relation_name": 0.009290059407552084,
          "mean_mass_self_last": 0.015248616536458334,
          "mean_mass_source_value": 0.0013374884923299153,
          "mean_mass_target_language": 0.0,
          "mean_mass_target_value": 0.0006464719772338867,
          "mean_top_attn_mass": 0.6073404947916666,
          "model": "glm4",
          "n": 24,
          "source_focus_score": -0.4647645751635234,
          "top_attn_token_counts": {
            ".\n": 24
          }
        },
        {
          "function_family": "simple_grammar_protocol_route",
          "head": 1,
          "head_key": "L12H1",
          "layer": 12,
          "mean_mass_answer_line": 0.023651123046875,
          "mean_mass_grammar_marker": 0.0013988018035888672,
          "mean_mass_instruction_line": 0.9244791666666666,
          "mean_mass_line_partition": 0.999792734781901,
          "mean_mass_object_name": 0.0002951622009277344,
          "mean_mass_outside_lines": 0.00060272216796875,
          "mean_mass_question_line": 0.021572113037109375,
          "mean_mass_record_line": 0.03009033203125,
          "mean_mass_relation_name": 0.006317138671875,
          "mean_mass_self_last": 0.008387247721354166,
          "mean_mass_source_value": 0.0002951622009277344,
          "mean_mass_target_language": 0.0,
          "mean_mass_target_value": 8.306403954823811e-05,
          "mean_top_attn_mass": 0.7708333333333334,
          "model": "glm4",
          "n": 24,
          "source_focus_score": -0.46406374871730804,
          "top_attn_token_counts": {
            ".\n": 24
          }
        },
        {
          "function_family": "simple_grammar_protocol_route",
          "head": 3,
          "head_key": "L15H3",
          "layer": 15,
          "mean_mass_answer_line": 0.008515040079752604,
          "mean_mass_grammar_marker": 0.003486076990763346,
          "mean_mass_instruction_line": 0.9069010416666666,
          "mean_mass_line_partition": 1.0004329681396484,
          "mean_mass_object_name": 0.0036951700846354165,
          "mean_mass_outside_lines": 0.0004100799560546875,
          "mean_mass_question_line": 0.053212483723958336,
          "mean_mass_record_line": 0.031804402669270836,
          "mean_mass_relation_name": 0.015490214029947916,
          "mean_mass_self_last": 0.0058002471923828125,
          "mean_mass_source_value": 0.0036951700846354165,
          "mean_mass_target_language": 0.0,
          "mean_mass_target_value": 0.00098419189453125,
          "mean_top_attn_mass": 0.53076171875,
          "model": "glm4",
          "n": 24,
          "source_focus_score": -0.4432593584060669,
          "top_attn_token_counts": {
            " result": 24
          }
        },
        {
          "function_family": "simple_grammar_protocol_route",
          "head": 20,
          "head_key": "L0H20",
          "layer": 0,
          "mean_mass_answer_line": 0.041727701822916664,
          "mean_mass_grammar_marker": 0.0008589426676432291,
          "mean_mass_instruction_line": 0.9020182291666666,
          "mean_mass_line_partition": 1.000759760538737,
          "mean_mass_object_name": 0.0027608871459960938,
          "mean_mass_outside_lines": 0.0002702077229817708,
          "mean_mass_question_line": 0.052154541015625,
          "mean_mass_record_line": 0.0048592885335286455,
          "mean_mass_relation_name": 0.002552668253580729,
          "mean_mass_self_last": 0.0126190185546875,
          "mean_mass_source_value": 0.0027608871459960938,
          "mean_mass_target_language": 0.0,
          "mean_mass_target_value": 0.0003685156504313151,
          "mean_top_attn_mass": 0.45556640625,
          "model": "glm4",
          "n": 24,
          "source_focus_score": -0.4579862753550212,
          "top_attn_token_counts": {
            ".\n": 24
          }
        },
        {
          "function_family": "simple_grammar_protocol_route",
          "head": 16,
          "head_key": "L15H16",
          "layer": 15,
          "mean_mass_answer_line": 0.0022493998209635415,
          "mean_mass_grammar_marker": 0.0028629302978515625,
          "mean_mass_instruction_line": 0.8826497395833334,
          "mean_mass_line_partition": 1.0005251566569011,
          "mean_mass_object_name": 0.001678784688313802,
          "mean_mass_outside_lines": 0.00034745534261067707,
          "mean_mass_question_line": 0.08856201171875,
          "mean_mass_record_line": 0.027064005533854168,
          "mean_mass_relation_name": 0.042287190755208336,
          "mean_mass_self_last": 0.0011442502339680989,
          "mean_mass_source_value": 0.001678784688313802,
          "mean_mass_target_language": 0.0,
          "mean_mass_target_value": 0.0006643533706665039,
          "mean_top_attn_mass": 0.523681640625,
          "model": "glm4",
          "n": 24,
          "source_focus_score": -0.41780841350555425,
          "top_attn_token_counts": {
            " result": 9,
            ".\n": 15
          }
        },
        {
          "function_family": "simple_grammar_protocol_route",
          "head": 8,
          "head_key": "L16H8",
          "layer": 16,
          "mean_mass_answer_line": 0.06371053059895833,
          "mean_mass_grammar_marker": 0.00034314393997192383,
          "mean_mass_instruction_line": 0.87841796875,
          "mean_mass_line_partition": 0.9999237060546875,
          "mean_mass_object_name": 0.0002859830856323242,
          "mean_mass_outside_lines": 0.000713348388671875,
          "mean_mass_question_line": 0.010309855143229166,
          "mean_mass_record_line": 0.0474853515625,
          "mean_mass_relation_name": 0.0021460851033528647,
          "mean_mass_self_last": 0.019292195638020832,
          "mean_mass_source_value": 0.0002859830856323242,
          "mean_mass_target_language": 0.0,
          "mean_mass_target_value": 4.5672059059143066e-05,
          "mean_top_attn_mass": 0.7477213541666666,
          "model": "glm4",
          "n": 24,
          "source_focus_score": -0.45370333890120185,
          "top_attn_token_counts": {
            ".\n": 24
          }
        }
      ],
      "top_source_focus_heads": [
        {
          "function_family": "simple_grammar_protocol_route",
          "head": 26,
          "head_key": "L29H26",
          "layer": 29,
          "mean_mass_answer_line": 0.00010756651560465495,
          "mean_mass_grammar_marker": 0.0022127280632654824,
          "mean_mass_instruction_line": 0.0002138639489809672,
          "mean_mass_line_partition": 1.0001586799820263,
          "mean_mass_object_name": 0.721258799235026,
          "mean_mass_outside_lines": 0.0004944279789924622,
          "mean_mass_question_line": 0.003255218267440796,
          "mean_mass_record_line": 0.99658203125,
          "mean_mass_relation_name": 0.006853659947713216,
          "mean_mass_self_last": 9.916660686333974e-05,
          "mean_mass_source_value": 0.721258799235026,
          "mean_mass_target_language": 0.0,
          "mean_mass_target_value": 0.8816731770833334,
          "mean_top_attn_mass": 0.880859375,
          "model": "glm4",
          "n": 24,
          "source_focus_score": 1.2467019471029441,
          "top_attn_token_counts": {
            " apples": 1,
            " books": 1,
            " boxes": 1,
            " called": 1,
            " cars": 1,
            " jumped": 1,
            " looked": 1,
            " opened": 1,
            " played": 1,
            " walked": 1
          }
        },
        {
          "function_family": "simple_grammar_protocol_route",
          "head": 10,
          "head_key": "L23H10",
          "layer": 23,
          "mean_mass_answer_line": 0.010817607243855795,
          "mean_mass_grammar_marker": 0.001838982105255127,
          "mean_mass_instruction_line": 0.0009416739145914713,
          "mean_mass_line_partition": 0.9995299975077311,
          "mean_mass_object_name": 0.7082058588663737,
          "mean_mass_outside_lines": 0.0007815957069396973,
          "mean_mass_question_line": 0.007953008015950521,
          "mean_mass_record_line": 0.9798177083333334,
          "mean_mass_relation_name": 0.004378318786621094,
          "mean_mass_self_last": 0.010678291320800781,
          "mean_mass_source_value": 0.7082058588663737,
          "mean_mass_target_language": 0.0,
          "mean_mass_target_value": 0.85791015625,
          "mean_top_attn_mass": 0.8541666666666666,
          "model": "glm4",
          "n": 24,
          "source_focus_score": 1.2119464973608653,
          "top_attn_token_counts": {
            " apples": 1,
            " books": 1,
            " boxes": 1,
            " called": 1,
            " cars": 1,
            " jumped": 1,
            " looked": 1,
            " opened": 1,
            " played": 1,
            " walked": 1
          }
        },
        {
          "function_family": "simple_grammar_protocol_route",
          "head": 18,
          "head_key": "L29H18",
          "layer": 29,
          "mean_mass_answer_line": 0.0008459885915120443,
          "mean_mass_grammar_marker": 0.0023702184359232583,
          "mean_mass_instruction_line": 0.00047655900319417316,
          "mean_mass_line_partition": 1.0002145369847615,
          "mean_mass_object_name": 0.7327454884847006,
          "mean_mass_outside_lines": 0.0005410512288411459,
          "mean_mass_question_line": 0.02135292689005534,
          "mean_mass_record_line": 0.9775390625,
          "mean_mass_relation_name": 0.0058057308197021484,
          "mean_mass_self_last": 0.0008298158645629883,
          "mean_mass_source_value": 0.7327454884847006,
          "mean_mass_target_language": 0.0,
          "mean_mass_target_value": 0.8136393229166666,
          "mean_top_attn_mass": 0.8087565104166666,
          "model": "glm4",
          "n": 24,
          "source_focus_score": 1.1836502651373544,
          "top_attn_token_counts": {
            " apples": 1,
            " books": 1,
            " boxes": 1,
            " called": 1,
            " cars": 1,
            " jumped": 1,
            " looked": 1,
            " opened": 1,
            " played": 1,
            " walked": 1
          }
        },
        {
          "function_family": "simple_grammar_protocol_route",
          "head": 13,
          "head_key": "L23H13",
          "layer": 23,
          "mean_mass_answer_line": 0.018751144409179688,
          "mean_mass_grammar_marker": 0.00783236821492513,
          "mean_mass_instruction_line": 0.007353782653808594,
          "mean_mass_line_partition": 1.0000775655110676,
          "mean_mass_object_name": 0.6845652262369791,
          "mean_mass_outside_lines": 0.0006120999654134115,
          "mean_mass_question_line": 0.02556769053141276,
          "mean_mass_record_line": 0.9484049479166666,
          "mean_mass_relation_name": 0.010631879170735678,
          "mean_mass_self_last": 0.018071333567301433,
          "mean_mass_source_value": 0.6845652262369791,
          "mean_mass_target_language": 0.0,
          "mean_mass_target_value": 0.8225911458333334,
          "mean_top_attn_mass": 0.8219401041666666,
          "model": "glm4",
          "n": 24,
          "source_focus_score": 1.1657412052154543,
          "top_attn_token_counts": {
            " apples": 1,
            " books": 1,
            " boxes": 1,
            " called": 1,
            " cars": 1,
            " jumped": 1,
            " looked": 1,
            " opened": 1,
            " played": 1,
            " walked": 1
          }
        },
        {
          "function_family": "simple_grammar_protocol_route",
          "head": 21,
          "head_key": "L26H21",
          "layer": 26,
          "mean_mass_answer_line": 0.006313800811767578,
          "mean_mass_grammar_marker": 0.004349350929260254,
          "mean_mass_instruction_line": 0.0014948050181070964,
          "mean_mass_line_partition": 1.0003146330515544,
          "mean_mass_object_name": 0.7140159606933594,
          "mean_mass_outside_lines": 0.0005427996317545573,
          "mean_mass_question_line": 0.023267745971679688,
          "mean_mass_record_line": 0.96923828125,
          "mean_mass_relation_name": 0.012838522593180338,
          "mean_mass_self_last": 0.006291866302490234,
          "mean_mass_source_value": 0.7140159606933594,
          "mean_mass_target_language": 0.0,
          "mean_mass_target_value": 0.800048828125,
          "mean_top_attn_mass": 0.7837727864583334,
          "model": "glm4",
          "n": 24,
          "source_focus_score": 1.1633248925209045,
          "top_attn_token_counts": {
            " apples": 1,
            " books": 1,
            " boxes": 1,
            " called": 1,
            " cars": 1,
            " jumped": 1,
            " looked": 1,
            " opened": 1,
            " played": 1,
            " walked": 1
          }
        },
        {
          "function_family": "simple_grammar_protocol_route",
          "head": 24,
          "head_key": "L24H24",
          "layer": 24,
          "mean_mass_answer_line": 0.005018870035807292,
          "mean_mass_grammar_marker": 0.038494110107421875,
          "mean_mass_instruction_line": 0.0021920204162597656,
          "mean_mass_line_partition": 1.0002249081929524,
          "mean_mass_object_name": 0.7052815755208334,
          "mean_mass_outside_lines": 0.000671545664469401,
          "mean_mass_question_line": 0.11182912190755208,
          "mean_mass_record_line": 0.8811848958333334,
          "mean_mass_relation_name": 0.0347900390625,
          "mean_mass_self_last": 0.004450162251790364,
          "mean_mass_source_value": 0.7052815755208334,
          "mean_mass_target_language": 0.0,
          "mean_mass_target_value": 0.75341796875,
          "mean_top_attn_mass": 0.7530924479166666,
          "model": "glm4",
          "n": 24,
          "source_focus_score": 1.140350103378296,
          "top_attn_token_counts": {
            " apples": 1,
            " books": 1,
            " boxes": 1,
            " called": 1,
            " cars": 1,
            " jumped": 1,
            " looked": 1,
            " opened": 1,
            " played": 1,
            " walked": 1
          }
        },
        {
          "function_family": "simple_grammar_protocol_route",
          "head": 15,
          "head_key": "L21H15",
          "layer": 21,
          "mean_mass_answer_line": 0.0144195556640625,
          "mean_mass_grammar_marker": 0.004613806804021199,
          "mean_mass_instruction_line": 0.0010658204555511475,
          "mean_mass_line_partition": 0.9996027251084646,
          "mean_mass_object_name": 0.6485678354899088,
          "mean_mass_outside_lines": 0.0007949570814768473,
          "mean_mass_question_line": 0.010972817738850912,
          "mean_mass_record_line": 0.97314453125,
          "mean_mass_relation_name": 0.009569247563680014,
          "mean_mass_self_last": 0.014038721720377604,
          "mean_mass_source_value": 0.6485678354899088,
          "mean_mass_target_language": 0.0,
          "mean_mass_target_value": 0.797637939453125,
          "mean_top_attn_mass": 0.84765625,
          "model": "glm4",
          "n": 24,
          "source_focus_score": 1.124875585238139,
          "top_attn_token_counts": {
            " apples": 1,
            " boxes": 1,
            " called": 1,
            " cars": 1,
            " jumped": 1,
            " looked": 1,
            " opened": 1,
            " played": 1,
            " walked": 1,
            ".\n": 2
          }
        },
        {
          "function_family": "simple_grammar_protocol_route",
          "head": 0,
          "head_key": "L23H0",
          "layer": 23,
          "mean_mass_answer_line": 0.026482899983723957,
          "mean_mass_grammar_marker": 0.01181777318318685,
          "mean_mass_instruction_line": 0.0011621713638305664,
          "mean_mass_line_partition": 1.000102957089742,
          "mean_mass_object_name": 0.6556574503580729,
          "mean_mass_outside_lines": 0.0006683667500813802,
          "mean_mass_question_line": 0.0154266357421875,
          "mean_mass_record_line": 0.95703125,
          "mean_mass_relation_name": 0.01589202880859375,
          "mean_mass_self_last": 0.025541305541992188,
          "mean_mass_source_value": 0.6556574503580729,
          "mean_mass_target_language": 0.0,
          "mean_mass_target_value": 0.78271484375,
          "mean_top_attn_mass": 0.7809244791666666,
          "model": "glm4",
          "n": 24,
          "source_focus_score": 1.1171966592470806,
          "top_attn_token_counts": {
            " apples": 1,
            " books": 1,
            " boxes": 1,
            " called": 1,
            " cars": 1,
            " jumped": 1,
            " looked": 1,
            " opened": 1,
            " played": 1,
            " walked": 1
          }
        },
        {
          "function_family": "simple_grammar_protocol_route",
          "head": 28,
          "head_key": "L29H28",
          "layer": 29,
          "mean_mass_answer_line": 0.0010847747325897217,
          "mean_mass_grammar_marker": 0.0023393481969833374,
          "mean_mass_instruction_line": 0.002881209055582682,
          "mean_mass_line_partition": 0.999575267235438,
          "mean_mass_object_name": 0.7164510091145834,
          "mean_mass_outside_lines": 0.0009495516618092855,
          "mean_mass_question_line": 0.037113189697265625,
          "mean_mass_record_line": 0.95849609375,
          "mean_mass_relation_name": 0.009242713451385498,
          "mean_mass_self_last": 0.001002420981725057,
          "mean_mass_source_value": 0.7164510091145834,
          "mean_mass_target_language": 0.0,
          "mean_mass_target_value": 0.6496988932291666,
          "mean_top_attn_mass": 0.711669921875,
          "model": "glm4",
          "n": 24,
          "source_focus_score": 1.012003630399704,
          "top_attn_token_counts": {
            " apples": 1,
            " called": 1,
            " cars": 1,
            " fast": 2,
            " jumped": 1,
            " looked": 1,
            " opened": 1,
            " played": 1,
            " walked": 1,
            "Record": 2
          }
        },
        {
          "function_family": "simple_grammar_protocol_route",
          "head": 28,
          "head_key": "L32H28",
          "layer": 32,
          "mean_mass_answer_line": 0.010049184163411459,
          "mean_mass_grammar_marker": 0.03387864430745443,
          "mean_mass_instruction_line": 0.00582424799601237,
          "mean_mass_line_partition": 1.0001885096232097,
          "mean_mass_object_name": 0.5899267196655273,
          "mean_mass_outside_lines": 0.00035699208577473957,
          "mean_mass_question_line": 0.045024712880452476,
          "mean_mass_record_line": 0.9392903645833334,
          "mean_mass_relation_name": 0.07860819498697917,
          "mean_mass_self_last": 0.00979773203531901,
          "mean_mass_source_value": 0.5899267196655273,
          "mean_mass_target_language": 0.0,
          "mean_mass_target_value": 0.6541748046875,
          "mean_top_attn_mass": 0.6518961588541666,
          "model": "glm4",
          "n": 24,
          "source_focus_score": 0.9999571641286215,
          "top_attn_token_counts": {
            " apples": 1,
            " books": 1,
            " boxes": 1,
            " called": 1,
            " cars": 1,
            " jumped": 1,
            " looked": 1,
            " opened": 1,
            " played": 1,
            " walked": 1
          }
        },
        {
          "function_family": "simple_grammar_protocol_route",
          "head": 2,
          "head_key": "L25H2",
          "layer": 25,
          "mean_mass_answer_line": 0.03166544437408447,
          "mean_mass_grammar_marker": 0.012253443400065104,
          "mean_mass_instruction_line": 0.021544739603996277,
          "mean_mass_line_partition": 1.0003114591042201,
          "mean_mass_object_name": 0.5782450834910074,
          "mean_mass_outside_lines": 0.0003426074981689453,
          "mean_mass_question_line": 0.07470544179280598,
          "mean_mass_record_line": 0.8723958333333334,
          "mean_mass_relation_name": 0.028704404830932617,
          "mean_mass_self_last": 0.030795733133951824,
          "mean_mass_source_value": 0.5782450834910074,
          "mean_mass_target_language": 0.0,
          "mean_mass_target_value": 0.7041829427083334,
          "mean_top_attn_mass": 0.7041829427083334,
          "model": "glm4",
          "n": 24,
          "source_focus_score": 0.9950956776738167,
          "top_attn_token_counts": {
            " apples": 1,
            " books": 1,
            " called": 1,
            " cars": 1,
            " jumped": 1,
            " looked": 1,
            " opened": 1,
            " played": 1,
            " walked": 1,
            "Record": 1
          }
        },
        {
          "function_family": "simple_grammar_protocol_route",
          "head": 13,
          "head_key": "L32H13",
          "layer": 32,
          "mean_mass_answer_line": 0.006460348765055339,
          "mean_mass_grammar_marker": 0.003964742024739583,
          "mean_mass_instruction_line": 0.005616366863250732,
          "mean_mass_line_partition": 1.0003299911816914,
          "mean_mass_object_name": 0.7843704223632812,
          "mean_mass_outside_lines": 0.0007073084513346354,
          "mean_mass_question_line": 0.28504689534505206,
          "mean_mass_record_line": 0.7032063802083334,
          "mean_mass_relation_name": 0.010646343231201172,
          "mean_mass_self_last": 0.005625247955322266,
          "mean_mass_source_value": 0.7843704223632812,
          "mean_mass_target_language": 0.0,
          "mean_mass_target_value": 0.5857747395833334,
          "mean_top_attn_mass": 0.6439615885416666,
          "model": "glm4",
          "n": 24,
          "source_focus_score": 0.9808422227700552,
          "top_attn_token_counts": {
            " apple": 1,
            " book": 1,
            " box": 1,
            " call": 1,
            " car": 1,
            " jumped": 1,
            " looked": 1,
            " opened": 1,
            " play": 1,
            " walked": 1
          }
        },
        {
          "function_family": "simple_grammar_protocol_route",
          "head": 31,
          "head_key": "L24H31",
          "layer": 24,
          "mean_mass_answer_line": 0.008270899454752604,
          "mean_mass_grammar_marker": 0.07589213053385417,
          "mean_mass_instruction_line": 0.012547175089518229,
          "mean_mass_line_partition": 1.0004348754882812,
          "mean_mass_object_name": 0.5197830200195312,
          "mean_mass_outside_lines": 0.0004819234212239583,
          "mean_mass_question_line": 0.03951263427734375,
          "mean_mass_record_line": 0.9401041666666666,
          "mean_mass_relation_name": 0.07158406575520833,
          "mean_mass_self_last": 0.007383982340494792,
          "mean_mass_source_value": 0.5197830200195312,
          "mean_mass_target_language": 0.0,
          "mean_mass_target_value": 0.6386311848958334,
          "mean_top_attn_mass": 0.6436360677083334,
          "model": "glm4",
          "n": 24,
          "source_focus_score": 0.963919480641683,
          "top_attn_token_counts": {
            " apples": 1,
            " books": 1,
            " called": 1,
            " cars": 1,
            " jumped": 1,
            " looked": 1,
            " opened": 1,
            " played": 1,
            " walked": 1,
            "Record": 1
          }
        },
        {
          "function_family": "simple_grammar_protocol_route",
          "head": 28,
          "head_key": "L28H28",
          "layer": 28,
          "mean_mass_answer_line": 0.0065720876057942705,
          "mean_mass_grammar_marker": 0.07979456583658855,
          "mean_mass_instruction_line": 0.0033031105995178223,
          "mean_mass_line_partition": 0.9991024931271871,
          "mean_mass_object_name": 0.5210920969645182,
          "mean_mass_outside_lines": 0.0012750625610351562,
          "mean_mass_question_line": 0.008270263671875,
          "mean_mass_record_line": 0.98095703125,
          "mean_mass_relation_name": 0.05132929484049479,
          "mean_mass_self_last": 0.0035718282063802085,
          "mean_mass_source_value": 0.5210920969645182,
          "mean_mass_target_language": 0.0,
          "mean_mass_target_value": 0.6400146484375,
          "mean_top_attn_mass": 0.646484375,
          "model": "glm4",
          "n": 24,
          "source_focus_score": 0.9628280500570933,
          "top_attn_token_counts": {
            " books": 1,
            " boxes": 1,
            " called": 1,
            " cars": 1,
            " jumped": 1,
            " looked": 1,
            " opened": 1,
            " played": 1,
            " walked": 1,
            ".\n": 2
          }
        },
        {
          "function_family": "simple_grammar_protocol_route",
          "head": 28,
          "head_key": "L31H28",
          "layer": 31,
          "mean_mass_answer_line": 0.005999565124511719,
          "mean_mass_grammar_marker": 0.006075719992319743,
          "mean_mass_instruction_line": 0.0035060246785481772,
          "mean_mass_line_partition": 1.0002752939860027,
          "mean_mass_object_name": 0.7378616333007812,
          "mean_mass_outside_lines": 0.0005815823872884115,
          "mean_mass_question_line": 0.14799626668294272,
          "mean_mass_record_line": 0.8427734375,
          "mean_mass_relation_name": 0.024831453959147137,
          "mean_mass_self_last": 0.0058345794677734375,
          "mean_mass_source_value": 0.7378616333007812,
          "mean_mass_target_language": 0.0,
          "mean_mass_target_value": 0.5712890625,
          "mean_top_attn_mass": 0.57861328125,
          "model": "glm4",
          "n": 24,
          "source_focus_score": 0.9524205625057222,
          "top_attn_token_counts": {
            " apples": 1,
            " boxes": 1,
            " called": 1,
            " cars": 1,
            " fast": 2,
            " jumped": 1,
            " looked": 1,
            " opened": 1,
            " played": 1,
            " walked": 1
          }
        },
        {
          "function_family": "simple_grammar_protocol_route",
          "head": 31,
          "head_key": "L26H31",
          "layer": 26,
          "mean_mass_answer_line": 0.02625274658203125,
          "mean_mass_grammar_marker": 0.0021788757294416428,
          "mean_mass_instruction_line": 0.006287097930908203,
          "mean_mass_line_partition": 1.0006062189737956,
          "mean_mass_object_name": 0.5764671166737875,
          "mean_mass_outside_lines": 0.00042327245076497394,
          "mean_mass_question_line": 0.029264291127522785,
          "mean_mass_record_line": 0.9388020833333334,
          "mean_mass_relation_name": 0.012835164864857992,
          "mean_mass_self_last": 0.02611541748046875,
          "mean_mass_source_value": 0.5764671166737875,
          "mean_mass_target_language": 0.0,
          "mean_mass_target_value": 0.6659138997395834,
          "mean_top_attn_mass": 0.695068359375,
          "model": "glm4",
          "n": 24,
          "source_focus_score": 0.9519477427626649,
          "top_attn_token_counts": {
            " apples": 1,
            " boxes": 1,
            " called": 1,
            " cars": 1,
            " jumped": 1,
            " looked": 1,
            " opened": 1,
            " played": 1,
            " walked": 1,
            "Record": 2
          }
        },
        {
          "function_family": "simple_grammar_protocol_route",
          "head": 17,
          "head_key": "L26H17",
          "layer": 26,
          "mean_mass_answer_line": 0.017815907796223957,
          "mean_mass_grammar_marker": 0.022508939107259113,
          "mean_mass_instruction_line": 0.011461257934570312,
          "mean_mass_line_partition": 0.9998633066813151,
          "mean_mass_object_name": 0.6038462320963541,
          "mean_mass_outside_lines": 0.000732421875,
          "mean_mass_question_line": 0.0801239013671875,
          "mean_mass_record_line": 0.8904622395833334,
          "mean_mass_relation_name": 0.020796457926432293,
          "mean_mass_self_last": 0.0173800786336263,
          "mean_mass_source_value": 0.6038462320963541,
          "mean_mass_target_language": 0.0,
          "mean_mass_target_value": 0.6180826822916666,
          "mean_top_attn_mass": 0.6582438151041666,
          "model": "glm4",
          "n": 24,
          "source_focus_score": 0.9314738909403483,
          "top_attn_token_counts": {
            " apples": 1,
            " called": 1,
            " cars": 1,
            " jumped": 1,
            " looked": 1,
            " opened": 1,
            " played": 1,
            " walked": 1,
            ".\n": 3,
            "Record": 2
          }
        },
        {
          "function_family": "simple_grammar_protocol_route",
          "head": 29,
          "head_key": "L25H29",
          "layer": 25,
          "mean_mass_answer_line": 0.032251993815104164,
          "mean_mass_grammar_marker": 0.006816357374191284,
          "mean_mass_instruction_line": 0.004790306091308594,
          "mean_mass_line_partition": 1.0005966822306316,
          "mean_mass_object_name": 0.6370951334635416,
          "mean_mass_outside_lines": 0.00034427642822265625,
          "mean_mass_question_line": 0.12281545003255208,
          "mean_mass_record_line": 0.8407389322916666,
          "mean_mass_relation_name": 0.021082242329915363,
          "mean_mass_self_last": 0.03217188517252604,
          "mean_mass_source_value": 0.6370951334635416,
          "mean_mass_target_language": 0.0,
          "mean_mass_target_value": 0.6032511393229166,
          "mean_top_attn_mass": 0.6284993489583334,
          "model": "glm4",
          "n": 24,
          "source_focus_score": 0.9252898544073105,
          "top_attn_token_counts": {
            " apples": 1,
            " books": 1,
            " boxes": 1,
            " called": 1,
            " cars": 1,
            " jumped": 1,
            " looked": 1,
            " opened": 1,
            " played": 1,
            " walked": 1
          }
        },
        {
          "function_family": "simple_grammar_protocol_route",
          "head": 29,
          "head_key": "L29H29",
          "layer": 29,
          "mean_mass_answer_line": 0.010841051737467447,
          "mean_mass_grammar_marker": 0.015130043029785156,
          "mean_mass_instruction_line": 0.012029647827148438,
          "mean_mass_line_partition": 1.000348726908366,
          "mean_mass_object_name": 0.6655476888020834,
          "mean_mass_outside_lines": 0.0004679361979166667,
          "mean_mass_question_line": 0.17637125651041666,
          "mean_mass_record_line": 0.8011067708333334,
          "mean_mass_relation_name": 0.026165326436360676,
          "mean_mass_self_last": 0.007061322530110677,
          "mean_mass_source_value": 0.6655476888020834,
          "mean_mass_target_language": 0.0,
          "mean_mass_target_value": 0.572998046875,
          "mean_top_attn_mass": 0.6044108072916666,
          "model": "glm4",
          "n": 24,
          "source_focus_score": 0.9176944891611736,
          "top_attn_token_counts": {
            " apples": 1,
            " boxes": 1,
            " called": 1,
            " cars": 1,
            " jumped": 1,
            " looked": 1,
            " opened": 1,
            " played": 1,
            " walked": 1,
            "Record": 2
          }
        },
        {
          "function_family": "simple_grammar_protocol_route",
          "head": 11,
          "head_key": "L21H11",
          "layer": 21,
          "mean_mass_answer_line": 0.014840443929036459,
          "mean_mass_grammar_marker": 0.014438629150390625,
          "mean_mass_instruction_line": 0.00022545705238978067,
          "mean_mass_line_partition": 1.0003786807258923,
          "mean_mass_object_name": 0.5216008822123209,
          "mean_mass_outside_lines": 0.0004047900438308716,
          "mean_mass_question_line": 0.0045185089111328125,
          "mean_mass_record_line": 0.9807942708333334,
          "mean_mass_relation_name": 0.015537261962890625,
          "mean_mass_self_last": 0.014670054117838541,
          "mean_mass_source_value": 0.5216008822123209,
          "mean_mass_target_language": 0.0,
          "mean_mass_target_value": 0.6278889973958334,
          "mean_top_attn_mass": 0.7041829427083334,
          "model": "glm4",
          "n": 24,
          "source_focus_score": 0.8998545445501804,
          "top_attn_token_counts": {
            " apples": 1,
            " books": 1,
            " boxes": 1,
            " cars": 1,
            " jumped": 1,
            " looked": 1,
            " opened": 1,
            " played": 1,
            " walked": 1,
            ".\n": 4
          }
        },
        {
          "function_family": "simple_grammar_protocol_route",
          "head": 28,
          "head_key": "L21H28",
          "layer": 21,
          "mean_mass_answer_line": 0.042490641276041664,
          "mean_mass_grammar_marker": 0.01763153076171875,
          "mean_mass_instruction_line": 0.007219950358072917,
          "mean_mass_line_partition": 1.0003331502278645,
          "mean_mass_object_name": 0.5296885172526041,
          "mean_mass_outside_lines": 0.00055694580078125,
          "mean_mass_question_line": 0.035257975260416664,
          "mean_mass_record_line": 0.9153645833333334,
          "mean_mass_relation_name": 0.013593037923177084,
          "mean_mass_self_last": 0.03748448689778646,
          "mean_mass_source_value": 0.5296885172526041,
          "mean_mass_target_language": 0.0,
          "mean_mass_target_value": 0.6276041666666666,
          "mean_top_attn_mass": 0.623046875,
          "model": "glm4",
          "n": 24,
          "source_focus_score": 0.8938280741373698,
          "top_attn_token_counts": {
            " apples": 1,
            " books": 1,
            " boxes": 1,
            " called": 1,
            " cars": 1,
            " jumped": 1,
            " looked": 1,
            " opened": 1,
            " played": 1,
            " walked": 1
          }
        },
        {
          "function_family": "simple_grammar_protocol_route",
          "head": 5,
          "head_key": "L23H5",
          "layer": 23,
          "mean_mass_answer_line": 0.004668394724527995,
          "mean_mass_grammar_marker": 0.031155745188395183,
          "mean_mass_instruction_line": 0.0017443100611368816,
          "mean_mass_line_partition": 1.0004287163416545,
          "mean_mass_object_name": 0.4997100830078125,
          "mean_mass_outside_lines": 0.00041041771570841473,
          "mean_mass_question_line": 0.035031636555989586,
          "mean_mass_record_line": 0.958984375,
          "mean_mass_relation_name": 0.029139200846354168,
          "mean_mass_self_last": 0.004601836204528809,
          "mean_mass_source_value": 0.4997100830078125,
          "mean_mass_target_language": 0.0,
          "mean_mass_target_value": 0.6145426432291666,
          "mean_top_attn_mass": 0.6216634114583334,
          "model": "glm4",
          "n": 24,
          "source_focus_score": 0.8925059040387472,
          "top_attn_token_counts": {
            " books": 1,
            " boxes": 1,
            " called": 1,
            " cars": 1,
            " jumped": 1,
            " looked": 1,
            " opened": 1,
            " played": 1,
            " walked": 1,
            ".\n": 1
          }
        },
        {
          "function_family": "simple_grammar_protocol_route",
          "head": 12,
          "head_key": "L23H12",
          "layer": 23,
          "mean_mass_answer_line": 0.010767777760823568,
          "mean_mass_grammar_marker": 0.012110352516174316,
          "mean_mass_instruction_line": 0.002056121826171875,
          "mean_mass_line_partition": 0.9999931653340658,
          "mean_mass_object_name": 0.608551025390625,
          "mean_mass_outside_lines": 0.0006888707478841146,
          "mean_mass_question_line": 0.009304682413736979,
          "mean_mass_record_line": 0.9778645833333334,
          "mean_mass_relation_name": 0.0290068785349528,
          "mean_mass_self_last": 0.010665297508239746,
          "mean_mass_source_value": 0.608551025390625,
          "mean_mass_target_language": 0.0,
          "mean_mass_target_value": 0.5467122395833334,
          "mean_top_attn_mass": 0.5961100260416666,
          "model": "glm4",
          "n": 24,
          "source_focus_score": 0.8678263624509176,
          "top_attn_token_counts": {
            " apples": 1,
            " books": 1,
            " boxes": 1,
            " called": 1,
            " cars": 1,
            " jumped": 1,
            " looked": 1,
            " opened": 1,
            " played": 1,
            " walked": 1
          }
        },
        {
          "function_family": "simple_grammar_protocol_route",
          "head": 4,
          "head_key": "L24H4",
          "layer": 24,
          "mean_mass_answer_line": 0.008548736572265625,
          "mean_mass_grammar_marker": 0.02211761474609375,
          "mean_mass_instruction_line": 0.0075225830078125,
          "mean_mass_line_partition": 0.9999173482259115,
          "mean_mass_object_name": 0.6263427734375,
          "mean_mass_outside_lines": 0.0006612141927083334,
          "mean_mass_question_line": 0.21805826822916666,
          "mean_mass_record_line": 0.7657877604166666,
          "mean_mass_relation_name": 0.030186971028645832,
          "mean_mass_self_last": 0.0077667236328125,
          "mean_mass_source_value": 0.6263427734375,
          "mean_mass_target_language": 0.0,
          "mean_mass_target_value": 0.4698079427083333,
          "mean_top_attn_mass": 0.4754231770833333,
          "model": "glm4",
          "n": 24,
          "source_focus_score": 0.8032331466674804,
          "top_attn_token_counts": {
            " apples": 1,
            " books": 1,
            " boxes": 1,
            " called": 1,
            " cars": 1,
            " jumped": 1,
            " looked": 1,
            " opened": 1,
            " played": 1,
            " walked": 1
          }
        }
      ],
      "top_target_value_heads": [
        {
          "function_family": "simple_grammar_protocol_route",
          "head": 26,
          "head_key": "L29H26",
          "layer": 29,
          "mean_mass_answer_line": 0.00010756651560465495,
          "mean_mass_grammar_marker": 0.0022127280632654824,
          "mean_mass_instruction_line": 0.0002138639489809672,
          "mean_mass_line_partition": 1.0001586799820263,
          "mean_mass_object_name": 0.721258799235026,
          "mean_mass_outside_lines": 0.0004944279789924622,
          "mean_mass_question_line": 0.003255218267440796,
          "mean_mass_record_line": 0.99658203125,
          "mean_mass_relation_name": 0.006853659947713216,
          "mean_mass_self_last": 9.916660686333974e-05,
          "mean_mass_source_value": 0.721258799235026,
          "mean_mass_target_language": 0.0,
          "mean_mass_target_value": 0.8816731770833334,
          "mean_top_attn_mass": 0.880859375,
          "model": "glm4",
          "n": 24,
          "source_focus_score": 1.2467019471029441,
          "top_attn_token_counts": {
            " apples": 1,
            " books": 1,
            " boxes": 1,
            " called": 1,
            " cars": 1,
            " jumped": 1,
            " looked": 1,
            " opened": 1,
            " played": 1,
            " walked": 1
          }
        },
        {
          "function_family": "simple_grammar_protocol_route",
          "head": 10,
          "head_key": "L23H10",
          "layer": 23,
          "mean_mass_answer_line": 0.010817607243855795,
          "mean_mass_grammar_marker": 0.001838982105255127,
          "mean_mass_instruction_line": 0.0009416739145914713,
          "mean_mass_line_partition": 0.9995299975077311,
          "mean_mass_object_name": 0.7082058588663737,
          "mean_mass_outside_lines": 0.0007815957069396973,
          "mean_mass_question_line": 0.007953008015950521,
          "mean_mass_record_line": 0.9798177083333334,
          "mean_mass_relation_name": 0.004378318786621094,
          "mean_mass_self_last": 0.010678291320800781,
          "mean_mass_source_value": 0.7082058588663737,
          "mean_mass_target_language": 0.0,
          "mean_mass_target_value": 0.85791015625,
          "mean_top_attn_mass": 0.8541666666666666,
          "model": "glm4",
          "n": 24,
          "source_focus_score": 1.2119464973608653,
          "top_attn_token_counts": {
            " apples": 1,
            " books": 1,
            " boxes": 1,
            " called": 1,
            " cars": 1,
            " jumped": 1,
            " looked": 1,
            " opened": 1,
            " played": 1,
            " walked": 1
          }
        },
        {
          "function_family": "simple_grammar_protocol_route",
          "head": 13,
          "head_key": "L23H13",
          "layer": 23,
          "mean_mass_answer_line": 0.018751144409179688,
          "mean_mass_grammar_marker": 0.00783236821492513,
          "mean_mass_instruction_line": 0.007353782653808594,
          "mean_mass_line_partition": 1.0000775655110676,
          "mean_mass_object_name": 0.6845652262369791,
          "mean_mass_outside_lines": 0.0006120999654134115,
          "mean_mass_question_line": 0.02556769053141276,
          "mean_mass_record_line": 0.9484049479166666,
          "mean_mass_relation_name": 0.010631879170735678,
          "mean_mass_self_last": 0.018071333567301433,
          "mean_mass_source_value": 0.6845652262369791,
          "mean_mass_target_language": 0.0,
          "mean_mass_target_value": 0.8225911458333334,
          "mean_top_attn_mass": 0.8219401041666666,
          "model": "glm4",
          "n": 24,
          "source_focus_score": 1.1657412052154543,
          "top_attn_token_counts": {
            " apples": 1,
            " books": 1,
            " boxes": 1,
            " called": 1,
            " cars": 1,
            " jumped": 1,
            " looked": 1,
            " opened": 1,
            " played": 1,
            " walked": 1
          }
        },
        {
          "function_family": "simple_grammar_protocol_route",
          "head": 18,
          "head_key": "L29H18",
          "layer": 29,
          "mean_mass_answer_line": 0.0008459885915120443,
          "mean_mass_grammar_marker": 0.0023702184359232583,
          "mean_mass_instruction_line": 0.00047655900319417316,
          "mean_mass_line_partition": 1.0002145369847615,
          "mean_mass_object_name": 0.7327454884847006,
          "mean_mass_outside_lines": 0.0005410512288411459,
          "mean_mass_question_line": 0.02135292689005534,
          "mean_mass_record_line": 0.9775390625,
          "mean_mass_relation_name": 0.0058057308197021484,
          "mean_mass_self_last": 0.0008298158645629883,
          "mean_mass_source_value": 0.7327454884847006,
          "mean_mass_target_language": 0.0,
          "mean_mass_target_value": 0.8136393229166666,
          "mean_top_attn_mass": 0.8087565104166666,
          "model": "glm4",
          "n": 24,
          "source_focus_score": 1.1836502651373544,
          "top_attn_token_counts": {
            " apples": 1,
            " books": 1,
            " boxes": 1,
            " called": 1,
            " cars": 1,
            " jumped": 1,
            " looked": 1,
            " opened": 1,
            " played": 1,
            " walked": 1
          }
        },
        {
          "function_family": "simple_grammar_protocol_route",
          "head": 21,
          "head_key": "L26H21",
          "layer": 26,
          "mean_mass_answer_line": 0.006313800811767578,
          "mean_mass_grammar_marker": 0.004349350929260254,
          "mean_mass_instruction_line": 0.0014948050181070964,
          "mean_mass_line_partition": 1.0003146330515544,
          "mean_mass_object_name": 0.7140159606933594,
          "mean_mass_outside_lines": 0.0005427996317545573,
          "mean_mass_question_line": 0.023267745971679688,
          "mean_mass_record_line": 0.96923828125,
          "mean_mass_relation_name": 0.012838522593180338,
          "mean_mass_self_last": 0.006291866302490234,
          "mean_mass_source_value": 0.7140159606933594,
          "mean_mass_target_language": 0.0,
          "mean_mass_target_value": 0.800048828125,
          "mean_top_attn_mass": 0.7837727864583334,
          "model": "glm4",
          "n": 24,
          "source_focus_score": 1.1633248925209045,
          "top_attn_token_counts": {
            " apples": 1,
            " books": 1,
            " boxes": 1,
            " called": 1,
            " cars": 1,
            " jumped": 1,
            " looked": 1,
            " opened": 1,
            " played": 1,
            " walked": 1
          }
        },
        {
          "function_family": "simple_grammar_protocol_route",
          "head": 15,
          "head_key": "L21H15",
          "layer": 21,
          "mean_mass_answer_line": 0.0144195556640625,
          "mean_mass_grammar_marker": 0.004613806804021199,
          "mean_mass_instruction_line": 0.0010658204555511475,
          "mean_mass_line_partition": 0.9996027251084646,
          "mean_mass_object_name": 0.6485678354899088,
          "mean_mass_outside_lines": 0.0007949570814768473,
          "mean_mass_question_line": 0.010972817738850912,
          "mean_mass_record_line": 0.97314453125,
          "mean_mass_relation_name": 0.009569247563680014,
          "mean_mass_self_last": 0.014038721720377604,
          "mean_mass_source_value": 0.6485678354899088,
          "mean_mass_target_language": 0.0,
          "mean_mass_target_value": 0.797637939453125,
          "mean_top_attn_mass": 0.84765625,
          "model": "glm4",
          "n": 24,
          "source_focus_score": 1.124875585238139,
          "top_attn_token_counts": {
            " apples": 1,
            " boxes": 1,
            " called": 1,
            " cars": 1,
            " jumped": 1,
            " looked": 1,
            " opened": 1,
            " played": 1,
            " walked": 1,
            ".\n": 2
          }
        },
        {
          "function_family": "simple_grammar_protocol_route",
          "head": 0,
          "head_key": "L23H0",
          "layer": 23,
          "mean_mass_answer_line": 0.026482899983723957,
          "mean_mass_grammar_marker": 0.01181777318318685,
          "mean_mass_instruction_line": 0.0011621713638305664,
          "mean_mass_line_partition": 1.000102957089742,
          "mean_mass_object_name": 0.6556574503580729,
          "mean_mass_outside_lines": 0.0006683667500813802,
          "mean_mass_question_line": 0.0154266357421875,
          "mean_mass_record_line": 0.95703125,
          "mean_mass_relation_name": 0.01589202880859375,
          "mean_mass_self_last": 0.025541305541992188,
          "mean_mass_source_value": 0.6556574503580729,
          "mean_mass_target_language": 0.0,
          "mean_mass_target_value": 0.78271484375,
          "mean_top_attn_mass": 0.7809244791666666,
          "model": "glm4",
          "n": 24,
          "source_focus_score": 1.1171966592470806,
          "top_attn_token_counts": {
            " apples": 1,
            " books": 1,
            " boxes": 1,
            " called": 1,
            " cars": 1,
            " jumped": 1,
            " looked": 1,
            " opened": 1,
            " played": 1,
            " walked": 1
          }
        },
        {
          "function_family": "simple_grammar_protocol_route",
          "head": 24,
          "head_key": "L24H24",
          "layer": 24,
          "mean_mass_answer_line": 0.005018870035807292,
          "mean_mass_grammar_marker": 0.038494110107421875,
          "mean_mass_instruction_line": 0.0021920204162597656,
          "mean_mass_line_partition": 1.0002249081929524,
          "mean_mass_object_name": 0.7052815755208334,
          "mean_mass_outside_lines": 0.000671545664469401,
          "mean_mass_question_line": 0.11182912190755208,
          "mean_mass_record_line": 0.8811848958333334,
          "mean_mass_relation_name": 0.0347900390625,
          "mean_mass_self_last": 0.004450162251790364,
          "mean_mass_source_value": 0.7052815755208334,
          "mean_mass_target_language": 0.0,
          "mean_mass_target_value": 0.75341796875,
          "mean_top_attn_mass": 0.7530924479166666,
          "model": "glm4",
          "n": 24,
          "source_focus_score": 1.140350103378296,
          "top_attn_token_counts": {
            " apples": 1,
            " books": 1,
            " boxes": 1,
            " called": 1,
            " cars": 1,
            " jumped": 1,
            " looked": 1,
            " opened": 1,
            " played": 1,
            " walked": 1
          }
        },
        {
          "function_family": "simple_grammar_protocol_route",
          "head": 2,
          "head_key": "L25H2",
          "layer": 25,
          "mean_mass_answer_line": 0.03166544437408447,
          "mean_mass_grammar_marker": 0.012253443400065104,
          "mean_mass_instruction_line": 0.021544739603996277,
          "mean_mass_line_partition": 1.0003114591042201,
          "mean_mass_object_name": 0.5782450834910074,
          "mean_mass_outside_lines": 0.0003426074981689453,
          "mean_mass_question_line": 0.07470544179280598,
          "mean_mass_record_line": 0.8723958333333334,
          "mean_mass_relation_name": 0.028704404830932617,
          "mean_mass_self_last": 0.030795733133951824,
          "mean_mass_source_value": 0.5782450834910074,
          "mean_mass_target_language": 0.0,
          "mean_mass_target_value": 0.7041829427083334,
          "mean_top_attn_mass": 0.7041829427083334,
          "model": "glm4",
          "n": 24,
          "source_focus_score": 0.9950956776738167,
          "top_attn_token_counts": {
            " apples": 1,
            " books": 1,
            " called": 1,
            " cars": 1,
            " jumped": 1,
            " looked": 1,
            " opened": 1,
            " played": 1,
            " walked": 1,
            "Record": 1
          }
        },
        {
          "function_family": "simple_grammar_protocol_route",
          "head": 31,
          "head_key": "L26H31",
          "layer": 26,
          "mean_mass_answer_line": 0.02625274658203125,
          "mean_mass_grammar_marker": 0.0021788757294416428,
          "mean_mass_instruction_line": 0.006287097930908203,
          "mean_mass_line_partition": 1.0006062189737956,
          "mean_mass_object_name": 0.5764671166737875,
          "mean_mass_outside_lines": 0.00042327245076497394,
          "mean_mass_question_line": 0.029264291127522785,
          "mean_mass_record_line": 0.9388020833333334,
          "mean_mass_relation_name": 0.012835164864857992,
          "mean_mass_self_last": 0.02611541748046875,
          "mean_mass_source_value": 0.5764671166737875,
          "mean_mass_target_language": 0.0,
          "mean_mass_target_value": 0.6659138997395834,
          "mean_top_attn_mass": 0.695068359375,
          "model": "glm4",
          "n": 24,
          "source_focus_score": 0.9519477427626649,
          "top_attn_token_counts": {
            " apples": 1,
            " boxes": 1,
            " called": 1,
            " cars": 1,
            " jumped": 1,
            " looked": 1,
            " opened": 1,
            " played": 1,
            " walked": 1,
            "Record": 2
          }
        },
        {
          "function_family": "simple_grammar_protocol_route",
          "head": 28,
          "head_key": "L32H28",
          "layer": 32,
          "mean_mass_answer_line": 0.010049184163411459,
          "mean_mass_grammar_marker": 0.03387864430745443,
          "mean_mass_instruction_line": 0.00582424799601237,
          "mean_mass_line_partition": 1.0001885096232097,
          "mean_mass_object_name": 0.5899267196655273,
          "mean_mass_outside_lines": 0.00035699208577473957,
          "mean_mass_question_line": 0.045024712880452476,
          "mean_mass_record_line": 0.9392903645833334,
          "mean_mass_relation_name": 0.07860819498697917,
          "mean_mass_self_last": 0.00979773203531901,
          "mean_mass_source_value": 0.5899267196655273,
          "mean_mass_target_language": 0.0,
          "mean_mass_target_value": 0.6541748046875,
          "mean_top_attn_mass": 0.6518961588541666,
          "model": "glm4",
          "n": 24,
          "source_focus_score": 0.9999571641286215,
          "top_attn_token_counts": {
            " apples": 1,
            " books": 1,
            " boxes": 1,
            " called": 1,
            " cars": 1,
            " jumped": 1,
            " looked": 1,
            " opened": 1,
            " played": 1,
            " walked": 1
          }
        },
        {
          "function_family": "simple_grammar_protocol_route",
          "head": 28,
          "head_key": "L29H28",
          "layer": 29,
          "mean_mass_answer_line": 0.0010847747325897217,
          "mean_mass_grammar_marker": 0.0023393481969833374,
          "mean_mass_instruction_line": 0.002881209055582682,
          "mean_mass_line_partition": 0.999575267235438,
          "mean_mass_object_name": 0.7164510091145834,
          "mean_mass_outside_lines": 0.0009495516618092855,
          "mean_mass_question_line": 0.037113189697265625,
          "mean_mass_record_line": 0.95849609375,
          "mean_mass_relation_name": 0.009242713451385498,
          "mean_mass_self_last": 0.001002420981725057,
          "mean_mass_source_value": 0.7164510091145834,
          "mean_mass_target_language": 0.0,
          "mean_mass_target_value": 0.6496988932291666,
          "mean_top_attn_mass": 0.711669921875,
          "model": "glm4",
          "n": 24,
          "source_focus_score": 1.012003630399704,
          "top_attn_token_counts": {
            " apples": 1,
            " called": 1,
            " cars": 1,
            " fast": 2,
            " jumped": 1,
            " looked": 1,
            " opened": 1,
            " played": 1,
            " walked": 1,
            "Record": 2
          }
        },
        {
          "function_family": "simple_grammar_protocol_route",
          "head": 28,
          "head_key": "L28H28",
          "layer": 28,
          "mean_mass_answer_line": 0.0065720876057942705,
          "mean_mass_grammar_marker": 0.07979456583658855,
          "mean_mass_instruction_line": 0.0033031105995178223,
          "mean_mass_line_partition": 0.9991024931271871,
          "mean_mass_object_name": 0.5210920969645182,
          "mean_mass_outside_lines": 0.0012750625610351562,
          "mean_mass_question_line": 0.008270263671875,
          "mean_mass_record_line": 0.98095703125,
          "mean_mass_relation_name": 0.05132929484049479,
          "mean_mass_self_last": 0.0035718282063802085,
          "mean_mass_source_value": 0.5210920969645182,
          "mean_mass_target_language": 0.0,
          "mean_mass_target_value": 0.6400146484375,
          "mean_top_attn_mass": 0.646484375,
          "model": "glm4",
          "n": 24,
          "source_focus_score": 0.9628280500570933,
          "top_attn_token_counts": {
            " books": 1,
            " boxes": 1,
            " called": 1,
            " cars": 1,
            " jumped": 1,
            " looked": 1,
            " opened": 1,
            " played": 1,
            " walked": 1,
            ".\n": 2
          }
        },
        {
          "function_family": "simple_grammar_protocol_route",
          "head": 31,
          "head_key": "L24H31",
          "layer": 24,
          "mean_mass_answer_line": 0.008270899454752604,
          "mean_mass_grammar_marker": 0.07589213053385417,
          "mean_mass_instruction_line": 0.012547175089518229,
          "mean_mass_line_partition": 1.0004348754882812,
          "mean_mass_object_name": 0.5197830200195312,
          "mean_mass_outside_lines": 0.0004819234212239583,
          "mean_mass_question_line": 0.03951263427734375,
          "mean_mass_record_line": 0.9401041666666666,
          "mean_mass_relation_name": 0.07158406575520833,
          "mean_mass_self_last": 0.007383982340494792,
          "mean_mass_source_value": 0.5197830200195312,
          "mean_mass_target_language": 0.0,
          "mean_mass_target_value": 0.6386311848958334,
          "mean_top_attn_mass": 0.6436360677083334,
          "model": "glm4",
          "n": 24,
          "source_focus_score": 0.963919480641683,
          "top_attn_token_counts": {
            " apples": 1,
            " books": 1,
            " called": 1,
            " cars": 1,
            " jumped": 1,
            " looked": 1,
            " opened": 1,
            " played": 1,
            " walked": 1,
            "Record": 1
          }
        },
        {
          "function_family": "simple_grammar_protocol_route",
          "head": 11,
          "head_key": "L21H11",
          "layer": 21,
          "mean_mass_answer_line": 0.014840443929036459,
          "mean_mass_grammar_marker": 0.014438629150390625,
          "mean_mass_instruction_line": 0.00022545705238978067,
          "mean_mass_line_partition": 1.0003786807258923,
          "mean_mass_object_name": 0.5216008822123209,
          "mean_mass_outside_lines": 0.0004047900438308716,
          "mean_mass_question_line": 0.0045185089111328125,
          "mean_mass_record_line": 0.9807942708333334,
          "mean_mass_relation_name": 0.015537261962890625,
          "mean_mass_self_last": 0.014670054117838541,
          "mean_mass_source_value": 0.5216008822123209,
          "mean_mass_target_language": 0.0,
          "mean_mass_target_value": 0.6278889973958334,
          "mean_top_attn_mass": 0.7041829427083334,
          "model": "glm4",
          "n": 24,
          "source_focus_score": 0.8998545445501804,
          "top_attn_token_counts": {
            " apples": 1,
            " books": 1,
            " boxes": 1,
            " cars": 1,
            " jumped": 1,
            " looked": 1,
            " opened": 1,
            " played": 1,
            " walked": 1,
            ".\n": 4
          }
        },
        {
          "function_family": "simple_grammar_protocol_route",
          "head": 28,
          "head_key": "L21H28",
          "layer": 21,
          "mean_mass_answer_line": 0.042490641276041664,
          "mean_mass_grammar_marker": 0.01763153076171875,
          "mean_mass_instruction_line": 0.007219950358072917,
          "mean_mass_line_partition": 1.0003331502278645,
          "mean_mass_object_name": 0.5296885172526041,
          "mean_mass_outside_lines": 0.00055694580078125,
          "mean_mass_question_line": 0.035257975260416664,
          "mean_mass_record_line": 0.9153645833333334,
          "mean_mass_relation_name": 0.013593037923177084,
          "mean_mass_self_last": 0.03748448689778646,
          "mean_mass_source_value": 0.5296885172526041,
          "mean_mass_target_language": 0.0,
          "mean_mass_target_value": 0.6276041666666666,
          "mean_top_attn_mass": 0.623046875,
          "model": "glm4",
          "n": 24,
          "source_focus_score": 0.8938280741373698,
          "top_attn_token_counts": {
            " apples": 1,
            " books": 1,
            " boxes": 1,
            " called": 1,
            " cars": 1,
            " jumped": 1,
            " looked": 1,
            " opened": 1,
            " played": 1,
            " walked": 1
          }
        },
        {
          "function_family": "simple_grammar_protocol_route",
          "head": 17,
          "head_key": "L26H17",
          "layer": 26,
          "mean_mass_answer_line": 0.017815907796223957,
          "mean_mass_grammar_marker": 0.022508939107259113,
          "mean_mass_instruction_line": 0.011461257934570312,
          "mean_mass_line_partition": 0.9998633066813151,
          "mean_mass_object_name": 0.6038462320963541,
          "mean_mass_outside_lines": 0.000732421875,
          "mean_mass_question_line": 0.0801239013671875,
          "mean_mass_record_line": 0.8904622395833334,
          "mean_mass_relation_name": 0.020796457926432293,
          "mean_mass_self_last": 0.0173800786336263,
          "mean_mass_source_value": 0.6038462320963541,
          "mean_mass_target_language": 0.0,
          "mean_mass_target_value": 0.6180826822916666,
          "mean_top_attn_mass": 0.6582438151041666,
          "model": "glm4",
          "n": 24,
          "source_focus_score": 0.9314738909403483,
          "top_attn_token_counts": {
            " apples": 1,
            " called": 1,
            " cars": 1,
            " jumped": 1,
            " looked": 1,
            " opened": 1,
            " played": 1,
            " walked": 1,
            ".\n": 3,
            "Record": 2
          }
        },
        {
          "function_family": "simple_grammar_protocol_route",
          "head": 5,
          "head_key": "L23H5",
          "layer": 23,
          "mean_mass_answer_line": 0.004668394724527995,
          "mean_mass_grammar_marker": 0.031155745188395183,
          "mean_mass_instruction_line": 0.0017443100611368816,
          "mean_mass_line_partition": 1.0004287163416545,
          "mean_mass_object_name": 0.4997100830078125,
          "mean_mass_outside_lines": 0.00041041771570841473,
          "mean_mass_question_line": 0.035031636555989586,
          "mean_mass_record_line": 0.958984375,
          "mean_mass_relation_name": 0.029139200846354168,
          "mean_mass_self_last": 0.004601836204528809,
          "mean_mass_source_value": 0.4997100830078125,
          "mean_mass_target_language": 0.0,
          "mean_mass_target_value": 0.6145426432291666,
          "mean_top_attn_mass": 0.6216634114583334,
          "model": "glm4",
          "n": 24,
          "source_focus_score": 0.8925059040387472,
          "top_attn_token_counts": {
            " books": 1,
            " boxes": 1,
            " called": 1,
            " cars": 1,
            " jumped": 1,
            " looked": 1,
            " opened": 1,
            " played": 1,
            " walked": 1,
            ".\n": 1
          }
        },
        {
          "function_family": "simple_grammar_protocol_route",
          "head": 29,
          "head_key": "L25H29",
          "layer": 25,
          "mean_mass_answer_line": 0.032251993815104164,
          "mean_mass_grammar_marker": 0.006816357374191284,
          "mean_mass_instruction_line": 0.004790306091308594,
          "mean_mass_line_partition": 1.0005966822306316,
          "mean_mass_object_name": 0.6370951334635416,
          "mean_mass_outside_lines": 0.00034427642822265625,
          "mean_mass_question_line": 0.12281545003255208,
          "mean_mass_record_line": 0.8407389322916666,
          "mean_mass_relation_name": 0.021082242329915363,
          "mean_mass_self_last": 0.03217188517252604,
          "mean_mass_source_value": 0.6370951334635416,
          "mean_mass_target_language": 0.0,
          "mean_mass_target_value": 0.6032511393229166,
          "mean_top_attn_mass": 0.6284993489583334,
          "model": "glm4",
          "n": 24,
          "source_focus_score": 0.9252898544073105,
          "top_attn_token_counts": {
            " apples": 1,
            " books": 1,
            " boxes": 1,
            " called": 1,
            " cars": 1,
            " jumped": 1,
            " looked": 1,
            " opened": 1,
            " played": 1,
            " walked": 1
          }
        },
        {
          "function_family": "simple_grammar_protocol_route",
          "head": 13,
          "head_key": "L32H13",
          "layer": 32,
          "mean_mass_answer_line": 0.006460348765055339,
          "mean_mass_grammar_marker": 0.003964742024739583,
          "mean_mass_instruction_line": 0.005616366863250732,
          "mean_mass_line_partition": 1.0003299911816914,
          "mean_mass_object_name": 0.7843704223632812,
          "mean_mass_outside_lines": 0.0007073084513346354,
          "mean_mass_question_line": 0.28504689534505206,
          "mean_mass_record_line": 0.7032063802083334,
          "mean_mass_relation_name": 0.010646343231201172,
          "mean_mass_self_last": 0.005625247955322266,
          "mean_mass_source_value": 0.7843704223632812,
          "mean_mass_target_language": 0.0,
          "mean_mass_target_value": 0.5857747395833334,
          "mean_top_attn_mass": 0.6439615885416666,
          "model": "glm4",
          "n": 24,
          "source_focus_score": 0.9808422227700552,
          "top_attn_token_counts": {
            " apple": 1,
            " book": 1,
            " box": 1,
            " call": 1,
            " car": 1,
            " jumped": 1,
            " looked": 1,
            " opened": 1,
            " play": 1,
            " walked": 1
          }
        },
        {
          "function_family": "simple_grammar_protocol_route",
          "head": 29,
          "head_key": "L29H29",
          "layer": 29,
          "mean_mass_answer_line": 0.010841051737467447,
          "mean_mass_grammar_marker": 0.015130043029785156,
          "mean_mass_instruction_line": 0.012029647827148438,
          "mean_mass_line_partition": 1.000348726908366,
          "mean_mass_object_name": 0.6655476888020834,
          "mean_mass_outside_lines": 0.0004679361979166667,
          "mean_mass_question_line": 0.17637125651041666,
          "mean_mass_record_line": 0.8011067708333334,
          "mean_mass_relation_name": 0.026165326436360676,
          "mean_mass_self_last": 0.007061322530110677,
          "mean_mass_source_value": 0.6655476888020834,
          "mean_mass_target_language": 0.0,
          "mean_mass_target_value": 0.572998046875,
          "mean_top_attn_mass": 0.6044108072916666,
          "model": "glm4",
          "n": 24,
          "source_focus_score": 0.9176944891611736,
          "top_attn_token_counts": {
            " apples": 1,
            " boxes": 1,
            " called": 1,
            " cars": 1,
            " jumped": 1,
            " looked": 1,
            " opened": 1,
            " played": 1,
            " walked": 1,
            "Record": 2
          }
        },
        {
          "function_family": "simple_grammar_protocol_route",
          "head": 28,
          "head_key": "L31H28",
          "layer": 31,
          "mean_mass_answer_line": 0.005999565124511719,
          "mean_mass_grammar_marker": 0.006075719992319743,
          "mean_mass_instruction_line": 0.0035060246785481772,
          "mean_mass_line_partition": 1.0002752939860027,
          "mean_mass_object_name": 0.7378616333007812,
          "mean_mass_outside_lines": 0.0005815823872884115,
          "mean_mass_question_line": 0.14799626668294272,
          "mean_mass_record_line": 0.8427734375,
          "mean_mass_relation_name": 0.024831453959147137,
          "mean_mass_self_last": 0.0058345794677734375,
          "mean_mass_source_value": 0.7378616333007812,
          "mean_mass_target_language": 0.0,
          "mean_mass_target_value": 0.5712890625,
          "mean_top_attn_mass": 0.57861328125,
          "model": "glm4",
          "n": 24,
          "source_focus_score": 0.9524205625057222,
          "top_attn_token_counts": {
            " apples": 1,
            " boxes": 1,
            " called": 1,
            " cars": 1,
            " fast": 2,
            " jumped": 1,
            " looked": 1,
            " opened": 1,
            " played": 1,
            " walked": 1
          }
        },
        {
          "function_family": "simple_grammar_protocol_route",
          "head": 12,
          "head_key": "L23H12",
          "layer": 23,
          "mean_mass_answer_line": 0.010767777760823568,
          "mean_mass_grammar_marker": 0.012110352516174316,
          "mean_mass_instruction_line": 0.002056121826171875,
          "mean_mass_line_partition": 0.9999931653340658,
          "mean_mass_object_name": 0.608551025390625,
          "mean_mass_outside_lines": 0.0006888707478841146,
          "mean_mass_question_line": 0.009304682413736979,
          "mean_mass_record_line": 0.9778645833333334,
          "mean_mass_relation_name": 0.0290068785349528,
          "mean_mass_self_last": 0.010665297508239746,
          "mean_mass_source_value": 0.608551025390625,
          "mean_mass_target_language": 0.0,
          "mean_mass_target_value": 0.5467122395833334,
          "mean_top_attn_mass": 0.5961100260416666,
          "model": "glm4",
          "n": 24,
          "source_focus_score": 0.8678263624509176,
          "top_attn_token_counts": {
            " apples": 1,
            " books": 1,
            " boxes": 1,
            " called": 1,
            " cars": 1,
            " jumped": 1,
            " looked": 1,
            " opened": 1,
            " played": 1,
            " walked": 1
          }
        },
        {
          "function_family": "simple_grammar_protocol_route",
          "head": 23,
          "head_key": "L26H23",
          "layer": 26,
          "mean_mass_answer_line": 0.008092562357584635,
          "mean_mass_grammar_marker": 0.007799863815307617,
          "mean_mass_instruction_line": 0.0035489400227864585,
          "mean_mass_line_partition": 1.0004008611043294,
          "mean_mass_object_name": 0.5548858642578125,
          "mean_mass_outside_lines": 0.00041961669921875,
          "mean_mass_question_line": 0.17528279622395834,
          "mean_mass_record_line": 0.8134765625,
          "mean_mass_relation_name": 0.017319361368815105,
          "mean_mass_self_last": 0.007279396057128906,
          "mean_mass_source_value": 0.5548858642578125,
          "mean_mass_target_language": 0.0,
          "mean_mass_target_value": 0.4884033203125,
          "mean_top_attn_mass": 0.5362955729166666,
          "model": "glm4",
          "n": 24,
          "source_focus_score": 0.7746082544326783,
          "top_attn_token_counts": {
            " apple": 1,
            " book": 1,
            " called": 1,
            " cars": 1,
            " jumped": 1,
            " looked": 1,
            " opened": 1,
            " walked": 1,
            ".\n": 1,
            "Record": 2
          }
        }
      ]
    },
    "translation_language_route": {
      "n_heads": 1280,
      "n_prompt_head_rows": 30720,
      "top_instruction_heads": [
        {
          "function_family": "translation_language_route",
          "head": 4,
          "head_key": "L19H4",
          "layer": 19,
          "mean_mass_answer_line": 0.0072129567464192705,
          "mean_mass_grammar_marker": 0.0,
          "mean_mass_instruction_line": 0.9910481770833334,
          "mean_mass_line_partition": 1.0001213550567627,
          "mean_mass_object_name": 3.6850571632385254e-05,
          "mean_mass_outside_lines": 0.0007364749908447266,
          "mean_mass_question_line": 0.0008217493693033854,
          "mean_mass_record_line": 0.0010384718577067058,
          "mean_mass_relation_name": 0.0,
          "mean_mass_self_last": 0.0052382151285807295,
          "mean_mass_source_value": 3.6850571632385254e-05,
          "mean_mass_target_language": 0.00024469693501790363,
          "mean_mass_target_value": 2.0195419589678448e-05,
          "mean_top_attn_mass": 0.8341471354166666,
          "model": "glm4",
          "n": 24,
          "source_focus_score": -0.4971663585553567,
          "top_attn_token_counts": {
            " word": 24
          }
        },
        {
          "function_family": "translation_language_route",
          "head": 28,
          "head_key": "L11H28",
          "layer": 11,
          "mean_mass_answer_line": 0.0007541179656982422,
          "mean_mass_grammar_marker": 0.0,
          "mean_mass_instruction_line": 0.9817708333333334,
          "mean_mass_line_partition": 0.9997899532318115,
          "mean_mass_object_name": 0.00037664175033569336,
          "mean_mass_outside_lines": 0.0007598400115966797,
          "mean_mass_question_line": 0.014119466145833334,
          "mean_mass_record_line": 0.0031455357869466147,
          "mean_mass_relation_name": 0.0,
          "mean_mass_self_last": 4.451970259348551e-05,
          "mean_mass_source_value": 0.00037664175033569336,
          "mean_mass_target_language": 0.0004527171452840169,
          "mean_mass_target_value": 5.112712581952413e-05,
          "mean_top_attn_mass": 0.7965494791666666,
          "model": "glm4",
          "n": 24,
          "source_focus_score": -0.49060813958446187,
          "top_attn_token_counts": {
            ".\n": 24
          }
        },
        {
          "function_family": "translation_language_route",
          "head": 21,
          "head_key": "L0H21",
          "layer": 0,
          "mean_mass_answer_line": 0.0322265625,
          "mean_mass_grammar_marker": 0.0,
          "mean_mass_instruction_line": 0.96875,
          "mean_mass_line_partition": 1.0010166391730309,
          "mean_mass_object_name": 1.866370439529419e-06,
          "mean_mass_outside_lines": 0.0,
          "mean_mass_question_line": 1.9609928131103516e-05,
          "mean_mass_record_line": 2.0466744899749756e-05,
          "mean_mass_relation_name": 0.0,
          "mean_mass_self_last": 0.00384521484375,
          "mean_mass_source_value": 1.866370439529419e-06,
          "mean_mass_target_language": 1.0925034681955973e-05,
          "mean_mass_target_value": 3.802616750666251e-06,
          "mean_top_attn_mass": 0.94140625,
          "model": "glm4",
          "n": 24,
          "source_focus_score": -0.4924214423056886,
          "top_attn_token_counts": {
            ".\n": 24
          }
        },
        {
          "function_family": "translation_language_route",
          "head": 16,
          "head_key": "L15H16",
          "layer": 15,
          "mean_mass_answer_line": 0.0007015069325764974,
          "mean_mass_grammar_marker": 0.0,
          "mean_mass_instruction_line": 0.9676106770833334,
          "mean_mass_line_partition": 1.0003333886464436,
          "mean_mass_object_name": 0.00033322970072428387,
          "mean_mass_outside_lines": 0.00031375885009765625,
          "mean_mass_question_line": 0.028269449869791668,
          "mean_mass_record_line": 0.0037517547607421875,
          "mean_mass_relation_name": 0.0,
          "mean_mass_self_last": 0.0004177093505859375,
          "mean_mass_source_value": 0.00033322970072428387,
          "mean_mass_target_language": 0.021148681640625,
          "mean_mass_target_value": 3.492118169864019e-05,
          "mean_top_attn_mass": 0.488525390625,
          "model": "glm4",
          "n": 24,
          "source_focus_score": -0.4732048384224375,
          "top_attn_token_counts": {
            " word": 16,
            ".\n": 8
          }
        },
        {
          "function_family": "translation_language_route",
          "head": 0,
          "head_key": "L15H0",
          "layer": 15,
          "mean_mass_answer_line": 0.0027856826782226562,
          "mean_mass_grammar_marker": 0.0,
          "mean_mass_instruction_line": 0.955078125,
          "mean_mass_line_partition": 1.0002272923787434,
          "mean_mass_object_name": 0.00023923317591349283,
          "mean_mass_outside_lines": 0.0006535847981770834,
          "mean_mass_question_line": 0.015561421712239584,
          "mean_mass_record_line": 0.02680206298828125,
          "mean_mass_relation_name": 0.0,
          "mean_mass_self_last": 0.002509435017903646,
          "mean_mass_source_value": 0.00023923317591349283,
          "mean_mass_target_language": 0.006054242451985677,
          "mean_mass_target_value": 3.5118311643600464e-05,
          "mean_top_attn_mass": 0.810546875,
          "model": "glm4",
          "n": 24,
          "source_focus_score": -0.4750536270439625,
          "top_attn_token_counts": {
            " word": 24
          }
        },
        {
          "function_family": "translation_language_route",
          "head": 17,
          "head_key": "L18H17",
          "layer": 18,
          "mean_mass_answer_line": 0.010348002115885416,
          "mean_mass_grammar_marker": 0.0,
          "mean_mass_instruction_line": 0.9402669270833334,
          "mean_mass_line_partition": 1.0002034505208333,
          "mean_mass_object_name": 0.0017464955647786458,
          "mean_mass_outside_lines": 0.0005823771158854166,
          "mean_mass_question_line": 0.031911214192708336,
          "mean_mass_record_line": 0.01767730712890625,
          "mean_mass_relation_name": 0.0,
          "mean_mass_self_last": 0.004428863525390625,
          "mean_mass_source_value": 0.0017464955647786458,
          "mean_mass_target_language": 0.00826867421468099,
          "mean_mass_target_value": 0.0001461369295914968,
          "mean_top_attn_mass": 0.4891764322916667,
          "model": "glm4",
          "n": 24,
          "source_focus_score": -0.4675667422513167,
          "top_attn_token_counts": {
            " word": 15,
            ".\n": 9
          }
        },
        {
          "function_family": "translation_language_route",
          "head": 31,
          "head_key": "L18H31",
          "layer": 18,
          "mean_mass_answer_line": 0.013590494791666666,
          "mean_mass_grammar_marker": 0.0,
          "mean_mass_instruction_line": 0.9365234375,
          "mean_mass_line_partition": 0.9995269775390625,
          "mean_mass_object_name": 0.0009795029958089192,
          "mean_mass_outside_lines": 0.0008977254231770834,
          "mean_mass_question_line": 0.025225321451822918,
          "mean_mass_record_line": 0.024187723795572918,
          "mean_mass_relation_name": 0.0,
          "mean_mass_self_last": 0.007867177327473959,
          "mean_mass_source_value": 0.0009795029958089192,
          "mean_mass_target_language": 0.013769149780273438,
          "mean_mass_target_value": 0.00012720376253128052,
          "mean_top_attn_mass": 0.43310546875,
          "model": "glm4",
          "n": 24,
          "source_focus_score": -0.4641578122973442,
          "top_attn_token_counts": {
            " word": 23,
            ".\n": 1
          }
        },
        {
          "function_family": "translation_language_route",
          "head": 15,
          "head_key": "L14H15",
          "layer": 14,
          "mean_mass_answer_line": 0.031804402669270836,
          "mean_mass_grammar_marker": 0.0,
          "mean_mass_instruction_line": 0.931640625,
          "mean_mass_line_partition": 0.9996821085611979,
          "mean_mass_object_name": 0.0012275377909342449,
          "mean_mass_outside_lines": 0.0008036295572916666,
          "mean_mass_question_line": 0.016077677408854168,
          "mean_mass_record_line": 0.020159403483072918,
          "mean_mass_relation_name": 0.0,
          "mean_mass_self_last": 0.01563262939453125,
          "mean_mass_source_value": 0.0012275377909342449,
          "mean_mass_target_language": 0.0054187774658203125,
          "mean_mass_target_value": 6.757676601409912e-05,
          "mean_top_attn_mass": 0.591064453125,
          "model": "glm4",
          "n": 24,
          "source_focus_score": -0.47038067877292633,
          "top_attn_token_counts": {
            " word": 24
          }
        },
        {
          "function_family": "translation_language_route",
          "head": 20,
          "head_key": "L0H20",
          "layer": 0,
          "mean_mass_answer_line": 0.0408935546875,
          "mean_mass_grammar_marker": 0.0,
          "mean_mass_instruction_line": 0.92578125,
          "mean_mass_line_partition": 0.9998893737792969,
          "mean_mass_object_name": 0.0010647773742675781,
          "mean_mass_outside_lines": 0.000347137451171875,
          "mean_mass_question_line": 0.0287322998046875,
          "mean_mass_record_line": 0.004482269287109375,
          "mean_mass_relation_name": 0.0,
          "mean_mass_self_last": 0.0121917724609375,
          "mean_mass_source_value": 0.0010647773742675781,
          "mean_mass_target_language": 0.002242406209309896,
          "mean_mass_target_value": 0.0004596908887227376,
          "mean_top_attn_mass": 0.4501953125,
          "model": "glm4",
          "n": 24,
          "source_focus_score": -0.4710007309913635,
          "top_attn_token_counts": {
            ".\n": 24
          }
        },
        {
          "function_family": "translation_language_route",
          "head": 10,
          "head_key": "L12H10",
          "layer": 12,
          "mean_mass_answer_line": 0.0005149046579996744,
          "mean_mass_grammar_marker": 0.0,
          "mean_mass_instruction_line": 0.9222005208333334,
          "mean_mass_line_partition": 1.0000876585642497,
          "mean_mass_object_name": 0.0003176728884379069,
          "mean_mass_outside_lines": 0.0005013147989908854,
          "mean_mass_question_line": 0.029388427734375,
          "mean_mass_record_line": 0.047983805338541664,
          "mean_mass_relation_name": 0.0,
          "mean_mass_self_last": 0.0002637902895609538,
          "mean_mass_source_value": 0.0003176728884379069,
          "mean_mass_target_language": 0.010961532592773438,
          "mean_mass_target_value": 0.000196148951848348,
          "mean_top_attn_mass": 0.3207194010416667,
          "model": "glm4",
          "n": 24,
          "source_focus_score": -0.4553932348887126,
          "top_attn_token_counts": {
            " with": 11,
            " word": 13
          }
        },
        {
          "function_family": "translation_language_route",
          "head": 3,
          "head_key": "L14H3",
          "layer": 14,
          "mean_mass_answer_line": 0.0026156107584635415,
          "mean_mass_grammar_marker": 0.0,
          "mean_mass_instruction_line": 0.8894856770833334,
          "mean_mass_line_partition": 1.0000648498535156,
          "mean_mass_object_name": 0.0025952657063802085,
          "mean_mass_outside_lines": 0.0005677541097005209,
          "mean_mass_question_line": 0.08371988932291667,
          "mean_mass_record_line": 0.024243672688802082,
          "mean_mass_relation_name": 0.0,
          "mean_mass_self_last": 0.0020813941955566406,
          "mean_mass_source_value": 0.0025952657063802085,
          "mean_mass_target_language": 0.07352447509765625,
          "mean_mass_target_value": 0.0004560550053914388,
          "mean_top_attn_mass": 0.7281901041666666,
          "model": "glm4",
          "n": 24,
          "source_focus_score": -0.4068808158238729,
          "top_attn_token_counts": {
            " word": 24
          }
        },
        {
          "function_family": "translation_language_route",
          "head": 23,
          "head_key": "L15H23",
          "layer": 15,
          "mean_mass_answer_line": 0.005137125651041667,
          "mean_mass_grammar_marker": 0.0,
          "mean_mass_instruction_line": 0.8722330729166666,
          "mean_mass_line_partition": 1.0002950032552083,
          "mean_mass_object_name": 0.0037012100219726562,
          "mean_mass_outside_lines": 0.0003725687662760417,
          "mean_mass_question_line": 0.058888753255208336,
          "mean_mass_record_line": 0.06403605143229167,
          "mean_mass_relation_name": 0.0,
          "mean_mass_self_last": 0.0027516682942708335,
          "mean_mass_source_value": 0.0037012100219726562,
          "mean_mass_target_language": 0.010640462239583334,
          "mean_mass_target_value": 0.00046366453170776367,
          "mean_top_attn_mass": 0.485107421875,
          "model": "glm4",
          "n": 24,
          "source_focus_score": -0.429766317208608,
          "top_attn_token_counts": {
            " word": 24
          }
        }
      ],
      "top_source_focus_heads": [
        {
          "function_family": "translation_language_route",
          "head": 28,
          "head_key": "L29H28",
          "layer": 29,
          "mean_mass_answer_line": 0.00016403043021758398,
          "mean_mass_grammar_marker": 0.0,
          "mean_mass_instruction_line": 0.0003992232183615367,
          "mean_mass_line_partition": 0.9996208793794116,
          "mean_mass_object_name": 0.008146842320760092,
          "mean_mass_outside_lines": 0.0008832961320877075,
          "mean_mass_question_line": 0.0016617923974990845,
          "mean_mass_record_line": 0.9973958333333334,
          "mean_mass_relation_name": 0.0,
          "mean_mass_self_last": 0.00014649688576658568,
          "mean_mass_source_value": 0.008146842320760092,
          "mean_mass_target_language": 0.00039506338847180206,
          "mean_mass_target_value": 0.9474283854166666,
          "mean_top_attn_mass": 0.862060546875,
          "model": "glm4",
          "n": 24,
          "source_focus_score": 0.9514587190545473,
          "top_attn_token_counts": {
            " azul": 1,
            " ban": 1,
            " ble": 1,
            " eau": 1,
            " man": 1,
            " pl": 1,
            " pom": 1,
            " ro": 1,
            " rouge": 1,
            " �": 4
          }
        },
        {
          "function_family": "translation_language_route",
          "head": 10,
          "head_key": "L23H10",
          "layer": 23,
          "mean_mass_answer_line": 0.003889282544453939,
          "mean_mass_grammar_marker": 0.0,
          "mean_mass_instruction_line": 8.418379972378413e-05,
          "mean_mass_line_partition": 0.9998620149369041,
          "mean_mass_object_name": 0.0025009512901306152,
          "mean_mass_outside_lines": 0.0005466466148694357,
          "mean_mass_question_line": 0.002073444426059723,
          "mean_mass_record_line": 0.9938151041666666,
          "mean_mass_relation_name": 0.0,
          "mean_mass_self_last": 0.00382999579111735,
          "mean_mass_source_value": 0.0025009512901306152,
          "mean_mass_target_language": 0.002564112345377604,
          "mean_mass_target_value": 0.9469401041666666,
          "mean_top_attn_mass": 0.8487955729166666,
          "model": "glm4",
          "n": 24,
          "source_focus_score": 0.9484582234484453,
          "top_attn_token_counts": {
            " azul": 1,
            " eau": 1,
            " man": 1,
            " rouge": 1,
            " �": 5,
            "ane": 1,
            "jo": 1,
            "me": 1,
            "u": 1,
            "át": 1
          }
        },
        {
          "function_family": "translation_language_route",
          "head": 26,
          "head_key": "L23H26",
          "layer": 23,
          "mean_mass_answer_line": 0.0001239180564880371,
          "mean_mass_grammar_marker": 0.0,
          "mean_mass_instruction_line": 0.002275769909222921,
          "mean_mass_line_partition": 1.000146155556043,
          "mean_mass_object_name": 0.014355977376302084,
          "mean_mass_outside_lines": 0.0005657747387886047,
          "mean_mass_question_line": 0.03729724884033203,
          "mean_mass_record_line": 0.96044921875,
          "mean_mass_relation_name": 0.0,
          "mean_mass_self_last": 0.00011661524573961894,
          "mean_mass_source_value": 0.014355977376302084,
          "mean_mass_target_language": 0.026555498441060383,
          "mean_mass_target_value": 0.90576171875,
          "mean_top_attn_mass": 0.7481282552083334,
          "model": "glm4",
          "n": 24,
          "source_focus_score": 0.9250485921899477,
          "top_attn_token_counts": {
            " man": 1,
            " pom": 1,
            " rouge": 1,
            "ane": 1,
            "jo": 1,
            "u": 1,
            "át": 1,
            "色": 2,
            "蕉": 1,
            "�": 2
          }
        },
        {
          "function_family": "translation_language_route",
          "head": 18,
          "head_key": "L29H18",
          "layer": 29,
          "mean_mass_answer_line": 0.0006713196635246277,
          "mean_mass_grammar_marker": 0.0,
          "mean_mass_instruction_line": 0.00041808684666951496,
          "mean_mass_line_partition": 0.9997256410618623,
          "mean_mass_object_name": 0.012703657150268555,
          "mean_mass_outside_lines": 0.0007473429044087728,
          "mean_mass_question_line": 0.0022169637183348336,
          "mean_mass_record_line": 0.9964192708333334,
          "mean_mass_relation_name": 0.0,
          "mean_mass_self_last": 0.0006278902292251587,
          "mean_mass_source_value": 0.012703657150268555,
          "mean_mass_target_language": 0.00043767426783839863,
          "mean_mass_target_value": 0.91748046875,
          "mean_top_attn_mass": 0.8811848958333334,
          "model": "glm4",
          "n": 24,
          "source_focus_score": 0.9236742611198376,
          "top_attn_token_counts": {
            " azul": 1,
            " ban": 1,
            " ble": 1,
            " eau": 1,
            " man": 1,
            " pl": 1,
            " pom": 1,
            " ro": 1,
            " rouge": 1,
            " �": 5
          }
        },
        {
          "function_family": "translation_language_route",
          "head": 19,
          "head_key": "L24H19",
          "layer": 24,
          "mean_mass_answer_line": 0.00015174038708209991,
          "mean_mass_grammar_marker": 0.0,
          "mean_mass_instruction_line": 4.584391717799008e-06,
          "mean_mass_line_partition": 0.9995203581202077,
          "mean_mass_object_name": 0.0018093486626942952,
          "mean_mass_outside_lines": 0.000888726053138574,
          "mean_mass_question_line": 0.0005033562580744425,
          "mean_mass_record_line": 0.9988606770833334,
          "mean_mass_relation_name": 0.0,
          "mean_mass_self_last": 0.00015032726029555002,
          "mean_mass_source_value": 0.0018093486626942952,
          "mean_mass_target_language": 0.007787227630615234,
          "mean_mass_target_value": 0.8968098958333334,
          "mean_top_attn_mass": 0.790771484375,
          "model": "glm4",
          "n": 24,
          "source_focus_score": 0.9015679566873587,
          "top_attn_token_counts": {
            " azul": 1,
            " eau": 1,
            " man": 1,
            " rouge": 1,
            " �": 4,
            "ane": 1,
            "jo": 1,
            "me": 1,
            "u": 1,
            "át": 1
          }
        },
        {
          "function_family": "translation_language_route",
          "head": 9,
          "head_key": "L24H9",
          "layer": 24,
          "mean_mass_answer_line": 0.00016966213782628378,
          "mean_mass_grammar_marker": 0.0,
          "mean_mass_instruction_line": 8.988752961158752e-05,
          "mean_mass_line_partition": 1.0002951535085838,
          "mean_mass_object_name": 0.057352701822916664,
          "mean_mass_outside_lines": 0.0003789675732453664,
          "mean_mass_question_line": 0.042841593424479164,
          "mean_mass_record_line": 0.9571940104166666,
          "mean_mass_relation_name": 0.0,
          "mean_mass_self_last": 0.00016777962446212769,
          "mean_mass_source_value": 0.057352701822916664,
          "mean_mass_target_language": 0.00033303101857503253,
          "mean_mass_target_value": 0.8634440104166666,
          "mean_top_attn_mass": 0.75,
          "model": "glm4",
          "n": 24,
          "source_focus_score": 0.8921995175381501,
          "top_attn_token_counts": {
            " rouge": 1,
            "ana": 1,
            "ane": 1,
            "ano": 1,
            "jo": 1,
            "me": 1,
            "u": 1,
            "果": 1,
            "蕉": 1,
            "�": 3
          }
        },
        {
          "function_family": "translation_language_route",
          "head": 12,
          "head_key": "L23H12",
          "layer": 23,
          "mean_mass_answer_line": 0.003895918528238932,
          "mean_mass_grammar_marker": 0.0,
          "mean_mass_instruction_line": 0.00041549404462178546,
          "mean_mass_line_partition": 1.0000494023164113,
          "mean_mass_object_name": 0.010308265686035156,
          "mean_mass_outside_lines": 0.0007485995690027872,
          "mean_mass_question_line": 0.004038770993550618,
          "mean_mass_record_line": 0.99169921875,
          "mean_mass_relation_name": 0.0,
          "mean_mass_self_last": 0.003852208455403646,
          "mean_mass_source_value": 0.010308265686035156,
          "mean_mass_target_language": 0.0050520698229471845,
          "mean_mass_target_value": 0.8575846354166666,
          "mean_top_attn_mass": 0.7198079427083334,
          "model": "glm4",
          "n": 24,
          "source_focus_score": 0.8640830765167873,
          "top_attn_token_counts": {
            " azul": 1,
            " rouge": 1,
            " �": 2,
            "ana": 1,
            "ane": 1,
            "ano": 1,
            "jo": 1,
            "me": 1,
            "u": 1,
            "色": 2
          }
        },
        {
          "function_family": "translation_language_route",
          "head": 31,
          "head_key": "L26H31",
          "layer": 26,
          "mean_mass_answer_line": 0.013332883516947428,
          "mean_mass_grammar_marker": 0.0,
          "mean_mass_instruction_line": 0.0022854978839556375,
          "mean_mass_line_partition": 1.0001617645223935,
          "mean_mass_object_name": 0.03544874986012777,
          "mean_mass_outside_lines": 0.0006242195765177408,
          "mean_mass_question_line": 0.025721768538157146,
          "mean_mass_record_line": 0.9588216145833334,
          "mean_mass_relation_name": 0.0,
          "mean_mass_self_last": 0.012931386629740397,
          "mean_mass_source_value": 0.03544874986012777,
          "mean_mass_target_language": 0.0013228729367256165,
          "mean_mass_target_value": 0.828125,
          "mean_top_attn_mass": 0.73193359375,
          "model": "glm4",
          "n": 24,
          "source_focus_score": 0.842034841577212,
          "top_attn_token_counts": {
            " rouge": 1,
            "ana": 1,
            "ane": 1,
            "jo": 1,
            "me": 1,
            "u": 1,
            "át": 1,
            "果": 1,
            "色": 2,
            "蕉": 1
          }
        },
        {
          "function_family": "translation_language_route",
          "head": 15,
          "head_key": "L21H15",
          "layer": 21,
          "mean_mass_answer_line": 0.004638512929280599,
          "mean_mass_grammar_marker": 0.0,
          "mean_mass_instruction_line": 0.00045863787333170575,
          "mean_mass_line_partition": 1.0000019868214924,
          "mean_mass_object_name": 0.026991526285807293,
          "mean_mass_outside_lines": 0.0006705522537231445,
          "mean_mass_question_line": 0.017528533935546875,
          "mean_mass_record_line": 0.9773763020833334,
          "mean_mass_relation_name": 0.0,
          "mean_mass_self_last": 0.004638512929280599,
          "mean_mass_source_value": 0.026991526285807293,
          "mean_mass_target_language": 0.009726842244466146,
          "mean_mass_target_value": 0.8064778645833334,
          "mean_top_attn_mass": 0.66845703125,
          "model": "glm4",
          "n": 24,
          "source_focus_score": 0.823448101679484,
          "top_attn_token_counts": {
            " azul": 1,
            " pom": 2,
            " rouge": 1,
            "ane": 1,
            "jo": 1,
            "u": 1,
            "át": 1,
            "果": 1,
            "蕉": 1,
            "�": 3
          }
        },
        {
          "function_family": "translation_language_route",
          "head": 26,
          "head_key": "L25H26",
          "layer": 25,
          "mean_mass_answer_line": 0.026153564453125,
          "mean_mass_grammar_marker": 0.0,
          "mean_mass_instruction_line": 0.0056832631429036455,
          "mean_mass_line_partition": 0.9999008178710938,
          "mean_mass_object_name": 0.03397687276204427,
          "mean_mass_outside_lines": 0.000762939453125,
          "mean_mass_question_line": 0.03365643819173177,
          "mean_mass_record_line": 0.9344075520833334,
          "mean_mass_relation_name": 0.0,
          "mean_mass_self_last": 0.025901158650716145,
          "mean_mass_source_value": 0.03397687276204427,
          "mean_mass_target_language": 0.012860933939615885,
          "mean_mass_target_value": 0.7960611979166666,
          "mean_top_attn_mass": 0.6759440104166666,
          "model": "glm4",
          "n": 24,
          "source_focus_score": 0.8101000785827637,
          "top_attn_token_counts": {
            " rouge": 1,
            "ana": 1,
            "ane": 1,
            "ano": 1,
            "jo": 1,
            "me": 1,
            "u": 1,
            "果": 1,
            "色": 2,
            "�": 2
          }
        },
        {
          "function_family": "translation_language_route",
          "head": 28,
          "head_key": "L31H28",
          "layer": 31,
          "mean_mass_answer_line": 0.013401667277018229,
          "mean_mass_grammar_marker": 0.0,
          "mean_mass_instruction_line": 0.002783616383870443,
          "mean_mass_line_partition": 1.0001571973164876,
          "mean_mass_object_name": 0.047526041666666664,
          "mean_mass_outside_lines": 0.0005865097045898438,
          "mean_mass_question_line": 0.012617746988932291,
          "mean_mass_record_line": 0.9713541666666666,
          "mean_mass_relation_name": 0.0,
          "mean_mass_self_last": 0.013297398885091146,
          "mean_mass_source_value": 0.047526041666666664,
          "mean_mass_target_language": 0.0003498867154121399,
          "mean_mass_target_value": 0.7491861979166666,
          "mean_top_attn_mass": 0.6126302083333334,
          "model": "glm4",
          "n": 24,
          "source_focus_score": 0.7683819370965164,
          "top_attn_token_counts": {
            " azul": 1,
            " ban": 1,
            " ble": 1,
            " eau": 1,
            " man": 1,
            " pl": 1,
            " pom": 1,
            " rouge": 1,
            "jo": 1,
            "�": 5
          }
        },
        {
          "function_family": "translation_language_route",
          "head": 13,
          "head_key": "L23H13",
          "layer": 23,
          "mean_mass_answer_line": 0.03849029541015625,
          "mean_mass_grammar_marker": 0.0,
          "mean_mass_instruction_line": 0.01808643341064453,
          "mean_mass_line_partition": 0.9995686213175455,
          "mean_mass_object_name": 0.043689727783203125,
          "mean_mass_outside_lines": 0.0008598963419596354,
          "mean_mass_question_line": 0.03348668416341146,
          "mean_mass_record_line": 0.9095052083333334,
          "mean_mass_relation_name": 0.0,
          "mean_mass_self_last": 0.03780937194824219,
          "mean_mass_source_value": 0.043689727783203125,
          "mean_mass_target_language": 0.003595590591430664,
          "mean_mass_target_value": 0.7620442708333334,
          "mean_top_attn_mass": 0.6917317708333334,
          "model": "glm4",
          "n": 24,
          "source_focus_score": 0.7670211394627889,
          "top_attn_token_counts": {
            " rouge": 1,
            "ana": 1,
            "ane": 1,
            "ano": 1,
            "jo": 1,
            "me": 1,
            "u": 1,
            "果": 1,
            "色": 2,
            "蕉": 1
          }
        },
        {
          "function_family": "translation_language_route",
          "head": 26,
          "head_key": "L29H26",
          "layer": 29,
          "mean_mass_answer_line": 0.0002539704243342082,
          "mean_mass_grammar_marker": 0.0,
          "mean_mass_instruction_line": 0.00014447917540868124,
          "mean_mass_line_partition": 1.000044159591198,
          "mean_mass_object_name": 0.015799840291341145,
          "mean_mass_outside_lines": 0.0006791700919469198,
          "mean_mass_question_line": 0.002087116241455078,
          "mean_mass_record_line": 0.99755859375,
          "mean_mass_relation_name": 0.0,
          "mean_mass_self_last": 0.0002407530943552653,
          "mean_mass_source_value": 0.015799840291341145,
          "mean_mass_target_language": 0.0006997622549533844,
          "mean_mass_target_value": 0.736328125,
          "mean_top_attn_mass": 0.6806640625,
          "model": "glm4",
          "n": 24,
          "source_focus_score": 0.7444421940793594,
          "top_attn_token_counts": {
            " ban": 1,
            " rouge": 1,
            "jo": 1,
            "me": 1,
            "z": 1,
            "át": 1,
            "果": 1,
            "色": 2,
            "蕉": 1,
            "阳": 2
          }
        },
        {
          "function_family": "translation_language_route",
          "head": 13,
          "head_key": "L32H13",
          "layer": 32,
          "mean_mass_answer_line": 0.0335234006245931,
          "mean_mass_grammar_marker": 0.0,
          "mean_mass_instruction_line": 0.009233832359313965,
          "mean_mass_line_partition": 1.0001705884933472,
          "mean_mass_object_name": 0.08016204833984375,
          "mean_mass_outside_lines": 0.00046372413635253906,
          "mean_mass_question_line": 0.0404211680094401,
          "mean_mass_record_line": 0.9169921875,
          "mean_mass_relation_name": 0.0,
          "mean_mass_self_last": 0.03223093350728353,
          "mean_mass_source_value": 0.08016204833984375,
          "mean_mass_target_language": 0.0004449238379796346,
          "mean_mass_target_value": 0.714111328125,
          "mean_top_attn_mass": 0.6481526692708334,
          "model": "glm4",
          "n": 24,
          "source_focus_score": 0.7414170478781064,
          "top_attn_token_counts": {
            " azul": 1,
            " ban": 1,
            " ble": 1,
            " eau": 1,
            " man": 1,
            " pl": 1,
            " pom": 1,
            " ro": 1,
            " rouge": 1,
            "�": 5
          }
        },
        {
          "function_family": "translation_language_route",
          "head": 29,
          "head_key": "L28H29",
          "layer": 28,
          "mean_mass_answer_line": 0.0022243360678354898,
          "mean_mass_grammar_marker": 0.0,
          "mean_mass_instruction_line": 0.002081016699473063,
          "mean_mass_line_partition": 0.999547153711319,
          "mean_mass_object_name": 0.01662127176920573,
          "mean_mass_outside_lines": 0.0009349485238393148,
          "mean_mass_question_line": 0.00484466552734375,
          "mean_mass_record_line": 0.9903971354166666,
          "mean_mass_relation_name": 0.0,
          "mean_mass_self_last": 0.0004641960064570109,
          "mean_mass_source_value": 0.01662127176920573,
          "mean_mass_target_language": 0.0040274858474731445,
          "mean_mass_target_value": 0.7245279947916666,
          "mean_top_attn_mass": 0.6809895833333334,
          "model": "glm4",
          "n": 24,
          "source_focus_score": 0.7332557812333107,
          "top_attn_token_counts": {
            " azul": 1,
            " ban": 1,
            " eau": 1,
            " man": 1,
            " pl": 1,
            " pom": 1,
            " ro": 1,
            " rouge": 1,
            " �": 5,
            "Record": 1
          }
        },
        {
          "function_family": "translation_language_route",
          "head": 28,
          "head_key": "L32H28",
          "layer": 32,
          "mean_mass_answer_line": 0.02019500732421875,
          "mean_mass_grammar_marker": 0.0,
          "mean_mass_instruction_line": 0.007658481597900391,
          "mean_mass_line_partition": 1.0003148714701335,
          "mean_mass_object_name": 0.030568440755208332,
          "mean_mass_outside_lines": 0.0004469553629557292,
          "mean_mass_question_line": 0.01266320546468099,
          "mean_mass_record_line": 0.9597981770833334,
          "mean_mass_relation_name": 0.0,
          "mean_mass_self_last": 0.019618988037109375,
          "mean_mass_source_value": 0.030568440755208332,
          "mean_mass_target_language": 0.002452502648035685,
          "mean_mass_target_value": 0.68505859375,
          "mean_top_attn_mass": 0.596435546875,
          "model": "glm4",
          "n": 24,
          "source_focus_score": 0.6926910728216171,
          "top_attn_token_counts": {
            " pom": 1,
            " rouge": 1,
            " �": 1,
            "Record": 2,
            "jo": 1,
            "u": 1,
            "z": 1,
            "át": 1,
            "色": 1,
            "�": 3
          }
        },
        {
          "function_family": "translation_language_route",
          "head": 14,
          "head_key": "L21H14",
          "layer": 21,
          "mean_mass_answer_line": 0.010552088419596354,
          "mean_mass_grammar_marker": 0.0,
          "mean_mass_instruction_line": 0.0009641647338867188,
          "mean_mass_line_partition": 0.9999688466389974,
          "mean_mass_object_name": 0.0046258072058359785,
          "mean_mass_outside_lines": 0.0005838473637898763,
          "mean_mass_question_line": 0.008309364318847656,
          "mean_mass_record_line": 0.9801432291666666,
          "mean_mass_relation_name": 0.0,
          "mean_mass_self_last": 0.010549545288085938,
          "mean_mass_source_value": 0.0046258072058359785,
          "mean_mass_target_language": 0.01800092061360677,
          "mean_mass_target_value": 0.6844075520833334,
          "mean_top_attn_mass": 0.6537272135416666,
          "model": "glm4",
          "n": 24,
          "source_focus_score": 0.6926008115212123,
          "top_attn_token_counts": {
            " azul": 1,
            " eau": 1,
            " rouge": 1,
            " �": 5,
            "ana": 1,
            "ane": 1,
            "ano": 1,
            "jo": 1,
            "me": 1,
            "u": 1
          }
        },
        {
          "function_family": "translation_language_route",
          "head": 29,
          "head_key": "L24H29",
          "layer": 24,
          "mean_mass_answer_line": 0.010540962219238281,
          "mean_mass_grammar_marker": 0.0,
          "mean_mass_instruction_line": 0.0011339088280995686,
          "mean_mass_line_partition": 1.000644673903783,
          "mean_mass_object_name": 0.02682813008626302,
          "mean_mass_outside_lines": 0.000532001256942749,
          "mean_mass_question_line": 0.023963292439778645,
          "mean_mass_record_line": 0.9650065104166666,
          "mean_mass_relation_name": 0.0,
          "mean_mass_self_last": 0.010389010111490885,
          "mean_mass_source_value": 0.02682813008626302,
          "mean_mass_target_language": 0.015354156494140625,
          "mean_mass_target_value": 0.6651611328125,
          "mean_top_attn_mass": 0.5455322265625,
          "model": "glm4",
          "n": 24,
          "source_focus_score": 0.6830500811338425,
          "top_attn_token_counts": {
            " azul": 1,
            " eau": 1,
            " man": 1,
            " pl": 1,
            " rouge": 1,
            " �": 4,
            "ane": 1,
            "jo": 1,
            "me": 1,
            "u": 1
          }
        },
        {
          "function_family": "translation_language_route",
          "head": 31,
          "head_key": "L24H31",
          "layer": 24,
          "mean_mass_answer_line": 0.008614222208658854,
          "mean_mass_grammar_marker": 0.0,
          "mean_mass_instruction_line": 0.006051063537597656,
          "mean_mass_line_partition": 1.000057538350423,
          "mean_mass_object_name": 0.042109171549479164,
          "mean_mass_outside_lines": 0.0004730224609375,
          "mean_mass_question_line": 0.0780029296875,
          "mean_mass_record_line": 0.9073893229166666,
          "mean_mass_relation_name": 0.0,
          "mean_mass_self_last": 0.007619222005208333,
          "mean_mass_source_value": 0.042109171549479164,
          "mean_mass_target_language": 0.047007242838541664,
          "mean_mass_target_value": 0.5906982421875,
          "mean_top_attn_mass": 0.5249837239583334,
          "model": "glm4",
          "n": 24,
          "source_focus_score": 0.630077362060547,
          "top_attn_token_counts": {
            " rouge": 1,
            "ana": 1,
            "ane": 1,
            "ano": 1,
            "jo": 1,
            "me": 1,
            "u": 1,
            "果": 1,
            "色": 2,
            "蕉": 1
          }
        },
        {
          "function_family": "translation_language_route",
          "head": 13,
          "head_key": "L24H13",
          "layer": 24,
          "mean_mass_answer_line": 0.015043338139851889,
          "mean_mass_grammar_marker": 0.0,
          "mean_mass_instruction_line": 0.001018496851126353,
          "mean_mass_line_partition": 0.9995817666252454,
          "mean_mass_object_name": 0.000986788421869278,
          "mean_mass_outside_lines": 0.0007783249020576477,
          "mean_mass_question_line": 0.004353264967600505,
          "mean_mass_record_line": 0.9791666666666666,
          "mean_mass_relation_name": 0.0,
          "mean_mass_self_last": 0.015031894048055014,
          "mean_mass_source_value": 0.000986788421869278,
          "mean_mass_target_language": 0.005941505233446757,
          "mean_mass_target_value": 0.6183268229166666,
          "mean_top_attn_mass": 0.6028645833333334,
          "model": "glm4",
          "n": 24,
          "source_focus_score": 0.6175208867837985,
          "top_attn_token_counts": {
            " rouge": 1,
            " �": 5,
            ".\n": 2,
            "Record": 2,
            "ana": 1,
            "ane": 1,
            "ano": 1,
            "jo": 1,
            "me": 1,
            "u": 1
          }
        },
        {
          "function_family": "translation_language_route",
          "head": 17,
          "head_key": "L26H17",
          "layer": 26,
          "mean_mass_answer_line": 0.011625925699869791,
          "mean_mass_grammar_marker": 0.0,
          "mean_mass_instruction_line": 0.002960960070292155,
          "mean_mass_line_partition": 1.0000706911087036,
          "mean_mass_object_name": 0.2858479817708333,
          "mean_mass_outside_lines": 0.000496069590250651,
          "mean_mass_question_line": 0.21880086263020834,
          "mean_mass_record_line": 0.7666829427083334,
          "mean_mass_relation_name": 0.0,
          "mean_mass_self_last": 0.011339505513509115,
          "mean_mass_source_value": 0.2858479817708333,
          "mean_mass_target_language": 0.00583346684773763,
          "mean_mass_target_value": 0.4597574869791667,
          "mean_top_attn_mass": 0.4797770182291667,
          "model": "glm4",
          "n": 24,
          "source_focus_score": 0.6012112498283386,
          "top_attn_token_counts": {
            " apple": 2,
            " banana": 1,
            " book": 2,
            " rouge": 1,
            "ane": 1,
            "jo": 1,
            "u": 1,
            "果": 1,
            "色": 2,
            "蕉": 1
          }
        },
        {
          "function_family": "translation_language_route",
          "head": 11,
          "head_key": "L21H11",
          "layer": 21,
          "mean_mass_answer_line": 0.0058981577555338545,
          "mean_mass_grammar_marker": 0.0,
          "mean_mass_instruction_line": 0.00011834502220153809,
          "mean_mass_line_partition": 0.999946524699529,
          "mean_mass_object_name": 0.016682942708333332,
          "mean_mass_outside_lines": 0.0005439470211664835,
          "mean_mass_question_line": 0.0022308031717936196,
          "mean_mass_record_line": 0.99169921875,
          "mean_mass_relation_name": 0.0,
          "mean_mass_self_last": 0.0058981577555338545,
          "mean_mass_source_value": 0.016682942708333332,
          "mean_mass_target_language": 0.0037876764933268228,
          "mean_mass_target_value": 0.5896809895833334,
          "mean_top_attn_mass": 0.5242513020833334,
          "model": "glm4",
          "n": 24,
          "source_focus_score": 0.5983825872341793,
          "top_attn_token_counts": {
            " azul": 1,
            " man": 1,
            " pom": 1,
            " �": 5,
            ".\n": 5,
            "Record": 1,
            "ane": 1,
            "ano": 1,
            "jo": 1,
            "u": 1
          }
        },
        {
          "function_family": "translation_language_route",
          "head": 19,
          "head_key": "L28H19",
          "layer": 28,
          "mean_mass_answer_line": 0.00036038955052693683,
          "mean_mass_grammar_marker": 0.0,
          "mean_mass_instruction_line": 0.0006134634216626486,
          "mean_mass_line_partition": 1.0002717499931653,
          "mean_mass_object_name": 0.048116048177083336,
          "mean_mass_outside_lines": 0.00039788087209065753,
          "mean_mass_question_line": 0.0038551886876424155,
          "mean_mass_record_line": 0.9954427083333334,
          "mean_mass_relation_name": 0.0,
          "mean_mass_self_last": 4.2259382704893746e-05,
          "mean_mass_source_value": 0.048116048177083336,
          "mean_mass_target_language": 0.011884848276774088,
          "mean_mass_target_value": 0.5669352213541666,
          "mean_top_attn_mass": 0.4611002604166667,
          "model": "glm4",
          "n": 24,
          "source_focus_score": 0.5965388404826323,
          "top_attn_token_counts": {
            " azul": 1,
            " banana": 1,
            " eau": 1,
            " man": 1,
            " pl": 1,
            " pom": 1,
            " ro": 1,
            " rouge": 1,
            "Record": 1,
            "�": 5
          }
        },
        {
          "function_family": "translation_language_route",
          "head": 21,
          "head_key": "L29H21",
          "layer": 29,
          "mean_mass_answer_line": 0.001962382346391678,
          "mean_mass_grammar_marker": 0.0,
          "mean_mass_instruction_line": 0.0018472298979759216,
          "mean_mass_line_partition": 1.0001996370653312,
          "mean_mass_object_name": 0.02565320332845052,
          "mean_mass_outside_lines": 0.0006574392318725586,
          "mean_mass_question_line": 0.015107472737630209,
          "mean_mass_record_line": 0.9812825520833334,
          "mean_mass_relation_name": 0.0,
          "mean_mass_self_last": 0.0017701440180341403,
          "mean_mass_source_value": 0.02565320332845052,
          "mean_mass_target_language": 0.0015560587247212727,
          "mean_mass_target_value": 0.5802815755208334,
          "mean_top_attn_mass": 0.645263671875,
          "model": "glm4",
          "n": 24,
          "source_focus_score": 0.5924719960118333,
          "top_attn_token_counts": {
            " rouge": 1,
            ".\n": 4,
            "Record": 5,
            "ane": 1,
            "me": 1,
            "z": 1,
            "át": 1,
            "果": 1,
            "色": 2,
            "蕉": 1
          }
        }
      ],
      "top_target_value_heads": [
        {
          "function_family": "translation_language_route",
          "head": 28,
          "head_key": "L29H28",
          "layer": 29,
          "mean_mass_answer_line": 0.00016403043021758398,
          "mean_mass_grammar_marker": 0.0,
          "mean_mass_instruction_line": 0.0003992232183615367,
          "mean_mass_line_partition": 0.9996208793794116,
          "mean_mass_object_name": 0.008146842320760092,
          "mean_mass_outside_lines": 0.0008832961320877075,
          "mean_mass_question_line": 0.0016617923974990845,
          "mean_mass_record_line": 0.9973958333333334,
          "mean_mass_relation_name": 0.0,
          "mean_mass_self_last": 0.00014649688576658568,
          "mean_mass_source_value": 0.008146842320760092,
          "mean_mass_target_language": 0.00039506338847180206,
          "mean_mass_target_value": 0.9474283854166666,
          "mean_top_attn_mass": 0.862060546875,
          "model": "glm4",
          "n": 24,
          "source_focus_score": 0.9514587190545473,
          "top_attn_token_counts": {
            " azul": 1,
            " ban": 1,
            " ble": 1,
            " eau": 1,
            " man": 1,
            " pl": 1,
            " pom": 1,
            " ro": 1,
            " rouge": 1,
            " �": 4
          }
        },
        {
          "function_family": "translation_language_route",
          "head": 10,
          "head_key": "L23H10",
          "layer": 23,
          "mean_mass_answer_line": 0.003889282544453939,
          "mean_mass_grammar_marker": 0.0,
          "mean_mass_instruction_line": 8.418379972378413e-05,
          "mean_mass_line_partition": 0.9998620149369041,
          "mean_mass_object_name": 0.0025009512901306152,
          "mean_mass_outside_lines": 0.0005466466148694357,
          "mean_mass_question_line": 0.002073444426059723,
          "mean_mass_record_line": 0.9938151041666666,
          "mean_mass_relation_name": 0.0,
          "mean_mass_self_last": 0.00382999579111735,
          "mean_mass_source_value": 0.0025009512901306152,
          "mean_mass_target_language": 0.002564112345377604,
          "mean_mass_target_value": 0.9469401041666666,
          "mean_top_attn_mass": 0.8487955729166666,
          "model": "glm4",
          "n": 24,
          "source_focus_score": 0.9484582234484453,
          "top_attn_token_counts": {
            " azul": 1,
            " eau": 1,
            " man": 1,
            " rouge": 1,
            " �": 5,
            "ane": 1,
            "jo": 1,
            "me": 1,
            "u": 1,
            "át": 1
          }
        },
        {
          "function_family": "translation_language_route",
          "head": 18,
          "head_key": "L29H18",
          "layer": 29,
          "mean_mass_answer_line": 0.0006713196635246277,
          "mean_mass_grammar_marker": 0.0,
          "mean_mass_instruction_line": 0.00041808684666951496,
          "mean_mass_line_partition": 0.9997256410618623,
          "mean_mass_object_name": 0.012703657150268555,
          "mean_mass_outside_lines": 0.0007473429044087728,
          "mean_mass_question_line": 0.0022169637183348336,
          "mean_mass_record_line": 0.9964192708333334,
          "mean_mass_relation_name": 0.0,
          "mean_mass_self_last": 0.0006278902292251587,
          "mean_mass_source_value": 0.012703657150268555,
          "mean_mass_target_language": 0.00043767426783839863,
          "mean_mass_target_value": 0.91748046875,
          "mean_top_attn_mass": 0.8811848958333334,
          "model": "glm4",
          "n": 24,
          "source_focus_score": 0.9236742611198376,
          "top_attn_token_counts": {
            " azul": 1,
            " ban": 1,
            " ble": 1,
            " eau": 1,
            " man": 1,
            " pl": 1,
            " pom": 1,
            " ro": 1,
            " rouge": 1,
            " �": 5
          }
        },
        {
          "function_family": "translation_language_route",
          "head": 26,
          "head_key": "L23H26",
          "layer": 23,
          "mean_mass_answer_line": 0.0001239180564880371,
          "mean_mass_grammar_marker": 0.0,
          "mean_mass_instruction_line": 0.002275769909222921,
          "mean_mass_line_partition": 1.000146155556043,
          "mean_mass_object_name": 0.014355977376302084,
          "mean_mass_outside_lines": 0.0005657747387886047,
          "mean_mass_question_line": 0.03729724884033203,
          "mean_mass_record_line": 0.96044921875,
          "mean_mass_relation_name": 0.0,
          "mean_mass_self_last": 0.00011661524573961894,
          "mean_mass_source_value": 0.014355977376302084,
          "mean_mass_target_language": 0.026555498441060383,
          "mean_mass_target_value": 0.90576171875,
          "mean_top_attn_mass": 0.7481282552083334,
          "model": "glm4",
          "n": 24,
          "source_focus_score": 0.9250485921899477,
          "top_attn_token_counts": {
            " man": 1,
            " pom": 1,
            " rouge": 1,
            "ane": 1,
            "jo": 1,
            "u": 1,
            "át": 1,
            "色": 2,
            "蕉": 1,
            "�": 2
          }
        },
        {
          "function_family": "translation_language_route",
          "head": 19,
          "head_key": "L24H19",
          "layer": 24,
          "mean_mass_answer_line": 0.00015174038708209991,
          "mean_mass_grammar_marker": 0.0,
          "mean_mass_instruction_line": 4.584391717799008e-06,
          "mean_mass_line_partition": 0.9995203581202077,
          "mean_mass_object_name": 0.0018093486626942952,
          "mean_mass_outside_lines": 0.000888726053138574,
          "mean_mass_question_line": 0.0005033562580744425,
          "mean_mass_record_line": 0.9988606770833334,
          "mean_mass_relation_name": 0.0,
          "mean_mass_self_last": 0.00015032726029555002,
          "mean_mass_source_value": 0.0018093486626942952,
          "mean_mass_target_language": 0.007787227630615234,
          "mean_mass_target_value": 0.8968098958333334,
          "mean_top_attn_mass": 0.790771484375,
          "model": "glm4",
          "n": 24,
          "source_focus_score": 0.9015679566873587,
          "top_attn_token_counts": {
            " azul": 1,
            " eau": 1,
            " man": 1,
            " rouge": 1,
            " �": 4,
            "ane": 1,
            "jo": 1,
            "me": 1,
            "u": 1,
            "át": 1
          }
        },
        {
          "function_family": "translation_language_route",
          "head": 9,
          "head_key": "L24H9",
          "layer": 24,
          "mean_mass_answer_line": 0.00016966213782628378,
          "mean_mass_grammar_marker": 0.0,
          "mean_mass_instruction_line": 8.988752961158752e-05,
          "mean_mass_line_partition": 1.0002951535085838,
          "mean_mass_object_name": 0.057352701822916664,
          "mean_mass_outside_lines": 0.0003789675732453664,
          "mean_mass_question_line": 0.042841593424479164,
          "mean_mass_record_line": 0.9571940104166666,
          "mean_mass_relation_name": 0.0,
          "mean_mass_self_last": 0.00016777962446212769,
          "mean_mass_source_value": 0.057352701822916664,
          "mean_mass_target_language": 0.00033303101857503253,
          "mean_mass_target_value": 0.8634440104166666,
          "mean_top_attn_mass": 0.75,
          "model": "glm4",
          "n": 24,
          "source_focus_score": 0.8921995175381501,
          "top_attn_token_counts": {
            " rouge": 1,
            "ana": 1,
            "ane": 1,
            "ano": 1,
            "jo": 1,
            "me": 1,
            "u": 1,
            "果": 1,
            "蕉": 1,
            "�": 3
          }
        },
        {
          "function_family": "translation_language_route",
          "head": 12,
          "head_key": "L23H12",
          "layer": 23,
          "mean_mass_answer_line": 0.003895918528238932,
          "mean_mass_grammar_marker": 0.0,
          "mean_mass_instruction_line": 0.00041549404462178546,
          "mean_mass_line_partition": 1.0000494023164113,
          "mean_mass_object_name": 0.010308265686035156,
          "mean_mass_outside_lines": 0.0007485995690027872,
          "mean_mass_question_line": 0.004038770993550618,
          "mean_mass_record_line": 0.99169921875,
          "mean_mass_relation_name": 0.0,
          "mean_mass_self_last": 0.003852208455403646,
          "mean_mass_source_value": 0.010308265686035156,
          "mean_mass_target_language": 0.0050520698229471845,
          "mean_mass_target_value": 0.8575846354166666,
          "mean_top_attn_mass": 0.7198079427083334,
          "model": "glm4",
          "n": 24,
          "source_focus_score": 0.8640830765167873,
          "top_attn_token_counts": {
            " azul": 1,
            " rouge": 1,
            " �": 2,
            "ana": 1,
            "ane": 1,
            "ano": 1,
            "jo": 1,
            "me": 1,
            "u": 1,
            "色": 2
          }
        },
        {
          "function_family": "translation_language_route",
          "head": 31,
          "head_key": "L26H31",
          "layer": 26,
          "mean_mass_answer_line": 0.013332883516947428,
          "mean_mass_grammar_marker": 0.0,
          "mean_mass_instruction_line": 0.0022854978839556375,
          "mean_mass_line_partition": 1.0001617645223935,
          "mean_mass_object_name": 0.03544874986012777,
          "mean_mass_outside_lines": 0.0006242195765177408,
          "mean_mass_question_line": 0.025721768538157146,
          "mean_mass_record_line": 0.9588216145833334,
          "mean_mass_relation_name": 0.0,
          "mean_mass_self_last": 0.012931386629740397,
          "mean_mass_source_value": 0.03544874986012777,
          "mean_mass_target_language": 0.0013228729367256165,
          "mean_mass_target_value": 0.828125,
          "mean_top_attn_mass": 0.73193359375,
          "model": "glm4",
          "n": 24,
          "source_focus_score": 0.842034841577212,
          "top_attn_token_counts": {
            " rouge": 1,
            "ana": 1,
            "ane": 1,
            "jo": 1,
            "me": 1,
            "u": 1,
            "át": 1,
            "果": 1,
            "色": 2,
            "蕉": 1
          }
        },
        {
          "function_family": "translation_language_route",
          "head": 15,
          "head_key": "L21H15",
          "layer": 21,
          "mean_mass_answer_line": 0.004638512929280599,
          "mean_mass_grammar_marker": 0.0,
          "mean_mass_instruction_line": 0.00045863787333170575,
          "mean_mass_line_partition": 1.0000019868214924,
          "mean_mass_object_name": 0.026991526285807293,
          "mean_mass_outside_lines": 0.0006705522537231445,
          "mean_mass_question_line": 0.017528533935546875,
          "mean_mass_record_line": 0.9773763020833334,
          "mean_mass_relation_name": 0.0,
          "mean_mass_self_last": 0.004638512929280599,
          "mean_mass_source_value": 0.026991526285807293,
          "mean_mass_target_language": 0.009726842244466146,
          "mean_mass_target_value": 0.8064778645833334,
          "mean_top_attn_mass": 0.66845703125,
          "model": "glm4",
          "n": 24,
          "source_focus_score": 0.823448101679484,
          "top_attn_token_counts": {
            " azul": 1,
            " pom": 2,
            " rouge": 1,
            "ane": 1,
            "jo": 1,
            "u": 1,
            "át": 1,
            "果": 1,
            "蕉": 1,
            "�": 3
          }
        },
        {
          "function_family": "translation_language_route",
          "head": 26,
          "head_key": "L25H26",
          "layer": 25,
          "mean_mass_answer_line": 0.026153564453125,
          "mean_mass_grammar_marker": 0.0,
          "mean_mass_instruction_line": 0.0056832631429036455,
          "mean_mass_line_partition": 0.9999008178710938,
          "mean_mass_object_name": 0.03397687276204427,
          "mean_mass_outside_lines": 0.000762939453125,
          "mean_mass_question_line": 0.03365643819173177,
          "mean_mass_record_line": 0.9344075520833334,
          "mean_mass_relation_name": 0.0,
          "mean_mass_self_last": 0.025901158650716145,
          "mean_mass_source_value": 0.03397687276204427,
          "mean_mass_target_language": 0.012860933939615885,
          "mean_mass_target_value": 0.7960611979166666,
          "mean_top_attn_mass": 0.6759440104166666,
          "model": "glm4",
          "n": 24,
          "source_focus_score": 0.8101000785827637,
          "top_attn_token_counts": {
            " rouge": 1,
            "ana": 1,
            "ane": 1,
            "ano": 1,
            "jo": 1,
            "me": 1,
            "u": 1,
            "果": 1,
            "色": 2,
            "�": 2
          }
        },
        {
          "function_family": "translation_language_route",
          "head": 13,
          "head_key": "L23H13",
          "layer": 23,
          "mean_mass_answer_line": 0.03849029541015625,
          "mean_mass_grammar_marker": 0.0,
          "mean_mass_instruction_line": 0.01808643341064453,
          "mean_mass_line_partition": 0.9995686213175455,
          "mean_mass_object_name": 0.043689727783203125,
          "mean_mass_outside_lines": 0.0008598963419596354,
          "mean_mass_question_line": 0.03348668416341146,
          "mean_mass_record_line": 0.9095052083333334,
          "mean_mass_relation_name": 0.0,
          "mean_mass_self_last": 0.03780937194824219,
          "mean_mass_source_value": 0.043689727783203125,
          "mean_mass_target_language": 0.003595590591430664,
          "mean_mass_target_value": 0.7620442708333334,
          "mean_top_attn_mass": 0.6917317708333334,
          "model": "glm4",
          "n": 24,
          "source_focus_score": 0.7670211394627889,
          "top_attn_token_counts": {
            " rouge": 1,
            "ana": 1,
            "ane": 1,
            "ano": 1,
            "jo": 1,
            "me": 1,
            "u": 1,
            "果": 1,
            "色": 2,
            "蕉": 1
          }
        },
        {
          "function_family": "translation_language_route",
          "head": 28,
          "head_key": "L31H28",
          "layer": 31,
          "mean_mass_answer_line": 0.013401667277018229,
          "mean_mass_grammar_marker": 0.0,
          "mean_mass_instruction_line": 0.002783616383870443,
          "mean_mass_line_partition": 1.0001571973164876,
          "mean_mass_object_name": 0.047526041666666664,
          "mean_mass_outside_lines": 0.0005865097045898438,
          "mean_mass_question_line": 0.012617746988932291,
          "mean_mass_record_line": 0.9713541666666666,
          "mean_mass_relation_name": 0.0,
          "mean_mass_self_last": 0.013297398885091146,
          "mean_mass_source_value": 0.047526041666666664,
          "mean_mass_target_language": 0.0003498867154121399,
          "mean_mass_target_value": 0.7491861979166666,
          "mean_top_attn_mass": 0.6126302083333334,
          "model": "glm4",
          "n": 24,
          "source_focus_score": 0.7683819370965164,
          "top_attn_token_counts": {
            " azul": 1,
            " ban": 1,
            " ble": 1,
            " eau": 1,
            " man": 1,
            " pl": 1,
            " pom": 1,
            " rouge": 1,
            "jo": 1,
            "�": 5
          }
        },
        {
          "function_family": "translation_language_route",
          "head": 26,
          "head_key": "L29H26",
          "layer": 29,
          "mean_mass_answer_line": 0.0002539704243342082,
          "mean_mass_grammar_marker": 0.0,
          "mean_mass_instruction_line": 0.00014447917540868124,
          "mean_mass_line_partition": 1.000044159591198,
          "mean_mass_object_name": 0.015799840291341145,
          "mean_mass_outside_lines": 0.0006791700919469198,
          "mean_mass_question_line": 0.002087116241455078,
          "mean_mass_record_line": 0.99755859375,
          "mean_mass_relation_name": 0.0,
          "mean_mass_self_last": 0.0002407530943552653,
          "mean_mass_source_value": 0.015799840291341145,
          "mean_mass_target_language": 0.0006997622549533844,
          "mean_mass_target_value": 0.736328125,
          "mean_top_attn_mass": 0.6806640625,
          "model": "glm4",
          "n": 24,
          "source_focus_score": 0.7444421940793594,
          "top_attn_token_counts": {
            " ban": 1,
            " rouge": 1,
            "jo": 1,
            "me": 1,
            "z": 1,
            "át": 1,
            "果": 1,
            "色": 2,
            "蕉": 1,
            "阳": 2
          }
        },
        {
          "function_family": "translation_language_route",
          "head": 29,
          "head_key": "L28H29",
          "layer": 28,
          "mean_mass_answer_line": 0.0022243360678354898,
          "mean_mass_grammar_marker": 0.0,
          "mean_mass_instruction_line": 0.002081016699473063,
          "mean_mass_line_partition": 0.999547153711319,
          "mean_mass_object_name": 0.01662127176920573,
          "mean_mass_outside_lines": 0.0009349485238393148,
          "mean_mass_question_line": 0.00484466552734375,
          "mean_mass_record_line": 0.9903971354166666,
          "mean_mass_relation_name": 0.0,
          "mean_mass_self_last": 0.0004641960064570109,
          "mean_mass_source_value": 0.01662127176920573,
          "mean_mass_target_language": 0.0040274858474731445,
          "mean_mass_target_value": 0.7245279947916666,
          "mean_top_attn_mass": 0.6809895833333334,
          "model": "glm4",
          "n": 24,
          "source_focus_score": 0.7332557812333107,
          "top_attn_token_counts": {
            " azul": 1,
            " ban": 1,
            " eau": 1,
            " man": 1,
            " pl": 1,
            " pom": 1,
            " ro": 1,
            " rouge": 1,
            " �": 5,
            "Record": 1
          }
        },
        {
          "function_family": "translation_language_route",
          "head": 13,
          "head_key": "L32H13",
          "layer": 32,
          "mean_mass_answer_line": 0.0335234006245931,
          "mean_mass_grammar_marker": 0.0,
          "mean_mass_instruction_line": 0.009233832359313965,
          "mean_mass_line_partition": 1.0001705884933472,
          "mean_mass_object_name": 0.08016204833984375,
          "mean_mass_outside_lines": 0.00046372413635253906,
          "mean_mass_question_line": 0.0404211680094401,
          "mean_mass_record_line": 0.9169921875,
          "mean_mass_relation_name": 0.0,
          "mean_mass_self_last": 0.03223093350728353,
          "mean_mass_source_value": 0.08016204833984375,
          "mean_mass_target_language": 0.0004449238379796346,
          "mean_mass_target_value": 0.714111328125,
          "mean_top_attn_mass": 0.6481526692708334,
          "model": "glm4",
          "n": 24,
          "source_focus_score": 0.7414170478781064,
          "top_attn_token_counts": {
            " azul": 1,
            " ban": 1,
            " ble": 1,
            " eau": 1,
            " man": 1,
            " pl": 1,
            " pom": 1,
            " ro": 1,
            " rouge": 1,
            "�": 5
          }
        },
        {
          "function_family": "translation_language_route",
          "head": 28,
          "head_key": "L32H28",
          "layer": 32,
          "mean_mass_answer_line": 0.02019500732421875,
          "mean_mass_grammar_marker": 0.0,
          "mean_mass_instruction_line": 0.007658481597900391,
          "mean_mass_line_partition": 1.0003148714701335,
          "mean_mass_object_name": 0.030568440755208332,
          "mean_mass_outside_lines": 0.0004469553629557292,
          "mean_mass_question_line": 0.01266320546468099,
          "mean_mass_record_line": 0.9597981770833334,
          "mean_mass_relation_name": 0.0,
          "mean_mass_self_last": 0.019618988037109375,
          "mean_mass_source_value": 0.030568440755208332,
          "mean_mass_target_language": 0.002452502648035685,
          "mean_mass_target_value": 0.68505859375,
          "mean_top_attn_mass": 0.596435546875,
          "model": "glm4",
          "n": 24,
          "source_focus_score": 0.6926910728216171,
          "top_attn_token_counts": {
            " pom": 1,
            " rouge": 1,
            " �": 1,
            "Record": 2,
            "jo": 1,
            "u": 1,
            "z": 1,
            "át": 1,
            "色": 1,
            "�": 3
          }
        },
        {
          "function_family": "translation_language_route",
          "head": 14,
          "head_key": "L21H14",
          "layer": 21,
          "mean_mass_answer_line": 0.010552088419596354,
          "mean_mass_grammar_marker": 0.0,
          "mean_mass_instruction_line": 0.0009641647338867188,
          "mean_mass_line_partition": 0.9999688466389974,
          "mean_mass_object_name": 0.0046258072058359785,
          "mean_mass_outside_lines": 0.0005838473637898763,
          "mean_mass_question_line": 0.008309364318847656,
          "mean_mass_record_line": 0.9801432291666666,
          "mean_mass_relation_name": 0.0,
          "mean_mass_self_last": 0.010549545288085938,
          "mean_mass_source_value": 0.0046258072058359785,
          "mean_mass_target_language": 0.01800092061360677,
          "mean_mass_target_value": 0.6844075520833334,
          "mean_top_attn_mass": 0.6537272135416666,
          "model": "glm4",
          "n": 24,
          "source_focus_score": 0.6926008115212123,
          "top_attn_token_counts": {
            " azul": 1,
            " eau": 1,
            " rouge": 1,
            " �": 5,
            "ana": 1,
            "ane": 1,
            "ano": 1,
            "jo": 1,
            "me": 1,
            "u": 1
          }
        },
        {
          "function_family": "translation_language_route",
          "head": 29,
          "head_key": "L24H29",
          "layer": 24,
          "mean_mass_answer_line": 0.010540962219238281,
          "mean_mass_grammar_marker": 0.0,
          "mean_mass_instruction_line": 0.0011339088280995686,
          "mean_mass_line_partition": 1.000644673903783,
          "mean_mass_object_name": 0.02682813008626302,
          "mean_mass_outside_lines": 0.000532001256942749,
          "mean_mass_question_line": 0.023963292439778645,
          "mean_mass_record_line": 0.9650065104166666,
          "mean_mass_relation_name": 0.0,
          "mean_mass_self_last": 0.010389010111490885,
          "mean_mass_source_value": 0.02682813008626302,
          "mean_mass_target_language": 0.015354156494140625,
          "mean_mass_target_value": 0.6651611328125,
          "mean_top_attn_mass": 0.5455322265625,
          "model": "glm4",
          "n": 24,
          "source_focus_score": 0.6830500811338425,
          "top_attn_token_counts": {
            " azul": 1,
            " eau": 1,
            " man": 1,
            " pl": 1,
            " rouge": 1,
            " �": 4,
            "ane": 1,
            "jo": 1,
            "me": 1,
            "u": 1
          }
        },
        {
          "function_family": "translation_language_route",
          "head": 13,
          "head_key": "L24H13",
          "layer": 24,
          "mean_mass_answer_line": 0.015043338139851889,
          "mean_mass_grammar_marker": 0.0,
          "mean_mass_instruction_line": 0.001018496851126353,
          "mean_mass_line_partition": 0.9995817666252454,
          "mean_mass_object_name": 0.000986788421869278,
          "mean_mass_outside_lines": 0.0007783249020576477,
          "mean_mass_question_line": 0.004353264967600505,
          "mean_mass_record_line": 0.9791666666666666,
          "mean_mass_relation_name": 0.0,
          "mean_mass_self_last": 0.015031894048055014,
          "mean_mass_source_value": 0.000986788421869278,
          "mean_mass_target_language": 0.005941505233446757,
          "mean_mass_target_value": 0.6183268229166666,
          "mean_top_attn_mass": 0.6028645833333334,
          "model": "glm4",
          "n": 24,
          "source_focus_score": 0.6175208867837985,
          "top_attn_token_counts": {
            " rouge": 1,
            " �": 5,
            ".\n": 2,
            "Record": 2,
            "ana": 1,
            "ane": 1,
            "ano": 1,
            "jo": 1,
            "me": 1,
            "u": 1
          }
        },
        {
          "function_family": "translation_language_route",
          "head": 31,
          "head_key": "L24H31",
          "layer": 24,
          "mean_mass_answer_line": 0.008614222208658854,
          "mean_mass_grammar_marker": 0.0,
          "mean_mass_instruction_line": 0.006051063537597656,
          "mean_mass_line_partition": 1.000057538350423,
          "mean_mass_object_name": 0.042109171549479164,
          "mean_mass_outside_lines": 0.0004730224609375,
          "mean_mass_question_line": 0.0780029296875,
          "mean_mass_record_line": 0.9073893229166666,
          "mean_mass_relation_name": 0.0,
          "mean_mass_self_last": 0.007619222005208333,
          "mean_mass_source_value": 0.042109171549479164,
          "mean_mass_target_language": 0.047007242838541664,
          "mean_mass_target_value": 0.5906982421875,
          "mean_top_attn_mass": 0.5249837239583334,
          "model": "glm4",
          "n": 24,
          "source_focus_score": 0.630077362060547,
          "top_attn_token_counts": {
            " rouge": 1,
            "ana": 1,
            "ane": 1,
            "ano": 1,
            "jo": 1,
            "me": 1,
            "u": 1,
            "果": 1,
            "色": 2,
            "蕉": 1
          }
        },
        {
          "function_family": "translation_language_route",
          "head": 11,
          "head_key": "L21H11",
          "layer": 21,
          "mean_mass_answer_line": 0.0058981577555338545,
          "mean_mass_grammar_marker": 0.0,
          "mean_mass_instruction_line": 0.00011834502220153809,
          "mean_mass_line_partition": 0.999946524699529,
          "mean_mass_object_name": 0.016682942708333332,
          "mean_mass_outside_lines": 0.0005439470211664835,
          "mean_mass_question_line": 0.0022308031717936196,
          "mean_mass_record_line": 0.99169921875,
          "mean_mass_relation_name": 0.0,
          "mean_mass_self_last": 0.0058981577555338545,
          "mean_mass_source_value": 0.016682942708333332,
          "mean_mass_target_language": 0.0037876764933268228,
          "mean_mass_target_value": 0.5896809895833334,
          "mean_top_attn_mass": 0.5242513020833334,
          "model": "glm4",
          "n": 24,
          "source_focus_score": 0.5983825872341793,
          "top_attn_token_counts": {
            " azul": 1,
            " man": 1,
            " pom": 1,
            " �": 5,
            ".\n": 5,
            "Record": 1,
            "ane": 1,
            "ano": 1,
            "jo": 1,
            "u": 1
          }
        },
        {
          "function_family": "translation_language_route",
          "head": 17,
          "head_key": "L29H17",
          "layer": 29,
          "mean_mass_answer_line": 0.0014619827270507812,
          "mean_mass_grammar_marker": 0.0,
          "mean_mass_instruction_line": 0.0006348143021265665,
          "mean_mass_line_partition": 1.0002886305252712,
          "mean_mass_object_name": 0.008269309997558594,
          "mean_mass_outside_lines": 0.0005638599395751953,
          "mean_mass_question_line": 0.0012842814127604167,
          "mean_mass_record_line": 0.9969075520833334,
          "mean_mass_relation_name": 0.0,
          "mean_mass_self_last": 0.0014356176058451335,
          "mean_mass_source_value": 0.008269309997558594,
          "mean_mass_target_language": 0.00030712100366751355,
          "mean_mass_target_value": 0.5857289632161459,
          "mean_top_attn_mass": 0.6565755208333334,
          "model": "glm4",
          "n": 24,
          "source_focus_score": 0.589334275883933,
          "top_attn_token_counts": {
            " rouge": 1,
            ".\n": 3,
            "Record": 6,
            "ane": 1,
            "jo": 1,
            "me": 1,
            "z": 1,
            "át": 1,
            "果": 1,
            "蕉": 1
          }
        },
        {
          "function_family": "translation_language_route",
          "head": 21,
          "head_key": "L29H21",
          "layer": 29,
          "mean_mass_answer_line": 0.001962382346391678,
          "mean_mass_grammar_marker": 0.0,
          "mean_mass_instruction_line": 0.0018472298979759216,
          "mean_mass_line_partition": 1.0001996370653312,
          "mean_mass_object_name": 0.02565320332845052,
          "mean_mass_outside_lines": 0.0006574392318725586,
          "mean_mass_question_line": 0.015107472737630209,
          "mean_mass_record_line": 0.9812825520833334,
          "mean_mass_relation_name": 0.0,
          "mean_mass_self_last": 0.0017701440180341403,
          "mean_mass_source_value": 0.02565320332845052,
          "mean_mass_target_language": 0.0015560587247212727,
          "mean_mass_target_value": 0.5802815755208334,
          "mean_top_attn_mass": 0.645263671875,
          "model": "glm4",
          "n": 24,
          "source_focus_score": 0.5924719960118333,
          "top_attn_token_counts": {
            " rouge": 1,
            ".\n": 4,
            "Record": 5,
            "ane": 1,
            "me": 1,
            "z": 1,
            "át": 1,
            "果": 1,
            "色": 2,
            "蕉": 1
          }
        },
        {
          "function_family": "translation_language_route",
          "head": 15,
          "head_key": "L23H15",
          "layer": 23,
          "mean_mass_answer_line": 0.009639104207356771,
          "mean_mass_grammar_marker": 0.0,
          "mean_mass_instruction_line": 0.0021713972091674805,
          "mean_mass_line_partition": 0.9996943871180216,
          "mean_mass_object_name": 0.028784434000651043,
          "mean_mass_outside_lines": 0.0008051792780558268,
          "mean_mass_question_line": 0.024504979451497395,
          "mean_mass_record_line": 0.96337890625,
          "mean_mass_relation_name": 0.0,
          "mean_mass_self_last": 0.00947872797648112,
          "mean_mass_source_value": 0.028784434000651043,
          "mean_mass_target_language": 0.001994053522745768,
          "mean_mass_target_value": 0.5791422526041666,
          "mean_top_attn_mass": 0.4706217447916667,
          "model": "glm4",
          "n": 24,
          "source_focus_score": 0.5910360217094421,
          "top_attn_token_counts": {
            " eau": 1,
            " man": 1,
            " rouge": 1,
            " 水": 1,
            " �": 5,
            ".\n": 2,
            "Record": 3,
            "ane": 1,
            "ano": 1,
            "u": 1
          }
        }
      ]
    }
  },
  "model": "glm4",
  "n_function_families": 4,
  "n_prompt_head_rows": 122880,
  "phase": 721,
  "timestamp": "2026-06-28 15:15:05",
  "top_global_source_focus_heads": [
    {
      "function_family": "simple_grammar_protocol_route",
      "head": 26,
      "head_key": "L29H26",
      "layer": 29,
      "mean_mass_answer_line": 0.00010756651560465495,
      "mean_mass_grammar_marker": 0.0022127280632654824,
      "mean_mass_instruction_line": 0.0002138639489809672,
      "mean_mass_line_partition": 1.0001586799820263,
      "mean_mass_object_name": 0.721258799235026,
      "mean_mass_outside_lines": 0.0004944279789924622,
      "mean_mass_question_line": 0.003255218267440796,
      "mean_mass_record_line": 0.99658203125,
      "mean_mass_relation_name": 0.006853659947713216,
      "mean_mass_self_last": 9.916660686333974e-05,
      "mean_mass_source_value": 0.721258799235026,
      "mean_mass_target_language": 0.0,
      "mean_mass_target_value": 0.8816731770833334,
      "mean_top_attn_mass": 0.880859375,
      "model": "glm4",
      "n": 24,
      "source_focus_score": 1.2467019471029441,
      "top_attn_token_counts": {
        " apples": 1,
        " books": 1,
        " boxes": 1,
        " called": 1,
        " cars": 1,
        " jumped": 1,
        " looked": 1,
        " opened": 1,
        " played": 1,
        " walked": 1
      }
    },
    {
      "function_family": "simple_grammar_protocol_route",
      "head": 10,
      "head_key": "L23H10",
      "layer": 23,
      "mean_mass_answer_line": 0.010817607243855795,
      "mean_mass_grammar_marker": 0.001838982105255127,
      "mean_mass_instruction_line": 0.0009416739145914713,
      "mean_mass_line_partition": 0.9995299975077311,
      "mean_mass_object_name": 0.7082058588663737,
      "mean_mass_outside_lines": 0.0007815957069396973,
      "mean_mass_question_line": 0.007953008015950521,
      "mean_mass_record_line": 0.9798177083333334,
      "mean_mass_relation_name": 0.004378318786621094,
      "mean_mass_self_last": 0.010678291320800781,
      "mean_mass_source_value": 0.7082058588663737,
      "mean_mass_target_language": 0.0,
      "mean_mass_target_value": 0.85791015625,
      "mean_top_attn_mass": 0.8541666666666666,
      "model": "glm4",
      "n": 24,
      "source_focus_score": 1.2119464973608653,
      "top_attn_token_counts": {
        " apples": 1,
        " books": 1,
        " boxes": 1,
        " called": 1,
        " cars": 1,
        " jumped": 1,
        " looked": 1,
        " opened": 1,
        " played": 1,
        " walked": 1
      }
    },
    {
      "function_family": "simple_grammar_protocol_route",
      "head": 18,
      "head_key": "L29H18",
      "layer": 29,
      "mean_mass_answer_line": 0.0008459885915120443,
      "mean_mass_grammar_marker": 0.0023702184359232583,
      "mean_mass_instruction_line": 0.00047655900319417316,
      "mean_mass_line_partition": 1.0002145369847615,
      "mean_mass_object_name": 0.7327454884847006,
      "mean_mass_outside_lines": 0.0005410512288411459,
      "mean_mass_question_line": 0.02135292689005534,
      "mean_mass_record_line": 0.9775390625,
      "mean_mass_relation_name": 0.0058057308197021484,
      "mean_mass_self_last": 0.0008298158645629883,
      "mean_mass_source_value": 0.7327454884847006,
      "mean_mass_target_language": 0.0,
      "mean_mass_target_value": 0.8136393229166666,
      "mean_top_attn_mass": 0.8087565104166666,
      "model": "glm4",
      "n": 24,
      "source_focus_score": 1.1836502651373544,
      "top_attn_token_counts": {
        " apples": 1,
        " books": 1,
        " boxes": 1,
        " called": 1,
        " cars": 1,
        " jumped": 1,
        " looked": 1,
        " opened": 1,
        " played": 1,
        " walked": 1
      }
    },
    {
      "function_family": "simple_grammar_protocol_route",
      "head": 13,
      "head_key": "L23H13",
      "layer": 23,
      "mean_mass_answer_line": 0.018751144409179688,
      "mean_mass_grammar_marker": 0.00783236821492513,
      "mean_mass_instruction_line": 0.007353782653808594,
      "mean_mass_line_partition": 1.0000775655110676,
      "mean_mass_object_name": 0.6845652262369791,
      "mean_mass_outside_lines": 0.0006120999654134115,
      "mean_mass_question_line": 0.02556769053141276,
      "mean_mass_record_line": 0.9484049479166666,
      "mean_mass_relation_name": 0.010631879170735678,
      "mean_mass_self_last": 0.018071333567301433,
      "mean_mass_source_value": 0.6845652262369791,
      "mean_mass_target_language": 0.0,
      "mean_mass_target_value": 0.8225911458333334,
      "mean_top_attn_mass": 0.8219401041666666,
      "model": "glm4",
      "n": 24,
      "source_focus_score": 1.1657412052154543,
      "top_attn_token_counts": {
        " apples": 1,
        " books": 1,
        " boxes": 1,
        " called": 1,
        " cars": 1,
        " jumped": 1,
        " looked": 1,
        " opened": 1,
        " played": 1,
        " walked": 1
      }
    },
    {
      "function_family": "simple_grammar_protocol_route",
      "head": 21,
      "head_key": "L26H21",
      "layer": 26,
      "mean_mass_answer_line": 0.006313800811767578,
      "mean_mass_grammar_marker": 0.004349350929260254,
      "mean_mass_instruction_line": 0.0014948050181070964,
      "mean_mass_line_partition": 1.0003146330515544,
      "mean_mass_object_name": 0.7140159606933594,
      "mean_mass_outside_lines": 0.0005427996317545573,
      "mean_mass_question_line": 0.023267745971679688,
      "mean_mass_record_line": 0.96923828125,
      "mean_mass_relation_name": 0.012838522593180338,
      "mean_mass_self_last": 0.006291866302490234,
      "mean_mass_source_value": 0.7140159606933594,
      "mean_mass_target_language": 0.0,
      "mean_mass_target_value": 0.800048828125,
      "mean_top_attn_mass": 0.7837727864583334,
      "model": "glm4",
      "n": 24,
      "source_focus_score": 1.1633248925209045,
      "top_attn_token_counts": {
        " apples": 1,
        " books": 1,
        " boxes": 1,
        " called": 1,
        " cars": 1,
        " jumped": 1,
        " looked": 1,
        " opened": 1,
        " played": 1,
        " walked": 1
      }
    },
    {
      "function_family": "simple_grammar_protocol_route",
      "head": 24,
      "head_key": "L24H24",
      "layer": 24,
      "mean_mass_answer_line": 0.005018870035807292,
      "mean_mass_grammar_marker": 0.038494110107421875,
      "mean_mass_instruction_line": 0.0021920204162597656,
      "mean_mass_line_partition": 1.0002249081929524,
      "mean_mass_object_name": 0.7052815755208334,
      "mean_mass_outside_lines": 0.000671545664469401,
      "mean_mass_question_line": 0.11182912190755208,
      "mean_mass_record_line": 0.8811848958333334,
      "mean_mass_relation_name": 0.0347900390625,
      "mean_mass_self_last": 0.004450162251790364,
      "mean_mass_source_value": 0.7052815755208334,
      "mean_mass_target_language": 0.0,
      "mean_mass_target_value": 0.75341796875,
      "mean_top_attn_mass": 0.7530924479166666,
      "model": "glm4",
      "n": 24,
      "source_focus_score": 1.140350103378296,
      "top_attn_token_counts": {
        " apples": 1,
        " books": 1,
        " boxes": 1,
        " called": 1,
        " cars": 1,
        " jumped": 1,
        " looked": 1,
        " opened": 1,
        " played": 1,
        " walked": 1
      }
    },
    {
      "function_family": "simple_grammar_protocol_route",
      "head": 15,
      "head_key": "L21H15",
      "layer": 21,
      "mean_mass_answer_line": 0.0144195556640625,
      "mean_mass_grammar_marker": 0.004613806804021199,
      "mean_mass_instruction_line": 0.0010658204555511475,
      "mean_mass_line_partition": 0.9996027251084646,
      "mean_mass_object_name": 0.6485678354899088,
      "mean_mass_outside_lines": 0.0007949570814768473,
      "mean_mass_question_line": 0.010972817738850912,
      "mean_mass_record_line": 0.97314453125,
      "mean_mass_relation_name": 0.009569247563680014,
      "mean_mass_self_last": 0.014038721720377604,
      "mean_mass_source_value": 0.6485678354899088,
      "mean_mass_target_language": 0.0,
      "mean_mass_target_value": 0.797637939453125,
      "mean_top_attn_mass": 0.84765625,
      "model": "glm4",
      "n": 24,
      "source_focus_score": 1.124875585238139,
      "top_attn_token_counts": {
        " apples": 1,
        " boxes": 1,
        " called": 1,
        " cars": 1,
        " jumped": 1,
        " looked": 1,
        " opened": 1,
        " played": 1,
        " walked": 1,
        ".\n": 2
      }
    },
    {
      "function_family": "simple_grammar_protocol_route",
      "head": 0,
      "head_key": "L23H0",
      "layer": 23,
      "mean_mass_answer_line": 0.026482899983723957,
      "mean_mass_grammar_marker": 0.01181777318318685,
      "mean_mass_instruction_line": 0.0011621713638305664,
      "mean_mass_line_partition": 1.000102957089742,
      "mean_mass_object_name": 0.6556574503580729,
      "mean_mass_outside_lines": 0.0006683667500813802,
      "mean_mass_question_line": 0.0154266357421875,
      "mean_mass_record_line": 0.95703125,
      "mean_mass_relation_name": 0.01589202880859375,
      "mean_mass_self_last": 0.025541305541992188,
      "mean_mass_source_value": 0.6556574503580729,
      "mean_mass_target_language": 0.0,
      "mean_mass_target_value": 0.78271484375,
      "mean_top_attn_mass": 0.7809244791666666,
      "model": "glm4",
      "n": 24,
      "source_focus_score": 1.1171966592470806,
      "top_attn_token_counts": {
        " apples": 1,
        " books": 1,
        " boxes": 1,
        " called": 1,
        " cars": 1,
        " jumped": 1,
        " looked": 1,
        " opened": 1,
        " played": 1,
        " walked": 1
      }
    },
    {
      "function_family": "simple_grammar_protocol_route",
      "head": 28,
      "head_key": "L29H28",
      "layer": 29,
      "mean_mass_answer_line": 0.0010847747325897217,
      "mean_mass_grammar_marker": 0.0023393481969833374,
      "mean_mass_instruction_line": 0.002881209055582682,
      "mean_mass_line_partition": 0.999575267235438,
      "mean_mass_object_name": 0.7164510091145834,
      "mean_mass_outside_lines": 0.0009495516618092855,
      "mean_mass_question_line": 0.037113189697265625,
      "mean_mass_record_line": 0.95849609375,
      "mean_mass_relation_name": 0.009242713451385498,
      "mean_mass_self_last": 0.001002420981725057,
      "mean_mass_source_value": 0.7164510091145834,
      "mean_mass_target_language": 0.0,
      "mean_mass_target_value": 0.6496988932291666,
      "mean_top_attn_mass": 0.711669921875,
      "model": "glm4",
      "n": 24,
      "source_focus_score": 1.012003630399704,
      "top_attn_token_counts": {
        " apples": 1,
        " called": 1,
        " cars": 1,
        " fast": 2,
        " jumped": 1,
        " looked": 1,
        " opened": 1,
        " played": 1,
        " walked": 1,
        "Record": 2
      }
    },
    {
      "function_family": "simple_grammar_protocol_route",
      "head": 28,
      "head_key": "L32H28",
      "layer": 32,
      "mean_mass_answer_line": 0.010049184163411459,
      "mean_mass_grammar_marker": 0.03387864430745443,
      "mean_mass_instruction_line": 0.00582424799601237,
      "mean_mass_line_partition": 1.0001885096232097,
      "mean_mass_object_name": 0.5899267196655273,
      "mean_mass_outside_lines": 0.00035699208577473957,
      "mean_mass_question_line": 0.045024712880452476,
      "mean_mass_record_line": 0.9392903645833334,
      "mean_mass_relation_name": 0.07860819498697917,
      "mean_mass_self_last": 0.00979773203531901,
      "mean_mass_source_value": 0.5899267196655273,
      "mean_mass_target_language": 0.0,
      "mean_mass_target_value": 0.6541748046875,
      "mean_top_attn_mass": 0.6518961588541666,
      "model": "glm4",
      "n": 24,
      "source_focus_score": 0.9999571641286215,
      "top_attn_token_counts": {
        " apples": 1,
        " books": 1,
        " boxes": 1,
        " called": 1,
        " cars": 1,
        " jumped": 1,
        " looked": 1,
        " opened": 1,
        " played": 1,
        " walked": 1
      }
    },
    {
      "function_family": "simple_grammar_protocol_route",
      "head": 2,
      "head_key": "L25H2",
      "layer": 25,
      "mean_mass_answer_line": 0.03166544437408447,
      "mean_mass_grammar_marker": 0.012253443400065104,
      "mean_mass_instruction_line": 0.021544739603996277,
      "mean_mass_line_partition": 1.0003114591042201,
      "mean_mass_object_name": 0.5782450834910074,
      "mean_mass_outside_lines": 0.0003426074981689453,
      "mean_mass_question_line": 0.07470544179280598,
      "mean_mass_record_line": 0.8723958333333334,
      "mean_mass_relation_name": 0.028704404830932617,
      "mean_mass_self_last": 0.030795733133951824,
      "mean_mass_source_value": 0.5782450834910074,
      "mean_mass_target_language": 0.0,
      "mean_mass_target_value": 0.7041829427083334,
      "mean_top_attn_mass": 0.7041829427083334,
      "model": "glm4",
      "n": 24,
      "source_focus_score": 0.9950956776738167,
      "top_attn_token_counts": {
        " apples": 1,
        " books": 1,
        " called": 1,
        " cars": 1,
        " jumped": 1,
        " looked": 1,
        " opened": 1,
        " played": 1,
        " walked": 1,
        "Record": 1
      }
    },
    {
      "function_family": "simple_grammar_protocol_route",
      "head": 13,
      "head_key": "L32H13",
      "layer": 32,
      "mean_mass_answer_line": 0.006460348765055339,
      "mean_mass_grammar_marker": 0.003964742024739583,
      "mean_mass_instruction_line": 0.005616366863250732,
      "mean_mass_line_partition": 1.0003299911816914,
      "mean_mass_object_name": 0.7843704223632812,
      "mean_mass_outside_lines": 0.0007073084513346354,
      "mean_mass_question_line": 0.28504689534505206,
      "mean_mass_record_line": 0.7032063802083334,
      "mean_mass_relation_name": 0.010646343231201172,
      "mean_mass_self_last": 0.005625247955322266,
      "mean_mass_source_value": 0.7843704223632812,
      "mean_mass_target_language": 0.0,
      "mean_mass_target_value": 0.5857747395833334,
      "mean_top_attn_mass": 0.6439615885416666,
      "model": "glm4",
      "n": 24,
      "source_focus_score": 0.9808422227700552,
      "top_attn_token_counts": {
        " apple": 1,
        " book": 1,
        " box": 1,
        " call": 1,
        " car": 1,
        " jumped": 1,
        " looked": 1,
        " opened": 1,
        " play": 1,
        " walked": 1
      }
    },
    {
      "function_family": "fruit_identity_reuse_difference",
      "head": 28,
      "head_key": "L29H28",
      "layer": 29,
      "mean_mass_answer_line": 7.072091102600098e-05,
      "mean_mass_grammar_marker": 0.0,
      "mean_mass_instruction_line": 0.0005429983139038086,
      "mean_mass_line_partition": 0.9993009865283966,
      "mean_mass_object_name": 0.007508595784505208,
      "mean_mass_outside_lines": 0.0012628634770711262,
      "mean_mass_question_line": 0.0012914339701334636,
      "mean_mass_record_line": 0.9973958333333334,
      "mean_mass_relation_name": 0.0009067058563232422,
      "mean_mass_self_last": 5.908807118733724e-05,
      "mean_mass_source_value": 0.9677734375,
      "mean_mass_target_language": 0.0,
      "mean_mass_target_value": 0.9677734375,
      "mean_top_attn_mass": 0.9677734375,
      "model": "glm4",
      "n": 24,
      "source_focus_score": 0.9716919089357058,
      "top_attn_token_counts": {
        " animal": 6,
        " fruit": 12,
        " tool": 6
      }
    },
    {
      "function_family": "simple_grammar_protocol_route",
      "head": 31,
      "head_key": "L24H31",
      "layer": 24,
      "mean_mass_answer_line": 0.008270899454752604,
      "mean_mass_grammar_marker": 0.07589213053385417,
      "mean_mass_instruction_line": 0.012547175089518229,
      "mean_mass_line_partition": 1.0004348754882812,
      "mean_mass_object_name": 0.5197830200195312,
      "mean_mass_outside_lines": 0.0004819234212239583,
      "mean_mass_question_line": 0.03951263427734375,
      "mean_mass_record_line": 0.9401041666666666,
      "mean_mass_relation_name": 0.07158406575520833,
      "mean_mass_self_last": 0.007383982340494792,
      "mean_mass_source_value": 0.5197830200195312,
      "mean_mass_target_language": 0.0,
      "mean_mass_target_value": 0.6386311848958334,
      "mean_top_attn_mass": 0.6436360677083334,
      "model": "glm4",
      "n": 24,
      "source_focus_score": 0.963919480641683,
      "top_attn_token_counts": {
        " apples": 1,
        " books": 1,
        " called": 1,
        " cars": 1,
        " jumped": 1,
        " looked": 1,
        " opened": 1,
        " played": 1,
        " walked": 1,
        "Record": 1
      }
    },
    {
      "function_family": "simple_grammar_protocol_route",
      "head": 28,
      "head_key": "L28H28",
      "layer": 28,
      "mean_mass_answer_line": 0.0065720876057942705,
      "mean_mass_grammar_marker": 0.07979456583658855,
      "mean_mass_instruction_line": 0.0033031105995178223,
      "mean_mass_line_partition": 0.9991024931271871,
      "mean_mass_object_name": 0.5210920969645182,
      "mean_mass_outside_lines": 0.0012750625610351562,
      "mean_mass_question_line": 0.008270263671875,
      "mean_mass_record_line": 0.98095703125,
      "mean_mass_relation_name": 0.05132929484049479,
      "mean_mass_self_last": 0.0035718282063802085,
      "mean_mass_source_value": 0.5210920969645182,
      "mean_mass_target_language": 0.0,
      "mean_mass_target_value": 0.6400146484375,
      "mean_top_attn_mass": 0.646484375,
      "model": "glm4",
      "n": 24,
      "source_focus_score": 0.9628280500570933,
      "top_attn_token_counts": {
        " books": 1,
        " boxes": 1,
        " called": 1,
        " cars": 1,
        " jumped": 1,
        " looked": 1,
        " opened": 1,
        " played": 1,
        " walked": 1,
        ".\n": 2
      }
    },
    {
      "function_family": "fruit_identity_reuse_difference",
      "head": 18,
      "head_key": "L29H18",
      "layer": 29,
      "mean_mass_answer_line": 9.753306706746419e-05,
      "mean_mass_grammar_marker": 0.0,
      "mean_mass_instruction_line": 0.00016740957895914713,
      "mean_mass_line_partition": 1.0000001390775044,
      "mean_mass_object_name": 0.011533737182617188,
      "mean_mass_outside_lines": 0.0007139742374420166,
      "mean_mass_question_line": 0.0025021235148111978,
      "mean_mass_record_line": 0.9972330729166666,
      "mean_mass_relation_name": 0.0004202723503112793,
      "mean_mass_self_last": 6.308158238728841e-05,
      "mean_mass_source_value": 0.9539388020833334,
      "mean_mass_target_language": 0.0,
      "mean_mass_target_value": 0.9539388020833334,
      "mean_top_attn_mass": 0.9539388020833334,
      "model": "glm4",
      "n": 24,
      "source_focus_score": 0.9598077187935511,
      "top_attn_token_counts": {
        " animal": 6,
        " fruit": 12,
        " tool": 6
      }
    },
    {
      "function_family": "fruit_identity_reuse_difference",
      "head": 19,
      "head_key": "L24H19",
      "layer": 24,
      "mean_mass_answer_line": 1.1918988699714342e-05,
      "mean_mass_grammar_marker": 0.0,
      "mean_mass_instruction_line": 2.2540489832560222e-05,
      "mean_mass_line_partition": 1.0004301548469812,
      "mean_mass_object_name": 0.0056972503662109375,
      "mean_mass_outside_lines": 0.00043796499570210773,
      "mean_mass_question_line": 0.00202329953511556,
      "mean_mass_record_line": 0.9983723958333334,
      "mean_mass_relation_name": 0.00912777582804362,
      "mean_mass_self_last": 1.161972371240457e-05,
      "mean_mass_source_value": 0.9493815104166666,
      "mean_mass_target_language": 0.0,
      "mean_mass_target_value": 0.9493815104166666,
      "mean_top_attn_mass": 0.9493815104166666,
      "model": "glm4",
      "n": 24,
      "source_focus_score": 0.9567797735217027,
      "top_attn_token_counts": {
        " animal": 6,
        " fruit": 12,
        " tool": 6
      }
    },
    {
      "function_family": "simple_grammar_protocol_route",
      "head": 28,
      "head_key": "L31H28",
      "layer": 31,
      "mean_mass_answer_line": 0.005999565124511719,
      "mean_mass_grammar_marker": 0.006075719992319743,
      "mean_mass_instruction_line": 0.0035060246785481772,
      "mean_mass_line_partition": 1.0002752939860027,
      "mean_mass_object_name": 0.7378616333007812,
      "mean_mass_outside_lines": 0.0005815823872884115,
      "mean_mass_question_line": 0.14799626668294272,
      "mean_mass_record_line": 0.8427734375,
      "mean_mass_relation_name": 0.024831453959147137,
      "mean_mass_self_last": 0.0058345794677734375,
      "mean_mass_source_value": 0.7378616333007812,
      "mean_mass_target_language": 0.0,
      "mean_mass_target_value": 0.5712890625,
      "mean_top_attn_mass": 0.57861328125,
      "model": "glm4",
      "n": 24,
      "source_focus_score": 0.9524205625057222,
      "top_attn_token_counts": {
        " apples": 1,
        " boxes": 1,
        " called": 1,
        " cars": 1,
        " fast": 2,
        " jumped": 1,
        " looked": 1,
        " opened": 1,
        " played": 1,
        " walked": 1
      }
    },
    {
      "function_family": "simple_grammar_protocol_route",
      "head": 31,
      "head_key": "L26H31",
      "layer": 26,
      "mean_mass_answer_line": 0.02625274658203125,
      "mean_mass_grammar_marker": 0.0021788757294416428,
      "mean_mass_instruction_line": 0.006287097930908203,
      "mean_mass_line_partition": 1.0006062189737956,
      "mean_mass_object_name": 0.5764671166737875,
      "mean_mass_outside_lines": 0.00042327245076497394,
      "mean_mass_question_line": 0.029264291127522785,
      "mean_mass_record_line": 0.9388020833333334,
      "mean_mass_relation_name": 0.012835164864857992,
      "mean_mass_self_last": 0.02611541748046875,
      "mean_mass_source_value": 0.5764671166737875,
      "mean_mass_target_language": 0.0,
      "mean_mass_target_value": 0.6659138997395834,
      "mean_top_attn_mass": 0.695068359375,
      "model": "glm4",
      "n": 24,
      "source_focus_score": 0.9519477427626649,
      "top_attn_token_counts": {
        " apples": 1,
        " boxes": 1,
        " called": 1,
        " cars": 1,
        " jumped": 1,
        " looked": 1,
        " opened": 1,
        " played": 1,
        " walked": 1,
        "Record": 2
      }
    },
    {
      "function_family": "translation_language_route",
      "head": 28,
      "head_key": "L29H28",
      "layer": 29,
      "mean_mass_answer_line": 0.00016403043021758398,
      "mean_mass_grammar_marker": 0.0,
      "mean_mass_instruction_line": 0.0003992232183615367,
      "mean_mass_line_partition": 0.9996208793794116,
      "mean_mass_object_name": 0.008146842320760092,
      "mean_mass_outside_lines": 0.0008832961320877075,
      "mean_mass_question_line": 0.0016617923974990845,
      "mean_mass_record_line": 0.9973958333333334,
      "mean_mass_relation_name": 0.0,
      "mean_mass_self_last": 0.00014649688576658568,
      "mean_mass_source_value": 0.008146842320760092,
      "mean_mass_target_language": 0.00039506338847180206,
      "mean_mass_target_value": 0.9474283854166666,
      "mean_top_attn_mass": 0.862060546875,
      "model": "glm4",
      "n": 24,
      "source_focus_score": 0.9514587190545473,
      "top_attn_token_counts": {
        " azul": 1,
        " ban": 1,
        " ble": 1,
        " eau": 1,
        " man": 1,
        " pl": 1,
        " pom": 1,
        " ro": 1,
        " rouge": 1,
        " �": 4
      }
    },
    {
      "function_family": "color_value_reuse_difference",
      "head": 15,
      "head_key": "L21H15",
      "layer": 21,
      "mean_mass_answer_line": 0.0009274482727050781,
      "mean_mass_grammar_marker": 0.0,
      "mean_mass_instruction_line": 0.00026977062225341797,
      "mean_mass_line_partition": 1.0000070333480835,
      "mean_mass_object_name": 0.006065766016642253,
      "mean_mass_outside_lines": 0.0006652077039082845,
      "mean_mass_question_line": 0.035593668619791664,
      "mean_mass_record_line": 0.9632161458333334,
      "mean_mass_relation_name": 0.050725301106770836,
      "mean_mass_self_last": 0.0009264945983886719,
      "mean_mass_source_value": 0.92138671875,
      "mean_mass_target_language": 0.0,
      "mean_mass_target_value": 0.92138671875,
      "mean_top_attn_mass": 0.91845703125,
      "model": "glm4",
      "n": 24,
      "source_focus_score": 0.9494155049324036,
      "top_attn_token_counts": {
        " black": 2,
        " blue": 4,
        " green": 4,
        " orange": 2,
        " purple": 2,
        " red": 4,
        " white": 2,
        " yellow": 4
      }
    },
    {
      "function_family": "translation_language_route",
      "head": 10,
      "head_key": "L23H10",
      "layer": 23,
      "mean_mass_answer_line": 0.003889282544453939,
      "mean_mass_grammar_marker": 0.0,
      "mean_mass_instruction_line": 8.418379972378413e-05,
      "mean_mass_line_partition": 0.9998620149369041,
      "mean_mass_object_name": 0.0025009512901306152,
      "mean_mass_outside_lines": 0.0005466466148694357,
      "mean_mass_question_line": 0.002073444426059723,
      "mean_mass_record_line": 0.9938151041666666,
      "mean_mass_relation_name": 0.0,
      "mean_mass_self_last": 0.00382999579111735,
      "mean_mass_source_value": 0.0025009512901306152,
      "mean_mass_target_language": 0.002564112345377604,
      "mean_mass_target_value": 0.9469401041666666,
      "mean_top_attn_mass": 0.8487955729166666,
      "model": "glm4",
      "n": 24,
      "source_focus_score": 0.9484582234484453,
      "top_attn_token_counts": {
        " azul": 1,
        " eau": 1,
        " man": 1,
        " rouge": 1,
        " �": 5,
        "ane": 1,
        "jo": 1,
        "me": 1,
        "u": 1,
        "át": 1
      }
    },
    {
      "function_family": "color_value_reuse_difference",
      "head": 28,
      "head_key": "L29H28",
      "layer": 29,
      "mean_mass_answer_line": 0.000140229860941569,
      "mean_mass_grammar_marker": 0.0,
      "mean_mass_instruction_line": 0.005853176116943359,
      "mean_mass_line_partition": 1.0003265142440796,
      "mean_mass_object_name": 0.013847827911376953,
      "mean_mass_outside_lines": 0.0003949403762817383,
      "mean_mass_question_line": 0.0024711290995279946,
      "mean_mass_record_line": 0.9918619791666666,
      "mean_mass_relation_name": 0.0044345855712890625,
      "mean_mass_self_last": 0.0001052593191464742,
      "mean_mass_source_value": 0.92822265625,
      "mean_mass_target_language": 0.0,
      "mean_mass_target_value": 0.92822265625,
      "mean_top_attn_mass": 0.927734375,
      "model": "glm4",
      "n": 24,
      "source_focus_score": 0.934402217467626,
      "top_attn_token_counts": {
        " black": 2,
        " blue": 4,
        " green": 4,
        " orange": 2,
        " purple": 2,
        " red": 4,
        " white": 2,
        " yellow": 4
      }
    },
    {
      "function_family": "simple_grammar_protocol_route",
      "head": 17,
      "head_key": "L26H17",
      "layer": 26,
      "mean_mass_answer_line": 0.017815907796223957,
      "mean_mass_grammar_marker": 0.022508939107259113,
      "mean_mass_instruction_line": 0.011461257934570312,
      "mean_mass_line_partition": 0.9998633066813151,
      "mean_mass_object_name": 0.6038462320963541,
      "mean_mass_outside_lines": 0.000732421875,
      "mean_mass_question_line": 0.0801239013671875,
      "mean_mass_record_line": 0.8904622395833334,
      "mean_mass_relation_name": 0.020796457926432293,
      "mean_mass_self_last": 0.0173800786336263,
      "mean_mass_source_value": 0.6038462320963541,
      "mean_mass_target_language": 0.0,
      "mean_mass_target_value": 0.6180826822916666,
      "mean_top_attn_mass": 0.6582438151041666,
      "model": "glm4",
      "n": 24,
      "source_focus_score": 0.9314738909403483,
      "top_attn_token_counts": {
        " apples": 1,
        " called": 1,
        " cars": 1,
        " jumped": 1,
        " looked": 1,
        " opened": 1,
        " played": 1,
        " walked": 1,
        ".\n": 3,
        "Record": 2
      }
    },
    {
      "function_family": "simple_grammar_protocol_route",
      "head": 29,
      "head_key": "L25H29",
      "layer": 25,
      "mean_mass_answer_line": 0.032251993815104164,
      "mean_mass_grammar_marker": 0.006816357374191284,
      "mean_mass_instruction_line": 0.004790306091308594,
      "mean_mass_line_partition": 1.0005966822306316,
      "mean_mass_object_name": 0.6370951334635416,
      "mean_mass_outside_lines": 0.00034427642822265625,
      "mean_mass_question_line": 0.12281545003255208,
      "mean_mass_record_line": 0.8407389322916666,
      "mean_mass_relation_name": 0.021082242329915363,
      "mean_mass_self_last": 0.03217188517252604,
      "mean_mass_source_value": 0.6370951334635416,
      "mean_mass_target_language": 0.0,
      "mean_mass_target_value": 0.6032511393229166,
      "mean_top_attn_mass": 0.6284993489583334,
      "model": "glm4",
      "n": 24,
      "source_focus_score": 0.9252898544073105,
      "top_attn_token_counts": {
        " apples": 1,
        " books": 1,
        " boxes": 1,
        " called": 1,
        " cars": 1,
        " jumped": 1,
        " looked": 1,
        " opened": 1,
        " played": 1,
        " walked": 1
      }
    },
    {
      "function_family": "translation_language_route",
      "head": 26,
      "head_key": "L23H26",
      "layer": 23,
      "mean_mass_answer_line": 0.0001239180564880371,
      "mean_mass_grammar_marker": 0.0,
      "mean_mass_instruction_line": 0.002275769909222921,
      "mean_mass_line_partition": 1.000146155556043,
      "mean_mass_object_name": 0.014355977376302084,
      "mean_mass_outside_lines": 0.0005657747387886047,
      "mean_mass_question_line": 0.03729724884033203,
      "mean_mass_record_line": 0.96044921875,
      "mean_mass_relation_name": 0.0,
      "mean_mass_self_last": 0.00011661524573961894,
      "mean_mass_source_value": 0.014355977376302084,
      "mean_mass_target_language": 0.026555498441060383,
      "mean_mass_target_value": 0.90576171875,
      "mean_top_attn_mass": 0.7481282552083334,
      "model": "glm4",
      "n": 24,
      "source_focus_score": 0.9250485921899477,
      "top_attn_token_counts": {
        " man": 1,
        " pom": 1,
        " rouge": 1,
        "ane": 1,
        "jo": 1,
        "u": 1,
        "át": 1,
        "色": 2,
        "蕉": 1,
        "�": 2
      }
    },
    {
      "function_family": "translation_language_route",
      "head": 18,
      "head_key": "L29H18",
      "layer": 29,
      "mean_mass_answer_line": 0.0006713196635246277,
      "mean_mass_grammar_marker": 0.0,
      "mean_mass_instruction_line": 0.00041808684666951496,
      "mean_mass_line_partition": 0.9997256410618623,
      "mean_mass_object_name": 0.012703657150268555,
      "mean_mass_outside_lines": 0.0007473429044087728,
      "mean_mass_question_line": 0.0022169637183348336,
      "mean_mass_record_line": 0.9964192708333334,
      "mean_mass_relation_name": 0.0,
      "mean_mass_self_last": 0.0006278902292251587,
      "mean_mass_source_value": 0.012703657150268555,
      "mean_mass_target_language": 0.00043767426783839863,
      "mean_mass_target_value": 0.91748046875,
      "mean_top_attn_mass": 0.8811848958333334,
      "model": "glm4",
      "n": 24,
      "source_focus_score": 0.9236742611198376,
      "top_attn_token_counts": {
        " azul": 1,
        " ban": 1,
        " ble": 1,
        " eau": 1,
        " man": 1,
        " pl": 1,
        " pom": 1,
        " ro": 1,
        " rouge": 1,
        " �": 5
      }
    },
    {
      "function_family": "simple_grammar_protocol_route",
      "head": 29,
      "head_key": "L29H29",
      "layer": 29,
      "mean_mass_answer_line": 0.010841051737467447,
      "mean_mass_grammar_marker": 0.015130043029785156,
      "mean_mass_instruction_line": 0.012029647827148438,
      "mean_mass_line_partition": 1.000348726908366,
      "mean_mass_object_name": 0.6655476888020834,
      "mean_mass_outside_lines": 0.0004679361979166667,
      "mean_mass_question_line": 0.17637125651041666,
      "mean_mass_record_line": 0.8011067708333334,
      "mean_mass_relation_name": 0.026165326436360676,
      "mean_mass_self_last": 0.007061322530110677,
      "mean_mass_source_value": 0.6655476888020834,
      "mean_mass_target_language": 0.0,
      "mean_mass_target_value": 0.572998046875,
      "mean_top_attn_mass": 0.6044108072916666,
      "model": "glm4",
      "n": 24,
      "source_focus_score": 0.9176944891611736,
      "top_attn_token_counts": {
        " apples": 1,
        " boxes": 1,
        " called": 1,
        " cars": 1,
        " jumped": 1,
        " looked": 1,
        " opened": 1,
        " played": 1,
        " walked": 1,
        "Record": 2
      }
    },
    {
      "function_family": "translation_language_route",
      "head": 19,
      "head_key": "L24H19",
      "layer": 24,
      "mean_mass_answer_line": 0.00015174038708209991,
      "mean_mass_grammar_marker": 0.0,
      "mean_mass_instruction_line": 4.584391717799008e-06,
      "mean_mass_line_partition": 0.9995203581202077,
      "mean_mass_object_name": 0.0018093486626942952,
      "mean_mass_outside_lines": 0.000888726053138574,
      "mean_mass_question_line": 0.0005033562580744425,
      "mean_mass_record_line": 0.9988606770833334,
      "mean_mass_relation_name": 0.0,
      "mean_mass_self_last": 0.00015032726029555002,
      "mean_mass_source_value": 0.0018093486626942952,
      "mean_mass_target_language": 0.007787227630615234,
      "mean_mass_target_value": 0.8968098958333334,
      "mean_top_attn_mass": 0.790771484375,
      "model": "glm4",
      "n": 24,
      "source_focus_score": 0.9015679566873587,
      "top_attn_token_counts": {
        " azul": 1,
        " eau": 1,
        " man": 1,
        " rouge": 1,
        " �": 4,
        "ane": 1,
        "jo": 1,
        "me": 1,
        "u": 1,
        "át": 1
      }
    },
    {
      "function_family": "simple_grammar_protocol_route",
      "head": 11,
      "head_key": "L21H11",
      "layer": 21,
      "mean_mass_answer_line": 0.014840443929036459,
      "mean_mass_grammar_marker": 0.014438629150390625,
      "mean_mass_instruction_line": 0.00022545705238978067,
      "mean_mass_line_partition": 1.0003786807258923,
      "mean_mass_object_name": 0.5216008822123209,
      "mean_mass_outside_lines": 0.0004047900438308716,
      "mean_mass_question_line": 0.0045185089111328125,
      "mean_mass_record_line": 0.9807942708333334,
      "mean_mass_relation_name": 0.015537261962890625,
      "mean_mass_self_last": 0.014670054117838541,
      "mean_mass_source_value": 0.5216008822123209,
      "mean_mass_target_language": 0.0,
      "mean_mass_target_value": 0.6278889973958334,
      "mean_top_attn_mass": 0.7041829427083334,
      "model": "glm4",
      "n": 24,
      "source_focus_score": 0.8998545445501804,
      "top_attn_token_counts": {
        " apples": 1,
        " books": 1,
        " boxes": 1,
        " cars": 1,
        " jumped": 1,
        " looked": 1,
        " opened": 1,
        " played": 1,
        " walked": 1,
        ".\n": 4
      }
    },
    {
      "function_family": "simple_grammar_protocol_route",
      "head": 28,
      "head_key": "L21H28",
      "layer": 21,
      "mean_mass_answer_line": 0.042490641276041664,
      "mean_mass_grammar_marker": 0.01763153076171875,
      "mean_mass_instruction_line": 0.007219950358072917,
      "mean_mass_line_partition": 1.0003331502278645,
      "mean_mass_object_name": 0.5296885172526041,
      "mean_mass_outside_lines": 0.00055694580078125,
      "mean_mass_question_line": 0.035257975260416664,
      "mean_mass_record_line": 0.9153645833333334,
      "mean_mass_relation_name": 0.013593037923177084,
      "mean_mass_self_last": 0.03748448689778646,
      "mean_mass_source_value": 0.5296885172526041,
      "mean_mass_target_language": 0.0,
      "mean_mass_target_value": 0.6276041666666666,
      "mean_top_attn_mass": 0.623046875,
      "model": "glm4",
      "n": 24,
      "source_focus_score": 0.8938280741373698,
      "top_attn_token_counts": {
        " apples": 1,
        " books": 1,
        " boxes": 1,
        " called": 1,
        " cars": 1,
        " jumped": 1,
        " looked": 1,
        " opened": 1,
        " played": 1,
        " walked": 1
      }
    },
    {
      "function_family": "simple_grammar_protocol_route",
      "head": 5,
      "head_key": "L23H5",
      "layer": 23,
      "mean_mass_answer_line": 0.004668394724527995,
      "mean_mass_grammar_marker": 0.031155745188395183,
      "mean_mass_instruction_line": 0.0017443100611368816,
      "mean_mass_line_partition": 1.0004287163416545,
      "mean_mass_object_name": 0.4997100830078125,
      "mean_mass_outside_lines": 0.00041041771570841473,
      "mean_mass_question_line": 0.035031636555989586,
      "mean_mass_record_line": 0.958984375,
      "mean_mass_relation_name": 0.029139200846354168,
      "mean_mass_self_last": 0.004601836204528809,
      "mean_mass_source_value": 0.4997100830078125,
      "mean_mass_target_language": 0.0,
      "mean_mass_target_value": 0.6145426432291666,
      "mean_top_attn_mass": 0.6216634114583334,
      "model": "glm4",
      "n": 24,
      "source_focus_score": 0.8925059040387472,
      "top_attn_token_counts": {
        " books": 1,
        " boxes": 1,
        " called": 1,
        " cars": 1,
        " jumped": 1,
        " looked": 1,
        " opened": 1,
        " played": 1,
        " walked": 1,
        ".\n": 1
      }
    },
    {
      "function_family": "translation_language_route",
      "head": 9,
      "head_key": "L24H9",
      "layer": 24,
      "mean_mass_answer_line": 0.00016966213782628378,
      "mean_mass_grammar_marker": 0.0,
      "mean_mass_instruction_line": 8.988752961158752e-05,
      "mean_mass_line_partition": 1.0002951535085838,
      "mean_mass_object_name": 0.057352701822916664,
      "mean_mass_outside_lines": 0.0003789675732453664,
      "mean_mass_question_line": 0.042841593424479164,
      "mean_mass_record_line": 0.9571940104166666,
      "mean_mass_relation_name": 0.0,
      "mean_mass_self_last": 0.00016777962446212769,
      "mean_mass_source_value": 0.057352701822916664,
      "mean_mass_target_language": 0.00033303101857503253,
      "mean_mass_target_value": 0.8634440104166666,
      "mean_top_attn_mass": 0.75,
      "model": "glm4",
      "n": 24,
      "source_focus_score": 0.8921995175381501,
      "top_attn_token_counts": {
        " rouge": 1,
        "ana": 1,
        "ane": 1,
        "ano": 1,
        "jo": 1,
        "me": 1,
        "u": 1,
        "果": 1,
        "蕉": 1,
        "�": 3
      }
    },
    {
      "function_family": "color_value_reuse_difference",
      "head": 18,
      "head_key": "L29H18",
      "layer": 29,
      "mean_mass_answer_line": 0.0006256898244222006,
      "mean_mass_grammar_marker": 0.0,
      "mean_mass_instruction_line": 0.0018021265665690105,
      "mean_mass_line_partition": 1.0001669724782307,
      "mean_mass_object_name": 0.017670631408691406,
      "mean_mass_outside_lines": 0.0005350907643636068,
      "mean_mass_question_line": 0.009783426920572916,
      "mean_mass_record_line": 0.9879557291666666,
      "mean_mass_relation_name": 0.004545847574869792,
      "mean_mass_self_last": 0.0005912383397420248,
      "mean_mass_source_value": 0.8639322916666666,
      "mean_mass_target_language": 0.0,
      "mean_mass_target_value": 0.8639322916666666,
      "mean_top_attn_mass": 0.8611653645833334,
      "model": "glm4",
      "n": 24,
      "source_focus_score": 0.8739830454190571,
      "top_attn_token_counts": {
        " black": 2,
        " blue": 4,
        " green": 4,
        " orange": 2,
        " purple": 2,
        " red": 4,
        " white": 2,
        " yellow": 4
      }
    },
    {
      "function_family": "simple_grammar_protocol_route",
      "head": 12,
      "head_key": "L23H12",
      "layer": 23,
      "mean_mass_answer_line": 0.010767777760823568,
      "mean_mass_grammar_marker": 0.012110352516174316,
      "mean_mass_instruction_line": 0.002056121826171875,
      "mean_mass_line_partition": 0.9999931653340658,
      "mean_mass_object_name": 0.608551025390625,
      "mean_mass_outside_lines": 0.0006888707478841146,
      "mean_mass_question_line": 0.009304682413736979,
      "mean_mass_record_line": 0.9778645833333334,
      "mean_mass_relation_name": 0.0290068785349528,
      "mean_mass_self_last": 0.010665297508239746,
      "mean_mass_source_value": 0.608551025390625,
      "mean_mass_target_language": 0.0,
      "mean_mass_target_value": 0.5467122395833334,
      "mean_top_attn_mass": 0.5961100260416666,
      "model": "glm4",
      "n": 24,
      "source_focus_score": 0.8678263624509176,
      "top_attn_token_counts": {
        " apples": 1,
        " books": 1,
        " boxes": 1,
        " called": 1,
        " cars": 1,
        " jumped": 1,
        " looked": 1,
        " opened": 1,
        " played": 1,
        " walked": 1
      }
    },
    {
      "function_family": "translation_language_route",
      "head": 12,
      "head_key": "L23H12",
      "layer": 23,
      "mean_mass_answer_line": 0.003895918528238932,
      "mean_mass_grammar_marker": 0.0,
      "mean_mass_instruction_line": 0.00041549404462178546,
      "mean_mass_line_partition": 1.0000494023164113,
      "mean_mass_object_name": 0.010308265686035156,
      "mean_mass_outside_lines": 0.0007485995690027872,
      "mean_mass_question_line": 0.004038770993550618,
      "mean_mass_record_line": 0.99169921875,
      "mean_mass_relation_name": 0.0,
      "mean_mass_self_last": 0.003852208455403646,
      "mean_mass_source_value": 0.010308265686035156,
      "mean_mass_target_language": 0.0050520698229471845,
      "mean_mass_target_value": 0.8575846354166666,
      "mean_top_attn_mass": 0.7198079427083334,
      "model": "glm4",
      "n": 24,
      "source_focus_score": 0.8640830765167873,
      "top_attn_token_counts": {
        " azul": 1,
        " rouge": 1,
        " �": 2,
        "ana": 1,
        "ane": 1,
        "ano": 1,
        "jo": 1,
        "me": 1,
        "u": 1,
        "色": 2
      }
    },
    {
      "function_family": "fruit_identity_reuse_difference",
      "head": 6,
      "head_key": "L28H6",
      "layer": 28,
      "mean_mass_answer_line": 0.0006438891092936198,
      "mean_mass_grammar_marker": 0.0,
      "mean_mass_instruction_line": 0.0007650852203369141,
      "mean_mass_line_partition": 1.0006301403045654,
      "mean_mass_object_name": 0.026256561279296875,
      "mean_mass_outside_lines": 0.0003345807393391927,
      "mean_mass_question_line": 0.0065453847249348955,
      "mean_mass_record_line": 0.99267578125,
      "mean_mass_relation_name": 0.0010453859965006511,
      "mean_mass_self_last": 0.0005954901377360026,
      "mean_mass_source_value": 0.8349609375,
      "mean_mass_target_language": 0.0,
      "mean_mass_target_value": 0.8349609375,
      "mean_top_attn_mass": 0.8349609375,
      "model": "glm4",
      "n": 24,
      "source_focus_score": 0.848068396250407,
      "top_attn_token_counts": {
        " animal": 6,
        " fruit": 12,
        " tool": 6
      }
    },
    {
      "function_family": "translation_language_route",
      "head": 31,
      "head_key": "L26H31",
      "layer": 26,
      "mean_mass_answer_line": 0.013332883516947428,
      "mean_mass_grammar_marker": 0.0,
      "mean_mass_instruction_line": 0.0022854978839556375,
      "mean_mass_line_partition": 1.0001617645223935,
      "mean_mass_object_name": 0.03544874986012777,
      "mean_mass_outside_lines": 0.0006242195765177408,
      "mean_mass_question_line": 0.025721768538157146,
      "mean_mass_record_line": 0.9588216145833334,
      "mean_mass_relation_name": 0.0,
      "mean_mass_self_last": 0.012931386629740397,
      "mean_mass_source_value": 0.03544874986012777,
      "mean_mass_target_language": 0.0013228729367256165,
      "mean_mass_target_value": 0.828125,
      "mean_top_attn_mass": 0.73193359375,
      "model": "glm4",
      "n": 24,
      "source_focus_score": 0.842034841577212,
      "top_attn_token_counts": {
        " rouge": 1,
        "ana": 1,
        "ane": 1,
        "jo": 1,
        "me": 1,
        "u": 1,
        "át": 1,
        "果": 1,
        "色": 2,
        "蕉": 1
      }
    },
    {
      "function_family": "color_value_reuse_difference",
      "head": 10,
      "head_key": "L23H10",
      "layer": 23,
      "mean_mass_answer_line": 0.033299763997395836,
      "mean_mass_grammar_marker": 0.0,
      "mean_mass_instruction_line": 0.006275494893391927,
      "mean_mass_line_partition": 1.0001929601033528,
      "mean_mass_object_name": 0.0064703623453776045,
      "mean_mass_outside_lines": 0.0007502237955729166,
      "mean_mass_question_line": 0.0057023366292317705,
      "mean_mass_record_line": 0.9549153645833334,
      "mean_mass_relation_name": 0.017412821451822918,
      "mean_mass_self_last": 0.033137003580729164,
      "mean_mass_source_value": 0.83935546875,
      "mean_mass_target_language": 0.0,
      "mean_mass_target_value": 0.83935546875,
      "mean_top_attn_mass": 0.8390299479166666,
      "model": "glm4",
      "n": 24,
      "source_focus_score": 0.8398343722025554,
      "top_attn_token_counts": {
        " black": 2,
        " blue": 4,
        " green": 4,
        " orange": 2,
        " purple": 2,
        " red": 4,
        " white": 2,
        " yellow": 4
      }
    },
    {
      "function_family": "fruit_identity_reuse_difference",
      "head": 19,
      "head_key": "L28H19",
      "layer": 28,
      "mean_mass_answer_line": 6.874899069468181e-05,
      "mean_mass_grammar_marker": 0.0,
      "mean_mass_instruction_line": 7.596611976623535e-05,
      "mean_mass_line_partition": 0.9996728847424189,
      "mean_mass_object_name": 0.10792032877604167,
      "mean_mass_outside_lines": 0.0009230871995290121,
      "mean_mass_question_line": 0.0008302529652913412,
      "mean_mass_record_line": 0.9986979166666666,
      "mean_mass_relation_name": 0.0008939107259114584,
      "mean_mass_self_last": 8.653228481610617e-06,
      "mean_mass_source_value": 0.783203125,
      "mean_mass_target_language": 0.0,
      "mean_mass_target_value": 0.783203125,
      "mean_top_attn_mass": 0.783203125,
      "model": "glm4",
      "n": 24,
      "source_focus_score": 0.8375550744434198,
      "top_attn_token_counts": {
        " animal": 6,
        " fruit": 12,
        " tool": 6
      }
    },
    {
      "function_family": "fruit_identity_reuse_difference",
      "head": 26,
      "head_key": "L32H26",
      "layer": 32,
      "mean_mass_answer_line": 0.002772649129231771,
      "mean_mass_grammar_marker": 0.0,
      "mean_mass_instruction_line": 0.0046774546305338545,
      "mean_mass_line_partition": 0.9994773864746094,
      "mean_mass_object_name": 0.08875656127929688,
      "mean_mass_outside_lines": 0.0008093516031901041,
      "mean_mass_question_line": 0.011233011881510416,
      "mean_mass_record_line": 0.9807942708333334,
      "mean_mass_relation_name": 0.006276448567708333,
      "mean_mass_self_last": 0.0025294621785481772,
      "mean_mass_source_value": 0.7794596354166666,
      "mean_mass_target_language": 0.0,
      "mean_mass_target_value": 0.7794596354166666,
      "mean_top_attn_mass": 0.7794596354166666,
      "model": "glm4",
      "n": 24,
      "source_focus_score": 0.8239442507425943,
      "top_attn_token_counts": {
        " animal": 6,
        " fruit": 12,
        " tool": 6
      }
    },
    {
      "function_family": "translation_language_route",
      "head": 15,
      "head_key": "L21H15",
      "layer": 21,
      "mean_mass_answer_line": 0.004638512929280599,
      "mean_mass_grammar_marker": 0.0,
      "mean_mass_instruction_line": 0.00045863787333170575,
      "mean_mass_line_partition": 1.0000019868214924,
      "mean_mass_object_name": 0.026991526285807293,
      "mean_mass_outside_lines": 0.0006705522537231445,
      "mean_mass_question_line": 0.017528533935546875,
      "mean_mass_record_line": 0.9773763020833334,
      "mean_mass_relation_name": 0.0,
      "mean_mass_self_last": 0.004638512929280599,
      "mean_mass_source_value": 0.026991526285807293,
      "mean_mass_target_language": 0.009726842244466146,
      "mean_mass_target_value": 0.8064778645833334,
      "mean_top_attn_mass": 0.66845703125,
      "model": "glm4",
      "n": 24,
      "source_focus_score": 0.823448101679484,
      "top_attn_token_counts": {
        " azul": 1,
        " pom": 2,
        " rouge": 1,
        "ane": 1,
        "jo": 1,
        "u": 1,
        "át": 1,
        "果": 1,
        "蕉": 1,
        "�": 3
      }
    },
    {
      "function_family": "translation_language_route",
      "head": 26,
      "head_key": "L25H26",
      "layer": 25,
      "mean_mass_answer_line": 0.026153564453125,
      "mean_mass_grammar_marker": 0.0,
      "mean_mass_instruction_line": 0.0056832631429036455,
      "mean_mass_line_partition": 0.9999008178710938,
      "mean_mass_object_name": 0.03397687276204427,
      "mean_mass_outside_lines": 0.000762939453125,
      "mean_mass_question_line": 0.03365643819173177,
      "mean_mass_record_line": 0.9344075520833334,
      "mean_mass_relation_name": 0.0,
      "mean_mass_self_last": 0.025901158650716145,
      "mean_mass_source_value": 0.03397687276204427,
      "mean_mass_target_language": 0.012860933939615885,
      "mean_mass_target_value": 0.7960611979166666,
      "mean_top_attn_mass": 0.6759440104166666,
      "model": "glm4",
      "n": 24,
      "source_focus_score": 0.8101000785827637,
      "top_attn_token_counts": {
        " rouge": 1,
        "ana": 1,
        "ane": 1,
        "ano": 1,
        "jo": 1,
        "me": 1,
        "u": 1,
        "果": 1,
        "色": 2,
        "�": 2
      }
    },
    {
      "function_family": "fruit_identity_reuse_difference",
      "head": 28,
      "head_key": "L31H28",
      "layer": 31,
      "mean_mass_answer_line": 0.004115104675292969,
      "mean_mass_grammar_marker": 0.0,
      "mean_mass_instruction_line": 0.0025040308634440103,
      "mean_mass_line_partition": 1.000057856241862,
      "mean_mass_object_name": 0.102569580078125,
      "mean_mass_outside_lines": 0.0006176630655924479,
      "mean_mass_question_line": 0.021596272786458332,
      "mean_mass_record_line": 0.9718424479166666,
      "mean_mass_relation_name": 0.0014513333638509114,
      "mean_mass_self_last": 0.003948211669921875,
      "mean_mass_source_value": 0.75732421875,
      "mean_mass_target_language": 0.0,
      "mean_mass_target_value": 0.75732421875,
      "mean_top_attn_mass": 0.75732421875,
      "model": "glm4",
      "n": 24,
      "source_focus_score": 0.8070538838704426,
      "top_attn_token_counts": {
        " animal": 6,
        " fruit": 12,
        " tool": 6
      }
    },
    {
      "function_family": "simple_grammar_protocol_route",
      "head": 4,
      "head_key": "L24H4",
      "layer": 24,
      "mean_mass_answer_line": 0.008548736572265625,
      "mean_mass_grammar_marker": 0.02211761474609375,
      "mean_mass_instruction_line": 0.0075225830078125,
      "mean_mass_line_partition": 0.9999173482259115,
      "mean_mass_object_name": 0.6263427734375,
      "mean_mass_outside_lines": 0.0006612141927083334,
      "mean_mass_question_line": 0.21805826822916666,
      "mean_mass_record_line": 0.7657877604166666,
      "mean_mass_relation_name": 0.030186971028645832,
      "mean_mass_self_last": 0.0077667236328125,
      "mean_mass_source_value": 0.6263427734375,
      "mean_mass_target_language": 0.0,
      "mean_mass_target_value": 0.4698079427083333,
      "mean_top_attn_mass": 0.4754231770833333,
      "model": "glm4",
      "n": 24,
      "source_focus_score": 0.8032331466674804,
      "top_attn_token_counts": {
        " apples": 1,
        " books": 1,
        " boxes": 1,
        " called": 1,
        " cars": 1,
        " jumped": 1,
        " looked": 1,
        " opened": 1,
        " played": 1,
        " walked": 1
      }
    },
    {
      "function_family": "simple_grammar_protocol_route",
      "head": 5,
      "head_key": "L26H5",
      "layer": 26,
      "mean_mass_answer_line": 0.023820241292317707,
      "mean_mass_grammar_marker": 0.024313926696777344,
      "mean_mass_instruction_line": 0.02361297607421875,
      "mean_mass_line_partition": 0.9997444152832031,
      "mean_mass_object_name": 0.7339274088541666,
      "mean_mass_outside_lines": 0.0008443196614583334,
      "mean_mass_question_line": 0.4007975260416667,
      "mean_mass_record_line": 0.551513671875,
      "mean_mass_relation_name": 0.03597259521484375,
      "mean_mass_self_last": 0.019627888997395832,
      "mean_mass_source_value": 0.7339274088541666,
      "mean_mass_target_language": 0.0,
      "mean_mass_target_value": 0.4100748697916667,
      "mean_top_attn_mass": 0.5060221354166666,
      "model": "glm4",
      "n": 24,
      "source_focus_score": 0.7894202868143717,
      "top_attn_token_counts": {
        " apple": 1,
        " bright": 2,
        " called": 1,
        " easy": 2,
        " fast": 2,
        " jumped": 1,
        " looked": 1,
        " opened": 1,
        " played": 1,
        " walked": 1
      }
    },
    {
      "function_family": "color_value_reuse_difference",
      "head": 11,
      "head_key": "L21H11",
      "layer": 21,
      "mean_mass_answer_line": 0.0011483033498128254,
      "mean_mass_grammar_marker": 0.0,
      "mean_mass_instruction_line": 0.000148738423983256,
      "mean_mass_line_partition": 1.0004069457451503,
      "mean_mass_object_name": 0.0052961309750874834,
      "mean_mass_outside_lines": 0.0005382895469665527,
      "mean_mass_question_line": 0.031010945638020832,
      "mean_mass_record_line": 0.9680989583333334,
      "mean_mass_relation_name": 0.10758463541666667,
      "mean_mass_self_last": 0.0011483033498128254,
      "mean_mass_source_value": 0.726806640625,
      "mean_mass_target_language": 0.0,
      "mean_mass_target_value": 0.726806640625,
      "mean_top_attn_mass": 0.7246907552083334,
      "model": "glm4",
      "n": 24,
      "source_focus_score": 0.7828855787714322,
      "top_attn_token_counts": {
        " black": 2,
        " blue": 4,
        " green": 4,
        " orange": 2,
        " purple": 2,
        " red": 4,
        " white": 2,
        " yellow": 4
      }
    },
    {
      "function_family": "simple_grammar_protocol_route",
      "head": 23,
      "head_key": "L26H23",
      "layer": 26,
      "mean_mass_answer_line": 0.008092562357584635,
      "mean_mass_grammar_marker": 0.007799863815307617,
      "mean_mass_instruction_line": 0.0035489400227864585,
      "mean_mass_line_partition": 1.0004008611043294,
      "mean_mass_object_name": 0.5548858642578125,
      "mean_mass_outside_lines": 0.00041961669921875,
      "mean_mass_question_line": 0.17528279622395834,
      "mean_mass_record_line": 0.8134765625,
      "mean_mass_relation_name": 0.017319361368815105,
      "mean_mass_self_last": 0.007279396057128906,
      "mean_mass_source_value": 0.5548858642578125,
      "mean_mass_target_language": 0.0,
      "mean_mass_target_value": 0.4884033203125,
      "mean_top_attn_mass": 0.5362955729166666,
      "model": "glm4",
      "n": 24,
      "source_focus_score": 0.7746082544326783,
      "top_attn_token_counts": {
        " apple": 1,
        " book": 1,
        " called": 1,
        " cars": 1,
        " jumped": 1,
        " looked": 1,
        " opened": 1,
        " walked": 1,
        ".\n": 1,
        "Record": 2
      }
    }
  ],
  "top_global_target_value_heads": [
    {
      "function_family": "fruit_identity_reuse_difference",
      "head": 28,
      "head_key": "L29H28",
      "layer": 29,
      "mean_mass_answer_line": 7.072091102600098e-05,
      "mean_mass_grammar_marker": 0.0,
      "mean_mass_instruction_line": 0.0005429983139038086,
      "mean_mass_line_partition": 0.9993009865283966,
      "mean_mass_object_name": 0.007508595784505208,
      "mean_mass_outside_lines": 0.0012628634770711262,
      "mean_mass_question_line": 0.0012914339701334636,
      "mean_mass_record_line": 0.9973958333333334,
      "mean_mass_relation_name": 0.0009067058563232422,
      "mean_mass_self_last": 5.908807118733724e-05,
      "mean_mass_source_value": 0.9677734375,
      "mean_mass_target_language": 0.0,
      "mean_mass_target_value": 0.9677734375,
      "mean_top_attn_mass": 0.9677734375,
      "model": "glm4",
      "n": 24,
      "source_focus_score": 0.9716919089357058,
      "top_attn_token_counts": {
        " animal": 6,
        " fruit": 12,
        " tool": 6
      }
    },
    {
      "function_family": "fruit_identity_reuse_difference",
      "head": 18,
      "head_key": "L29H18",
      "layer": 29,
      "mean_mass_answer_line": 9.753306706746419e-05,
      "mean_mass_grammar_marker": 0.0,
      "mean_mass_instruction_line": 0.00016740957895914713,
      "mean_mass_line_partition": 1.0000001390775044,
      "mean_mass_object_name": 0.011533737182617188,
      "mean_mass_outside_lines": 0.0007139742374420166,
      "mean_mass_question_line": 0.0025021235148111978,
      "mean_mass_record_line": 0.9972330729166666,
      "mean_mass_relation_name": 0.0004202723503112793,
      "mean_mass_self_last": 6.308158238728841e-05,
      "mean_mass_source_value": 0.9539388020833334,
      "mean_mass_target_language": 0.0,
      "mean_mass_target_value": 0.9539388020833334,
      "mean_top_attn_mass": 0.9539388020833334,
      "model": "glm4",
      "n": 24,
      "source_focus_score": 0.9598077187935511,
      "top_attn_token_counts": {
        " animal": 6,
        " fruit": 12,
        " tool": 6
      }
    },
    {
      "function_family": "fruit_identity_reuse_difference",
      "head": 19,
      "head_key": "L24H19",
      "layer": 24,
      "mean_mass_answer_line": 1.1918988699714342e-05,
      "mean_mass_grammar_marker": 0.0,
      "mean_mass_instruction_line": 2.2540489832560222e-05,
      "mean_mass_line_partition": 1.0004301548469812,
      "mean_mass_object_name": 0.0056972503662109375,
      "mean_mass_outside_lines": 0.00043796499570210773,
      "mean_mass_question_line": 0.00202329953511556,
      "mean_mass_record_line": 0.9983723958333334,
      "mean_mass_relation_name": 0.00912777582804362,
      "mean_mass_self_last": 1.161972371240457e-05,
      "mean_mass_source_value": 0.9493815104166666,
      "mean_mass_target_language": 0.0,
      "mean_mass_target_value": 0.9493815104166666,
      "mean_top_attn_mass": 0.9493815104166666,
      "model": "glm4",
      "n": 24,
      "source_focus_score": 0.9567797735217027,
      "top_attn_token_counts": {
        " animal": 6,
        " fruit": 12,
        " tool": 6
      }
    },
    {
      "function_family": "translation_language_route",
      "head": 28,
      "head_key": "L29H28",
      "layer": 29,
      "mean_mass_answer_line": 0.00016403043021758398,
      "mean_mass_grammar_marker": 0.0,
      "mean_mass_instruction_line": 0.0003992232183615367,
      "mean_mass_line_partition": 0.9996208793794116,
      "mean_mass_object_name": 0.008146842320760092,
      "mean_mass_outside_lines": 0.0008832961320877075,
      "mean_mass_question_line": 0.0016617923974990845,
      "mean_mass_record_line": 0.9973958333333334,
      "mean_mass_relation_name": 0.0,
      "mean_mass_self_last": 0.00014649688576658568,
      "mean_mass_source_value": 0.008146842320760092,
      "mean_mass_target_language": 0.00039506338847180206,
      "mean_mass_target_value": 0.9474283854166666,
      "mean_top_attn_mass": 0.862060546875,
      "model": "glm4",
      "n": 24,
      "source_focus_score": 0.9514587190545473,
      "top_attn_token_counts": {
        " azul": 1,
        " ban": 1,
        " ble": 1,
        " eau": 1,
        " man": 1,
        " pl": 1,
        " pom": 1,
        " ro": 1,
        " rouge": 1,
        " �": 4
      }
    },
    {
      "function_family": "translation_language_route",
      "head": 10,
      "head_key": "L23H10",
      "layer": 23,
      "mean_mass_answer_line": 0.003889282544453939,
      "mean_mass_grammar_marker": 0.0,
      "mean_mass_instruction_line": 8.418379972378413e-05,
      "mean_mass_line_partition": 0.9998620149369041,
      "mean_mass_object_name": 0.0025009512901306152,
      "mean_mass_outside_lines": 0.0005466466148694357,
      "mean_mass_question_line": 0.002073444426059723,
      "mean_mass_record_line": 0.9938151041666666,
      "mean_mass_relation_name": 0.0,
      "mean_mass_self_last": 0.00382999579111735,
      "mean_mass_source_value": 0.0025009512901306152,
      "mean_mass_target_language": 0.002564112345377604,
      "mean_mass_target_value": 0.9469401041666666,
      "mean_top_attn_mass": 0.8487955729166666,
      "model": "glm4",
      "n": 24,
      "source_focus_score": 0.9484582234484453,
      "top_attn_token_counts": {
        " azul": 1,
        " eau": 1,
        " man": 1,
        " rouge": 1,
        " �": 5,
        "ane": 1,
        "jo": 1,
        "me": 1,
        "u": 1,
        "át": 1
      }
    },
    {
      "function_family": "color_value_reuse_difference",
      "head": 28,
      "head_key": "L29H28",
      "layer": 29,
      "mean_mass_answer_line": 0.000140229860941569,
      "mean_mass_grammar_marker": 0.0,
      "mean_mass_instruction_line": 0.005853176116943359,
      "mean_mass_line_partition": 1.0003265142440796,
      "mean_mass_object_name": 0.013847827911376953,
      "mean_mass_outside_lines": 0.0003949403762817383,
      "mean_mass_question_line": 0.0024711290995279946,
      "mean_mass_record_line": 0.9918619791666666,
      "mean_mass_relation_name": 0.0044345855712890625,
      "mean_mass_self_last": 0.0001052593191464742,
      "mean_mass_source_value": 0.92822265625,
      "mean_mass_target_language": 0.0,
      "mean_mass_target_value": 0.92822265625,
      "mean_top_attn_mass": 0.927734375,
      "model": "glm4",
      "n": 24,
      "source_focus_score": 0.934402217467626,
      "top_attn_token_counts": {
        " black": 2,
        " blue": 4,
        " green": 4,
        " orange": 2,
        " purple": 2,
        " red": 4,
        " white": 2,
        " yellow": 4
      }
    },
    {
      "function_family": "color_value_reuse_difference",
      "head": 15,
      "head_key": "L21H15",
      "layer": 21,
      "mean_mass_answer_line": 0.0009274482727050781,
      "mean_mass_grammar_marker": 0.0,
      "mean_mass_instruction_line": 0.00026977062225341797,
      "mean_mass_line_partition": 1.0000070333480835,
      "mean_mass_object_name": 0.006065766016642253,
      "mean_mass_outside_lines": 0.0006652077039082845,
      "mean_mass_question_line": 0.035593668619791664,
      "mean_mass_record_line": 0.9632161458333334,
      "mean_mass_relation_name": 0.050725301106770836,
      "mean_mass_self_last": 0.0009264945983886719,
      "mean_mass_source_value": 0.92138671875,
      "mean_mass_target_language": 0.0,
      "mean_mass_target_value": 0.92138671875,
      "mean_top_attn_mass": 0.91845703125,
      "model": "glm4",
      "n": 24,
      "source_focus_score": 0.9494155049324036,
      "top_attn_token_counts": {
        " black": 2,
        " blue": 4,
        " green": 4,
        " orange": 2,
        " purple": 2,
        " red": 4,
        " white": 2,
        " yellow": 4
      }
    },
    {
      "function_family": "translation_language_route",
      "head": 18,
      "head_key": "L29H18",
      "layer": 29,
      "mean_mass_answer_line": 0.0006713196635246277,
      "mean_mass_grammar_marker": 0.0,
      "mean_mass_instruction_line": 0.00041808684666951496,
      "mean_mass_line_partition": 0.9997256410618623,
      "mean_mass_object_name": 0.012703657150268555,
      "mean_mass_outside_lines": 0.0007473429044087728,
      "mean_mass_question_line": 0.0022169637183348336,
      "mean_mass_record_line": 0.9964192708333334,
      "mean_mass_relation_name": 0.0,
      "mean_mass_self_last": 0.0006278902292251587,
      "mean_mass_source_value": 0.012703657150268555,
      "mean_mass_target_language": 0.00043767426783839863,
      "mean_mass_target_value": 0.91748046875,
      "mean_top_attn_mass": 0.8811848958333334,
      "model": "glm4",
      "n": 24,
      "source_focus_score": 0.9236742611198376,
      "top_attn_token_counts": {
        " azul": 1,
        " ban": 1,
        " ble": 1,
        " eau": 1,
        " man": 1,
        " pl": 1,
        " pom": 1,
        " ro": 1,
        " rouge": 1,
        " �": 5
      }
    },
    {
      "function_family": "translation_language_route",
      "head": 26,
      "head_key": "L23H26",
      "layer": 23,
      "mean_mass_answer_line": 0.0001239180564880371,
      "mean_mass_grammar_marker": 0.0,
      "mean_mass_instruction_line": 0.002275769909222921,
      "mean_mass_line_partition": 1.000146155556043,
      "mean_mass_object_name": 0.014355977376302084,
      "mean_mass_outside_lines": 0.0005657747387886047,
      "mean_mass_question_line": 0.03729724884033203,
      "mean_mass_record_line": 0.96044921875,
      "mean_mass_relation_name": 0.0,
      "mean_mass_self_last": 0.00011661524573961894,
      "mean_mass_source_value": 0.014355977376302084,
      "mean_mass_target_language": 0.026555498441060383,
      "mean_mass_target_value": 0.90576171875,
      "mean_top_attn_mass": 0.7481282552083334,
      "model": "glm4",
      "n": 24,
      "source_focus_score": 0.9250485921899477,
      "top_attn_token_counts": {
        " man": 1,
        " pom": 1,
        " rouge": 1,
        "ane": 1,
        "jo": 1,
        "u": 1,
        "át": 1,
        "色": 2,
        "蕉": 1,
        "�": 2
      }
    },
    {
      "function_family": "translation_language_route",
      "head": 19,
      "head_key": "L24H19",
      "layer": 24,
      "mean_mass_answer_line": 0.00015174038708209991,
      "mean_mass_grammar_marker": 0.0,
      "mean_mass_instruction_line": 4.584391717799008e-06,
      "mean_mass_line_partition": 0.9995203581202077,
      "mean_mass_object_name": 0.0018093486626942952,
      "mean_mass_outside_lines": 0.000888726053138574,
      "mean_mass_question_line": 0.0005033562580744425,
      "mean_mass_record_line": 0.9988606770833334,
      "mean_mass_relation_name": 0.0,
      "mean_mass_self_last": 0.00015032726029555002,
      "mean_mass_source_value": 0.0018093486626942952,
      "mean_mass_target_language": 0.007787227630615234,
      "mean_mass_target_value": 0.8968098958333334,
      "mean_top_attn_mass": 0.790771484375,
      "model": "glm4",
      "n": 24,
      "source_focus_score": 0.9015679566873587,
      "top_attn_token_counts": {
        " azul": 1,
        " eau": 1,
        " man": 1,
        " rouge": 1,
        " �": 4,
        "ane": 1,
        "jo": 1,
        "me": 1,
        "u": 1,
        "át": 1
      }
    },
    {
      "function_family": "simple_grammar_protocol_route",
      "head": 26,
      "head_key": "L29H26",
      "layer": 29,
      "mean_mass_answer_line": 0.00010756651560465495,
      "mean_mass_grammar_marker": 0.0022127280632654824,
      "mean_mass_instruction_line": 0.0002138639489809672,
      "mean_mass_line_partition": 1.0001586799820263,
      "mean_mass_object_name": 0.721258799235026,
      "mean_mass_outside_lines": 0.0004944279789924622,
      "mean_mass_question_line": 0.003255218267440796,
      "mean_mass_record_line": 0.99658203125,
      "mean_mass_relation_name": 0.006853659947713216,
      "mean_mass_self_last": 9.916660686333974e-05,
      "mean_mass_source_value": 0.721258799235026,
      "mean_mass_target_language": 0.0,
      "mean_mass_target_value": 0.8816731770833334,
      "mean_top_attn_mass": 0.880859375,
      "model": "glm4",
      "n": 24,
      "source_focus_score": 1.2467019471029441,
      "top_attn_token_counts": {
        " apples": 1,
        " books": 1,
        " boxes": 1,
        " called": 1,
        " cars": 1,
        " jumped": 1,
        " looked": 1,
        " opened": 1,
        " played": 1,
        " walked": 1
      }
    },
    {
      "function_family": "color_value_reuse_difference",
      "head": 18,
      "head_key": "L29H18",
      "layer": 29,
      "mean_mass_answer_line": 0.0006256898244222006,
      "mean_mass_grammar_marker": 0.0,
      "mean_mass_instruction_line": 0.0018021265665690105,
      "mean_mass_line_partition": 1.0001669724782307,
      "mean_mass_object_name": 0.017670631408691406,
      "mean_mass_outside_lines": 0.0005350907643636068,
      "mean_mass_question_line": 0.009783426920572916,
      "mean_mass_record_line": 0.9879557291666666,
      "mean_mass_relation_name": 0.004545847574869792,
      "mean_mass_self_last": 0.0005912383397420248,
      "mean_mass_source_value": 0.8639322916666666,
      "mean_mass_target_language": 0.0,
      "mean_mass_target_value": 0.8639322916666666,
      "mean_top_attn_mass": 0.8611653645833334,
      "model": "glm4",
      "n": 24,
      "source_focus_score": 0.8739830454190571,
      "top_attn_token_counts": {
        " black": 2,
        " blue": 4,
        " green": 4,
        " orange": 2,
        " purple": 2,
        " red": 4,
        " white": 2,
        " yellow": 4
      }
    },
    {
      "function_family": "translation_language_route",
      "head": 9,
      "head_key": "L24H9",
      "layer": 24,
      "mean_mass_answer_line": 0.00016966213782628378,
      "mean_mass_grammar_marker": 0.0,
      "mean_mass_instruction_line": 8.988752961158752e-05,
      "mean_mass_line_partition": 1.0002951535085838,
      "mean_mass_object_name": 0.057352701822916664,
      "mean_mass_outside_lines": 0.0003789675732453664,
      "mean_mass_question_line": 0.042841593424479164,
      "mean_mass_record_line": 0.9571940104166666,
      "mean_mass_relation_name": 0.0,
      "mean_mass_self_last": 0.00016777962446212769,
      "mean_mass_source_value": 0.057352701822916664,
      "mean_mass_target_language": 0.00033303101857503253,
      "mean_mass_target_value": 0.8634440104166666,
      "mean_top_attn_mass": 0.75,
      "model": "glm4",
      "n": 24,
      "source_focus_score": 0.8921995175381501,
      "top_attn_token_counts": {
        " rouge": 1,
        "ana": 1,
        "ane": 1,
        "ano": 1,
        "jo": 1,
        "me": 1,
        "u": 1,
        "果": 1,
        "蕉": 1,
        "�": 3
      }
    },
    {
      "function_family": "simple_grammar_protocol_route",
      "head": 10,
      "head_key": "L23H10",
      "layer": 23,
      "mean_mass_answer_line": 0.010817607243855795,
      "mean_mass_grammar_marker": 0.001838982105255127,
      "mean_mass_instruction_line": 0.0009416739145914713,
      "mean_mass_line_partition": 0.9995299975077311,
      "mean_mass_object_name": 0.7082058588663737,
      "mean_mass_outside_lines": 0.0007815957069396973,
      "mean_mass_question_line": 0.007953008015950521,
      "mean_mass_record_line": 0.9798177083333334,
      "mean_mass_relation_name": 0.004378318786621094,
      "mean_mass_self_last": 0.010678291320800781,
      "mean_mass_source_value": 0.7082058588663737,
      "mean_mass_target_language": 0.0,
      "mean_mass_target_value": 0.85791015625,
      "mean_top_attn_mass": 0.8541666666666666,
      "model": "glm4",
      "n": 24,
      "source_focus_score": 1.2119464973608653,
      "top_attn_token_counts": {
        " apples": 1,
        " books": 1,
        " boxes": 1,
        " called": 1,
        " cars": 1,
        " jumped": 1,
        " looked": 1,
        " opened": 1,
        " played": 1,
        " walked": 1
      }
    },
    {
      "function_family": "translation_language_route",
      "head": 12,
      "head_key": "L23H12",
      "layer": 23,
      "mean_mass_answer_line": 0.003895918528238932,
      "mean_mass_grammar_marker": 0.0,
      "mean_mass_instruction_line": 0.00041549404462178546,
      "mean_mass_line_partition": 1.0000494023164113,
      "mean_mass_object_name": 0.010308265686035156,
      "mean_mass_outside_lines": 0.0007485995690027872,
      "mean_mass_question_line": 0.004038770993550618,
      "mean_mass_record_line": 0.99169921875,
      "mean_mass_relation_name": 0.0,
      "mean_mass_self_last": 0.003852208455403646,
      "mean_mass_source_value": 0.010308265686035156,
      "mean_mass_target_language": 0.0050520698229471845,
      "mean_mass_target_value": 0.8575846354166666,
      "mean_top_attn_mass": 0.7198079427083334,
      "model": "glm4",
      "n": 24,
      "source_focus_score": 0.8640830765167873,
      "top_attn_token_counts": {
        " azul": 1,
        " rouge": 1,
        " �": 2,
        "ana": 1,
        "ane": 1,
        "ano": 1,
        "jo": 1,
        "me": 1,
        "u": 1,
        "色": 2
      }
    },
    {
      "function_family": "color_value_reuse_difference",
      "head": 10,
      "head_key": "L23H10",
      "layer": 23,
      "mean_mass_answer_line": 0.033299763997395836,
      "mean_mass_grammar_marker": 0.0,
      "mean_mass_instruction_line": 0.006275494893391927,
      "mean_mass_line_partition": 1.0001929601033528,
      "mean_mass_object_name": 0.0064703623453776045,
      "mean_mass_outside_lines": 0.0007502237955729166,
      "mean_mass_question_line": 0.0057023366292317705,
      "mean_mass_record_line": 0.9549153645833334,
      "mean_mass_relation_name": 0.017412821451822918,
      "mean_mass_self_last": 0.033137003580729164,
      "mean_mass_source_value": 0.83935546875,
      "mean_mass_target_language": 0.0,
      "mean_mass_target_value": 0.83935546875,
      "mean_top_attn_mass": 0.8390299479166666,
      "model": "glm4",
      "n": 24,
      "source_focus_score": 0.8398343722025554,
      "top_attn_token_counts": {
        " black": 2,
        " blue": 4,
        " green": 4,
        " orange": 2,
        " purple": 2,
        " red": 4,
        " white": 2,
        " yellow": 4
      }
    },
    {
      "function_family": "fruit_identity_reuse_difference",
      "head": 6,
      "head_key": "L28H6",
      "layer": 28,
      "mean_mass_answer_line": 0.0006438891092936198,
      "mean_mass_grammar_marker": 0.0,
      "mean_mass_instruction_line": 0.0007650852203369141,
      "mean_mass_line_partition": 1.0006301403045654,
      "mean_mass_object_name": 0.026256561279296875,
      "mean_mass_outside_lines": 0.0003345807393391927,
      "mean_mass_question_line": 0.0065453847249348955,
      "mean_mass_record_line": 0.99267578125,
      "mean_mass_relation_name": 0.0010453859965006511,
      "mean_mass_self_last": 0.0005954901377360026,
      "mean_mass_source_value": 0.8349609375,
      "mean_mass_target_language": 0.0,
      "mean_mass_target_value": 0.8349609375,
      "mean_top_attn_mass": 0.8349609375,
      "model": "glm4",
      "n": 24,
      "source_focus_score": 0.848068396250407,
      "top_attn_token_counts": {
        " animal": 6,
        " fruit": 12,
        " tool": 6
      }
    },
    {
      "function_family": "translation_language_route",
      "head": 31,
      "head_key": "L26H31",
      "layer": 26,
      "mean_mass_answer_line": 0.013332883516947428,
      "mean_mass_grammar_marker": 0.0,
      "mean_mass_instruction_line": 0.0022854978839556375,
      "mean_mass_line_partition": 1.0001617645223935,
      "mean_mass_object_name": 0.03544874986012777,
      "mean_mass_outside_lines": 0.0006242195765177408,
      "mean_mass_question_line": 0.025721768538157146,
      "mean_mass_record_line": 0.9588216145833334,
      "mean_mass_relation_name": 0.0,
      "mean_mass_self_last": 0.012931386629740397,
      "mean_mass_source_value": 0.03544874986012777,
      "mean_mass_target_language": 0.0013228729367256165,
      "mean_mass_target_value": 0.828125,
      "mean_top_attn_mass": 0.73193359375,
      "model": "glm4",
      "n": 24,
      "source_focus_score": 0.842034841577212,
      "top_attn_token_counts": {
        " rouge": 1,
        "ana": 1,
        "ane": 1,
        "jo": 1,
        "me": 1,
        "u": 1,
        "át": 1,
        "果": 1,
        "色": 2,
        "蕉": 1
      }
    },
    {
      "function_family": "simple_grammar_protocol_route",
      "head": 13,
      "head_key": "L23H13",
      "layer": 23,
      "mean_mass_answer_line": 0.018751144409179688,
      "mean_mass_grammar_marker": 0.00783236821492513,
      "mean_mass_instruction_line": 0.007353782653808594,
      "mean_mass_line_partition": 1.0000775655110676,
      "mean_mass_object_name": 0.6845652262369791,
      "mean_mass_outside_lines": 0.0006120999654134115,
      "mean_mass_question_line": 0.02556769053141276,
      "mean_mass_record_line": 0.9484049479166666,
      "mean_mass_relation_name": 0.010631879170735678,
      "mean_mass_self_last": 0.018071333567301433,
      "mean_mass_source_value": 0.6845652262369791,
      "mean_mass_target_language": 0.0,
      "mean_mass_target_value": 0.8225911458333334,
      "mean_top_attn_mass": 0.8219401041666666,
      "model": "glm4",
      "n": 24,
      "source_focus_score": 1.1657412052154543,
      "top_attn_token_counts": {
        " apples": 1,
        " books": 1,
        " boxes": 1,
        " called": 1,
        " cars": 1,
        " jumped": 1,
        " looked": 1,
        " opened": 1,
        " played": 1,
        " walked": 1
      }
    },
    {
      "function_family": "simple_grammar_protocol_route",
      "head": 18,
      "head_key": "L29H18",
      "layer": 29,
      "mean_mass_answer_line": 0.0008459885915120443,
      "mean_mass_grammar_marker": 0.0023702184359232583,
      "mean_mass_instruction_line": 0.00047655900319417316,
      "mean_mass_line_partition": 1.0002145369847615,
      "mean_mass_object_name": 0.7327454884847006,
      "mean_mass_outside_lines": 0.0005410512288411459,
      "mean_mass_question_line": 0.02135292689005534,
      "mean_mass_record_line": 0.9775390625,
      "mean_mass_relation_name": 0.0058057308197021484,
      "mean_mass_self_last": 0.0008298158645629883,
      "mean_mass_source_value": 0.7327454884847006,
      "mean_mass_target_language": 0.0,
      "mean_mass_target_value": 0.8136393229166666,
      "mean_top_attn_mass": 0.8087565104166666,
      "model": "glm4",
      "n": 24,
      "source_focus_score": 1.1836502651373544,
      "top_attn_token_counts": {
        " apples": 1,
        " books": 1,
        " boxes": 1,
        " called": 1,
        " cars": 1,
        " jumped": 1,
        " looked": 1,
        " opened": 1,
        " played": 1,
        " walked": 1
      }
    },
    {
      "function_family": "translation_language_route",
      "head": 15,
      "head_key": "L21H15",
      "layer": 21,
      "mean_mass_answer_line": 0.004638512929280599,
      "mean_mass_grammar_marker": 0.0,
      "mean_mass_instruction_line": 0.00045863787333170575,
      "mean_mass_line_partition": 1.0000019868214924,
      "mean_mass_object_name": 0.026991526285807293,
      "mean_mass_outside_lines": 0.0006705522537231445,
      "mean_mass_question_line": 0.017528533935546875,
      "mean_mass_record_line": 0.9773763020833334,
      "mean_mass_relation_name": 0.0,
      "mean_mass_self_last": 0.004638512929280599,
      "mean_mass_source_value": 0.026991526285807293,
      "mean_mass_target_language": 0.009726842244466146,
      "mean_mass_target_value": 0.8064778645833334,
      "mean_top_attn_mass": 0.66845703125,
      "model": "glm4",
      "n": 24,
      "source_focus_score": 0.823448101679484,
      "top_attn_token_counts": {
        " azul": 1,
        " pom": 2,
        " rouge": 1,
        "ane": 1,
        "jo": 1,
        "u": 1,
        "át": 1,
        "果": 1,
        "蕉": 1,
        "�": 3
      }
    },
    {
      "function_family": "simple_grammar_protocol_route",
      "head": 21,
      "head_key": "L26H21",
      "layer": 26,
      "mean_mass_answer_line": 0.006313800811767578,
      "mean_mass_grammar_marker": 0.004349350929260254,
      "mean_mass_instruction_line": 0.0014948050181070964,
      "mean_mass_line_partition": 1.0003146330515544,
      "mean_mass_object_name": 0.7140159606933594,
      "mean_mass_outside_lines": 0.0005427996317545573,
      "mean_mass_question_line": 0.023267745971679688,
      "mean_mass_record_line": 0.96923828125,
      "mean_mass_relation_name": 0.012838522593180338,
      "mean_mass_self_last": 0.006291866302490234,
      "mean_mass_source_value": 0.7140159606933594,
      "mean_mass_target_language": 0.0,
      "mean_mass_target_value": 0.800048828125,
      "mean_top_attn_mass": 0.7837727864583334,
      "model": "glm4",
      "n": 24,
      "source_focus_score": 1.1633248925209045,
      "top_attn_token_counts": {
        " apples": 1,
        " books": 1,
        " boxes": 1,
        " called": 1,
        " cars": 1,
        " jumped": 1,
        " looked": 1,
        " opened": 1,
        " played": 1,
        " walked": 1
      }
    },
    {
      "function_family": "simple_grammar_protocol_route",
      "head": 15,
      "head_key": "L21H15",
      "layer": 21,
      "mean_mass_answer_line": 0.0144195556640625,
      "mean_mass_grammar_marker": 0.004613806804021199,
      "mean_mass_instruction_line": 0.0010658204555511475,
      "mean_mass_line_partition": 0.9996027251084646,
      "mean_mass_object_name": 0.6485678354899088,
      "mean_mass_outside_lines": 0.0007949570814768473,
      "mean_mass_question_line": 0.010972817738850912,
      "mean_mass_record_line": 0.97314453125,
      "mean_mass_relation_name": 0.009569247563680014,
      "mean_mass_self_last": 0.014038721720377604,
      "mean_mass_source_value": 0.6485678354899088,
      "mean_mass_target_language": 0.0,
      "mean_mass_target_value": 0.797637939453125,
      "mean_top_attn_mass": 0.84765625,
      "model": "glm4",
      "n": 24,
      "source_focus_score": 1.124875585238139,
      "top_attn_token_counts": {
        " apples": 1,
        " boxes": 1,
        " called": 1,
        " cars": 1,
        " jumped": 1,
        " looked": 1,
        " opened": 1,
        " played": 1,
        " walked": 1,
        ".\n": 2
      }
    },
    {
      "function_family": "translation_language_route",
      "head": 26,
      "head_key": "L25H26",
      "layer": 25,
      "mean_mass_answer_line": 0.026153564453125,
      "mean_mass_grammar_marker": 0.0,
      "mean_mass_instruction_line": 0.0056832631429036455,
      "mean_mass_line_partition": 0.9999008178710938,
      "mean_mass_object_name": 0.03397687276204427,
      "mean_mass_outside_lines": 0.000762939453125,
      "mean_mass_question_line": 0.03365643819173177,
      "mean_mass_record_line": 0.9344075520833334,
      "mean_mass_relation_name": 0.0,
      "mean_mass_self_last": 0.025901158650716145,
      "mean_mass_source_value": 0.03397687276204427,
      "mean_mass_target_language": 0.012860933939615885,
      "mean_mass_target_value": 0.7960611979166666,
      "mean_top_attn_mass": 0.6759440104166666,
      "model": "glm4",
      "n": 24,
      "source_focus_score": 0.8101000785827637,
      "top_attn_token_counts": {
        " rouge": 1,
        "ana": 1,
        "ane": 1,
        "ano": 1,
        "jo": 1,
        "me": 1,
        "u": 1,
        "果": 1,
        "色": 2,
        "�": 2
      }
    },
    {
      "function_family": "fruit_identity_reuse_difference",
      "head": 19,
      "head_key": "L28H19",
      "layer": 28,
      "mean_mass_answer_line": 6.874899069468181e-05,
      "mean_mass_grammar_marker": 0.0,
      "mean_mass_instruction_line": 7.596611976623535e-05,
      "mean_mass_line_partition": 0.9996728847424189,
      "mean_mass_object_name": 0.10792032877604167,
      "mean_mass_outside_lines": 0.0009230871995290121,
      "mean_mass_question_line": 0.0008302529652913412,
      "mean_mass_record_line": 0.9986979166666666,
      "mean_mass_relation_name": 0.0008939107259114584,
      "mean_mass_self_last": 8.653228481610617e-06,
      "mean_mass_source_value": 0.783203125,
      "mean_mass_target_language": 0.0,
      "mean_mass_target_value": 0.783203125,
      "mean_top_attn_mass": 0.783203125,
      "model": "glm4",
      "n": 24,
      "source_focus_score": 0.8375550744434198,
      "top_attn_token_counts": {
        " animal": 6,
        " fruit": 12,
        " tool": 6
      }
    },
    {
      "function_family": "simple_grammar_protocol_route",
      "head": 0,
      "head_key": "L23H0",
      "layer": 23,
      "mean_mass_answer_line": 0.026482899983723957,
      "mean_mass_grammar_marker": 0.01181777318318685,
      "mean_mass_instruction_line": 0.0011621713638305664,
      "mean_mass_line_partition": 1.000102957089742,
      "mean_mass_object_name": 0.6556574503580729,
      "mean_mass_outside_lines": 0.0006683667500813802,
      "mean_mass_question_line": 0.0154266357421875,
      "mean_mass_record_line": 0.95703125,
      "mean_mass_relation_name": 0.01589202880859375,
      "mean_mass_self_last": 0.025541305541992188,
      "mean_mass_source_value": 0.6556574503580729,
      "mean_mass_target_language": 0.0,
      "mean_mass_target_value": 0.78271484375,
      "mean_top_attn_mass": 0.7809244791666666,
      "model": "glm4",
      "n": 24,
      "source_focus_score": 1.1171966592470806,
      "top_attn_token_counts": {
        " apples": 1,
        " books": 1,
        " boxes": 1,
        " called": 1,
        " cars": 1,
        " jumped": 1,
        " looked": 1,
        " opened": 1,
        " played": 1,
        " walked": 1
      }
    },
    {
      "function_family": "fruit_identity_reuse_difference",
      "head": 26,
      "head_key": "L32H26",
      "layer": 32,
      "mean_mass_answer_line": 0.002772649129231771,
      "mean_mass_grammar_marker": 0.0,
      "mean_mass_instruction_line": 0.0046774546305338545,
      "mean_mass_line_partition": 0.9994773864746094,
      "mean_mass_object_name": 0.08875656127929688,
      "mean_mass_outside_lines": 0.0008093516031901041,
      "mean_mass_question_line": 0.011233011881510416,
      "mean_mass_record_line": 0.9807942708333334,
      "mean_mass_relation_name": 0.006276448567708333,
      "mean_mass_self_last": 0.0025294621785481772,
      "mean_mass_source_value": 0.7794596354166666,
      "mean_mass_target_language": 0.0,
      "mean_mass_target_value": 0.7794596354166666,
      "mean_top_attn_mass": 0.7794596354166666,
      "model": "glm4",
      "n": 24,
      "source_focus_score": 0.8239442507425943,
      "top_attn_token_counts": {
        " animal": 6,
        " fruit": 12,
        " tool": 6
      }
    },
    {
      "function_family": "translation_language_route",
      "head": 13,
      "head_key": "L23H13",
      "layer": 23,
      "mean_mass_answer_line": 0.03849029541015625,
      "mean_mass_grammar_marker": 0.0,
      "mean_mass_instruction_line": 0.01808643341064453,
      "mean_mass_line_partition": 0.9995686213175455,
      "mean_mass_object_name": 0.043689727783203125,
      "mean_mass_outside_lines": 0.0008598963419596354,
      "mean_mass_question_line": 0.03348668416341146,
      "mean_mass_record_line": 0.9095052083333334,
      "mean_mass_relation_name": 0.0,
      "mean_mass_self_last": 0.03780937194824219,
      "mean_mass_source_value": 0.043689727783203125,
      "mean_mass_target_language": 0.003595590591430664,
      "mean_mass_target_value": 0.7620442708333334,
      "mean_top_attn_mass": 0.6917317708333334,
      "model": "glm4",
      "n": 24,
      "source_focus_score": 0.7670211394627889,
      "top_attn_token_counts": {
        " rouge": 1,
        "ana": 1,
        "ane": 1,
        "ano": 1,
        "jo": 1,
        "me": 1,
        "u": 1,
        "果": 1,
        "色": 2,
        "蕉": 1
      }
    },
    {
      "function_family": "fruit_identity_reuse_difference",
      "head": 28,
      "head_key": "L31H28",
      "layer": 31,
      "mean_mass_answer_line": 0.004115104675292969,
      "mean_mass_grammar_marker": 0.0,
      "mean_mass_instruction_line": 0.0025040308634440103,
      "mean_mass_line_partition": 1.000057856241862,
      "mean_mass_object_name": 0.102569580078125,
      "mean_mass_outside_lines": 0.0006176630655924479,
      "mean_mass_question_line": 0.021596272786458332,
      "mean_mass_record_line": 0.9718424479166666,
      "mean_mass_relation_name": 0.0014513333638509114,
      "mean_mass_self_last": 0.003948211669921875,
      "mean_mass_source_value": 0.75732421875,
      "mean_mass_target_language": 0.0,
      "mean_mass_target_value": 0.75732421875,
      "mean_top_attn_mass": 0.75732421875,
      "model": "glm4",
      "n": 24,
      "source_focus_score": 0.8070538838704426,
      "top_attn_token_counts": {
        " animal": 6,
        " fruit": 12,
        " tool": 6
      }
    },
    {
      "function_family": "simple_grammar_protocol_route",
      "head": 24,
      "head_key": "L24H24",
      "layer": 24,
      "mean_mass_answer_line": 0.005018870035807292,
      "mean_mass_grammar_marker": 0.038494110107421875,
      "mean_mass_instruction_line": 0.0021920204162597656,
      "mean_mass_line_partition": 1.0002249081929524,
      "mean_mass_object_name": 0.7052815755208334,
      "mean_mass_outside_lines": 0.000671545664469401,
      "mean_mass_question_line": 0.11182912190755208,
      "mean_mass_record_line": 0.8811848958333334,
      "mean_mass_relation_name": 0.0347900390625,
      "mean_mass_self_last": 0.004450162251790364,
      "mean_mass_source_value": 0.7052815755208334,
      "mean_mass_target_language": 0.0,
      "mean_mass_target_value": 0.75341796875,
      "mean_top_attn_mass": 0.7530924479166666,
      "model": "glm4",
      "n": 24,
      "source_focus_score": 1.140350103378296,
      "top_attn_token_counts": {
        " apples": 1,
        " books": 1,
        " boxes": 1,
        " called": 1,
        " cars": 1,
        " jumped": 1,
        " looked": 1,
        " opened": 1,
        " played": 1,
        " walked": 1
      }
    },
    {
      "function_family": "translation_language_route",
      "head": 28,
      "head_key": "L31H28",
      "layer": 31,
      "mean_mass_answer_line": 0.013401667277018229,
      "mean_mass_grammar_marker": 0.0,
      "mean_mass_instruction_line": 0.002783616383870443,
      "mean_mass_line_partition": 1.0001571973164876,
      "mean_mass_object_name": 0.047526041666666664,
      "mean_mass_outside_lines": 0.0005865097045898438,
      "mean_mass_question_line": 0.012617746988932291,
      "mean_mass_record_line": 0.9713541666666666,
      "mean_mass_relation_name": 0.0,
      "mean_mass_self_last": 0.013297398885091146,
      "mean_mass_source_value": 0.047526041666666664,
      "mean_mass_target_language": 0.0003498867154121399,
      "mean_mass_target_value": 0.7491861979166666,
      "mean_top_attn_mass": 0.6126302083333334,
      "model": "glm4",
      "n": 24,
      "source_focus_score": 0.7683819370965164,
      "top_attn_token_counts": {
        " azul": 1,
        " ban": 1,
        " ble": 1,
        " eau": 1,
        " man": 1,
        " pl": 1,
        " pom": 1,
        " rouge": 1,
        "jo": 1,
        "�": 5
      }
    },
    {
      "function_family": "translation_language_route",
      "head": 26,
      "head_key": "L29H26",
      "layer": 29,
      "mean_mass_answer_line": 0.0002539704243342082,
      "mean_mass_grammar_marker": 0.0,
      "mean_mass_instruction_line": 0.00014447917540868124,
      "mean_mass_line_partition": 1.000044159591198,
      "mean_mass_object_name": 0.015799840291341145,
      "mean_mass_outside_lines": 0.0006791700919469198,
      "mean_mass_question_line": 0.002087116241455078,
      "mean_mass_record_line": 0.99755859375,
      "mean_mass_relation_name": 0.0,
      "mean_mass_self_last": 0.0002407530943552653,
      "mean_mass_source_value": 0.015799840291341145,
      "mean_mass_target_language": 0.0006997622549533844,
      "mean_mass_target_value": 0.736328125,
      "mean_top_attn_mass": 0.6806640625,
      "model": "glm4",
      "n": 24,
      "source_focus_score": 0.7444421940793594,
      "top_attn_token_counts": {
        " ban": 1,
        " rouge": 1,
        "jo": 1,
        "me": 1,
        "z": 1,
        "át": 1,
        "果": 1,
        "色": 2,
        "蕉": 1,
        "阳": 2
      }
    },
    {
      "function_family": "color_value_reuse_difference",
      "head": 28,
      "head_key": "L31H28",
      "layer": 31,
      "mean_mass_answer_line": 0.011503855387369791,
      "mean_mass_grammar_marker": 0.0,
      "mean_mass_instruction_line": 0.012396494547526041,
      "mean_mass_line_partition": 0.9999542236328125,
      "mean_mass_object_name": 0.09845225016276042,
      "mean_mass_outside_lines": 0.00066375732421875,
      "mean_mass_question_line": 0.036600748697916664,
      "mean_mass_record_line": 0.939453125,
      "mean_mass_relation_name": 0.003821690877278646,
      "mean_mass_self_last": 0.010789235432942709,
      "mean_mass_source_value": 0.7285970052083334,
      "mean_mass_target_language": 0.0,
      "mean_mass_target_value": 0.7285970052083334,
      "mean_top_attn_mass": 0.724853515625,
      "model": "glm4",
      "n": 24,
      "source_focus_score": 0.7706597646077474,
      "top_attn_token_counts": {
        " black": 2,
        " blue": 4,
        " green": 4,
        " orange": 2,
        " purple": 1,
        " red": 4,
        " violet": 1,
        " white": 2,
        " yellow": 4
      }
    },
    {
      "function_family": "color_value_reuse_difference",
      "head": 11,
      "head_key": "L21H11",
      "layer": 21,
      "mean_mass_answer_line": 0.0011483033498128254,
      "mean_mass_grammar_marker": 0.0,
      "mean_mass_instruction_line": 0.000148738423983256,
      "mean_mass_line_partition": 1.0004069457451503,
      "mean_mass_object_name": 0.0052961309750874834,
      "mean_mass_outside_lines": 0.0005382895469665527,
      "mean_mass_question_line": 0.031010945638020832,
      "mean_mass_record_line": 0.9680989583333334,
      "mean_mass_relation_name": 0.10758463541666667,
      "mean_mass_self_last": 0.0011483033498128254,
      "mean_mass_source_value": 0.726806640625,
      "mean_mass_target_language": 0.0,
      "mean_mass_target_value": 0.726806640625,
      "mean_top_attn_mass": 0.7246907552083334,
      "model": "glm4",
      "n": 24,
      "source_focus_score": 0.7828855787714322,
      "top_attn_token_counts": {
        " black": 2,
        " blue": 4,
        " green": 4,
        " orange": 2,
        " purple": 2,
        " red": 4,
        " white": 2,
        " yellow": 4
      }
    },
    {
      "function_family": "translation_language_route",
      "head": 29,
      "head_key": "L28H29",
      "layer": 28,
      "mean_mass_answer_line": 0.0022243360678354898,
      "mean_mass_grammar_marker": 0.0,
      "mean_mass_instruction_line": 0.002081016699473063,
      "mean_mass_line_partition": 0.999547153711319,
      "mean_mass_object_name": 0.01662127176920573,
      "mean_mass_outside_lines": 0.0009349485238393148,
      "mean_mass_question_line": 0.00484466552734375,
      "mean_mass_record_line": 0.9903971354166666,
      "mean_mass_relation_name": 0.0,
      "mean_mass_self_last": 0.0004641960064570109,
      "mean_mass_source_value": 0.01662127176920573,
      "mean_mass_target_language": 0.0040274858474731445,
      "mean_mass_target_value": 0.7245279947916666,
      "mean_top_attn_mass": 0.6809895833333334,
      "model": "glm4",
      "n": 24,
      "source_focus_score": 0.7332557812333107,
      "top_attn_token_counts": {
        " azul": 1,
        " ban": 1,
        " eau": 1,
        " man": 1,
        " pl": 1,
        " pom": 1,
        " ro": 1,
        " rouge": 1,
        " �": 5,
        "Record": 1
      }
    },
    {
      "function_family": "color_value_reuse_difference",
      "head": 21,
      "head_key": "L26H21",
      "layer": 26,
      "mean_mass_answer_line": 0.011011759440104166,
      "mean_mass_grammar_marker": 0.0,
      "mean_mass_instruction_line": 0.007302602132161458,
      "mean_mass_line_partition": 0.999444325764974,
      "mean_mass_object_name": 0.03565502166748047,
      "mean_mass_outside_lines": 0.0010541280110677083,
      "mean_mass_question_line": 0.018239339192708332,
      "mean_mass_record_line": 0.962890625,
      "mean_mass_relation_name": 0.006282488505045573,
      "mean_mass_self_last": 0.01080322265625,
      "mean_mass_source_value": 0.7222493489583334,
      "mean_mass_target_language": 0.0,
      "mean_mass_target_value": 0.7222493489583334,
      "mean_top_attn_mass": 0.7201334635416666,
      "model": "glm4",
      "n": 24,
      "source_focus_score": 0.7368138631184897,
      "top_attn_token_counts": {
        " black": 2,
        " blue": 4,
        " green": 4,
        " orange": 2,
        " purple": 1,
        " red": 4,
        " violet": 1,
        " white": 2,
        " yellow": 4
      }
    },
    {
      "function_family": "translation_language_route",
      "head": 13,
      "head_key": "L32H13",
      "layer": 32,
      "mean_mass_answer_line": 0.0335234006245931,
      "mean_mass_grammar_marker": 0.0,
      "mean_mass_instruction_line": 0.009233832359313965,
      "mean_mass_line_partition": 1.0001705884933472,
      "mean_mass_object_name": 0.08016204833984375,
      "mean_mass_outside_lines": 0.00046372413635253906,
      "mean_mass_question_line": 0.0404211680094401,
      "mean_mass_record_line": 0.9169921875,
      "mean_mass_relation_name": 0.0,
      "mean_mass_self_last": 0.03223093350728353,
      "mean_mass_source_value": 0.08016204833984375,
      "mean_mass_target_language": 0.0004449238379796346,
      "mean_mass_target_value": 0.714111328125,
      "mean_top_attn_mass": 0.6481526692708334,
      "model": "glm4",
      "n": 24,
      "source_focus_score": 0.7414170478781064,
      "top_attn_token_counts": {
        " azul": 1,
        " ban": 1,
        " ble": 1,
        " eau": 1,
        " man": 1,
        " pl": 1,
        " pom": 1,
        " ro": 1,
        " rouge": 1,
        "�": 5
      }
    },
    {
      "function_family": "color_value_reuse_difference",
      "head": 31,
      "head_key": "L26H31",
      "layer": 26,
      "mean_mass_answer_line": 0.010725021362304688,
      "mean_mass_grammar_marker": 0.0,
      "mean_mass_instruction_line": 0.008391062418619791,
      "mean_mass_line_partition": 1.0004393259684246,
      "mean_mass_object_name": 0.01701656977335612,
      "mean_mass_outside_lines": 0.0003484090169270833,
      "mean_mass_question_line": 0.007853190104166666,
      "mean_mass_record_line": 0.9734700520833334,
      "mean_mass_relation_name": 0.0035664240519205728,
      "mean_mass_self_last": 0.010721206665039062,
      "mean_mass_source_value": 0.7086588541666666,
      "mean_mass_target_language": 0.0,
      "mean_mass_target_value": 0.7086588541666666,
      "mean_top_attn_mass": 0.7083333333333334,
      "model": "glm4",
      "n": 24,
      "source_focus_score": 0.712073564529419,
      "top_attn_token_counts": {
        " black": 2,
        " blue": 4,
        " green": 4,
        " orange": 2,
        " purple": 2,
        " red": 4,
        " white": 2,
        " yellow": 4
      }
    },
    {
      "function_family": "fruit_identity_reuse_difference",
      "head": 10,
      "head_key": "L23H10",
      "layer": 23,
      "mean_mass_answer_line": 0.0027000109354654946,
      "mean_mass_grammar_marker": 0.0,
      "mean_mass_instruction_line": 0.0008731683095296224,
      "mean_mass_line_partition": 0.999916156133016,
      "mean_mass_object_name": 0.012493769327799479,
      "mean_mass_outside_lines": 0.0006945133209228516,
      "mean_mass_question_line": 0.0624237060546875,
      "mean_mass_record_line": 0.9339192708333334,
      "mean_mass_relation_name": 0.071197509765625,
      "mean_mass_self_last": 0.002697467803955078,
      "mean_mass_source_value": 0.7041829427083334,
      "mean_mass_target_language": 0.0,
      "mean_mass_target_value": 0.7041829427083334,
      "mean_top_attn_mass": 0.7041829427083334,
      "model": "glm4",
      "n": 24,
      "source_focus_score": 0.7449169953664145,
      "top_attn_token_counts": {
        " animal": 6,
        " fruit": 12,
        " tool": 6
      }
    },
    {
      "function_family": "simple_grammar_protocol_route",
      "head": 2,
      "head_key": "L25H2",
      "layer": 25,
      "mean_mass_answer_line": 0.03166544437408447,
      "mean_mass_grammar_marker": 0.012253443400065104,
      "mean_mass_instruction_line": 0.021544739603996277,
      "mean_mass_line_partition": 1.0003114591042201,
      "mean_mass_object_name": 0.5782450834910074,
      "mean_mass_outside_lines": 0.0003426074981689453,
      "mean_mass_question_line": 0.07470544179280598,
      "mean_mass_record_line": 0.8723958333333334,
      "mean_mass_relation_name": 0.028704404830932617,
      "mean_mass_self_last": 0.030795733133951824,
      "mean_mass_source_value": 0.5782450834910074,
      "mean_mass_target_language": 0.0,
      "mean_mass_target_value": 0.7041829427083334,
      "mean_top_attn_mass": 0.7041829427083334,
      "model": "glm4",
      "n": 24,
      "source_focus_score": 0.9950956776738167,
      "top_attn_token_counts": {
        " apples": 1,
        " books": 1,
        " called": 1,
        " cars": 1,
        " jumped": 1,
        " looked": 1,
        " opened": 1,
        " played": 1,
        " walked": 1,
        "Record": 1
      }
    },
    {
      "function_family": "fruit_identity_reuse_difference",
      "head": 24,
      "head_key": "L29H24",
      "layer": 29,
      "mean_mass_answer_line": 0.0034354527791341147,
      "mean_mass_grammar_marker": 0.0,
      "mean_mass_instruction_line": 0.001317421595255534,
      "mean_mass_line_partition": 1.0002143383026123,
      "mean_mass_object_name": 0.006529808044433594,
      "mean_mass_outside_lines": 0.0008488496144612631,
      "mean_mass_question_line": 0.0019718805948893228,
      "mean_mass_record_line": 0.9934895833333334,
      "mean_mass_relation_name": 0.0001980463663736979,
      "mean_mass_self_last": 0.0033521652221679688,
      "mean_mass_source_value": 0.6980794270833334,
      "mean_mass_target_language": 0.0,
      "mean_mass_target_value": 0.6980794270833334,
      "mean_top_attn_mass": 0.6980794270833334,
      "model": "glm4",
      "n": 24,
      "source_focus_score": 0.6999257802963257,
      "top_attn_token_counts": {
        " animal": 6,
        " fruit": 12,
        " tool": 6
      }
    },
    {
      "function_family": "translation_language_route",
      "head": 28,
      "head_key": "L32H28",
      "layer": 32,
      "mean_mass_answer_line": 0.02019500732421875,
      "mean_mass_grammar_marker": 0.0,
      "mean_mass_instruction_line": 0.007658481597900391,
      "mean_mass_line_partition": 1.0003148714701335,
      "mean_mass_object_name": 0.030568440755208332,
      "mean_mass_outside_lines": 0.0004469553629557292,
      "mean_mass_question_line": 0.01266320546468099,
      "mean_mass_record_line": 0.9597981770833334,
      "mean_mass_relation_name": 0.0,
      "mean_mass_self_last": 0.019618988037109375,
      "mean_mass_source_value": 0.030568440755208332,
      "mean_mass_target_language": 0.002452502648035685,
      "mean_mass_target_value": 0.68505859375,
      "mean_top_attn_mass": 0.596435546875,
      "model": "glm4",
      "n": 24,
      "source_focus_score": 0.6926910728216171,
      "top_attn_token_counts": {
        " pom": 1,
        " rouge": 1,
        " �": 1,
        "Record": 2,
        "jo": 1,
        "u": 1,
        "z": 1,
        "át": 1,
        "色": 1,
        "�": 3
      }
    },
    {
      "function_family": "translation_language_route",
      "head": 14,
      "head_key": "L21H14",
      "layer": 21,
      "mean_mass_answer_line": 0.010552088419596354,
      "mean_mass_grammar_marker": 0.0,
      "mean_mass_instruction_line": 0.0009641647338867188,
      "mean_mass_line_partition": 0.9999688466389974,
      "mean_mass_object_name": 0.0046258072058359785,
      "mean_mass_outside_lines": 0.0005838473637898763,
      "mean_mass_question_line": 0.008309364318847656,
      "mean_mass_record_line": 0.9801432291666666,
      "mean_mass_relation_name": 0.0,
      "mean_mass_self_last": 0.010549545288085938,
      "mean_mass_source_value": 0.0046258072058359785,
      "mean_mass_target_language": 0.01800092061360677,
      "mean_mass_target_value": 0.6844075520833334,
      "mean_top_attn_mass": 0.6537272135416666,
      "model": "glm4",
      "n": 24,
      "source_focus_score": 0.6926008115212123,
      "top_attn_token_counts": {
        " azul": 1,
        " eau": 1,
        " rouge": 1,
        " �": 5,
        "ana": 1,
        "ane": 1,
        "ano": 1,
        "jo": 1,
        "me": 1,
        "u": 1
      }
    },
    {
      "function_family": "fruit_identity_reuse_difference",
      "head": 24,
      "head_key": "L24H24",
      "layer": 24,
      "mean_mass_answer_line": 0.0018708308537801106,
      "mean_mass_grammar_marker": 0.0,
      "mean_mass_instruction_line": 0.0023680528004964194,
      "mean_mass_line_partition": 0.999768058458964,
      "mean_mass_object_name": 0.0700365702311198,
      "mean_mass_outside_lines": 0.0010161399841308594,
      "mean_mass_question_line": 0.06551615397135417,
      "mean_mass_record_line": 0.9300130208333334,
      "mean_mass_relation_name": 0.02588653564453125,
      "mean_mass_self_last": 0.0017998218536376953,
      "mean_mass_source_value": 0.6746419270833334,
      "mean_mass_target_language": 0.0,
      "mean_mass_target_value": 0.6746419270833334,
      "mean_top_attn_mass": 0.6746419270833334,
      "model": "glm4",
      "n": 24,
      "source_focus_score": 0.7209517459074657,
      "top_attn_token_counts": {
        " animal": 6,
        " fruit": 12,
        " tool": 6
      }
    },
    {
      "function_family": "fruit_identity_reuse_difference",
      "head": 31,
      "head_key": "L26H31",
      "layer": 26,
      "mean_mass_answer_line": 0.0017604827880859375,
      "mean_mass_grammar_marker": 0.0,
      "mean_mass_instruction_line": 0.0019666353861490884,
      "mean_mass_line_partition": 0.9998456637064616,
      "mean_mass_object_name": 0.004350980122884114,
      "mean_mass_outside_lines": 0.0006869633992513021,
      "mean_mass_question_line": 0.0045820871988932295,
      "mean_mass_record_line": 0.9915364583333334,
      "mean_mass_relation_name": 0.0007967948913574219,
      "mean_mass_self_last": 0.001756111780802409,
      "mean_mass_source_value": 0.666015625,
      "mean_mass_target_language": 0.0,
      "mean_mass_target_value": 0.666015625,
      "mean_top_attn_mass": 0.666015625,
      "model": "glm4",
      "n": 24,
      "source_focus_score": 0.6671660741170247,
      "top_attn_token_counts": {
        " animal": 6,
        " fruit": 12,
        " tool": 6
      }
    },
    {
      "function_family": "simple_grammar_protocol_route",
      "head": 31,
      "head_key": "L26H31",
      "layer": 26,
      "mean_mass_answer_line": 0.02625274658203125,
      "mean_mass_grammar_marker": 0.0021788757294416428,
      "mean_mass_instruction_line": 0.006287097930908203,
      "mean_mass_line_partition": 1.0006062189737956,
      "mean_mass_object_name": 0.5764671166737875,
      "mean_mass_outside_lines": 0.00042327245076497394,
      "mean_mass_question_line": 0.029264291127522785,
      "mean_mass_record_line": 0.9388020833333334,
      "mean_mass_relation_name": 0.012835164864857992,
      "mean_mass_self_last": 0.02611541748046875,
      "mean_mass_source_value": 0.5764671166737875,
      "mean_mass_target_language": 0.0,
      "mean_mass_target_value": 0.6659138997395834,
      "mean_top_attn_mass": 0.695068359375,
      "model": "glm4",
      "n": 24,
      "source_focus_score": 0.9519477427626649,
      "top_attn_token_counts": {
        " apples": 1,
        " boxes": 1,
        " called": 1,
        " cars": 1,
        " jumped": 1,
        " looked": 1,
        " opened": 1,
        " played": 1,
        " walked": 1,
        "Record": 2
      }
    },
    {
      "function_family": "translation_language_route",
      "head": 29,
      "head_key": "L24H29",
      "layer": 24,
      "mean_mass_answer_line": 0.010540962219238281,
      "mean_mass_grammar_marker": 0.0,
      "mean_mass_instruction_line": 0.0011339088280995686,
      "mean_mass_line_partition": 1.000644673903783,
      "mean_mass_object_name": 0.02682813008626302,
      "mean_mass_outside_lines": 0.000532001256942749,
      "mean_mass_question_line": 0.023963292439778645,
      "mean_mass_record_line": 0.9650065104166666,
      "mean_mass_relation_name": 0.0,
      "mean_mass_self_last": 0.010389010111490885,
      "mean_mass_source_value": 0.02682813008626302,
      "mean_mass_target_language": 0.015354156494140625,
      "mean_mass_target_value": 0.6651611328125,
      "mean_top_attn_mass": 0.5455322265625,
      "model": "glm4",
      "n": 24,
      "source_focus_score": 0.6830500811338425,
      "top_attn_token_counts": {
        " azul": 1,
        " eau": 1,
        " man": 1,
        " pl": 1,
        " rouge": 1,
        " �": 4,
        "ane": 1,
        "jo": 1,
        "me": 1,
        "u": 1
      }
    },
    {
      "function_family": "color_value_reuse_difference",
      "head": 2,
      "head_key": "L21H2",
      "layer": 21,
      "mean_mass_answer_line": 0.005677858988444011,
      "mean_mass_grammar_marker": 0.0,
      "mean_mass_instruction_line": 0.0015459855397542317,
      "mean_mass_line_partition": 1.000062386194865,
      "mean_mass_object_name": 0.026599884033203125,
      "mean_mass_outside_lines": 0.0004607836405436198,
      "mean_mass_question_line": 0.07389322916666667,
      "mean_mass_record_line": 0.9189453125,
      "mean_mass_relation_name": 0.0680084228515625,
      "mean_mass_self_last": 0.005639394124348958,
      "mean_mass_source_value": 0.6614583333333334,
      "mean_mass_target_language": 0.0,
      "mean_mass_target_value": 0.6614583333333334,
      "mean_top_attn_mass": 0.6609700520833334,
      "model": "glm4",
      "n": 24,
      "source_focus_score": 0.7065700292587281,
      "top_attn_token_counts": {
        " black": 2,
        " blue": 3,
        " green": 4,
        " orange": 2,
        " purple": 2,
        " red": 4,
        " white": 2,
        " yellow": 4,
        ";": 1
      }
    }
  ]
}
