`torch_dtype` is deprecated! Use `dtype` instead!
Loading weights:   0%|          | 0/443 [00:00<?, ?it/s]Loading weights:   0%|          | 2/443 [00:00<00:54,  8.04it/s]Loading weights:   9%|▊         | 38/443 [00:00<00:03, 134.10it/s]Loading weights:  16%|█▌        | 71/443 [00:00<00:01, 193.94it/s]Loading weights:  23%|██▎       | 104/443 [00:00<00:01, 229.98it/s]Loading weights:  31%|███       | 137/443 [00:00<00:01, 252.31it/s]Loading weights:  38%|███▊      | 168/443 [00:00<00:01, 268.32it/s]Loading weights:  45%|████▌     | 201/443 [00:00<00:00, 282.72it/s]Loading weights:  53%|█████▎    | 236/443 [00:00<00:00, 299.66it/s]Loading weights:  60%|██████    | 268/443 [00:01<00:00, 300.23it/s]Loading weights:  68%|██████▊   | 301/443 [00:01<00:00, 302.32it/s]Loading weights:  76%|███████▌  | 336/443 [00:01<00:00, 316.15it/s]Loading weights:  83%|████████▎ | 369/443 [00:01<00:00, 316.98it/s]Loading weights:  91%|█████████ | 401/443 [00:01<00:00, 312.73it/s]Loading weights:  98%|█████████▊| 435/443 [00:01<00:00, 316.47it/s]Loading weights: 100%|██████████| 443/443 [00:01<00:00, 273.26it/s]
[15:42:57] Loaded glm4: class=GlmForCausalLM, GPU=18.80GB, attn=eager
[15:42:58] glm4: captured value-token trajectories 5/5 paired cases
[model_utils] GPU memory released, allocated=18.81 GB
{
  "model": "glm4",
  "n_paired_cases": 5,
  "phase": 696,
  "summary": {
    "by_variant_group_layer": {
      "short_only|answer_last|L0": {
        "mean_n_tokens": 1.0,
        "mean_norm": 0.33575299978256223,
        "mean_projection": -0.0021153224166482686,
        "n": 5
      },
      "short_only|answer_last|L1": {
        "mean_n_tokens": 1.0,
        "mean_norm": 0.6050207853317261,
        "mean_projection": -0.007666087010875344,
        "n": 5
      },
      "short_only|answer_last|L10": {
        "mean_n_tokens": 1.0,
        "mean_norm": 3.18094744682312,
        "mean_projection": -0.0006021643057465553,
        "n": 5
      },
      "short_only|answer_last|L11": {
        "mean_n_tokens": 1.0,
        "mean_norm": 3.162868785858154,
        "mean_projection": -0.001015761960297823,
        "n": 5
      },
      "short_only|answer_last|L12": {
        "mean_n_tokens": 1.0,
        "mean_norm": 3.7464874744415284,
        "mean_projection": -0.009345253556966781,
        "n": 5
      },
      "short_only|answer_last|L13": {
        "mean_n_tokens": 1.0,
        "mean_norm": 3.8878323078155517,
        "mean_projection": -0.03088260106742382,
        "n": 5
      },
      "short_only|answer_last|L14": {
        "mean_n_tokens": 1.0,
        "mean_norm": 4.550785255432129,
        "mean_projection": -0.014565883576869965,
        "n": 5
      },
      "short_only|answer_last|L15": {
        "mean_n_tokens": 1.0,
        "mean_norm": 5.263724708557129,
        "mean_projection": 0.02025858946144581,
        "n": 5
      },
      "short_only|answer_last|L16": {
        "mean_n_tokens": 1.0,
        "mean_norm": 5.719661617279053,
        "mean_projection": 0.06176916062831879,
        "n": 5
      },
      "short_only|answer_last|L17": {
        "mean_n_tokens": 1.0,
        "mean_norm": 6.109094429016113,
        "mean_projection": 0.06296897381544113,
        "n": 5
      },
      "short_only|answer_last|L18": {
        "mean_n_tokens": 1.0,
        "mean_norm": 6.988720417022705,
        "mean_projection": 0.07641658708453178,
        "n": 5
      },
      "short_only|answer_last|L19": {
        "mean_n_tokens": 1.0,
        "mean_norm": 8.18228702545166,
        "mean_projection": 0.10824061147868633,
        "n": 5
      },
      "short_only|answer_last|L2": {
        "mean_n_tokens": 1.0,
        "mean_norm": 0.8749564528465271,
        "mean_projection": -0.008946114662103355,
        "n": 5
      },
      "short_only|answer_last|L20": {
        "mean_n_tokens": 1.0,
        "mean_norm": 10.299559020996094,
        "mean_projection": 0.11144566200673581,
        "n": 5
      },
      "short_only|answer_last|L21": {
        "mean_n_tokens": 1.0,
        "mean_norm": 11.11131019592285,
        "mean_projection": 0.23517832458019255,
        "n": 5
      },
      "short_only|answer_last|L22": {
        "mean_n_tokens": 1.0,
        "mean_norm": 12.905228614807129,
        "mean_projection": 0.1316848300397396,
        "n": 5
      },
      "short_only|answer_last|L23": {
        "mean_n_tokens": 1.0,
        "mean_norm": 16.967441177368165,
        "mean_projection": 0.021613748371601106,
        "n": 5
      },
      "short_only|answer_last|L24": {
        "mean_n_tokens": 1.0,
        "mean_norm": 21.192547225952147,
        "mean_projection": 0.01921796165406704,
        "n": 5
      },
      "short_only|answer_last|L25": {
        "mean_n_tokens": 1.0,
        "mean_norm": 27.03376998901367,
        "mean_projection": -0.022490295767784118,
        "n": 5
      },
      "short_only|answer_last|L26": {
        "mean_n_tokens": 1.0,
        "mean_norm": 32.887316131591795,
        "mean_projection": 0.39235831797122955,
        "n": 5
      },
      "short_only|answer_last|L27": {
        "mean_n_tokens": 1.0,
        "mean_norm": 39.62815628051758,
        "mean_projection": 0.16972989588975906,
        "n": 5
      },
      "short_only|answer_last|L28": {
        "mean_n_tokens": 1.0,
        "mean_norm": 45.46948471069336,
        "mean_projection": 0.21609227061271669,
        "n": 5
      },
      "short_only|answer_last|L29": {
        "mean_n_tokens": 1.0,
        "mean_norm": 52.48148193359375,
        "mean_projection": 0.2418283700942993,
        "n": 5
      },
      "short_only|answer_last|L3": {
        "mean_n_tokens": 1.0,
        "mean_norm": 1.3717742443084717,
        "mean_projection": -0.012240168685093523,
        "n": 5
      },
      "short_only|answer_last|L30": {
        "mean_n_tokens": 1.0,
        "mean_norm": 62.885215759277344,
        "mean_projection": 0.09989665150642395,
        "n": 5
      },
      "short_only|answer_last|L31": {
        "mean_n_tokens": 1.0,
        "mean_norm": 73.96207122802734,
        "mean_projection": 0.838563796877861,
        "n": 5
      },
      "short_only|answer_last|L32": {
        "mean_n_tokens": 1.0,
        "mean_norm": 83.18085479736328,
        "mean_projection": 2.2119679927825926,
        "n": 5
      },
      "short_only|answer_last|L33": {
        "mean_n_tokens": 1.0,
        "mean_norm": 97.03526306152344,
        "mean_projection": 2.3862424433231353,
        "n": 5
      },
      "short_only|answer_last|L34": {
        "mean_n_tokens": 1.0,
        "mean_norm": 108.42712707519532,
        "mean_projection": 2.640262705087662,
        "n": 5
      },
      "short_only|answer_last|L35": {
        "mean_n_tokens": 1.0,
        "mean_norm": 129.96854553222656,
        "mean_projection": 1.6852742791175843,
        "n": 5
      },
      "short_only|answer_last|L36": {
        "mean_n_tokens": 1.0,
        "mean_norm": 149.70406494140624,
        "mean_projection": 1.2697212934494018,
        "n": 5
      },
      "short_only|answer_last|L37": {
        "mean_n_tokens": 1.0,
        "mean_norm": 195.61554260253905,
        "mean_projection": -0.20842561721801758,
        "n": 5
      },
      "short_only|answer_last|L38": {
        "mean_n_tokens": 1.0,
        "mean_norm": 310.0415466308594,
        "mean_projection": -2.780573844909668,
        "n": 5
      },
      "short_only|answer_last|L39": {
        "mean_n_tokens": 1.0,
        "mean_norm": 344.7545166015625,
        "mean_projection": -3.2711148262023926,
        "n": 5
      },
      "short_only|answer_last|L4": {
        "mean_n_tokens": 1.0,
        "mean_norm": 1.6364830493927003,
        "mean_projection": -0.02574562728404999,
        "n": 5
      },
      "short_only|answer_last|L5": {
        "mean_n_tokens": 1.0,
        "mean_norm": 1.8922719717025758,
        "mean_projection": -0.030337099358439444,
        "n": 5
      },
      "short_only|answer_last|L6": {
        "mean_n_tokens": 1.0,
        "mean_norm": 2.036612319946289,
        "mean_projection": -0.023944536224007607,
        "n": 5
      },
      "short_only|answer_last|L7": {
        "mean_n_tokens": 1.0,
        "mean_norm": 2.413942003250122,
        "mean_projection": -0.02277147099375725,
        "n": 5
      },
      "short_only|answer_last|L8": {
        "mean_n_tokens": 1.0,
        "mean_norm": 2.6926084041595457,
        "mean_projection": -0.01413634531199932,
        "n": 5
      },
      "short_only|answer_last|L9": {
        "mean_n_tokens": 1.0,
        "mean_norm": 2.917322111129761,
        "mean_projection": 0.0025116385892033576,
        "n": 5
      },
      "short_only|instruction_line|L0": {
        "mean_n_tokens": 8.0,
        "mean_norm": 0.2651804447174072,
        "mean_projection": 0.004763823235407472,
        "n": 5
      },
      "short_only|instruction_line|L1": {
        "mean_n_tokens": 8.0,
        "mean_norm": 0.4394136071205139,
        "mean_projection": 0.0070742260664701465,
        "n": 5
      },
      "short_only|instruction_line|L10": {
        "mean_n_tokens": 8.0,
        "mean_norm": 2.4998711585998534,
        "mean_projection": 0.01782115725800395,
        "n": 5
      },
      "short_only|instruction_line|L11": {
        "mean_n_tokens": 8.0,
        "mean_norm": 2.675322246551514,
        "mean_projection": 0.03166616689413786,
        "n": 5
      },
      "short_only|instruction_line|L12": {
        "mean_n_tokens": 8.0,
        "mean_norm": 3.2340447425842287,
        "mean_projection": 0.048189956694841385,
        "n": 5
      },
      "short_only|instruction_line|L13": {
        "mean_n_tokens": 8.0,
        "mean_norm": 3.29687705039978,
        "mean_projection": 0.028585077635943888,
        "n": 5
      },
      "short_only|instruction_line|L14": {
        "mean_n_tokens": 8.0,
        "mean_norm": 3.9231160163879393,
        "mean_projection": 0.03899635002017021,
        "n": 5
      },
      "short_only|instruction_line|L15": {
        "mean_n_tokens": 8.0,
        "mean_norm": 4.370941925048828,
        "mean_projection": 0.07796381190419197,
        "n": 5
      },
      "short_only|instruction_line|L16": {
        "mean_n_tokens": 8.0,
        "mean_norm": 4.748983478546142,
        "mean_projection": 0.09263533353805542,
        "n": 5
      },
      "short_only|instruction_line|L17": {
        "mean_n_tokens": 8.0,
        "mean_norm": 5.344302654266357,
        "mean_projection": 0.12459114789962769,
        "n": 5
      },
      "short_only|instruction_line|L18": {
        "mean_n_tokens": 8.0,
        "mean_norm": 6.4853918075561525,
        "mean_projection": 0.14596528708934783,
        "n": 5
      },
      "short_only|instruction_line|L19": {
        "mean_n_tokens": 8.0,
        "mean_norm": 6.9000598907470705,
        "mean_projection": 0.16081013083457946,
        "n": 5
      },
      "short_only|instruction_line|L2": {
        "mean_n_tokens": 8.0,
        "mean_norm": 0.6345444560050965,
        "mean_projection": 0.0041890785098075865,
        "n": 5
      },
      "short_only|instruction_line|L20": {
        "mean_n_tokens": 8.0,
        "mean_norm": 7.926390647888184,
        "mean_projection": 0.18330913484096528,
        "n": 5
      },
      "short_only|instruction_line|L21": {
        "mean_n_tokens": 8.0,
        "mean_norm": 9.07512264251709,
        "mean_projection": 0.2720283716917038,
        "n": 5
      },
      "short_only|instruction_line|L22": {
        "mean_n_tokens": 8.0,
        "mean_norm": 11.249946594238281,
        "mean_projection": 0.25207121670246124,
        "n": 5
      },
      "short_only|instruction_line|L23": {
        "mean_n_tokens": 8.0,
        "mean_norm": 14.375228691101075,
        "mean_projection": 0.27762484848499297,
        "n": 5
      },
      "short_only|instruction_line|L24": {
        "mean_n_tokens": 8.0,
        "mean_norm": 18.75238494873047,
        "mean_projection": 0.19654541462659836,
        "n": 5
      },
      "short_only|instruction_line|L25": {
        "mean_n_tokens": 8.0,
        "mean_norm": 24.309062576293947,
        "mean_projection": 0.1687712550163269,
        "n": 5
      },
      "short_only|instruction_line|L26": {
        "mean_n_tokens": 8.0,
        "mean_norm": 29.93201904296875,
        "mean_projection": 0.20260449647903442,
        "n": 5
      },
      "short_only|instruction_line|L27": {
        "mean_n_tokens": 8.0,
        "mean_norm": 35.89150390625,
        "mean_projection": 0.26257288455963135,
        "n": 5
      },
      "short_only|instruction_line|L28": {
        "mean_n_tokens": 8.0,
        "mean_norm": 42.59131393432617,
        "mean_projection": 0.256953701376915,
        "n": 5
      },
      "short_only|instruction_line|L29": {
        "mean_n_tokens": 8.0,
        "mean_norm": 49.832254791259764,
        "mean_projection": 0.2998984158039093,
        "n": 5
      },
      "short_only|instruction_line|L3": {
        "mean_n_tokens": 8.0,
        "mean_norm": 1.0339232206344604,
        "mean_projection": 0.0032574985176324843,
        "n": 5
      },
      "short_only|instruction_line|L30": {
        "mean_n_tokens": 8.0,
        "mean_norm": 59.450582885742186,
        "mean_projection": 0.20050172209739686,
        "n": 5
      },
      "short_only|instruction_line|L31": {
        "mean_n_tokens": 8.0,
        "mean_norm": 71.09306640625,
        "mean_projection": 0.3135175287723541,
        "n": 5
      },
      "short_only|instruction_line|L32": {
        "mean_n_tokens": 8.0,
        "mean_norm": 77.92594604492187,
        "mean_projection": 0.24219555258750916,
        "n": 5
      },
      "short_only|instruction_line|L33": {
        "mean_n_tokens": 8.0,
        "mean_norm": 89.526171875,
        "mean_projection": 0.13974299430847167,
        "n": 5
      },
      "short_only|instruction_line|L34": {
        "mean_n_tokens": 8.0,
        "mean_norm": 99.46979522705078,
        "mean_projection": 0.44339200258255007,
        "n": 5
      },
      "short_only|instruction_line|L35": {
        "mean_n_tokens": 8.0,
        "mean_norm": 116.69313049316406,
        "mean_projection": 0.1150414764881134,
        "n": 5
      },
      "short_only|instruction_line|L36": {
        "mean_n_tokens": 8.0,
        "mean_norm": 136.37994384765625,
        "mean_projection": -0.12154645025730133,
        "n": 5
      },
      "short_only|instruction_line|L37": {
        "mean_n_tokens": 8.0,
        "mean_norm": 180.32622985839845,
        "mean_projection": -0.62717604637146,
        "n": 5
      },
      "short_only|instruction_line|L38": {
        "mean_n_tokens": 8.0,
        "mean_norm": 294.67853393554685,
        "mean_projection": -2.2553791999816895,
        "n": 5
      },
      "short_only|instruction_line|L39": {
        "mean_n_tokens": 8.0,
        "mean_norm": 253.39087524414063,
        "mean_projection": -2.8153364181518556,
        "n": 5
      },
      "short_only|instruction_line|L4": {
        "mean_n_tokens": 8.0,
        "mean_norm": 1.236780571937561,
        "mean_projection": -0.0009855113923549653,
        "n": 5
      },
      "short_only|instruction_line|L5": {
        "mean_n_tokens": 8.0,
        "mean_norm": 1.3924188137054443,
        "mean_projection": 0.012370862066745758,
        "n": 5
      },
      "short_only|instruction_line|L6": {
        "mean_n_tokens": 8.0,
        "mean_norm": 1.492962908744812,
        "mean_projection": 0.017960853688418866,
        "n": 5
      },
      "short_only|instruction_line|L7": {
        "mean_n_tokens": 8.0,
        "mean_norm": 1.744165587425232,
        "mean_projection": 0.022490025497972965,
        "n": 5
      },
      "short_only|instruction_line|L8": {
        "mean_n_tokens": 8.0,
        "mean_norm": 2.0395919561386107,
        "mean_projection": 0.01750474749132991,
        "n": 5
      },
      "short_only|instruction_line|L9": {
        "mean_n_tokens": 8.0,
        "mean_norm": 2.276269865036011,
        "mean_projection": 0.022906161844730377,
        "n": 5
      },
      "short_only|object_name|L0": {
        "mean_n_tokens": 10.0,
        "mean_norm": 0.3831112742424011,
        "mean_projection": 0.0020487107336521148,
        "n": 5
      },
      "short_only|object_name|L1": {
        "mean_n_tokens": 10.0,
        "mean_norm": 0.6132700562477111,
        "mean_projection": 0.0022084354422986507,
        "n": 5
      },
      "short_only|object_name|L10": {
        "mean_n_tokens": 10.0,
        "mean_norm": 2.7080939292907713,
        "mean_projection": 0.010749181732535362,
        "n": 5
      },
      "short_only|object_name|L11": {
        "mean_n_tokens": 10.0,
        "mean_norm": 2.913717269897461,
        "mean_projection": 0.0024946666322648524,
        "n": 5
      },
      "short_only|object_name|L12": {
        "mean_n_tokens": 10.0,
        "mean_norm": 3.181718111038208,
        "mean_projection": 0.0022257473319768906,
        "n": 5
      },
      "short_only|object_name|L13": {
        "mean_n_tokens": 10.0,
        "mean_norm": 3.315072250366211,
        "mean_projection": 0.00146808922290802,
        "n": 5
      },
      "short_only|object_name|L14": {
        "mean_n_tokens": 10.0,
        "mean_norm": 3.7229740142822267,
        "mean_projection": 0.005245387181639671,
        "n": 5
      },
      "short_only|object_name|L15": {
        "mean_n_tokens": 10.0,
        "mean_norm": 3.9859634399414063,
        "mean_projection": 0.017152903228998186,
        "n": 5
      },
      "short_only|object_name|L16": {
        "mean_n_tokens": 10.0,
        "mean_norm": 4.521772861480713,
        "mean_projection": 0.0377639465034008,
        "n": 5
      },
      "short_only|object_name|L17": {
        "mean_n_tokens": 10.0,
        "mean_norm": 4.987236976623535,
        "mean_projection": 0.034607993066310884,
        "n": 5
      },
      "short_only|object_name|L18": {
        "mean_n_tokens": 10.0,
        "mean_norm": 5.8753763198852536,
        "mean_projection": 0.0546843770891428,
        "n": 5
      },
      "short_only|object_name|L19": {
        "mean_n_tokens": 10.0,
        "mean_norm": 6.387775230407715,
        "mean_projection": 0.06662998199462891,
        "n": 5
      },
      "short_only|object_name|L2": {
        "mean_n_tokens": 10.0,
        "mean_norm": 0.8946906208992005,
        "mean_projection": -0.002170582581311464,
        "n": 5
      },
      "short_only|object_name|L20": {
        "mean_n_tokens": 10.0,
        "mean_norm": 7.10106143951416,
        "mean_projection": 0.0682359553873539,
        "n": 5
      },
      "short_only|object_name|L21": {
        "mean_n_tokens": 10.0,
        "mean_norm": 8.464980316162109,
        "mean_projection": 0.09975472018122673,
        "n": 5
      },
      "short_only|object_name|L22": {
        "mean_n_tokens": 10.0,
        "mean_norm": 10.123206520080567,
        "mean_projection": 0.1277114562690258,
        "n": 5
      },
      "short_only|object_name|L23": {
        "mean_n_tokens": 10.0,
        "mean_norm": 12.83686809539795,
        "mean_projection": 0.20171592831611634,
        "n": 5
      },
      "short_only|object_name|L24": {
        "mean_n_tokens": 10.0,
        "mean_norm": 16.828403854370116,
        "mean_projection": 0.19923152029514313,
        "n": 5
      },
      "short_only|object_name|L25": {
        "mean_n_tokens": 10.0,
        "mean_norm": 21.5027645111084,
        "mean_projection": 0.19726141840219497,
        "n": 5
      },
      "short_only|object_name|L26": {
        "mean_n_tokens": 10.0,
        "mean_norm": 27.326587677001953,
        "mean_projection": 0.13832006752490997,
        "n": 5
      },
      "short_only|object_name|L27": {
        "mean_n_tokens": 10.0,
        "mean_norm": 33.9842414855957,
        "mean_projection": 0.03363826274871826,
        "n": 5
      },
      "short_only|object_name|L28": {
        "mean_n_tokens": 10.0,
        "mean_norm": 41.535736846923825,
        "mean_projection": 0.06899855732917785,
        "n": 5
      },
      "short_only|object_name|L29": {
        "mean_n_tokens": 10.0,
        "mean_norm": 48.496849822998044,
        "mean_projection": 0.08079667091369629,
        "n": 5
      },
      "short_only|object_name|L3": {
        "mean_n_tokens": 10.0,
        "mean_norm": 1.1572917699813843,
        "mean_projection": -0.0018921152222901583,
        "n": 5
      },
      "short_only|object_name|L30": {
        "mean_n_tokens": 10.0,
        "mean_norm": 56.07697296142578,
        "mean_projection": 0.05209382772445679,
        "n": 5
      },
      "short_only|object_name|L31": {
        "mean_n_tokens": 10.0,
        "mean_norm": 64.93018798828125,
        "mean_projection": 0.12357309460639954,
        "n": 5
      },
      "short_only|object_name|L32": {
        "mean_n_tokens": 10.0,
        "mean_norm": 69.8227523803711,
        "mean_projection": 0.10134906768798828,
        "n": 5
      },
      "short_only|object_name|L33": {
        "mean_n_tokens": 10.0,
        "mean_norm": 76.80436859130859,
        "mean_projection": -0.09260951280593872,
        "n": 5
      },
      "short_only|object_name|L34": {
        "mean_n_tokens": 10.0,
        "mean_norm": 87.49747619628906,
        "mean_projection": -0.07088861465454102,
        "n": 5
      },
      "short_only|object_name|L35": {
        "mean_n_tokens": 10.0,
        "mean_norm": 98.67960662841797,
        "mean_projection": -0.4544334352016449,
        "n": 5
      },
      "short_only|object_name|L36": {
        "mean_n_tokens": 10.0,
        "mean_norm": 120.35017395019531,
        "mean_projection": -0.7752829700708389,
        "n": 5
      },
      "short_only|object_name|L37": {
        "mean_n_tokens": 10.0,
        "mean_norm": 158.37322082519532,
        "mean_projection": -0.7768824636936188,
        "n": 5
      },
      "short_only|object_name|L38": {
        "mean_n_tokens": 10.0,
        "mean_norm": 279.0787780761719,
        "mean_projection": -1.3060580670833588,
        "n": 5
      },
      "short_only|object_name|L39": {
        "mean_n_tokens": 10.0,
        "mean_norm": 247.29257202148438,
        "mean_projection": 0.23415093421936034,
        "n": 5
      },
      "short_only|object_name|L4": {
        "mean_n_tokens": 10.0,
        "mean_norm": 1.4039296865463258,
        "mean_projection": -0.0005090460181236267,
        "n": 5
      },
      "short_only|object_name|L5": {
        "mean_n_tokens": 10.0,
        "mean_norm": 1.5163407802581788,
        "mean_projection": -7.817987352609634e-06,
        "n": 5
      },
      "short_only|object_name|L6": {
        "mean_n_tokens": 10.0,
        "mean_norm": 1.696536898612976,
        "mean_projection": 0.006037941016256809,
        "n": 5
      },
      "short_only|object_name|L7": {
        "mean_n_tokens": 10.0,
        "mean_norm": 1.9877860069274902,
        "mean_projection": 0.008598111756145953,
        "n": 5
      },
      "short_only|object_name|L8": {
        "mean_n_tokens": 10.0,
        "mean_norm": 2.247541093826294,
        "mean_projection": -0.006083866581320763,
        "n": 5
      },
      "short_only|object_name|L9": {
        "mean_n_tokens": 10.0,
        "mean_norm": 2.5190009593963625,
        "mean_projection": 0.009349432587623597,
        "n": 5
      },
      "short_only|record_line|L0": {
        "mean_n_tokens": 26.0,
        "mean_norm": 0.38137219548225404,
        "mean_projection": 0.004234695457853377,
        "n": 5
      },
      "short_only|record_line|L1": {
        "mean_n_tokens": 26.0,
        "mean_norm": 0.6954861402511596,
        "mean_projection": 0.009498481638729572,
        "n": 5
      },
      "short_only|record_line|L10": {
        "mean_n_tokens": 26.0,
        "mean_norm": 24.34038391113281,
        "mean_projection": 0.6535109281539917,
        "n": 5
      },
      "short_only|record_line|L11": {
        "mean_n_tokens": 26.0,
        "mean_norm": 24.549109268188477,
        "mean_projection": 0.6507622718811035,
        "n": 5
      },
      "short_only|record_line|L12": {
        "mean_n_tokens": 26.0,
        "mean_norm": 24.74058418273926,
        "mean_projection": 0.6519097328186035,
        "n": 5
      },
      "short_only|record_line|L13": {
        "mean_n_tokens": 26.0,
        "mean_norm": 24.805223846435545,
        "mean_projection": 0.6517209649085999,
        "n": 5
      },
      "short_only|record_line|L14": {
        "mean_n_tokens": 26.0,
        "mean_norm": 24.934336471557618,
        "mean_projection": 0.6590624153614044,
        "n": 5
      },
      "short_only|record_line|L15": {
        "mean_n_tokens": 26.0,
        "mean_norm": 25.025243759155273,
        "mean_projection": 0.6660850584506989,
        "n": 5
      },
      "short_only|record_line|L16": {
        "mean_n_tokens": 26.0,
        "mean_norm": 25.16882438659668,
        "mean_projection": 0.6874598860740662,
        "n": 5
      },
      "short_only|record_line|L17": {
        "mean_n_tokens": 26.0,
        "mean_norm": 25.35496940612793,
        "mean_projection": 0.6912117600440979,
        "n": 5
      },
      "short_only|record_line|L18": {
        "mean_n_tokens": 26.0,
        "mean_norm": 25.75058250427246,
        "mean_projection": 0.7150978684425354,
        "n": 5
      },
      "short_only|record_line|L19": {
        "mean_n_tokens": 26.0,
        "mean_norm": 25.832708740234374,
        "mean_projection": 0.7411879539489746,
        "n": 5
      },
      "short_only|record_line|L2": {
        "mean_n_tokens": 26.0,
        "mean_norm": 0.7908649682998657,
        "mean_projection": 0.00697232831735164,
        "n": 5
      },
      "short_only|record_line|L20": {
        "mean_n_tokens": 26.0,
        "mean_norm": 26.255979537963867,
        "mean_projection": 0.7590501964092254,
        "n": 5
      },
      "short_only|record_line|L21": {
        "mean_n_tokens": 26.0,
        "mean_norm": 26.8306827545166,
        "mean_projection": 0.7843872249126435,
        "n": 5
      },
      "short_only|record_line|L22": {
        "mean_n_tokens": 26.0,
        "mean_norm": 27.171767044067384,
        "mean_projection": 0.818529087305069,
        "n": 5
      },
      "short_only|record_line|L23": {
        "mean_n_tokens": 26.0,
        "mean_norm": 28.27268180847168,
        "mean_projection": 0.8700473666191101,
        "n": 5
      },
      "short_only|record_line|L24": {
        "mean_n_tokens": 26.0,
        "mean_norm": 30.441570281982422,
        "mean_projection": 0.8394010186195373,
        "n": 5
      },
      "short_only|record_line|L25": {
        "mean_n_tokens": 26.0,
        "mean_norm": 34.15177001953125,
        "mean_projection": 0.8000399023294449,
        "n": 5
      },
      "short_only|record_line|L26": {
        "mean_n_tokens": 26.0,
        "mean_norm": 38.56462173461914,
        "mean_projection": 0.7909280475229025,
        "n": 5
      },
      "short_only|record_line|L27": {
        "mean_n_tokens": 26.0,
        "mean_norm": 43.74825592041016,
        "mean_projection": 0.6966657280921936,
        "n": 5
      },
      "short_only|record_line|L28": {
        "mean_n_tokens": 26.0,
        "mean_norm": 50.17803115844727,
        "mean_projection": 0.7693471252918244,
        "n": 5
      },
      "short_only|record_line|L29": {
        "mean_n_tokens": 26.0,
        "mean_norm": 57.10359649658203,
        "mean_projection": 0.8084667593240737,
        "n": 5
      },
      "short_only|record_line|L3": {
        "mean_n_tokens": 26.0,
        "mean_norm": 1.0789994716644287,
        "mean_projection": 0.013686853367835284,
        "n": 5
      },
      "short_only|record_line|L30": {
        "mean_n_tokens": 26.0,
        "mean_norm": 65.51752166748047,
        "mean_projection": 0.7304129526019096,
        "n": 5
      },
      "short_only|record_line|L31": {
        "mean_n_tokens": 26.0,
        "mean_norm": 75.20982055664062,
        "mean_projection": 0.74587841629982,
        "n": 5
      },
      "short_only|record_line|L32": {
        "mean_n_tokens": 26.0,
        "mean_norm": 81.34648132324219,
        "mean_projection": 0.7639425069093704,
        "n": 5
      },
      "short_only|record_line|L33": {
        "mean_n_tokens": 26.0,
        "mean_norm": 89.96491394042968,
        "mean_projection": 0.526736730337143,
        "n": 5
      },
      "short_only|record_line|L34": {
        "mean_n_tokens": 26.0,
        "mean_norm": 100.50496368408203,
        "mean_projection": 0.47939722090959547,
        "n": 5
      },
      "short_only|record_line|L35": {
        "mean_n_tokens": 26.0,
        "mean_norm": 114.9084716796875,
        "mean_projection": 0.180270279943943,
        "n": 5
      },
      "short_only|record_line|L36": {
        "mean_n_tokens": 26.0,
        "mean_norm": 133.55249938964843,
        "mean_projection": -0.11279451847076416,
        "n": 5
      },
      "short_only|record_line|L37": {
        "mean_n_tokens": 26.0,
        "mean_norm": 169.82672119140625,
        "mean_projection": -0.5201210021972656,
        "n": 5
      },
      "short_only|record_line|L38": {
        "mean_n_tokens": 26.0,
        "mean_norm": 280.0630310058594,
        "mean_projection": -2.176484298706055,
        "n": 5
      },
      "short_only|record_line|L39": {
        "mean_n_tokens": 26.0,
        "mean_norm": 239.7441162109375,
        "mean_projection": -1.2128921270370483,
        "n": 5
      },
      "short_only|record_line|L4": {
        "mean_n_tokens": 26.0,
        "mean_norm": 21.315353012084962,
        "mean_projection": 0.5699526071548462,
        "n": 5
      },
      "short_only|record_line|L5": {
        "mean_n_tokens": 26.0,
        "mean_norm": 21.716986465454102,
        "mean_projection": 0.5811730623245239,
        "n": 5
      },
      "short_only|record_line|L6": {
        "mean_n_tokens": 26.0,
        "mean_norm": 21.96150131225586,
        "mean_projection": 0.5904842495918274,
        "n": 5
      },
      "short_only|record_line|L7": {
        "mean_n_tokens": 26.0,
        "mean_norm": 22.85566940307617,
        "mean_projection": 0.6247507154941558,
        "n": 5
      },
      "short_only|record_line|L8": {
        "mean_n_tokens": 26.0,
        "mean_norm": 24.10143699645996,
        "mean_projection": 0.6471243619918823,
        "n": 5
      },
      "short_only|record_line|L9": {
        "mean_n_tokens": 26.0,
        "mean_norm": 24.293330001831055,
        "mean_projection": 0.6576159179210663,
        "n": 5
      },
      "short_only|record_value_object_relation|L0": {
        "mean_n_tokens": 10.0,
        "mean_norm": 0.35238065719604494,
        "mean_projection": 0.003104958590120077,
        "n": 5
      },
      "short_only|record_value_object_relation|L1": {
        "mean_n_tokens": 10.0,
        "mean_norm": 0.5605965077877044,
        "mean_projection": 0.0037763375672511756,
        "n": 5
      },
      "short_only|record_value_object_relation|L10": {
        "mean_n_tokens": 10.0,
        "mean_norm": 2.530999279022217,
        "mean_projection": 0.02761630490422249,
        "n": 5
      },
      "short_only|record_value_object_relation|L11": {
        "mean_n_tokens": 10.0,
        "mean_norm": 2.7834025382995606,
        "mean_projection": 0.022440409660339354,
        "n": 5
      },
      "short_only|record_value_object_relation|L12": {
        "mean_n_tokens": 10.0,
        "mean_norm": 3.0694030284881593,
        "mean_projection": 0.022722065355628727,
        "n": 5
      },
      "short_only|record_value_object_relation|L13": {
        "mean_n_tokens": 10.0,
        "mean_norm": 3.234143686294556,
        "mean_projection": 0.023236978612840176,
        "n": 5
      },
      "short_only|record_value_object_relation|L14": {
        "mean_n_tokens": 10.0,
        "mean_norm": 3.670522356033325,
        "mean_projection": 0.029004103690385818,
        "n": 5
      },
      "short_only|record_value_object_relation|L15": {
        "mean_n_tokens": 10.0,
        "mean_norm": 3.933541774749756,
        "mean_projection": 0.0386427778750658,
        "n": 5
      },
      "short_only|record_value_object_relation|L16": {
        "mean_n_tokens": 10.0,
        "mean_norm": 4.4550189018249515,
        "mean_projection": 0.06457806825637817,
        "n": 5
      },
      "short_only|record_value_object_relation|L17": {
        "mean_n_tokens": 10.0,
        "mean_norm": 4.940629005432129,
        "mean_projection": 0.06938979253172875,
        "n": 5
      },
      "short_only|record_value_object_relation|L18": {
        "mean_n_tokens": 10.0,
        "mean_norm": 5.942955017089844,
        "mean_projection": 0.09000391513109207,
        "n": 5
      },
      "short_only|record_value_object_relation|L19": {
        "mean_n_tokens": 10.0,
        "mean_norm": 6.363433074951172,
        "mean_projection": 0.10973132401704788,
        "n": 5
      },
      "short_only|record_value_object_relation|L2": {
        "mean_n_tokens": 10.0,
        "mean_norm": 0.8378644227981568,
        "mean_projection": 0.0018911247607320547,
        "n": 5
      },
      "short_only|record_value_object_relation|L20": {
        "mean_n_tokens": 10.0,
        "mean_norm": 7.052131080627442,
        "mean_projection": 0.12975720576941968,
        "n": 5
      },
      "short_only|record_value_object_relation|L21": {
        "mean_n_tokens": 10.0,
        "mean_norm": 8.391101455688476,
        "mean_projection": 0.16211562752723693,
        "n": 5
      },
      "short_only|record_value_object_relation|L22": {
        "mean_n_tokens": 10.0,
        "mean_norm": 10.024054145812988,
        "mean_projection": 0.19522385895252228,
        "n": 5
      },
      "short_only|record_value_object_relation|L23": {
        "mean_n_tokens": 10.0,
        "mean_norm": 12.659821891784668,
        "mean_projection": 0.27010963261127474,
        "n": 5
      },
      "short_only|record_value_object_relation|L24": {
        "mean_n_tokens": 10.0,
        "mean_norm": 16.482269287109375,
        "mean_projection": 0.24987722486257552,
        "n": 5
      },
      "short_only|record_value_object_relation|L25": {
        "mean_n_tokens": 10.0,
        "mean_norm": 21.146821212768554,
        "mean_projection": 0.2591738745570183,
        "n": 5
      },
      "short_only|record_value_object_relation|L26": {
        "mean_n_tokens": 10.0,
        "mean_norm": 26.568112945556642,
        "mean_projection": 0.2505538254976273,
        "n": 5
      },
      "short_only|record_value_object_relation|L27": {
        "mean_n_tokens": 10.0,
        "mean_norm": 33.2215934753418,
        "mean_projection": 0.1870832622051239,
        "n": 5
      },
      "short_only|record_value_object_relation|L28": {
        "mean_n_tokens": 10.0,
        "mean_norm": 41.08222351074219,
        "mean_projection": 0.25402029156684874,
        "n": 5
      },
      "short_only|record_value_object_relation|L29": {
        "mean_n_tokens": 10.0,
        "mean_norm": 47.871585083007815,
        "mean_projection": 0.28755142390727995,
        "n": 5
      },
      "short_only|record_value_object_relation|L3": {
        "mean_n_tokens": 10.0,
        "mean_norm": 1.0934789776802063,
        "mean_projection": 0.002495087217539549,
        "n": 5
      },
      "short_only|record_value_object_relation|L30": {
        "mean_n_tokens": 10.0,
        "mean_norm": 55.96009902954101,
        "mean_projection": 0.30329282879829406,
        "n": 5
      },
      "short_only|record_value_object_relation|L31": {
        "mean_n_tokens": 10.0,
        "mean_norm": 65.21138610839844,
        "mean_projection": 0.3149290382862091,
        "n": 5
      },
      "short_only|record_value_object_relation|L32": {
        "mean_n_tokens": 10.0,
        "mean_norm": 70.66988525390624,
        "mean_projection": 0.27480819523334504,
        "n": 5
      },
      "short_only|record_value_object_relation|L33": {
        "mean_n_tokens": 10.0,
        "mean_norm": 78.26806640625,
        "mean_projection": 0.020242077112197877,
        "n": 5
      },
      "short_only|record_value_object_relation|L34": {
        "mean_n_tokens": 10.0,
        "mean_norm": 89.03785552978516,
        "mean_projection": -0.0903561294078827,
        "n": 5
      },
      "short_only|record_value_object_relation|L35": {
        "mean_n_tokens": 10.0,
        "mean_norm": 101.49649810791016,
        "mean_projection": -0.47662878036499023,
        "n": 5
      },
      "short_only|record_value_object_relation|L36": {
        "mean_n_tokens": 10.0,
        "mean_norm": 122.80405883789062,
        "mean_projection": -0.8182918071746826,
        "n": 5
      },
      "short_only|record_value_object_relation|L37": {
        "mean_n_tokens": 10.0,
        "mean_norm": 160.571142578125,
        "mean_projection": -0.8854118466377259,
        "n": 5
      },
      "short_only|record_value_object_relation|L38": {
        "mean_n_tokens": 10.0,
        "mean_norm": 284.9582946777344,
        "mean_projection": -1.2598890781402587,
        "n": 5
      },
      "short_only|record_value_object_relation|L39": {
        "mean_n_tokens": 10.0,
        "mean_norm": 246.14041137695312,
        "mean_projection": 0.6105029582977295,
        "n": 5
      },
      "short_only|record_value_object_relation|L4": {
        "mean_n_tokens": 10.0,
        "mean_norm": 1.331973910331726,
        "mean_projection": 0.0069061976857483385,
        "n": 5
      },
      "short_only|record_value_object_relation|L5": {
        "mean_n_tokens": 10.0,
        "mean_norm": 1.4218422889709472,
        "mean_projection": 0.01049890387803316,
        "n": 5
      },
      "short_only|record_value_object_relation|L6": {
        "mean_n_tokens": 10.0,
        "mean_norm": 1.5726189374923707,
        "mean_projection": 0.015234031341969967,
        "n": 5
      },
      "short_only|record_value_object_relation|L7": {
        "mean_n_tokens": 10.0,
        "mean_norm": 1.8288223028182984,
        "mean_projection": 0.022217009216547012,
        "n": 5
      },
      "short_only|record_value_object_relation|L8": {
        "mean_n_tokens": 10.0,
        "mean_norm": 2.083655309677124,
        "mean_projection": 0.01062369141727686,
        "n": 5
      },
      "short_only|record_value_object_relation|L9": {
        "mean_n_tokens": 10.0,
        "mean_norm": 2.336525249481201,
        "mean_projection": 0.027798978239297868,
        "n": 5
      },
      "short_only|record_without_target_value|L0": {
        "mean_n_tokens": 25.0,
        "mean_norm": 0.3846760928630829,
        "mean_projection": 0.0038510785554535685,
        "n": 5
      },
      "short_only|record_without_target_value|L1": {
        "mean_n_tokens": 25.0,
        "mean_norm": 0.7083563208580017,
        "mean_projection": 0.008965741144493222,
        "n": 5
      },
      "short_only|record_without_target_value|L10": {
        "mean_n_tokens": 25.0,
        "mean_norm": 25.286518478393553,
        "mean_projection": 0.6752024173736573,
        "n": 5
      },
      "short_only|record_without_target_value|L11": {
        "mean_n_tokens": 25.0,
        "mean_norm": 25.50559196472168,
        "mean_projection": 0.6738859355449677,
        "n": 5
      },
      "short_only|record_without_target_value|L12": {
        "mean_n_tokens": 25.0,
        "mean_norm": 25.71592559814453,
        "mean_projection": 0.6753457188606262,
        "n": 5
      },
      "short_only|record_without_target_value|L13": {
        "mean_n_tokens": 25.0,
        "mean_norm": 25.759114837646486,
        "mean_projection": 0.6754867255687713,
        "n": 5
      },
      "short_only|record_without_target_value|L14": {
        "mean_n_tokens": 25.0,
        "mean_norm": 25.886542510986327,
        "mean_projection": 0.681832206249237,
        "n": 5
      },
      "short_only|record_without_target_value|L15": {
        "mean_n_tokens": 25.0,
        "mean_norm": 25.98295669555664,
        "mean_projection": 0.6909917116165161,
        "n": 5
      },
      "short_only|record_without_target_value|L16": {
        "mean_n_tokens": 25.0,
        "mean_norm": 26.13143539428711,
        "mean_projection": 0.7114810228347779,
        "n": 5
      },
      "short_only|record_without_target_value|L17": {
        "mean_n_tokens": 25.0,
        "mean_norm": 26.297926330566405,
        "mean_projection": 0.7131159901618958,
        "n": 5
      },
      "short_only|record_without_target_value|L18": {
        "mean_n_tokens": 25.0,
        "mean_norm": 26.697862243652345,
        "mean_projection": 0.7387476205825806,
        "n": 5
      },
      "short_only|record_without_target_value|L19": {
        "mean_n_tokens": 25.0,
        "mean_norm": 26.734672927856444,
        "mean_projection": 0.7633705914020539,
        "n": 5
      },
      "short_only|record_without_target_value|L2": {
        "mean_n_tokens": 25.0,
        "mean_norm": 0.7979998350143432,
        "mean_projection": 0.005988526437431574,
        "n": 5
      },
      "short_only|record_without_target_value|L20": {
        "mean_n_tokens": 25.0,
        "mean_norm": 27.196074295043946,
        "mean_projection": 0.7814940690994263,
        "n": 5
      },
      "short_only|record_without_target_value|L21": {
        "mean_n_tokens": 25.0,
        "mean_norm": 27.75833396911621,
        "mean_projection": 0.8062404513359069,
        "n": 5
      },
      "short_only|record_without_target_value|L22": {
        "mean_n_tokens": 25.0,
        "mean_norm": 28.136878967285156,
        "mean_projection": 0.8434257507324219,
        "n": 5
      },
      "short_only|record_without_target_value|L23": {
        "mean_n_tokens": 25.0,
        "mean_norm": 29.196897125244142,
        "mean_projection": 0.9009480357170105,
        "n": 5
      },
      "short_only|record_without_target_value|L24": {
        "mean_n_tokens": 25.0,
        "mean_norm": 31.294854736328126,
        "mean_projection": 0.8746240198612213,
        "n": 5
      },
      "short_only|record_without_target_value|L25": {
        "mean_n_tokens": 25.0,
        "mean_norm": 34.9130126953125,
        "mean_projection": 0.8390028566122055,
        "n": 5
      },
      "short_only|record_without_target_value|L26": {
        "mean_n_tokens": 25.0,
        "mean_norm": 39.31469573974609,
        "mean_projection": 0.8211522437632084,
        "n": 5
      },
      "short_only|record_without_target_value|L27": {
        "mean_n_tokens": 25.0,
        "mean_norm": 44.386138153076175,
        "mean_projection": 0.7164932668209076,
        "n": 5
      },
      "short_only|record_without_target_value|L28": {
        "mean_n_tokens": 25.0,
        "mean_norm": 50.71642532348633,
        "mean_projection": 0.7857448428869247,
        "n": 5
      },
      "short_only|record_without_target_value|L29": {
        "mean_n_tokens": 25.0,
        "mean_norm": 57.663298797607425,
        "mean_projection": 0.8199702948331833,
        "n": 5
      },
      "short_only|record_without_target_value|L3": {
        "mean_n_tokens": 25.0,
        "mean_norm": 1.0822906732559203,
        "mean_projection": 0.012848219880834223,
        "n": 5
      },
      "short_only|record_without_target_value|L30": {
        "mean_n_tokens": 25.0,
        "mean_norm": 65.99603729248047,
        "mean_projection": 0.7188340350985527,
        "n": 5
      },
      "short_only|record_without_target_value|L31": {
        "mean_n_tokens": 25.0,
        "mean_norm": 75.78234405517578,
        "mean_projection": 0.731055562198162,
        "n": 5
      },
      "short_only|record_without_target_value|L32": {
        "mean_n_tokens": 25.0,
        "mean_norm": 81.82143707275391,
        "mean_projection": 0.7652852833271027,
        "n": 5
      },
      "short_only|record_without_target_value|L33": {
        "mean_n_tokens": 25.0,
        "mean_norm": 90.328564453125,
        "mean_projection": 0.5632910549640655,
        "n": 5
      },
      "short_only|record_without_target_value|L34": {
        "mean_n_tokens": 25.0,
        "mean_norm": 100.8543472290039,
        "mean_projection": 0.523104789853096,
        "n": 5
      },
      "short_only|record_without_target_value|L35": {
        "mean_n_tokens": 25.0,
        "mean_norm": 115.04430847167968,
        "mean_projection": 0.2388732224702835,
        "n": 5
      },
      "short_only|record_without_target_value|L36": {
        "mean_n_tokens": 25.0,
        "mean_norm": 133.6467712402344,
        "mean_projection": -0.04372224807739258,
        "n": 5
      },
      "short_only|record_without_target_value|L37": {
        "mean_n_tokens": 25.0,
        "mean_norm": 169.70399475097656,
        "mean_projection": -0.44247214794158934,
        "n": 5
      },
      "short_only|record_without_target_value|L38": {
        "mean_n_tokens": 25.0,
        "mean_norm": 278.73638305664065,
        "mean_projection": -2.1782548904418944,
        "n": 5
      },
      "short_only|record_without_target_value|L39": {
        "mean_n_tokens": 25.0,
        "mean_norm": 238.7814697265625,
        "mean_projection": -1.2849945306777955,
        "n": 5
      },
      "short_only|record_without_target_value|L4": {
        "mean_n_tokens": 25.0,
        "mean_norm": 22.141368865966797,
        "mean_projection": 0.5912327468395233,
        "n": 5
      },
      "short_only|record_without_target_value|L5": {
        "mean_n_tokens": 25.0,
        "mean_norm": 22.58554153442383,
        "mean_projection": 0.603455638885498,
        "n": 5
      },
      "short_only|record_without_target_value|L6": {
        "mean_n_tokens": 25.0,
        "mean_norm": 22.812386322021485,
        "mean_projection": 0.6119295060634613,
        "n": 5
      },
      "short_only|record_without_target_value|L7": {
        "mean_n_tokens": 25.0,
        "mean_norm": 23.757643127441405,
        "mean_projection": 0.6468180298805237,
        "n": 5
      },
      "short_only|record_without_target_value|L8": {
        "mean_n_tokens": 25.0,
        "mean_norm": 25.05361137390137,
        "mean_projection": 0.669620418548584,
        "n": 5
      },
      "short_only|record_without_target_value|L9": {
        "mean_n_tokens": 25.0,
        "mean_norm": 25.249095153808593,
        "mean_projection": 0.6795559883117676,
        "n": 5
      },
      "short_only|relation|L0": {
        "mean_n_tokens": 2.0,
        "mean_norm": 0.45745162963867186,
        "mean_projection": 0.002315567433834076,
        "n": 5
      },
      "short_only|relation|L1": {
        "mean_n_tokens": 2.0,
        "mean_norm": 0.744965922832489,
        "mean_projection": 0.002970341593027115,
        "n": 5
      },
      "short_only|relation|L10": {
        "mean_n_tokens": 2.0,
        "mean_norm": 3.525896739959717,
        "mean_projection": 0.07596567664295435,
        "n": 5
      },
      "short_only|relation|L11": {
        "mean_n_tokens": 2.0,
        "mean_norm": 3.759564447402954,
        "mean_projection": 0.081060672365129,
        "n": 5
      },
      "short_only|relation|L12": {
        "mean_n_tokens": 2.0,
        "mean_norm": 4.164707279205322,
        "mean_projection": 0.07943566869944334,
        "n": 5
      },
      "short_only|relation|L13": {
        "mean_n_tokens": 2.0,
        "mean_norm": 4.368671131134033,
        "mean_projection": 0.07584235221147537,
        "n": 5
      },
      "short_only|relation|L14": {
        "mean_n_tokens": 2.0,
        "mean_norm": 4.879902744293213,
        "mean_projection": 0.09588766396045685,
        "n": 5
      },
      "short_only|relation|L15": {
        "mean_n_tokens": 2.0,
        "mean_norm": 5.336714363098144,
        "mean_projection": 0.10030613429844379,
        "n": 5
      },
      "short_only|relation|L16": {
        "mean_n_tokens": 2.0,
        "mean_norm": 5.9962200164794925,
        "mean_projection": 0.11922040581703186,
        "n": 5
      },
      "short_only|relation|L17": {
        "mean_n_tokens": 2.0,
        "mean_norm": 6.782135009765625,
        "mean_projection": 0.17600194439291955,
        "n": 5
      },
      "short_only|relation|L18": {
        "mean_n_tokens": 2.0,
        "mean_norm": 7.707105445861816,
        "mean_projection": 0.17228698655962943,
        "n": 5
      },
      "short_only|relation|L19": {
        "mean_n_tokens": 2.0,
        "mean_norm": 8.58082103729248,
        "mean_projection": 0.2160258561372757,
        "n": 5
      },
      "short_only|relation|L2": {
        "mean_n_tokens": 2.0,
        "mean_norm": 1.121098256111145,
        "mean_projection": 0.0023616953752934934,
        "n": 5
      },
      "short_only|relation|L20": {
        "mean_n_tokens": 2.0,
        "mean_norm": 9.37580451965332,
        "mean_projection": 0.237034347653389,
        "n": 5
      },
      "short_only|relation|L21": {
        "mean_n_tokens": 2.0,
        "mean_norm": 10.75975456237793,
        "mean_projection": 0.35164549946784973,
        "n": 5
      },
      "short_only|relation|L22": {
        "mean_n_tokens": 2.0,
        "mean_norm": 13.699254989624023,
        "mean_projection": 0.3672136664390564,
        "n": 5
      },
      "short_only|relation|L23": {
        "mean_n_tokens": 2.0,
        "mean_norm": 18.140602111816406,
        "mean_projection": 0.5393611907958984,
        "n": 5
      },
      "short_only|relation|L24": {
        "mean_n_tokens": 2.0,
        "mean_norm": 23.050918579101562,
        "mean_projection": 0.4834920406341553,
        "n": 5
      },
      "short_only|relation|L25": {
        "mean_n_tokens": 2.0,
        "mean_norm": 30.45202293395996,
        "mean_projection": 0.619762247800827,
        "n": 5
      },
      "short_only|relation|L26": {
        "mean_n_tokens": 2.0,
        "mean_norm": 37.309687805175784,
        "mean_projection": 0.7517054080963135,
        "n": 5
      },
      "short_only|relation|L27": {
        "mean_n_tokens": 2.0,
        "mean_norm": 45.60874710083008,
        "mean_projection": 0.7767078578472137,
        "n": 5
      },
      "short_only|relation|L28": {
        "mean_n_tokens": 2.0,
        "mean_norm": 54.15695571899414,
        "mean_projection": 0.705394846200943,
        "n": 5
      },
      "short_only|relation|L29": {
        "mean_n_tokens": 2.0,
        "mean_norm": 61.89407958984375,
        "mean_projection": 0.7897239565849304,
        "n": 5
      },
      "short_only|relation|L3": {
        "mean_n_tokens": 2.0,
        "mean_norm": 1.4381189346313477,
        "mean_projection": 0.0013371536508202553,
        "n": 5
      },
      "short_only|relation|L30": {
        "mean_n_tokens": 2.0,
        "mean_norm": 70.148876953125,
        "mean_projection": 0.8338773488998413,
        "n": 5
      },
      "short_only|relation|L31": {
        "mean_n_tokens": 2.0,
        "mean_norm": 80.77150115966796,
        "mean_projection": 1.0070476174354552,
        "n": 5
      },
      "short_only|relation|L32": {
        "mean_n_tokens": 2.0,
        "mean_norm": 87.84107208251953,
        "mean_projection": 1.1794460892677308,
        "n": 5
      },
      "short_only|relation|L33": {
        "mean_n_tokens": 2.0,
        "mean_norm": 96.67000885009766,
        "mean_projection": 1.2510930180549622,
        "n": 5
      },
      "short_only|relation|L34": {
        "mean_n_tokens": 2.0,
        "mean_norm": 108.84158782958984,
        "mean_projection": 1.5311105012893678,
        "n": 5
      },
      "short_only|relation|L35": {
        "mean_n_tokens": 2.0,
        "mean_norm": 124.85956115722657,
        "mean_projection": 1.5712722301483155,
        "n": 5
      },
      "short_only|relation|L36": {
        "mean_n_tokens": 2.0,
        "mean_norm": 142.8323226928711,
        "mean_projection": 1.5219380378723144,
        "n": 5
      },
      "short_only|relation|L37": {
        "mean_n_tokens": 2.0,
        "mean_norm": 178.85879821777343,
        "mean_projection": 1.4714269280433654,
        "n": 5
      },
      "short_only|relation|L38": {
        "mean_n_tokens": 2.0,
        "mean_norm": 318.61643676757814,
        "mean_projection": 3.5433095932006835,
        "n": 5
      },
      "short_only|relation|L39": {
        "mean_n_tokens": 2.0,
        "mean_norm": 284.9242309570312,
        "mean_projection": 7.023036956787109,
        "n": 5
      },
      "short_only|relation|L4": {
        "mean_n_tokens": 2.0,
        "mean_norm": 1.749619722366333,
        "mean_projection": 0.017229623347520828,
        "n": 5
      },
      "short_only|relation|L5": {
        "mean_n_tokens": 2.0,
        "mean_norm": 1.9520538806915284,
        "mean_projection": 0.02808365449309349,
        "n": 5
      },
      "short_only|relation|L6": {
        "mean_n_tokens": 2.0,
        "mean_norm": 2.167234516143799,
        "mean_projection": 0.035185951925814155,
        "n": 5
      },
      "short_only|relation|L7": {
        "mean_n_tokens": 2.0,
        "mean_norm": 2.5803890228271484,
        "mean_projection": 0.04963634442538023,
        "n": 5
      },
      "short_only|relation|L8": {
        "mean_n_tokens": 2.0,
        "mean_norm": 2.92777795791626,
        "mean_projection": 0.05251689963042736,
        "n": 5
      },
      "short_only|relation|L9": {
        "mean_n_tokens": 2.0,
        "mean_norm": 3.3438536167144775,
        "mean_projection": 0.09282965883612633,
        "n": 5
      },
      "short_only|target_value|L0": {
        "mean_n_tokens": 1.0,
        "mean_norm": 0.6877567410469055,
        "mean_projection": 0.013600331917405128,
        "n": 5
      },
      "short_only|target_value|L1": {
        "mean_n_tokens": 1.0,
        "mean_norm": 1.0028440356254578,
        "mean_projection": 0.022334642242640257,
        "n": 5
      },
      "short_only|target_value|L10": {
        "mean_n_tokens": 1.0,
        "mean_norm": 4.269752120971679,
        "mean_projection": 0.0996879518032074,
        "n": 5
      },
      "short_only|target_value|L11": {
        "mean_n_tokens": 1.0,
        "mean_norm": 4.57519302368164,
        "mean_projection": 0.0817219290882349,
        "n": 5
      },
      "short_only|target_value|L12": {
        "mean_n_tokens": 1.0,
        "mean_norm": 4.990104389190674,
        "mean_projection": 0.09348109681159258,
        "n": 5
      },
      "short_only|target_value|L13": {
        "mean_n_tokens": 1.0,
        "mean_norm": 5.455865097045899,
        "mean_projection": 0.06635283827781677,
        "n": 5
      },
      "short_only|target_value|L14": {
        "mean_n_tokens": 1.0,
        "mean_norm": 6.106299018859863,
        "mean_projection": 0.0989314302802086,
        "n": 5
      },
      "short_only|target_value|L15": {
        "mean_n_tokens": 1.0,
        "mean_norm": 6.626253509521485,
        "mean_projection": 0.05887741819024086,
        "n": 5
      },
      "short_only|target_value|L16": {
        "mean_n_tokens": 1.0,
        "mean_norm": 7.552245235443115,
        "mean_projection": 0.09984522312879562,
        "n": 5
      },
      "short_only|target_value|L17": {
        "mean_n_tokens": 1.0,
        "mean_norm": 8.386948394775391,
        "mean_projection": 0.13659333139657975,
        "n": 5
      },
      "short_only|target_value|L18": {
        "mean_n_tokens": 1.0,
        "mean_norm": 9.686752891540527,
        "mean_projection": 0.14748279452323915,
        "n": 5
      },
      "short_only|target_value|L19": {
        "mean_n_tokens": 1.0,
        "mean_norm": 10.71112518310547,
        "mean_projection": 0.16287704855203627,
        "n": 5
      },
      "short_only|target_value|L2": {
        "mean_n_tokens": 1.0,
        "mean_norm": 1.371221113204956,
        "mean_projection": 0.031750918924808504,
        "n": 5
      },
      "short_only|target_value|L20": {
        "mean_n_tokens": 1.0,
        "mean_norm": 11.85505256652832,
        "mean_projection": 0.198757141828537,
        "n": 5
      },
      "short_only|target_value|L21": {
        "mean_n_tokens": 1.0,
        "mean_norm": 13.640070152282714,
        "mean_projection": 0.22401412427425385,
        "n": 5
      },
      "short_only|target_value|L22": {
        "mean_n_tokens": 1.0,
        "mean_norm": 17.274314880371094,
        "mean_projection": 0.19759242683649064,
        "n": 5
      },
      "short_only|target_value|L23": {
        "mean_n_tokens": 1.0,
        "mean_norm": 22.110453796386718,
        "mean_projection": 0.09803010821342469,
        "n": 5
      },
      "short_only|target_value|L24": {
        "mean_n_tokens": 1.0,
        "mean_norm": 28.209687805175783,
        "mean_projection": -0.055491670966148376,
        "n": 5
      },
      "short_only|target_value|L25": {
        "mean_n_tokens": 1.0,
        "mean_norm": 35.82383346557617,
        "mean_projection": -0.1575045883655548,
        "n": 5
      },
      "short_only|target_value|L26": {
        "mean_n_tokens": 1.0,
        "mean_norm": 42.712989807128906,
        "mean_projection": 0.04846848547458649,
        "n": 5
      },
      "short_only|target_value|L27": {
        "mean_n_tokens": 1.0,
        "mean_norm": 52.37352981567383,
        "mean_projection": 0.21955131888389587,
        "n": 5
      },
      "short_only|target_value|L28": {
        "mean_n_tokens": 1.0,
        "mean_norm": 61.94182357788086,
        "mean_projection": 0.32056578397750857,
        "n": 5
      },
      "short_only|target_value|L29": {
        "mean_n_tokens": 1.0,
        "mean_norm": 70.54221954345704,
        "mean_projection": 0.4694974958896637,
        "n": 5
      },
      "short_only|target_value|L3": {
        "mean_n_tokens": 1.0,
        "mean_norm": 1.8301992416381836,
        "mean_projection": 0.03418884016573429,
        "n": 5
      },
      "short_only|target_value|L30": {
        "mean_n_tokens": 1.0,
        "mean_norm": 79.83305511474609,
        "mean_projection": 1.0869606852531433,
        "n": 5
      },
      "short_only|target_value|L31": {
        "mean_n_tokens": 1.0,
        "mean_norm": 90.06625061035156,
        "mean_projection": 1.031596052646637,
        "n": 5
      },
      "short_only|target_value|L32": {
        "mean_n_tokens": 1.0,
        "mean_norm": 97.1523941040039,
        "mean_projection": 0.796897006034851,
        "n": 5
      },
      "short_only|target_value|L33": {
        "mean_n_tokens": 1.0,
        "mean_norm": 105.7333480834961,
        "mean_projection": -0.27246780395507814,
        "n": 5
      },
      "short_only|target_value|L34": {
        "mean_n_tokens": 1.0,
        "mean_norm": 117.28453979492187,
        "mean_projection": -0.6195210456848145,
        "n": 5
      },
      "short_only|target_value|L35": {
        "mean_n_tokens": 1.0,
        "mean_norm": 135.2628204345703,
        "mean_projection": -1.309691596031189,
        "n": 5
      },
      "short_only|target_value|L36": {
        "mean_n_tokens": 1.0,
        "mean_norm": 155.093896484375,
        "mean_projection": -1.782075196504593,
        "n": 5
      },
      "short_only|target_value|L37": {
        "mean_n_tokens": 1.0,
        "mean_norm": 194.57041015625,
        "mean_projection": -2.44530394077301,
        "n": 5
      },
      "short_only|target_value|L38": {
        "mean_n_tokens": 1.0,
        "mean_norm": 346.8815063476562,
        "mean_projection": -2.0164393961429594,
        "n": 5
      },
      "short_only|target_value|L39": {
        "mean_n_tokens": 1.0,
        "mean_norm": 339.1344787597656,
        "mean_projection": 0.3009997844696045,
        "n": 5
      },
      "short_only|target_value|L4": {
        "mean_n_tokens": 1.0,
        "mean_norm": 2.171043109893799,
        "mean_projection": 0.04001100491732359,
        "n": 5
      },
      "short_only|target_value|L5": {
        "mean_n_tokens": 1.0,
        "mean_norm": 2.3730915546417237,
        "mean_projection": 0.050929001346230504,
        "n": 5
      },
      "short_only|target_value|L6": {
        "mean_n_tokens": 1.0,
        "mean_norm": 2.680221939086914,
        "mean_projection": 0.049419491179287435,
        "n": 5
      },
      "short_only|target_value|L7": {
        "mean_n_tokens": 1.0,
        "mean_norm": 3.1123950481414795,
        "mean_projection": 0.07815556228160858,
        "n": 5
      },
      "short_only|target_value|L8": {
        "mean_n_tokens": 1.0,
        "mean_norm": 3.809126091003418,
        "mean_projection": 0.08826260603964328,
        "n": 5
      },
      "short_only|target_value|L9": {
        "mean_n_tokens": 1.0,
        "mean_norm": 4.068151807785034,
        "mean_projection": 0.10725521668791771,
        "n": 5
      },
      "terse_no_explain|answer_last|L0": {
        "mean_n_tokens": 1.0,
        "mean_norm": 0.3265140950679779,
        "mean_projection": -0.0024394358741119506,
        "n": 5
      },
      "terse_no_explain|answer_last|L1": {
        "mean_n_tokens": 1.0,
        "mean_norm": 0.602467131614685,
        "mean_projection": -0.00816746475175023,
        "n": 5
      },
      "terse_no_explain|answer_last|L10": {
        "mean_n_tokens": 1.0,
        "mean_norm": 2.882288026809692,
        "mean_projection": -0.017518549039959908,
        "n": 5
      },
      "terse_no_explain|answer_last|L11": {
        "mean_n_tokens": 1.0,
        "mean_norm": 3.0560879707336426,
        "mean_projection": -0.006638269498944282,
        "n": 5
      },
      "terse_no_explain|answer_last|L12": {
        "mean_n_tokens": 1.0,
        "mean_norm": 3.5733054161071776,
        "mean_projection": -0.022349844127893446,
        "n": 5
      },
      "terse_no_explain|answer_last|L13": {
        "mean_n_tokens": 1.0,
        "mean_norm": 3.661012363433838,
        "mean_projection": -0.04449557214975357,
        "n": 5
      },
      "terse_no_explain|answer_last|L14": {
        "mean_n_tokens": 1.0,
        "mean_norm": 4.4106526374816895,
        "mean_projection": -0.06302934037521482,
        "n": 5
      },
      "terse_no_explain|answer_last|L15": {
        "mean_n_tokens": 1.0,
        "mean_norm": 4.942589378356933,
        "mean_projection": -0.01282411888241768,
        "n": 5
      },
      "terse_no_explain|answer_last|L16": {
        "mean_n_tokens": 1.0,
        "mean_norm": 5.827023029327393,
        "mean_projection": 0.015693019330501556,
        "n": 5
      },
      "terse_no_explain|answer_last|L17": {
        "mean_n_tokens": 1.0,
        "mean_norm": 6.068849563598633,
        "mean_projection": 0.026266204938292504,
        "n": 5
      },
      "terse_no_explain|answer_last|L18": {
        "mean_n_tokens": 1.0,
        "mean_norm": 7.017883682250977,
        "mean_projection": 0.09980722665786743,
        "n": 5
      },
      "terse_no_explain|answer_last|L19": {
        "mean_n_tokens": 1.0,
        "mean_norm": 7.913157558441162,
        "mean_projection": 0.09001681208610535,
        "n": 5
      },
      "terse_no_explain|answer_last|L2": {
        "mean_n_tokens": 1.0,
        "mean_norm": 0.8655716776847839,
        "mean_projection": -0.009407085552811622,
        "n": 5
      },
      "terse_no_explain|answer_last|L20": {
        "mean_n_tokens": 1.0,
        "mean_norm": 9.749730682373047,
        "mean_projection": 0.05996757596731186,
        "n": 5
      },
      "terse_no_explain|answer_last|L21": {
        "mean_n_tokens": 1.0,
        "mean_norm": 11.121707344055176,
        "mean_projection": 0.12652544677257538,
        "n": 5
      },
      "terse_no_explain|answer_last|L22": {
        "mean_n_tokens": 1.0,
        "mean_norm": 12.98101634979248,
        "mean_projection": -0.017693789303302766,
        "n": 5
      },
      "terse_no_explain|answer_last|L23": {
        "mean_n_tokens": 1.0,
        "mean_norm": 17.428150939941407,
        "mean_projection": -0.08908884525299073,
        "n": 5
      },
      "terse_no_explain|answer_last|L24": {
        "mean_n_tokens": 1.0,
        "mean_norm": 22.475102996826173,
        "mean_projection": -0.1948745459318161,
        "n": 5
      },
      "terse_no_explain|answer_last|L25": {
        "mean_n_tokens": 1.0,
        "mean_norm": 29.018659591674805,
        "mean_projection": -0.24995896220207214,
        "n": 5
      },
      "terse_no_explain|answer_last|L26": {
        "mean_n_tokens": 1.0,
        "mean_norm": 35.734744262695315,
        "mean_projection": 0.3871667206287384,
        "n": 5
      },
      "terse_no_explain|answer_last|L27": {
        "mean_n_tokens": 1.0,
        "mean_norm": 43.21866912841797,
        "mean_projection": 0.2922009527683258,
        "n": 5
      },
      "terse_no_explain|answer_last|L28": {
        "mean_n_tokens": 1.0,
        "mean_norm": 49.61753692626953,
        "mean_projection": 0.41754507422447207,
        "n": 5
      },
      "terse_no_explain|answer_last|L29": {
        "mean_n_tokens": 1.0,
        "mean_norm": 59.05202865600586,
        "mean_projection": 0.8153920888900756,
        "n": 5
      },
      "terse_no_explain|answer_last|L3": {
        "mean_n_tokens": 1.0,
        "mean_norm": 1.3958256006240846,
        "mean_projection": -0.010248363018035889,
        "n": 5
      },
      "terse_no_explain|answer_last|L30": {
        "mean_n_tokens": 1.0,
        "mean_norm": 68.29033966064453,
        "mean_projection": 0.8543975353240967,
        "n": 5
      },
      "terse_no_explain|answer_last|L31": {
        "mean_n_tokens": 1.0,
        "mean_norm": 79.83318939208985,
        "mean_projection": 1.896650207042694,
        "n": 5
      },
      "terse_no_explain|answer_last|L32": {
        "mean_n_tokens": 1.0,
        "mean_norm": 90.15137329101563,
        "mean_projection": 3.964832091331482,
        "n": 5
      },
      "terse_no_explain|answer_last|L33": {
        "mean_n_tokens": 1.0,
        "mean_norm": 105.56316223144532,
        "mean_projection": 4.390524053573609,
        "n": 5
      },
      "terse_no_explain|answer_last|L34": {
        "mean_n_tokens": 1.0,
        "mean_norm": 119.57345428466797,
        "mean_projection": 4.869739055633545,
        "n": 5
      },
      "terse_no_explain|answer_last|L35": {
        "mean_n_tokens": 1.0,
        "mean_norm": 144.24683532714843,
        "mean_projection": 3.8511279344558718,
        "n": 5
      },
      "terse_no_explain|answer_last|L36": {
        "mean_n_tokens": 1.0,
        "mean_norm": 166.74493408203125,
        "mean_projection": 3.3274845123291015,
        "n": 5
      },
      "terse_no_explain|answer_last|L37": {
        "mean_n_tokens": 1.0,
        "mean_norm": 224.53403015136718,
        "mean_projection": 1.3716786861419679,
        "n": 5
      },
      "terse_no_explain|answer_last|L38": {
        "mean_n_tokens": 1.0,
        "mean_norm": 335.97072143554686,
        "mean_projection": 0.6627274274826049,
        "n": 5
      },
      "terse_no_explain|answer_last|L39": {
        "mean_n_tokens": 1.0,
        "mean_norm": 417.10301513671874,
        "mean_projection": -0.04867441654205322,
        "n": 5
      },
      "terse_no_explain|answer_last|L4": {
        "mean_n_tokens": 1.0,
        "mean_norm": 1.676905584335327,
        "mean_projection": -0.031320780888199805,
        "n": 5
      },
      "terse_no_explain|answer_last|L5": {
        "mean_n_tokens": 1.0,
        "mean_norm": 1.8865931749343872,
        "mean_projection": -0.03219979852437973,
        "n": 5
      },
      "terse_no_explain|answer_last|L6": {
        "mean_n_tokens": 1.0,
        "mean_norm": 1.9894681692123413,
        "mean_projection": -0.022139284014701843,
        "n": 5
      },
      "terse_no_explain|answer_last|L7": {
        "mean_n_tokens": 1.0,
        "mean_norm": 2.3901103019714354,
        "mean_projection": -0.03387083783745766,
        "n": 5
      },
      "terse_no_explain|answer_last|L8": {
        "mean_n_tokens": 1.0,
        "mean_norm": 2.5241783618927003,
        "mean_projection": -0.03678313940763474,
        "n": 5
      },
      "terse_no_explain|answer_last|L9": {
        "mean_n_tokens": 1.0,
        "mean_norm": 2.6781630516052246,
        "mean_projection": -0.01866258978843689,
        "n": 5
      },
      "terse_no_explain|instruction_line|L0": {
        "mean_n_tokens": 11.0,
        "mean_norm": 0.2435667783021927,
        "mean_projection": 0.002720227383542806,
        "n": 5
      },
      "terse_no_explain|instruction_line|L1": {
        "mean_n_tokens": 11.0,
        "mean_norm": 0.41254685521125795,
        "mean_projection": 0.0013714514672756196,
        "n": 5
      },
      "terse_no_explain|instruction_line|L10": {
        "mean_n_tokens": 11.0,
        "mean_norm": 2.2936955451965333,
        "mean_projection": 0.009980047307908534,
        "n": 5
      },
      "terse_no_explain|instruction_line|L11": {
        "mean_n_tokens": 11.0,
        "mean_norm": 2.5593560218811033,
        "mean_projection": 0.03646629005670547,
        "n": 5
      },
      "terse_no_explain|instruction_line|L12": {
        "mean_n_tokens": 11.0,
        "mean_norm": 2.9800570487976072,
        "mean_projection": 0.06019957587122917,
        "n": 5
      },
      "terse_no_explain|instruction_line|L13": {
        "mean_n_tokens": 11.0,
        "mean_norm": 3.0831010341644287,
        "mean_projection": 0.04561503306031227,
        "n": 5
      },
      "terse_no_explain|instruction_line|L14": {
        "mean_n_tokens": 11.0,
        "mean_norm": 3.606797695159912,
        "mean_projection": 0.0324172904714942,
        "n": 5
      },
      "terse_no_explain|instruction_line|L15": {
        "mean_n_tokens": 11.0,
        "mean_norm": 3.923446846008301,
        "mean_projection": 0.053693240694701674,
        "n": 5
      },
      "terse_no_explain|instruction_line|L16": {
        "mean_n_tokens": 11.0,
        "mean_norm": 4.24741678237915,
        "mean_projection": 0.07508490830659867,
        "n": 5
      },
      "terse_no_explain|instruction_line|L17": {
        "mean_n_tokens": 11.0,
        "mean_norm": 4.790834617614746,
        "mean_projection": 0.10426992923021317,
        "n": 5
      },
      "terse_no_explain|instruction_line|L18": {
        "mean_n_tokens": 11.0,
        "mean_norm": 5.803543663024902,
        "mean_projection": 0.10944294333457946,
        "n": 5
      },
      "terse_no_explain|instruction_line|L19": {
        "mean_n_tokens": 11.0,
        "mean_norm": 6.174746322631836,
        "mean_projection": 0.1435416340827942,
        "n": 5
      },
      "terse_no_explain|instruction_line|L2": {
        "mean_n_tokens": 11.0,
        "mean_norm": 0.6236138224601746,
        "mean_projection": -0.0031666951719671486,
        "n": 5
      },
      "terse_no_explain|instruction_line|L20": {
        "mean_n_tokens": 11.0,
        "mean_norm": 7.020399379730224,
        "mean_projection": 0.17043401449918746,
        "n": 5
      },
      "terse_no_explain|instruction_line|L21": {
        "mean_n_tokens": 11.0,
        "mean_norm": 8.264434242248536,
        "mean_projection": 0.23328325450420379,
        "n": 5
      },
      "terse_no_explain|instruction_line|L22": {
        "mean_n_tokens": 11.0,
        "mean_norm": 10.250330543518066,
        "mean_projection": 0.2164461702108383,
        "n": 5
      },
      "terse_no_explain|instruction_line|L23": {
        "mean_n_tokens": 11.0,
        "mean_norm": 13.168023490905762,
        "mean_projection": 0.29238111674785616,
        "n": 5
      },
      "terse_no_explain|instruction_line|L24": {
        "mean_n_tokens": 11.0,
        "mean_norm": 17.37101593017578,
        "mean_projection": 0.18802550435066223,
        "n": 5
      },
      "terse_no_explain|instruction_line|L25": {
        "mean_n_tokens": 11.0,
        "mean_norm": 22.482413482666015,
        "mean_projection": 0.06834284365177154,
        "n": 5
      },
      "terse_no_explain|instruction_line|L26": {
        "mean_n_tokens": 11.0,
        "mean_norm": 27.720247268676758,
        "mean_projection": 0.0998278722167015,
        "n": 5
      },
      "terse_no_explain|instruction_line|L27": {
        "mean_n_tokens": 11.0,
        "mean_norm": 34.409566497802736,
        "mean_projection": 0.02261090874671936,
        "n": 5
      },
      "terse_no_explain|instruction_line|L28": {
        "mean_n_tokens": 11.0,
        "mean_norm": 41.2202751159668,
        "mean_projection": -0.08419671654701233,
        "n": 5
      },
      "terse_no_explain|instruction_line|L29": {
        "mean_n_tokens": 11.0,
        "mean_norm": 48.30279006958008,
        "mean_projection": -0.08851875066757202,
        "n": 5
      },
      "terse_no_explain|instruction_line|L3": {
        "mean_n_tokens": 11.0,
        "mean_norm": 1.0297144174575805,
        "mean_projection": -0.009127416275441646,
        "n": 5
      },
      "terse_no_explain|instruction_line|L30": {
        "mean_n_tokens": 11.0,
        "mean_norm": 57.72626953125,
        "mean_projection": -0.34353959262371064,
        "n": 5
      },
      "terse_no_explain|instruction_line|L31": {
        "mean_n_tokens": 11.0,
        "mean_norm": 68.7066162109375,
        "mean_projection": -0.30312380865216254,
        "n": 5
      },
      "terse_no_explain|instruction_line|L32": {
        "mean_n_tokens": 11.0,
        "mean_norm": 75.44791107177734,
        "mean_projection": -0.33484190702438354,
        "n": 5
      },
      "terse_no_explain|instruction_line|L33": {
        "mean_n_tokens": 11.0,
        "mean_norm": 86.51023864746094,
        "mean_projection": -0.3596263974905014,
        "n": 5
      },
      "terse_no_explain|instruction_line|L34": {
        "mean_n_tokens": 11.0,
        "mean_norm": 96.86426544189453,
        "mean_projection": -0.11066362261772156,
        "n": 5
      },
      "terse_no_explain|instruction_line|L35": {
        "mean_n_tokens": 11.0,
        "mean_norm": 114.4196273803711,
        "mean_projection": -0.3091141670942307,
        "n": 5
      },
      "terse_no_explain|instruction_line|L36": {
        "mean_n_tokens": 11.0,
        "mean_norm": 135.23109741210936,
        "mean_projection": -0.5441114187240601,
        "n": 5
      },
      "terse_no_explain|instruction_line|L37": {
        "mean_n_tokens": 11.0,
        "mean_norm": 183.68158264160155,
        "mean_projection": -1.362453293800354,
        "n": 5
      },
      "terse_no_explain|instruction_line|L38": {
        "mean_n_tokens": 11.0,
        "mean_norm": 297.6314636230469,
        "mean_projection": -3.045089292526245,
        "n": 5
      },
      "terse_no_explain|instruction_line|L39": {
        "mean_n_tokens": 11.0,
        "mean_norm": 256.8591278076172,
        "mean_projection": -3.7240731000900267,
        "n": 5
      },
      "terse_no_explain|instruction_line|L4": {
        "mean_n_tokens": 11.0,
        "mean_norm": 1.1993806600570678,
        "mean_projection": -0.006340116448700428,
        "n": 5
      },
      "terse_no_explain|instruction_line|L5": {
        "mean_n_tokens": 11.0,
        "mean_norm": 1.312462067604065,
        "mean_projection": 0.007029491290450096,
        "n": 5
      },
      "terse_no_explain|instruction_line|L6": {
        "mean_n_tokens": 11.0,
        "mean_norm": 1.3942979574203491,
        "mean_projection": 0.0048832052387297155,
        "n": 5
      },
      "terse_no_explain|instruction_line|L7": {
        "mean_n_tokens": 11.0,
        "mean_norm": 1.6490943670272826,
        "mean_projection": 0.0007755095139145851,
        "n": 5
      },
      "terse_no_explain|instruction_line|L8": {
        "mean_n_tokens": 11.0,
        "mean_norm": 1.8903494834899903,
        "mean_projection": 0.00700653214007616,
        "n": 5
      },
      "terse_no_explain|instruction_line|L9": {
        "mean_n_tokens": 11.0,
        "mean_norm": 2.138961124420166,
        "mean_projection": 0.015991447493433952,
        "n": 5
      },
      "terse_no_explain|object_name|L0": {
        "mean_n_tokens": 10.0,
        "mean_norm": 0.3831112742424011,
        "mean_projection": 0.0020487107336521148,
        "n": 5
      },
      "terse_no_explain|object_name|L1": {
        "mean_n_tokens": 10.0,
        "mean_norm": 0.6132700562477111,
        "mean_projection": 0.0022084354422986507,
        "n": 5
      },
      "terse_no_explain|object_name|L10": {
        "mean_n_tokens": 10.0,
        "mean_norm": 2.708630895614624,
        "mean_projection": 0.0106826551258564,
        "n": 5
      },
      "terse_no_explain|object_name|L11": {
        "mean_n_tokens": 10.0,
        "mean_norm": 2.912637138366699,
        "mean_projection": 0.0024386679753661154,
        "n": 5
      },
      "terse_no_explain|object_name|L12": {
        "mean_n_tokens": 10.0,
        "mean_norm": 3.181796979904175,
        "mean_projection": 0.002248256653547287,
        "n": 5
      },
      "terse_no_explain|object_name|L13": {
        "mean_n_tokens": 10.0,
        "mean_norm": 3.315852689743042,
        "mean_projection": 0.0017206676304340363,
        "n": 5
      },
      "terse_no_explain|object_name|L14": {
        "mean_n_tokens": 10.0,
        "mean_norm": 3.722560405731201,
        "mean_projection": 0.005356099084019661,
        "n": 5
      },
      "terse_no_explain|object_name|L15": {
        "mean_n_tokens": 10.0,
        "mean_norm": 3.986045169830322,
        "mean_projection": 0.017245152592658998,
        "n": 5
      },
      "terse_no_explain|object_name|L16": {
        "mean_n_tokens": 10.0,
        "mean_norm": 4.5218277931213375,
        "mean_projection": 0.03800231888890267,
        "n": 5
      },
      "terse_no_explain|object_name|L17": {
        "mean_n_tokens": 10.0,
        "mean_norm": 4.985397529602051,
        "mean_projection": 0.034914974868297574,
        "n": 5
      },
      "terse_no_explain|object_name|L18": {
        "mean_n_tokens": 10.0,
        "mean_norm": 5.876050090789795,
        "mean_projection": 0.054116162657737735,
        "n": 5
      },
      "terse_no_explain|object_name|L19": {
        "mean_n_tokens": 10.0,
        "mean_norm": 6.388564014434815,
        "mean_projection": 0.06593737676739693,
        "n": 5
      },
      "terse_no_explain|object_name|L2": {
        "mean_n_tokens": 10.0,
        "mean_norm": 0.8946824193000793,
        "mean_projection": -0.002172447647899389,
        "n": 5
      },
      "terse_no_explain|object_name|L20": {
        "mean_n_tokens": 10.0,
        "mean_norm": 7.101363182067871,
        "mean_projection": 0.06826460361480713,
        "n": 5
      },
      "terse_no_explain|object_name|L21": {
        "mean_n_tokens": 10.0,
        "mean_norm": 8.459146118164062,
        "mean_projection": 0.10005885101854801,
        "n": 5
      },
      "terse_no_explain|object_name|L22": {
        "mean_n_tokens": 10.0,
        "mean_norm": 10.123026847839355,
        "mean_projection": 0.12887099683284758,
        "n": 5
      },
      "terse_no_explain|object_name|L23": {
        "mean_n_tokens": 10.0,
        "mean_norm": 12.84170913696289,
        "mean_projection": 0.2035245567560196,
        "n": 5
      },
      "terse_no_explain|object_name|L24": {
        "mean_n_tokens": 10.0,
        "mean_norm": 16.829269027709962,
        "mean_projection": 0.20040864497423172,
        "n": 5
      },
      "terse_no_explain|object_name|L25": {
        "mean_n_tokens": 10.0,
        "mean_norm": 21.509745025634764,
        "mean_projection": 0.19980257302522658,
        "n": 5
      },
      "terse_no_explain|object_name|L26": {
        "mean_n_tokens": 10.0,
        "mean_norm": 27.33194770812988,
        "mean_projection": 0.14050496816635133,
        "n": 5
      },
      "terse_no_explain|object_name|L27": {
        "mean_n_tokens": 10.0,
        "mean_norm": 33.98707275390625,
        "mean_projection": 0.03639065027236939,
        "n": 5
      },
      "terse_no_explain|object_name|L28": {
        "mean_n_tokens": 10.0,
        "mean_norm": 41.55802536010742,
        "mean_projection": 0.07090140581130981,
        "n": 5
      },
      "terse_no_explain|object_name|L29": {
        "mean_n_tokens": 10.0,
        "mean_norm": 48.49838409423828,
        "mean_projection": 0.08188605308532715,
        "n": 5
      },
      "terse_no_explain|object_name|L3": {
        "mean_n_tokens": 10.0,
        "mean_norm": 1.157319188117981,
        "mean_projection": -0.0018878816161304712,
        "n": 5
      },
      "terse_no_explain|object_name|L30": {
        "mean_n_tokens": 10.0,
        "mean_norm": 56.11584320068359,
        "mean_projection": 0.05447600483894348,
        "n": 5
      },
      "terse_no_explain|object_name|L31": {
        "mean_n_tokens": 10.0,
        "mean_norm": 64.94012603759765,
        "mean_projection": 0.12454258799552917,
        "n": 5
      },
      "terse_no_explain|object_name|L32": {
        "mean_n_tokens": 10.0,
        "mean_norm": 69.86685485839844,
        "mean_projection": 0.10473102033138275,
        "n": 5
      },
      "terse_no_explain|object_name|L33": {
        "mean_n_tokens": 10.0,
        "mean_norm": 76.81079711914063,
        "mean_projection": -0.09217308759689331,
        "n": 5
      },
      "terse_no_explain|object_name|L34": {
        "mean_n_tokens": 10.0,
        "mean_norm": 87.50164337158203,
        "mean_projection": -0.07362428605556488,
        "n": 5
      },
      "terse_no_explain|object_name|L35": {
        "mean_n_tokens": 10.0,
        "mean_norm": 98.60113067626953,
        "mean_projection": -0.45696237981319426,
        "n": 5
      },
      "terse_no_explain|object_name|L36": {
        "mean_n_tokens": 10.0,
        "mean_norm": 120.35173645019532,
        "mean_projection": -0.7764733240008355,
        "n": 5
      },
      "terse_no_explain|object_name|L37": {
        "mean_n_tokens": 10.0,
        "mean_norm": 158.3767120361328,
        "mean_projection": -0.7767357110977173,
        "n": 5
      },
      "terse_no_explain|object_name|L38": {
        "mean_n_tokens": 10.0,
        "mean_norm": 279.08649291992185,
        "mean_projection": -1.3033522248268128,
        "n": 5
      },
      "terse_no_explain|object_name|L39": {
        "mean_n_tokens": 10.0,
        "mean_norm": 247.18463134765625,
        "mean_projection": 0.2500089406967163,
        "n": 5
      },
      "terse_no_explain|object_name|L4": {
        "mean_n_tokens": 10.0,
        "mean_norm": 1.404003381729126,
        "mean_projection": -0.0004936740733683109,
        "n": 5
      },
      "terse_no_explain|object_name|L5": {
        "mean_n_tokens": 10.0,
        "mean_norm": 1.5165499448776245,
        "mean_projection": -2.988632768392563e-05,
        "n": 5
      },
      "terse_no_explain|object_name|L6": {
        "mean_n_tokens": 10.0,
        "mean_norm": 1.6969283819198608,
        "mean_projection": 0.0060646611265838144,
        "n": 5
      },
      "terse_no_explain|object_name|L7": {
        "mean_n_tokens": 10.0,
        "mean_norm": 1.9877210855484009,
        "mean_projection": 0.008578446879982948,
        "n": 5
      },
      "terse_no_explain|object_name|L8": {
        "mean_n_tokens": 10.0,
        "mean_norm": 2.247444200515747,
        "mean_projection": -0.006140529736876487,
        "n": 5
      },
      "terse_no_explain|object_name|L9": {
        "mean_n_tokens": 10.0,
        "mean_norm": 2.518460416793823,
        "mean_projection": 0.009334971010684968,
        "n": 5
      },
      "terse_no_explain|record_line|L0": {
        "mean_n_tokens": 26.0,
        "mean_norm": 0.38137219548225404,
        "mean_projection": 0.004234695457853377,
        "n": 5
      },
      "terse_no_explain|record_line|L1": {
        "mean_n_tokens": 26.0,
        "mean_norm": 0.6954861402511596,
        "mean_projection": 0.009498481638729572,
        "n": 5
      },
      "terse_no_explain|record_line|L10": {
        "mean_n_tokens": 26.0,
        "mean_norm": 24.340375900268555,
        "mean_projection": 0.6534930109977722,
        "n": 5
      },
      "terse_no_explain|record_line|L11": {
        "mean_n_tokens": 26.0,
        "mean_norm": 24.549097061157227,
        "mean_projection": 0.6507839500904083,
        "n": 5
      },
      "terse_no_explain|record_line|L12": {
        "mean_n_tokens": 26.0,
        "mean_norm": 24.74056968688965,
        "mean_projection": 0.6519152283668518,
        "n": 5
      },
      "terse_no_explain|record_line|L13": {
        "mean_n_tokens": 26.0,
        "mean_norm": 24.805229949951173,
        "mean_projection": 0.6517843663692474,
        "n": 5
      },
      "terse_no_explain|record_line|L14": {
        "mean_n_tokens": 26.0,
        "mean_norm": 24.93432960510254,
        "mean_projection": 0.6591181337833405,
        "n": 5
      },
      "terse_no_explain|record_line|L15": {
        "mean_n_tokens": 26.0,
        "mean_norm": 25.02523727416992,
        "mean_projection": 0.6660623908042907,
        "n": 5
      },
      "terse_no_explain|record_line|L16": {
        "mean_n_tokens": 26.0,
        "mean_norm": 25.16877899169922,
        "mean_projection": 0.6874935567378998,
        "n": 5
      },
      "terse_no_explain|record_line|L17": {
        "mean_n_tokens": 26.0,
        "mean_norm": 25.35498046875,
        "mean_projection": 0.6912186205387115,
        "n": 5
      },
      "terse_no_explain|record_line|L18": {
        "mean_n_tokens": 26.0,
        "mean_norm": 25.743925476074217,
        "mean_projection": 0.7154627323150635,
        "n": 5
      },
      "terse_no_explain|record_line|L19": {
        "mean_n_tokens": 26.0,
        "mean_norm": 25.83276481628418,
        "mean_projection": 0.7411381602287292,
        "n": 5
      },
      "terse_no_explain|record_line|L2": {
        "mean_n_tokens": 26.0,
        "mean_norm": 0.7908649682998657,
        "mean_projection": 0.00697232831735164,
        "n": 5
      },
      "terse_no_explain|record_line|L20": {
        "mean_n_tokens": 26.0,
        "mean_norm": 26.256128311157227,
        "mean_projection": 0.7592292368412018,
        "n": 5
      },
      "terse_no_explain|record_line|L21": {
        "mean_n_tokens": 26.0,
        "mean_norm": 26.82349739074707,
        "mean_projection": 0.7841720402240753,
        "n": 5
      },
      "terse_no_explain|record_line|L22": {
        "mean_n_tokens": 26.0,
        "mean_norm": 27.172498321533205,
        "mean_projection": 0.8190923750400543,
        "n": 5
      },
      "terse_no_explain|record_line|L23": {
        "mean_n_tokens": 26.0,
        "mean_norm": 28.266596603393555,
        "mean_projection": 0.8703325033187866,
        "n": 5
      },
      "terse_no_explain|record_line|L24": {
        "mean_n_tokens": 26.0,
        "mean_norm": 30.441960906982423,
        "mean_projection": 0.8401552140712738,
        "n": 5
      },
      "terse_no_explain|record_line|L25": {
        "mean_n_tokens": 26.0,
        "mean_norm": 34.15369644165039,
        "mean_projection": 0.8006543248891831,
        "n": 5
      },
      "terse_no_explain|record_line|L26": {
        "mean_n_tokens": 26.0,
        "mean_norm": 38.565127563476565,
        "mean_projection": 0.7910758852958679,
        "n": 5
      },
      "terse_no_explain|record_line|L27": {
        "mean_n_tokens": 26.0,
        "mean_norm": 43.748593139648435,
        "mean_projection": 0.6969749420881272,
        "n": 5
      },
      "terse_no_explain|record_line|L28": {
        "mean_n_tokens": 26.0,
        "mean_norm": 50.17761001586914,
        "mean_projection": 0.7689524263143539,
        "n": 5
      },
      "terse_no_explain|record_line|L29": {
        "mean_n_tokens": 26.0,
        "mean_norm": 57.10741348266602,
        "mean_projection": 0.8088890880346298,
        "n": 5
      },
      "terse_no_explain|record_line|L3": {
        "mean_n_tokens": 26.0,
        "mean_norm": 1.0789994716644287,
        "mean_projection": 0.013686853367835284,
        "n": 5
      },
      "terse_no_explain|record_line|L30": {
        "mean_n_tokens": 26.0,
        "mean_norm": 65.47770690917969,
        "mean_projection": 0.7324559092521667,
        "n": 5
      },
      "terse_no_explain|record_line|L31": {
        "mean_n_tokens": 26.0,
        "mean_norm": 75.29994049072266,
        "mean_projection": 0.7457651600241662,
        "n": 5
      },
      "terse_no_explain|record_line|L32": {
        "mean_n_tokens": 26.0,
        "mean_norm": 81.34890899658203,
        "mean_projection": 0.7639890432357788,
        "n": 5
      },
      "terse_no_explain|record_line|L33": {
        "mean_n_tokens": 26.0,
        "mean_norm": 89.96803283691406,
        "mean_projection": 0.5267221391201019,
        "n": 5
      },
      "terse_no_explain|record_line|L34": {
        "mean_n_tokens": 26.0,
        "mean_norm": 100.50958557128907,
        "mean_projection": 0.4790261760354042,
        "n": 5
      },
      "terse_no_explain|record_line|L35": {
        "mean_n_tokens": 26.0,
        "mean_norm": 114.91314392089843,
        "mean_projection": 0.17871212363243102,
        "n": 5
      },
      "terse_no_explain|record_line|L36": {
        "mean_n_tokens": 26.0,
        "mean_norm": 133.55557556152343,
        "mean_projection": -0.11267945468425751,
        "n": 5
      },
      "terse_no_explain|record_line|L37": {
        "mean_n_tokens": 26.0,
        "mean_norm": 169.83031616210937,
        "mean_projection": -0.5181387662887573,
        "n": 5
      },
      "terse_no_explain|record_line|L38": {
        "mean_n_tokens": 26.0,
        "mean_norm": 280.0664489746094,
        "mean_projection": -2.1763539552688598,
        "n": 5
      },
      "terse_no_explain|record_line|L39": {
        "mean_n_tokens": 26.0,
        "mean_norm": 239.75150451660156,
        "mean_projection": -1.214711320400238,
        "n": 5
      },
      "terse_no_explain|record_line|L4": {
        "mean_n_tokens": 26.0,
        "mean_norm": 21.315353012084962,
        "mean_projection": 0.56995187997818,
        "n": 5
      },
      "terse_no_explain|record_line|L5": {
        "mean_n_tokens": 26.0,
        "mean_norm": 21.71698570251465,
        "mean_projection": 0.5811758637428284,
        "n": 5
      },
      "terse_no_explain|record_line|L6": {
        "mean_n_tokens": 26.0,
        "mean_norm": 21.961500549316405,
        "mean_projection": 0.5904729247093201,
        "n": 5
      },
      "terse_no_explain|record_line|L7": {
        "mean_n_tokens": 26.0,
        "mean_norm": 22.861195755004882,
        "mean_projection": 0.6246678233146667,
        "n": 5
      },
      "terse_no_explain|record_line|L8": {
        "mean_n_tokens": 26.0,
        "mean_norm": 24.101441192626954,
        "mean_projection": 0.6471230089664459,
        "n": 5
      },
      "terse_no_explain|record_line|L9": {
        "mean_n_tokens": 26.0,
        "mean_norm": 24.2933292388916,
        "mean_projection": 0.6576276123523712,
        "n": 5
      },
      "terse_no_explain|record_value_object_relation|L0": {
        "mean_n_tokens": 10.0,
        "mean_norm": 0.35238065719604494,
        "mean_projection": 0.003104958590120077,
        "n": 5
      },
      "terse_no_explain|record_value_object_relation|L1": {
        "mean_n_tokens": 10.0,
        "mean_norm": 0.5605965077877044,
        "mean_projection": 0.0037763375672511756,
        "n": 5
      },
      "terse_no_explain|record_value_object_relation|L10": {
        "mean_n_tokens": 10.0,
        "mean_norm": 2.5311116695404055,
        "mean_projection": 0.027593480050563814,
        "n": 5
      },
      "terse_no_explain|record_value_object_relation|L11": {
        "mean_n_tokens": 10.0,
        "mean_norm": 2.7833688259124756,
        "mean_projection": 0.022423270717263223,
        "n": 5
      },
      "terse_no_explain|record_value_object_relation|L12": {
        "mean_n_tokens": 10.0,
        "mean_norm": 3.0694040775299074,
        "mean_projection": 0.02276393286883831,
        "n": 5
      },
      "terse_no_explain|record_value_object_relation|L13": {
        "mean_n_tokens": 10.0,
        "mean_norm": 3.234256887435913,
        "mean_projection": 0.02332935817539692,
        "n": 5
      },
      "terse_no_explain|record_value_object_relation|L14": {
        "mean_n_tokens": 10.0,
        "mean_norm": 3.671394634246826,
        "mean_projection": 0.02900726571679115,
        "n": 5
      },
      "terse_no_explain|record_value_object_relation|L15": {
        "mean_n_tokens": 10.0,
        "mean_norm": 3.9340588569641115,
        "mean_projection": 0.03862807899713516,
        "n": 5
      },
      "terse_no_explain|record_value_object_relation|L16": {
        "mean_n_tokens": 10.0,
        "mean_norm": 4.455185890197754,
        "mean_projection": 0.06463139578700065,
        "n": 5
      },
      "terse_no_explain|record_value_object_relation|L17": {
        "mean_n_tokens": 10.0,
        "mean_norm": 4.940557384490967,
        "mean_projection": 0.06945622488856315,
        "n": 5
      },
      "terse_no_explain|record_value_object_relation|L18": {
        "mean_n_tokens": 10.0,
        "mean_norm": 5.941392326354981,
        "mean_projection": 0.0898993656039238,
        "n": 5
      },
      "terse_no_explain|record_value_object_relation|L19": {
        "mean_n_tokens": 10.0,
        "mean_norm": 6.362175941467285,
        "mean_projection": 0.10944431871175767,
        "n": 5
      },
      "terse_no_explain|record_value_object_relation|L2": {
        "mean_n_tokens": 10.0,
        "mean_norm": 0.8378644227981568,
        "mean_projection": 0.0018911247607320547,
        "n": 5
      },
      "terse_no_explain|record_value_object_relation|L20": {
        "mean_n_tokens": 10.0,
        "mean_norm": 7.051439952850342,
        "mean_projection": 0.12960017435252666,
        "n": 5
      },
      "terse_no_explain|record_value_object_relation|L21": {
        "mean_n_tokens": 10.0,
        "mean_norm": 8.389870071411133,
        "mean_projection": 0.16192890405654908,
        "n": 5
      },
      "terse_no_explain|record_value_object_relation|L22": {
        "mean_n_tokens": 10.0,
        "mean_norm": 10.023543739318848,
        "mean_projection": 0.19588075280189515,
        "n": 5
      },
      "terse_no_explain|record_value_object_relation|L23": {
        "mean_n_tokens": 10.0,
        "mean_norm": 12.660233497619629,
        "mean_projection": 0.27086922228336335,
        "n": 5
      },
      "terse_no_explain|record_value_object_relation|L24": {
        "mean_n_tokens": 10.0,
        "mean_norm": 16.483695220947265,
        "mean_projection": 0.25100088864564896,
        "n": 5
      },
      "terse_no_explain|record_value_object_relation|L25": {
        "mean_n_tokens": 10.0,
        "mean_norm": 21.152936935424805,
        "mean_projection": 0.2604245200753212,
        "n": 5
      },
      "terse_no_explain|record_value_object_relation|L26": {
        "mean_n_tokens": 10.0,
        "mean_norm": 26.57363967895508,
        "mean_projection": 0.2509236246347427,
        "n": 5
      },
      "terse_no_explain|record_value_object_relation|L27": {
        "mean_n_tokens": 10.0,
        "mean_norm": 33.21091079711914,
        "mean_projection": 0.18884848058223724,
        "n": 5
      },
      "terse_no_explain|record_value_object_relation|L28": {
        "mean_n_tokens": 10.0,
        "mean_norm": 41.089395904541014,
        "mean_projection": 0.255191570520401,
        "n": 5
      },
      "terse_no_explain|record_value_object_relation|L29": {
        "mean_n_tokens": 10.0,
        "mean_norm": 47.91334838867188,
        "mean_projection": 0.28896465003490446,
        "n": 5
      },
      "terse_no_explain|record_value_object_relation|L3": {
        "mean_n_tokens": 10.0,
        "mean_norm": 1.0934789776802063,
        "mean_projection": 0.002495087217539549,
        "n": 5
      },
      "terse_no_explain|record_value_object_relation|L30": {
        "mean_n_tokens": 10.0,
        "mean_norm": 55.966600036621095,
        "mean_projection": 0.3029917061328888,
        "n": 5
      },
      "terse_no_explain|record_value_object_relation|L31": {
        "mean_n_tokens": 10.0,
        "mean_norm": 65.21796112060547,
        "mean_projection": 0.31561761498451235,
        "n": 5
      },
      "terse_no_explain|record_value_object_relation|L32": {
        "mean_n_tokens": 10.0,
        "mean_norm": 70.67679595947266,
        "mean_projection": 0.2751436740159988,
        "n": 5
      },
      "terse_no_explain|record_value_object_relation|L33": {
        "mean_n_tokens": 10.0,
        "mean_norm": 78.27378540039062,
        "mean_projection": 0.02035377621650696,
        "n": 5
      },
      "terse_no_explain|record_value_object_relation|L34": {
        "mean_n_tokens": 10.0,
        "mean_norm": 89.04235382080078,
        "mean_projection": -0.09072763323783875,
        "n": 5
      },
      "terse_no_explain|record_value_object_relation|L35": {
        "mean_n_tokens": 10.0,
        "mean_norm": 101.50086212158203,
        "mean_projection": -0.47839133739471434,
        "n": 5
      },
      "terse_no_explain|record_value_object_relation|L36": {
        "mean_n_tokens": 10.0,
        "mean_norm": 122.80771179199219,
        "mean_projection": -0.8194398880004883,
        "n": 5
      },
      "terse_no_explain|record_value_object_relation|L37": {
        "mean_n_tokens": 10.0,
        "mean_norm": 160.57263793945313,
        "mean_projection": -0.885148537158966,
        "n": 5
      },
      "terse_no_explain|record_value_object_relation|L38": {
        "mean_n_tokens": 10.0,
        "mean_norm": 284.96591796875,
        "mean_projection": -1.2598997592926025,
        "n": 5
      },
      "terse_no_explain|record_value_object_relation|L39": {
        "mean_n_tokens": 10.0,
        "mean_norm": 246.15377807617188,
        "mean_projection": 0.6038757801055908,
        "n": 5
      },
      "terse_no_explain|record_value_object_relation|L4": {
        "mean_n_tokens": 10.0,
        "mean_norm": 1.331973910331726,
        "mean_projection": 0.0069061976857483385,
        "n": 5
      },
      "terse_no_explain|record_value_object_relation|L5": {
        "mean_n_tokens": 10.0,
        "mean_norm": 1.4218422889709472,
        "mean_projection": 0.01049890387803316,
        "n": 5
      },
      "terse_no_explain|record_value_object_relation|L6": {
        "mean_n_tokens": 10.0,
        "mean_norm": 1.5726173877716065,
        "mean_projection": 0.015234503336250782,
        "n": 5
      },
      "terse_no_explain|record_value_object_relation|L7": {
        "mean_n_tokens": 10.0,
        "mean_norm": 1.8288184642791747,
        "mean_projection": 0.02221639044582844,
        "n": 5
      },
      "terse_no_explain|record_value_object_relation|L8": {
        "mean_n_tokens": 10.0,
        "mean_norm": 2.0838654041290283,
        "mean_projection": 0.010591217130422593,
        "n": 5
      },
      "terse_no_explain|record_value_object_relation|L9": {
        "mean_n_tokens": 10.0,
        "mean_norm": 2.3361780643463135,
        "mean_projection": 0.02777715176343918,
        "n": 5
      },
      "terse_no_explain|record_without_target_value|L0": {
        "mean_n_tokens": 25.0,
        "mean_norm": 0.3846760928630829,
        "mean_projection": 0.0038510785554535685,
        "n": 5
      },
      "terse_no_explain|record_without_target_value|L1": {
        "mean_n_tokens": 25.0,
        "mean_norm": 0.7083563208580017,
        "mean_projection": 0.008965741144493222,
        "n": 5
      },
      "terse_no_explain|record_without_target_value|L10": {
        "mean_n_tokens": 25.0,
        "mean_norm": 25.286487197875978,
        "mean_projection": 0.6751621186733245,
        "n": 5
      },
      "terse_no_explain|record_without_target_value|L11": {
        "mean_n_tokens": 25.0,
        "mean_norm": 25.505630874633788,
        "mean_projection": 0.673944616317749,
        "n": 5
      },
      "terse_no_explain|record_without_target_value|L12": {
        "mean_n_tokens": 25.0,
        "mean_norm": 25.715938568115234,
        "mean_projection": 0.6753983557224273,
        "n": 5
      },
      "terse_no_explain|record_without_target_value|L13": {
        "mean_n_tokens": 25.0,
        "mean_norm": 25.759112930297853,
        "mean_projection": 0.6755214750766754,
        "n": 5
      },
      "terse_no_explain|record_without_target_value|L14": {
        "mean_n_tokens": 25.0,
        "mean_norm": 25.88653678894043,
        "mean_projection": 0.6817889392375946,
        "n": 5
      },
      "terse_no_explain|record_without_target_value|L15": {
        "mean_n_tokens": 25.0,
        "mean_norm": 25.982967376708984,
        "mean_projection": 0.6909551322460175,
        "n": 5
      },
      "terse_no_explain|record_without_target_value|L16": {
        "mean_n_tokens": 25.0,
        "mean_norm": 26.131396484375,
        "mean_projection": 0.711500597000122,
        "n": 5
      },
      "terse_no_explain|record_without_target_value|L17": {
        "mean_n_tokens": 25.0,
        "mean_norm": 26.297850036621092,
        "mean_projection": 0.7131839275360108,
        "n": 5
      },
      "terse_no_explain|record_without_target_value|L18": {
        "mean_n_tokens": 25.0,
        "mean_norm": 26.697985458374024,
        "mean_projection": 0.7386160850524902,
        "n": 5
      },
      "terse_no_explain|record_without_target_value|L19": {
        "mean_n_tokens": 25.0,
        "mean_norm": 26.734909439086913,
        "mean_projection": 0.7632804453372956,
        "n": 5
      },
      "terse_no_explain|record_without_target_value|L2": {
        "mean_n_tokens": 25.0,
        "mean_norm": 0.7979998350143432,
        "mean_projection": 0.005988526437431574,
        "n": 5
      },
      "terse_no_explain|record_without_target_value|L20": {
        "mean_n_tokens": 25.0,
        "mean_norm": 27.196361923217772,
        "mean_projection": 0.7816151142120361,
        "n": 5
      },
      "terse_no_explain|record_without_target_value|L21": {
        "mean_n_tokens": 25.0,
        "mean_norm": 27.758564376831053,
        "mean_projection": 0.8064580678939819,
        "n": 5
      },
      "terse_no_explain|record_without_target_value|L22": {
        "mean_n_tokens": 25.0,
        "mean_norm": 28.12203254699707,
        "mean_projection": 0.8446882009506226,
        "n": 5
      },
      "terse_no_explain|record_without_target_value|L23": {
        "mean_n_tokens": 25.0,
        "mean_norm": 29.18175277709961,
        "mean_projection": 0.9023793697357178,
        "n": 5
      },
      "terse_no_explain|record_without_target_value|L24": {
        "mean_n_tokens": 25.0,
        "mean_norm": 31.295752716064452,
        "mean_projection": 0.875203675031662,
        "n": 5
      },
      "terse_no_explain|record_without_target_value|L25": {
        "mean_n_tokens": 25.0,
        "mean_norm": 34.91492691040039,
        "mean_projection": 0.8393124163150787,
        "n": 5
      },
      "terse_no_explain|record_without_target_value|L26": {
        "mean_n_tokens": 25.0,
        "mean_norm": 39.316349792480466,
        "mean_projection": 0.8218048080801964,
        "n": 5
      },
      "terse_no_explain|record_without_target_value|L27": {
        "mean_n_tokens": 25.0,
        "mean_norm": 44.38711700439453,
        "mean_projection": 0.7167214632034302,
        "n": 5
      },
      "terse_no_explain|record_without_target_value|L28": {
        "mean_n_tokens": 25.0,
        "mean_norm": 50.71842727661133,
        "mean_projection": 0.7869272768497467,
        "n": 5
      },
      "terse_no_explain|record_without_target_value|L29": {
        "mean_n_tokens": 25.0,
        "mean_norm": 57.66356582641602,
        "mean_projection": 0.8205007195472718,
        "n": 5
      },
      "terse_no_explain|record_without_target_value|L3": {
        "mean_n_tokens": 25.0,
        "mean_norm": 1.0822906732559203,
        "mean_projection": 0.012848219880834223,
        "n": 5
      },
      "terse_no_explain|record_without_target_value|L30": {
        "mean_n_tokens": 25.0,
        "mean_norm": 65.997314453125,
        "mean_projection": 0.7186802431941033,
        "n": 5
      },
      "terse_no_explain|record_without_target_value|L31": {
        "mean_n_tokens": 25.0,
        "mean_norm": 75.78533477783203,
        "mean_projection": 0.7318024516105652,
        "n": 5
      },
      "terse_no_explain|record_without_target_value|L32": {
        "mean_n_tokens": 25.0,
        "mean_norm": 81.82496337890625,
        "mean_projection": 0.7658030241727829,
        "n": 5
      },
      "terse_no_explain|record_without_target_value|L33": {
        "mean_n_tokens": 25.0,
        "mean_norm": 90.33296813964844,
        "mean_projection": 0.562761390209198,
        "n": 5
      },
      "terse_no_explain|record_without_target_value|L34": {
        "mean_n_tokens": 25.0,
        "mean_norm": 100.85845947265625,
        "mean_projection": 0.5231508046388627,
        "n": 5
      },
      "terse_no_explain|record_without_target_value|L35": {
        "mean_n_tokens": 25.0,
        "mean_norm": 115.04783782958984,
        "mean_projection": 0.23851759880781173,
        "n": 5
      },
      "terse_no_explain|record_without_target_value|L36": {
        "mean_n_tokens": 25.0,
        "mean_norm": 133.6510772705078,
        "mean_projection": -0.04356082677841187,
        "n": 5
      },
      "terse_no_explain|record_without_target_value|L37": {
        "mean_n_tokens": 25.0,
        "mean_norm": 169.70830993652345,
        "mean_projection": -0.4422026932239532,
        "n": 5
      },
      "terse_no_explain|record_without_target_value|L38": {
        "mean_n_tokens": 25.0,
        "mean_norm": 278.7401428222656,
        "mean_projection": -2.177595615386963,
        "n": 5
      },
      "terse_no_explain|record_without_target_value|L39": {
        "mean_n_tokens": 25.0,
        "mean_norm": 238.77771606445313,
        "mean_projection": -1.2898287534713746,
        "n": 5
      },
      "terse_no_explain|record_without_target_value|L4": {
        "mean_n_tokens": 25.0,
        "mean_norm": 22.141368865966797,
        "mean_projection": 0.5912306368350982,
        "n": 5
      },
      "terse_no_explain|record_without_target_value|L5": {
        "mean_n_tokens": 25.0,
        "mean_norm": 22.585536193847656,
        "mean_projection": 0.6034520745277405,
        "n": 5
      },
      "terse_no_explain|record_without_target_value|L6": {
        "mean_n_tokens": 25.0,
        "mean_norm": 22.812385940551756,
        "mean_projection": 0.611930912733078,
        "n": 5
      },
      "terse_no_explain|record_without_target_value|L7": {
        "mean_n_tokens": 25.0,
        "mean_norm": 23.757555389404295,
        "mean_projection": 0.6468374311923981,
        "n": 5
      },
      "terse_no_explain|record_without_target_value|L8": {
        "mean_n_tokens": 25.0,
        "mean_norm": 25.053631210327147,
        "mean_projection": 0.6695574045181274,
        "n": 5
      },
      "terse_no_explain|record_without_target_value|L9": {
        "mean_n_tokens": 25.0,
        "mean_norm": 25.249081802368163,
        "mean_projection": 0.6795599460601807,
        "n": 5
      },
      "terse_no_explain|relation|L0": {
        "mean_n_tokens": 2.0,
        "mean_norm": 0.45745162963867186,
        "mean_projection": 0.002315567433834076,
        "n": 5
      },
      "terse_no_explain|relation|L1": {
        "mean_n_tokens": 2.0,
        "mean_norm": 0.744965922832489,
        "mean_projection": 0.002970341593027115,
        "n": 5
      },
      "terse_no_explain|relation|L10": {
        "mean_n_tokens": 2.0,
        "mean_norm": 3.525653600692749,
        "mean_projection": 0.07574914526194335,
        "n": 5
      },
      "terse_no_explain|relation|L11": {
        "mean_n_tokens": 2.0,
        "mean_norm": 3.7627608299255373,
        "mean_projection": 0.08137585232034325,
        "n": 5
      },
      "terse_no_explain|relation|L12": {
        "mean_n_tokens": 2.0,
        "mean_norm": 4.165843963623047,
        "mean_projection": 0.08001472670584917,
        "n": 5
      },
      "terse_no_explain|relation|L13": {
        "mean_n_tokens": 2.0,
        "mean_norm": 4.369726371765137,
        "mean_projection": 0.07634328361600637,
        "n": 5
      },
      "terse_no_explain|relation|L14": {
        "mean_n_tokens": 2.0,
        "mean_norm": 4.8806978225708,
        "mean_projection": 0.09620692282915115,
        "n": 5
      },
      "terse_no_explain|relation|L15": {
        "mean_n_tokens": 2.0,
        "mean_norm": 5.3381424903869625,
        "mean_projection": 0.10035722404718399,
        "n": 5
      },
      "terse_no_explain|relation|L16": {
        "mean_n_tokens": 2.0,
        "mean_norm": 5.99790391921997,
        "mean_projection": 0.1189761683344841,
        "n": 5
      },
      "terse_no_explain|relation|L17": {
        "mean_n_tokens": 2.0,
        "mean_norm": 6.777815818786621,
        "mean_projection": 0.1756777361035347,
        "n": 5
      },
      "terse_no_explain|relation|L18": {
        "mean_n_tokens": 2.0,
        "mean_norm": 7.705802154541016,
        "mean_projection": 0.17224991843104362,
        "n": 5
      },
      "terse_no_explain|relation|L19": {
        "mean_n_tokens": 2.0,
        "mean_norm": 8.582670974731446,
        "mean_projection": 0.2158973127603531,
        "n": 5
      },
      "terse_no_explain|relation|L2": {
        "mean_n_tokens": 2.0,
        "mean_norm": 1.121098256111145,
        "mean_projection": 0.0023616953752934934,
        "n": 5
      },
      "terse_no_explain|relation|L20": {
        "mean_n_tokens": 2.0,
        "mean_norm": 9.377784919738769,
        "mean_projection": 0.23787077963352204,
        "n": 5
      },
      "terse_no_explain|relation|L21": {
        "mean_n_tokens": 2.0,
        "mean_norm": 10.769071960449219,
        "mean_projection": 0.35167414844036105,
        "n": 5
      },
      "terse_no_explain|relation|L22": {
        "mean_n_tokens": 2.0,
        "mean_norm": 13.712256050109863,
        "mean_projection": 0.36371761858463286,
        "n": 5
      },
      "terse_no_explain|relation|L23": {
        "mean_n_tokens": 2.0,
        "mean_norm": 18.152424240112303,
        "mean_projection": 0.5372256278991699,
        "n": 5
      },
      "terse_no_explain|relation|L24": {
        "mean_n_tokens": 2.0,
        "mean_norm": 23.061747360229493,
        "mean_projection": 0.482015860080719,
        "n": 5
      },
      "terse_no_explain|relation|L25": {
        "mean_n_tokens": 2.0,
        "mean_norm": 30.451819610595702,
        "mean_projection": 0.6180805027484894,
        "n": 5
      },
      "terse_no_explain|relation|L26": {
        "mean_n_tokens": 2.0,
        "mean_norm": 37.34451904296875,
        "mean_projection": 0.7549112439155579,
        "n": 5
      },
      "terse_no_explain|relation|L27": {
        "mean_n_tokens": 2.0,
        "mean_norm": 45.652044677734374,
        "mean_projection": 0.78266481757164,
        "n": 5
      },
      "terse_no_explain|relation|L28": {
        "mean_n_tokens": 2.0,
        "mean_norm": 54.182158660888675,
        "mean_projection": 0.7116721391677856,
        "n": 5
      },
      "terse_no_explain|relation|L29": {
        "mean_n_tokens": 2.0,
        "mean_norm": 61.985155487060545,
        "mean_projection": 0.7930618822574615,
        "n": 5
      },
      "terse_no_explain|relation|L3": {
        "mean_n_tokens": 2.0,
        "mean_norm": 1.438092088699341,
        "mean_projection": 0.0013302689418196677,
        "n": 5
      },
      "terse_no_explain|relation|L30": {
        "mean_n_tokens": 2.0,
        "mean_norm": 70.21032409667968,
        "mean_projection": 0.8390965700149536,
        "n": 5
      },
      "terse_no_explain|relation|L31": {
        "mean_n_tokens": 2.0,
        "mean_norm": 80.79090881347656,
        "mean_projection": 1.015063500404358,
        "n": 5
      },
      "terse_no_explain|relation|L32": {
        "mean_n_tokens": 2.0,
        "mean_norm": 88.007421875,
        "mean_projection": 1.1983711123466492,
        "n": 5
      },
      "terse_no_explain|relation|L33": {
        "mean_n_tokens": 2.0,
        "mean_norm": 96.76260681152344,
        "mean_projection": 1.2871352910995484,
        "n": 5
      },
      "terse_no_explain|relation|L34": {
        "mean_n_tokens": 2.0,
        "mean_norm": 108.89487152099609,
        "mean_projection": 1.561725127696991,
        "n": 5
      },
      "terse_no_explain|relation|L35": {
        "mean_n_tokens": 2.0,
        "mean_norm": 124.57844543457031,
        "mean_projection": 1.6056811094284058,
        "n": 5
      },
      "terse_no_explain|relation|L36": {
        "mean_n_tokens": 2.0,
        "mean_norm": 143.1414581298828,
        "mean_projection": 1.5537997722625732,
        "n": 5
      },
      "terse_no_explain|relation|L37": {
        "mean_n_tokens": 2.0,
        "mean_norm": 179.09184875488282,
        "mean_projection": 1.5123509407043456,
        "n": 5
      },
      "terse_no_explain|relation|L38": {
        "mean_n_tokens": 2.0,
        "mean_norm": 318.7053955078125,
        "mean_projection": 3.5965460300445558,
        "n": 5
      },
      "terse_no_explain|relation|L39": {
        "mean_n_tokens": 2.0,
        "mean_norm": 284.9333862304687,
        "mean_projection": 7.1073463439941404,
        "n": 5
      },
      "terse_no_explain|relation|L4": {
        "mean_n_tokens": 2.0,
        "mean_norm": 1.7495200395584107,
        "mean_projection": 0.017233756184577943,
        "n": 5
      },
      "terse_no_explain|relation|L5": {
        "mean_n_tokens": 2.0,
        "mean_norm": 1.9521071195602417,
        "mean_projection": 0.02811759654432535,
        "n": 5
      },
      "terse_no_explain|relation|L6": {
        "mean_n_tokens": 2.0,
        "mean_norm": 2.1666347980499268,
        "mean_projection": 0.03523901775479317,
        "n": 5
      },
      "terse_no_explain|relation|L7": {
        "mean_n_tokens": 2.0,
        "mean_norm": 2.580633449554443,
        "mean_projection": 0.049658636562526226,
        "n": 5
      },
      "terse_no_explain|relation|L8": {
        "mean_n_tokens": 2.0,
        "mean_norm": 2.928471326828003,
        "mean_projection": 0.05263157999143005,
        "n": 5
      },
      "terse_no_explain|relation|L9": {
        "mean_n_tokens": 2.0,
        "mean_norm": 3.3442622661590575,
        "mean_projection": 0.09300724864006042,
        "n": 5
      },
      "terse_no_explain|target_value|L0": {
        "mean_n_tokens": 1.0,
        "mean_norm": 0.6877567410469055,
        "mean_projection": 0.013600331917405128,
        "n": 5
      },
      "terse_no_explain|target_value|L1": {
        "mean_n_tokens": 1.0,
        "mean_norm": 1.0028440356254578,
        "mean_projection": 0.022334642242640257,
        "n": 5
      },
      "terse_no_explain|target_value|L10": {
        "mean_n_tokens": 1.0,
        "mean_norm": 4.269752120971679,
        "mean_projection": 0.0996879518032074,
        "n": 5
      },
      "terse_no_explain|target_value|L11": {
        "mean_n_tokens": 1.0,
        "mean_norm": 4.57519302368164,
        "mean_projection": 0.0817219290882349,
        "n": 5
      },
      "terse_no_explain|target_value|L12": {
        "mean_n_tokens": 1.0,
        "mean_norm": 4.990104389190674,
        "mean_projection": 0.09348109681159258,
        "n": 5
      },
      "terse_no_explain|target_value|L13": {
        "mean_n_tokens": 1.0,
        "mean_norm": 5.455865097045899,
        "mean_projection": 0.06635283827781677,
        "n": 5
      },
      "terse_no_explain|target_value|L14": {
        "mean_n_tokens": 1.0,
        "mean_norm": 6.106299018859863,
        "mean_projection": 0.0989314302802086,
        "n": 5
      },
      "terse_no_explain|target_value|L15": {
        "mean_n_tokens": 1.0,
        "mean_norm": 6.626253509521485,
        "mean_projection": 0.05887741819024086,
        "n": 5
      },
      "terse_no_explain|target_value|L16": {
        "mean_n_tokens": 1.0,
        "mean_norm": 7.552245235443115,
        "mean_projection": 0.09984522312879562,
        "n": 5
      },
      "terse_no_explain|target_value|L17": {
        "mean_n_tokens": 1.0,
        "mean_norm": 8.386948394775391,
        "mean_projection": 0.13659333139657975,
        "n": 5
      },
      "terse_no_explain|target_value|L18": {
        "mean_n_tokens": 1.0,
        "mean_norm": 9.686752891540527,
        "mean_projection": 0.14748279452323915,
        "n": 5
      },
      "terse_no_explain|target_value|L19": {
        "mean_n_tokens": 1.0,
        "mean_norm": 10.71112518310547,
        "mean_projection": 0.16287704855203627,
        "n": 5
      },
      "terse_no_explain|target_value|L2": {
        "mean_n_tokens": 1.0,
        "mean_norm": 1.371221113204956,
        "mean_projection": 0.031750918924808504,
        "n": 5
      },
      "terse_no_explain|target_value|L20": {
        "mean_n_tokens": 1.0,
        "mean_norm": 11.85505256652832,
        "mean_projection": 0.198757141828537,
        "n": 5
      },
      "terse_no_explain|target_value|L21": {
        "mean_n_tokens": 1.0,
        "mean_norm": 13.640070152282714,
        "mean_projection": 0.22401412427425385,
        "n": 5
      },
      "terse_no_explain|target_value|L22": {
        "mean_n_tokens": 1.0,
        "mean_norm": 17.274314880371094,
        "mean_projection": 0.19759242683649064,
        "n": 5
      },
      "terse_no_explain|target_value|L23": {
        "mean_n_tokens": 1.0,
        "mean_norm": 22.110453796386718,
        "mean_projection": 0.09803010821342469,
        "n": 5
      },
      "terse_no_explain|target_value|L24": {
        "mean_n_tokens": 1.0,
        "mean_norm": 28.209687805175783,
        "mean_projection": -0.055491670966148376,
        "n": 5
      },
      "terse_no_explain|target_value|L25": {
        "mean_n_tokens": 1.0,
        "mean_norm": 35.82383346557617,
        "mean_projection": -0.1575045883655548,
        "n": 5
      },
      "terse_no_explain|target_value|L26": {
        "mean_n_tokens": 1.0,
        "mean_norm": 42.712989807128906,
        "mean_projection": 0.04846848547458649,
        "n": 5
      },
      "terse_no_explain|target_value|L27": {
        "mean_n_tokens": 1.0,
        "mean_norm": 52.37352981567383,
        "mean_projection": 0.21955131888389587,
        "n": 5
      },
      "terse_no_explain|target_value|L28": {
        "mean_n_tokens": 1.0,
        "mean_norm": 61.94182357788086,
        "mean_projection": 0.32056578397750857,
        "n": 5
      },
      "terse_no_explain|target_value|L29": {
        "mean_n_tokens": 1.0,
        "mean_norm": 70.54221954345704,
        "mean_projection": 0.4694974958896637,
        "n": 5
      },
      "terse_no_explain|target_value|L3": {
        "mean_n_tokens": 1.0,
        "mean_norm": 1.8301992416381836,
        "mean_projection": 0.03418884016573429,
        "n": 5
      },
      "terse_no_explain|target_value|L30": {
        "mean_n_tokens": 1.0,
        "mean_norm": 79.83305511474609,
        "mean_projection": 1.0869606852531433,
        "n": 5
      },
      "terse_no_explain|target_value|L31": {
        "mean_n_tokens": 1.0,
        "mean_norm": 90.06625061035156,
        "mean_projection": 1.031596052646637,
        "n": 5
      },
      "terse_no_explain|target_value|L32": {
        "mean_n_tokens": 1.0,
        "mean_norm": 97.1523941040039,
        "mean_projection": 0.796897006034851,
        "n": 5
      },
      "terse_no_explain|target_value|L33": {
        "mean_n_tokens": 1.0,
        "mean_norm": 105.7333480834961,
        "mean_projection": -0.27246780395507814,
        "n": 5
      },
      "terse_no_explain|target_value|L34": {
        "mean_n_tokens": 1.0,
        "mean_norm": 117.28453979492187,
        "mean_projection": -0.6195210456848145,
        "n": 5
      },
      "terse_no_explain|target_value|L35": {
        "mean_n_tokens": 1.0,
        "mean_norm": 135.2628204345703,
        "mean_projection": -1.309691596031189,
        "n": 5
      },
      "terse_no_explain|target_value|L36": {
        "mean_n_tokens": 1.0,
        "mean_norm": 155.093896484375,
        "mean_projection": -1.782075196504593,
        "n": 5
      },
      "terse_no_explain|target_value|L37": {
        "mean_n_tokens": 1.0,
        "mean_norm": 194.57041015625,
        "mean_projection": -2.44530394077301,
        "n": 5
      },
      "terse_no_explain|target_value|L38": {
        "mean_n_tokens": 1.0,
        "mean_norm": 346.8815063476562,
        "mean_projection": -2.0164393961429594,
        "n": 5
      },
      "terse_no_explain|target_value|L39": {
        "mean_n_tokens": 1.0,
        "mean_norm": 339.1344787597656,
        "mean_projection": 0.3009997844696045,
        "n": 5
      },
      "terse_no_explain|target_value|L4": {
        "mean_n_tokens": 1.0,
        "mean_norm": 2.171043109893799,
        "mean_projection": 0.04001100491732359,
        "n": 5
      },
      "terse_no_explain|target_value|L5": {
        "mean_n_tokens": 1.0,
        "mean_norm": 2.3730915546417237,
        "mean_projection": 0.050929001346230504,
        "n": 5
      },
      "terse_no_explain|target_value|L6": {
        "mean_n_tokens": 1.0,
        "mean_norm": 2.680221939086914,
        "mean_projection": 0.049419491179287435,
        "n": 5
      },
      "terse_no_explain|target_value|L7": {
        "mean_n_tokens": 1.0,
        "mean_norm": 3.1123950481414795,
        "mean_projection": 0.07815556228160858,
        "n": 5
      },
      "terse_no_explain|target_value|L8": {
        "mean_n_tokens": 1.0,
        "mean_norm": 3.809126091003418,
        "mean_projection": 0.08826260603964328,
        "n": 5
      },
      "terse_no_explain|target_value|L9": {
        "mean_n_tokens": 1.0,
        "mean_norm": 4.068151807785034,
        "mean_projection": 0.10725521668791771,
        "n": 5
      }
    },
    "final_summary": {
      "short_only": {
        "best_other_route_counts": {
          "continuation": 5
        },
        "mean_expected_rank": 2.0,
        "mean_pmv": -2.225,
        "n": 5,
        "top1_rate": 0.0
      },
      "terse_no_explain": {
        "best_other_route_counts": {
          "prose": 5
        },
        "mean_expected_rank": 1.0,
        "mean_pmv": -3.75,
        "n": 5,
        "top1_rate": 1.0
      }
    },
    "model": "glm4",
    "n_paired_cases": 5,
    "n_rows": 3200,
    "peaks": [
      {
        "final_layer": 39,
        "final_projection": 0.3009997844696045,
        "first_positive_layer": 0,
        "first_positive_projection": 0.013600331917405128,
        "group": "target_value",
        "peak_layer": 30,
        "peak_projection": 1.0869606852531433,
        "variant": "short_only"
      },
      {
        "final_layer": 39,
        "final_projection": 7.023036956787109,
        "first_positive_layer": 0,
        "first_positive_projection": 0.002315567433834076,
        "group": "relation",
        "peak_layer": 39,
        "peak_projection": 7.023036956787109,
        "variant": "short_only"
      },
      {
        "final_layer": 39,
        "final_projection": 0.23415093421936034,
        "first_positive_layer": 0,
        "first_positive_projection": 0.0020487107336521148,
        "group": "object_name",
        "peak_layer": 39,
        "peak_projection": 0.23415093421936034,
        "variant": "short_only"
      },
      {
        "final_layer": 39,
        "final_projection": -1.2128921270370483,
        "first_positive_layer": 0,
        "first_positive_projection": 0.004234695457853377,
        "group": "record_line",
        "peak_layer": 23,
        "peak_projection": 0.8700473666191101,
        "variant": "short_only"
      },
      {
        "final_layer": 39,
        "final_projection": -1.2849945306777955,
        "first_positive_layer": 0,
        "first_positive_projection": 0.0038510785554535685,
        "group": "record_without_target_value",
        "peak_layer": 23,
        "peak_projection": 0.9009480357170105,
        "variant": "short_only"
      },
      {
        "final_layer": 39,
        "final_projection": 0.6105029582977295,
        "first_positive_layer": 0,
        "first_positive_projection": 0.003104958590120077,
        "group": "record_value_object_relation",
        "peak_layer": 39,
        "peak_projection": 0.6105029582977295,
        "variant": "short_only"
      },
      {
        "final_layer": 39,
        "final_projection": -2.8153364181518556,
        "first_positive_layer": 0,
        "first_positive_projection": 0.004763823235407472,
        "group": "instruction_line",
        "peak_layer": 34,
        "peak_projection": 0.44339200258255007,
        "variant": "short_only"
      },
      {
        "final_layer": 39,
        "final_projection": -3.2711148262023926,
        "first_positive_layer": 9,
        "first_positive_projection": 0.0025116385892033576,
        "group": "answer_last",
        "peak_layer": 34,
        "peak_projection": 2.640262705087662,
        "variant": "short_only"
      },
      {
        "final_layer": 39,
        "final_projection": 0.3009997844696045,
        "first_positive_layer": 0,
        "first_positive_projection": 0.013600331917405128,
        "group": "target_value",
        "peak_layer": 30,
        "peak_projection": 1.0869606852531433,
        "variant": "terse_no_explain"
      },
      {
        "final_layer": 39,
        "final_projection": 7.1073463439941404,
        "first_positive_layer": 0,
        "first_positive_projection": 0.002315567433834076,
        "group": "relation",
        "peak_layer": 39,
        "peak_projection": 7.1073463439941404,
        "variant": "terse_no_explain"
      },
      {
        "final_layer": 39,
        "final_projection": 0.2500089406967163,
        "first_positive_layer": 0,
        "first_positive_projection": 0.0020487107336521148,
        "group": "object_name",
        "peak_layer": 39,
        "peak_projection": 0.2500089406967163,
        "variant": "terse_no_explain"
      },
      {
        "final_layer": 39,
        "final_projection": -1.214711320400238,
        "first_positive_layer": 0,
        "first_positive_projection": 0.004234695457853377,
        "group": "record_line",
        "peak_layer": 23,
        "peak_projection": 0.8703325033187866,
        "variant": "terse_no_explain"
      },
      {
        "final_layer": 39,
        "final_projection": -1.2898287534713746,
        "first_positive_layer": 0,
        "first_positive_projection": 0.0038510785554535685,
        "group": "record_without_target_value",
        "peak_layer": 23,
        "peak_projection": 0.9023793697357178,
        "variant": "terse_no_explain"
      },
      {
        "final_layer": 39,
        "final_projection": 0.6038757801055908,
        "first_positive_layer": 0,
        "first_positive_projection": 0.003104958590120077,
        "group": "record_value_object_relation",
        "peak_layer": 39,
        "peak_projection": 0.6038757801055908,
        "variant": "terse_no_explain"
      },
      {
        "final_layer": 39,
        "final_projection": -3.7240731000900267,
        "first_positive_layer": 0,
        "first_positive_projection": 0.002720227383542806,
        "group": "instruction_line",
        "peak_layer": 23,
        "peak_projection": 0.29238111674785616,
        "variant": "terse_no_explain"
      },
      {
        "final_layer": 39,
        "final_projection": -0.04867441654205322,
        "first_positive_layer": 16,
        "first_positive_projection": 0.015693019330501556,
        "group": "answer_last",
        "peak_layer": 34,
        "peak_projection": 4.869739055633545,
        "variant": "terse_no_explain"
      }
    ]
  },
  "timestamp": "2026-06-26 15:42:59",
  "title": "Value Token Hidden-State Time-of-Entry Audit"
}
