`torch_dtype` is deprecated! Use `dtype` instead!
Loading weights:   0%|          | 0/398 [00:00<?, ?it/s]Loading weights:   7%|▋         | 27/398 [00:00<00:01, 231.22it/s]Loading weights:  26%|██▌       | 102/398 [00:00<00:00, 516.66it/s]Loading weights:  39%|███▉      | 157/398 [00:00<00:00, 525.93it/s]Loading weights:  57%|█████▋    | 225/398 [00:00<00:00, 577.06it/s]Loading weights:  71%|███████▏  | 284/398 [00:00<00:00, 570.26it/s]Loading weights:  89%|████████▉ | 356/398 [00:00<00:00, 615.36it/s]Loading weights: 100%|██████████| 398/398 [00:00<00:00, 575.14it/s]
[15:42:36] Loaded qwen3: class=Qwen3ForCausalLM, GPU=8.05GB, attn=eager
[15:42:36] qwen3: captured value-token trajectories 1/1 paired cases
[model_utils] GPU memory released, allocated=8.05 GB
{
  "model": "qwen3",
  "n_paired_cases": 1,
  "phase": 696,
  "summary": {
    "by_variant_group_layer": {
      "short_only|answer_last|L0": {
        "mean_n_tokens": 1.0,
        "mean_norm": 7.029087543487549,
        "mean_projection": -0.10529996454715729,
        "n": 1
      },
      "short_only|answer_last|L1": {
        "mean_n_tokens": 1.0,
        "mean_norm": 9.487401008605957,
        "mean_projection": -0.13209845125675201,
        "n": 1
      },
      "short_only|answer_last|L10": {
        "mean_n_tokens": 1.0,
        "mean_norm": 34.24778366088867,
        "mean_projection": -0.37970834970474243,
        "n": 1
      },
      "short_only|answer_last|L11": {
        "mean_n_tokens": 1.0,
        "mean_norm": 35.98910903930664,
        "mean_projection": 0.26571395993232727,
        "n": 1
      },
      "short_only|answer_last|L12": {
        "mean_n_tokens": 1.0,
        "mean_norm": 38.31032180786133,
        "mean_projection": -0.3112330734729767,
        "n": 1
      },
      "short_only|answer_last|L13": {
        "mean_n_tokens": 1.0,
        "mean_norm": 37.26418685913086,
        "mean_projection": -0.046145156025886536,
        "n": 1
      },
      "short_only|answer_last|L14": {
        "mean_n_tokens": 1.0,
        "mean_norm": 39.724510192871094,
        "mean_projection": 0.15187232196331024,
        "n": 1
      },
      "short_only|answer_last|L15": {
        "mean_n_tokens": 1.0,
        "mean_norm": 37.0484504699707,
        "mean_projection": 0.22396640479564667,
        "n": 1
      },
      "short_only|answer_last|L16": {
        "mean_n_tokens": 1.0,
        "mean_norm": 39.015052795410156,
        "mean_projection": 0.3345569968223572,
        "n": 1
      },
      "short_only|answer_last|L17": {
        "mean_n_tokens": 1.0,
        "mean_norm": 43.77130889892578,
        "mean_projection": 0.44778546690940857,
        "n": 1
      },
      "short_only|answer_last|L18": {
        "mean_n_tokens": 1.0,
        "mean_norm": 49.024627685546875,
        "mean_projection": 0.5296459794044495,
        "n": 1
      },
      "short_only|answer_last|L19": {
        "mean_n_tokens": 1.0,
        "mean_norm": 54.79683303833008,
        "mean_projection": 0.07301363348960876,
        "n": 1
      },
      "short_only|answer_last|L2": {
        "mean_n_tokens": 1.0,
        "mean_norm": 10.723241806030273,
        "mean_projection": -0.1580701768398285,
        "n": 1
      },
      "short_only|answer_last|L20": {
        "mean_n_tokens": 1.0,
        "mean_norm": 58.51741027832031,
        "mean_projection": -0.44179999828338623,
        "n": 1
      },
      "short_only|answer_last|L21": {
        "mean_n_tokens": 1.0,
        "mean_norm": 62.7352180480957,
        "mean_projection": -0.383083701133728,
        "n": 1
      },
      "short_only|answer_last|L22": {
        "mean_n_tokens": 1.0,
        "mean_norm": 69.93939208984375,
        "mean_projection": -0.7251942753791809,
        "n": 1
      },
      "short_only|answer_last|L23": {
        "mean_n_tokens": 1.0,
        "mean_norm": 82.524169921875,
        "mean_projection": -0.29052385687828064,
        "n": 1
      },
      "short_only|answer_last|L24": {
        "mean_n_tokens": 1.0,
        "mean_norm": 99.80369567871094,
        "mean_projection": 0.9936906099319458,
        "n": 1
      },
      "short_only|answer_last|L25": {
        "mean_n_tokens": 1.0,
        "mean_norm": 114.34720611572266,
        "mean_projection": -0.37996619939804077,
        "n": 1
      },
      "short_only|answer_last|L26": {
        "mean_n_tokens": 1.0,
        "mean_norm": 128.862060546875,
        "mean_projection": 0.22222161293029785,
        "n": 1
      },
      "short_only|answer_last|L27": {
        "mean_n_tokens": 1.0,
        "mean_norm": 143.39930725097656,
        "mean_projection": -0.22387951612472534,
        "n": 1
      },
      "short_only|answer_last|L28": {
        "mean_n_tokens": 1.0,
        "mean_norm": 163.5640106201172,
        "mean_projection": 1.0022900104522705,
        "n": 1
      },
      "short_only|answer_last|L29": {
        "mean_n_tokens": 1.0,
        "mean_norm": 192.5989532470703,
        "mean_projection": 3.4253437519073486,
        "n": 1
      },
      "short_only|answer_last|L3": {
        "mean_n_tokens": 1.0,
        "mean_norm": 12.87794303894043,
        "mean_projection": -0.12200670689344406,
        "n": 1
      },
      "short_only|answer_last|L30": {
        "mean_n_tokens": 1.0,
        "mean_norm": 240.86436462402344,
        "mean_projection": 7.970211029052734,
        "n": 1
      },
      "short_only|answer_last|L31": {
        "mean_n_tokens": 1.0,
        "mean_norm": 291.0990295410156,
        "mean_projection": 11.269643783569336,
        "n": 1
      },
      "short_only|answer_last|L32": {
        "mean_n_tokens": 1.0,
        "mean_norm": 349.60003662109375,
        "mean_projection": 22.506080627441406,
        "n": 1
      },
      "short_only|answer_last|L33": {
        "mean_n_tokens": 1.0,
        "mean_norm": 447.14654541015625,
        "mean_projection": 14.379073143005371,
        "n": 1
      },
      "short_only|answer_last|L34": {
        "mean_n_tokens": 1.0,
        "mean_norm": 622.9072265625,
        "mean_projection": 25.6101016998291,
        "n": 1
      },
      "short_only|answer_last|L35": {
        "mean_n_tokens": 1.0,
        "mean_norm": 533.874267578125,
        "mean_projection": 5.6178436279296875,
        "n": 1
      },
      "short_only|answer_last|L4": {
        "mean_n_tokens": 1.0,
        "mean_norm": 17.84429359436035,
        "mean_projection": -0.18392422795295715,
        "n": 1
      },
      "short_only|answer_last|L5": {
        "mean_n_tokens": 1.0,
        "mean_norm": 24.409944534301758,
        "mean_projection": -0.06772378087043762,
        "n": 1
      },
      "short_only|answer_last|L6": {
        "mean_n_tokens": 1.0,
        "mean_norm": 27.66570281982422,
        "mean_projection": -0.035361096262931824,
        "n": 1
      },
      "short_only|answer_last|L7": {
        "mean_n_tokens": 1.0,
        "mean_norm": 29.21633529663086,
        "mean_projection": -0.19663548469543457,
        "n": 1
      },
      "short_only|answer_last|L8": {
        "mean_n_tokens": 1.0,
        "mean_norm": 32.560115814208984,
        "mean_projection": 0.06678692996501923,
        "n": 1
      },
      "short_only|answer_last|L9": {
        "mean_n_tokens": 1.0,
        "mean_norm": 33.86285400390625,
        "mean_projection": 0.0780860036611557,
        "n": 1
      },
      "short_only|instruction_line|L0": {
        "mean_n_tokens": 8.0,
        "mean_norm": 5.677561283111572,
        "mean_projection": -0.24578258395195007,
        "n": 1
      },
      "short_only|instruction_line|L1": {
        "mean_n_tokens": 8.0,
        "mean_norm": 7.267429351806641,
        "mean_projection": -0.3261876106262207,
        "n": 1
      },
      "short_only|instruction_line|L10": {
        "mean_n_tokens": 8.0,
        "mean_norm": 28.242490768432617,
        "mean_projection": -0.49254584312438965,
        "n": 1
      },
      "short_only|instruction_line|L11": {
        "mean_n_tokens": 8.0,
        "mean_norm": 29.61722183227539,
        "mean_projection": -0.8249830007553101,
        "n": 1
      },
      "short_only|instruction_line|L12": {
        "mean_n_tokens": 8.0,
        "mean_norm": 32.00399398803711,
        "mean_projection": -0.6476907730102539,
        "n": 1
      },
      "short_only|instruction_line|L13": {
        "mean_n_tokens": 8.0,
        "mean_norm": 32.762508392333984,
        "mean_projection": -0.665959358215332,
        "n": 1
      },
      "short_only|instruction_line|L14": {
        "mean_n_tokens": 8.0,
        "mean_norm": 34.30644607543945,
        "mean_projection": -0.7739343047142029,
        "n": 1
      },
      "short_only|instruction_line|L15": {
        "mean_n_tokens": 8.0,
        "mean_norm": 35.38612747192383,
        "mean_projection": -0.30625200271606445,
        "n": 1
      },
      "short_only|instruction_line|L16": {
        "mean_n_tokens": 8.0,
        "mean_norm": 38.22819137573242,
        "mean_projection": -0.3845721483230591,
        "n": 1
      },
      "short_only|instruction_line|L17": {
        "mean_n_tokens": 8.0,
        "mean_norm": 40.55443572998047,
        "mean_projection": -0.44421064853668213,
        "n": 1
      },
      "short_only|instruction_line|L18": {
        "mean_n_tokens": 8.0,
        "mean_norm": 42.96955871582031,
        "mean_projection": -0.053145766258239746,
        "n": 1
      },
      "short_only|instruction_line|L19": {
        "mean_n_tokens": 8.0,
        "mean_norm": 47.82109069824219,
        "mean_projection": -0.048399366438388824,
        "n": 1
      },
      "short_only|instruction_line|L2": {
        "mean_n_tokens": 8.0,
        "mean_norm": 8.634529113769531,
        "mean_projection": -0.3748024106025696,
        "n": 1
      },
      "short_only|instruction_line|L20": {
        "mean_n_tokens": 8.0,
        "mean_norm": 49.13404846191406,
        "mean_projection": 0.4217808246612549,
        "n": 1
      },
      "short_only|instruction_line|L21": {
        "mean_n_tokens": 8.0,
        "mean_norm": 53.100643157958984,
        "mean_projection": 0.8801670670509338,
        "n": 1
      },
      "short_only|instruction_line|L22": {
        "mean_n_tokens": 8.0,
        "mean_norm": 55.915130615234375,
        "mean_projection": 1.6287801265716553,
        "n": 1
      },
      "short_only|instruction_line|L23": {
        "mean_n_tokens": 8.0,
        "mean_norm": 64.7960205078125,
        "mean_projection": 1.5838223695755005,
        "n": 1
      },
      "short_only|instruction_line|L24": {
        "mean_n_tokens": 8.0,
        "mean_norm": 75.0976791381836,
        "mean_projection": 1.8911405801773071,
        "n": 1
      },
      "short_only|instruction_line|L25": {
        "mean_n_tokens": 8.0,
        "mean_norm": 84.04045104980469,
        "mean_projection": 1.2927231788635254,
        "n": 1
      },
      "short_only|instruction_line|L26": {
        "mean_n_tokens": 8.0,
        "mean_norm": 90.39067077636719,
        "mean_projection": 1.3503574132919312,
        "n": 1
      },
      "short_only|instruction_line|L27": {
        "mean_n_tokens": 8.0,
        "mean_norm": 101.85931396484375,
        "mean_projection": 2.38328218460083,
        "n": 1
      },
      "short_only|instruction_line|L28": {
        "mean_n_tokens": 8.0,
        "mean_norm": 112.54901123046875,
        "mean_projection": 1.8851699829101562,
        "n": 1
      },
      "short_only|instruction_line|L29": {
        "mean_n_tokens": 8.0,
        "mean_norm": 127.18830108642578,
        "mean_projection": 1.862582802772522,
        "n": 1
      },
      "short_only|instruction_line|L3": {
        "mean_n_tokens": 8.0,
        "mean_norm": 10.857261657714844,
        "mean_projection": -0.38845759630203247,
        "n": 1
      },
      "short_only|instruction_line|L30": {
        "mean_n_tokens": 8.0,
        "mean_norm": 155.5180206298828,
        "mean_projection": 2.4161758422851562,
        "n": 1
      },
      "short_only|instruction_line|L31": {
        "mean_n_tokens": 8.0,
        "mean_norm": 188.344970703125,
        "mean_projection": 1.4859493970870972,
        "n": 1
      },
      "short_only|instruction_line|L32": {
        "mean_n_tokens": 8.0,
        "mean_norm": 206.94415283203125,
        "mean_projection": 3.5414113998413086,
        "n": 1
      },
      "short_only|instruction_line|L33": {
        "mean_n_tokens": 8.0,
        "mean_norm": 266.92364501953125,
        "mean_projection": 2.2933669090270996,
        "n": 1
      },
      "short_only|instruction_line|L34": {
        "mean_n_tokens": 8.0,
        "mean_norm": 344.4939270019531,
        "mean_projection": 7.465607643127441,
        "n": 1
      },
      "short_only|instruction_line|L35": {
        "mean_n_tokens": 8.0,
        "mean_norm": 206.81146240234375,
        "mean_projection": -7.600492477416992,
        "n": 1
      },
      "short_only|instruction_line|L4": {
        "mean_n_tokens": 8.0,
        "mean_norm": 15.461593627929688,
        "mean_projection": -0.5261032581329346,
        "n": 1
      },
      "short_only|instruction_line|L5": {
        "mean_n_tokens": 8.0,
        "mean_norm": 20.680374145507812,
        "mean_projection": -0.496093213558197,
        "n": 1
      },
      "short_only|instruction_line|L6": {
        "mean_n_tokens": 8.0,
        "mean_norm": 22.58661460876465,
        "mean_projection": -0.4545660614967346,
        "n": 1
      },
      "short_only|instruction_line|L7": {
        "mean_n_tokens": 8.0,
        "mean_norm": 23.420194625854492,
        "mean_projection": -0.4930763244628906,
        "n": 1
      },
      "short_only|instruction_line|L8": {
        "mean_n_tokens": 8.0,
        "mean_norm": 25.76060676574707,
        "mean_projection": -0.26708924770355225,
        "n": 1
      },
      "short_only|instruction_line|L9": {
        "mean_n_tokens": 8.0,
        "mean_norm": 26.345539093017578,
        "mean_projection": -0.3681507110595703,
        "n": 1
      },
      "short_only|object_name|L0": {
        "mean_n_tokens": 10.0,
        "mean_norm": 6.799665927886963,
        "mean_projection": -0.33724072575569153,
        "n": 1
      },
      "short_only|object_name|L1": {
        "mean_n_tokens": 10.0,
        "mean_norm": 10.263031959533691,
        "mean_projection": -0.46641749143600464,
        "n": 1
      },
      "short_only|object_name|L10": {
        "mean_n_tokens": 10.0,
        "mean_norm": 28.417030334472656,
        "mean_projection": -0.9934648275375366,
        "n": 1
      },
      "short_only|object_name|L11": {
        "mean_n_tokens": 10.0,
        "mean_norm": 30.582096099853516,
        "mean_projection": -0.7686607241630554,
        "n": 1
      },
      "short_only|object_name|L12": {
        "mean_n_tokens": 10.0,
        "mean_norm": 34.83029556274414,
        "mean_projection": -0.8978692889213562,
        "n": 1
      },
      "short_only|object_name|L13": {
        "mean_n_tokens": 10.0,
        "mean_norm": 35.75767135620117,
        "mean_projection": -1.148848056793213,
        "n": 1
      },
      "short_only|object_name|L14": {
        "mean_n_tokens": 10.0,
        "mean_norm": 36.32369613647461,
        "mean_projection": -1.2793285846710205,
        "n": 1
      },
      "short_only|object_name|L15": {
        "mean_n_tokens": 10.0,
        "mean_norm": 36.845516204833984,
        "mean_projection": -1.2917529344558716,
        "n": 1
      },
      "short_only|object_name|L16": {
        "mean_n_tokens": 10.0,
        "mean_norm": 37.28694152832031,
        "mean_projection": -1.4686686992645264,
        "n": 1
      },
      "short_only|object_name|L17": {
        "mean_n_tokens": 10.0,
        "mean_norm": 40.35677719116211,
        "mean_projection": -1.2018492221832275,
        "n": 1
      },
      "short_only|object_name|L18": {
        "mean_n_tokens": 10.0,
        "mean_norm": 44.823726654052734,
        "mean_projection": -1.16541588306427,
        "n": 1
      },
      "short_only|object_name|L19": {
        "mean_n_tokens": 10.0,
        "mean_norm": 50.6122932434082,
        "mean_projection": -1.0081489086151123,
        "n": 1
      },
      "short_only|object_name|L2": {
        "mean_n_tokens": 10.0,
        "mean_norm": 12.367768287658691,
        "mean_projection": -0.49646371603012085,
        "n": 1
      },
      "short_only|object_name|L20": {
        "mean_n_tokens": 10.0,
        "mean_norm": 53.45570373535156,
        "mean_projection": -1.4339708089828491,
        "n": 1
      },
      "short_only|object_name|L21": {
        "mean_n_tokens": 10.0,
        "mean_norm": 56.29203796386719,
        "mean_projection": -0.9607694745063782,
        "n": 1
      },
      "short_only|object_name|L22": {
        "mean_n_tokens": 10.0,
        "mean_norm": 60.029109954833984,
        "mean_projection": -1.0865299701690674,
        "n": 1
      },
      "short_only|object_name|L23": {
        "mean_n_tokens": 10.0,
        "mean_norm": 69.44233703613281,
        "mean_projection": -1.1528046131134033,
        "n": 1
      },
      "short_only|object_name|L24": {
        "mean_n_tokens": 10.0,
        "mean_norm": 95.06977081298828,
        "mean_projection": -0.2832894027233124,
        "n": 1
      },
      "short_only|object_name|L25": {
        "mean_n_tokens": 10.0,
        "mean_norm": 113.44683837890625,
        "mean_projection": 0.07001644372940063,
        "n": 1
      },
      "short_only|object_name|L26": {
        "mean_n_tokens": 10.0,
        "mean_norm": 136.7281036376953,
        "mean_projection": 1.3981401920318604,
        "n": 1
      },
      "short_only|object_name|L27": {
        "mean_n_tokens": 10.0,
        "mean_norm": 154.78431701660156,
        "mean_projection": 2.006051540374756,
        "n": 1
      },
      "short_only|object_name|L28": {
        "mean_n_tokens": 10.0,
        "mean_norm": 180.52723693847656,
        "mean_projection": 2.0455856323242188,
        "n": 1
      },
      "short_only|object_name|L29": {
        "mean_n_tokens": 10.0,
        "mean_norm": 214.0047607421875,
        "mean_projection": 2.4838759899139404,
        "n": 1
      },
      "short_only|object_name|L3": {
        "mean_n_tokens": 10.0,
        "mean_norm": 15.809993743896484,
        "mean_projection": -0.6794494986534119,
        "n": 1
      },
      "short_only|object_name|L30": {
        "mean_n_tokens": 10.0,
        "mean_norm": 260.5653076171875,
        "mean_projection": 4.939353942871094,
        "n": 1
      },
      "short_only|object_name|L31": {
        "mean_n_tokens": 10.0,
        "mean_norm": 302.5439758300781,
        "mean_projection": 5.976566791534424,
        "n": 1
      },
      "short_only|object_name|L32": {
        "mean_n_tokens": 10.0,
        "mean_norm": 341.8005065917969,
        "mean_projection": 7.178425312042236,
        "n": 1
      },
      "short_only|object_name|L33": {
        "mean_n_tokens": 10.0,
        "mean_norm": 388.6831970214844,
        "mean_projection": 7.3168253898620605,
        "n": 1
      },
      "short_only|object_name|L34": {
        "mean_n_tokens": 10.0,
        "mean_norm": 549.4720458984375,
        "mean_projection": 13.433037757873535,
        "n": 1
      },
      "short_only|object_name|L35": {
        "mean_n_tokens": 10.0,
        "mean_norm": 734.6703491210938,
        "mean_projection": 1.66937255859375,
        "n": 1
      },
      "short_only|object_name|L4": {
        "mean_n_tokens": 10.0,
        "mean_norm": 21.21405601501465,
        "mean_projection": -1.030092477798462,
        "n": 1
      },
      "short_only|object_name|L5": {
        "mean_n_tokens": 10.0,
        "mean_norm": 26.963958740234375,
        "mean_projection": -1.1314083337783813,
        "n": 1
      },
      "short_only|object_name|L6": {
        "mean_n_tokens": 10.0,
        "mean_norm": 27.532094955444336,
        "mean_projection": -1.099965214729309,
        "n": 1
      },
      "short_only|object_name|L7": {
        "mean_n_tokens": 10.0,
        "mean_norm": 28.740360260009766,
        "mean_projection": -0.9355101585388184,
        "n": 1
      },
      "short_only|object_name|L8": {
        "mean_n_tokens": 10.0,
        "mean_norm": 27.69211769104004,
        "mean_projection": -0.8383222818374634,
        "n": 1
      },
      "short_only|object_name|L9": {
        "mean_n_tokens": 10.0,
        "mean_norm": 26.708786010742188,
        "mean_projection": -0.9155464768409729,
        "n": 1
      },
      "short_only|record_line|L0": {
        "mean_n_tokens": 32.0,
        "mean_norm": 5.619348049163818,
        "mean_projection": -0.23248803615570068,
        "n": 1
      },
      "short_only|record_line|L1": {
        "mean_n_tokens": 32.0,
        "mean_norm": 8.108710289001465,
        "mean_projection": -0.2696956396102905,
        "n": 1
      },
      "short_only|record_line|L10": {
        "mean_n_tokens": 32.0,
        "mean_norm": 312.80328369140625,
        "mean_projection": 10.27949047088623,
        "n": 1
      },
      "short_only|record_line|L11": {
        "mean_n_tokens": 32.0,
        "mean_norm": 314.65118408203125,
        "mean_projection": 10.344364166259766,
        "n": 1
      },
      "short_only|record_line|L12": {
        "mean_n_tokens": 32.0,
        "mean_norm": 316.7145690917969,
        "mean_projection": 10.29483699798584,
        "n": 1
      },
      "short_only|record_line|L13": {
        "mean_n_tokens": 32.0,
        "mean_norm": 316.45367431640625,
        "mean_projection": 10.10328197479248,
        "n": 1
      },
      "short_only|record_line|L14": {
        "mean_n_tokens": 32.0,
        "mean_norm": 318.5002136230469,
        "mean_projection": 10.246068000793457,
        "n": 1
      },
      "short_only|record_line|L15": {
        "mean_n_tokens": 32.0,
        "mean_norm": 318.5420227050781,
        "mean_projection": 10.369059562683105,
        "n": 1
      },
      "short_only|record_line|L16": {
        "mean_n_tokens": 32.0,
        "mean_norm": 328.26922607421875,
        "mean_projection": 10.592878341674805,
        "n": 1
      },
      "short_only|record_line|L17": {
        "mean_n_tokens": 32.0,
        "mean_norm": 332.2339782714844,
        "mean_projection": 10.868804931640625,
        "n": 1
      },
      "short_only|record_line|L18": {
        "mean_n_tokens": 32.0,
        "mean_norm": 334.35687255859375,
        "mean_projection": 10.935080528259277,
        "n": 1
      },
      "short_only|record_line|L19": {
        "mean_n_tokens": 32.0,
        "mean_norm": 338.4916076660156,
        "mean_projection": 11.31544017791748,
        "n": 1
      },
      "short_only|record_line|L2": {
        "mean_n_tokens": 32.0,
        "mean_norm": 9.629388809204102,
        "mean_projection": -0.275814414024353,
        "n": 1
      },
      "short_only|record_line|L20": {
        "mean_n_tokens": 32.0,
        "mean_norm": 340.4358825683594,
        "mean_projection": 11.24772834777832,
        "n": 1
      },
      "short_only|record_line|L21": {
        "mean_n_tokens": 32.0,
        "mean_norm": 342.4132995605469,
        "mean_projection": 11.466635704040527,
        "n": 1
      },
      "short_only|record_line|L22": {
        "mean_n_tokens": 32.0,
        "mean_norm": 342.66058349609375,
        "mean_projection": 11.218141555786133,
        "n": 1
      },
      "short_only|record_line|L23": {
        "mean_n_tokens": 32.0,
        "mean_norm": 349.2624206542969,
        "mean_projection": 11.535721778869629,
        "n": 1
      },
      "short_only|record_line|L24": {
        "mean_n_tokens": 32.0,
        "mean_norm": 370.17657470703125,
        "mean_projection": 12.664738655090332,
        "n": 1
      },
      "short_only|record_line|L25": {
        "mean_n_tokens": 32.0,
        "mean_norm": 381.046875,
        "mean_projection": 12.882427215576172,
        "n": 1
      },
      "short_only|record_line|L26": {
        "mean_n_tokens": 32.0,
        "mean_norm": 398.6627502441406,
        "mean_projection": 13.911371231079102,
        "n": 1
      },
      "short_only|record_line|L27": {
        "mean_n_tokens": 32.0,
        "mean_norm": 414.4932556152344,
        "mean_projection": 14.502030372619629,
        "n": 1
      },
      "short_only|record_line|L28": {
        "mean_n_tokens": 32.0,
        "mean_norm": 437.5565185546875,
        "mean_projection": 15.038629531860352,
        "n": 1
      },
      "short_only|record_line|L29": {
        "mean_n_tokens": 32.0,
        "mean_norm": 466.520751953125,
        "mean_projection": 15.957284927368164,
        "n": 1
      },
      "short_only|record_line|L3": {
        "mean_n_tokens": 32.0,
        "mean_norm": 11.253201484680176,
        "mean_projection": -0.3393957316875458,
        "n": 1
      },
      "short_only|record_line|L30": {
        "mean_n_tokens": 32.0,
        "mean_norm": 508.7970275878906,
        "mean_projection": 18.54377555847168,
        "n": 1
      },
      "short_only|record_line|L31": {
        "mean_n_tokens": 32.0,
        "mean_norm": 548.9560546875,
        "mean_projection": 19.290132522583008,
        "n": 1
      },
      "short_only|record_line|L32": {
        "mean_n_tokens": 32.0,
        "mean_norm": 584.2554321289062,
        "mean_projection": 21.248104095458984,
        "n": 1
      },
      "short_only|record_line|L33": {
        "mean_n_tokens": 32.0,
        "mean_norm": 625.999755859375,
        "mean_projection": 20.541873931884766,
        "n": 1
      },
      "short_only|record_line|L34": {
        "mean_n_tokens": 32.0,
        "mean_norm": 730.558837890625,
        "mean_projection": 28.201068878173828,
        "n": 1
      },
      "short_only|record_line|L35": {
        "mean_n_tokens": 32.0,
        "mean_norm": 856.3422241210938,
        "mean_projection": 1.4236998558044434,
        "n": 1
      },
      "short_only|record_line|L4": {
        "mean_n_tokens": 32.0,
        "mean_norm": 16.272912979125977,
        "mean_projection": -0.46001458168029785,
        "n": 1
      },
      "short_only|record_line|L5": {
        "mean_n_tokens": 32.0,
        "mean_norm": 21.375986099243164,
        "mean_projection": -0.5069905519485474,
        "n": 1
      },
      "short_only|record_line|L6": {
        "mean_n_tokens": 32.0,
        "mean_norm": 308.368408203125,
        "mean_projection": 10.175047874450684,
        "n": 1
      },
      "short_only|record_line|L7": {
        "mean_n_tokens": 32.0,
        "mean_norm": 308.4037170410156,
        "mean_projection": 10.319284439086914,
        "n": 1
      },
      "short_only|record_line|L8": {
        "mean_n_tokens": 32.0,
        "mean_norm": 308.6258239746094,
        "mean_projection": 10.390841484069824,
        "n": 1
      },
      "short_only|record_line|L9": {
        "mean_n_tokens": 32.0,
        "mean_norm": 308.7886657714844,
        "mean_projection": 10.234039306640625,
        "n": 1
      },
      "short_only|record_value_object_relation|L0": {
        "mean_n_tokens": 16.0,
        "mean_norm": 5.7742109298706055,
        "mean_projection": -0.17416538298130035,
        "n": 1
      },
      "short_only|record_value_object_relation|L1": {
        "mean_n_tokens": 16.0,
        "mean_norm": 8.164319038391113,
        "mean_projection": -0.2541355490684509,
        "n": 1
      },
      "short_only|record_value_object_relation|L10": {
        "mean_n_tokens": 16.0,
        "mean_norm": 25.630346298217773,
        "mean_projection": -0.49876919388771057,
        "n": 1
      },
      "short_only|record_value_object_relation|L11": {
        "mean_n_tokens": 16.0,
        "mean_norm": 27.907941818237305,
        "mean_projection": -0.3417944014072418,
        "n": 1
      },
      "short_only|record_value_object_relation|L12": {
        "mean_n_tokens": 16.0,
        "mean_norm": 32.3846549987793,
        "mean_projection": -0.4194070100784302,
        "n": 1
      },
      "short_only|record_value_object_relation|L13": {
        "mean_n_tokens": 16.0,
        "mean_norm": 31.924480438232422,
        "mean_projection": -0.6713895797729492,
        "n": 1
      },
      "short_only|record_value_object_relation|L14": {
        "mean_n_tokens": 16.0,
        "mean_norm": 33.91238784790039,
        "mean_projection": -0.6787154674530029,
        "n": 1
      },
      "short_only|record_value_object_relation|L15": {
        "mean_n_tokens": 16.0,
        "mean_norm": 34.8150634765625,
        "mean_projection": -0.5680659413337708,
        "n": 1
      },
      "short_only|record_value_object_relation|L16": {
        "mean_n_tokens": 16.0,
        "mean_norm": 35.959259033203125,
        "mean_projection": -0.5775808691978455,
        "n": 1
      },
      "short_only|record_value_object_relation|L17": {
        "mean_n_tokens": 16.0,
        "mean_norm": 38.76519012451172,
        "mean_projection": -0.32254618406295776,
        "n": 1
      },
      "short_only|record_value_object_relation|L18": {
        "mean_n_tokens": 16.0,
        "mean_norm": 43.23013687133789,
        "mean_projection": -0.1805202066898346,
        "n": 1
      },
      "short_only|record_value_object_relation|L19": {
        "mean_n_tokens": 16.0,
        "mean_norm": 48.60948181152344,
        "mean_projection": 0.3097982406616211,
        "n": 1
      },
      "short_only|record_value_object_relation|L2": {
        "mean_n_tokens": 16.0,
        "mean_norm": 9.750916481018066,
        "mean_projection": -0.24110949039459229,
        "n": 1
      },
      "short_only|record_value_object_relation|L20": {
        "mean_n_tokens": 16.0,
        "mean_norm": 51.109798431396484,
        "mean_projection": 0.14067986607551575,
        "n": 1
      },
      "short_only|record_value_object_relation|L21": {
        "mean_n_tokens": 16.0,
        "mean_norm": 53.25318145751953,
        "mean_projection": 0.47981587052345276,
        "n": 1
      },
      "short_only|record_value_object_relation|L22": {
        "mean_n_tokens": 16.0,
        "mean_norm": 56.70094299316406,
        "mean_projection": 0.28015342354774475,
        "n": 1
      },
      "short_only|record_value_object_relation|L23": {
        "mean_n_tokens": 16.0,
        "mean_norm": 66.90721893310547,
        "mean_projection": 0.606140673160553,
        "n": 1
      },
      "short_only|record_value_object_relation|L24": {
        "mean_n_tokens": 16.0,
        "mean_norm": 90.4984130859375,
        "mean_projection": 1.7877905368804932,
        "n": 1
      },
      "short_only|record_value_object_relation|L25": {
        "mean_n_tokens": 16.0,
        "mean_norm": 106.14311981201172,
        "mean_projection": 2.3347675800323486,
        "n": 1
      },
      "short_only|record_value_object_relation|L26": {
        "mean_n_tokens": 16.0,
        "mean_norm": 129.57421875,
        "mean_projection": 3.54892635345459,
        "n": 1
      },
      "short_only|record_value_object_relation|L27": {
        "mean_n_tokens": 16.0,
        "mean_norm": 148.82363891601562,
        "mean_projection": 4.049319267272949,
        "n": 1
      },
      "short_only|record_value_object_relation|L28": {
        "mean_n_tokens": 16.0,
        "mean_norm": 176.39675903320312,
        "mean_projection": 4.556619644165039,
        "n": 1
      },
      "short_only|record_value_object_relation|L29": {
        "mean_n_tokens": 16.0,
        "mean_norm": 209.1057586669922,
        "mean_projection": 5.529535293579102,
        "n": 1
      },
      "short_only|record_value_object_relation|L3": {
        "mean_n_tokens": 16.0,
        "mean_norm": 11.829646110534668,
        "mean_projection": -0.37384194135665894,
        "n": 1
      },
      "short_only|record_value_object_relation|L30": {
        "mean_n_tokens": 16.0,
        "mean_norm": 256.59063720703125,
        "mean_projection": 7.92933988571167,
        "n": 1
      },
      "short_only|record_value_object_relation|L31": {
        "mean_n_tokens": 16.0,
        "mean_norm": 300.8939514160156,
        "mean_projection": 9.220416069030762,
        "n": 1
      },
      "short_only|record_value_object_relation|L32": {
        "mean_n_tokens": 16.0,
        "mean_norm": 344.0371398925781,
        "mean_projection": 10.664473533630371,
        "n": 1
      },
      "short_only|record_value_object_relation|L33": {
        "mean_n_tokens": 16.0,
        "mean_norm": 386.2428283691406,
        "mean_projection": 9.44486141204834,
        "n": 1
      },
      "short_only|record_value_object_relation|L34": {
        "mean_n_tokens": 16.0,
        "mean_norm": 552.4429321289062,
        "mean_projection": 19.257734298706055,
        "n": 1
      },
      "short_only|record_value_object_relation|L35": {
        "mean_n_tokens": 16.0,
        "mean_norm": 851.2852783203125,
        "mean_projection": -1.672088623046875,
        "n": 1
      },
      "short_only|record_value_object_relation|L4": {
        "mean_n_tokens": 16.0,
        "mean_norm": 16.72176742553711,
        "mean_projection": -0.5602192282676697,
        "n": 1
      },
      "short_only|record_value_object_relation|L5": {
        "mean_n_tokens": 16.0,
        "mean_norm": 22.53000259399414,
        "mean_projection": -0.6182606220245361,
        "n": 1
      },
      "short_only|record_value_object_relation|L6": {
        "mean_n_tokens": 16.0,
        "mean_norm": 22.438098907470703,
        "mean_projection": -0.6219459176063538,
        "n": 1
      },
      "short_only|record_value_object_relation|L7": {
        "mean_n_tokens": 16.0,
        "mean_norm": 23.176286697387695,
        "mean_projection": -0.5436059832572937,
        "n": 1
      },
      "short_only|record_value_object_relation|L8": {
        "mean_n_tokens": 16.0,
        "mean_norm": 22.299108505249023,
        "mean_projection": -0.3636244833469391,
        "n": 1
      },
      "short_only|record_value_object_relation|L9": {
        "mean_n_tokens": 16.0,
        "mean_norm": 22.44005012512207,
        "mean_projection": -0.5363702178001404,
        "n": 1
      },
      "short_only|record_without_target_value|L0": {
        "mean_n_tokens": 25.0,
        "mean_norm": 5.692488670349121,
        "mean_projection": -0.29859659075737,
        "n": 1
      },
      "short_only|record_without_target_value|L1": {
        "mean_n_tokens": 25.0,
        "mean_norm": 8.426285743713379,
        "mean_projection": -0.3368369936943054,
        "n": 1
      },
      "short_only|record_without_target_value|L10": {
        "mean_n_tokens": 25.0,
        "mean_norm": 398.0133056640625,
        "mean_projection": 13.120641708374023,
        "n": 1
      },
      "short_only|record_without_target_value|L11": {
        "mean_n_tokens": 25.0,
        "mean_norm": 399.9755859375,
        "mean_projection": 13.184611320495605,
        "n": 1
      },
      "short_only|record_without_target_value|L12": {
        "mean_n_tokens": 25.0,
        "mean_norm": 401.81951904296875,
        "mean_projection": 13.123080253601074,
        "n": 1
      },
      "short_only|record_without_target_value|L13": {
        "mean_n_tokens": 25.0,
        "mean_norm": 403.64105224609375,
        "mean_projection": 13.034171104431152,
        "n": 1
      },
      "short_only|record_without_target_value|L14": {
        "mean_n_tokens": 25.0,
        "mean_norm": 403.59442138671875,
        "mean_projection": 13.106597900390625,
        "n": 1
      },
      "short_only|record_without_target_value|L15": {
        "mean_n_tokens": 25.0,
        "mean_norm": 403.7511901855469,
        "mean_projection": 13.192108154296875,
        "n": 1
      },
      "short_only|record_without_target_value|L16": {
        "mean_n_tokens": 25.0,
        "mean_norm": 417.3236999511719,
        "mean_projection": 13.48939323425293,
        "n": 1
      },
      "short_only|record_without_target_value|L17": {
        "mean_n_tokens": 25.0,
        "mean_norm": 419.3350524902344,
        "mean_projection": 13.701255798339844,
        "n": 1
      },
      "short_only|record_without_target_value|L18": {
        "mean_n_tokens": 25.0,
        "mean_norm": 421.2791442871094,
        "mean_projection": 13.727537155151367,
        "n": 1
      },
      "short_only|record_without_target_value|L19": {
        "mean_n_tokens": 25.0,
        "mean_norm": 425.4706726074219,
        "mean_projection": 13.987869262695312,
        "n": 1
      },
      "short_only|record_without_target_value|L2": {
        "mean_n_tokens": 25.0,
        "mean_norm": 10.005172729492188,
        "mean_projection": -0.36169180274009705,
        "n": 1
      },
      "short_only|record_without_target_value|L20": {
        "mean_n_tokens": 25.0,
        "mean_norm": 427.38531494140625,
        "mean_projection": 13.890628814697266,
        "n": 1
      },
      "short_only|record_without_target_value|L21": {
        "mean_n_tokens": 25.0,
        "mean_norm": 429.333984375,
        "mean_projection": 14.104947090148926,
        "n": 1
      },
      "short_only|record_without_target_value|L22": {
        "mean_n_tokens": 25.0,
        "mean_norm": 429.49822998046875,
        "mean_projection": 13.88519287109375,
        "n": 1
      },
      "short_only|record_without_target_value|L23": {
        "mean_n_tokens": 25.0,
        "mean_norm": 435.88336181640625,
        "mean_projection": 14.118210792541504,
        "n": 1
      },
      "short_only|record_without_target_value|L24": {
        "mean_n_tokens": 25.0,
        "mean_norm": 454.3724670410156,
        "mean_projection": 15.059231758117676,
        "n": 1
      },
      "short_only|record_without_target_value|L25": {
        "mean_n_tokens": 25.0,
        "mean_norm": 467.01483154296875,
        "mean_projection": 15.25778865814209,
        "n": 1
      },
      "short_only|record_without_target_value|L26": {
        "mean_n_tokens": 25.0,
        "mean_norm": 482.2132568359375,
        "mean_projection": 16.23175048828125,
        "n": 1
      },
      "short_only|record_without_target_value|L27": {
        "mean_n_tokens": 25.0,
        "mean_norm": 497.58404541015625,
        "mean_projection": 16.879484176635742,
        "n": 1
      },
      "short_only|record_without_target_value|L28": {
        "mean_n_tokens": 25.0,
        "mean_norm": 519.931640625,
        "mean_projection": 17.324111938476562,
        "n": 1
      },
      "short_only|record_without_target_value|L29": {
        "mean_n_tokens": 25.0,
        "mean_norm": 550.223876953125,
        "mean_projection": 18.101341247558594,
        "n": 1
      },
      "short_only|record_without_target_value|L3": {
        "mean_n_tokens": 25.0,
        "mean_norm": 11.817604064941406,
        "mean_projection": -0.4138573110103607,
        "n": 1
      },
      "short_only|record_without_target_value|L30": {
        "mean_n_tokens": 25.0,
        "mean_norm": 589.2457275390625,
        "mean_projection": 20.62574005126953,
        "n": 1
      },
      "short_only|record_without_target_value|L31": {
        "mean_n_tokens": 25.0,
        "mean_norm": 630.142333984375,
        "mean_projection": 21.07668685913086,
        "n": 1
      },
      "short_only|record_without_target_value|L32": {
        "mean_n_tokens": 25.0,
        "mean_norm": 663.438720703125,
        "mean_projection": 23.00143814086914,
        "n": 1
      },
      "short_only|record_without_target_value|L33": {
        "mean_n_tokens": 25.0,
        "mean_norm": 704.1278076171875,
        "mean_projection": 22.63307762145996,
        "n": 1
      },
      "short_only|record_without_target_value|L34": {
        "mean_n_tokens": 25.0,
        "mean_norm": 788.6101684570312,
        "mean_projection": 28.355430603027344,
        "n": 1
      },
      "short_only|record_without_target_value|L35": {
        "mean_n_tokens": 25.0,
        "mean_norm": 834.0045166015625,
        "mean_projection": 3.0216152667999268,
        "n": 1
      },
      "short_only|record_without_target_value|L4": {
        "mean_n_tokens": 25.0,
        "mean_norm": 16.680816650390625,
        "mean_projection": -0.561837911605835,
        "n": 1
      },
      "short_only|record_without_target_value|L5": {
        "mean_n_tokens": 25.0,
        "mean_norm": 21.329572677612305,
        "mean_projection": -0.6207880973815918,
        "n": 1
      },
      "short_only|record_without_target_value|L6": {
        "mean_n_tokens": 25.0,
        "mean_norm": 393.75372314453125,
        "mean_projection": 13.043067932128906,
        "n": 1
      },
      "short_only|record_without_target_value|L7": {
        "mean_n_tokens": 25.0,
        "mean_norm": 395.7030944824219,
        "mean_projection": 13.304736137390137,
        "n": 1
      },
      "short_only|record_without_target_value|L8": {
        "mean_n_tokens": 25.0,
        "mean_norm": 393.89434814453125,
        "mean_projection": 13.235244750976562,
        "n": 1
      },
      "short_only|record_without_target_value|L9": {
        "mean_n_tokens": 25.0,
        "mean_norm": 396.09814453125,
        "mean_projection": 13.202146530151367,
        "n": 1
      },
      "short_only|relation|L0": {
        "mean_n_tokens": 2.0,
        "mean_norm": 8.468782424926758,
        "mean_projection": -0.09784245491027832,
        "n": 1
      },
      "short_only|relation|L1": {
        "mean_n_tokens": 2.0,
        "mean_norm": 11.227346420288086,
        "mean_projection": -0.15696650743484497,
        "n": 1
      },
      "short_only|relation|L10": {
        "mean_n_tokens": 2.0,
        "mean_norm": 37.272064208984375,
        "mean_projection": 0.41073423624038696,
        "n": 1
      },
      "short_only|relation|L11": {
        "mean_n_tokens": 2.0,
        "mean_norm": 39.88923645019531,
        "mean_projection": 0.3664601445198059,
        "n": 1
      },
      "short_only|relation|L12": {
        "mean_n_tokens": 2.0,
        "mean_norm": 42.293697357177734,
        "mean_projection": 0.08424832671880722,
        "n": 1
      },
      "short_only|relation|L13": {
        "mean_n_tokens": 2.0,
        "mean_norm": 44.293888092041016,
        "mean_projection": 0.1487201750278473,
        "n": 1
      },
      "short_only|relation|L14": {
        "mean_n_tokens": 2.0,
        "mean_norm": 45.28725051879883,
        "mean_projection": 0.24038583040237427,
        "n": 1
      },
      "short_only|relation|L15": {
        "mean_n_tokens": 2.0,
        "mean_norm": 47.232730865478516,
        "mean_projection": 0.263512521982193,
        "n": 1
      },
      "short_only|relation|L16": {
        "mean_n_tokens": 2.0,
        "mean_norm": 49.83597183227539,
        "mean_projection": 0.03240111470222473,
        "n": 1
      },
      "short_only|relation|L17": {
        "mean_n_tokens": 2.0,
        "mean_norm": 51.34760665893555,
        "mean_projection": 0.12306801229715347,
        "n": 1
      },
      "short_only|relation|L18": {
        "mean_n_tokens": 2.0,
        "mean_norm": 56.73507308959961,
        "mean_projection": 0.24350814521312714,
        "n": 1
      },
      "short_only|relation|L19": {
        "mean_n_tokens": 2.0,
        "mean_norm": 63.68849563598633,
        "mean_projection": 0.7396746873855591,
        "n": 1
      },
      "short_only|relation|L2": {
        "mean_n_tokens": 2.0,
        "mean_norm": 12.856833457946777,
        "mean_projection": -0.2309844046831131,
        "n": 1
      },
      "short_only|relation|L20": {
        "mean_n_tokens": 2.0,
        "mean_norm": 65.713623046875,
        "mean_projection": 0.6823157072067261,
        "n": 1
      },
      "short_only|relation|L21": {
        "mean_n_tokens": 2.0,
        "mean_norm": 69.21907043457031,
        "mean_projection": 1.0222141742706299,
        "n": 1
      },
      "short_only|relation|L22": {
        "mean_n_tokens": 2.0,
        "mean_norm": 75.80844116210938,
        "mean_projection": 0.9385565519332886,
        "n": 1
      },
      "short_only|relation|L23": {
        "mean_n_tokens": 2.0,
        "mean_norm": 92.34489440917969,
        "mean_projection": 2.127739429473877,
        "n": 1
      },
      "short_only|relation|L24": {
        "mean_n_tokens": 2.0,
        "mean_norm": 112.61476135253906,
        "mean_projection": 2.998404026031494,
        "n": 1
      },
      "short_only|relation|L25": {
        "mean_n_tokens": 2.0,
        "mean_norm": 133.43092346191406,
        "mean_projection": 4.106541633605957,
        "n": 1
      },
      "short_only|relation|L26": {
        "mean_n_tokens": 2.0,
        "mean_norm": 157.66969299316406,
        "mean_projection": 5.31611967086792,
        "n": 1
      },
      "short_only|relation|L27": {
        "mean_n_tokens": 2.0,
        "mean_norm": 178.65609741210938,
        "mean_projection": 5.781744956970215,
        "n": 1
      },
      "short_only|relation|L28": {
        "mean_n_tokens": 2.0,
        "mean_norm": 213.73666381835938,
        "mean_projection": 7.720198154449463,
        "n": 1
      },
      "short_only|relation|L29": {
        "mean_n_tokens": 2.0,
        "mean_norm": 244.65640258789062,
        "mean_projection": 8.823648452758789,
        "n": 1
      },
      "short_only|relation|L3": {
        "mean_n_tokens": 2.0,
        "mean_norm": 15.47572135925293,
        "mean_projection": -0.23004698753356934,
        "n": 1
      },
      "short_only|relation|L30": {
        "mean_n_tokens": 2.0,
        "mean_norm": 295.61151123046875,
        "mean_projection": 11.5488920211792,
        "n": 1
      },
      "short_only|relation|L31": {
        "mean_n_tokens": 2.0,
        "mean_norm": 339.3690490722656,
        "mean_projection": 11.576144218444824,
        "n": 1
      },
      "short_only|relation|L32": {
        "mean_n_tokens": 2.0,
        "mean_norm": 381.8665466308594,
        "mean_projection": 13.784937858581543,
        "n": 1
      },
      "short_only|relation|L33": {
        "mean_n_tokens": 2.0,
        "mean_norm": 430.64501953125,
        "mean_projection": 13.07388687133789,
        "n": 1
      },
      "short_only|relation|L34": {
        "mean_n_tokens": 2.0,
        "mean_norm": 581.1318969726562,
        "mean_projection": 18.752944946289062,
        "n": 1
      },
      "short_only|relation|L35": {
        "mean_n_tokens": 2.0,
        "mean_norm": 667.251708984375,
        "mean_projection": -1.153829574584961,
        "n": 1
      },
      "short_only|relation|L4": {
        "mean_n_tokens": 2.0,
        "mean_norm": 20.89794921875,
        "mean_projection": -0.04234796017408371,
        "n": 1
      },
      "short_only|relation|L5": {
        "mean_n_tokens": 2.0,
        "mean_norm": 29.65826416015625,
        "mean_projection": 0.060018256306648254,
        "n": 1
      },
      "short_only|relation|L6": {
        "mean_n_tokens": 2.0,
        "mean_norm": 32.56627655029297,
        "mean_projection": -0.002112865447998047,
        "n": 1
      },
      "short_only|relation|L7": {
        "mean_n_tokens": 2.0,
        "mean_norm": 33.221744537353516,
        "mean_projection": 0.028084367513656616,
        "n": 1
      },
      "short_only|relation|L8": {
        "mean_n_tokens": 2.0,
        "mean_norm": 34.08224868774414,
        "mean_projection": 0.054011270403862,
        "n": 1
      },
      "short_only|relation|L9": {
        "mean_n_tokens": 2.0,
        "mean_norm": 34.02225112915039,
        "mean_projection": 0.4775635600090027,
        "n": 1
      },
      "short_only|target_value|L0": {
        "mean_n_tokens": 7.0,
        "mean_norm": 6.139652252197266,
        "mean_projection": 0.0021744072437286377,
        "n": 1
      },
      "short_only|target_value|L1": {
        "mean_n_tokens": 7.0,
        "mean_norm": 7.950662136077881,
        "mean_projection": -0.02706645429134369,
        "n": 1
      },
      "short_only|target_value|L10": {
        "mean_n_tokens": 7.0,
        "mean_norm": 30.48323631286621,
        "mean_projection": 0.022288143634796143,
        "n": 1
      },
      "short_only|target_value|L11": {
        "mean_n_tokens": 7.0,
        "mean_norm": 32.053611755371094,
        "mean_projection": 0.08554162085056305,
        "n": 1
      },
      "short_only|target_value|L12": {
        "mean_n_tokens": 7.0,
        "mean_norm": 36.00069808959961,
        "mean_projection": 0.08816081285476685,
        "n": 1
      },
      "short_only|target_value|L13": {
        "mean_n_tokens": 7.0,
        "mean_norm": 35.04373550415039,
        "mean_projection": -0.1851591169834137,
        "n": 1
      },
      "short_only|target_value|L14": {
        "mean_n_tokens": 7.0,
        "mean_norm": 37.66331481933594,
        "mean_projection": -0.07116454839706421,
        "n": 1
      },
      "short_only|target_value|L15": {
        "mean_n_tokens": 7.0,
        "mean_norm": 39.600685119628906,
        "mean_projection": 0.24209967255592346,
        "n": 1
      },
      "short_only|target_value|L16": {
        "mean_n_tokens": 7.0,
        "mean_norm": 41.30897903442383,
        "mean_projection": 0.4349094033241272,
        "n": 1
      },
      "short_only|target_value|L17": {
        "mean_n_tokens": 7.0,
        "mean_norm": 43.775150299072266,
        "mean_projection": 0.6349717378616333,
        "n": 1
      },
      "short_only|target_value|L18": {
        "mean_n_tokens": 7.0,
        "mean_norm": 48.05023193359375,
        "mean_projection": 0.8824464082717896,
        "n": 1
      },
      "short_only|target_value|L19": {
        "mean_n_tokens": 7.0,
        "mean_norm": 54.10772705078125,
        "mean_projection": 1.697009563446045,
        "n": 1
      },
      "short_only|target_value|L2": {
        "mean_n_tokens": 7.0,
        "mean_norm": 9.751364707946777,
        "mean_projection": 0.032733336091041565,
        "n": 1
      },
      "short_only|target_value|L20": {
        "mean_n_tokens": 7.0,
        "mean_norm": 56.83853530883789,
        "mean_projection": 1.7413249015808105,
        "n": 1
      },
      "short_only|target_value|L21": {
        "mean_n_tokens": 7.0,
        "mean_norm": 59.17686462402344,
        "mean_projection": 1.965025544166565,
        "n": 1
      },
      "short_only|target_value|L22": {
        "mean_n_tokens": 7.0,
        "mean_norm": 65.3662109375,
        "mean_projection": 1.6816463470458984,
        "n": 1
      },
      "short_only|target_value|L23": {
        "mean_n_tokens": 7.0,
        "mean_norm": 79.25867462158203,
        "mean_projection": 2.3678629398345947,
        "n": 1
      },
      "short_only|target_value|L24": {
        "mean_n_tokens": 7.0,
        "mean_norm": 102.15714263916016,
        "mean_projection": 3.895922899246216,
        "n": 1
      },
      "short_only|target_value|L25": {
        "mean_n_tokens": 7.0,
        "mean_norm": 117.6807861328125,
        "mean_projection": 4.514106750488281,
        "n": 1
      },
      "short_only|target_value|L26": {
        "mean_n_tokens": 7.0,
        "mean_norm": 139.2674102783203,
        "mean_projection": 5.510743618011475,
        "n": 1
      },
      "short_only|target_value|L27": {
        "mean_n_tokens": 7.0,
        "mean_norm": 158.67349243164062,
        "mean_projection": 5.885432243347168,
        "n": 1
      },
      "short_only|target_value|L28": {
        "mean_n_tokens": 7.0,
        "mean_norm": 187.8257293701172,
        "mean_projection": 6.840957164764404,
        "n": 1
      },
      "short_only|target_value|L29": {
        "mean_n_tokens": 7.0,
        "mean_norm": 217.93209838867188,
        "mean_projection": 8.477131843566895,
        "n": 1
      },
      "short_only|target_value|L3": {
        "mean_n_tokens": 7.0,
        "mean_norm": 11.316784858703613,
        "mean_projection": -0.07318580150604248,
        "n": 1
      },
      "short_only|target_value|L30": {
        "mean_n_tokens": 7.0,
        "mean_norm": 260.4008483886719,
        "mean_projection": 10.80240249633789,
        "n": 1
      },
      "short_only|target_value|L31": {
        "mean_n_tokens": 7.0,
        "mean_norm": 305.3458557128906,
        "mean_projection": 12.814813613891602,
        "n": 1
      },
      "short_only|target_value|L32": {
        "mean_n_tokens": 7.0,
        "mean_norm": 353.4764404296875,
        "mean_projection": 14.933566093444824,
        "n": 1
      },
      "short_only|target_value|L33": {
        "mean_n_tokens": 7.0,
        "mean_norm": 398.06683349609375,
        "mean_projection": 12.706043243408203,
        "n": 1
      },
      "short_only|target_value|L34": {
        "mean_n_tokens": 7.0,
        "mean_norm": 577.0623168945312,
        "mean_projection": 27.832332611083984,
        "n": 1
      },
      "short_only|target_value|L35": {
        "mean_n_tokens": 7.0,
        "mean_norm": 971.4793701171875,
        "mean_projection": -3.888861656188965,
        "n": 1
      },
      "short_only|target_value|L4": {
        "mean_n_tokens": 7.0,
        "mean_norm": 17.631189346313477,
        "mean_projection": -0.09524934738874435,
        "n": 1
      },
      "short_only|target_value|L5": {
        "mean_n_tokens": 7.0,
        "mean_norm": 25.28961753845215,
        "mean_projection": -0.10340852290391922,
        "n": 1
      },
      "short_only|target_value|L6": {
        "mean_n_tokens": 7.0,
        "mean_norm": 25.804128646850586,
        "mean_projection": -0.1110265776515007,
        "n": 1
      },
      "short_only|target_value|L7": {
        "mean_n_tokens": 7.0,
        "mean_norm": 27.227327346801758,
        "mean_projection": -0.14134839177131653,
        "n": 1
      },
      "short_only|target_value|L8": {
        "mean_n_tokens": 7.0,
        "mean_norm": 27.18214988708496,
        "mean_projection": 0.14947229623794556,
        "n": 1
      },
      "short_only|target_value|L9": {
        "mean_n_tokens": 7.0,
        "mean_norm": 27.572071075439453,
        "mean_projection": -0.1583697348833084,
        "n": 1
      },
      "terse_no_explain|answer_last|L0": {
        "mean_n_tokens": 1.0,
        "mean_norm": 6.873610019683838,
        "mean_projection": -0.11277841776609421,
        "n": 1
      },
      "terse_no_explain|answer_last|L1": {
        "mean_n_tokens": 1.0,
        "mean_norm": 9.327375411987305,
        "mean_projection": -0.1397378295660019,
        "n": 1
      },
      "terse_no_explain|answer_last|L10": {
        "mean_n_tokens": 1.0,
        "mean_norm": 33.863704681396484,
        "mean_projection": -0.3797461986541748,
        "n": 1
      },
      "terse_no_explain|answer_last|L11": {
        "mean_n_tokens": 1.0,
        "mean_norm": 35.65544891357422,
        "mean_projection": 0.020788997411727905,
        "n": 1
      },
      "terse_no_explain|answer_last|L12": {
        "mean_n_tokens": 1.0,
        "mean_norm": 37.62074661254883,
        "mean_projection": -0.48197656869888306,
        "n": 1
      },
      "terse_no_explain|answer_last|L13": {
        "mean_n_tokens": 1.0,
        "mean_norm": 36.65130615234375,
        "mean_projection": -0.1292092204093933,
        "n": 1
      },
      "terse_no_explain|answer_last|L14": {
        "mean_n_tokens": 1.0,
        "mean_norm": 39.37166976928711,
        "mean_projection": -0.08292505890130997,
        "n": 1
      },
      "terse_no_explain|answer_last|L15": {
        "mean_n_tokens": 1.0,
        "mean_norm": 37.292236328125,
        "mean_projection": 0.034110911190509796,
        "n": 1
      },
      "terse_no_explain|answer_last|L16": {
        "mean_n_tokens": 1.0,
        "mean_norm": 40.495426177978516,
        "mean_projection": -0.09512635320425034,
        "n": 1
      },
      "terse_no_explain|answer_last|L17": {
        "mean_n_tokens": 1.0,
        "mean_norm": 43.2252197265625,
        "mean_projection": 0.16042180359363556,
        "n": 1
      },
      "terse_no_explain|answer_last|L18": {
        "mean_n_tokens": 1.0,
        "mean_norm": 50.16646957397461,
        "mean_projection": 0.5848039388656616,
        "n": 1
      },
      "terse_no_explain|answer_last|L19": {
        "mean_n_tokens": 1.0,
        "mean_norm": 55.166343688964844,
        "mean_projection": -0.02321711927652359,
        "n": 1
      },
      "terse_no_explain|answer_last|L2": {
        "mean_n_tokens": 1.0,
        "mean_norm": 10.597625732421875,
        "mean_projection": -0.1744106560945511,
        "n": 1
      },
      "terse_no_explain|answer_last|L20": {
        "mean_n_tokens": 1.0,
        "mean_norm": 58.51414489746094,
        "mean_projection": -0.7039172053337097,
        "n": 1
      },
      "terse_no_explain|answer_last|L21": {
        "mean_n_tokens": 1.0,
        "mean_norm": 64.6749267578125,
        "mean_projection": -0.5084623098373413,
        "n": 1
      },
      "terse_no_explain|answer_last|L22": {
        "mean_n_tokens": 1.0,
        "mean_norm": 71.5656967163086,
        "mean_projection": -0.818668782711029,
        "n": 1
      },
      "terse_no_explain|answer_last|L23": {
        "mean_n_tokens": 1.0,
        "mean_norm": 84.09445190429688,
        "mean_projection": -0.2135104537010193,
        "n": 1
      },
      "terse_no_explain|answer_last|L24": {
        "mean_n_tokens": 1.0,
        "mean_norm": 99.79773712158203,
        "mean_projection": 1.487476110458374,
        "n": 1
      },
      "terse_no_explain|answer_last|L25": {
        "mean_n_tokens": 1.0,
        "mean_norm": 114.275146484375,
        "mean_projection": 0.29824796319007874,
        "n": 1
      },
      "terse_no_explain|answer_last|L26": {
        "mean_n_tokens": 1.0,
        "mean_norm": 126.86109924316406,
        "mean_projection": 0.733049750328064,
        "n": 1
      },
      "terse_no_explain|answer_last|L27": {
        "mean_n_tokens": 1.0,
        "mean_norm": 141.01898193359375,
        "mean_projection": 0.43465980887413025,
        "n": 1
      },
      "terse_no_explain|answer_last|L28": {
        "mean_n_tokens": 1.0,
        "mean_norm": 159.74972534179688,
        "mean_projection": 2.297705888748169,
        "n": 1
      },
      "terse_no_explain|answer_last|L29": {
        "mean_n_tokens": 1.0,
        "mean_norm": 189.28932189941406,
        "mean_projection": 6.729306697845459,
        "n": 1
      },
      "terse_no_explain|answer_last|L3": {
        "mean_n_tokens": 1.0,
        "mean_norm": 12.755722999572754,
        "mean_projection": -0.1620328724384308,
        "n": 1
      },
      "terse_no_explain|answer_last|L30": {
        "mean_n_tokens": 1.0,
        "mean_norm": 237.3506317138672,
        "mean_projection": 11.777438163757324,
        "n": 1
      },
      "terse_no_explain|answer_last|L31": {
        "mean_n_tokens": 1.0,
        "mean_norm": 289.071533203125,
        "mean_projection": 17.953214645385742,
        "n": 1
      },
      "terse_no_explain|answer_last|L32": {
        "mean_n_tokens": 1.0,
        "mean_norm": 352.88043212890625,
        "mean_projection": 30.946016311645508,
        "n": 1
      },
      "terse_no_explain|answer_last|L33": {
        "mean_n_tokens": 1.0,
        "mean_norm": 452.3090515136719,
        "mean_projection": 23.913959503173828,
        "n": 1
      },
      "terse_no_explain|answer_last|L34": {
        "mean_n_tokens": 1.0,
        "mean_norm": 627.2171630859375,
        "mean_projection": 35.810768127441406,
        "n": 1
      },
      "terse_no_explain|answer_last|L35": {
        "mean_n_tokens": 1.0,
        "mean_norm": 524.7255249023438,
        "mean_projection": 14.300741195678711,
        "n": 1
      },
      "terse_no_explain|answer_last|L4": {
        "mean_n_tokens": 1.0,
        "mean_norm": 17.675411224365234,
        "mean_projection": -0.2397061288356781,
        "n": 1
      },
      "terse_no_explain|answer_last|L5": {
        "mean_n_tokens": 1.0,
        "mean_norm": 24.15583610534668,
        "mean_projection": -0.15941742062568665,
        "n": 1
      },
      "terse_no_explain|answer_last|L6": {
        "mean_n_tokens": 1.0,
        "mean_norm": 27.192346572875977,
        "mean_projection": -0.07103002071380615,
        "n": 1
      },
      "terse_no_explain|answer_last|L7": {
        "mean_n_tokens": 1.0,
        "mean_norm": 29.162574768066406,
        "mean_projection": -0.43270695209503174,
        "n": 1
      },
      "terse_no_explain|answer_last|L8": {
        "mean_n_tokens": 1.0,
        "mean_norm": 32.857696533203125,
        "mean_projection": -0.1926826536655426,
        "n": 1
      },
      "terse_no_explain|answer_last|L9": {
        "mean_n_tokens": 1.0,
        "mean_norm": 34.24953842163086,
        "mean_projection": 0.13646964728832245,
        "n": 1
      },
      "terse_no_explain|instruction_line|L0": {
        "mean_n_tokens": 11.0,
        "mean_norm": 5.5522050857543945,
        "mean_projection": -0.2758235037326813,
        "n": 1
      },
      "terse_no_explain|instruction_line|L1": {
        "mean_n_tokens": 11.0,
        "mean_norm": 7.186769008636475,
        "mean_projection": -0.3573479652404785,
        "n": 1
      },
      "terse_no_explain|instruction_line|L10": {
        "mean_n_tokens": 11.0,
        "mean_norm": 27.10721778869629,
        "mean_projection": -0.3727010488510132,
        "n": 1
      },
      "terse_no_explain|instruction_line|L11": {
        "mean_n_tokens": 11.0,
        "mean_norm": 28.164276123046875,
        "mean_projection": -0.5936580300331116,
        "n": 1
      },
      "terse_no_explain|instruction_line|L12": {
        "mean_n_tokens": 11.0,
        "mean_norm": 31.26128387451172,
        "mean_projection": -0.7343900799751282,
        "n": 1
      },
      "terse_no_explain|instruction_line|L13": {
        "mean_n_tokens": 11.0,
        "mean_norm": 31.171632766723633,
        "mean_projection": -0.6653250455856323,
        "n": 1
      },
      "terse_no_explain|instruction_line|L14": {
        "mean_n_tokens": 11.0,
        "mean_norm": 33.30001449584961,
        "mean_projection": -0.6514975428581238,
        "n": 1
      },
      "terse_no_explain|instruction_line|L15": {
        "mean_n_tokens": 11.0,
        "mean_norm": 34.05663299560547,
        "mean_projection": -0.4555279314517975,
        "n": 1
      },
      "terse_no_explain|instruction_line|L16": {
        "mean_n_tokens": 11.0,
        "mean_norm": 37.33827209472656,
        "mean_projection": -0.35899990797042847,
        "n": 1
      },
      "terse_no_explain|instruction_line|L17": {
        "mean_n_tokens": 11.0,
        "mean_norm": 39.965919494628906,
        "mean_projection": -0.46033167839050293,
        "n": 1
      },
      "terse_no_explain|instruction_line|L18": {
        "mean_n_tokens": 11.0,
        "mean_norm": 41.59811782836914,
        "mean_projection": 0.032650426030159,
        "n": 1
      },
      "terse_no_explain|instruction_line|L19": {
        "mean_n_tokens": 11.0,
        "mean_norm": 46.76412582397461,
        "mean_projection": 0.20488770306110382,
        "n": 1
      },
      "terse_no_explain|instruction_line|L2": {
        "mean_n_tokens": 11.0,
        "mean_norm": 8.612850189208984,
        "mean_projection": -0.37562593817710876,
        "n": 1
      },
      "terse_no_explain|instruction_line|L20": {
        "mean_n_tokens": 11.0,
        "mean_norm": 48.407371520996094,
        "mean_projection": 0.5682536959648132,
        "n": 1
      },
      "terse_no_explain|instruction_line|L21": {
        "mean_n_tokens": 11.0,
        "mean_norm": 52.57316970825195,
        "mean_projection": 0.9944410920143127,
        "n": 1
      },
      "terse_no_explain|instruction_line|L22": {
        "mean_n_tokens": 11.0,
        "mean_norm": 56.081703186035156,
        "mean_projection": 1.5420284271240234,
        "n": 1
      },
      "terse_no_explain|instruction_line|L23": {
        "mean_n_tokens": 11.0,
        "mean_norm": 65.26555633544922,
        "mean_projection": 1.350250244140625,
        "n": 1
      },
      "terse_no_explain|instruction_line|L24": {
        "mean_n_tokens": 11.0,
        "mean_norm": 79.18585968017578,
        "mean_projection": 1.65189528465271,
        "n": 1
      },
      "terse_no_explain|instruction_line|L25": {
        "mean_n_tokens": 11.0,
        "mean_norm": 89.49388885498047,
        "mean_projection": 1.106937289237976,
        "n": 1
      },
      "terse_no_explain|instruction_line|L26": {
        "mean_n_tokens": 11.0,
        "mean_norm": 99.75135040283203,
        "mean_projection": 0.9893853664398193,
        "n": 1
      },
      "terse_no_explain|instruction_line|L27": {
        "mean_n_tokens": 11.0,
        "mean_norm": 111.98627471923828,
        "mean_projection": 2.0061686038970947,
        "n": 1
      },
      "terse_no_explain|instruction_line|L28": {
        "mean_n_tokens": 11.0,
        "mean_norm": 127.67415618896484,
        "mean_projection": 0.9776135683059692,
        "n": 1
      },
      "terse_no_explain|instruction_line|L29": {
        "mean_n_tokens": 11.0,
        "mean_norm": 146.40963745117188,
        "mean_projection": 0.9252712726593018,
        "n": 1
      },
      "terse_no_explain|instruction_line|L3": {
        "mean_n_tokens": 11.0,
        "mean_norm": 10.642471313476562,
        "mean_projection": -0.4160466492176056,
        "n": 1
      },
      "terse_no_explain|instruction_line|L30": {
        "mean_n_tokens": 11.0,
        "mean_norm": 179.31817626953125,
        "mean_projection": 1.8798872232437134,
        "n": 1
      },
      "terse_no_explain|instruction_line|L31": {
        "mean_n_tokens": 11.0,
        "mean_norm": 213.57237243652344,
        "mean_projection": 1.0848158597946167,
        "n": 1
      },
      "terse_no_explain|instruction_line|L32": {
        "mean_n_tokens": 11.0,
        "mean_norm": 234.78756713867188,
        "mean_projection": 2.6326308250427246,
        "n": 1
      },
      "terse_no_explain|instruction_line|L33": {
        "mean_n_tokens": 11.0,
        "mean_norm": 297.7934265136719,
        "mean_projection": 2.9623007774353027,
        "n": 1
      },
      "terse_no_explain|instruction_line|L34": {
        "mean_n_tokens": 11.0,
        "mean_norm": 384.3230285644531,
        "mean_projection": 7.743842124938965,
        "n": 1
      },
      "terse_no_explain|instruction_line|L35": {
        "mean_n_tokens": 11.0,
        "mean_norm": 243.5357666015625,
        "mean_projection": -8.943086624145508,
        "n": 1
      },
      "terse_no_explain|instruction_line|L4": {
        "mean_n_tokens": 11.0,
        "mean_norm": 15.482928276062012,
        "mean_projection": -0.5068353414535522,
        "n": 1
      },
      "terse_no_explain|instruction_line|L5": {
        "mean_n_tokens": 11.0,
        "mean_norm": 20.647130966186523,
        "mean_projection": -0.4936657249927521,
        "n": 1
      },
      "terse_no_explain|instruction_line|L6": {
        "mean_n_tokens": 11.0,
        "mean_norm": 22.080554962158203,
        "mean_projection": -0.44279783964157104,
        "n": 1
      },
      "terse_no_explain|instruction_line|L7": {
        "mean_n_tokens": 11.0,
        "mean_norm": 22.957571029663086,
        "mean_projection": -0.4753165543079376,
        "n": 1
      },
      "terse_no_explain|instruction_line|L8": {
        "mean_n_tokens": 11.0,
        "mean_norm": 24.85582733154297,
        "mean_projection": -0.30208685994148254,
        "n": 1
      },
      "terse_no_explain|instruction_line|L9": {
        "mean_n_tokens": 11.0,
        "mean_norm": 24.56671714782715,
        "mean_projection": -0.314229279756546,
        "n": 1
      },
      "terse_no_explain|object_name|L0": {
        "mean_n_tokens": 10.0,
        "mean_norm": 6.799665927886963,
        "mean_projection": -0.33724072575569153,
        "n": 1
      },
      "terse_no_explain|object_name|L1": {
        "mean_n_tokens": 10.0,
        "mean_norm": 10.263031959533691,
        "mean_projection": -0.46641749143600464,
        "n": 1
      },
      "terse_no_explain|object_name|L10": {
        "mean_n_tokens": 10.0,
        "mean_norm": 28.431350708007812,
        "mean_projection": -0.9920598268508911,
        "n": 1
      },
      "terse_no_explain|object_name|L11": {
        "mean_n_tokens": 10.0,
        "mean_norm": 30.583404541015625,
        "mean_projection": -0.7674832940101624,
        "n": 1
      },
      "terse_no_explain|object_name|L12": {
        "mean_n_tokens": 10.0,
        "mean_norm": 34.830055236816406,
        "mean_projection": -0.8978798389434814,
        "n": 1
      },
      "terse_no_explain|object_name|L13": {
        "mean_n_tokens": 10.0,
        "mean_norm": 35.7541618347168,
        "mean_projection": -1.1498308181762695,
        "n": 1
      },
      "terse_no_explain|object_name|L14": {
        "mean_n_tokens": 10.0,
        "mean_norm": 36.31343460083008,
        "mean_projection": -1.2832424640655518,
        "n": 1
      },
      "terse_no_explain|object_name|L15": {
        "mean_n_tokens": 10.0,
        "mean_norm": 36.8377571105957,
        "mean_projection": -1.2929348945617676,
        "n": 1
      },
      "terse_no_explain|object_name|L16": {
        "mean_n_tokens": 10.0,
        "mean_norm": 37.278446197509766,
        "mean_projection": -1.4727574586868286,
        "n": 1
      },
      "terse_no_explain|object_name|L17": {
        "mean_n_tokens": 10.0,
        "mean_norm": 40.35344696044922,
        "mean_projection": -1.2089766263961792,
        "n": 1
      },
      "terse_no_explain|object_name|L18": {
        "mean_n_tokens": 10.0,
        "mean_norm": 44.82284164428711,
        "mean_projection": -1.1705902814865112,
        "n": 1
      },
      "terse_no_explain|object_name|L19": {
        "mean_n_tokens": 10.0,
        "mean_norm": 50.60167694091797,
        "mean_projection": -1.0082190036773682,
        "n": 1
      },
      "terse_no_explain|object_name|L2": {
        "mean_n_tokens": 10.0,
        "mean_norm": 12.367768287658691,
        "mean_projection": -0.49646371603012085,
        "n": 1
      },
      "terse_no_explain|object_name|L20": {
        "mean_n_tokens": 10.0,
        "mean_norm": 53.445552825927734,
        "mean_projection": -1.4323731660842896,
        "n": 1
      },
      "terse_no_explain|object_name|L21": {
        "mean_n_tokens": 10.0,
        "mean_norm": 56.28486251831055,
        "mean_projection": -0.9554769992828369,
        "n": 1
      },
      "terse_no_explain|object_name|L22": {
        "mean_n_tokens": 10.0,
        "mean_norm": 60.01607131958008,
        "mean_projection": -1.086930274963379,
        "n": 1
      },
      "terse_no_explain|object_name|L23": {
        "mean_n_tokens": 10.0,
        "mean_norm": 69.36943817138672,
        "mean_projection": -1.150094747543335,
        "n": 1
      },
      "terse_no_explain|object_name|L24": {
        "mean_n_tokens": 10.0,
        "mean_norm": 95.09052276611328,
        "mean_projection": -0.2829788327217102,
        "n": 1
      },
      "terse_no_explain|object_name|L25": {
        "mean_n_tokens": 10.0,
        "mean_norm": 113.36380004882812,
        "mean_projection": 0.0631818175315857,
        "n": 1
      },
      "terse_no_explain|object_name|L26": {
        "mean_n_tokens": 10.0,
        "mean_norm": 136.67333984375,
        "mean_projection": 1.4082529544830322,
        "n": 1
      },
      "terse_no_explain|object_name|L27": {
        "mean_n_tokens": 10.0,
        "mean_norm": 154.57400512695312,
        "mean_projection": 2.015911340713501,
        "n": 1
      },
      "terse_no_explain|object_name|L28": {
        "mean_n_tokens": 10.0,
        "mean_norm": 180.56092834472656,
        "mean_projection": 2.0493712425231934,
        "n": 1
      },
      "terse_no_explain|object_name|L29": {
        "mean_n_tokens": 10.0,
        "mean_norm": 213.74188232421875,
        "mean_projection": 2.4996280670166016,
        "n": 1
      },
      "terse_no_explain|object_name|L3": {
        "mean_n_tokens": 10.0,
        "mean_norm": 15.809993743896484,
        "mean_projection": -0.6794494986534119,
        "n": 1
      },
      "terse_no_explain|object_name|L30": {
        "mean_n_tokens": 10.0,
        "mean_norm": 260.5876159667969,
        "mean_projection": 4.973841667175293,
        "n": 1
      },
      "terse_no_explain|object_name|L31": {
        "mean_n_tokens": 10.0,
        "mean_norm": 302.57147216796875,
        "mean_projection": 6.01099157333374,
        "n": 1
      },
      "terse_no_explain|object_name|L32": {
        "mean_n_tokens": 10.0,
        "mean_norm": 341.8482971191406,
        "mean_projection": 7.22227668762207,
        "n": 1
      },
      "terse_no_explain|object_name|L33": {
        "mean_n_tokens": 10.0,
        "mean_norm": 388.75146484375,
        "mean_projection": 7.375075340270996,
        "n": 1
      },
      "terse_no_explain|object_name|L34": {
        "mean_n_tokens": 10.0,
        "mean_norm": 549.4714965820312,
        "mean_projection": 13.523228645324707,
        "n": 1
      },
      "terse_no_explain|object_name|L35": {
        "mean_n_tokens": 10.0,
        "mean_norm": 734.6813354492188,
        "mean_projection": 1.7825480699539185,
        "n": 1
      },
      "terse_no_explain|object_name|L4": {
        "mean_n_tokens": 10.0,
        "mean_norm": 21.214027404785156,
        "mean_projection": -1.0299526453018188,
        "n": 1
      },
      "terse_no_explain|object_name|L5": {
        "mean_n_tokens": 10.0,
        "mean_norm": 26.96385383605957,
        "mean_projection": -1.131426215171814,
        "n": 1
      },
      "terse_no_explain|object_name|L6": {
        "mean_n_tokens": 10.0,
        "mean_norm": 27.537952423095703,
        "mean_projection": -1.101670503616333,
        "n": 1
      },
      "terse_no_explain|object_name|L7": {
        "mean_n_tokens": 10.0,
        "mean_norm": 28.74893569946289,
        "mean_projection": -0.9389311671257019,
        "n": 1
      },
      "terse_no_explain|object_name|L8": {
        "mean_n_tokens": 10.0,
        "mean_norm": 27.697866439819336,
        "mean_projection": -0.8385043144226074,
        "n": 1
      },
      "terse_no_explain|object_name|L9": {
        "mean_n_tokens": 10.0,
        "mean_norm": 26.704439163208008,
        "mean_projection": -0.9137670993804932,
        "n": 1
      },
      "terse_no_explain|record_line|L0": {
        "mean_n_tokens": 32.0,
        "mean_norm": 5.619348049163818,
        "mean_projection": -0.23248803615570068,
        "n": 1
      },
      "terse_no_explain|record_line|L1": {
        "mean_n_tokens": 32.0,
        "mean_norm": 8.108710289001465,
        "mean_projection": -0.2696956396102905,
        "n": 1
      },
      "terse_no_explain|record_line|L10": {
        "mean_n_tokens": 32.0,
        "mean_norm": 312.8033447265625,
        "mean_projection": 10.28005599975586,
        "n": 1
      },
      "terse_no_explain|record_line|L11": {
        "mean_n_tokens": 32.0,
        "mean_norm": 314.6509094238281,
        "mean_projection": 10.345698356628418,
        "n": 1
      },
      "terse_no_explain|record_line|L12": {
        "mean_n_tokens": 32.0,
        "mean_norm": 316.7149963378906,
        "mean_projection": 10.29550552368164,
        "n": 1
      },
      "terse_no_explain|record_line|L13": {
        "mean_n_tokens": 32.0,
        "mean_norm": 316.45556640625,
        "mean_projection": 10.103517532348633,
        "n": 1
      },
      "terse_no_explain|record_line|L14": {
        "mean_n_tokens": 32.0,
        "mean_norm": 318.4992980957031,
        "mean_projection": 10.244720458984375,
        "n": 1
      },
      "terse_no_explain|record_line|L15": {
        "mean_n_tokens": 32.0,
        "mean_norm": 318.5413513183594,
        "mean_projection": 10.367183685302734,
        "n": 1
      },
      "terse_no_explain|record_line|L16": {
        "mean_n_tokens": 32.0,
        "mean_norm": 328.26788330078125,
        "mean_projection": 10.59373664855957,
        "n": 1
      },
      "terse_no_explain|record_line|L17": {
        "mean_n_tokens": 32.0,
        "mean_norm": 332.23260498046875,
        "mean_projection": 10.866352081298828,
        "n": 1
      },
      "terse_no_explain|record_line|L18": {
        "mean_n_tokens": 32.0,
        "mean_norm": 334.3562927246094,
        "mean_projection": 10.932010650634766,
        "n": 1
      },
      "terse_no_explain|record_line|L19": {
        "mean_n_tokens": 32.0,
        "mean_norm": 338.49169921875,
        "mean_projection": 11.315719604492188,
        "n": 1
      },
      "terse_no_explain|record_line|L2": {
        "mean_n_tokens": 32.0,
        "mean_norm": 9.629388809204102,
        "mean_projection": -0.275814414024353,
        "n": 1
      },
      "terse_no_explain|record_line|L20": {
        "mean_n_tokens": 32.0,
        "mean_norm": 340.4347839355469,
        "mean_projection": 11.247637748718262,
        "n": 1
      },
      "terse_no_explain|record_line|L21": {
        "mean_n_tokens": 32.0,
        "mean_norm": 342.412841796875,
        "mean_projection": 11.46435260772705,
        "n": 1
      },
      "terse_no_explain|record_line|L22": {
        "mean_n_tokens": 32.0,
        "mean_norm": 342.6579895019531,
        "mean_projection": 11.216864585876465,
        "n": 1
      },
      "terse_no_explain|record_line|L23": {
        "mean_n_tokens": 32.0,
        "mean_norm": 349.2613525390625,
        "mean_projection": 11.539793968200684,
        "n": 1
      },
      "terse_no_explain|record_line|L24": {
        "mean_n_tokens": 32.0,
        "mean_norm": 370.1771240234375,
        "mean_projection": 12.658857345581055,
        "n": 1
      },
      "terse_no_explain|record_line|L25": {
        "mean_n_tokens": 32.0,
        "mean_norm": 381.04302978515625,
        "mean_projection": 12.88523006439209,
        "n": 1
      },
      "terse_no_explain|record_line|L26": {
        "mean_n_tokens": 32.0,
        "mean_norm": 398.6572265625,
        "mean_projection": 13.907774925231934,
        "n": 1
      },
      "terse_no_explain|record_line|L27": {
        "mean_n_tokens": 32.0,
        "mean_norm": 414.4918212890625,
        "mean_projection": 14.498395919799805,
        "n": 1
      },
      "terse_no_explain|record_line|L28": {
        "mean_n_tokens": 32.0,
        "mean_norm": 437.5566101074219,
        "mean_projection": 15.033656120300293,
        "n": 1
      },
      "terse_no_explain|record_line|L29": {
        "mean_n_tokens": 32.0,
        "mean_norm": 466.5204162597656,
        "mean_projection": 15.960938453674316,
        "n": 1
      },
      "terse_no_explain|record_line|L3": {
        "mean_n_tokens": 32.0,
        "mean_norm": 11.253201484680176,
        "mean_projection": -0.3393957316875458,
        "n": 1
      },
      "terse_no_explain|record_line|L30": {
        "mean_n_tokens": 32.0,
        "mean_norm": 508.7981262207031,
        "mean_projection": 18.540424346923828,
        "n": 1
      },
      "terse_no_explain|record_line|L31": {
        "mean_n_tokens": 32.0,
        "mean_norm": 548.950439453125,
        "mean_projection": 19.294628143310547,
        "n": 1
      },
      "terse_no_explain|record_line|L32": {
        "mean_n_tokens": 32.0,
        "mean_norm": 584.249267578125,
        "mean_projection": 21.275081634521484,
        "n": 1
      },
      "terse_no_explain|record_line|L33": {
        "mean_n_tokens": 32.0,
        "mean_norm": 626.0020751953125,
        "mean_projection": 20.55264663696289,
        "n": 1
      },
      "terse_no_explain|record_line|L34": {
        "mean_n_tokens": 32.0,
        "mean_norm": 730.5616455078125,
        "mean_projection": 28.238285064697266,
        "n": 1
      },
      "terse_no_explain|record_line|L35": {
        "mean_n_tokens": 32.0,
        "mean_norm": 856.4237670898438,
        "mean_projection": 1.5084834098815918,
        "n": 1
      },
      "terse_no_explain|record_line|L4": {
        "mean_n_tokens": 32.0,
        "mean_norm": 16.272912979125977,
        "mean_projection": -0.46001458168029785,
        "n": 1
      },
      "terse_no_explain|record_line|L5": {
        "mean_n_tokens": 32.0,
        "mean_norm": 21.376012802124023,
        "mean_projection": -0.5069904923439026,
        "n": 1
      },
      "terse_no_explain|record_line|L6": {
        "mean_n_tokens": 32.0,
        "mean_norm": 308.3684387207031,
        "mean_projection": 10.17512035369873,
        "n": 1
      },
      "terse_no_explain|record_line|L7": {
        "mean_n_tokens": 32.0,
        "mean_norm": 308.4039306640625,
        "mean_projection": 10.319131851196289,
        "n": 1
      },
      "terse_no_explain|record_line|L8": {
        "mean_n_tokens": 32.0,
        "mean_norm": 308.6258239746094,
        "mean_projection": 10.390839576721191,
        "n": 1
      },
      "terse_no_explain|record_line|L9": {
        "mean_n_tokens": 32.0,
        "mean_norm": 308.7886657714844,
        "mean_projection": 10.234716415405273,
        "n": 1
      },
      "terse_no_explain|record_value_object_relation|L0": {
        "mean_n_tokens": 16.0,
        "mean_norm": 5.7742109298706055,
        "mean_projection": -0.17416538298130035,
        "n": 1
      },
      "terse_no_explain|record_value_object_relation|L1": {
        "mean_n_tokens": 16.0,
        "mean_norm": 8.164319038391113,
        "mean_projection": -0.2541355490684509,
        "n": 1
      },
      "terse_no_explain|record_value_object_relation|L10": {
        "mean_n_tokens": 16.0,
        "mean_norm": 25.630891799926758,
        "mean_projection": -0.49812161922454834,
        "n": 1
      },
      "terse_no_explain|record_value_object_relation|L11": {
        "mean_n_tokens": 16.0,
        "mean_norm": 27.90973663330078,
        "mean_projection": -0.34054499864578247,
        "n": 1
      },
      "terse_no_explain|record_value_object_relation|L12": {
        "mean_n_tokens": 16.0,
        "mean_norm": 32.382904052734375,
        "mean_projection": -0.4184473156929016,
        "n": 1
      },
      "terse_no_explain|record_value_object_relation|L13": {
        "mean_n_tokens": 16.0,
        "mean_norm": 31.935752868652344,
        "mean_projection": -0.6729239821434021,
        "n": 1
      },
      "terse_no_explain|record_value_object_relation|L14": {
        "mean_n_tokens": 16.0,
        "mean_norm": 33.87859344482422,
        "mean_projection": -0.6803063154220581,
        "n": 1
      },
      "terse_no_explain|record_value_object_relation|L15": {
        "mean_n_tokens": 16.0,
        "mean_norm": 34.81528854370117,
        "mean_projection": -0.5726913213729858,
        "n": 1
      },
      "terse_no_explain|record_value_object_relation|L16": {
        "mean_n_tokens": 16.0,
        "mean_norm": 35.949462890625,
        "mean_projection": -0.577774167060852,
        "n": 1
      },
      "terse_no_explain|record_value_object_relation|L17": {
        "mean_n_tokens": 16.0,
        "mean_norm": 38.77835464477539,
        "mean_projection": -0.32520413398742676,
        "n": 1
      },
      "terse_no_explain|record_value_object_relation|L18": {
        "mean_n_tokens": 16.0,
        "mean_norm": 43.23463439941406,
        "mean_projection": -0.18280279636383057,
        "n": 1
      },
      "terse_no_explain|record_value_object_relation|L19": {
        "mean_n_tokens": 16.0,
        "mean_norm": 48.606937408447266,
        "mean_projection": 0.31171318888664246,
        "n": 1
      },
      "terse_no_explain|record_value_object_relation|L2": {
        "mean_n_tokens": 16.0,
        "mean_norm": 9.750916481018066,
        "mean_projection": -0.24110949039459229,
        "n": 1
      },
      "terse_no_explain|record_value_object_relation|L20": {
        "mean_n_tokens": 16.0,
        "mean_norm": 51.10987091064453,
        "mean_projection": 0.14293813705444336,
        "n": 1
      },
      "terse_no_explain|record_value_object_relation|L21": {
        "mean_n_tokens": 16.0,
        "mean_norm": 53.30385971069336,
        "mean_projection": 0.4819447994232178,
        "n": 1
      },
      "terse_no_explain|record_value_object_relation|L22": {
        "mean_n_tokens": 16.0,
        "mean_norm": 56.70340347290039,
        "mean_projection": 0.2800367772579193,
        "n": 1
      },
      "terse_no_explain|record_value_object_relation|L23": {
        "mean_n_tokens": 16.0,
        "mean_norm": 66.91567993164062,
        "mean_projection": 0.6092708110809326,
        "n": 1
      },
      "terse_no_explain|record_value_object_relation|L24": {
        "mean_n_tokens": 16.0,
        "mean_norm": 90.51908111572266,
        "mean_projection": 1.7838032245635986,
        "n": 1
      },
      "terse_no_explain|record_value_object_relation|L25": {
        "mean_n_tokens": 16.0,
        "mean_norm": 106.14496612548828,
        "mean_projection": 2.3370437622070312,
        "n": 1
      },
      "terse_no_explain|record_value_object_relation|L26": {
        "mean_n_tokens": 16.0,
        "mean_norm": 129.57997131347656,
        "mean_projection": 3.5493674278259277,
        "n": 1
      },
      "terse_no_explain|record_value_object_relation|L27": {
        "mean_n_tokens": 16.0,
        "mean_norm": 148.83929443359375,
        "mean_projection": 4.05149507522583,
        "n": 1
      },
      "terse_no_explain|record_value_object_relation|L28": {
        "mean_n_tokens": 16.0,
        "mean_norm": 176.40008544921875,
        "mean_projection": 4.554609775543213,
        "n": 1
      },
      "terse_no_explain|record_value_object_relation|L29": {
        "mean_n_tokens": 16.0,
        "mean_norm": 209.11399841308594,
        "mean_projection": 5.5322747230529785,
        "n": 1
      },
      "terse_no_explain|record_value_object_relation|L3": {
        "mean_n_tokens": 16.0,
        "mean_norm": 11.829646110534668,
        "mean_projection": -0.37384194135665894,
        "n": 1
      },
      "terse_no_explain|record_value_object_relation|L30": {
        "mean_n_tokens": 16.0,
        "mean_norm": 256.60076904296875,
        "mean_projection": 7.940127372741699,
        "n": 1
      },
      "terse_no_explain|record_value_object_relation|L31": {
        "mean_n_tokens": 16.0,
        "mean_norm": 300.8960876464844,
        "mean_projection": 9.232084274291992,
        "n": 1
      },
      "terse_no_explain|record_value_object_relation|L32": {
        "mean_n_tokens": 16.0,
        "mean_norm": 344.0543212890625,
        "mean_projection": 10.688447952270508,
        "n": 1
      },
      "terse_no_explain|record_value_object_relation|L33": {
        "mean_n_tokens": 16.0,
        "mean_norm": 386.26727294921875,
        "mean_projection": 9.453020095825195,
        "n": 1
      },
      "terse_no_explain|record_value_object_relation|L34": {
        "mean_n_tokens": 16.0,
        "mean_norm": 552.4645385742188,
        "mean_projection": 19.28878402709961,
        "n": 1
      },
      "terse_no_explain|record_value_object_relation|L35": {
        "mean_n_tokens": 16.0,
        "mean_norm": 851.3279418945312,
        "mean_projection": -1.6493682861328125,
        "n": 1
      },
      "terse_no_explain|record_value_object_relation|L4": {
        "mean_n_tokens": 16.0,
        "mean_norm": 16.72176742553711,
        "mean_projection": -0.5602192282676697,
        "n": 1
      },
      "terse_no_explain|record_value_object_relation|L5": {
        "mean_n_tokens": 16.0,
        "mean_norm": 22.53000259399414,
        "mean_projection": -0.6182606220245361,
        "n": 1
      },
      "terse_no_explain|record_value_object_relation|L6": {
        "mean_n_tokens": 16.0,
        "mean_norm": 22.438098907470703,
        "mean_projection": -0.6219459176063538,
        "n": 1
      },
      "terse_no_explain|record_value_object_relation|L7": {
        "mean_n_tokens": 16.0,
        "mean_norm": 23.176286697387695,
        "mean_projection": -0.5436059832572937,
        "n": 1
      },
      "terse_no_explain|record_value_object_relation|L8": {
        "mean_n_tokens": 16.0,
        "mean_norm": 22.296361923217773,
        "mean_projection": -0.36413338780403137,
        "n": 1
      },
      "terse_no_explain|record_value_object_relation|L9": {
        "mean_n_tokens": 16.0,
        "mean_norm": 22.43931770324707,
        "mean_projection": -0.5351932644844055,
        "n": 1
      },
      "terse_no_explain|record_without_target_value|L0": {
        "mean_n_tokens": 25.0,
        "mean_norm": 5.692488670349121,
        "mean_projection": -0.29859659075737,
        "n": 1
      },
      "terse_no_explain|record_without_target_value|L1": {
        "mean_n_tokens": 25.0,
        "mean_norm": 8.426285743713379,
        "mean_projection": -0.3368369936943054,
        "n": 1
      },
      "terse_no_explain|record_without_target_value|L10": {
        "mean_n_tokens": 25.0,
        "mean_norm": 398.01336669921875,
        "mean_projection": 13.122281074523926,
        "n": 1
      },
      "terse_no_explain|record_without_target_value|L11": {
        "mean_n_tokens": 25.0,
        "mean_norm": 399.9754943847656,
        "mean_projection": 13.185400009155273,
        "n": 1
      },
      "terse_no_explain|record_without_target_value|L12": {
        "mean_n_tokens": 25.0,
        "mean_norm": 401.8196716308594,
        "mean_projection": 13.123369216918945,
        "n": 1
      },
      "terse_no_explain|record_without_target_value|L13": {
        "mean_n_tokens": 25.0,
        "mean_norm": 403.6408996582031,
        "mean_projection": 13.036589622497559,
        "n": 1
      },
      "terse_no_explain|record_without_target_value|L14": {
        "mean_n_tokens": 25.0,
        "mean_norm": 403.5941162109375,
        "mean_projection": 13.102972984313965,
        "n": 1
      },
      "terse_no_explain|record_without_target_value|L15": {
        "mean_n_tokens": 25.0,
        "mean_norm": 403.75030517578125,
        "mean_projection": 13.18875503540039,
        "n": 1
      },
      "terse_no_explain|record_without_target_value|L16": {
        "mean_n_tokens": 25.0,
        "mean_norm": 417.3232116699219,
        "mean_projection": 13.486279487609863,
        "n": 1
      },
      "terse_no_explain|record_without_target_value|L17": {
        "mean_n_tokens": 25.0,
        "mean_norm": 419.3331298828125,
        "mean_projection": 13.698704719543457,
        "n": 1
      },
      "terse_no_explain|record_without_target_value|L18": {
        "mean_n_tokens": 25.0,
        "mean_norm": 421.2781677246094,
        "mean_projection": 13.725723266601562,
        "n": 1
      },
      "terse_no_explain|record_without_target_value|L19": {
        "mean_n_tokens": 25.0,
        "mean_norm": 425.4700622558594,
        "mean_projection": 13.985466957092285,
        "n": 1
      },
      "terse_no_explain|record_without_target_value|L2": {
        "mean_n_tokens": 25.0,
        "mean_norm": 10.005172729492188,
        "mean_projection": -0.36169180274009705,
        "n": 1
      },
      "terse_no_explain|record_without_target_value|L20": {
        "mean_n_tokens": 25.0,
        "mean_norm": 427.3848876953125,
        "mean_projection": 13.889115333557129,
        "n": 1
      },
      "terse_no_explain|record_without_target_value|L21": {
        "mean_n_tokens": 25.0,
        "mean_norm": 429.3331604003906,
        "mean_projection": 14.101699829101562,
        "n": 1
      },
      "terse_no_explain|record_without_target_value|L22": {
        "mean_n_tokens": 25.0,
        "mean_norm": 429.4969482421875,
        "mean_projection": 13.884908676147461,
        "n": 1
      },
      "terse_no_explain|record_without_target_value|L23": {
        "mean_n_tokens": 25.0,
        "mean_norm": 435.8804016113281,
        "mean_projection": 14.124007225036621,
        "n": 1
      },
      "terse_no_explain|record_without_target_value|L24": {
        "mean_n_tokens": 25.0,
        "mean_norm": 454.37481689453125,
        "mean_projection": 15.060050010681152,
        "n": 1
      },
      "terse_no_explain|record_without_target_value|L25": {
        "mean_n_tokens": 25.0,
        "mean_norm": 465.095703125,
        "mean_projection": 15.184212684631348,
        "n": 1
      },
      "terse_no_explain|record_without_target_value|L26": {
        "mean_n_tokens": 25.0,
        "mean_norm": 482.21356201171875,
        "mean_projection": 16.229991912841797,
        "n": 1
      },
      "terse_no_explain|record_without_target_value|L27": {
        "mean_n_tokens": 25.0,
        "mean_norm": 497.6083984375,
        "mean_projection": 16.882617950439453,
        "n": 1
      },
      "terse_no_explain|record_without_target_value|L28": {
        "mean_n_tokens": 25.0,
        "mean_norm": 520.0015258789062,
        "mean_projection": 17.325098037719727,
        "n": 1
      },
      "terse_no_explain|record_without_target_value|L29": {
        "mean_n_tokens": 25.0,
        "mean_norm": 550.31103515625,
        "mean_projection": 18.102548599243164,
        "n": 1
      },
      "terse_no_explain|record_without_target_value|L3": {
        "mean_n_tokens": 25.0,
        "mean_norm": 11.817604064941406,
        "mean_projection": -0.4138573110103607,
        "n": 1
      },
      "terse_no_explain|record_without_target_value|L30": {
        "mean_n_tokens": 25.0,
        "mean_norm": 589.245849609375,
        "mean_projection": 20.622764587402344,
        "n": 1
      },
      "terse_no_explain|record_without_target_value|L31": {
        "mean_n_tokens": 25.0,
        "mean_norm": 630.1380615234375,
        "mean_projection": 21.079612731933594,
        "n": 1
      },
      "terse_no_explain|record_without_target_value|L32": {
        "mean_n_tokens": 25.0,
        "mean_norm": 663.4407348632812,
        "mean_projection": 23.02259635925293,
        "n": 1
      },
      "terse_no_explain|record_without_target_value|L33": {
        "mean_n_tokens": 25.0,
        "mean_norm": 704.123779296875,
        "mean_projection": 22.664649963378906,
        "n": 1
      },
      "terse_no_explain|record_without_target_value|L34": {
        "mean_n_tokens": 25.0,
        "mean_norm": 788.6282348632812,
        "mean_projection": 28.400503158569336,
        "n": 1
      },
      "terse_no_explain|record_without_target_value|L35": {
        "mean_n_tokens": 25.0,
        "mean_norm": 835.1123657226562,
        "mean_projection": 3.120356559753418,
        "n": 1
      },
      "terse_no_explain|record_without_target_value|L4": {
        "mean_n_tokens": 25.0,
        "mean_norm": 16.680816650390625,
        "mean_projection": -0.561837911605835,
        "n": 1
      },
      "terse_no_explain|record_without_target_value|L5": {
        "mean_n_tokens": 25.0,
        "mean_norm": 21.329607009887695,
        "mean_projection": -0.6208211183547974,
        "n": 1
      },
      "terse_no_explain|record_without_target_value|L6": {
        "mean_n_tokens": 25.0,
        "mean_norm": 393.75372314453125,
        "mean_projection": 13.04346752166748,
        "n": 1
      },
      "terse_no_explain|record_without_target_value|L7": {
        "mean_n_tokens": 25.0,
        "mean_norm": 395.703125,
        "mean_projection": 13.30447006225586,
        "n": 1
      },
      "terse_no_explain|record_without_target_value|L8": {
        "mean_n_tokens": 25.0,
        "mean_norm": 393.8942565917969,
        "mean_projection": 13.234902381896973,
        "n": 1
      },
      "terse_no_explain|record_without_target_value|L9": {
        "mean_n_tokens": 25.0,
        "mean_norm": 396.0982971191406,
        "mean_projection": 13.202841758728027,
        "n": 1
      },
      "terse_no_explain|relation|L0": {
        "mean_n_tokens": 2.0,
        "mean_norm": 8.468782424926758,
        "mean_projection": -0.09784245491027832,
        "n": 1
      },
      "terse_no_explain|relation|L1": {
        "mean_n_tokens": 2.0,
        "mean_norm": 11.227346420288086,
        "mean_projection": -0.15696650743484497,
        "n": 1
      },
      "terse_no_explain|relation|L10": {
        "mean_n_tokens": 2.0,
        "mean_norm": 37.27626037597656,
        "mean_projection": 0.40772745013237,
        "n": 1
      },
      "terse_no_explain|relation|L11": {
        "mean_n_tokens": 2.0,
        "mean_norm": 39.95205307006836,
        "mean_projection": 0.36969202756881714,
        "n": 1
      },
      "terse_no_explain|relation|L12": {
        "mean_n_tokens": 2.0,
        "mean_norm": 42.37857437133789,
        "mean_projection": 0.08150818943977356,
        "n": 1
      },
      "terse_no_explain|relation|L13": {
        "mean_n_tokens": 2.0,
        "mean_norm": 44.36403274536133,
        "mean_projection": 0.1482928842306137,
        "n": 1
      },
      "terse_no_explain|relation|L14": {
        "mean_n_tokens": 2.0,
        "mean_norm": 45.35646438598633,
        "mean_projection": 0.2330782115459442,
        "n": 1
      },
      "terse_no_explain|relation|L15": {
        "mean_n_tokens": 2.0,
        "mean_norm": 47.2472038269043,
        "mean_projection": 0.257409006357193,
        "n": 1
      },
      "terse_no_explain|relation|L16": {
        "mean_n_tokens": 2.0,
        "mean_norm": 49.991092681884766,
        "mean_projection": 0.026123523712158203,
        "n": 1
      },
      "terse_no_explain|relation|L17": {
        "mean_n_tokens": 2.0,
        "mean_norm": 51.4885368347168,
        "mean_projection": 0.1209326907992363,
        "n": 1
      },
      "terse_no_explain|relation|L18": {
        "mean_n_tokens": 2.0,
        "mean_norm": 56.80210494995117,
        "mean_projection": 0.24593862891197205,
        "n": 1
      },
      "terse_no_explain|relation|L19": {
        "mean_n_tokens": 2.0,
        "mean_norm": 63.834571838378906,
        "mean_projection": 0.7509423494338989,
        "n": 1
      },
      "terse_no_explain|relation|L2": {
        "mean_n_tokens": 2.0,
        "mean_norm": 12.856833457946777,
        "mean_projection": -0.2309844046831131,
        "n": 1
      },
      "terse_no_explain|relation|L20": {
        "mean_n_tokens": 2.0,
        "mean_norm": 65.82492065429688,
        "mean_projection": 0.6879901885986328,
        "n": 1
      },
      "terse_no_explain|relation|L21": {
        "mean_n_tokens": 2.0,
        "mean_norm": 69.3130874633789,
        "mean_projection": 1.0416114330291748,
        "n": 1
      },
      "terse_no_explain|relation|L22": {
        "mean_n_tokens": 2.0,
        "mean_norm": 75.77120971679688,
        "mean_projection": 0.947442352771759,
        "n": 1
      },
      "terse_no_explain|relation|L23": {
        "mean_n_tokens": 2.0,
        "mean_norm": 92.1523208618164,
        "mean_projection": 2.1516306400299072,
        "n": 1
      },
      "terse_no_explain|relation|L24": {
        "mean_n_tokens": 2.0,
        "mean_norm": 112.34869384765625,
        "mean_projection": 3.0300254821777344,
        "n": 1
      },
      "terse_no_explain|relation|L25": {
        "mean_n_tokens": 2.0,
        "mean_norm": 133.12173461914062,
        "mean_projection": 4.130420207977295,
        "n": 1
      },
      "terse_no_explain|relation|L26": {
        "mean_n_tokens": 2.0,
        "mean_norm": 157.64662170410156,
        "mean_projection": 5.36314058303833,
        "n": 1
      },
      "terse_no_explain|relation|L27": {
        "mean_n_tokens": 2.0,
        "mean_norm": 178.35272216796875,
        "mean_projection": 5.8055500984191895,
        "n": 1
      },
      "terse_no_explain|relation|L28": {
        "mean_n_tokens": 2.0,
        "mean_norm": 213.62977600097656,
        "mean_projection": 7.737868785858154,
        "n": 1
      },
      "terse_no_explain|relation|L29": {
        "mean_n_tokens": 2.0,
        "mean_norm": 245.05699157714844,
        "mean_projection": 8.871548652648926,
        "n": 1
      },
      "terse_no_explain|relation|L3": {
        "mean_n_tokens": 2.0,
        "mean_norm": 15.47572135925293,
        "mean_projection": -0.23004698753356934,
        "n": 1
      },
      "terse_no_explain|relation|L30": {
        "mean_n_tokens": 2.0,
        "mean_norm": 295.4944152832031,
        "mean_projection": 11.587164878845215,
        "n": 1
      },
      "terse_no_explain|relation|L31": {
        "mean_n_tokens": 2.0,
        "mean_norm": 339.8363037109375,
        "mean_projection": 11.662174224853516,
        "n": 1
      },
      "terse_no_explain|relation|L32": {
        "mean_n_tokens": 2.0,
        "mean_norm": 382.2282409667969,
        "mean_projection": 13.822787284851074,
        "n": 1
      },
      "terse_no_explain|relation|L33": {
        "mean_n_tokens": 2.0,
        "mean_norm": 430.4488830566406,
        "mean_projection": 12.99140739440918,
        "n": 1
      },
      "terse_no_explain|relation|L34": {
        "mean_n_tokens": 2.0,
        "mean_norm": 581.9833374023438,
        "mean_projection": 18.66421890258789,
        "n": 1
      },
      "terse_no_explain|relation|L35": {
        "mean_n_tokens": 2.0,
        "mean_norm": 666.0431518554688,
        "mean_projection": -1.358454942703247,
        "n": 1
      },
      "terse_no_explain|relation|L4": {
        "mean_n_tokens": 2.0,
        "mean_norm": 20.89794921875,
        "mean_projection": -0.04234796017408371,
        "n": 1
      },
      "terse_no_explain|relation|L5": {
        "mean_n_tokens": 2.0,
        "mean_norm": 29.65826416015625,
        "mean_projection": 0.060018256306648254,
        "n": 1
      },
      "terse_no_explain|relation|L6": {
        "mean_n_tokens": 2.0,
        "mean_norm": 32.56819152832031,
        "mean_projection": -0.002153247594833374,
        "n": 1
      },
      "terse_no_explain|relation|L7": {
        "mean_n_tokens": 2.0,
        "mean_norm": 33.219444274902344,
        "mean_projection": 0.028439968824386597,
        "n": 1
      },
      "terse_no_explain|relation|L8": {
        "mean_n_tokens": 2.0,
        "mean_norm": 34.07809829711914,
        "mean_projection": 0.05424825847148895,
        "n": 1
      },
      "terse_no_explain|relation|L9": {
        "mean_n_tokens": 2.0,
        "mean_norm": 34.02303695678711,
        "mean_projection": 0.48112159967422485,
        "n": 1
      },
      "terse_no_explain|target_value|L0": {
        "mean_n_tokens": 7.0,
        "mean_norm": 6.139652252197266,
        "mean_projection": 0.0021744072437286377,
        "n": 1
      },
      "terse_no_explain|target_value|L1": {
        "mean_n_tokens": 7.0,
        "mean_norm": 7.950662136077881,
        "mean_projection": -0.02706645429134369,
        "n": 1
      },
      "terse_no_explain|target_value|L10": {
        "mean_n_tokens": 7.0,
        "mean_norm": 30.48323631286621,
        "mean_projection": 0.022288143634796143,
        "n": 1
      },
      "terse_no_explain|target_value|L11": {
        "mean_n_tokens": 7.0,
        "mean_norm": 32.053611755371094,
        "mean_projection": 0.08554162085056305,
        "n": 1
      },
      "terse_no_explain|target_value|L12": {
        "mean_n_tokens": 7.0,
        "mean_norm": 36.00069808959961,
        "mean_projection": 0.08816081285476685,
        "n": 1
      },
      "terse_no_explain|target_value|L13": {
        "mean_n_tokens": 7.0,
        "mean_norm": 35.04373550415039,
        "mean_projection": -0.1851591169834137,
        "n": 1
      },
      "terse_no_explain|target_value|L14": {
        "mean_n_tokens": 7.0,
        "mean_norm": 37.66331481933594,
        "mean_projection": -0.07116454839706421,
        "n": 1
      },
      "terse_no_explain|target_value|L15": {
        "mean_n_tokens": 7.0,
        "mean_norm": 39.600685119628906,
        "mean_projection": 0.24209967255592346,
        "n": 1
      },
      "terse_no_explain|target_value|L16": {
        "mean_n_tokens": 7.0,
        "mean_norm": 41.30897903442383,
        "mean_projection": 0.4349094033241272,
        "n": 1
      },
      "terse_no_explain|target_value|L17": {
        "mean_n_tokens": 7.0,
        "mean_norm": 43.775150299072266,
        "mean_projection": 0.6349717378616333,
        "n": 1
      },
      "terse_no_explain|target_value|L18": {
        "mean_n_tokens": 7.0,
        "mean_norm": 48.05023193359375,
        "mean_projection": 0.8824464082717896,
        "n": 1
      },
      "terse_no_explain|target_value|L19": {
        "mean_n_tokens": 7.0,
        "mean_norm": 54.10772705078125,
        "mean_projection": 1.697009563446045,
        "n": 1
      },
      "terse_no_explain|target_value|L2": {
        "mean_n_tokens": 7.0,
        "mean_norm": 9.751364707946777,
        "mean_projection": 0.032733336091041565,
        "n": 1
      },
      "terse_no_explain|target_value|L20": {
        "mean_n_tokens": 7.0,
        "mean_norm": 56.83853530883789,
        "mean_projection": 1.7413249015808105,
        "n": 1
      },
      "terse_no_explain|target_value|L21": {
        "mean_n_tokens": 7.0,
        "mean_norm": 59.17686462402344,
        "mean_projection": 1.965025544166565,
        "n": 1
      },
      "terse_no_explain|target_value|L22": {
        "mean_n_tokens": 7.0,
        "mean_norm": 65.3662109375,
        "mean_projection": 1.6816463470458984,
        "n": 1
      },
      "terse_no_explain|target_value|L23": {
        "mean_n_tokens": 7.0,
        "mean_norm": 79.25867462158203,
        "mean_projection": 2.3678629398345947,
        "n": 1
      },
      "terse_no_explain|target_value|L24": {
        "mean_n_tokens": 7.0,
        "mean_norm": 102.15714263916016,
        "mean_projection": 3.895922899246216,
        "n": 1
      },
      "terse_no_explain|target_value|L25": {
        "mean_n_tokens": 7.0,
        "mean_norm": 117.6807861328125,
        "mean_projection": 4.514106750488281,
        "n": 1
      },
      "terse_no_explain|target_value|L26": {
        "mean_n_tokens": 7.0,
        "mean_norm": 139.2674102783203,
        "mean_projection": 5.510743618011475,
        "n": 1
      },
      "terse_no_explain|target_value|L27": {
        "mean_n_tokens": 7.0,
        "mean_norm": 158.67349243164062,
        "mean_projection": 5.885432243347168,
        "n": 1
      },
      "terse_no_explain|target_value|L28": {
        "mean_n_tokens": 7.0,
        "mean_norm": 187.8257293701172,
        "mean_projection": 6.840957164764404,
        "n": 1
      },
      "terse_no_explain|target_value|L29": {
        "mean_n_tokens": 7.0,
        "mean_norm": 217.93209838867188,
        "mean_projection": 8.477131843566895,
        "n": 1
      },
      "terse_no_explain|target_value|L3": {
        "mean_n_tokens": 7.0,
        "mean_norm": 11.316784858703613,
        "mean_projection": -0.07318580150604248,
        "n": 1
      },
      "terse_no_explain|target_value|L30": {
        "mean_n_tokens": 7.0,
        "mean_norm": 260.4008483886719,
        "mean_projection": 10.80240249633789,
        "n": 1
      },
      "terse_no_explain|target_value|L31": {
        "mean_n_tokens": 7.0,
        "mean_norm": 305.3458557128906,
        "mean_projection": 12.814813613891602,
        "n": 1
      },
      "terse_no_explain|target_value|L32": {
        "mean_n_tokens": 7.0,
        "mean_norm": 353.4764404296875,
        "mean_projection": 14.933566093444824,
        "n": 1
      },
      "terse_no_explain|target_value|L33": {
        "mean_n_tokens": 7.0,
        "mean_norm": 398.06683349609375,
        "mean_projection": 12.706043243408203,
        "n": 1
      },
      "terse_no_explain|target_value|L34": {
        "mean_n_tokens": 7.0,
        "mean_norm": 577.0623168945312,
        "mean_projection": 27.832332611083984,
        "n": 1
      },
      "terse_no_explain|target_value|L35": {
        "mean_n_tokens": 7.0,
        "mean_norm": 971.4793701171875,
        "mean_projection": -3.888861656188965,
        "n": 1
      },
      "terse_no_explain|target_value|L4": {
        "mean_n_tokens": 7.0,
        "mean_norm": 17.631189346313477,
        "mean_projection": -0.09524934738874435,
        "n": 1
      },
      "terse_no_explain|target_value|L5": {
        "mean_n_tokens": 7.0,
        "mean_norm": 25.28961753845215,
        "mean_projection": -0.10340852290391922,
        "n": 1
      },
      "terse_no_explain|target_value|L6": {
        "mean_n_tokens": 7.0,
        "mean_norm": 25.804128646850586,
        "mean_projection": -0.1110265776515007,
        "n": 1
      },
      "terse_no_explain|target_value|L7": {
        "mean_n_tokens": 7.0,
        "mean_norm": 27.227327346801758,
        "mean_projection": -0.14134839177131653,
        "n": 1
      },
      "terse_no_explain|target_value|L8": {
        "mean_n_tokens": 7.0,
        "mean_norm": 27.18214988708496,
        "mean_projection": 0.14947229623794556,
        "n": 1
      },
      "terse_no_explain|target_value|L9": {
        "mean_n_tokens": 7.0,
        "mean_norm": 27.572071075439453,
        "mean_projection": -0.1583697348833084,
        "n": 1
      }
    },
    "final_summary": {
      "short_only": {
        "best_other_route_counts": {
          "continuation": 1
        },
        "mean_expected_rank": 2.0,
        "mean_pmv": -1.375,
        "n": 1,
        "top1_rate": 0.0
      },
      "terse_no_explain": {
        "best_other_route_counts": {
          "continuation": 1
        },
        "mean_expected_rank": 1.0,
        "mean_pmv": -5.375,
        "n": 1,
        "top1_rate": 1.0
      }
    },
    "model": "qwen3",
    "n_paired_cases": 1,
    "n_rows": 576,
    "peaks": [
      {
        "final_layer": 35,
        "final_projection": -3.888861656188965,
        "first_positive_layer": 0,
        "first_positive_projection": 0.0021744072437286377,
        "group": "target_value",
        "peak_layer": 34,
        "peak_projection": 27.832332611083984,
        "variant": "short_only"
      },
      {
        "final_layer": 35,
        "final_projection": -1.153829574584961,
        "first_positive_layer": 5,
        "first_positive_projection": 0.060018256306648254,
        "group": "relation",
        "peak_layer": 34,
        "peak_projection": 18.752944946289062,
        "variant": "short_only"
      },
      {
        "final_layer": 35,
        "final_projection": 1.66937255859375,
        "first_positive_layer": 25,
        "first_positive_projection": 0.07001644372940063,
        "group": "object_name",
        "peak_layer": 34,
        "peak_projection": 13.433037757873535,
        "variant": "short_only"
      },
      {
        "final_layer": 35,
        "final_projection": 1.4236998558044434,
        "first_positive_layer": 6,
        "first_positive_projection": 10.175047874450684,
        "group": "record_line",
        "peak_layer": 34,
        "peak_projection": 28.201068878173828,
        "variant": "short_only"
      },
      {
        "final_layer": 35,
        "final_projection": 3.0216152667999268,
        "first_positive_layer": 6,
        "first_positive_projection": 13.043067932128906,
        "group": "record_without_target_value",
        "peak_layer": 34,
        "peak_projection": 28.355430603027344,
        "variant": "short_only"
      },
      {
        "final_layer": 35,
        "final_projection": -1.672088623046875,
        "first_positive_layer": 19,
        "first_positive_projection": 0.3097982406616211,
        "group": "record_value_object_relation",
        "peak_layer": 34,
        "peak_projection": 19.257734298706055,
        "variant": "short_only"
      },
      {
        "final_layer": 35,
        "final_projection": -7.600492477416992,
        "first_positive_layer": 20,
        "first_positive_projection": 0.4217808246612549,
        "group": "instruction_line",
        "peak_layer": 34,
        "peak_projection": 7.465607643127441,
        "variant": "short_only"
      },
      {
        "final_layer": 35,
        "final_projection": 5.6178436279296875,
        "first_positive_layer": 8,
        "first_positive_projection": 0.06678692996501923,
        "group": "answer_last",
        "peak_layer": 34,
        "peak_projection": 25.6101016998291,
        "variant": "short_only"
      },
      {
        "final_layer": 35,
        "final_projection": -3.888861656188965,
        "first_positive_layer": 0,
        "first_positive_projection": 0.0021744072437286377,
        "group": "target_value",
        "peak_layer": 34,
        "peak_projection": 27.832332611083984,
        "variant": "terse_no_explain"
      },
      {
        "final_layer": 35,
        "final_projection": -1.358454942703247,
        "first_positive_layer": 5,
        "first_positive_projection": 0.060018256306648254,
        "group": "relation",
        "peak_layer": 34,
        "peak_projection": 18.66421890258789,
        "variant": "terse_no_explain"
      },
      {
        "final_layer": 35,
        "final_projection": 1.7825480699539185,
        "first_positive_layer": 25,
        "first_positive_projection": 0.0631818175315857,
        "group": "object_name",
        "peak_layer": 34,
        "peak_projection": 13.523228645324707,
        "variant": "terse_no_explain"
      },
      {
        "final_layer": 35,
        "final_projection": 1.5084834098815918,
        "first_positive_layer": 6,
        "first_positive_projection": 10.17512035369873,
        "group": "record_line",
        "peak_layer": 34,
        "peak_projection": 28.238285064697266,
        "variant": "terse_no_explain"
      },
      {
        "final_layer": 35,
        "final_projection": 3.120356559753418,
        "first_positive_layer": 6,
        "first_positive_projection": 13.04346752166748,
        "group": "record_without_target_value",
        "peak_layer": 34,
        "peak_projection": 28.400503158569336,
        "variant": "terse_no_explain"
      },
      {
        "final_layer": 35,
        "final_projection": -1.6493682861328125,
        "first_positive_layer": 19,
        "first_positive_projection": 0.31171318888664246,
        "group": "record_value_object_relation",
        "peak_layer": 34,
        "peak_projection": 19.28878402709961,
        "variant": "terse_no_explain"
      },
      {
        "final_layer": 35,
        "final_projection": -8.943086624145508,
        "first_positive_layer": 18,
        "first_positive_projection": 0.032650426030159,
        "group": "instruction_line",
        "peak_layer": 34,
        "peak_projection": 7.743842124938965,
        "variant": "terse_no_explain"
      },
      {
        "final_layer": 35,
        "final_projection": 14.300741195678711,
        "first_positive_layer": 9,
        "first_positive_projection": 0.13646964728832245,
        "group": "answer_last",
        "peak_layer": 34,
        "peak_projection": 35.810768127441406,
        "variant": "terse_no_explain"
      }
    ]
  },
  "timestamp": "2026-06-26 15:42:37",
  "title": "Value Token Hidden-State Time-of-Entry Audit"
}
